"","year","DOY","evapotr_cm"
"1",1994,1,0.0296145518846104
"2",1994,2,0.0305893096118543
"3",1994,3,0.02678762462529
"4",1994,4,0.0285653080653307
"5",1994,5,0.0310489692735078
"6",1994,6,0.0218132762463186
"7",1994,7,0.00508198693627231
"8",1994,8,0.00393719482930299
"9",1994,9,0.00351974998598117
"10",1994,10,0.00314099499904801
"11",1994,11,0.00282806565039254
"12",1994,12,0.00282329900773922
"13",1994,13,0.00241541888624691
"14",1994,14,0.00236948153932778
"15",1994,15,0.0023878129570237
"16",1994,16,0.00231106995520134
"17",1994,17,0.00198895635662135
"18",1994,18,0.00207806931837488
"19",1994,19,0.00213875756026154
"20",1994,20,0.00209074137405798
"21",1994,21,0.0608947291092194
"22",1994,22,0.0390059087073657
"23",1994,23,0.0420123540627019
"24",1994,24,0.0474810844677092
"25",1994,25,0.0488451447346523
"26",1994,26,0.0443186080195348
"27",1994,27,0.0401030262293194
"28",1994,28,0.0377720592532643
"29",1994,29,0.0346656819662416
"30",1994,30,0.0355917300752495
"31",1994,31,0.0313337915744251
"32",1994,32,0.0340675823580991
"33",1994,33,0.0404326519307443
"34",1994,34,0.0509154869619856
"35",1994,35,0.055900194513948
"36",1994,36,0.0561647003217539
"37",1994,37,0.0584713355640343
"38",1994,38,0.0616805275686342
"39",1994,39,0.0198422791882982
"40",1994,40,0.081998586781852
"41",1994,41,0.0594003579967609
"42",1994,42,0.0633237148838895
"43",1994,43,0.063394064371202
"44",1994,44,0.0553094500947583
"45",1994,45,0.0622553427125336
"46",1994,46,0.0654438297775006
"47",1994,47,0.0124702658674623
"48",1994,48,0.00904581604760745
"49",1994,49,0.00782943628123095
"50",1994,50,0.00701483280775384
"51",1994,51,0.0060212218097286
"52",1994,52,0.00622838952583617
"53",1994,53,0.00544846131930706
"54",1994,54,0.00521785727889634
"55",1994,55,0.00583547304667148
"56",1994,56,0.00649490173410469
"57",1994,57,0.00638090402523341
"58",1994,58,0.00714168819264737
"59",1994,59,0.00725430939293061
"60",1994,60,0.00695064630023277
"61",1994,61,0.00730038741887415
"62",1994,62,0.00822546812390229
"63",1994,63,0.00946594796009337
"64",1994,64,0.00996969930318389
"65",1994,65,0.0102852230809737
"66",1994,66,0.0106277934919538
"67",1994,67,0.00996787036034285
"68",1994,68,0.00838998810489023
"69",1994,69,0.00925197926786113
"70",1994,70,0.0112876862765323
"71",1994,71,0.0114198453126573
"72",1994,72,0.0110949659562996
"73",1994,73,0.127095948473253
"74",1994,74,0.128932171557551
"75",1994,75,0.117823513118487
"76",1994,76,0.127473371465914
"77",1994,77,0.134851408211323
"78",1994,78,0.136171887695723
"79",1994,79,0.13389166824178
"80",1994,80,0.129992946775243
"81",1994,81,0.131050369793171
"82",1994,82,0.0407756400019339
"83",1994,83,0.0294623091032254
"84",1994,84,0.0285762134984121
"85",1994,85,0.0273230056173035
"86",1994,86,0.0230533231537515
"87",1994,87,0.0210211538394044
"88",1994,88,0.0237556477474115
"89",1994,89,0.0244279523459379
"90",1994,90,0.0261081047557426
"91",1994,91,0.029780305519168
"92",1994,92,0.0314646761474332
"93",1994,93,0.0303858478818597
"94",1994,94,0.0331453802135932
"95",1994,95,0.0333253786418674
"96",1994,96,0.0302396726141801
"97",1994,97,0.034496480475679
"98",1994,98,0.0369572450557388
"99",1994,99,0.0389538568411477
"100",1994,100,0.0394706143832303
"101",1994,101,0.0382080349717206
"102",1994,102,0.0388096338969319
"103",1994,103,0.0401656491437588
"104",1994,104,0.0447796797765022
"105",1994,105,0.0430343880355233
"106",1994,106,0.0410729461273541
"107",1994,107,0.04344229922732
"108",1994,108,0.0468386947664413
"109",1994,109,0.0501405761455371
"110",1994,110,0.051713716412259
"111",1994,111,0.0510357604963564
"112",1994,112,0.0491039337030643
"113",1994,113,0.0525059515706632
"114",1994,114,0.0526893345652936
"115",1994,115,0.0538464927332424
"116",1994,116,0.050526950790406
"117",1994,117,0.0445158760213132
"118",1994,118,0.041924288945247
"119",1994,119,0.0445320680163514
"120",1994,120,0.0429346896552138
"121",1994,121,0.0403960417584542
"122",1994,122,0.038484412473148
"123",1994,123,0.0394897511149356
"124",1994,124,0.0410058396341737
"125",1994,125,0.04321529863011
"126",1994,126,0.0397472396431687
"127",1994,127,0.0339260658239306
"128",1994,128,0.0332814134154215
"129",1994,129,0.0332349953376695
"130",1994,130,0.0338251405091126
"131",1994,131,0.0346982743647051
"132",1994,132,0.0335663025101204
"133",1994,133,0.0325174129048368
"134",1994,134,0.0334811226010485
"135",1994,135,0.0225749682138558
"136",1994,136,0.0200864292932197
"137",1994,137,0.02022794230695
"138",1994,138,0.341932071377192
"139",1994,139,0.333698426518798
"140",1994,140,0.340664734919121
"141",1994,141,0.339139314214124
"142",1994,142,0.33009493407946
"143",1994,143,0.31733376696381
"144",1994,144,0.32249806920847
"145",1994,145,0.32823978181076
"146",1994,146,0.323263124187528
"147",1994,147,0.167414898600553
"148",1994,148,0.171192144650041
"149",1994,149,0.179322550064946
"150",1994,150,0.179132387043627
"151",1994,151,0.182525670934314
"152",1994,152,0.177531246546707
"153",1994,153,0.380595554227595
"154",1994,154,0.262235281987908
"155",1994,155,0.151660044978667
"156",1994,156,0.126339547149181
"157",1994,157,0.115558739915548
"158",1994,158,0.0902262438763186
"159",1994,159,0.0850419675690041
"160",1994,160,0.0624143934301566
"161",1994,161,0.0583701815619982
"162",1994,162,0.0402025855799764
"163",1994,163,0.242335144939811
"164",1994,164,0.0346802123035871
"165",1994,165,0.0339404092480505
"166",1994,166,0.0335640803822815
"167",1994,167,0.032600965244827
"168",1994,168,0.0306528342671603
"169",1994,169,0.0282761446971528
"170",1994,170,0.0234978420118026
"171",1994,171,0.0143626772714965
"172",1994,172,0.0141759377120638
"173",1994,173,0.0142026025437581
"174",1994,174,0.0141852309809492
"175",1994,175,0.0140087927905622
"176",1994,176,0.0111960665313547
"177",1994,177,0.011239585481078
"178",1994,178,0.0110588948810061
"179",1994,179,0.0107230351753259
"180",1994,180,0.0104573981548666
"181",1994,181,0.0102025068054511
"182",1994,182,0.0098653801389836
"183",1994,183,0.00956069123676478
"184",1994,184,0.00916996798971836
"185",1994,185,0.00890709453815382
"186",1994,186,0.00848433144943607
"187",1994,187,0.00842568000531262
"188",1994,188,0.00831523735722835
"189",1994,189,0.0079592520885835
"190",1994,190,0.280526063571232
"191",1994,191,0.131741006866448
"192",1994,192,0.0104021583477397
"193",1994,193,0.0079153998083457
"194",1994,194,0.00225372274841952
"195",1994,195,0.00210187922964089
"196",1994,196,0.00209256311370496
"197",1994,197,0.00209147675409489
"198",1994,198,0.00209254571347213
"199",1994,199,0.00210169075038732
"200",1994,200,0.0020887545755177
"201",1994,201,0.00208103018615219
"202",1994,202,0.00201429383068547
"203",1994,203,0.00198615568048001
"204",1994,204,0.00196723618741874
"205",1994,205,0.00194269282653248
"206",1994,206,0.0019415116940957
"207",1994,207,0.00192163295457003
"208",1994,208,0.00181951118927421
"209",1994,209,0.0017477338445658
"210",1994,210,0.00172327860135316
"211",1994,211,0.00143840287753281
"212",1994,212,0.00138267246248729
"213",1994,213,0.00137175974309601
"214",1994,214,0.00136676394541953
"215",1994,215,0.00131321664572392
"216",1994,216,0.00127036470932464
"217",1994,217,0.00126228504986304
"218",1994,218,0.00129620535907003
"219",1994,219,0.00129816558322336
"220",1994,220,0.00127632201523411
"221",1994,221,0.00123992705514864
"222",1994,222,0.00117409807653876
"223",1994,223,0.00114123019413153
"224",1994,224,0.00115548671423566
"225",1994,225,0.00115163008977576
"226",1994,226,0.00111022589130816
"227",1994,227,0.00108812394554265
"228",1994,228,0.00108991151520033
"229",1994,229,0.00111582755761015
"230",1994,230,0.00110078468492822
"231",1994,231,0.00105430658996599
"232",1994,232,0.274447882010273
"233",1994,233,0.170350809263007
"234",1994,234,0.182462877120954
"235",1994,235,0.282339953348384
"236",1994,236,0.210901459964213
"237",1994,237,0.16575981015674
"238",1994,238,0.0173781523539455
"239",1994,239,0.0109436511080287
"240",1994,240,0.00875859688291814
"241",1994,241,0.00746290428675507
"242",1994,242,0.334725956646054
"243",1994,243,0.322158144313632
"244",1994,244,0.274706405016349
"245",1994,245,0.2787417613005
"246",1994,246,0.281758930774205
"247",1994,247,0.278691133994732
"248",1994,248,0.308694791096249
"249",1994,249,0.29585633530939
"250",1994,250,0.260572537051569
"251",1994,251,0.256266418351934
"252",1994,252,0.238080753697583
"253",1994,253,0.108346086936524
"254",1994,254,0.100298765399928
"255",1994,255,0.0948080518317532
"256",1994,256,0.260024909293236
"257",1994,257,0.222664196219899
"258",1994,258,0.211233421319037
"259",1994,259,0.178622156199179
"260",1994,260,0.0654933113608902
"261",1994,261,0.0482563231968245
"262",1994,262,0.0453582949643173
"263",1994,263,0.0444197430434144
"264",1994,264,0.0387461069638529
"265",1994,265,0.17073412377455
"266",1994,266,0.122174260832012
"267",1994,267,0.0278933576972607
"268",1994,268,0.0261804674041029
"269",1994,269,0.193470150780709
"270",1994,270,0.157231823831475
"271",1994,271,0.139891801885699
"272",1994,272,0.112651442488876
"273",1994,273,0.0114032267028131
"274",1994,274,0.0103165468955292
"275",1994,275,0.00955842496437467
"276",1994,276,0.00880716146279114
"277",1994,277,0.00697594283381361
"278",1994,278,0.0052087561578123
"279",1994,279,0.00470138886722974
"280",1994,280,0.137045865369507
"281",1994,281,0.0881823096059149
"282",1994,282,0.0805760439776495
"283",1994,283,0.0634336622940663
"284",1994,284,0.00586534035559328
"285",1994,285,0.0053599634019778
"286",1994,286,0.00460307487137688
"287",1994,287,0.120751561253806
"288",1994,288,0.0968087150158205
"289",1994,289,0.0993009235034949
"290",1994,290,0.0967852587639686
"291",1994,291,0.094753078585019
"292",1994,292,0.0954050193977329
"293",1994,293,0.0946417387764379
"294",1994,294,0.0891674349428958
"295",1994,295,0.0834259875809652
"296",1994,296,0.0679268308580184
"297",1994,297,0.0202033741301251
"298",1994,298,0.0166181780709591
"299",1994,299,0.089679661259579
"300",1994,300,0.0575055408366539
"301",1994,301,0.01733493644814
"302",1994,302,0.0164427498940942
"303",1994,303,0.0152538573196352
"304",1994,304,0.0132569845911564
"305",1994,305,0.0114054905642384
"306",1994,306,0.0102684623443764
"307",1994,307,0.00983627145545949
"308",1994,308,0.00900719591978767
"309",1994,309,0.00745484191022759
"310",1994,310,0.00794219810891579
"311",1994,311,0.00812234415996424
"312",1994,312,0.00767385673531439
"313",1994,313,0.00642408415724226
"314",1994,314,0.00600386074149872
"315",1994,315,0.0050693050775965
"316",1994,316,0.00419686330800201
"317",1994,317,0.00343838209870892
"318",1994,318,0.0028070905392526
"319",1994,319,0.00236924539290409
"320",1994,320,0.00180865930224828
"321",1994,321,0.00146456087864575
"322",1994,322,0.00134104543346603
"323",1994,323,0.00130003316656713
"324",1994,324,0.00111419903918495
"325",1994,325,0.00120291373345665
"326",1994,326,0.00115602118545984
"327",1994,327,0.000993679673278457
"328",1994,328,0.00106970502010604
"329",1994,329,0.00119853456389245
"330",1994,330,0.00114923338670808
"331",1994,331,0.00101416333655771
"332",1994,332,0.000774799350073937
"333",1994,333,0.000635186782582747
"334",1994,334,0.00064630945891563
"335",1994,335,0.000720260529279889
"336",1994,336,0.000784486729135853
"337",1994,337,0.000757628102002228
"338",1994,338,0.000804123790380655
"339",1994,339,0.000805853190882072
"340",1994,340,0.000806167992656702
"341",1994,341,0.000737531217576158
"342",1994,342,0.000693210164394975
"343",1994,343,0.000538163728005142
"344",1994,344,0.000479757559580948
"345",1994,345,0.000522042006317499
"346",1994,346,0.000583544227622279
"347",1994,347,0.000620080828670381
"348",1994,348,0.000600841599483056
"349",1994,349,0.000585054201318203
"350",1994,350,0.000299347058173897
"351",1994,351,0.000109781726733009
"352",1994,352,0.000113969329665228
"353",1994,353,0.000126453707389068
"354",1994,354,0.000111947546138338
"355",1994,355,0.000109365309824689
"356",1994,356,0.000108291017869674
"357",1994,357,0.0510525021517346
"358",1994,358,0.0248032668924235
"359",1994,359,0.0258242131339674
"360",1994,360,0.0519440127284922
"361",1994,361,0.0511337949418602
"362",1994,362,0.0521210363543125
"363",1994,363,0.0275227443760952
"364",1994,364,0.0273014213000274
"365",1994,365,0.0256694137545983
"366",1994,366,0.0340419097766222
"367",1995,1,0.023407602237583
"368",1995,2,0.0226702755573144
"369",1995,3,0.0238658504015155
"370",1995,4,0.0238296013131334
"371",1995,5,0.0272085439556821
"372",1995,6,0.0293773265217083
"373",1995,7,0.0314170279216224
"374",1995,8,0.0334471965738967
"375",1995,9,0.0362741954052989
"376",1995,10,0.0377148453584031
"377",1995,11,0.0368432746176589
"378",1995,12,0.0348784401634498
"379",1995,13,0.0329911674180284
"380",1995,14,0.0358307953493187
"381",1995,15,0.0396807423205562
"382",1995,16,0.0398151059620686
"383",1995,17,0.0336431602635922
"384",1995,18,0.0306500844252797
"385",1995,19,0.0311694842587907
"386",1995,20,0.0376274499719076
"387",1995,21,0.0369810075875114
"388",1995,22,0.0357906828291164
"389",1995,23,0.0348497420727086
"390",1995,24,0.0368053014684492
"391",1995,25,0.0324607981440224
"392",1995,26,0.0104123767867277
"393",1995,27,0.00694847874405495
"394",1995,28,0.00529118763454286
"395",1995,29,0.00421393490804894
"396",1995,30,0.0038985015114548
"397",1995,31,0.00413732319602807
"398",1995,32,0.00444893852361242
"399",1995,33,0.00428030402109195
"400",1995,34,0.00376982873990571
"401",1995,35,0.00348431913166799
"402",1995,36,0.00362879540472595
"403",1995,37,0.00355045059353571
"404",1995,38,0.00338288028977502
"405",1995,39,0.00304083780762635
"406",1995,40,0.00329139862444366
"407",1995,41,0.00338029641516343
"408",1995,42,0.00303362069365862
"409",1995,43,0.00277325399390861
"410",1995,44,0.00297491538394983
"411",1995,45,0.00318831126680958
"412",1995,46,0.0031131089450626
"413",1995,47,0.0963758037144656
"414",1995,48,0.0669674667791416
"415",1995,49,0.0726698179951359
"416",1995,50,0.0746214370082026
"417",1995,51,0.0786361391571522
"418",1995,52,0.0786356257830589
"419",1995,53,0.0866929563207725
"420",1995,54,0.0807987056313942
"421",1995,55,0.00901292709859331
"422",1995,56,0.00946941195908549
"423",1995,57,0.00859186583840421
"424",1995,58,0.00848482133460317
"425",1995,59,0.0078785795752927
"426",1995,60,0.00705372166674999
"427",1995,61,0.0072562091700605
"428",1995,62,0.0083090783360892
"429",1995,63,0.0095029285768697
"430",1995,64,0.00988469485100003
"431",1995,65,0.00975692879045163
"432",1995,66,0.102284459160382
"433",1995,67,0.0729072756877108
"434",1995,68,0.0232388529833146
"435",1995,69,0.0171758467377072
"436",1995,70,0.0163072158010502
"437",1995,71,0.135163392981417
"438",1995,72,0.0996111379704886
"439",1995,73,0.0192425214753374
"440",1995,74,0.0171585563133504
"441",1995,75,0.0168019389390662
"442",1995,76,0.017490979144765
"443",1995,77,0.0184369741096287
"444",1995,78,0.0172926698142913
"445",1995,79,0.0184242251062025
"446",1995,80,0.0182132429883282
"447",1995,81,0.0186572773948103
"448",1995,82,0.0184454540132287
"449",1995,83,0.0194160546268909
"450",1995,84,0.0179459545494542
"451",1995,85,0.0155003008561133
"452",1995,86,0.0150256913078135
"453",1995,87,0.0149449076406163
"454",1995,88,0.013937820114265
"455",1995,89,0.0134604204496952
"456",1995,90,0.0136631248471039
"457",1995,91,0.0145200739236449
"458",1995,92,0.0122744142764681
"459",1995,93,0.182787956406012
"460",1995,94,0.177238413270459
"461",1995,95,0.155906371526315
"462",1995,96,0.171322845475035
"463",1995,97,0.182082685828689
"464",1995,98,0.188723453568537
"465",1995,99,0.182674655485957
"466",1995,100,0.153174746759633
"467",1995,101,0.0397654143759513
"468",1995,102,0.0446463075138834
"469",1995,103,0.0477665551991324
"470",1995,104,0.0500349685088908
"471",1995,105,0.0507027731870887
"472",1995,106,0.0538131997969668
"473",1995,107,0.0539155490243578
"474",1995,108,0.0485063962621541
"475",1995,109,0.0509166341725952
"476",1995,110,0.0518655270191958
"477",1995,111,0.0555559868978131
"478",1995,112,0.0560078377500954
"479",1995,113,0.0522082004951088
"480",1995,114,0.0578084201909069
"481",1995,115,0.062701525136012
"482",1995,116,0.0635412412588809
"483",1995,117,0.0634809778373414
"484",1995,118,0.0636381803604405
"485",1995,119,0.0630346288628693
"486",1995,120,0.0653228374273384
"487",1995,121,0.0625375637257293
"488",1995,122,0.050323965827055
"489",1995,123,0.0506485673240402
"490",1995,124,0.0513740853109362
"491",1995,125,0.0475869323387859
"492",1995,126,0.0399306574906848
"493",1995,127,0.0396450306121865
"494",1995,128,0.0357939555757811
"495",1995,129,0.0368502672712792
"496",1995,130,0.02806609068097
"497",1995,131,0.0290717801974195
"498",1995,132,0.0289922981780656
"499",1995,133,0.0295239797707377
"500",1995,134,0.0202446371006942
"501",1995,135,0.0151744777258608
"502",1995,136,0.0145556155560191
"503",1995,137,0.0136901774026467
"504",1995,138,0.0134119782217103
"505",1995,139,0.0135355946365627
"506",1995,140,0.0140750999295367
"507",1995,141,0.0133955181655664
"508",1995,142,0.00682299950945563
"509",1995,143,0.0068275016979153
"510",1995,144,0.00640321685434216
"511",1995,145,0.30832148357586
"512",1995,146,0.346251137952816
"513",1995,147,0.325755548251611
"514",1995,148,0.328998533763515
"515",1995,149,0.286248044232701
"516",1995,150,0.0357382914450772
"517",1995,151,0.0221527106796416
"518",1995,152,0.00667711838988487
"519",1995,153,0.00662504978798071
"520",1995,154,0.00596646653588804
"521",1995,155,0.00351205713879143
"522",1995,156,0.00351368796032514
"523",1995,157,0.00357772517378495
"524",1995,158,0.00356763268500033
"525",1995,159,0.00352395899340663
"526",1995,160,0.00349700356169162
"527",1995,161,0.00339745599131365
"528",1995,162,0.0031070886409248
"529",1995,163,0.00306843891692809
"530",1995,164,0.00298435645465365
"531",1995,165,0.0030795162345325
"532",1995,166,0.00303160827839002
"533",1995,167,0.0030544208301428
"534",1995,168,0.0029849832703229
"535",1995,169,0.00293157561652828
"536",1995,170,0.00295472468159688
"537",1995,171,0.00291836673571227
"538",1995,172,0.326875037549164
"539",1995,173,0.333479670946178
"540",1995,174,0.384079929901593
"541",1995,175,0.264632885022943
"542",1995,176,0.332361180439317
"543",1995,177,0.40987579175942
"544",1995,178,0.378383655250462
"545",1995,179,0.389601737676133
"546",1995,180,0.321161364792961
"547",1995,181,0.0512480142991651
"548",1995,182,0.277870537959207
"549",1995,183,0.166078835515536
"550",1995,184,0.00310159889919812
"551",1995,185,0.00309565644025351
"552",1995,186,0.00308829024723908
"553",1995,187,0.0030596795103123
"554",1995,188,0.00293929067650251
"555",1995,189,0.00295961058300104
"556",1995,190,0.00298212015347875
"557",1995,191,0.00295074038530976
"558",1995,192,0.0029385774253083
"559",1995,193,0.00297110241890322
"560",1995,194,0.003005187033631
"561",1995,195,0.00293650144750282
"562",1995,196,0.00286872508973368
"563",1995,197,0.00280912557364735
"564",1995,198,0.00279809944866566
"565",1995,199,0.00278545362637567
"566",1995,200,0.00279657195123025
"567",1995,201,0.402621577729835
"568",1995,202,0.381796166160532
"569",1995,203,0.37327945722236
"570",1995,204,0.2679782141557
"571",1995,205,0.0286221258875837
"572",1995,206,0.00331693669769291
"573",1995,207,0.0032852375554376
"574",1995,208,0.00320831966515131
"575",1995,209,0.00312605445607332
"576",1995,210,0.00300052161895542
"577",1995,211,0.00291606766344288
"578",1995,212,0.00276693336523226
"579",1995,213,0.00263828732076798
"580",1995,214,0.00264402677066116
"581",1995,215,0.00269238452317944
"582",1995,216,0.00265502519849492
"583",1995,217,0.317024477702863
"584",1995,218,0.194227799632038
"585",1995,219,0.0160491779055038
"586",1995,220,0.0117622811158603
"587",1995,221,0.00971907858334227
"588",1995,222,0.00841117973468479
"589",1995,223,0.00761496120767596
"590",1995,224,0.00692441109835875
"591",1995,225,0.00648203025755842
"592",1995,226,0.374135003886845
"593",1995,227,0.391255722086389
"594",1995,228,0.389445959675985
"595",1995,229,0.393996777997818
"596",1995,230,0.358117475481198
"597",1995,231,0.346267329396037
"598",1995,232,0.341534637493663
"599",1995,233,0.333142498049153
"600",1995,234,0.188495806545112
"601",1995,235,0.178124697487822
"602",1995,236,0.171909239228544
"603",1995,237,0.167155752693385
"604",1995,238,0.161361915323733
"605",1995,239,0.153938176286906
"606",1995,240,0.135294692823701
"607",1995,241,0.124275028558006
"608",1995,242,0.0925534848717864
"609",1995,243,0.0831728372879918
"610",1995,244,0.0641511147905977
"611",1995,245,0.053431060841204
"612",1995,246,0.0508293435748029
"613",1995,247,0.0439083139859548
"614",1995,248,0.0341822441957379
"615",1995,249,0.0324600740872283
"616",1995,250,0.0239379757462647
"617",1995,251,0.289336310921348
"618",1995,252,0.285902747807748
"619",1995,253,0.273263044719365
"620",1995,254,0.236176295904229
"621",1995,255,0.238659028959537
"622",1995,256,0.251367958223113
"623",1995,257,0.235145128669114
"624",1995,258,0.247700925526175
"625",1995,259,0.254113508947693
"626",1995,260,0.248431492644541
"627",1995,261,0.21724239857773
"628",1995,262,0.236962468862592
"629",1995,263,0.227169721675668
"630",1995,264,0.175417188550935
"631",1995,265,0.178092121247456
"632",1995,266,0.164305220595654
"633",1995,267,0.179097416517879
"634",1995,268,0.176037651728438
"635",1995,269,0.177942576791624
"636",1995,270,0.181007904579585
"637",1995,271,0.17341862565543
"638",1995,272,0.0933586739201843
"639",1995,273,0.0641882972892219
"640",1995,274,0.183128647028001
"641",1995,275,0.174620893527499
"642",1995,276,0.139497306236482
"643",1995,277,0.139367801626873
"644",1995,278,0.127334863130588
"645",1995,279,0.120188335065605
"646",1995,280,0.125319398625191
"647",1995,281,0.131113413596625
"648",1995,282,0.12905086168092
"649",1995,283,0.121255959711003
"650",1995,284,0.113008122418405
"651",1995,285,0.0966958545164445
"652",1995,286,0.0348654734168965
"653",1995,287,0.0301525201347552
"654",1995,288,0.028879245181239
"655",1995,289,0.0283283463081865
"656",1995,290,0.0275470197348089
"657",1995,291,0.0262735872656384
"658",1995,292,0.0245206865287857
"659",1995,293,0.0212043482912095
"660",1995,294,0.0217585144949551
"661",1995,295,0.02148208388859
"662",1995,296,0.019301392322173
"663",1995,297,0.0180816037080873
"664",1995,298,0.0188729264017147
"665",1995,299,0.0179651846987541
"666",1995,300,0.0171579247739351
"667",1995,301,0.0162411602848677
"668",1995,302,0.0156925995610205
"669",1995,303,0.0994722312871998
"670",1995,304,0.0659729916407701
"671",1995,305,0.0621065571737965
"672",1995,306,0.057385402803947
"673",1995,307,0.0494837199904975
"674",1995,308,0.0523281469057616
"675",1995,309,0.0581193420742642
"676",1995,310,0.0594875700182946
"677",1995,311,0.0556822616251089
"678",1995,312,0.0542747411661186
"679",1995,313,0.0569166924919681
"680",1995,314,0.0531367541239363
"681",1995,315,0.0451887852443421
"682",1995,316,0.041884915423697
"683",1995,317,0.0164948201538674
"684",1995,318,0.0122489806360819
"685",1995,319,0.00693279744219113
"686",1995,320,0.066909909096627
"687",1995,321,0.0390051297043631
"688",1995,322,0.0388953448819426
"689",1995,323,0.039635332943846
"690",1995,324,0.0385854358426162
"691",1995,325,0.0374369749080931
"692",1995,326,0.0393613592837155
"693",1995,327,0.0373095953738923
"694",1995,328,0.0351403593576154
"695",1995,329,0.0380263384889443
"696",1995,330,0.0419748897295693
"697",1995,331,0.039628289183863
"698",1995,332,0.029426945860698
"699",1995,333,0.0311313393915996
"700",1995,334,0.0330843900710216
"701",1995,335,0.0352922142412269
"702",1995,336,0.0345665269804548
"703",1995,337,0.0345463302364871
"704",1995,338,0.0304284353687336
"705",1995,339,0.0154822743761746
"706",1995,340,0.00722077358730464
"707",1995,341,0.00530643445506056
"708",1995,342,0.00400494783822648
"709",1995,343,0.00306042009152365
"710",1995,344,0.00293111381128873
"711",1995,345,0.00311185697987337
"712",1995,346,0.00307227293457173
"713",1995,347,0.00303561994184716
"714",1995,348,0.00274001358542183
"715",1995,349,0.00212378850998784
"716",1995,350,0.00188331960930468
"717",1995,351,0.0508606193562692
"718",1995,352,0.0210222488167927
"719",1995,353,0.0201355920607913
"720",1995,354,0.0209168120031563
"721",1995,355,0.0219608291304791
"722",1995,356,0.020525980331451
"723",1995,357,0.0202757478758369
"724",1995,358,0.0221327082576703
"725",1995,359,0.0231679338867579
"726",1995,360,0.0247138606647044
"727",1995,361,0.0251140369162699
"728",1995,362,0.0248313933314147
"729",1995,363,0.02761872228028
"730",1995,364,0.0271966901282552
"731",1995,365,0.0280599145604522
"732",1996,1,0.0441315705370282
"733",1996,2,0.0264062177166515
"734",1996,3,0.0257141780569435
"735",1996,4,0.0366171292293246
"736",1996,5,0.0385803720699205
"737",1996,6,0.0320372092557534
"738",1996,7,0.0338959948859933
"739",1996,8,0.0259856394629459
"740",1996,9,0.032705524414601
"741",1996,10,0.0335286311186062
"742",1996,11,0.0327725717175341
"743",1996,12,0.0336531588119573
"744",1996,13,0.036196737982922
"745",1996,14,0.0385600640425609
"746",1996,15,0.0390951256283533
"747",1996,16,0.040780507224626
"748",1996,17,0.0419921750570265
"749",1996,18,0.0356601726191854
"750",1996,19,0.0354483125802456
"751",1996,20,0.0369669969859312
"752",1996,21,0.0373670003289225
"753",1996,22,0.0428517888552712
"754",1996,23,0.039080985308933
"755",1996,24,0.0368268676179454
"756",1996,25,0.0417051358786879
"757",1996,26,0.0431508635708192
"758",1996,27,0.0408535099693656
"759",1996,28,0.0411089353892943
"760",1996,29,0.010547561406751
"761",1996,30,0.00736989359995308
"762",1996,31,0.00548479293489605
"763",1996,32,0.073256749334371
"764",1996,33,0.0395337530769656
"765",1996,34,0.0414525521375878
"766",1996,35,0.0457617461065062
"767",1996,36,0.0559857241393173
"768",1996,37,0.0576290422711982
"769",1996,38,0.0213666404000625
"770",1996,39,0.00825462426899361
"771",1996,40,0.00651655859906606
"772",1996,41,0.00529176621346138
"773",1996,42,0.00409724638967082
"774",1996,43,0.00363220155871143
"775",1996,44,0.00397931466296891
"776",1996,45,0.0038708644606008
"777",1996,46,0.00351537224091571
"778",1996,47,0.00408136245497382
"779",1996,48,0.00439695220455275
"780",1996,49,0.00449504343249273
"781",1996,50,0.004903002686825
"782",1996,51,0.00542074725465071
"783",1996,52,0.00572442300047583
"784",1996,53,0.00597076042725225
"785",1996,54,0.00601142063331575
"786",1996,55,0.00616344807712583
"787",1996,56,0.00648481334803361
"788",1996,57,0.00698722656699043
"789",1996,58,0.00678672888788401
"790",1996,59,0.00637334887373821
"791",1996,60,0.00616250217969366
"792",1996,61,0.00655378461312465
"793",1996,62,0.00736156488813233
"794",1996,63,0.00838342494446291
"795",1996,64,0.00967369187347598
"796",1996,65,0.0100154727094511
"797",1996,66,0.0097020711857087
"798",1996,67,0.00765434182494817
"799",1996,68,0.00761795095046199
"800",1996,69,0.00906956536131664
"801",1996,70,0.0113174814015358
"802",1996,71,0.0132433635511662
"803",1996,72,0.0139153191244603
"804",1996,73,0.0143577877179217
"805",1996,74,0.0143148454375523
"806",1996,75,0.0139821581085201
"807",1996,76,0.0136316612498885
"808",1996,77,0.0143203787408439
"809",1996,78,0.0143971940222895
"810",1996,79,0.0141198153232312
"811",1996,80,0.0156872629955831
"812",1996,81,0.0182578282924634
"813",1996,82,0.019971993853929
"814",1996,83,0.0207352860396032
"815",1996,84,0.0208027477535113
"816",1996,85,0.0187236817882139
"817",1996,86,0.0175483594455891
"818",1996,87,0.0197463815614022
"819",1996,88,0.0235145257930881
"820",1996,89,0.0262144949909028
"821",1996,90,0.026810102354674
"822",1996,91,0.0262839490069083
"823",1996,92,0.0277007966227902
"824",1996,93,0.0300678716835228
"825",1996,94,0.0308126459276615
"826",1996,95,0.0311839104998788
"827",1996,96,0.14890025274273
"828",1996,97,0.128144089955056
"829",1996,98,0.14806656867945
"830",1996,99,0.163993613891195
"831",1996,100,0.0528771277135201
"832",1996,101,0.0511363839828828
"833",1996,102,0.0504428859627022
"834",1996,103,0.0478823546784581
"835",1996,104,0.0473519321516955
"836",1996,105,0.0473858379478065
"837",1996,106,0.0453693868606815
"838",1996,107,0.0494079439978191
"839",1996,108,0.0553240766350277
"840",1996,109,0.0585358616469876
"841",1996,110,0.0609774032648214
"842",1996,111,0.0602443795946425
"843",1996,112,0.0634929557569081
"844",1996,113,0.062286403527843
"845",1996,114,0.0642863942648142
"846",1996,115,0.0721040740561991
"847",1996,116,0.0754565410144897
"848",1996,117,0.0767873133100186
"849",1996,118,0.080059957779018
"850",1996,119,0.0821720519057882
"851",1996,120,0.0666419196757576
"852",1996,121,0.0766891705458127
"853",1996,122,0.0841554092906057
"854",1996,123,0.088028928543613
"855",1996,124,0.0919693365688709
"856",1996,125,0.0966084728673806
"857",1996,126,0.0982780174789308
"858",1996,127,0.100586564630154
"859",1996,128,0.0962669679603
"860",1996,129,0.0960285279536787
"861",1996,130,0.0881782528277865
"862",1996,131,0.0786715021639919
"863",1996,132,0.0772578555740004
"864",1996,133,0.0666492457307781
"865",1996,134,0.0631548075802954
"866",1996,135,0.0623957970009243
"867",1996,136,0.0526744881184393
"868",1996,137,0.0481544316346082
"869",1996,138,0.048701213171243
"870",1996,139,0.0484358615608854
"871",1996,140,0.0480304272709135
"872",1996,141,0.0476586988382875
"873",1996,142,0.0471573356075554
"874",1996,143,0.0275576897032152
"875",1996,144,0.0266217175372804
"876",1996,145,0.0263682084145884
"877",1996,146,0.025790999571898
"878",1996,147,0.0244427532290317
"879",1996,148,0.023782641568467
"880",1996,149,0.0248293390984331
"881",1996,150,0.0253503589713411
"882",1996,151,0.0257416616977721
"883",1996,152,0.0242909050967281
"884",1996,153,0.024133807369702
"885",1996,154,0.0237520943158825
"886",1996,155,0.0232500337454061
"887",1996,156,0.0233909101942337
"888",1996,157,0.0239229605135857
"889",1996,158,0.0155848974458443
"890",1996,159,0.0114091120781069
"891",1996,160,0.0113979970517795
"892",1996,161,0.0117393603392959
"893",1996,162,0.0118912598503522
"894",1996,163,0.0115847640750008
"895",1996,164,0.242483141820507
"896",1996,165,0.0214297193459526
"897",1996,166,0.0185199750607111
"898",1996,167,0.401034962054932
"899",1996,168,0.42139549704401
"900",1996,169,0.403599029415494
"901",1996,170,0.416090399991671
"902",1996,171,0.382464653222089
"903",1996,172,0.118425239356187
"904",1996,173,0.0346408079433451
"905",1996,174,0.266446407298793
"906",1996,175,0.421564437701024
"907",1996,176,0.323832959500896
"908",1996,177,0.223933354933376
"909",1996,178,0.0153072292539995
"910",1996,179,0.014458089156725
"911",1996,180,0.0139724853377323
"912",1996,181,0.0133334596417118
"913",1996,182,0.0127250321209427
"914",1996,183,0.0127270875848209
"915",1996,184,0.0123692593193252
"916",1996,185,0.0120867403116741
"917",1996,186,0.0116764887366749
"918",1996,187,0.010582622884582
"919",1996,188,0.00813223431524581
"920",1996,189,0.00805900892701961
"921",1996,190,0.00789474775801432
"922",1996,191,0.00759300285098431
"923",1996,192,0.00735290749598222
"924",1996,193,0.376486205533697
"925",1996,194,0.396486043552838
"926",1996,195,0.405928174208647
"927",1996,196,0.405974657890852
"928",1996,197,0.399128128314494
"929",1996,198,0.401286436252202
"930",1996,199,0.383567236821807
"931",1996,200,0.385160053402112
"932",1996,201,0.42053786006415
"933",1996,202,0.376289653007498
"934",1996,203,0.198563843440139
"935",1996,204,0.193960932172205
"936",1996,205,0.180972486457727
"937",1996,206,0.412955280105224
"938",1996,207,0.371464946613088
"939",1996,208,0.311683977754743
"940",1996,209,0.0916908470400077
"941",1996,210,0.0688900753451087
"942",1996,211,0.036480892900558
"943",1996,212,0.022503788708544
"944",1996,213,0.0126532794742789
"945",1996,214,0.0120006655491531
"946",1996,215,0.00690089264527437
"947",1996,216,0.00635590418466057
"948",1996,217,0.00585551275135925
"949",1996,218,0.337565486313808
"950",1996,219,0.394336664285733
"951",1996,220,0.377245402924078
"952",1996,221,0.390316518561198
"953",1996,222,0.360692220332374
"954",1996,223,0.396494790039292
"955",1996,224,0.362333231364228
"956",1996,225,0.363141933960775
"957",1996,226,0.348028450693924
"958",1996,227,0.19601631425319
"959",1996,228,0.184460644591606
"960",1996,229,0.150382769096731
"961",1996,230,0.294989539015204
"962",1996,231,0.282420464131101
"963",1996,232,0.342305370086899
"964",1996,233,0.24439963117392
"965",1996,234,0.168610665952944
"966",1996,235,0.0100769490925954
"967",1996,236,0.223506017769332
"968",1996,237,0.284263370765103
"969",1996,238,0.317288406311597
"970",1996,239,0.317662609239921
"971",1996,240,0.314305174342466
"972",1996,241,0.312706253363628
"973",1996,242,0.309750416426977
"974",1996,243,0.275680908720511
"975",1996,244,0.277594454023039
"976",1996,245,0.285583854413043
"977",1996,246,0.31022673794307
"978",1996,247,0.300955216514629
"979",1996,248,0.260633634769877
"980",1996,249,0.283656919454905
"981",1996,250,0.252992220809746
"982",1996,251,0.280190269629552
"983",1996,252,0.246335711569983
"984",1996,253,0.241870874737122
"985",1996,254,0.261228257945962
"986",1996,255,0.24978649174179
"987",1996,256,0.248024763276741
"988",1996,257,0.241672489586209
"989",1996,258,0.235325775672484
"990",1996,259,0.205311078471043
"991",1996,260,0.207421535643965
"992",1996,261,0.209413512456367
"993",1996,262,0.209420249965789
"994",1996,263,0.198799160662225
"995",1996,264,0.191339351192233
"996",1996,265,0.188915766311443
"997",1996,266,0.181725886188574
"998",1996,267,0.0927989904225826
"999",1996,268,0.208244960148428
"1000",1996,269,0.177281114699054
"1001",1996,270,0.169971501743795
"1002",1996,271,0.156489631333881
"1003",1996,272,0.143306220874295
"1004",1996,273,0.140313679026564
"1005",1996,274,0.142095649942325
"1006",1996,275,0.14497559639197
"1007",1996,276,0.134962587263023
"1008",1996,277,0.101664748787579
"1009",1996,278,0.0459496189186446
"1010",1996,279,0.0445743519198718
"1011",1996,280,0.0422671405678695
"1012",1996,281,0.0402704023020459
"1013",1996,282,0.0387534183460434
"1014",1996,283,0.037513323921859
"1015",1996,284,0.0369286714862456
"1016",1996,285,0.0348022070883375
"1017",1996,286,0.0330165998563289
"1018",1996,287,0.0307380701950882
"1019",1996,288,0.028693692208938
"1020",1996,289,0.126676907784787
"1021",1996,290,0.0954417704990144
"1022",1996,291,0.0927855248157176
"1023",1996,292,0.0840711339853653
"1024",1996,293,0.0862453682033973
"1025",1996,294,0.079007964114065
"1026",1996,295,0.0304997691034595
"1027",1996,296,0.0196937478794463
"1028",1996,297,0.0193311573360539
"1029",1996,298,0.019597900681746
"1030",1996,299,0.0198713408254754
"1031",1996,300,0.0190696767864513
"1032",1996,301,0.0185387870701661
"1033",1996,302,0.0167693042519464
"1034",1996,303,0.0159180851898438
"1035",1996,304,0.0153460202614992
"1036",1996,305,0.0170999200461481
"1037",1996,306,0.0143071017412103
"1038",1996,307,0.012306875623217
"1039",1996,308,0.0123481579793715
"1040",1996,309,0.0124119782537671
"1041",1996,310,0.0125602757311892
"1042",1996,311,0.0127418538316601
"1043",1996,312,0.0103586063375658
"1044",1996,313,0.00846693445860824
"1045",1996,314,0.00893616112521094
"1046",1996,315,0.00886199920134418
"1047",1996,316,0.0089476808845498
"1048",1996,317,0.00853681416107388
"1049",1996,318,0.00824415020413015
"1050",1996,319,0.00454558743683906
"1051",1996,320,0.00432000224459136
"1052",1996,321,0.0041552019362727
"1053",1996,322,0.00379565602323115
"1054",1996,323,0.00383475395721523
"1055",1996,324,0.00396818329587367
"1056",1996,325,0.00388392576144071
"1057",1996,326,0.00367015241467405
"1058",1996,327,0.00346822222999311
"1059",1996,328,0.00323304281667335
"1060",1996,329,0.00218017153545673
"1061",1996,330,0.00205413866547479
"1062",1996,331,0.00200542153935274
"1063",1996,332,0.00175867400510987
"1064",1996,333,0.048176955381876
"1065",1996,334,0.0316756530298904
"1066",1996,335,0.0256413936438371
"1067",1996,336,0.0263960650425705
"1068",1996,337,0.0291194151995965
"1069",1996,338,0.0287627168432555
"1070",1996,339,0.031321723814549
"1071",1996,340,0.0292897651674299
"1072",1996,341,0.0318526218993909
"1073",1996,342,0.0331182542811211
"1074",1996,343,0.0317469765209978
"1075",1996,344,0.0346904104115557
"1076",1996,345,0.0336527674448775
"1077",1996,346,0.034124189899185
"1078",1996,347,0.0324048210589613
"1079",1996,348,0.0325499960631812
"1080",1996,349,0.0325671889179619
"1081",1996,350,0.0227744824316999
"1082",1996,351,0.0198891638367166
"1083",1996,352,0.0208202547604376
"1084",1996,353,0.0163975887119879
"1085",1996,354,0.0199868906151654
"1086",1996,355,0.0209595169473031
"1087",1996,356,0.0271089235276767
"1088",1996,357,0.0302120524838595
"1089",1996,358,0.0282860836715938
"1090",1996,359,0.0248735956683922
"1091",1996,360,0.0248718524219153
"1092",1996,361,0.030109901484797
"1093",1996,362,0.0302500375083138
"1094",1996,363,0.0298669750433849
"1095",1996,364,0.0290600409717905
"1096",1996,365,0.0300952531121364
"1097",1997,1,0.0323856866891758
"1098",1997,2,0.0304491108813625
"1099",1997,3,0.0169380674540912
"1100",1997,4,0.00818930082405654
"1101",1997,5,0.00559739718351504
"1102",1997,6,0.0032310413027135
"1103",1997,7,0.021239054736331
"1104",1997,8,0.0213045029339456
"1105",1997,9,0.026907689794977
"1106",1997,10,0.026370419781299
"1107",1997,11,0.026288600210119
"1108",1997,12,0.0190364727025245
"1109",1997,13,0.0155030818586322
"1110",1997,14,0.0191594842695714
"1111",1997,15,0.0180165095634454
"1112",1997,16,0.00735812128886845
"1113",1997,17,0.00561520042291336
"1114",1997,18,0.00481457126737313
"1115",1997,19,0.0597006981497342
"1116",1997,20,0.0381499390704235
"1117",1997,21,0.0408797266388676
"1118",1997,22,0.0403801155157794
"1119",1997,23,0.0418647333572181
"1120",1997,24,0.0412100519720115
"1121",1997,25,0.0407917974651124
"1122",1997,26,0.0209617675489786
"1123",1997,27,0.00694658645687334
"1124",1997,28,0.00437908592877943
"1125",1997,29,0.00397348407167141
"1126",1997,30,0.00400370121991478
"1127",1997,31,0.00408771415441174
"1128",1997,32,0.00412953708484684
"1129",1997,33,0.00376412772528723
"1130",1997,34,0.00336821256342964
"1131",1997,35,0.0028295712698459
"1132",1997,36,0.00289038245545903
"1133",1997,37,0.00301915458255304
"1134",1997,38,0.00253113545876442
"1135",1997,39,0.00219502668656473
"1136",1997,40,0.00229019548389085
"1137",1997,41,0.00241188893928562
"1138",1997,42,0.00246755598075087
"1139",1997,43,0.00229588715474612
"1140",1997,44,0.00213909586288024
"1141",1997,45,0.00204086928761804
"1142",1997,46,0.00216409020868096
"1143",1997,47,0.00311700425625932
"1144",1997,48,0.00331584437529178
"1145",1997,49,0.00357341098351493
"1146",1997,50,0.0983139199453816
"1147",1997,51,0.097064036567961
"1148",1997,52,0.0709666157242972
"1149",1997,53,0.0627445874777082
"1150",1997,54,0.0679022714008709
"1151",1997,55,0.0731005137854982
"1152",1997,56,0.0584569056995557
"1153",1997,57,0.0667481227189668
"1154",1997,58,0.0761527636989611
"1155",1997,59,0.0892999729651779
"1156",1997,60,0.105959904858072
"1157",1997,61,0.0804649310226898
"1158",1997,62,0.094907259288571
"1159",1997,63,0.0981931518617293
"1160",1997,64,0.0907649471108535
"1161",1997,65,0.0886709718873819
"1162",1997,66,0.103162430422345
"1163",1997,67,0.100768467725686
"1164",1997,68,0.0232612143889075
"1165",1997,69,0.0197106581246052
"1166",1997,70,0.0187792291041306
"1167",1997,71,0.01892661608713
"1168",1997,72,0.0193545753140277
"1169",1997,73,0.0172001804818901
"1170",1997,74,0.0180559219392169
"1171",1997,75,0.0202781903346042
"1172",1997,76,0.0215290554637103
"1173",1997,77,0.0214332046387457
"1174",1997,78,0.0195506166033344
"1175",1997,79,0.0218212158712397
"1176",1997,80,0.0233850026497876
"1177",1997,81,0.0230327737833501
"1178",1997,82,0.024732183628669
"1179",1997,83,0.0259949901982632
"1180",1997,84,0.0231197218320581
"1181",1997,85,0.0228757359612316
"1182",1997,86,0.025703156863556
"1183",1997,87,0.0279092318692806
"1184",1997,88,0.0285376429313064
"1185",1997,89,0.0262829372579167
"1186",1997,90,0.163859615637672
"1187",1997,91,0.149976789664495
"1188",1997,92,0.15512300263934
"1189",1997,93,0.18473219471227
"1190",1997,94,0.16894037255749
"1191",1997,95,0.143477414400889
"1192",1997,96,0.156225857313625
"1193",1997,97,0.157534910443295
"1194",1997,98,0.0506575204266547
"1195",1997,99,0.046669806227333
"1196",1997,100,0.0477512614128806
"1197",1997,101,0.0417921409383938
"1198",1997,102,0.0363195269578
"1199",1997,103,0.0385864889901195
"1200",1997,104,0.0431619469710656
"1201",1997,105,0.0491931965467106
"1202",1997,106,0.0512244291941533
"1203",1997,107,0.218500661378385
"1204",1997,108,0.219070656493106
"1205",1997,109,0.207033890585987
"1206",1997,110,0.215277085119562
"1207",1997,111,0.223751206618233
"1208",1997,112,0.224817734911534
"1209",1997,113,0.21510759902201
"1210",1997,114,0.216535717837202
"1211",1997,115,0.216625473101804
"1212",1997,116,0.192132278434318
"1213",1997,117,0.18624941593438
"1214",1997,118,0.220401992479954
"1215",1997,119,0.239220518259783
"1216",1997,120,0.249728005179373
"1217",1997,121,0.248965847093543
"1218",1997,122,0.104379998504119
"1219",1997,123,0.098990893567333
"1220",1997,124,0.101463423508976
"1221",1997,125,0.110602742118093
"1222",1997,126,0.112707768384422
"1223",1997,127,0.116607890826288
"1224",1997,128,0.324044256282125
"1225",1997,129,0.253485224968287
"1226",1997,130,0.21945124062928
"1227",1997,131,0.286553828773445
"1228",1997,132,0.287382170827737
"1229",1997,133,0.275669244179715
"1230",1997,134,0.297700135593479
"1231",1997,135,0.292606932298108
"1232",1997,136,0.287072868279337
"1233",1997,137,0.241066814090995
"1234",1997,138,0.14337199934644
"1235",1997,139,0.343847748265373
"1236",1997,140,0.322292403821395
"1237",1997,141,0.324141778029444
"1238",1997,142,0.326853169307686
"1239",1997,143,0.302236949631985
"1240",1997,144,0.318867361205748
"1241",1997,145,0.329970126385468
"1242",1997,146,0.334786647030029
"1243",1997,147,0.327182353151111
"1244",1997,148,0.211287383546461
"1245",1997,149,0.182037567582607
"1246",1997,150,0.187206339401914
"1247",1997,151,0.184487260049147
"1248",1997,152,0.189664180761126
"1249",1997,153,0.199446605704946
"1250",1997,154,0.203060330306447
"1251",1997,155,0.19948896877658
"1252",1997,156,0.397295698575296
"1253",1997,157,0.360149813161071
"1254",1997,158,0.349535060788357
"1255",1997,159,0.28840019056921
"1256",1997,160,0.200294853132554
"1257",1997,161,0.211430542118977
"1258",1997,162,0.220814121700376
"1259",1997,163,0.425781656245518
"1260",1997,164,0.253670521688307
"1261",1997,165,0.421659156959785
"1262",1997,166,0.404864211672666
"1263",1997,167,0.375486969109142
"1264",1997,168,0.380702495970034
"1265",1997,169,0.392933535041151
"1266",1997,170,0.235378305909597
"1267",1997,171,0.230566859231295
"1268",1997,172,0.230029460388251
"1269",1997,173,0.222321169787925
"1270",1997,174,0.222791875804516
"1271",1997,175,0.220860791804219
"1272",1997,176,0.211134379575459
"1273",1997,177,0.20841844325838
"1274",1997,178,0.415162363882953
"1275",1997,179,0.426485268698141
"1276",1997,180,0.408997616122302
"1277",1997,181,0.415406811803178
"1278",1997,182,0.398094807327861
"1279",1997,183,0.216118784577878
"1280",1997,184,0.213984496830678
"1281",1997,185,0.200395261363724
"1282",1997,186,0.196675355721135
"1283",1997,187,0.418839655535018
"1284",1997,188,0.374461968287246
"1285",1997,189,0.417128154887371
"1286",1997,190,0.376828829719564
"1287",1997,191,0.395622468087891
"1288",1997,192,0.395788928012266
"1289",1997,193,0.377452422693264
"1290",1997,194,0.379513173425788
"1291",1997,195,0.367879123953657
"1292",1997,196,0.196422464909952
"1293",1997,197,0.189029833727725
"1294",1997,198,0.189507558024122
"1295",1997,199,0.1872414086827
"1296",1997,200,0.185413728232818
"1297",1997,201,0.163910214706403
"1298",1997,202,0.127322693901218
"1299",1997,203,0.104318962173124
"1300",1997,204,0.400067026503418
"1301",1997,205,0.37052972786535
"1302",1997,206,0.367062774480087
"1303",1997,207,0.2318243344274
"1304",1997,208,0.102715124392322
"1305",1997,209,0.409470118202848
"1306",1997,210,0.380152471862894
"1307",1997,211,0.374163345428589
"1308",1997,212,0.380408795838474
"1309",1997,213,0.354750042928614
"1310",1997,214,0.20727715869756
"1311",1997,215,0.202228604359833
"1312",1997,216,0.196301983063202
"1313",1997,217,0.398309849797378
"1314",1997,218,0.4012333477431
"1315",1997,219,0.373485564425664
"1316",1997,220,0.355019891300672
"1317",1997,221,0.358825465592369
"1318",1997,222,0.318109554203468
"1319",1997,223,0.182424652940839
"1320",1997,224,0.363110590813586
"1321",1997,225,0.271205620625833
"1322",1997,226,0.346157274944026
"1323",1997,227,0.253763738865331
"1324",1997,228,0.0554884478929199
"1325",1997,229,0.38630692599602
"1326",1997,230,0.394372805649681
"1327",1997,231,0.351696057502554
"1328",1997,232,0.377734129065938
"1329",1997,233,0.342413731228263
"1330",1997,234,0.345268641841632
"1331",1997,235,0.319277047778408
"1332",1997,236,0.199845884795565
"1333",1997,237,0.144968974489575
"1334",1997,238,0.130681233895401
"1335",1997,239,0.0799186488913645
"1336",1997,240,0.0357682638707494
"1337",1997,241,0.0239724901787964
"1338",1997,242,0.0228404540268677
"1339",1997,243,0.0211455945261535
"1340",1997,244,0.0199829365553036
"1341",1997,245,0.0192306456312
"1342",1997,246,0.0183980290085663
"1343",1997,247,0.0173408190827777
"1344",1997,248,0.0169383675802146
"1345",1997,249,0.0163074579279036
"1346",1997,250,0.0158861134744295
"1347",1997,251,0.0144234759174555
"1348",1997,252,0.00900042646651751
"1349",1997,253,0.00580578641256937
"1350",1997,254,0.0054823742326179
"1351",1997,255,0.273879526421116
"1352",1997,256,0.272021396232172
"1353",1997,257,0.243130394067329
"1354",1997,258,0.241269974121955
"1355",1997,259,0.245454482888199
"1356",1997,260,0.239168034021404
"1357",1997,261,0.17395325697754
"1358",1997,262,0.085320250624182
"1359",1997,263,0.0780075970077427
"1360",1997,264,0.209348720850174
"1361",1997,265,0.2112024181898
"1362",1997,266,0.173936624093555
"1363",1997,267,0.125550648197943
"1364",1997,268,0.0504716651623458
"1365",1997,269,0.0500730777299887
"1366",1997,270,0.0501768821821702
"1367",1997,271,0.048245477677281
"1368",1997,272,0.0453800933478213
"1369",1997,273,0.0399650001316878
"1370",1997,274,0.0298369121786163
"1371",1997,275,0.026956997086421
"1372",1997,276,0.0250877903700375
"1373",1997,277,0.0137659817956908
"1374",1997,278,0.0115619836031358
"1375",1997,279,0.145323254693195
"1376",1997,280,0.147249083671204
"1377",1997,281,0.111846343918991
"1378",1997,282,0.101392792282514
"1379",1997,283,0.0829697977826139
"1380",1997,284,0.00565983080922525
"1381",1997,285,0.0047777610211567
"1382",1997,286,0.0037434345099316
"1383",1997,287,0.00334411977689981
"1384",1997,288,0.00323753388371589
"1385",1997,289,0.00307406333307182
"1386",1997,290,0.00303342090530219
"1387",1997,291,0.00308177735126856
"1388",1997,292,0.0029968811036898
"1389",1997,293,0.00284211059533072
"1390",1997,294,0.00257984907157745
"1391",1997,295,0.00253050701258858
"1392",1997,296,0.00238310503648845
"1393",1997,297,0.00231826928759356
"1394",1997,298,0.00200525530088297
"1395",1997,299,0.00165159186128364
"1396",1997,300,0.00163468068533977
"1397",1997,301,0.00182267109650485
"1398",1997,302,0.00187663459209631
"1399",1997,303,0.00178933492294288
"1400",1997,304,0.00179795138455267
"1401",1997,305,0.00176102611962827
"1402",1997,306,0.00151600695999377
"1403",1997,307,0.00143459314863629
"1404",1997,308,0.00148813042144844
"1405",1997,309,0.00140295831467702
"1406",1997,310,0.00130152749046701
"1407",1997,311,0.00132731063335935
"1408",1997,312,0.00131982444065182
"1409",1997,313,0.00046879498892675
"1410",1997,314,0.000366898849722346
"1411",1997,315,0.00037765714844891
"1412",1997,316,0.0662393860986766
"1413",1997,317,0.0692213275687362
"1414",1997,318,0.0389117004912682
"1415",1997,319,0.0320156712331646
"1416",1997,320,0.0304707403849556
"1417",1997,321,0.0345857394298054
"1418",1997,322,0.0363372327453089
"1419",1997,323,0.0380687309566768
"1420",1997,324,0.040370974377846
"1421",1997,325,0.0379468716018245
"1422",1997,326,0.0366174998366861
"1423",1997,327,0.0360590764155336
"1424",1997,328,0.040634583513003
"1425",1997,329,0.0412032367403625
"1426",1997,330,0.0408976673097189
"1427",1997,331,0.0385309235466353
"1428",1997,332,0.0326829823649109
"1429",1997,333,0.0293129075350419
"1430",1997,334,0.0293648222761748
"1431",1997,335,0.0311129738777224
"1432",1997,336,0.0283771161907236
"1433",1997,337,0.0240518782132662
"1434",1997,338,0.0156450990772622
"1435",1997,339,0.00661603021110645
"1436",1997,340,0.00494887716862893
"1437",1997,341,0.0042863689152161
"1438",1997,342,0.00369964208180085
"1439",1997,343,0.0027985748762607
"1440",1997,344,0.00213097037448213
"1441",1997,345,0.00148293879980257
"1442",1997,346,0.00130734963398941
"1443",1997,347,0.00161197331822312
"1444",1997,348,0.00180474522368697
"1445",1997,349,0.0017794494958981
"1446",1997,350,0.00167312026230999
"1447",1997,351,0.0016164277724256
"1448",1997,352,0.00173263836224699
"1449",1997,353,0.00169149659627368
"1450",1997,354,0.0441578232047612
"1451",1997,355,0.0286808996011106
"1452",1997,356,0.0526035590615269
"1453",1997,357,0.0444456691139108
"1454",1997,358,0.0272436871569582
"1455",1997,359,0.0229146306417786
"1456",1997,360,0.0162487619586848
"1457",1997,361,0.00217012308638747
"1458",1997,362,0.0210470569970035
"1459",1997,363,0.0248093113886049
"1460",1997,364,0.0263308913220669
"1461",1997,365,0.0260696220634227
"1462",1998,1,0.0295548205228416
"1463",1998,2,0.0318034736838572
"1464",1998,3,0.0340425105996206
"1465",1998,4,0.0327653756818429
"1466",1998,5,0.031261567378432
"1467",1998,6,0.0296803508419208
"1468",1998,7,0.0243916799834923
"1469",1998,8,0.0261366608801902
"1470",1998,9,0.0296148382613814
"1471",1998,10,0.0328184942875551
"1472",1998,11,0.0317975435852046
"1473",1998,12,0.0338128325008139
"1474",1998,13,0.0337821443957571
"1475",1998,14,0.0329753204865792
"1476",1998,15,0.0302250068740107
"1477",1998,16,0.0343328093952503
"1478",1998,17,0.0383722343966349
"1479",1998,18,0.0405235323888101
"1480",1998,19,0.0392089950889623
"1481",1998,20,0.0414055857027318
"1482",1998,21,0.0399377833181374
"1483",1998,22,0.0352443415520654
"1484",1998,23,0.0315792209024255
"1485",1998,24,0.0131621772022371
"1486",1998,25,0.008325103764863
"1487",1998,26,0.00633827714356163
"1488",1998,27,0.00558307152035612
"1489",1998,28,0.00546207277870523
"1490",1998,29,0.00471083128044781
"1491",1998,30,0.0042735921008657
"1492",1998,31,0.00380076772112497
"1493",1998,32,0.00336164453946723
"1494",1998,33,0.00329006451768943
"1495",1998,34,0.00339991584680955
"1496",1998,35,0.0791911745819616
"1497",1998,36,0.0472963654277363
"1498",1998,37,0.0455492139482617
"1499",1998,38,0.0180596896558072
"1500",1998,39,0.00869977277457914
"1501",1998,40,0.00657272670650719
"1502",1998,41,0.00501502027922438
"1503",1998,42,0.00446023748054653
"1504",1998,43,0.00413517739328925
"1505",1998,44,0.0037079107711984
"1506",1998,45,0.00397345868304697
"1507",1998,46,0.00382338426226544
"1508",1998,47,0.00382218460038081
"1509",1998,48,0.0039205589953769
"1510",1998,49,0.00370053896791602
"1511",1998,50,0.00388748712928713
"1512",1998,51,0.00420125341670702
"1513",1998,52,0.00440405948646786
"1514",1998,53,0.00492903895576343
"1515",1998,54,0.00557574916183075
"1516",1998,55,0.00587394649903017
"1517",1998,56,0.00605810475344599
"1518",1998,57,0.00533384809318036
"1519",1998,58,0.00531626569974742
"1520",1998,59,0.0053423304456672
"1521",1998,60,0.00555555897217122
"1522",1998,61,0.00644297683613034
"1523",1998,62,0.00736591558970678
"1524",1998,63,0.008375488346153
"1525",1998,64,0.00881337133163161
"1526",1998,65,0.00980385051828134
"1527",1998,66,0.115702349423779
"1528",1998,67,0.0391243352670676
"1529",1998,68,0.0131441229311934
"1530",1998,69,0.0122419090178148
"1531",1998,70,0.0122027070789775
"1532",1998,71,0.0123480439775609
"1533",1998,72,0.0136546189485491
"1534",1998,73,0.0149987144505024
"1535",1998,74,0.133260958205314
"1536",1998,75,0.101067713956234
"1537",1998,76,0.106520947644909
"1538",1998,77,0.106175882862299
"1539",1998,78,0.0177518225423972
"1540",1998,79,0.0171376921647358
"1541",1998,80,0.0182576902631914
"1542",1998,81,0.0207659422693623
"1543",1998,82,0.0224808468669731
"1544",1998,83,0.0236736744644022
"1545",1998,84,0.0249789203968232
"1546",1998,85,0.0256212428417443
"1547",1998,86,0.0235585322444129
"1548",1998,87,0.0220583804511815
"1549",1998,88,0.0245652544881185
"1550",1998,89,0.0219484607533822
"1551",1998,90,0.0194916325844065
"1552",1998,91,0.0222735958978703
"1553",1998,92,0.0233970608540295
"1554",1998,93,0.0243582766518728
"1555",1998,94,0.0259649239014465
"1556",1998,95,0.0257483558354501
"1557",1998,96,0.0260773368631154
"1558",1998,97,0.0260061519314529
"1559",1998,98,0.0258873829398347
"1560",1998,99,0.0267918228576638
"1561",1998,100,0.0294145480105794
"1562",1998,101,0.0323930638114035
"1563",1998,102,0.0341524576167054
"1564",1998,103,0.0327128677544809
"1565",1998,104,0.0246700253350042
"1566",1998,105,0.0246052483011362
"1567",1998,106,0.0237293041181928
"1568",1998,107,0.0231449080938191
"1569",1998,108,0.02324696102094
"1570",1998,109,0.0252857545848713
"1571",1998,110,0.0259244673981935
"1572",1998,111,0.0194465983729313
"1573",1998,112,0.0206859983408584
"1574",1998,113,0.0225585852157514
"1575",1998,114,0.0240321141497406
"1576",1998,115,0.0235890499148867
"1577",1998,116,0.0209686240382421
"1578",1998,117,0.0148279654105017
"1579",1998,118,0.00837700210995138
"1580",1998,119,0.00834350317432436
"1581",1998,120,0.00874752780872186
"1582",1998,121,0.00918732464272666
"1583",1998,122,0.00971463323148387
"1584",1998,123,0.00904515184025255
"1585",1998,124,0.00527673068390325
"1586",1998,125,0.00541899398966546
"1587",1998,126,0.00553730312507551
"1588",1998,127,0.00570165904004544
"1589",1998,128,0.00578666210560085
"1590",1998,129,0.0057968740112394
"1591",1998,130,0.00597283616733479
"1592",1998,131,0.00605831046945245
"1593",1998,132,0.00613666181373651
"1594",1998,133,0.00627577134282411
"1595",1998,134,0.0064663163264362
"1596",1998,135,0.00627749754870404
"1597",1998,136,0.0063761347654345
"1598",1998,137,0.00679954653407795
"1599",1998,138,0.00687397993479285
"1600",1998,139,0.229098111477246
"1601",1998,140,0.0136249305491257
"1602",1998,141,0.0131731846787939
"1603",1998,142,0.012502638992762
"1604",1998,143,0.0115618175845316
"1605",1998,144,0.0109671784590104
"1606",1998,145,0.0105919038657508
"1607",1998,146,0.0103016001649239
"1608",1998,147,0.0102160882281718
"1609",1998,148,0.0104506480176797
"1610",1998,149,0.0103795570671042
"1611",1998,150,0.00858452104158373
"1612",1998,151,0.00725291205519292
"1613",1998,152,0.00343146378107847
"1614",1998,153,0.00305289766210071
"1615",1998,154,0.00302176326581266
"1616",1998,155,0.00305096976421768
"1617",1998,156,0.00280452539915697
"1618",1998,157,0.0026401429675177
"1619",1998,158,0.00256015569238724
"1620",1998,159,0.00225618899695728
"1621",1998,160,0.00219693078786899
"1622",1998,161,0.199129198452204
"1623",1998,162,0.0050169794196038
"1624",1998,163,0.00534114277812576
"1625",1998,164,0.244515464538697
"1626",1998,165,0.0865574267197143
"1627",1998,166,0.00738487801319015
"1628",1998,167,0.00696172057480423
"1629",1998,168,0.00673303771706285
"1630",1998,169,0.0064736169748684
"1631",1998,170,0.00625893628561037
"1632",1998,171,0.00621950866756231
"1633",1998,172,0.00588052653620041
"1634",1998,173,0.00558092186659045
"1635",1998,174,0.00526089992617804
"1636",1998,175,0.0031826965937771
"1637",1998,176,0.00204120330049113
"1638",1998,177,0.00182159434623575
"1639",1998,178,0.0018305811082434
"1640",1998,179,0.00180702493600187
"1641",1998,180,0.00171596413768747
"1642",1998,181,0.345305005180433
"1643",1998,182,0.332784305459777
"1644",1998,183,0.269414725641549
"1645",1998,184,0.202669311227185
"1646",1998,185,0.0151317700746624
"1647",1998,186,0.0112565282007755
"1648",1998,187,0.00942524023935803
"1649",1998,188,0.00831806214175819
"1650",1998,189,0.0077180808214039
"1651",1998,190,0.00695071695860536
"1652",1998,191,0.00653011785945806
"1653",1998,192,0.0409403228649375
"1654",1998,193,0.00811510701757887
"1655",1998,194,0.332700228662774
"1656",1998,195,0.400956251704344
"1657",1998,196,0.306008800454968
"1658",1998,197,0.268589489199194
"1659",1998,198,0.130764959317946
"1660",1998,199,0.00394347144689915
"1661",1998,200,0.00157077038943915
"1662",1998,201,0.386342325231732
"1663",1998,202,0.279851796509738
"1664",1998,203,0.348181940352942
"1665",1998,204,0.382366553898236
"1666",1998,205,0.302609207932419
"1667",1998,206,0.412472686290901
"1668",1998,207,0.372398402415918
"1669",1998,208,0.362037809617686
"1670",1998,209,0.326332544176331
"1671",1998,210,0.0863359820289535
"1672",1998,211,0.363177095769143
"1673",1998,212,0.192448474918369
"1674",1998,213,0.0106064066364978
"1675",1998,214,0.00946842769327985
"1676",1998,215,0.00849313112072159
"1677",1998,216,0.00727062792165827
"1678",1998,217,0.00623599663265496
"1679",1998,218,0.351046857809333
"1680",1998,219,0.271772229165596
"1681",1998,220,0.188737309656965
"1682",1998,221,0.0198997980453417
"1683",1998,222,0.0127434363143906
"1684",1998,223,0.0103634467627426
"1685",1998,224,0.00865352142109479
"1686",1998,225,0.384184446419933
"1687",1998,226,0.37663197936568
"1688",1998,227,0.354154135896465
"1689",1998,228,0.358891829664547
"1690",1998,229,0.303259549679884
"1691",1998,230,0.366917002909103
"1692",1998,231,0.367743387524433
"1693",1998,232,0.362305785503112
"1694",1998,233,0.32816596549172
"1695",1998,234,0.324627442486082
"1696",1998,235,0.308268349567499
"1697",1998,236,0.241464591181213
"1698",1998,237,0.130283954898311
"1699",1998,238,0.0797220424734254
"1700",1998,239,0.0123020871158314
"1701",1998,240,0.00511147696087905
"1702",1998,241,0.236686481016718
"1703",1998,242,0.153735839547718
"1704",1998,243,0.0104277660490106
"1705",1998,244,0.00855383283948179
"1706",1998,245,0.00728320321868777
"1707",1998,246,0.00663529001041398
"1708",1998,247,0.00608391276964377
"1709",1998,248,0.00554972128975058
"1710",1998,249,0.0051079461744167
"1711",1998,250,0.00478028527439704
"1712",1998,251,0.00451706169702947
"1713",1998,252,0.00424166177660215
"1714",1998,253,0.00402444678560156
"1715",1998,254,0.00368683402608508
"1716",1998,255,0.00358023073955482
"1717",1998,256,0.00355064489605966
"1718",1998,257,0.00355976728546494
"1719",1998,258,0.00322953454829278
"1720",1998,259,0.00157236669431869
"1721",1998,260,0.000912205043139799
"1722",1998,261,0.00089703566154659
"1723",1998,262,0.000895052305912616
"1724",1998,263,0.000889183463369557
"1725",1998,264,0.000900361135844074
"1726",1998,265,0.000805274659259742
"1727",1998,266,0.000805054505733327
"1728",1998,267,0.000780295773591979
"1729",1998,268,0.000756513362776983
"1730",1998,269,0.21765271776364
"1731",1998,270,0.176550661563543
"1732",1998,271,0.164356597574451
"1733",1998,272,0.150456954944734
"1734",1998,273,0.127161426980858
"1735",1998,274,0.01657361140051
"1736",1998,275,0.00916276442223111
"1737",1998,276,0.00699792093409886
"1738",1998,277,0.0059834163995702
"1739",1998,278,0.00517601180267402
"1740",1998,279,0.00411329179325686
"1741",1998,280,0.00354543834658134
"1742",1998,281,0.0034184462159894
"1743",1998,282,0.00338477583127986
"1744",1998,283,0.00329173457410347
"1745",1998,284,0.003133906774307
"1746",1998,285,0.00286149434163213
"1747",1998,286,0.00262114183621964
"1748",1998,287,0.00249293447379093
"1749",1998,288,0.00243530783396519
"1750",1998,289,0.00230471460909366
"1751",1998,290,0.00208272511253596
"1752",1998,291,0.00178662102799805
"1753",1998,292,0.10858503837536
"1754",1998,293,0.105174635045139
"1755",1998,294,0.0958907571057463
"1756",1998,295,0.0939446360114455
"1757",1998,296,0.0747151582343757
"1758",1998,297,0.0783175560186022
"1759",1998,298,0.0833257801009779
"1760",1998,299,0.0833169214029913
"1761",1998,300,0.0829151657332731
"1762",1998,301,0.0799974140220125
"1763",1998,302,0.0810142305958417
"1764",1998,303,0.0813825200866985
"1765",1998,304,0.102379195545051
"1766",1998,305,0.0599287158166143
"1767",1998,306,0.0620906017914487
"1768",1998,307,0.0619222194352854
"1769",1998,308,0.0558411901986944
"1770",1998,309,0.0525615427438028
"1771",1998,310,0.0541488476634459
"1772",1998,311,0.0559664078842762
"1773",1998,312,0.0571563828134673
"1774",1998,313,0.0571104002074485
"1775",1998,314,0.0481987124045425
"1776",1998,315,0.0484534515253523
"1777",1998,316,0.052321356385245
"1778",1998,317,0.0455651242300241
"1779",1998,318,0.0427178176276384
"1780",1998,319,0.0418125365544186
"1781",1998,320,0.0436022939085154
"1782",1998,321,0.0408630344666722
"1783",1998,322,0.0275599685877658
"1784",1998,323,0.00958970468710149
"1785",1998,324,0.00656176656543103
"1786",1998,325,0.00605314919451067
"1787",1998,326,0.005891518046652
"1788",1998,327,0.00532304775376406
"1789",1998,328,0.00484147542510748
"1790",1998,329,0.00451934313774864
"1791",1998,330,0.00423565557604891
"1792",1998,331,0.00412209318650005
"1793",1998,332,0.00397068987398175
"1794",1998,333,0.00359124076953084
"1795",1998,334,0.0029459009734688
"1796",1998,335,0.00278890556470442
"1797",1998,336,0.00294440423031341
"1798",1998,337,0.0024811382921673
"1799",1998,338,0.00237431613871766
"1800",1998,339,0.00248579266111488
"1801",1998,340,0.00198569476750737
"1802",1998,341,0.00153772064703025
"1803",1998,342,0.001369715246351
"1804",1998,343,0.00144023684368442
"1805",1998,344,0.0370909557352352
"1806",1998,345,0.0330340610326084
"1807",1998,346,0.0279977663240721
"1808",1998,347,0.0306557021738467
"1809",1998,348,0.0313921059046437
"1810",1998,349,0.0260050376820153
"1811",1998,350,0.02768822509556
"1812",1998,351,0.0256652394837123
"1813",1998,352,0.0277259737685235
"1814",1998,353,0.0292396935174066
"1815",1998,354,0.0318813333355313
"1816",1998,355,0.03001954354452
"1817",1998,356,0.0197771270243594
"1818",1998,357,0.0193747672057561
"1819",1998,358,0.0216537652983045
"1820",1998,359,0.0240589989574602
"1821",1998,360,0.0251456522384146
"1822",1998,361,0.0227271085882058
"1823",1998,362,0.00751557309863903
"1824",1998,363,0.00555657041951607
"1825",1998,364,0.00446106976456788
"1826",1998,365,0.00363881340961506
"1827",1998,366,0.00297181480136226
"1828",1999,1,0.00292758848399
"1829",1999,2,0.00236499875185071
"1830",1999,3,0.00180101064395793
"1831",1999,4,0.00182565559994469
"1832",1999,5,0.00214195211043362
"1833",1999,6,0.00226233871514789
"1834",1999,7,0.00224453650413834
"1835",1999,8,0.00213274501721307
"1836",1999,9,0.00172740004033088
"1837",1999,10,0.00178023018604778
"1838",1999,11,0.00191138589252541
"1839",1999,12,0.00192550619320707
"1840",1999,13,0.00170818417593188
"1841",1999,14,0.0015535714452431
"1842",1999,15,0.00164517037671446
"1843",1999,16,0.00179917121357655
"1844",1999,17,0.00177785842490267
"1845",1999,18,0.001872805306976
"1846",1999,19,0.0019554736111018
"1847",1999,20,0.00189154975488581
"1848",1999,21,0.00181110910987075
"1849",1999,22,0.00148725886590256
"1850",1999,23,0.00152150630529643
"1851",1999,24,0.00177127421711651
"1852",1999,25,0.00187924885190704
"1853",1999,26,0.00186407170282316
"1854",1999,27,0.00173579794291114
"1855",1999,28,0.00171044938535207
"1856",1999,29,0.0012950210434218
"1857",1999,30,0.00137473275218869
"1858",1999,31,0.00147718702991004
"1859",1999,32,0.00166445941210735
"1860",1999,33,0.00157593413069214
"1861",1999,34,0.00162541963302868
"1862",1999,35,0.00166291364641392
"1863",1999,36,0.0018877101260473
"1864",1999,37,0.00178388430629981
"1865",1999,38,0.00174534164815453
"1866",1999,39,0.00181634464126251
"1867",1999,40,0.00188103056420569
"1868",1999,41,0.00190572052842962
"1869",1999,42,0.00155790815954143
"1870",1999,43,0.00125744618829487
"1871",1999,44,0.00140700393156403
"1872",1999,45,0.00165397061477558
"1873",1999,46,0.00180024450493786
"1874",1999,47,0.00249641358338103
"1875",1999,48,0.0023755984585649
"1876",1999,49,0.00276675090065447
"1877",1999,50,0.00296242459720202
"1878",1999,51,0.00253152550905513
"1879",1999,52,0.00266668011601851
"1880",1999,53,0.00329805407824767
"1881",1999,54,0.00351063652927435
"1882",1999,55,0.00423026876749108
"1883",1999,56,0.00480037704111228
"1884",1999,57,0.00557615591180989
"1885",1999,58,0.00538200367522297
"1886",1999,59,0.00603615069186569
"1887",1999,60,0.0066227784920209
"1888",1999,61,0.00695335132050201
"1889",1999,62,0.006828711494324
"1890",1999,63,0.00776371835828716
"1891",1999,64,0.0083788591755589
"1892",1999,65,0.00844258027737821
"1893",1999,66,0.00943243750266825
"1894",1999,67,0.0093465861377676
"1895",1999,68,0.0101308850656477
"1896",1999,69,0.0109891453918898
"1897",1999,70,0.0116397567710272
"1898",1999,71,0.0110893698819816
"1899",1999,72,0.0098414242716732
"1900",1999,73,0.0113766039581412
"1901",1999,74,0.0132003097220877
"1902",1999,75,0.0147029207611092
"1903",1999,76,0.0150228705414504
"1904",1999,77,0.0128494550174893
"1905",1999,78,0.0138190004164475
"1906",1999,79,0.0160196474356834
"1907",1999,80,0.0181020764382681
"1908",1999,81,0.0205824457953057
"1909",1999,82,0.0208599920193198
"1910",1999,83,0.0211224993196141
"1911",1999,84,0.0203395540866411
"1912",1999,85,0.163941388747543
"1913",1999,86,0.159471530759688
"1914",1999,87,0.136168240512098
"1915",1999,88,0.14033340392801
"1916",1999,89,0.147115110496191
"1917",1999,90,0.166457782384096
"1918",1999,91,0.166843966941079
"1919",1999,92,0.165549876987646
"1920",1999,93,0.148251607986204
"1921",1999,94,0.0687722118882948
"1922",1999,95,0.0411120490009329
"1923",1999,96,0.0421500973409385
"1924",1999,97,0.0486309493188635
"1925",1999,98,0.0489679991568675
"1926",1999,99,0.0460784431328549
"1927",1999,100,0.0449376473054263
"1928",1999,101,0.0453119605888242
"1929",1999,102,0.0492796682473047
"1930",1999,103,0.0516219928004202
"1931",1999,104,0.0471618044922573
"1932",1999,105,0.0423976952489942
"1933",1999,106,0.0408384882278679
"1934",1999,107,0.0445172229061778
"1935",1999,108,0.0507328818502493
"1936",1999,109,0.0588455575129052
"1937",1999,110,0.0640112793630616
"1938",1999,111,0.0658626937788056
"1939",1999,112,0.0701925048448278
"1940",1999,113,0.071680975589024
"1941",1999,114,0.0962743033726467
"1942",1999,115,0.0703061599318699
"1943",1999,116,0.0703002113189796
"1944",1999,117,0.0757301761912541
"1945",1999,118,0.0785183876088529
"1946",1999,119,0.0817694726098568
"1947",1999,120,0.086157290850809
"1948",1999,121,0.0865879224866284
"1949",1999,122,0.0825958373645404
"1950",1999,123,0.0862632352786143
"1951",1999,124,0.0913788651262244
"1952",1999,125,0.090079337107019
"1953",1999,126,0.0882400945601917
"1954",1999,127,0.0956844351829961
"1955",1999,128,0.104699766412135
"1956",1999,129,0.109862506249356
"1957",1999,130,0.107164337899512
"1958",1999,131,0.105815256142522
"1959",1999,132,0.107538713536211
"1960",1999,133,0.117310097519494
"1961",1999,134,0.114442778933084
"1962",1999,135,0.107092609162168
"1963",1999,136,0.0953355726454304
"1964",1999,137,0.0866567048787249
"1965",1999,138,0.0812800603991523
"1966",1999,139,0.0701246653256208
"1967",1999,140,0.0681402577129758
"1968",1999,141,0.362216112228571
"1969",1999,142,0.360571752631312
"1970",1999,143,0.355072098667709
"1971",1999,144,0.356575078376293
"1972",1999,145,0.365428546810459
"1973",1999,146,0.33509742586404
"1974",1999,147,0.365940382220754
"1975",1999,148,0.339626216399157
"1976",1999,149,0.340038917845918
"1977",1999,150,0.360402099846802
"1978",1999,151,0.334003626574395
"1979",1999,152,0.184545596612286
"1980",1999,153,0.193070087394394
"1981",1999,154,0.189822512515101
"1982",1999,155,0.181724906752107
"1983",1999,156,0.157240737743493
"1984",1999,157,0.119732396632808
"1985",1999,158,0.410532858831392
"1986",1999,159,0.386720360231519
"1987",1999,160,0.404662351121216
"1988",1999,161,0.393936780841711
"1989",1999,162,0.399942840867256
"1990",1999,163,0.365612932394089
"1991",1999,164,0.389282213202565
"1992",1999,165,0.376264381408443
"1993",1999,166,0.358655583571601
"1994",1999,167,0.372076742769885
"1995",1999,168,0.365414934371857
"1996",1999,169,0.411268102921171
"1997",1999,170,0.408546696284193
"1998",1999,171,0.408499545972655
"1999",1999,172,0.413904506159114
"2000",1999,173,0.418497409459473
"2001",1999,174,0.395620903802015
"2002",1999,175,0.402486754172
"2003",1999,176,0.404969684500483
"2004",1999,177,0.418852702350181
"2005",1999,178,0.378969109943435
"2006",1999,179,0.241495717762027
"2007",1999,180,0.233977096429519
"2008",1999,181,0.238543535123668
"2009",1999,182,0.239928514721874
"2010",1999,183,0.228701102751271
"2011",1999,184,0.215861796351964
"2012",1999,185,0.204592233118787
"2013",1999,186,0.198194120915013
"2014",1999,187,0.200010931619324
"2015",1999,188,0.197590154277544
"2016",1999,189,0.199380670407312
"2017",1999,190,0.197169443701595
"2018",1999,191,0.399958028096807
"2019",1999,192,0.370266041923213
"2020",1999,193,0.352855548165207
"2021",1999,194,0.393626732691113
"2022",1999,195,0.40387412552085
"2023",1999,196,0.367515847653306
"2024",1999,197,0.367336207965808
"2025",1999,198,0.405673437096096
"2026",1999,199,0.367906452065805
"2027",1999,200,0.404349153010367
"2028",1999,201,0.364711739141865
"2029",1999,202,0.3572596005431
"2030",1999,203,0.356859930629466
"2031",1999,204,0.322131372698166
"2032",1999,205,0.198573539459867
"2033",1999,206,0.200713210835687
"2034",1999,207,0.198884895665086
"2035",1999,208,0.198063992941443
"2036",1999,209,0.408891515371902
"2037",1999,210,0.410794059514372
"2038",1999,211,0.384488511187385
"2039",1999,212,0.36603210184394
"2040",1999,213,0.197176305107504
"2041",1999,214,0.399961829863004
"2042",1999,215,0.365722432958798
"2043",1999,216,0.367805861282896
"2044",1999,217,0.343735297565544
"2045",1999,218,0.179163154036898
"2046",1999,219,0.135226059723039
"2047",1999,220,0.0972015452502256
"2048",1999,221,0.0944438492317372
"2049",1999,222,0.0719736686166105
"2050",1999,223,0.39919478067123
"2051",1999,224,0.387950920557009
"2052",1999,225,0.322408126860194
"2053",1999,226,0.250821404921479
"2054",1999,227,0.0700342631956037
"2055",1999,228,0.0526751633586083
"2056",1999,229,0.034221510484905
"2057",1999,230,0.0321237708906842
"2058",1999,231,0.0309684488326724
"2059",1999,232,0.0292362589602755
"2060",1999,233,0.0284122764948755
"2061",1999,234,0.0269130411147871
"2062",1999,235,0.0249871713343273
"2063",1999,236,0.0236710281545651
"2064",1999,237,0.306218570637683
"2065",1999,238,0.236766998797449
"2066",1999,239,0.186381448886821
"2067",1999,240,0.025879549962384
"2068",1999,241,0.0236078644113603
"2069",1999,242,0.0220576991944537
"2070",1999,243,0.0207441070565489
"2071",1999,244,0.0195700808661442
"2072",1999,245,0.0166450751945811
"2073",1999,246,0.226359933202871
"2074",1999,247,0.287459712112438
"2075",1999,248,0.282723686113174
"2076",1999,249,0.230405036375275
"2077",1999,250,0.243151372067287
"2078",1999,251,0.171325574338218
"2079",1999,252,0.114377830511921
"2080",1999,253,0.00848213034829129
"2081",1999,254,0.175339798545416
"2082",1999,255,0.237247227649462
"2083",1999,256,0.226731375564484
"2084",1999,257,0.171028350277777
"2085",1999,258,0.146657469533652
"2086",1999,259,0.0418218154155117
"2087",1999,260,0.0118642291428081
"2088",1999,261,0.010347038676619
"2089",1999,262,0.00941623313316152
"2090",1999,263,0.00858195208288653
"2091",1999,264,0.198422864934882
"2092",1999,265,0.160449069923378
"2093",1999,266,0.149837131622069
"2094",1999,267,0.137116838077169
"2095",1999,268,0.0670069617302215
"2096",1999,269,0.00815126028603021
"2097",1999,270,0.00734257528055401
"2098",1999,271,0.0067441971760437
"2099",1999,272,0.00513915075863676
"2100",1999,273,0.00506042682409056
"2101",1999,274,0.00528336395887049
"2102",1999,275,0.0050666972397282
"2103",1999,276,0.00486862873533648
"2104",1999,277,0.00449663907380257
"2105",1999,278,0.0042116263273917
"2106",1999,279,0.00397816428906114
"2107",1999,280,0.00395711265983619
"2108",1999,281,0.00341669877592634
"2109",1999,282,0.00310291456865395
"2110",1999,283,0.00307217721620334
"2111",1999,284,0.00291509702573359
"2112",1999,285,0.00281493687097543
"2113",1999,286,0.00275064977179898
"2114",1999,287,0.0013556699308937
"2115",1999,288,0.00123257280171585
"2116",1999,289,0.00114877294984917
"2117",1999,290,0.000884054481201202
"2118",1999,291,0.000775003042575953
"2119",1999,292,0.000760813995154374
"2120",1999,293,0.000799941543525286
"2121",1999,294,0.000843496114488461
"2122",1999,295,0.000850383376136802
"2123",1999,296,0.000822283600800794
"2124",1999,297,0.000819812389537829
"2125",1999,298,0.000826902977162305
"2126",1999,299,0.000802561836284046
"2127",1999,300,0.00079017205222859
"2128",1999,301,0.000762712592929125
"2129",1999,302,0.000724990277008821
"2130",1999,303,0.000622962289234814
"2131",1999,304,0.000549149395528794
"2132",1999,305,0.000575913371845401
"2133",1999,306,0.00052213675993391
"2134",1999,307,0.000516272101368416
"2135",1999,308,0.000550155068248148
"2136",1999,309,0.000549616783348962
"2137",1999,310,0.000527236853179646
"2138",1999,311,0.000482036658951316
"2139",1999,312,0.000484553937559095
"2140",1999,313,0.000491021016610725
"2141",1999,314,0.000449540364593474
"2142",1999,315,0.000417476585359683
"2143",1999,316,0.00023754408050341
"2144",1999,317,0.000239895406188226
"2145",1999,318,0.000231918186366964
"2146",1999,319,0.000214316991326264
"2147",1999,320,0.000209141110206802
"2148",1999,321,0.000202512209508445
"2149",1999,322,0.000203954657522128
"2150",1999,323,0.000192614322005531
"2151",1999,324,0.000182234514143744
"2152",1999,325,0.000180761111166523
"2153",1999,326,0.000158395544417266
"2154",1999,327,0.000132831903971851
"2155",1999,328,0.000113078223465165
"2156",1999,329,0.000108376673550062
"2157",1999,330,0.000123229879676882
"2158",1999,331,0.000144290754299299
"2159",1999,332,0.000136368772445361
"2160",1999,333,0.000117103678346882
"2161",1999,334,0.000112236401972993
"2162",1999,335,0.000122627932475263
"2163",1999,336,0.000119964121494568
"2164",1999,337,0.000114972895489453
"2165",1999,338,9.16466800594169e-05
"2166",1999,339,7.79512953362332e-05
"2167",1999,340,8.33494942718935e-05
"2168",1999,341,8.87103939195408e-05
"2169",1999,342,9.49688452810191e-05
"2170",1999,343,7.8346436891602e-05
"2171",1999,344,7.51825799193333e-05
"2172",1999,345,7.92503646072184e-05
"2173",1999,346,6.52849322318565e-05
"2174",1999,347,6.44123347271037e-05
"2175",1999,348,6.75775011811979e-05
"2176",1999,349,5.75790133260743e-05
"2177",1999,350,5.98282162098196e-05
"2178",1999,351,6.71138715278692e-05
"2179",1999,352,6.38952246240632e-05
"2180",1999,353,6.73119286348164e-05
"2181",1999,354,5.83946085497776e-05
"2182",1999,355,5.18018648474571e-05
"2183",1999,356,5.18194672458815e-05
"2184",1999,357,4.98312435654784e-05
"2185",1999,358,0.0371353067513645
"2186",1999,359,0.0410841859462626
"2187",1999,360,0.031685385710788
"2188",1999,361,0.0283568421828811
"2189",1999,362,0.0273440695253992
"2190",1999,363,0.0299284178104929
"2191",1999,364,0.0341521309081765
"2192",1999,365,0.0342124548708934
"2193",2000,1,0.0360197066613594
"2194",2000,2,0.0341161090822404
"2195",2000,3,0.0277642629607576
"2196",2000,4,0.0231162271728942
"2197",2000,5,0.0274071607622566
"2198",2000,6,0.0280321238746643
"2199",2000,7,0.0257266759463813
"2200",2000,8,0.0279182072564558
"2201",2000,9,0.0300224250427199
"2202",2000,10,0.0304534035286101
"2203",2000,11,0.0127000498436189
"2204",2000,12,0.00606710203689981
"2205",2000,13,0.00427125927299099
"2206",2000,14,0.00335341424982436
"2207",2000,15,0.00353084624039692
"2208",2000,16,0.00343958919497183
"2209",2000,17,0.00325009156016048
"2210",2000,18,0.00305629020235375
"2211",2000,19,0.0028317772307934
"2212",2000,20,0.00246264529178487
"2213",2000,21,0.00235233724050874
"2214",2000,22,0.00243814102992441
"2215",2000,23,0.00219549067605355
"2216",2000,24,0.00213629437466524
"2217",2000,25,0.00209016656830195
"2218",2000,26,0.00209054837563883
"2219",2000,27,0.00196544087366023
"2220",2000,28,0.00156317256241312
"2221",2000,29,0.00141977816413274
"2222",2000,30,0.00155099507486726
"2223",2000,31,0.00163699115292696
"2224",2000,32,0.00158020941396656
"2225",2000,33,0.00147787861762831
"2226",2000,34,0.00158595718916526
"2227",2000,35,0.00146305236078843
"2228",2000,36,0.00149982153891292
"2229",2000,37,0.00172230297650158
"2230",2000,38,0.00169514641437968
"2231",2000,39,0.00170739514475126
"2232",2000,40,0.00200700601426419
"2233",2000,41,0.00190665191720116
"2234",2000,42,0.00188537642807247
"2235",2000,43,0.00173376674326192
"2236",2000,44,0.00177726537112161
"2237",2000,45,0.00178988741171131
"2238",2000,46,0.00190081521107474
"2239",2000,47,0.0019161263415022
"2240",2000,48,0.00184989637513719
"2241",2000,49,0.00173114549297173
"2242",2000,50,0.0016631031798784
"2243",2000,51,0.000917826775563807
"2244",2000,52,0.000355908461407107
"2245",2000,53,0.000362359129330289
"2246",2000,54,0.000353641314169347
"2247",2000,55,0.000397766608466716
"2248",2000,56,0.000395076781362427
"2249",2000,57,0.000369183387579286
"2250",2000,58,0.000413304278678834
"2251",2000,59,0.00047361798128604
"2252",2000,60,0.000483020287330805
"2253",2000,61,0.000509551771683762
"2254",2000,62,0.000522703826194978
"2255",2000,63,0.00049883540085734
"2256",2000,64,0.000558280280834355
"2257",2000,65,0.000608062962919777
"2258",2000,66,0.000624561091740631
"2259",2000,67,0.000647292886304713
"2260",2000,68,0.000611998183639458
"2261",2000,69,0.000658880292974702
"2262",2000,70,0.000679861290372741
"2263",2000,71,0.000654260181232721
"2264",2000,72,0.000715256906152259
"2265",2000,73,0.000770223362972154
"2266",2000,74,0.00082637068585189
"2267",2000,75,0.000853762898648343
"2268",2000,76,0.000861131650166951
"2269",2000,77,0.000814534534451224
"2270",2000,78,0.000917019477421473
"2271",2000,79,0.000872312490004988
"2272",2000,80,0.00102247859664061
"2273",2000,81,0.00112930932010251
"2274",2000,82,0.00109256426967574
"2275",2000,83,0.0010339886885994
"2276",2000,84,0.00114587787332086
"2277",2000,85,0.00123510351765684
"2278",2000,86,0.00130189581093676
"2279",2000,87,0.00138729845857033
"2280",2000,88,0.00139713176749081
"2281",2000,89,0.00143470728354751
"2282",2000,90,0.00146203538445375
"2283",2000,91,0.0015159615500127
"2284",2000,92,0.00131180446132902
"2285",2000,93,0.00137567273973295
"2286",2000,94,0.00141348381668887
"2287",2000,95,0.0015605252348455
"2288",2000,96,0.00176883001867437
"2289",2000,97,0.00186007415027718
"2290",2000,98,0.00188911422286774
"2291",2000,99,0.00181243219859498
"2292",2000,100,0.00188016655144824
"2293",2000,101,0.00202565845770998
"2294",2000,102,0.00203071453982985
"2295",2000,103,0.00198533830905081
"2296",2000,104,0.00208313253592056
"2297",2000,105,0.00225044370179444
"2298",2000,106,0.00230476201461003
"2299",2000,107,0.00236791779822468
"2300",2000,108,0.00250298585830089
"2301",2000,109,0.00261621481478089
"2302",2000,110,0.0027131520441434
"2303",2000,111,0.00270120318929098
"2304",2000,112,0.00281833972034283
"2305",2000,113,0.00295480572665176
"2306",2000,114,0.00297650648240191
"2307",2000,115,0.00307075106193168
"2308",2000,116,0.00317301918079716
"2309",2000,117,0.194950539986952
"2310",2000,118,0.00637523776745716
"2311",2000,119,0.00492102637001673
"2312",2000,120,0.00351271565666211
"2313",2000,121,0.00149324621639048
"2314",2000,122,0.00142851851597246
"2315",2000,123,0.00149773866211135
"2316",2000,124,0.00160830285398718
"2317",2000,125,0.001677670355231
"2318",2000,126,0.00177052303906119
"2319",2000,127,0.00185846929861847
"2320",2000,128,0.00189021496365536
"2321",2000,129,0.00187487596667664
"2322",2000,130,0.00188555422248456
"2323",2000,131,0.00195743585244514
"2324",2000,132,0.00200617278922681
"2325",2000,133,0.00198303654929532
"2326",2000,134,0.00195071119900568
"2327",2000,135,0.00196136507642391
"2328",2000,136,0.00210011903671645
"2329",2000,137,0.00212868169515869
"2330",2000,138,0.00212295124644564
"2331",2000,139,0.00196100167547477
"2332",2000,140,0.00190435725400916
"2333",2000,141,0.00190380198798323
"2334",2000,142,0.00194486196951374
"2335",2000,143,0.00200388914817992
"2336",2000,144,0.00213043028292005
"2337",2000,145,0.00185586816027825
"2338",2000,146,0.00169716809107427
"2339",2000,147,0.00161843863374576
"2340",2000,148,0.00161588372658656
"2341",2000,149,0.00158340925442638
"2342",2000,150,0.00158268099865952
"2343",2000,151,0.0016199467884833
"2344",2000,152,0.392041223236476
"2345",2000,153,0.37848242369077
"2346",2000,154,0.378257382162892
"2347",2000,155,0.386261835625093
"2348",2000,156,0.369018418855608
"2349",2000,157,0.365026408099054
"2350",2000,158,0.365511941499157
"2351",2000,159,0.365786962700098
"2352",2000,160,0.355138726570998
"2353",2000,161,0.211471073772735
"2354",2000,162,0.216010128325077
"2355",2000,163,0.422339242486323
"2356",2000,164,0.421854581454088
"2357",2000,165,0.385560009305305
"2358",2000,166,0.39972023329716
"2359",2000,167,0.400688791609039
"2360",2000,168,0.267835002642963
"2361",2000,169,0.426841703980834
"2362",2000,170,0.396535800651201
"2363",2000,171,0.420407033789059
"2364",2000,172,0.425746519578208
"2365",2000,173,0.41743308123796
"2366",2000,174,0.422486368386016
"2367",2000,175,0.418784066937273
"2368",2000,176,0.401599140262045
"2369",2000,177,0.414436327072303
"2370",2000,178,0.404124870918803
"2371",2000,179,0.385896852385851
"2372",2000,180,0.424577394056194
"2373",2000,181,0.409936152395821
"2374",2000,182,0.417608221354552
"2375",2000,183,0.399536055406304
"2376",2000,184,0.425581479034179
"2377",2000,185,0.420258393561296
"2378",2000,186,0.388126643359881
"2379",2000,187,0.390525823877385
"2380",2000,188,0.385644329258472
"2381",2000,189,0.386039951474887
"2382",2000,190,0.330225280475925
"2383",2000,191,0.201140080885446
"2384",2000,192,0.202753739381847
"2385",2000,193,0.402665439266052
"2386",2000,194,0.410836115046743
"2387",2000,195,0.19771905298961
"2388",2000,196,0.196747619902089
"2389",2000,197,0.20065636769085
"2390",2000,198,0.204870230006677
"2391",2000,199,0.205198940726798
"2392",2000,200,0.200790527220827
"2393",2000,201,0.200140404757763
"2394",2000,202,0.204145807968671
"2395",2000,203,0.207350085979048
"2396",2000,204,0.205033233749441
"2397",2000,205,0.200249806321154
"2398",2000,206,0.206557133400995
"2399",2000,207,0.207862902156913
"2400",2000,208,0.210394874257227
"2401",2000,209,0.203611788676781
"2402",2000,210,0.195744899802576
"2403",2000,211,0.17079051606423
"2404",2000,212,0.129746681444535
"2405",2000,213,0.111954921363108
"2406",2000,214,0.0986554338271903
"2407",2000,215,0.0931576159787808
"2408",2000,216,0.0731929987060168
"2409",2000,217,0.0695918359449795
"2410",2000,218,0.0668386456843706
"2411",2000,219,0.264806506746574
"2412",2000,220,0.321400326891607
"2413",2000,221,0.387268096483387
"2414",2000,222,0.315587952400292
"2415",2000,223,0.225824839656015
"2416",2000,224,0.0419441004452643
"2417",2000,225,0.0393867992755744
"2418",2000,226,0.0372037138222133
"2419",2000,227,0.0346488244420897
"2420",2000,228,0.0324340170154601
"2421",2000,229,0.354517767622465
"2422",2000,230,0.281324097844898
"2423",2000,231,0.206311366312188
"2424",2000,232,0.0563138386069775
"2425",2000,233,0.0321200942398251
"2426",2000,234,0.0290562582959443
"2427",2000,235,0.026070551101537
"2428",2000,236,0.0242055907267038
"2429",2000,237,0.0230892445037796
"2430",2000,238,0.0223112977419756
"2431",2000,239,0.0216059961475394
"2432",2000,240,0.0203231889853128
"2433",2000,241,0.0144638377155255
"2434",2000,242,0.336701055999173
"2435",2000,243,0.296327369448071
"2436",2000,244,0.296013976885972
"2437",2000,245,0.298854564834518
"2438",2000,246,0.285390778266635
"2439",2000,247,0.134711586284738
"2440",2000,248,0.127790422533586
"2441",2000,249,0.121439667569057
"2442",2000,250,0.118156801671085
"2443",2000,251,0.10129850833164
"2444",2000,252,0.0794261814947275
"2445",2000,253,0.0533778202807776
"2446",2000,254,0.0277303602993793
"2447",2000,255,0.0193653369202063
"2448",2000,256,0.00893414498016975
"2449",2000,257,0.00710717650387262
"2450",2000,258,0.00578584578032935
"2451",2000,259,0.00441948087212638
"2452",2000,260,0.00426593057347415
"2453",2000,261,0.00411992308960868
"2454",2000,262,0.00394140767536751
"2455",2000,263,0.00392671362511759
"2456",2000,264,0.00379084462276334
"2457",2000,265,0.00348658595002441
"2458",2000,266,0.00357029672208696
"2459",2000,267,0.003550680520299
"2460",2000,268,0.00323965096394908
"2461",2000,269,0.0025308467368926
"2462",2000,270,0.00248959820134564
"2463",2000,271,0.00264435577169533
"2464",2000,272,0.00256160839285878
"2465",2000,273,0.00240020353484045
"2466",2000,274,0.00235378561033523
"2467",2000,275,0.00241215850105925
"2468",2000,276,0.00246736951996458
"2469",2000,277,0.00236831121998036
"2470",2000,278,0.00226414791963701
"2471",2000,279,0.00207710931501557
"2472",2000,280,0.00175722101654833
"2473",2000,281,0.111832399552332
"2474",2000,282,0.104358817736489
"2475",2000,283,0.0997747377672217
"2476",2000,284,0.0807211694253343
"2477",2000,285,0.095980616708182
"2478",2000,286,0.106572230232347
"2479",2000,287,0.108798843713213
"2480",2000,288,0.132461806823854
"2481",2000,289,0.126273352426964
"2482",2000,290,0.0984478455542103
"2483",2000,291,0.120566701377235
"2484",2000,292,0.113049526821496
"2485",2000,293,0.107706144144627
"2486",2000,294,0.110432229243788
"2487",2000,295,0.108254602967789
"2488",2000,296,0.0796606156471675
"2489",2000,297,0.0823203836854235
"2490",2000,298,0.0835310941765901
"2491",2000,299,0.0830131893858791
"2492",2000,300,0.07859251988152
"2493",2000,301,0.0764848489904386
"2494",2000,302,0.0969714284786851
"2495",2000,303,0.0652549203000529
"2496",2000,304,0.0679006561465684
"2497",2000,305,0.0721217400717292
"2498",2000,306,0.060150399855642
"2499",2000,307,0.0567827946870727
"2500",2000,308,0.0834699700401149
"2501",2000,309,0.0872947808892957
"2502",2000,310,0.0576744123839474
"2503",2000,311,0.0503083261589378
"2504",2000,312,0.0692816031704375
"2505",2000,313,0.0329614962346542
"2506",2000,314,0.0402702992651081
"2507",2000,315,0.0423633265323556
"2508",2000,316,0.0442511630602246
"2509",2000,317,0.0405839803352704
"2510",2000,318,0.0357800580010047
"2511",2000,319,0.035651547627818
"2512",2000,320,0.0388660656255045
"2513",2000,321,0.0390537124868405
"2514",2000,322,0.0352511021017133
"2515",2000,323,0.0306612347919664
"2516",2000,324,0.0287184009898964
"2517",2000,325,0.0321981473598498
"2518",2000,326,0.0316645798103955
"2519",2000,327,0.0343594286492864
"2520",2000,328,0.03511972667614
"2521",2000,329,0.0296143973244999
"2522",2000,330,0.0310797403889868
"2523",2000,331,0.0293160992182088
"2524",2000,332,0.0330590465690601
"2525",2000,333,0.0337932843174924
"2526",2000,334,0.0308041320551119
"2527",2000,335,0.0332055243410434
"2528",2000,336,0.0282076660053553
"2529",2000,337,0.0232633206436043
"2530",2000,338,0.0227057343110939
"2531",2000,339,0.0261161195366149
"2532",2000,340,0.0248509041014887
"2533",2000,341,0.0224645476407018
"2534",2000,342,0.0218119009337454
"2535",2000,343,0.0157522291611832
"2536",2000,344,0.00983568823259436
"2537",2000,345,0.00741996661216171
"2538",2000,346,0.00577097389910482
"2539",2000,347,0.00365850446374972
"2540",2000,348,0.00390441049433176
"2541",2000,349,0.00386452222117963
"2542",2000,350,0.00357816463425022
"2543",2000,351,0.00324517252634198
"2544",2000,352,0.00302717897359887
"2545",2000,353,0.0025646487428242
"2546",2000,354,0.00220059594822415
"2547",2000,355,0.00250368279973428
"2548",2000,356,0.00213212643182278
"2549",2000,357,0.00223314988535482
"2550",2000,358,0.00246669296677139
"2551",2000,359,0.0021818694711473
"2552",2000,360,0.00216088683445084
"2553",2000,361,0.00135505914012388
"2554",2000,362,0.00148263789578068
"2555",2000,363,0.00173511452668623
"2556",2000,364,0.00164105450156815
"2557",2000,365,0.0016916965166322
"2558",2001,1,0.00163962813721609
"2559",2001,2,0.00146027155448177
"2560",2001,3,0.00158182930381235
"2561",2001,4,0.00168992193535851
"2562",2001,5,0.00190841019435258
"2563",2001,6,0.00201873001277383
"2564",2001,7,0.00176264661741722
"2565",2001,8,0.00150938784372753
"2566",2001,9,0.00147966479034788
"2567",2001,10,0.052238704948956
"2568",2001,11,0.032220800306699
"2569",2001,12,0.0317942590739814
"2570",2001,13,0.0307340070235802
"2571",2001,14,0.0316666967573907
"2572",2001,15,0.0320252312662206
"2573",2001,16,0.0363363408607116
"2574",2001,17,0.0297590912142124
"2575",2001,18,0.0291974420348753
"2576",2001,19,0.0315233963319839
"2577",2001,20,0.0404270059519996
"2578",2001,21,0.00060212526249332
"2579",2001,22,0.0352452001837256
"2580",2001,23,0.0416778133337697
"2581",2001,24,0.0398505322908293
"2582",2001,25,0.0440069219467183
"2583",2001,26,0.0463561795781848
"2584",2001,27,0.0481544481874948
"2585",2001,28,0.0645201768405162
"2586",2001,29,0.0386860188390051
"2587",2001,30,0.0413256772792844
"2588",2001,31,0.0406956729392255
"2589",2001,32,0.0412410984977002
"2590",2001,33,0.0419227758536185
"2591",2001,34,0.0478380671946413
"2592",2001,35,0.0502948658156773
"2593",2001,36,0.0469381809558426
"2594",2001,37,0.00765616233101938
"2595",2001,38,0.00648934444892206
"2596",2001,39,0.00533929161959285
"2597",2001,40,0.00388885129433878
"2598",2001,41,0.00347600220631631
"2599",2001,42,0.00393290422211002
"2600",2001,43,0.00406119373748843
"2601",2001,44,0.0983642997207288
"2602",2001,45,0.101117545117465
"2603",2001,46,0.0719462476609773
"2604",2001,47,0.0619277219678676
"2605",2001,48,0.0655836883076975
"2606",2001,49,0.0728247790437593
"2607",2001,50,0.0845689577502826
"2608",2001,51,0.0892749867106378
"2609",2001,52,0.0886675941051396
"2610",2001,53,0.0878467479918868
"2611",2001,54,0.091610107071079
"2612",2001,55,0.0793817139190903
"2613",2001,56,0.0798423888345827
"2614",2001,57,0.0859889864569239
"2615",2001,58,0.0837890405303052
"2616",2001,59,0.0362752122916719
"2617",2001,60,0.0156788270433084
"2618",2001,61,0.10667176217945
"2619",2001,62,0.0837242361485831
"2620",2001,63,0.0853174337108709
"2621",2001,64,0.0908704819582048
"2622",2001,65,0.102753174919374
"2623",2001,66,0.100032985334638
"2624",2001,67,0.0267280870361946
"2625",2001,68,0.0199467179475898
"2626",2001,69,0.0191768568626427
"2627",2001,70,0.0175759231237533
"2628",2001,71,0.0167984732949719
"2629",2001,72,0.0170259960280484
"2630",2001,73,0.0172686424289169
"2631",2001,74,0.0170163983851764
"2632",2001,75,0.0162595342009127
"2633",2001,76,0.0175615081729759
"2634",2001,77,0.0178370313765702
"2635",2001,78,0.0177766420045264
"2636",2001,79,0.0201024986821454
"2637",2001,80,0.0227654613293747
"2638",2001,81,0.0242736463198289
"2639",2001,82,0.0246464823720031
"2640",2001,83,0.0221317194603156
"2641",2001,84,0.0231722350227936
"2642",2001,85,0.024529452804594
"2643",2001,86,0.025380727053966
"2644",2001,87,0.0258303829970046
"2645",2001,88,0.0281569694665433
"2646",2001,89,0.0289726055775477
"2647",2001,90,0.0309872066896499
"2648",2001,91,0.033062820608486
"2649",2001,92,0.0352757546895729
"2650",2001,93,0.0376735749020884
"2651",2001,94,0.0378480127888989
"2652",2001,95,0.0398583984502919
"2653",2001,96,0.0405449423975758
"2654",2001,97,0.0369149742582954
"2655",2001,98,0.0421301449050685
"2656",2001,99,0.0432792279532798
"2657",2001,100,0.0452369174740336
"2658",2001,101,0.0390685859806511
"2659",2001,102,0.0404992306982084
"2660",2001,103,0.044204564108655
"2661",2001,104,0.0505686808048802
"2662",2001,105,0.0497591888724812
"2663",2001,106,0.0534900623061144
"2664",2001,107,0.0496752104161525
"2665",2001,108,0.0502715052042053
"2666",2001,109,0.0596520714876914
"2667",2001,110,0.062099325243139
"2668",2001,111,0.0668438533555788
"2669",2001,112,0.0650211820646616
"2670",2001,113,0.0597804536956286
"2671",2001,114,0.0611799231450555
"2672",2001,115,0.064207799576562
"2673",2001,116,0.0679949790946853
"2674",2001,117,0.0706556230416068
"2675",2001,118,0.0738998562014044
"2676",2001,119,0.0790845472119826
"2677",2001,120,0.0817595722993629
"2678",2001,121,0.0872481592983778
"2679",2001,122,0.0920742262813344
"2680",2001,123,0.0922000116877152
"2681",2001,124,0.0887193833219595
"2682",2001,125,0.086623883740555
"2683",2001,126,0.0915037055492124
"2684",2001,127,0.0990397188469351
"2685",2001,128,0.101418296763108
"2686",2001,129,0.102837535545336
"2687",2001,130,0.307710449780425
"2688",2001,131,0.119581073259035
"2689",2001,132,0.303374902690936
"2690",2001,133,0.258323138462525
"2691",2001,134,0.118245397240615
"2692",2001,135,0.124883549451714
"2693",2001,136,0.129472178643479
"2694",2001,137,0.134936461246481
"2695",2001,138,0.139419193133654
"2696",2001,139,0.165721616042665
"2697",2001,140,0.134374193624828
"2698",2001,141,0.126668225873022
"2699",2001,142,0.131905063522059
"2700",2001,143,0.144914670820596
"2701",2001,144,0.151780059785955
"2702",2001,145,0.15366201949007
"2703",2001,146,0.161094961346092
"2704",2001,147,0.167876821736502
"2705",2001,148,0.165733438860216
"2706",2001,149,0.157362798421146
"2707",2001,150,0.12724236766634
"2708",2001,151,0.14799908228957
"2709",2001,152,0.10305430255993
"2710",2001,153,0.101930810798319
"2711",2001,154,0.0874708426051868
"2712",2001,155,0.0769144792034402
"2713",2001,156,0.07392141243654
"2714",2001,157,0.0672001420853059
"2715",2001,158,0.0649185364636987
"2716",2001,159,0.0536298010556607
"2717",2001,160,0.0342842812984008
"2718",2001,161,0.0353948666177503
"2719",2001,162,0.0359315760772463
"2720",2001,163,0.035248383978287
"2721",2001,164,0.0337893802290371
"2722",2001,165,0.0330857471740016
"2723",2001,166,0.032078289892147
"2724",2001,167,0.0303593456904222
"2725",2001,168,0.0285112855642455
"2726",2001,169,0.0280811282130802
"2727",2001,170,0.0270120438682241
"2728",2001,171,0.0257257591019052
"2729",2001,172,0.0250872467395125
"2730",2001,173,0.0167468527063472
"2731",2001,174,0.126350504854527
"2732",2001,175,0.355710592317764
"2733",2001,176,0.215880888558861
"2734",2001,177,0.0317177174102958
"2735",2001,178,0.02219127858611
"2736",2001,179,0.0195490407763632
"2737",2001,180,0.0180818756971994
"2738",2001,181,0.017191656390628
"2739",2001,182,0.016055375556985
"2740",2001,183,0.0145472043600178
"2741",2001,184,0.0136042510048619
"2742",2001,185,0.0136297114516952
"2743",2001,186,0.0133740959968327
"2744",2001,187,0.224204127364439
"2745",2001,188,0.248665400798362
"2746",2001,189,0.0276586248796554
"2747",2001,190,0.370371104383161
"2748",2001,191,0.402175829753626
"2749",2001,192,0.376306017732182
"2750",2001,193,0.337130564100924
"2751",2001,194,0.0596809684285008
"2752",2001,195,0.0434648980210936
"2753",2001,196,0.0175010296663463
"2754",2001,197,0.0160251604430857
"2755",2001,198,0.357533586324181
"2756",2001,199,0.402233759596128
"2757",2001,200,0.414959868170839
"2758",2001,201,0.411745784059147
"2759",2001,202,0.381434686744612
"2760",2001,203,0.393240061390567
"2761",2001,204,0.370125354893838
"2762",2001,205,0.155931115094717
"2763",2001,206,0.0829547556437785
"2764",2001,207,0.0120967471020164
"2765",2001,208,0.302321347009464
"2766",2001,209,0.182205408262815
"2767",2001,210,0.0133875535564346
"2768",2001,211,0.0129283316798366
"2769",2001,212,0.255796823229738
"2770",2001,213,0.122145817220473
"2771",2001,214,0.0108976310343067
"2772",2001,215,0.0105057317642808
"2773",2001,216,0.0099292022513905
"2774",2001,217,0.00961613439941256
"2775",2001,218,0.0031765813773018
"2776",2001,219,0.00227115070872185
"2777",2001,220,0.00222650888001878
"2778",2001,221,0.00219913666105776
"2779",2001,222,0.398716616389619
"2780",2001,223,0.377531772310091
"2781",2001,224,0.375277735399019
"2782",2001,225,0.300905387461026
"2783",2001,226,0.0341979444056603
"2784",2001,227,0.00656185383115299
"2785",2001,228,0.213907715897697
"2786",2001,229,0.343954786508571
"2787",2001,230,0.244892826411111
"2788",2001,231,0.172282123975731
"2789",2001,232,0.0100069020401565
"2790",2001,233,0.33384687673408
"2791",2001,234,0.238228613575171
"2792",2001,235,0.161013777541117
"2793",2001,236,0.00969125105101418
"2794",2001,237,0.00832271392995456
"2795",2001,238,0.00704919502055333
"2796",2001,239,0.00625168308938114
"2797",2001,240,0.00577129054902798
"2798",2001,241,0.313849589492159
"2799",2001,242,0.318590854613899
"2800",2001,243,0.28559321523146
"2801",2001,244,0.266640524213909
"2802",2001,245,0.206191747711069
"2803",2001,246,0.0222987236598411
"2804",2001,247,0.00638224700102956
"2805",2001,248,0.00416914206990331
"2806",2001,249,0.00420137868628643
"2807",2001,250,0.00406149657798431
"2808",2001,251,0.00379395156162491
"2809",2001,252,0.00335894053626643
"2810",2001,253,0.00192504483616829
"2811",2001,254,0.00117048585617157
"2812",2001,255,0.00118250955223016
"2813",2001,256,0.0011723402687059
"2814",2001,257,0.00113096036793287
"2815",2001,258,0.151315573360297
"2816",2001,259,0.00376358235700636
"2817",2001,260,0.00372750097058516
"2818",2001,261,0.00357833468247744
"2819",2001,262,0.00340336532309735
"2820",2001,263,0.0032203947871454
"2821",2001,264,0.217200232708623
"2822",2001,265,0.211789643814401
"2823",2001,266,0.168024933522002
"2824",2001,267,0.152733424375565
"2825",2001,268,0.133241487030175
"2826",2001,269,0.123852412973112
"2827",2001,270,0.109416468944534
"2828",2001,271,0.0132960156739107
"2829",2001,272,0.0119965302735049
"2830",2001,273,0.00536667684485726
"2831",2001,274,0.00363245431711434
"2832",2001,275,0.00346922608907073
"2833",2001,276,0.00341186305612422
"2834",2001,277,0.136785714048506
"2835",2001,278,0.131952706561706
"2836",2001,279,0.0864661498014068
"2837",2001,280,0.0739749555033577
"2838",2001,281,0.00429180618787282
"2839",2001,282,0.003878246998924
"2840",2001,283,0.00351840586079353
"2841",2001,284,0.00305167987624234
"2842",2001,285,0.00282497433232507
"2843",2001,286,0.0023708328440848
"2844",2001,287,0.00248205398436495
"2845",2001,288,0.00240361913573865
"2846",2001,289,0.0020594123861215
"2847",2001,290,0.00210845178812065
"2848",2001,291,0.0021543682436947
"2849",2001,292,0.00203627823423913
"2850",2001,293,0.00196102976043858
"2851",2001,294,0.00195409250287226
"2852",2001,295,0.00189518669001475
"2853",2001,296,0.00175350485956066
"2854",2001,297,0.00165887462840771
"2855",2001,298,0.00149453049616569
"2856",2001,299,0.00146319550058918
"2857",2001,300,0.00138324066976234
"2858",2001,301,0.00136013014636158
"2859",2001,302,0.00138111431609669
"2860",2001,303,0.00128837383374685
"2861",2001,304,0.000719567176592408
"2862",2001,305,0.000240633612689037
"2863",2001,306,0.000239496114809612
"2864",2001,307,0.000230896825295873
"2865",2001,308,0.000205524888547912
"2866",2001,309,0.000191019757496159
"2867",2001,310,0.000190140438028531
"2868",2001,311,0.000198976034434523
"2869",2001,312,0.000177632188124064
"2870",2001,313,0.000159599048082878
"2871",2001,314,0.000169464356766555
"2872",2001,315,0.000174924422996754
"2873",2001,316,0.000177481376529957
"2874",2001,317,0.000175572757875075
"2875",2001,318,0.0730907956949509
"2876",2001,319,0.0659305454353582
"2877",2001,320,0.0392731626854479
"2878",2001,321,0.043064935793695
"2879",2001,322,0.0451023464441557
"2880",2001,323,0.0358902241551872
"2881",2001,324,0.0333543083583017
"2882",2001,325,0.0358863131526856
"2883",2001,326,0.0386349388002124
"2884",2001,327,0.0404474714305944
"2885",2001,328,0.0358384907283877
"2886",2001,329,0.0381950435631519
"2887",2001,330,0.0371029652077703
"2888",2001,331,0.0284940519057751
"2889",2001,332,0.0224501951679712
"2890",2001,333,0.025186420264793
"2891",2001,334,0.0367654248302932
"2892",2001,335,0.0404651861838586
"2893",2001,336,0.0325155441211159
"2894",2001,337,0.0354243901586111
"2895",2001,338,0.0377476508902866
"2896",2001,339,0.0332716642233094
"2897",2001,340,0.0325629774057684
"2898",2001,341,0.0333854917347904
"2899",2001,342,0.0253307781740225
"2900",2001,343,0.0238919236387781
"2901",2001,344,0.0240053851932996
"2902",2001,345,0.027907390697604
"2903",2001,346,0.0509911505947219
"2904",2001,347,0.0388920331092867
"2905",2001,348,0.0312857518260504
"2906",2001,349,0.026228794492301
"2907",2001,350,0.0507374493618816
"2908",2001,351,0.0249907348415537
"2909",2001,352,0.0259480383222715
"2910",2001,353,0.0250713886297973
"2911",2001,354,0.0270291712619612
"2912",2001,355,0.0298645566181793
"2913",2001,356,0.0253047405577502
"2914",2001,357,0.0234696854525511
"2915",2001,358,0.0213877289888504
"2916",2001,359,0.0203900592056006
"2917",2001,360,0.022177521346938
"2918",2001,361,0.0236603735852505
"2919",2001,362,0.0247247085381463
"2920",2001,363,0.026610122292698
"2921",2001,364,0.0280986431043658
"2922",2001,365,0.022158692463632
"2923",2002,1,0.0181145707335338
"2924",2002,2,0.0177831925316633
"2925",2002,3,0.0234020959839697
"2926",2002,4,0.0276315099491414
"2927",2002,5,0.0255771753463659
"2928",2002,6,0.0255589237875444
"2929",2002,7,0.0219874375186528
"2930",2002,8,0.00795064482870698
"2931",2002,9,0.0057583876176376
"2932",2002,10,0.00437105346829144
"2933",2002,11,0.00307795929126717
"2934",2002,12,0.00273271287384769
"2935",2002,13,0.00288543585934455
"2936",2002,14,0.00257274124080894
"2937",2002,15,0.00275452647497974
"2938",2002,16,0.00276564417215475
"2939",2002,17,0.00267716179831028
"2940",2002,18,0.0026206403217211
"2941",2002,19,0.00213576728258774
"2942",2002,20,0.00226023435503753
"2943",2002,21,0.00208308567831909
"2944",2002,22,0.00220694300714239
"2945",2002,23,0.00212655543137469
"2946",2002,24,0.00168868020064081
"2947",2002,25,0.0015579110819282
"2948",2002,26,0.00176058830279489
"2949",2002,27,0.00206289014928259
"2950",2002,28,0.00219378992069996
"2951",2002,29,0.00212166565591742
"2952",2002,30,0.0743499332825381
"2953",2002,31,0.027343365463071
"2954",2002,32,0.00534573830405527
"2955",2002,33,0.0049873625961457
"2956",2002,34,0.00473972989068471
"2957",2002,35,0.0707446620531026
"2958",2002,36,0.0697777428253277
"2959",2002,37,0.0457546317286793
"2960",2002,38,0.0506771352211979
"2961",2002,39,0.0569566178434809
"2962",2002,40,0.0552349039574158
"2963",2002,41,0.0472876310223641
"2964",2002,42,0.0466667801408724
"2965",2002,43,0.0557061078470175
"2966",2002,44,0.0522537236945023
"2967",2002,45,0.0632820090160876
"2968",2002,46,0.0633553440423349
"2969",2002,47,0.0696661479069993
"2970",2002,48,0.0748557024274172
"2971",2002,49,0.081263045093311
"2972",2002,50,0.07208463646163
"2973",2002,51,0.0694754266299949
"2974",2002,52,0.0634401138025152
"2975",2002,53,0.00870326644826431
"2976",2002,54,0.00918036654411804
"2977",2002,55,0.0093787636626969
"2978",2002,56,0.00862972337816816
"2979",2002,57,0.00582846562104148
"2980",2002,58,0.00623653175698313
"2981",2002,59,0.00738950320261477
"2982",2002,60,0.00832525744635277
"2983",2002,61,0.00605155749633178
"2984",2002,62,0.00582909803927841
"2985",2002,63,0.00676752495039981
"2986",2002,64,0.00834219986214163
"2987",2002,65,0.00940987296423551
"2988",2002,66,0.0108067680486679
"2989",2002,67,0.0112234158242061
"2990",2002,68,0.0104188852271966
"2991",2002,69,0.0107580530129036
"2992",2002,70,0.0122426650889646
"2993",2002,71,0.0126947355941085
"2994",2002,72,0.0142472733272405
"2995",2002,73,0.0145569113682222
"2996",2002,74,0.0145055637646844
"2997",2002,75,0.0142864849680182
"2998",2002,76,0.0157681187554603
"2999",2002,77,0.0158946649524414
"3000",2002,78,0.0151235252794703
"3001",2002,79,0.0149238190364024
"3002",2002,80,0.0162223659228543
"3003",2002,81,0.0145571596284233
"3004",2002,82,0.0181353667045816
"3005",2002,83,0.0196775786825879
"3006",2002,84,0.0188181818426594
"3007",2002,85,0.0181435896514316
"3008",2002,86,0.0215381591412127
"3009",2002,87,0.0232503991942669
"3010",2002,88,0.0255027566171968
"3011",2002,89,0.0232082055924788
"3012",2002,90,0.0243717888842062
"3013",2002,91,0.0273838516096317
"3014",2002,92,0.0286909291007766
"3015",2002,93,0.023962455669433
"3016",2002,94,0.0284675735084677
"3017",2002,95,0.030963482994918
"3018",2002,96,0.0318429474371024
"3019",2002,97,0.032039320744071
"3020",2002,98,0.0320724675474273
"3021",2002,99,0.0295580572410015
"3022",2002,100,0.0313970921081137
"3023",2002,101,0.0347141311686532
"3024",2002,102,0.0358310228368108
"3025",2002,103,0.0379600029219354
"3026",2002,104,0.037278204367649
"3027",2002,105,0.0376126241128074
"3028",2002,106,0.0352336981176105
"3029",2002,107,0.0302187506609488
"3030",2002,108,0.0326894492298857
"3031",2002,109,0.0342985843437588
"3032",2002,110,0.0350513299522772
"3033",2002,111,0.034431175244631
"3034",2002,112,0.0291719647717764
"3035",2002,113,0.0289576909272777
"3036",2002,114,0.0292699682005015
"3037",2002,115,0.0278784922303169
"3038",2002,116,0.0285349254539051
"3039",2002,117,0.0303124403547738
"3040",2002,118,0.027216587074635
"3041",2002,119,0.0244074459725876
"3042",2002,120,0.0247797241765073
"3043",2002,121,0.0248280167755916
"3044",2002,122,0.0247000101829569
"3045",2002,123,0.0235014337086313
"3046",2002,124,0.0242551024921701
"3047",2002,125,0.0261874736600017
"3048",2002,126,0.0255525923736817
"3049",2002,127,0.0182791264077983
"3050",2002,128,0.0134899018560461
"3051",2002,129,0.0128491930091695
"3052",2002,130,0.0135608219873784
"3053",2002,131,0.0140232925535406
"3054",2002,132,0.0136491586026506
"3055",2002,133,0.012966497502674
"3056",2002,134,0.0129971865947874
"3057",2002,135,0.0136583494647327
"3058",2002,136,0.0139047920415994
"3059",2002,137,0.0136058721880784
"3060",2002,138,0.0128876974156013
"3061",2002,139,0.0116237231851648
"3062",2002,140,0.330934931053623
"3063",2002,141,0.310159420053451
"3064",2002,142,0.285308823166447
"3065",2002,143,0.171926454058295
"3066",2002,144,0.0187571991664563
"3067",2002,145,0.00692968082463376
"3068",2002,146,0.208605738312182
"3069",2002,147,0.0102607348278664
"3070",2002,148,0.00997646306843939
"3071",2002,149,0.00998407522777633
"3072",2002,150,0.0103378150952225
"3073",2002,151,0.00773966778863154
"3074",2002,152,0.00633486944114549
"3075",2002,153,0.00318783651215122
"3076",2002,154,0.0031986855137924
"3077",2002,155,0.00312576838619633
"3078",2002,156,0.00287427907347144
"3079",2002,157,0.364410831606569
"3080",2002,158,0.356181043281855
"3081",2002,159,0.371445493550807
"3082",2002,160,0.427040573520216
"3083",2002,161,0.423648868017167
"3084",2002,162,0.437348774177262
"3085",2002,163,0.40763637605108
"3086",2002,164,0.444244161394285
"3087",2002,165,0.368676864805463
"3088",2002,166,0.201866076156109
"3089",2002,167,0.135173228977997
"3090",2002,168,0.0196184861962381
"3091",2002,169,0.00966541987465326
"3092",2002,170,0.00902083034438242
"3093",2002,171,0.00822835199405537
"3094",2002,172,0.00748872918992461
"3095",2002,173,0.00715516499544988
"3096",2002,174,0.00703890806903036
"3097",2002,175,0.00686209178233823
"3098",2002,176,0.00674599371417815
"3099",2002,177,0.00659973527063192
"3100",2002,178,0.00547926260652229
"3101",2002,179,0.00308453681786603
"3102",2002,180,0.00306532874175917
"3103",2002,181,0.00305836992915541
"3104",2002,182,0.00311526095747025
"3105",2002,183,0.00314190729379645
"3106",2002,184,0.00304155458158122
"3107",2002,185,0.41949804253135
"3108",2002,186,0.419193282230068
"3109",2002,187,0.418711304360482
"3110",2002,188,0.403893777808578
"3111",2002,189,0.379650061737868
"3112",2002,190,0.377878906732974
"3113",2002,191,0.378035333146538
"3114",2002,192,0.341750012733682
"3115",2002,193,0.392898788441392
"3116",2002,194,0.355351089388028
"3117",2002,195,0.343831887852141
"3118",2002,196,0.174679969881566
"3119",2002,197,0.168858916770705
"3120",2002,198,0.389784803374766
"3121",2002,199,0.390018275244769
"3122",2002,200,0.38684284149401
"3123",2002,201,0.39116753846851
"3124",2002,202,0.364266105479361
"3125",2002,203,0.354271924983339
"3126",2002,204,0.176481067520454
"3127",2002,205,0.173224489588258
"3128",2002,206,0.146297453668442
"3129",2002,207,0.357972814703983
"3130",2002,208,0.246932207683604
"3131",2002,209,0.356260018100701
"3132",2002,210,0.377687388368232
"3133",2002,211,0.394370928551115
"3134",2002,212,0.399182185315317
"3135",2002,213,0.375775115302311
"3136",2002,214,0.401966576804969
"3137",2002,215,0.374779238015317
"3138",2002,216,0.371430950792878
"3139",2002,217,0.354747528199994
"3140",2002,218,0.386754848642934
"3141",2002,219,0.389310323554756
"3142",2002,220,0.395349992822423
"3143",2002,221,0.369860400801825
"3144",2002,222,0.362628602340425
"3145",2002,223,0.387532642492266
"3146",2002,224,0.372910123035385
"3147",2002,225,0.410307783567367
"3148",2002,226,0.372282362632988
"3149",2002,227,0.376713515418539
"3150",2002,228,0.326377386317633
"3151",2002,229,0.39080318145938
"3152",2002,230,0.276758291612754
"3153",2002,231,0.0911888128431318
"3154",2002,232,0.374719421114036
"3155",2002,233,0.373464830190736
"3156",2002,234,0.372415350188176
"3157",2002,235,0.331794732640875
"3158",2002,236,0.343037119424362
"3159",2002,237,0.335082056453582
"3160",2002,238,0.212151695812067
"3161",2002,239,0.156453755820344
"3162",2002,240,0.141252128296924
"3163",2002,241,0.0796757792332936
"3164",2002,242,0.029635151648197
"3165",2002,243,0.0175466062355375
"3166",2002,244,0.0163981321967472
"3167",2002,245,0.0159868949943246
"3168",2002,246,0.0153800653193532
"3169",2002,247,0.00828173056954293
"3170",2002,248,0.00764797171911687
"3171",2002,249,0.00736426539167286
"3172",2002,250,0.00700999028740197
"3173",2002,251,0.00672742168627302
"3174",2002,252,0.00641579427864427
"3175",2002,253,0.00503983782254068
"3176",2002,254,0.0039530206358594
"3177",2002,255,0.00385858499022258
"3178",2002,256,0.250084419282922
"3179",2002,257,0.249247022602884
"3180",2002,258,0.194411734645068
"3181",2002,259,0.179170217835613
"3182",2002,260,0.169376804843256
"3183",2002,261,0.142251116410986
"3184",2002,262,0.0152375931550504
"3185",2002,263,0.00693913918884865
"3186",2002,264,0.00398557361768723
"3187",2002,265,0.00356919055171064
"3188",2002,266,0.00337732876267707
"3189",2002,267,0.0031738193255776
"3190",2002,268,0.00300393528310505
"3191",2002,269,0.00289099364397505
"3192",2002,270,0.00283792855119733
"3193",2002,271,0.00271330292231304
"3194",2002,272,0.00265147303311094
"3195",2002,273,0.00261561537956088
"3196",2002,274,0.00123254999262562
"3197",2002,275,0.000709050825691276
"3198",2002,276,0.000660956429979903
"3199",2002,277,0.000604588969176411
"3200",2002,278,0.000594216274870163
"3201",2002,279,0.164139106316203
"3202",2002,280,0.146941046356886
"3203",2002,281,0.122288318464455
"3204",2002,282,0.118787822681375
"3205",2002,283,0.119626253102133
"3206",2002,284,0.120925149440247
"3207",2002,285,0.1152078305692
"3208",2002,286,0.119343240614744
"3209",2002,287,0.0863584630650038
"3210",2002,288,0.0914046607736579
"3211",2002,289,0.119368518578945
"3212",2002,290,0.121700261062213
"3213",2002,291,0.117548741437514
"3214",2002,292,0.0818601098640035
"3215",2002,293,0.10992732223153
"3216",2002,294,0.0876935463796184
"3217",2002,295,0.113652517625159
"3218",2002,296,0.0841113563604697
"3219",2002,297,0.10917979912089
"3220",2002,298,0.103764029639038
"3221",2002,299,0.0770709059967321
"3222",2002,300,0.106088910705054
"3223",2002,301,0.0964637859596298
"3224",2002,302,0.0642009517984615
"3225",2002,303,0.063083871208008
"3226",2002,304,0.0563433285856203
"3227",2002,305,0.0560081118950675
"3228",2002,306,0.0865263682787833
"3229",2002,307,0.0881530199370688
"3230",2002,308,0.0778156450510768
"3231",2002,309,0.0517111530716392
"3232",2002,310,0.0508966010921694
"3233",2002,311,0.0543031516022741
"3234",2002,312,0.058531459535196
"3235",2002,313,0.0590649265268666
"3236",2002,314,0.0535151346719067
"3237",2002,315,0.043939560054781
"3238",2002,316,0.039389410175627
"3239",2002,317,0.0402754739336347
"3240",2002,318,0.0425483443473733
"3241",2002,319,0.036765001739699
"3242",2002,320,0.0344002190790966
"3243",2002,321,0.0380149193102569
"3244",2002,322,0.0390887764417751
"3245",2002,323,0.0355953800864063
"3246",2002,324,0.0342899503064017
"3247",2002,325,0.0356025051252826
"3248",2002,326,0.0353999202254179
"3249",2002,327,0.0349723422394929
"3250",2002,328,0.0240458234900849
"3251",2002,329,0.00660956157322669
"3252",2002,330,0.0042366999450161
"3253",2002,331,0.00399115143787959
"3254",2002,332,0.00374836013739954
"3255",2002,333,0.00369627798690176
"3256",2002,334,0.0039238554773478
"3257",2002,335,0.00373094622666228
"3258",2002,336,0.0628915457719956
"3259",2002,337,0.0575205718701764
"3260",2002,338,0.0258912522782979
"3261",2002,339,0.0242605738920457
"3262",2002,340,0.0242496218608169
"3263",2002,341,0.0286875258164365
"3264",2002,342,0.0286070692742965
"3265",2002,343,0.024168546613099
"3266",2002,344,0.0249695589345911
"3267",2002,345,0.0260450130204434
"3268",2002,346,0.025146802484765
"3269",2002,347,0.025971318930808
"3270",2002,348,0.0272040230445001
"3271",2002,349,0.0282964563994434
"3272",2002,350,0.0321989064348343
"3273",2002,351,0.0337233594222078
"3274",2002,352,0.0279664949876225
"3275",2002,353,0.0228130143453103
"3276",2002,354,0.0223100634587408
"3277",2002,355,0.0251147318516777
"3278",2002,356,0.0255824152515987
"3279",2002,357,0.045700531138443
"3280",2002,358,0.0232583169260157
"3281",2002,359,0.0224226312644639
"3282",2002,360,0.0226988749897252
"3283",2002,361,0.0254265592380874
"3284",2002,362,0.0268490808788063
"3285",2002,363,0.0278634946058047
"3286",2002,364,0.0243820767130596
"3287",2002,365,0.0251431918532981
"3288",2002,366,0.0245452322179463
"3289",2003,1,0.0143014576366273
"3290",2003,2,0.00566047811086119
"3291",2003,3,0.0044468949725457
"3292",2003,4,0.00420152711618743
"3293",2003,5,0.00361184283601517
"3294",2003,6,0.00287691251514149
"3295",2003,7,0.00285330835076729
"3296",2003,8,0.00286998722596758
"3297",2003,9,0.00293286404526626
"3298",2003,10,0.00228918091967693
"3299",2003,11,0.00241010215949524
"3300",2003,12,0.0021313041542532
"3301",2003,13,0.00201117565721152
"3302",2003,14,0.0020482804230504
"3303",2003,15,0.00202811720329467
"3304",2003,16,0.0016633013929592
"3305",2003,17,0.00150996432754395
"3306",2003,18,0.00156439289763253
"3307",2003,19,0.0018827170559152
"3308",2003,20,0.0019824141111067
"3309",2003,21,0.00192458188239842
"3310",2003,22,0.00180029963276559
"3311",2003,23,0.00153480439380073
"3312",2003,24,0.00161292214919635
"3313",2003,25,0.00175237266730729
"3314",2003,26,0.00166041904836543
"3315",2003,27,0.00167374953813688
"3316",2003,28,0.00182848295638198
"3317",2003,29,0.00174890110186126
"3318",2003,30,0.00174848490648091
"3319",2003,31,0.00174185156694842
"3320",2003,32,0.00183152613663213
"3321",2003,33,0.00191751689291194
"3322",2003,34,0.00181466526719563
"3323",2003,35,0.00155032036113096
"3324",2003,36,0.00158395967160692
"3325",2003,37,0.00155726645100936
"3326",2003,38,0.0392909762174482
"3327",2003,39,0.070972869298484
"3328",2003,40,0.0507645200062337
"3329",2003,41,0.0508465097579592
"3330",2003,42,0.00839470503346248
"3331",2003,43,0.00709073106087556
"3332",2003,44,0.101781942181522
"3333",2003,45,0.0986277214248766
"3334",2003,46,0.0636318926604318
"3335",2003,47,0.063212027756851
"3336",2003,48,0.0681961003626321
"3337",2003,49,0.00898066020287001
"3338",2003,50,0.00755880678746903
"3339",2003,51,0.0971510500739765
"3340",2003,52,0.0676026492084787
"3341",2003,53,0.0738977542946047
"3342",2003,54,0.0784086774548464
"3343",2003,55,0.0696493701250883
"3344",2003,56,0.0658690595376107
"3345",2003,57,0.0783799670121641
"3346",2003,58,0.0811775548206692
"3347",2003,59,0.0830704113880805
"3348",2003,60,0.0837239949848585
"3349",2003,61,0.0837796938285748
"3350",2003,62,0.0829808602892766
"3351",2003,63,0.0842787080256643
"3352",2003,64,0.0136452140307147
"3353",2003,65,0.0124336040284796
"3354",2003,66,0.0132882906155756
"3355",2003,67,0.0138856652258501
"3356",2003,68,0.0140766841824763
"3357",2003,69,0.0146070577151053
"3358",2003,70,0.0151841326257056
"3359",2003,71,0.0156753267741841
"3360",2003,72,0.0161574124415519
"3361",2003,73,0.0167907905293414
"3362",2003,74,0.0169163743918361
"3363",2003,75,0.0173807659113801
"3364",2003,76,0.0172794813880049
"3365",2003,77,0.0146172955800483
"3366",2003,78,0.0154399295245793
"3367",2003,79,0.0165830681991796
"3368",2003,80,0.0440471141585207
"3369",2003,81,0.0192401537912115
"3370",2003,82,0.0214442871152139
"3371",2003,83,0.0233792537783857
"3372",2003,84,0.0235259746311061
"3373",2003,85,0.0236166278120541
"3374",2003,86,0.0257179582555962
"3375",2003,87,0.129745213502803
"3376",2003,88,0.0300444690147859
"3377",2003,89,0.0281999935523371
"3378",2003,90,0.0311211399291575
"3379",2003,91,0.0344397075341842
"3380",2003,92,0.0361211846446228
"3381",2003,93,0.0358277604810169
"3382",2003,94,0.034523649913676
"3383",2003,95,0.0350554220273572
"3384",2003,96,0.0349212054883624
"3385",2003,97,0.0347297844074749
"3386",2003,98,0.0325450426474637
"3387",2003,99,0.0336864310211472
"3388",2003,100,0.0381982694988653
"3389",2003,101,0.0418842203375734
"3390",2003,102,0.0452189515680671
"3391",2003,103,0.0468426589573988
"3392",2003,104,0.0486885277895721
"3393",2003,105,0.0504119847437883
"3394",2003,106,0.0481274162709392
"3395",2003,107,0.0515940851979117
"3396",2003,108,0.0542937501959539
"3397",2003,109,0.0512515102002134
"3398",2003,110,0.0507260850137145
"3399",2003,111,0.0560513955188031
"3400",2003,112,0.0594666683456768
"3401",2003,113,0.061925950615328
"3402",2003,114,0.0615410581745841
"3403",2003,115,0.062725519619235
"3404",2003,116,0.0649985335775317
"3405",2003,117,0.0696373185193003
"3406",2003,118,0.0730341455987951
"3407",2003,119,0.0747916973416772
"3408",2003,120,0.0760572117776005
"3409",2003,121,0.07070272696797
"3410",2003,122,0.0731495954786545
"3411",2003,123,0.0706308045666873
"3412",2003,124,0.0611368156379426
"3413",2003,125,0.0592882322252241
"3414",2003,126,0.0586222252176389
"3415",2003,127,0.0484276586998153
"3416",2003,128,0.0489256208339625
"3417",2003,129,0.0495062438873483
"3418",2003,130,0.0490630708412828
"3419",2003,131,0.0388890849247434
"3420",2003,132,0.0398331694960795
"3421",2003,133,0.0423890490535078
"3422",2003,134,0.043202888993238
"3423",2003,135,0.0417033302809013
"3424",2003,136,0.039969397242629
"3425",2003,137,0.0407062059546682
"3426",2003,138,0.0387177121073881
"3427",2003,139,0.0237931645815521
"3428",2003,140,0.0207204523632757
"3429",2003,141,0.0204337489662848
"3430",2003,142,0.021821268304793
"3431",2003,143,0.0227278316886285
"3432",2003,144,0.345831304356231
"3433",2003,145,0.256991789494977
"3434",2003,146,0.191860986235216
"3435",2003,147,0.027646857617171
"3436",2003,148,0.0267939306331522
"3437",2003,149,0.0273623223998397
"3438",2003,150,0.028473608651392
"3439",2003,151,0.0285441189348818
"3440",2003,152,0.0277767606330183
"3441",2003,153,0.0270371872934803
"3442",2003,154,0.0271279664786273
"3443",2003,155,0.0260162406545943
"3444",2003,156,0.0184008189076135
"3445",2003,157,0.0129161723686574
"3446",2003,158,0.0132855144760078
"3447",2003,159,0.321695324274116
"3448",2003,160,0.208230247496571
"3449",2003,161,0.0412142295636537
"3450",2003,162,0.0212046171007489
"3451",2003,163,0.0186568826905183
"3452",2003,164,0.0172245051350011
"3453",2003,165,0.0158174191438213
"3454",2003,166,0.0148661990081138
"3455",2003,167,0.0137207617631698
"3456",2003,168,0.0130660761637261
"3457",2003,169,0.32887814639257
"3458",2003,170,0.205867392343099
"3459",2003,171,0.415175261998624
"3460",2003,172,0.392050160053673
"3461",2003,173,0.334038548481586
"3462",2003,174,0.0616654464627838
"3463",2003,175,0.428485320971732
"3464",2003,176,0.424046841700851
"3465",2003,177,0.394586601627638
"3466",2003,178,0.383201491797589
"3467",2003,179,0.362896166100407
"3468",2003,180,0.193671927095463
"3469",2003,181,0.179741765923477
"3470",2003,182,0.16888976172264
"3471",2003,183,0.0697937174762559
"3472",2003,184,0.022890472010226
"3473",2003,185,0.0135344292894159
"3474",2003,186,0.0129016154644916
"3475",2003,187,0.0122869040524355
"3476",2003,188,0.389650829548549
"3477",2003,189,0.373844186688556
"3478",2003,190,0.3849553481654
"3479",2003,191,0.363257044250704
"3480",2003,192,0.14076687014696
"3481",2003,193,0.0947041904741042
"3482",2003,194,0.0488742020816204
"3483",2003,195,0.0128961841718663
"3484",2003,196,0.0118789962825817
"3485",2003,197,0.383680273297423
"3486",2003,198,0.360061129572582
"3487",2003,199,0.368013674425298
"3488",2003,200,0.365938832901783
"3489",2003,201,0.190452104917437
"3490",2003,202,0.184802704170176
"3491",2003,203,0.180096955655645
"3492",2003,204,0.138541357842805
"3493",2003,205,0.0448032205226182
"3494",2003,206,0.0183075536320256
"3495",2003,207,0.0118336956272235
"3496",2003,208,0.383108164161802
"3497",2003,209,0.384299592942037
"3498",2003,210,0.389522537614931
"3499",2003,211,0.329765295367412
"3500",2003,212,0.168886764631595
"3501",2003,213,0.00566382863389373
"3502",2003,214,0.00556580543911303
"3503",2003,215,0.00303552917212793
"3504",2003,216,0.00284779683295882
"3505",2003,217,0.00281103148024054
"3506",2003,218,0.00270208084766924
"3507",2003,219,0.00264686131338817
"3508",2003,220,0.00266917536840765
"3509",2003,221,0.00267899752965364
"3510",2003,222,0.00254877762312653
"3511",2003,223,0.0024579633011658
"3512",2003,224,0.002373590816981
"3513",2003,225,0.00224173541958234
"3514",2003,226,0.00196074396408263
"3515",2003,227,0.00194295496886229
"3516",2003,228,0.00195229433558483
"3517",2003,229,0.00195474810122483
"3518",2003,230,0.00193333403486483
"3519",2003,231,0.00189480103703127
"3520",2003,232,0.00184513409105086
"3521",2003,233,0.00177177872246307
"3522",2003,234,0.00166044028528985
"3523",2003,235,0.27773120108727
"3524",2003,236,0.179355854625759
"3525",2003,237,0.323061834723634
"3526",2003,238,0.320429318056819
"3527",2003,239,0.30457267083274
"3528",2003,240,0.339924217969311
"3529",2003,241,0.333234901823827
"3530",2003,242,0.317628291980873
"3531",2003,243,0.267157196043873
"3532",2003,244,0.266263967762197
"3533",2003,245,0.264640412300436
"3534",2003,246,0.254615699933312
"3535",2003,247,0.226594758153876
"3536",2003,248,0.11680534511274
"3537",2003,249,0.115253304857575
"3538",2003,250,0.115900465161323
"3539",2003,251,0.111139016674864
"3540",2003,252,0.108441654434996
"3541",2003,253,0.28127060044068
"3542",2003,254,0.271197646389797
"3543",2003,255,0.225060458429776
"3544",2003,256,0.224131584934043
"3545",2003,257,0.19535968589499
"3546",2003,258,0.138035484687063
"3547",2003,259,0.0512089971639959
"3548",2003,260,0.0489112226224929
"3549",2003,261,0.0462801110673918
"3550",2003,262,0.0293103509453243
"3551",2003,263,0.0284874699244564
"3552",2003,264,0.027290225507767
"3553",2003,265,0.0251391557577793
"3554",2003,266,0.191134977903497
"3555",2003,267,0.161473444930334
"3556",2003,268,0.131437906075292
"3557",2003,269,0.0462290729738011
"3558",2003,270,0.0120618080859904
"3559",2003,271,0.0108693049842469
"3560",2003,272,0.0100760448438855
"3561",2003,273,0.00931794392695303
"3562",2003,274,0.006013072663625
"3563",2003,275,0.0051398937089078
"3564",2003,276,0.144955685947496
"3565",2003,277,0.135864053442423
"3566",2003,278,0.145623744619637
"3567",2003,279,0.107146836380686
"3568",2003,280,0.158309779601602
"3569",2003,281,0.147570940492415
"3570",2003,282,0.147909511341575
"3571",2003,283,0.142451929041645
"3572",2003,284,0.145106321609571
"3573",2003,285,0.10688323264353
"3574",2003,286,0.108053837932661
"3575",2003,287,0.100142235431223
"3576",2003,288,0.0986128735312914
"3577",2003,289,0.101316887325523
"3578",2003,290,0.0979989989141142
"3579",2003,291,0.0952863091623719
"3580",2003,292,0.0953997409452904
"3581",2003,293,0.0928838212840685
"3582",2003,294,0.0889635902327134
"3583",2003,295,0.0831626932579557
"3584",2003,296,0.080042229785571
"3585",2003,297,0.0617374622851914
"3586",2003,298,0.0959830885721315
"3587",2003,299,0.0821544785554616
"3588",2003,300,0.0589729516145637
"3589",2003,301,0.0658148667222073
"3590",2003,302,0.072335883290811
"3591",2003,303,0.0723677159742272
"3592",2003,304,0.0723487779043416
"3593",2003,305,0.0736008664547022
"3594",2003,306,0.0751330894911758
"3595",2003,307,0.0741744312161764
"3596",2003,308,0.0663825261063156
"3597",2003,309,0.0609539715600002
"3598",2003,310,0.0569312895065601
"3599",2003,311,0.0544028518071131
"3600",2003,312,0.0480034271385114
"3601",2003,313,0.0478279217177643
"3602",2003,314,0.048467950684974
"3603",2003,315,0.0233108453399223
"3604",2003,316,0.0113954929158627
"3605",2003,317,0.00747272465125351
"3606",2003,318,0.00700679569906752
"3607",2003,319,0.0069380775410141
"3608",2003,320,0.00607435210679076
"3609",2003,321,0.00548172423611876
"3610",2003,322,0.00477426975313668
"3611",2003,323,0.00428815599780387
"3612",2003,324,0.00465830818952454
"3613",2003,325,0.00450902717571663
"3614",2003,326,0.00427251621051998
"3615",2003,327,0.0032818615766747
"3616",2003,328,0.00265265323150717
"3617",2003,329,0.00306002994234854
"3618",2003,330,0.00290373451158117
"3619",2003,331,0.00245965499692454
"3620",2003,332,0.0020934212302951
"3621",2003,333,0.00230618928282838
"3622",2003,334,0.00240527559862643
"3623",2003,335,0.00241801650899848
"3624",2003,336,0.0022934005328763
"3625",2003,337,0.00214421143098902
"3626",2003,338,0.00204096558770243
"3627",2003,339,0.00157082175088848
"3628",2003,340,0.00159182260492302
"3629",2003,341,0.00185524556985294
"3630",2003,342,0.00179327848047514
"3631",2003,343,0.0014140764197687
"3632",2003,344,0.00122685993867443
"3633",2003,345,0.00132673170222389
"3634",2003,346,0.00122236165558282
"3635",2003,347,0.00104789668587521
"3636",2003,348,0.00119686221572214
"3637",2003,349,0.00109982746766498
"3638",2003,350,0.000832614823303928
"3639",2003,351,0.000844605882703151
"3640",2003,352,0.000872422544647652
"3641",2003,353,0.000906149972695316
"3642",2003,354,0.00104623780139013
"3643",2003,355,0.00109746823055605
"3644",2003,356,0.00101233183069504
"3645",2003,357,0.00086657176183124
"3646",2003,358,0.000879223608324164
"3647",2003,359,0.000971172717009669
"3648",2003,360,0.00106235866040721
"3649",2003,361,0.00100460226339943
"3650",2003,362,0.000739794663593598
"3651",2003,363,0.000711259694773866
"3652",2003,364,0.000812944955149
"3653",2003,365,0.000976242531817663
"3654",2004,1,0.00108935108307877
"3655",2004,2,0.00114815437204915
"3656",2004,3,0.00117674382809858
"3657",2004,4,0.00105208053002143
"3658",2004,5,0.00089890294805803
"3659",2004,6,0.00078395834733512
"3660",2004,7,0.000891886917614698
"3661",2004,8,0.000942838699868921
"3662",2004,9,0.000923350855690136
"3663",2004,10,0.00087004321450205
"3664",2004,11,0.00093957766864145
"3665",2004,12,0.0010418655646505
"3666",2004,13,0.000991919150507199
"3667",2004,14,0.0581051083349882
"3668",2004,15,0.0602472573452894
"3669",2004,16,0.0604772701323815
"3670",2004,17,0.0338197850183823
"3671",2004,18,0.0330804178512951
"3672",2004,19,0.0346437791517139
"3673",2004,20,0.0369186214347389
"3674",2004,21,0.0354594617462287
"3675",2004,22,0.034956545061214
"3676",2004,23,0.0381159807960957
"3677",2004,24,0.0415557390732734
"3678",2004,25,0.0401272941610905
"3679",2004,26,0.0387351474375682
"3680",2004,27,0.0384826815705636
"3681",2004,28,0.0420850204398703
"3682",2004,29,0.0447447969875312
"3683",2004,30,0.0448089086121186
"3684",2004,31,0.0481713902236399
"3685",2004,32,0.0460523646250275
"3686",2004,33,0.0416126824371391
"3687",2004,34,0.0451491143690361
"3688",2004,35,0.0720606741164181
"3689",2004,36,0.0464050239218304
"3690",2004,37,0.0461855591153972
"3691",2004,38,0.0477399619617042
"3692",2004,39,0.0538077444661926
"3693",2004,40,0.0500170131389075
"3694",2004,41,0.0515396740131334
"3695",2004,42,0.0568354426638624
"3696",2004,43,0.0461532192453164
"3697",2004,44,0.0423968260161118
"3698",2004,45,0.0490339920759997
"3699",2004,46,0.0515573861164887
"3700",2004,47,0.0180851110796218
"3701",2004,48,0.0108400042338385
"3702",2004,49,0.00949759372148009
"3703",2004,50,0.00922401869983589
"3704",2004,51,0.00798477156714338
"3705",2004,52,0.00754549677147242
"3706",2004,53,0.0076899746522426
"3707",2004,54,0.10122842146349
"3708",2004,55,0.0704805763858865
"3709",2004,56,0.0701749143251049
"3710",2004,57,0.0759095910721774
"3711",2004,58,0.0847810536259972
"3712",2004,59,0.0874109903372229
"3713",2004,60,0.0777502197586643
"3714",2004,61,0.0725097735622272
"3715",2004,62,0.0228255668271211
"3716",2004,63,0.0177071866148545
"3717",2004,64,0.0142071838963937
"3718",2004,65,0.0136788234137497
"3719",2004,66,0.014210562651017
"3720",2004,67,0.0140523949714687
"3721",2004,68,0.0148527401546761
"3722",2004,69,0.0150864924987316
"3723",2004,70,0.0155984245608508
"3724",2004,71,0.123737043129092
"3725",2004,72,0.120131529518579
"3726",2004,73,0.10367637772842
"3727",2004,74,0.11129655289053
"3728",2004,75,0.116192029960003
"3729",2004,76,0.123487509030623
"3730",2004,77,0.130121672799884
"3731",2004,78,0.138773865674572
"3732",2004,79,0.140865783816124
"3733",2004,80,0.144582249199011
"3734",2004,81,0.121387890847151
"3735",2004,82,0.150729339356576
"3736",2004,83,0.139782391712245
"3737",2004,84,0.151699141691712
"3738",2004,85,0.158013276350346
"3739",2004,86,0.159473734931253
"3740",2004,87,0.155028483192896
"3741",2004,88,0.143753700025874
"3742",2004,89,0.134989754991816
"3743",2004,90,0.0363889364654617
"3744",2004,91,0.0360842807311605
"3745",2004,92,0.192809026969297
"3746",2004,93,0.16596325021478
"3747",2004,94,0.187406075550392
"3748",2004,95,0.1825071575162
"3749",2004,96,0.178527096463383
"3750",2004,97,0.151092305581425
"3751",2004,98,0.164386495459132
"3752",2004,99,0.174860753588139
"3753",2004,100,0.174410043550105
"3754",2004,101,0.19344023057918
"3755",2004,102,0.164300269469781
"3756",2004,103,0.145858634897171
"3757",2004,104,0.162195083433147
"3758",2004,105,0.183365926253172
"3759",2004,106,0.199282043710276
"3760",2004,107,0.211174352541212
"3761",2004,108,0.214604338634463
"3762",2004,109,0.218646031272502
"3763",2004,110,0.086729419929914
"3764",2004,111,0.0765938483962427
"3765",2004,112,0.0708914421669099
"3766",2004,113,0.0719672390315969
"3767",2004,114,0.073330185662957
"3768",2004,115,0.0712592133809899
"3769",2004,116,0.0742799723096558
"3770",2004,117,0.0735258391183981
"3771",2004,118,0.0765249655557382
"3772",2004,119,0.0789514330987112
"3773",2004,120,0.0827019721051245
"3774",2004,121,0.0844268256590896
"3775",2004,122,0.0784921268451197
"3776",2004,123,0.078163174412162
"3777",2004,124,0.084865384708556
"3778",2004,125,0.092851987440073
"3779",2004,126,0.0996544330108239
"3780",2004,127,0.106435185530175
"3781",2004,128,0.105892106537516
"3782",2004,129,0.309448459636943
"3783",2004,130,0.317392156386766
"3784",2004,131,0.31174782066939
"3785",2004,132,0.288336661952186
"3786",2004,133,0.288022148040411
"3787",2004,134,0.282190342343936
"3788",2004,135,0.257827929122834
"3789",2004,136,0.123636897618438
"3790",2004,137,0.127087933715517
"3791",2004,138,0.14047593721364
"3792",2004,139,0.146810213031571
"3793",2004,140,0.150301687627247
"3794",2004,141,0.152527483650122
"3795",2004,142,0.154058480121741
"3796",2004,143,0.15628621512073
"3797",2004,144,0.15735739767541
"3798",2004,145,0.165156799452937
"3799",2004,146,0.170464381287711
"3800",2004,147,0.170804538947994
"3801",2004,148,0.170308307954915
"3802",2004,149,0.162218205622053
"3803",2004,150,0.170475462048372
"3804",2004,151,0.175363760334915
"3805",2004,152,0.177054182717579
"3806",2004,153,0.185363969913694
"3807",2004,154,0.193317257874342
"3808",2004,155,0.401117514277531
"3809",2004,156,0.356562570184956
"3810",2004,157,0.401750090254779
"3811",2004,158,0.406780043970237
"3812",2004,159,0.375305561472499
"3813",2004,160,0.381636447678337
"3814",2004,161,0.380416249024178
"3815",2004,162,0.370789477762188
"3816",2004,163,0.215114846161992
"3817",2004,164,0.216941219165248
"3818",2004,165,0.22105071589617
"3819",2004,166,0.228489906554043
"3820",2004,167,0.234495754307754
"3821",2004,168,0.336696706927626
"3822",2004,169,0.222406402137169
"3823",2004,170,0.431541025224137
"3824",2004,171,0.417085399618649
"3825",2004,172,0.385215530232209
"3826",2004,173,0.385136219402143
"3827",2004,174,0.407518138928469
"3828",2004,175,0.391081452469964
"3829",2004,176,0.38709504035161
"3830",2004,177,0.362583917903593
"3831",2004,178,0.366959967252862
"3832",2004,179,0.352118358967413
"3833",2004,180,0.184402373720705
"3834",2004,181,0.184910062811112
"3835",2004,182,0.18964875611535
"3836",2004,183,0.147956556154226
"3837",2004,184,0.122413957577699
"3838",2004,185,0.10370974201604
"3839",2004,186,0.0894293915869688
"3840",2004,187,0.0772782364427712
"3841",2004,188,0.0693206468231414
"3842",2004,189,0.06261680708798
"3843",2004,190,0.0592141191814727
"3844",2004,191,0.033742474347682
"3845",2004,192,0.377918087817045
"3846",2004,193,0.271751726167558
"3847",2004,194,0.204227066283106
"3848",2004,195,0.350549877562757
"3849",2004,196,0.254216490426242
"3850",2004,197,0.150941732127235
"3851",2004,198,0.0313185810090022
"3852",2004,199,0.0308704764323586
"3853",2004,200,0.0276370950377034
"3854",2004,201,0.0278871852713045
"3855",2004,202,0.391864061785545
"3856",2004,203,0.368783398494739
"3857",2004,204,0.287882707315283
"3858",2004,205,0.211681253717859
"3859",2004,206,0.365656594225635
"3860",2004,207,0.362514830647658
"3861",2004,208,0.362573635371299
"3862",2004,209,0.380841209891563
"3863",2004,210,0.353253491631004
"3864",2004,211,0.357416493466868
"3865",2004,212,0.362182515815095
"3866",2004,213,0.360372812528444
"3867",2004,214,0.251152139302057
"3868",2004,215,0.209579348660394
"3869",2004,216,0.207993349280333
"3870",2004,217,0.207331760004859
"3871",2004,218,0.200652315144408
"3872",2004,219,0.200437658481564
"3873",2004,220,0.411927632621075
"3874",2004,221,0.401829571125911
"3875",2004,222,0.383081151010528
"3876",2004,223,0.35257337355699
"3877",2004,224,0.390296888363029
"3878",2004,225,0.383208747595513
"3879",2004,226,0.37576886859885
"3880",2004,227,0.363083551306341
"3881",2004,228,0.323014538778251
"3882",2004,229,0.349599869828874
"3883",2004,230,0.349661486557876
"3884",2004,231,0.349991141405609
"3885",2004,232,0.329607329657694
"3886",2004,233,0.3255706603834
"3887",2004,234,0.352128565012531
"3888",2004,235,0.315584424694178
"3889",2004,236,0.320591236347611
"3890",2004,237,0.316858627092852
"3891",2004,238,0.315756685328206
"3892",2004,239,0.341297567613798
"3893",2004,240,0.312556039498296
"3894",2004,241,0.290177312626589
"3895",2004,242,0.283570556126789
"3896",2004,243,0.304522367467765
"3897",2004,244,0.290160448027429
"3898",2004,245,0.280189419188228
"3899",2004,246,0.250299764476314
"3900",2004,247,0.259831600924985
"3901",2004,248,0.263987250112851
"3902",2004,249,0.255235483726296
"3903",2004,250,0.251194263102028
"3904",2004,251,0.226432799974582
"3905",2004,252,0.190703044041816
"3906",2004,253,0.0998892441651993
"3907",2004,254,0.0988833577652053
"3908",2004,255,0.10064267472683
"3909",2004,256,0.0999708481370227
"3910",2004,257,0.100776990653714
"3911",2004,258,0.0991402403004166
"3912",2004,259,0.0964893406877605
"3913",2004,260,0.0937009934631778
"3914",2004,261,0.0886389542095257
"3915",2004,262,0.0850440652385025
"3916",2004,263,0.232565161743369
"3917",2004,264,0.230432827985809
"3918",2004,265,0.219685850835451
"3919",2004,266,0.182774276953737
"3920",2004,267,0.207549599306741
"3921",2004,268,0.201368744755091
"3922",2004,269,0.182004604965705
"3923",2004,270,0.174506388485207
"3924",2004,271,0.147253341354626
"3925",2004,272,0.141599910061241
"3926",2004,273,0.172361914003914
"3927",2004,274,0.171333017685837
"3928",2004,275,0.143149405541642
"3929",2004,276,0.132989872568199
"3930",2004,277,0.140198078865917
"3931",2004,278,0.165464383626249
"3932",2004,279,0.157846742945403
"3933",2004,280,0.153124502038971
"3934",2004,281,0.151091805147985
"3935",2004,282,0.114351074363906
"3936",2004,283,0.108869120810013
"3937",2004,284,0.130385923886838
"3938",2004,285,0.128057443028415
"3939",2004,286,0.102905390957647
"3940",2004,287,0.0971069707054103
"3941",2004,288,0.0861632858549146
"3942",2004,289,0.0850600493644599
"3943",2004,290,0.09289652070323
"3944",2004,291,0.091186205556223
"3945",2004,292,0.0905999242864346
"3946",2004,293,0.0897558874006028
"3947",2004,294,0.0899405965872124
"3948",2004,295,0.115858943660832
"3949",2004,296,0.107433196741468
"3950",2004,297,0.0806344190802529
"3951",2004,298,0.077028577570281
"3952",2004,299,0.10400454414758
"3953",2004,300,0.10730681233429
"3954",2004,301,0.0796322280042798
"3955",2004,302,0.0797962170889252
"3956",2004,303,0.0728711307940002
"3957",2004,304,0.0935767348319402
"3958",2004,305,0.0859946695956417
"3959",2004,306,0.0766830522296165
"3960",2004,307,0.0413232415215329
"3961",2004,308,0.0450190374134886
"3962",2004,309,0.0496509836241738
"3963",2004,310,0.0507775455677067
"3964",2004,311,0.049669451444198
"3965",2004,312,0.0518788283537325
"3966",2004,313,0.0505409647176325
"3967",2004,314,0.0490235823379359
"3968",2004,315,0.0448970569455908
"3969",2004,316,0.0384989957394397
"3970",2004,317,0.0345558889451565
"3971",2004,318,0.0610861554156672
"3972",2004,319,0.0596081502069968
"3973",2004,320,0.0591547428273681
"3974",2004,321,0.0628013859820703
"3975",2004,322,0.036340796231625
"3976",2004,323,0.0369654009458065
"3977",2004,324,0.0373195482043306
"3978",2004,325,0.0377782889258279
"3979",2004,326,0.061191523170738
"3980",2004,327,0.0633802962699787
"3981",2004,328,0.05719182911735
"3982",2004,329,0.0306165299313868
"3983",2004,330,0.0311199108411645
"3984",2004,331,0.0320712778456121
"3985",2004,332,0.0326036389914151
"3986",2004,333,0.0587969879762938
"3987",2004,334,0.0306833808199277
"3988",2004,335,0.0235791562046253
"3989",2004,336,0.0242601725894348
"3990",2004,337,0.0261500285098379
"3991",2004,338,0.0262725248990909
"3992",2004,339,0.0298408094459752
"3993",2004,340,0.0312537324205968
"3994",2004,341,0.0312040791055967
"3995",2004,342,0.0271482492097838
"3996",2004,343,0.0280941684821086
"3997",2004,344,0.0297354171183864
"3998",2004,345,0.0293335318913453
"3999",2004,346,0.0297052829215226
"4000",2004,347,0.0310733463723728
"4001",2004,348,0.0244479216328066
"4002",2004,349,0.021141512054894
"4003",2004,350,0.0232778135281197
"4004",2004,351,0.0222144514945012
"4005",2004,352,0.0231910116297415
"4006",2004,353,0.0239255784140001
"4007",2004,354,0.024068744520584
"4008",2004,355,0.0259337552963065
"4009",2004,356,0.0275240514623177
"4010",2004,357,0.0416964167775554
"4011",2004,358,0.0229591252524223
"4012",2004,359,0.0138704951712691
"4013",2004,360,0.018051121621646
"4014",2004,361,0.0236845407590926
"4015",2004,362,0.0268488168608814
"4016",2004,363,0.0297162793472673
"4017",2004,364,0.0320270794960521
"4018",2004,365,0.0340228630113061
"4019",2005,1,0.0343717718108284
"4020",2005,2,0.033707159581611
"4021",2005,3,0.0348399175910353
"4022",2005,4,0.0361079671369802
"4023",2005,5,0.0299339488649927
"4024",2005,6,0.0262378047664542
"4025",2005,7,0.0211425928827629
"4026",2005,8,0.0102195204906571
"4027",2005,9,0.00737377150724798
"4028",2005,10,0.00595955596991817
"4029",2005,11,0.0048964332204262
"4030",2005,12,0.00398624752581363
"4031",2005,13,0.00283257990091527
"4032",2005,14,0.00278436829723346
"4033",2005,15,0.00303280240584293
"4034",2005,16,0.00266118547058413
"4035",2005,17,0.00259772941687788
"4036",2005,18,0.00265553688262916
"4037",2005,19,0.00274472027438196
"4038",2005,20,0.00277648634115495
"4039",2005,21,0.00262420421022949
"4040",2005,22,0.00239036447720503
"4041",2005,23,0.00224319006810478
"4042",2005,24,0.00255178286419117
"4043",2005,25,0.00246127642846452
"4044",2005,26,0.0701902245360351
"4045",2005,27,0.070545960238266
"4046",2005,28,0.0448122411726031
"4047",2005,29,0.045945528415801
"4048",2005,30,0.0447311406468121
"4049",2005,31,0.0396115196053464
"4050",2005,32,0.0617701627426367
"4051",2005,33,0.037726774163838
"4052",2005,34,0.0414489937381729
"4053",2005,35,0.043938307483233
"4054",2005,36,0.0746457146799577
"4055",2005,37,0.0523688506694967
"4056",2005,38,0.0554735548159196
"4057",2005,39,0.0582977107647992
"4058",2005,40,0.0586175862539607
"4059",2005,41,0.0572197903189295
"4060",2005,42,0.0618224859915407
"4061",2005,43,0.0927774892521108
"4062",2005,44,0.0697992747055266
"4063",2005,45,0.071796112505281
"4064",2005,46,0.0739094866916222
"4065",2005,47,0.0746667704754636
"4066",2005,48,0.0680751277804266
"4067",2005,49,0.0718656947108236
"4068",2005,50,0.0804264732529732
"4069",2005,51,0.081183544400981
"4070",2005,52,0.080104197272159
"4071",2005,53,0.0799235589921592
"4072",2005,54,0.0582874056884557
"4073",2005,55,0.0951502891550182
"4074",2005,56,0.0932243494941811
"4075",2005,57,0.0952819153588512
"4076",2005,58,0.0749111001543145
"4077",2005,59,0.0781744259056104
"4078",2005,60,0.0849556952733568
"4079",2005,61,0.0873537482308923
"4080",2005,62,0.0886559995768324
"4081",2005,63,0.0901838754262089
"4082",2005,64,0.0959003523470985
"4083",2005,65,0.0943440992202756
"4084",2005,66,0.0937297627738
"4085",2005,67,0.0944972763097092
"4086",2005,68,0.09591283521081
"4087",2005,69,0.0980350574339331
"4088",2005,70,0.0915820858919763
"4089",2005,71,0.0284290838518063
"4090",2005,72,0.0242902233396674
"4091",2005,73,0.0203411371363277
"4092",2005,74,0.124129037671419
"4093",2005,75,0.0840970263177324
"4094",2005,76,0.0894761833963482
"4095",2005,77,0.0754231790104697
"4096",2005,78,0.0250818893847888
"4097",2005,79,0.0243950535493704
"4098",2005,80,0.0238776339213712
"4099",2005,81,0.0233866356858996
"4100",2005,82,0.0249190719272106
"4101",2005,83,0.025426081905687
"4102",2005,84,0.025207931923655
"4103",2005,85,0.0237799794743799
"4104",2005,86,0.0234934654875479
"4105",2005,87,0.0275665192622685
"4106",2005,88,0.0291211700547615
"4107",2005,89,0.0286774870568982
"4108",2005,90,0.0272184826519129
"4109",2005,91,0.0263590034913188
"4110",2005,92,0.0290726273518285
"4111",2005,93,0.0331549570535189
"4112",2005,94,0.0363119356783864
"4113",2005,95,0.0368778413621269
"4114",2005,96,0.0339444567564014
"4115",2005,97,0.0355958255214416
"4116",2005,98,0.0403043394510618
"4117",2005,99,0.0412132379922053
"4118",2005,100,0.0392448426956412
"4119",2005,101,0.0378827485766543
"4120",2005,102,0.0412642800495818
"4121",2005,103,0.0448846952313854
"4122",2005,104,0.046965490392662
"4123",2005,105,0.0499309467509138
"4124",2005,106,0.050824984537563
"4125",2005,107,0.0521992982015491
"4126",2005,108,0.0570756766765282
"4127",2005,109,0.0588424299409736
"4128",2005,110,0.0603150848616796
"4129",2005,111,0.0603456346976617
"4130",2005,112,0.0614550981066885
"4131",2005,113,0.0619257029244411
"4132",2005,114,0.0647210786291367
"4133",2005,115,0.0630449991484191
"4134",2005,116,0.0653118424853774
"4135",2005,117,0.0704035059356054
"4136",2005,118,0.0765156731362886
"4137",2005,119,0.0769116047105541
"4138",2005,120,0.0730214476224317
"4139",2005,121,0.079145298701578
"4140",2005,122,0.076087208482075
"4141",2005,123,0.0754309436362849
"4142",2005,124,0.0844295552909083
"4143",2005,125,0.0907696498039607
"4144",2005,126,0.0962757722188084
"4145",2005,127,0.0970007185010528
"4146",2005,128,0.0968016732209111
"4147",2005,129,0.102327339175661
"4148",2005,130,0.110660078483017
"4149",2005,131,0.115878869706957
"4150",2005,132,0.117040815947582
"4151",2005,133,0.11950710676675
"4152",2005,134,0.115893842719627
"4153",2005,135,0.117266782334088
"4154",2005,136,0.119219809769917
"4155",2005,137,0.128982775037422
"4156",2005,138,0.131919240837745
"4157",2005,139,0.138015628126371
"4158",2005,140,0.143690481821855
"4159",2005,141,0.14801802701826
"4160",2005,142,0.15546310926324
"4161",2005,143,0.161651218772878
"4162",2005,144,0.167992497248571
"4163",2005,145,0.16863556874083
"4164",2005,146,0.155908754071059
"4165",2005,147,0.349198031920309
"4166",2005,148,0.343304542743408
"4167",2005,149,0.325980236576321
"4168",2005,150,0.33945616093648
"4169",2005,151,0.348153392587185
"4170",2005,152,0.204145150927585
"4171",2005,153,0.391475105459271
"4172",2005,154,0.345058269505462
"4173",2005,155,0.1832293659025
"4174",2005,156,0.1928012143814
"4175",2005,157,0.196064570077673
"4176",2005,158,0.205004003541375
"4177",2005,159,0.20598971606195
"4178",2005,160,0.211391527834084
"4179",2005,161,0.212968182952881
"4180",2005,162,0.208744073408296
"4181",2005,163,0.213927526118628
"4182",2005,164,0.218680354949676
"4183",2005,165,0.43069634066028
"4184",2005,166,0.387436279375141
"4185",2005,167,0.406896201256226
"4186",2005,168,0.409787872560058
"4187",2005,169,0.23490323604473
"4188",2005,170,0.231573318347011
"4189",2005,171,0.219374041987748
"4190",2005,172,0.206847557801243
"4191",2005,173,0.20365249299842
"4192",2005,174,0.207726652889096
"4193",2005,175,0.21082572962388
"4194",2005,176,0.200434270738221
"4195",2005,177,0.184654617400611
"4196",2005,178,0.158448437407941
"4197",2005,179,0.131740499834312
"4198",2005,180,0.12085007400278
"4199",2005,181,0.105217222951276
"4200",2005,182,0.0930447863751542
"4201",2005,183,0.45027639238678
"4202",2005,184,0.411361765714366
"4203",2005,185,0.402291287455219
"4204",2005,186,0.212021993194865
"4205",2005,187,0.109847411068419
"4206",2005,188,0.362175076404496
"4207",2005,189,0.246853637394978
"4208",2005,190,0.275597907161131
"4209",2005,191,0.324575995004216
"4210",2005,192,0.21701033888314
"4211",2005,193,0.0365919831618713
"4212",2005,194,0.0347153682763142
"4213",2005,195,0.034241803594126
"4214",2005,196,0.0328134720881651
"4215",2005,197,0.0311774290252004
"4216",2005,198,0.0310976769454327
"4217",2005,199,0.0307960358261074
"4218",2005,200,0.0296834632413236
"4219",2005,201,0.0289678142763436
"4220",2005,202,0.0274076520753032
"4221",2005,203,0.0270037963930595
"4222",2005,204,0.0253197851448949
"4223",2005,205,0.0233309015720812
"4224",2005,206,0.0161602716505872
"4225",2005,207,0.411365461261429
"4226",2005,208,0.370624121185447
"4227",2005,209,0.366259330018054
"4228",2005,210,0.353274466307268
"4229",2005,211,0.360919472576321
"4230",2005,212,0.354359957012454
"4231",2005,213,0.245732832544246
"4232",2005,214,0.187547513275397
"4233",2005,215,0.18165197738664
"4234",2005,216,0.378141300372953
"4235",2005,217,0.3532941800134
"4236",2005,218,0.349382164994053
"4237",2005,219,0.376851611477283
"4238",2005,220,0.385786928692974
"4239",2005,221,0.361085244844064
"4240",2005,222,0.363506078653921
"4241",2005,223,0.395721914244821
"4242",2005,224,0.352879513469911
"4243",2005,225,0.383729530670277
"4244",2005,226,0.379056709155077
"4245",2005,227,0.373614011688563
"4246",2005,228,0.37496144310694
"4247",2005,229,0.38059794708199
"4248",2005,230,0.348967065056561
"4249",2005,231,0.343346464376592
"4250",2005,232,0.360884489374327
"4251",2005,233,0.33171119836314
"4252",2005,234,0.327808934429501
"4253",2005,235,0.327720103328031
"4254",2005,236,0.323270639243754
"4255",2005,237,0.321927623545792
"4256",2005,238,0.275295011997748
"4257",2005,239,0.16685310233477
"4258",2005,240,0.333918399748089
"4259",2005,241,0.281669194866583
"4260",2005,242,0.287102455694391
"4261",2005,243,0.290785622622873
"4262",2005,244,0.156306636958598
"4263",2005,245,0.138490287135186
"4264",2005,246,0.300692377542343
"4265",2005,247,0.298139779185705
"4266",2005,248,0.288283506035397
"4267",2005,249,0.257876933792896
"4268",2005,250,0.247010093736632
"4269",2005,251,0.236107025911281
"4270",2005,252,0.235001375844146
"4271",2005,253,0.271241658092476
"4272",2005,254,0.239147059405226
"4273",2005,255,0.26828146435253
"4274",2005,256,0.244814419396916
"4275",2005,257,0.243092485158652
"4276",2005,258,0.230266231083129
"4277",2005,259,0.220467642265129
"4278",2005,260,0.103587065600006
"4279",2005,261,0.0977488858320584
"4280",2005,262,0.0919768921396856
"4281",2005,263,0.0843866650055243
"4282",2005,264,0.0801962296615481
"4283",2005,265,0.0770197486168266
"4284",2005,266,0.0736728095229159
"4285",2005,267,0.0713990993282266
"4286",2005,268,0.0712510054508639
"4287",2005,269,0.0693744074762856
"4288",2005,270,0.0652082856152783
"4289",2005,271,0.0612835958487284
"4290",2005,272,0.0535203710211238
"4291",2005,273,0.054066510133258
"4292",2005,274,0.0534527675172029
"4293",2005,275,0.0517038219070946
"4294",2005,276,0.0494407709677649
"4295",2005,277,0.0472360215579243
"4296",2005,278,0.0433838429318859
"4297",2005,279,0.135655773441652
"4298",2005,280,0.104018543859893
"4299",2005,281,0.115696074977902
"4300",2005,282,0.147522470071193
"4301",2005,283,0.104255921668621
"4302",2005,284,0.103837376172447
"4303",2005,285,0.129098538244732
"4304",2005,286,0.118370381265845
"4305",2005,287,0.118927808765948
"4306",2005,288,0.11771142714728
"4307",2005,289,0.0956413635052268
"4308",2005,290,0.098901119580966
"4309",2005,291,0.0999930400846866
"4310",2005,292,0.0991357241439585
"4311",2005,293,0.0894709758500646
"4312",2005,294,0.0863082348240622
"4313",2005,295,0.0841736722320833
"4314",2005,296,0.0755830826026105
"4315",2005,297,0.0673731087594475
"4316",2005,298,0.0697867200956175
"4317",2005,299,0.0711409046089349
"4318",2005,300,0.0681393980833113
"4319",2005,301,0.0656272157423778
"4320",2005,302,0.0687419328632709
"4321",2005,303,0.0675377291319287
"4322",2005,304,0.0574236651541318
"4323",2005,305,0.047694924996204
"4324",2005,306,0.0300626989859463
"4325",2005,307,0.0220510038791821
"4326",2005,308,0.0190308657427915
"4327",2005,309,0.0167901623601329
"4328",2005,310,0.0154371624060927
"4329",2005,311,0.00951527641709899
"4330",2005,312,0.00925146827889645
"4331",2005,313,0.0083767400109555
"4332",2005,314,0.00740257405036514
"4333",2005,315,0.0072380508433214
"4334",2005,316,0.00630925393597945
"4335",2005,317,0.00539027311237026
"4336",2005,318,0.0054527996497411
"4337",2005,319,0.0047637866911748
"4338",2005,320,0.00374924563826639
"4339",2005,321,0.00391206129799948
"4340",2005,322,0.00356795700943959
"4341",2005,323,0.00334330934547448
"4342",2005,324,0.00328742431174581
"4343",2005,325,0.00351290660650557
"4344",2005,326,0.00355174075309194
"4345",2005,327,0.00354368640901166
"4346",2005,328,0.00369323267037337
"4347",2005,329,0.00356514634880871
"4348",2005,330,0.00312160058185698
"4349",2005,331,0.00274297089298788
"4350",2005,332,0.00211078379441456
"4351",2005,333,0.00220806411741679
"4352",2005,334,0.00242313842706367
"4353",2005,335,0.00232862377871174
"4354",2005,336,0.00254511605504198
"4355",2005,337,0.00241104171669153
"4356",2005,338,0.00207542314533679
"4357",2005,339,0.00169690296186928
"4358",2005,340,0.00161303796109625
"4359",2005,341,0.00129065889249412
"4360",2005,342,0.00103200917813693
"4361",2005,343,0.00140466916882214
"4362",2005,344,0.00151855080766038
"4363",2005,345,0.00145829196545048
"4364",2005,346,0.00161359659626876
"4365",2005,347,0.00166301743343752
"4366",2005,348,0.00140444341821243
"4367",2005,349,0.0010626503955283
"4368",2005,350,0.00111051919680566
"4369",2005,351,0.00113944341025085
"4370",2005,352,0.00123140033823954
"4371",2005,353,0.00123088080947375
"4372",2005,354,0.00118605418444752
"4373",2005,355,0.00119431614618657
"4374",2005,356,0.00127975934182894
"4375",2005,357,0.0013705328119052
"4376",2005,358,0.00129121753734184
"4377",2005,359,0.0013146509140243
"4378",2005,360,0.00133872965958423
"4379",2005,361,0.00138345454802695
"4380",2005,362,0.00137480368861236
"4381",2005,363,0.00132107507854365
"4382",2005,364,0.00130882716039727
"4383",2005,365,0.00134496722154163
"4384",2006,1,0.00137554295992426
"4385",2006,2,0.00138154903062375
"4386",2006,3,0.00143853750053421
"4387",2006,4,0.00136861639146141
"4388",2006,5,0.00111416671832196
"4389",2006,6,0.00112481847796748
"4390",2006,7,0.00129069170150814
"4391",2006,8,0.00133154171999121
"4392",2006,9,0.00125492690140087
"4393",2006,10,0.00103549271868764
"4394",2006,11,0.00121756509320014
"4395",2006,12,0.00127832050436633
"4396",2006,13,0.00113745501130671
"4397",2006,14,0.00110462719762518
"4398",2006,15,0.00133641184813438
"4399",2006,16,0.00117418241690896
"4400",2006,17,0.00100710926869568
"4401",2006,18,0.00118982072559598
"4402",2006,19,0.00135639878286315
"4403",2006,20,0.00128305006693176
"4404",2006,21,0.0011517729535577
"4405",2006,22,0.00119446298745924
"4406",2006,23,0.0012002469445926
"4407",2006,24,0.00126920233583227
"4408",2006,25,0.00134552794370141
"4409",2006,26,0.00141621413634454
"4410",2006,27,0.00147196263477685
"4411",2006,28,0.00140707098393343
"4412",2006,29,0.00147791384435151
"4413",2006,30,0.0015030579315647
"4414",2006,31,0.00162553745749896
"4415",2006,32,0.00159616268462353
"4416",2006,33,0.00169228099822333
"4417",2006,34,0.00154223950158881
"4418",2006,35,0.00154390448452901
"4419",2006,36,0.00165763600295182
"4420",2006,37,0.00146668130636914
"4421",2006,38,0.00139747603599611
"4422",2006,39,0.00158305943156942
"4423",2006,40,0.00163564340340439
"4424",2006,41,0.00144316405778774
"4425",2006,42,0.00126495420639418
"4426",2006,43,0.00136624371824553
"4427",2006,44,0.00160868793190765
"4428",2006,45,0.00180357478848388
"4429",2006,46,0.00196173711690555
"4430",2006,47,0.00278974097791236
"4431",2006,48,0.00220952436858817
"4432",2006,49,0.00210356169252787
"4433",2006,50,0.00277872290370617
"4434",2006,51,0.00355228833462932
"4435",2006,52,0.0040402272419791
"4436",2006,53,0.0042404923255333
"4437",2006,54,0.00461429202591103
"4438",2006,55,0.00494148941533618
"4439",2006,56,0.00522783582273434
"4440",2006,57,0.00553537487182786
"4441",2006,58,0.00644265179328446
"4442",2006,59,0.00729624944370215
"4443",2006,60,0.00781545675743194
"4444",2006,61,0.00830797438857753
"4445",2006,62,0.0083356724890014
"4446",2006,63,0.00911304438268421
"4447",2006,64,0.00943881573272856
"4448",2006,65,0.0103157997241779
"4449",2006,66,0.0108935394106325
"4450",2006,67,0.0104786648740946
"4451",2006,68,0.00982095452739467
"4452",2006,69,0.0105368801507234
"4453",2006,70,0.0113700375536741
"4454",2006,71,0.0119962754192593
"4455",2006,72,0.0114186408479508
"4456",2006,73,0.0118918250800131
"4457",2006,74,0.0138026614286099
"4458",2006,75,0.0152309953783146
"4459",2006,76,0.0158022783316157
"4460",2006,77,0.0165428347552335
"4461",2006,78,0.0168339793837267
"4462",2006,79,0.014213589472772
"4463",2006,80,0.0149481128612588
"4464",2006,81,0.0157750965616216
"4465",2006,82,0.014676312014143
"4466",2006,83,0.0162348036404994
"4467",2006,84,0.0199116850016302
"4468",2006,85,0.0229071601058764
"4469",2006,86,0.0239407246787466
"4470",2006,87,0.0244057898010312
"4471",2006,88,0.0259209691630007
"4472",2006,89,0.0271656706153397
"4473",2006,90,0.0290606088317558
"4474",2006,91,0.0306622875420711
"4475",2006,92,0.0311269720264557
"4476",2006,93,0.0318278828089358
"4477",2006,94,0.0344330630071621
"4478",2006,95,0.0368753906169317
"4479",2006,96,0.0362856252435112
"4480",2006,97,0.0341724797925285
"4481",2006,98,0.0343117919902478
"4482",2006,99,0.0381203320290577
"4483",2006,100,0.0425129674089751
"4484",2006,101,0.0441617305666207
"4485",2006,102,0.0459762301114206
"4486",2006,103,0.0485514251782049
"4487",2006,104,0.0515437343335685
"4488",2006,105,0.0519623173616849
"4489",2006,106,0.0517364532214844
"4490",2006,107,0.0527036621877166
"4491",2006,108,0.0545948182877593
"4492",2006,109,0.054684429884674
"4493",2006,110,0.0578272252705197
"4494",2006,111,0.0593850015421461
"4495",2006,112,0.064896170873644
"4496",2006,113,0.0689395876765186
"4497",2006,114,0.0699931646360987
"4498",2006,115,0.0669716739000975
"4499",2006,116,0.0687581675247746
"4500",2006,117,0.0747278779234265
"4501",2006,118,0.0743846330271638
"4502",2006,119,0.0695471377881438
"4503",2006,120,0.0767780723072614
"4504",2006,121,0.0841355230417302
"4505",2006,122,0.0890663101689638
"4506",2006,123,0.0914851446260709
"4507",2006,124,0.0911956368923976
"4508",2006,125,0.0919758023841482
"4509",2006,126,0.0946870474237835
"4510",2006,127,0.0960004557104626
"4511",2006,128,0.0981455226319935
"4512",2006,129,0.100950047136391
"4513",2006,130,0.105155796938781
"4514",2006,131,0.103863127013813
"4515",2006,132,0.114302501356642
"4516",2006,133,0.121179695740514
"4517",2006,134,0.123527429134749
"4518",2006,135,0.115371502356938
"4519",2006,136,0.116655925262262
"4520",2006,137,0.12001437965063
"4521",2006,138,0.130050467818335
"4522",2006,139,0.13759210343817
"4523",2006,140,0.143247864026984
"4524",2006,141,0.150463184964034
"4525",2006,142,0.153863552622817
"4526",2006,143,0.156503824275848
"4527",2006,144,0.156538449745583
"4528",2006,145,0.159974069875011
"4529",2006,146,0.164533167186877
"4530",2006,147,0.164557461729482
"4531",2006,148,0.164039745474629
"4532",2006,149,0.167393311761887
"4533",2006,150,0.169280701131311
"4534",2006,151,0.375079263399855
"4535",2006,152,0.356230393957038
"4536",2006,153,0.310940895142956
"4537",2006,154,0.17509314303955
"4538",2006,155,0.185966614827621
"4539",2006,156,0.193440846639328
"4540",2006,157,0.198384192260198
"4541",2006,158,0.203180670366706
"4542",2006,159,0.196258970336675
"4543",2006,160,0.19883201032389
"4544",2006,161,0.20247507208681
"4545",2006,162,0.209877061476673
"4546",2006,163,0.19998529321838
"4547",2006,164,0.176538153066066
"4548",2006,165,0.156209523404354
"4549",2006,166,0.134471999921149
"4550",2006,167,0.122802536662098
"4551",2006,168,0.095986352925167
"4552",2006,169,0.090331825574803
"4553",2006,170,0.0853344879371842
"4554",2006,171,0.0788631164360619
"4555",2006,172,0.0659274098093016
"4556",2006,173,0.0438249599758089
"4557",2006,174,0.0351715163444282
"4558",2006,175,0.0348076474018667
"4559",2006,176,0.0329019981832712
"4560",2006,177,0.030872965656253
"4561",2006,178,0.0304916110313077
"4562",2006,179,0.346643578837533
"4563",2006,180,0.266992998733304
"4564",2006,181,0.193994414646682
"4565",2006,182,0.0342167548864372
"4566",2006,183,0.0328703667942845
"4567",2006,184,0.0323626935864024
"4568",2006,185,0.0315579570964236
"4569",2006,186,0.0303600817590106
"4570",2006,187,0.351851747644997
"4571",2006,188,0.235145094431712
"4572",2006,189,0.139468877949068
"4573",2006,190,0.0155477041921162
"4574",2006,191,0.0153630813675236
"4575",2006,192,0.0149015519797945
"4576",2006,193,0.317678493476686
"4577",2006,194,0.197373919555957
"4578",2006,195,0.0148992478680382
"4579",2006,196,0.305530476313485
"4580",2006,197,0.195137118939864
"4581",2006,198,0.0176299837240103
"4582",2006,199,0.0166754264262384
"4583",2006,200,0.0155543073519783
"4584",2006,201,0.0148099624374
"4585",2006,202,0.0141355162843322
"4586",2006,203,0.267730273304139
"4587",2006,204,0.152857596002053
"4588",2006,205,0.0095458867102362
"4589",2006,206,0.00954854350532812
"4590",2006,207,0.0096945714529137
"4591",2006,208,0.00950707390989606
"4592",2006,209,0.00885708396294129
"4593",2006,210,0.00871676835623518
"4594",2006,211,0.389475463541103
"4595",2006,212,0.398457130600518
"4596",2006,213,0.3933828240822
"4597",2006,214,0.392247344195998
"4598",2006,215,0.381832254511714
"4599",2006,216,0.382667113707694
"4600",2006,217,0.363403318457822
"4601",2006,218,0.367941177939667
"4602",2006,219,0.361618187365422
"4603",2006,220,0.329813700070177
"4604",2006,221,0.202694288839805
"4605",2006,222,0.202430888608757
"4606",2006,223,0.410604370569744
"4607",2006,224,0.31972258161627
"4608",2006,225,0.343658273825975
"4609",2006,226,0.346725163743712
"4610",2006,227,0.380048821199374
"4611",2006,228,0.375003282856651
"4612",2006,229,0.35259098537299
"4613",2006,230,0.351448289956676
"4614",2006,231,0.377200996227206
"4615",2006,232,0.364698528952557
"4616",2006,233,0.301863996143354
"4617",2006,234,0.244019321823141
"4618",2006,235,0.0425228461842649
"4619",2006,236,0.0255042729155086
"4620",2006,237,0.022891776676259
"4621",2006,238,0.0205569503439312
"4622",2006,239,0.33867154049799
"4623",2006,240,0.296565353798604
"4624",2006,241,0.314303088994866
"4625",2006,242,0.287138223284766
"4626",2006,243,0.317824046314038
"4627",2006,244,0.305662506918104
"4628",2006,245,0.296410375686153
"4629",2006,246,0.283160242772247
"4630",2006,247,0.279498738845397
"4631",2006,248,0.269564828267802
"4632",2006,249,0.235009706549651
"4633",2006,250,0.231590657293068
"4634",2006,251,0.258509375368108
"4635",2006,252,0.233551217822864
"4636",2006,253,0.263656471673157
"4637",2006,254,0.236031832772701
"4638",2006,255,0.227474818817428
"4639",2006,256,0.2198137864092
"4640",2006,257,0.258837195432664
"4641",2006,258,0.23320948041392
"4642",2006,259,0.230584181185181
"4643",2006,260,0.215041133788954
"4644",2006,261,0.19501034890033
"4645",2006,262,0.189376150655683
"4646",2006,263,0.0834019584102573
"4647",2006,264,0.0804502910801563
"4648",2006,265,0.077595416721754
"4649",2006,266,0.0721731088921642
"4650",2006,267,0.0625099835579458
"4651",2006,268,0.0599364241896414
"4652",2006,269,0.0613033394249678
"4653",2006,270,0.0621540429234053
"4654",2006,271,0.0560507492448145
"4655",2006,272,0.0546154907900735
"4656",2006,273,0.0535655149827196
"4657",2006,274,0.0539768711862
"4658",2006,275,0.0515789303280172
"4659",2006,276,0.0504055554896275
"4660",2006,277,0.0470476925472977
"4661",2006,278,0.0433232940118725
"4662",2006,279,0.0404207958567634
"4663",2006,280,0.0388446797877826
"4664",2006,281,0.0371245260943355
"4665",2006,282,0.0336249401645053
"4666",2006,283,0.0320653048780749
"4667",2006,284,0.0299066717528221
"4668",2006,285,0.0284394384166489
"4669",2006,286,0.0255293972510147
"4670",2006,287,0.135428732332515
"4671",2006,288,0.133107345959747
"4672",2006,289,0.123832830246634
"4673",2006,290,0.0952626592841814
"4674",2006,291,0.0876922319348367
"4675",2006,292,0.08493408915016
"4676",2006,293,0.0813064624187168
"4677",2006,294,0.080489192904998
"4678",2006,295,0.0788609875793179
"4679",2006,296,0.0747132487876788
"4680",2006,297,0.0785650175171839
"4681",2006,298,0.0801801331613796
"4682",2006,299,0.0777100335630743
"4683",2006,300,0.0693837614866051
"4684",2006,301,0.0630799245057082
"4685",2006,302,0.0657661969420314
"4686",2006,303,0.068305732298494
"4687",2006,304,0.063098071535343
"4688",2006,305,0.0552307678741467
"4689",2006,306,0.0285285891687808
"4690",2006,307,0.0198336564703214
"4691",2006,308,0.0181070894006987
"4692",2006,309,0.0167089941191964
"4693",2006,310,0.0143044297421545
"4694",2006,311,0.00857242512587218
"4695",2006,312,0.00834705410281997
"4696",2006,313,0.00789539255819876
"4697",2006,314,0.00707497718763088
"4698",2006,315,0.00596444731440985
"4699",2006,316,0.00609046098929442
"4700",2006,317,0.00549967167472728
"4701",2006,318,0.00500095450815262
"4702",2006,319,0.00440991921408207
"4703",2006,320,0.00399755923940613
"4704",2006,321,0.00443319334561192
"4705",2006,322,0.00416274592823816
"4706",2006,323,0.00379986312456871
"4707",2006,324,0.00350554662961585
"4708",2006,325,0.00357911539618323
"4709",2006,326,0.00357514275500159
"4710",2006,327,0.00353478782404312
"4711",2006,328,0.00341760688576116
"4712",2006,329,0.00316378007672856
"4713",2006,330,0.00292871580501034
"4714",2006,331,0.0028001570922211
"4715",2006,332,0.0026572197244429
"4716",2006,333,0.00243715108302128
"4717",2006,334,0.00168342144065643
"4718",2006,335,0.00168776753483399
"4719",2006,336,0.00170595490729773
"4720",2006,337,0.00144555018478275
"4721",2006,338,0.00141249268693803
"4722",2006,339,0.00177426928530088
"4723",2006,340,0.00173925212836423
"4724",2006,341,0.00130704422542098
"4725",2006,342,0.0011670198092252
"4726",2006,343,0.00126209314226935
"4727",2006,344,0.001362971301691
"4728",2006,345,0.00129933644700173
"4729",2006,346,0.00124375315694161
"4730",2006,347,0.00117940636083458
"4731",2006,348,0.00122058243703293
"4732",2006,349,0.00135760439753337
"4733",2006,350,0.00127656561746948
"4734",2006,351,0.00122387683834187
"4735",2006,352,0.00115153019038623
"4736",2006,353,0.0509334488514465
"4737",2006,354,0.0227508950800361
"4738",2006,355,0.0231886866484505
"4739",2006,356,0.0233783443493144
"4740",2006,357,0.0220681862013469
"4741",2006,358,0.0238081329923255
"4742",2006,359,0.0228659060214656
"4743",2006,360,0.0259229713275312
"4744",2006,361,0.0288097748569291
"4745",2006,362,0.0285432232015006
"4746",2006,363,0.0431178328588053
"4747",2006,364,0.0279089182302097
"4748",2006,365,0.0253357805550949
"4749",2006,366,0.0249412236890483
"4750",2007,1,0.0249816478235963
"4751",2007,2,0.0243004369923482
"4752",2007,3,0.023848840559002
"4753",2007,4,0.0296265459013399
"4754",2007,5,0.0327690767660457
"4755",2007,6,0.0252038888837737
"4756",2007,7,0.0253254583983829
"4757",2007,8,0.0290764491591968
"4758",2007,9,0.0298869701227459
"4759",2007,10,0.0338481931814074
"4760",2007,11,0.0375786922903867
"4761",2007,12,0.0385890332189782
"4762",2007,13,0.0361057222785475
"4763",2007,14,0.0341934766825449
"4764",2007,15,0.0222060711072544
"4765",2007,16,0.0263898738926611
"4766",2007,17,0.0300069180785025
"4767",2007,18,0.0417112595339343
"4768",2007,19,0.0448503267102443
"4769",2007,20,0.0455549688413782
"4770",2007,21,0.0434796335895225
"4771",2007,22,0.0346911101906313
"4772",2007,23,0.0339565893448653
"4773",2007,24,0.0364575001503949
"4774",2007,25,0.0452180368165183
"4775",2007,26,0.0509715353859924
"4776",2007,27,0.0768595278871244
"4777",2007,28,0.0758630866427255
"4778",2007,29,0.0422490129473685
"4779",2007,30,0.0426355430126135
"4780",2007,31,0.0703572935680804
"4781",2007,32,0.0443356567464036
"4782",2007,33,0.0436154603139633
"4783",2007,34,0.0467341723586679
"4784",2007,35,0.0508303370486383
"4785",2007,36,0.0541317116550352
"4786",2007,37,0.0588872800896402
"4787",2007,38,0.0634534776606927
"4788",2007,39,0.0670984416795337
"4789",2007,40,0.068300236544146
"4790",2007,41,0.0671843601274491
"4791",2007,42,0.0693030600902808
"4792",2007,43,0.0648860909695104
"4793",2007,44,0.0590621799564418
"4794",2007,45,0.0532851349985267
"4795",2007,46,0.0557839527314041
"4796",2007,47,0.058189325278944
"4797",2007,48,0.0593771117329995
"4798",2007,49,0.0552281792942258
"4799",2007,50,0.0177052354660242
"4800",2007,51,0.0125846243623951
"4801",2007,52,0.0107387620061235
"4802",2007,53,0.0101004558360504
"4803",2007,54,0.0102804758683793
"4804",2007,55,0.0090023181218978
"4805",2007,56,0.0087329569674999
"4806",2007,57,0.0103718717204162
"4807",2007,58,0.0102216947928319
"4808",2007,59,0.0103018330878429
"4809",2007,60,0.00916190970238106
"4810",2007,61,0.00868519399735394
"4811",2007,62,0.00819666421969515
"4812",2007,63,0.00840079277717631
"4813",2007,64,0.00961661768998461
"4814",2007,65,0.0118760915081355
"4815",2007,66,0.0129354521537077
"4816",2007,67,0.0137501095380538
"4817",2007,68,0.014148848611134
"4818",2007,69,0.0149111763068185
"4819",2007,70,0.0155254523480005
"4820",2007,71,0.0133537011621025
"4821",2007,72,0.0154744025920395
"4822",2007,73,0.0175310849205312
"4823",2007,74,0.0176697866424789
"4824",2007,75,0.0174278582494145
"4825",2007,76,0.018569258913962
"4826",2007,77,0.0202776853040171
"4827",2007,78,0.0214999103867139
"4828",2007,79,0.0220601753090528
"4829",2007,80,0.0225300256347866
"4830",2007,81,0.0230696194062252
"4831",2007,82,0.170495778238573
"4832",2007,83,0.162105888577624
"4833",2007,84,0.166632763954763
"4834",2007,85,0.142377516823945
"4835",2007,86,0.149824962149076
"4836",2007,87,0.158539140564835
"4837",2007,88,0.144835907302452
"4838",2007,89,0.14526755591366
"4839",2007,90,0.142192949709014
"4840",2007,91,0.155136551761308
"4841",2007,92,0.164486510491499
"4842",2007,93,0.075440487071186
"4843",2007,94,0.0455729678811936
"4844",2007,95,0.0438520437892141
"4845",2007,96,0.0395297420591812
"4846",2007,97,0.031648159921274
"4847",2007,98,0.0364048445180345
"4848",2007,99,0.0433392912359697
"4849",2007,100,0.0452222512951398
"4850",2007,101,0.0455583959949378
"4851",2007,102,0.0471526196582789
"4852",2007,103,0.045875617341843
"4853",2007,104,0.0418617026261956
"4854",2007,105,0.0456300237092267
"4855",2007,106,0.0529809552028246
"4856",2007,107,0.0513857735825666
"4857",2007,108,0.0537889987000742
"4858",2007,109,0.0580276781454702
"4859",2007,110,0.0620723496365544
"4860",2007,111,0.065292443967404
"4861",2007,112,0.0628452588273947
"4862",2007,113,0.0674389413391404
"4863",2007,114,0.0677464294544472
"4864",2007,115,0.0668883502980133
"4865",2007,116,0.0702446531097363
"4866",2007,117,0.0764131730464624
"4867",2007,118,0.0749305722985908
"4868",2007,119,0.265361451515008
"4869",2007,120,0.238055058421108
"4870",2007,121,0.249435667786249
"4871",2007,122,0.253698339202293
"4872",2007,123,0.253861092692376
"4873",2007,124,0.261057361832277
"4874",2007,125,0.109950106485621
"4875",2007,126,0.10610134846767
"4876",2007,127,0.102663329353319
"4877",2007,128,0.27874227390334
"4878",2007,129,0.276613952545931
"4879",2007,130,0.25933523177102
"4880",2007,131,0.268287781419165
"4881",2007,132,0.272210140040528
"4882",2007,133,0.284475776044197
"4883",2007,134,0.324339726486437
"4884",2007,135,0.3232606634673
"4885",2007,136,0.310543373570433
"4886",2007,137,0.301509782859563
"4887",2007,138,0.282330311356986
"4888",2007,139,0.315051019337651
"4889",2007,140,0.332811179591515
"4890",2007,141,0.300753266982817
"4891",2007,142,0.309631105633438
"4892",2007,143,0.319043150106324
"4893",2007,144,0.315145378719781
"4894",2007,145,0.329933356637073
"4895",2007,146,0.309677019718456
"4896",2007,147,0.342446139150638
"4897",2007,148,0.327445388579
"4898",2007,149,0.338724942280925
"4899",2007,150,0.335142297016355
"4900",2007,151,0.184790249208632
"4901",2007,152,0.191751196508223
"4902",2007,153,0.188621400320506
"4903",2007,154,0.1903851684476
"4904",2007,155,0.184574559206332
"4905",2007,156,0.194633445579476
"4906",2007,157,0.207381342601702
"4907",2007,158,0.204436610299222
"4908",2007,159,0.199954625893074
"4909",2007,160,0.400979497039939
"4910",2007,161,0.366804327614364
"4911",2007,162,0.403988574069871
"4912",2007,163,0.363185440739891
"4913",2007,164,0.372384289139884
"4914",2007,165,0.381198916792857
"4915",2007,166,0.396588999163535
"4916",2007,167,0.367655867825995
"4917",2007,168,0.227360348772361
"4918",2007,169,0.234324867762094
"4919",2007,170,0.234100475825392
"4920",2007,171,0.224796530258529
"4921",2007,172,0.212523909453595
"4922",2007,173,0.217369468931958
"4923",2007,174,0.425585462865192
"4924",2007,175,0.385979248219668
"4925",2007,176,0.315628319352575
"4926",2007,177,0.22641989756721
"4927",2007,178,0.210387797026676
"4928",2007,179,0.203302127944159
"4929",2007,180,0.20223345450359
"4930",2007,181,0.204860233751457
"4931",2007,182,0.206252105363466
"4932",2007,183,0.202913495624204
"4933",2007,184,0.207370169109839
"4934",2007,185,0.195591019829806
"4935",2007,186,0.405652436333967
"4936",2007,187,0.393038346367214
"4937",2007,188,0.371501755172661
"4938",2007,189,0.382483659030478
"4939",2007,190,0.358100636608046
"4940",2007,191,0.352255497083755
"4941",2007,192,0.182205148489165
"4942",2007,193,0.172547141073748
"4943",2007,194,0.40976646670902
"4944",2007,195,0.345533855090393
"4945",2007,196,0.290679568088126
"4946",2007,197,0.115716149175475
"4947",2007,198,0.0947475627841256
"4948",2007,199,0.0901960429904805
"4949",2007,200,0.0726490161865733
"4950",2007,201,0.0662477483070341
"4951",2007,202,0.382077611790507
"4952",2007,203,0.383175503854629
"4953",2007,204,0.360998001866741
"4954",2007,205,0.362692816898576
"4955",2007,206,0.348239596451868
"4956",2007,207,0.181755154113642
"4957",2007,208,0.175811231377579
"4958",2007,209,0.163800156253522
"4959",2007,210,0.0661535531310252
"4960",2007,211,0.375080713234404
"4961",2007,212,0.388112824701151
"4962",2007,213,0.396764521496488
"4963",2007,214,0.391093207129743
"4964",2007,215,0.3897883636275
"4965",2007,216,0.363140237683123
"4966",2007,217,0.372111263943975
"4967",2007,218,0.374399228167058
"4968",2007,219,0.3662796949987
"4969",2007,220,0.248984590422915
"4970",2007,221,0.214525298339435
"4971",2007,222,0.210636140696915
"4972",2007,223,0.208262746466999
"4973",2007,224,0.206160189484419
"4974",2007,225,0.199554452720215
"4975",2007,226,0.194684573087735
"4976",2007,227,0.179205149428599
"4977",2007,228,0.155135766702114
"4978",2007,229,0.120404924930474
"4979",2007,230,0.111331714446714
"4980",2007,231,0.0879286732344994
"4981",2007,232,0.083260034958861
"4982",2007,233,0.310239548995038
"4983",2007,234,0.216781566793887
"4984",2007,235,0.0562349140495482
"4985",2007,236,0.0532107980717238
"4986",2007,237,0.194829957967119
"4987",2007,238,0.0250315938527643
"4988",2007,239,0.0238295035182176
"4989",2007,240,0.0228708848814412
"4990",2007,241,0.0202742961681059
"4991",2007,242,0.310682254440334
"4992",2007,243,0.310903308761003
"4993",2007,244,0.27440050730214
"4994",2007,245,0.265577242022401
"4995",2007,246,0.251032544870735
"4996",2007,247,0.224181996367816
"4997",2007,248,0.09923231696563
"4998",2007,249,0.0749305527669148
"4999",2007,250,0.0226513003054773
"5000",2007,251,0.290988593923017
"5001",2007,252,0.22896321749844
"5002",2007,253,0.268767928013071
"5003",2007,254,0.217425352989723
"5004",2007,255,0.19394815085994
"5005",2007,256,0.179026311976122
"5006",2007,257,0.142518837125763
"5007",2007,258,0.026757208321761
"5008",2007,259,0.0155071113621542
"5009",2007,260,0.231630612811623
"5010",2007,261,0.195030330230112
"5011",2007,262,0.170198072950134
"5012",2007,263,0.230044198881866
"5013",2007,264,0.225999065523413
"5014",2007,265,0.199913339206772
"5015",2007,266,0.196227543347902
"5016",2007,267,0.184815263705222
"5017",2007,268,0.174350849119739
"5018",2007,269,0.106191963935093
"5019",2007,270,0.0492571755847333
"5020",2007,271,0.0455104898555681
"5021",2007,272,0.0328354314099399
"5022",2007,273,0.0180233615104947
"5023",2007,274,0.0150213291277692
"5024",2007,275,0.00885027331347988
"5025",2007,276,0.00830681786226609
"5026",2007,277,0.00755311668165643
"5027",2007,278,0.00498991588432027
"5028",2007,279,0.0046861412274414
"5029",2007,280,0.00432163859031191
"5030",2007,281,0.00382527310624037
"5031",2007,282,0.00352753433837275
"5032",2007,283,0.00355000812133923
"5033",2007,284,0.131863191175824
"5034",2007,285,0.0944676643891268
"5035",2007,286,0.0445740455299038
"5036",2007,287,0.0063442200023638
"5037",2007,288,0.00521297551090716
"5038",2007,289,0.00485342087184274
"5039",2007,290,0.00435528619144594
"5040",2007,291,0.00405900360566903
"5041",2007,292,0.00376480354063303
"5042",2007,293,0.00371364598397765
"5043",2007,294,0.00359555318041751
"5044",2007,295,0.00254105567915387
"5045",2007,296,0.00229120382144542
"5046",2007,297,0.00247573106971484
"5047",2007,298,0.00255069133970341
"5048",2007,299,0.00254164741307904
"5049",2007,300,0.00234359025299905
"5050",2007,301,0.00210043310913738
"5051",2007,302,0.00203985171307168
"5052",2007,303,0.00196157535727932
"5053",2007,304,0.00202614623408343
"5054",2007,305,0.00176611513866938
"5055",2007,306,0.00181233410580185
"5056",2007,307,0.00173379018771005
"5057",2007,308,0.00172696258385828
"5058",2007,309,0.00176784728577903
"5059",2007,310,0.00122986669287047
"5060",2007,311,0.00125659664511607
"5061",2007,312,0.00128877134745568
"5062",2007,313,0.00129307821573032
"5063",2007,314,0.00125285861348468
"5064",2007,315,0.00122747507178565
"5065",2007,316,0.00113697056701586
"5066",2007,317,0.00113341881662732
"5067",2007,318,0.0010781560370457
"5068",2007,319,0.000804681097401176
"5069",2007,320,0.000850425766114334
"5070",2007,321,0.000233539489171549
"5071",2007,322,0.000239184608902966
"5072",2007,323,0.000235988577171065
"5073",2007,324,0.000233605288171423
"5074",2007,325,0.000205826078539493
"5075",2007,326,0.000142605885543085
"5076",2007,327,0.000133392563531984
"5077",2007,328,0.0435625424853755
"5078",2007,329,0.0301584633719323
"5079",2007,330,0.0265944433696593
"5080",2007,331,0.0297661473445641
"5081",2007,332,0.0331613662601465
"5082",2007,333,0.033852896027452
"5083",2007,334,0.038193689694469
"5084",2007,335,0.0392704271938296
"5085",2007,336,0.0347757786712152
"5086",2007,337,0.0304652276316083
"5087",2007,338,0.0319391423469958
"5088",2007,339,0.0340919270864372
"5089",2007,340,0.0346230327460187
"5090",2007,341,0.0368360614840715
"5091",2007,342,0.0332518439317929
"5092",2007,343,0.030485056378161
"5093",2007,344,0.0540625512106164
"5094",2007,345,0.0297160077836771
"5095",2007,346,0.0251771128542443
"5096",2007,347,0.0244384250984717
"5097",2007,348,0.02792645091308
"5098",2007,349,0.0219616241386428
"5099",2007,350,0.0207326188261853
"5100",2007,351,0.0263228871185918
"5101",2007,352,0.0277437766078574
"5102",2007,353,0.0290288989355117
"5103",2007,354,0.028426262980178
"5104",2007,355,0.027053269130979
"5105",2007,356,0.020645571739499
"5106",2007,357,0.00783466767604972
"5107",2007,358,0.00511612134162267
"5108",2007,359,0.00418863382045933
"5109",2007,360,0.00325763323579454
"5110",2007,361,0.00288869510609515
"5111",2007,362,0.00224620232715336
"5112",2007,363,0.0023356682760478
"5113",2007,364,0.00242393151633105
"5114",2007,365,0.00232638435294022
"5115",2008,1,0.00167813275559131
"5116",2008,2,0.00162228875353581
"5117",2008,3,0.00190811096871806
"5118",2008,4,0.00207998628122202
"5119",2008,5,0.00221591775413596
"5120",2008,6,0.00226885693334245
"5121",2008,7,0.0020108752432771
"5122",2008,8,0.00174067739363466
"5123",2008,9,0.00170981910757051
"5124",2008,10,0.00157968437191319
"5125",2008,11,0.00154595297254681
"5126",2008,12,0.00134079407460825
"5127",2008,13,0.00132407759349568
"5128",2008,14,0.00120088503183091
"5129",2008,15,0.00122801388530996
"5130",2008,16,0.00122752563027012
"5131",2008,17,0.000968827282604532
"5132",2008,18,0.000997668017736883
"5133",2008,19,0.00112963885623494
"5134",2008,20,0.00124872889855526
"5135",2008,21,0.00136738379232032
"5136",2008,22,0.00143243271298467
"5137",2008,23,0.00146714763290033
"5138",2008,24,0.0630256737438123
"5139",2008,25,0.0412057382119161
"5140",2008,26,0.0476171230870855
"5141",2008,27,0.0525319156407951
"5142",2008,28,0.0545451225964418
"5143",2008,29,0.0489386176903731
"5144",2008,30,0.0483615776297115
"5145",2008,31,0.0402297499292167
"5146",2008,32,0.0440646986673885
"5147",2008,33,0.0525336590023974
"5148",2008,34,0.0591495803204264
"5149",2008,35,0.0615476636038069
"5150",2008,36,0.0496825808743955
"5151",2008,37,0.0473781043591785
"5152",2008,38,0.052242856553168
"5153",2008,39,0.0560522772967685
"5154",2008,40,0.0110458041686581
"5155",2008,41,0.0076095144921401
"5156",2008,42,0.00623560393230004
"5157",2008,43,0.00484433293810726
"5158",2008,44,0.00440283704952203
"5159",2008,45,0.00436579540994565
"5160",2008,46,0.00397563741154374
"5161",2008,47,0.00369461156196301
"5162",2008,48,0.00388214234122862
"5163",2008,49,0.00376350292394344
"5164",2008,50,0.00434889625436315
"5165",2008,51,0.00462358257299468
"5166",2008,52,0.00463825287022614
"5167",2008,53,0.00475363269488429
"5168",2008,54,0.0052208246077806
"5169",2008,55,0.0057045117938467
"5170",2008,56,0.00604841361325668
"5171",2008,57,0.00547409550521456
"5172",2008,58,0.00540595649792289
"5173",2008,59,0.00646562408271857
"5174",2008,60,0.00717704191097082
"5175",2008,61,0.00690690771858366
"5176",2008,62,0.00686023403576312
"5177",2008,63,0.00521114351239223
"5178",2008,64,0.00580501496907626
"5179",2008,65,0.00631284952221265
"5180",2008,66,0.00620602713074554
"5181",2008,67,0.00574006219802846
"5182",2008,68,0.00538558951138307
"5183",2008,69,0.00582240658141822
"5184",2008,70,0.00598594044041042
"5185",2008,71,0.00586963536830654
"5186",2008,72,0.00543337793950757
"5187",2008,73,0.00582991758799563
"5188",2008,74,0.00637690626401511
"5189",2008,75,0.00684449370579879
"5190",2008,76,0.00700041270093018
"5191",2008,77,0.00533973399115177
"5192",2008,78,0.00329025695195717
"5193",2008,79,0.00347769431035133
"5194",2008,80,0.00393529543505955
"5195",2008,81,0.00419880789100663
"5196",2008,82,0.00429585042222555
"5197",2008,83,0.00402752225447146
"5198",2008,84,0.00412601035881295
"5199",2008,85,0.00468491744945962
"5200",2008,86,0.00496819735313539
"5201",2008,87,0.00501989258862069
"5202",2008,88,0.00170802823072043
"5203",2008,89,0.00175288614261939
"5204",2008,90,0.00188235882317826
"5205",2008,91,0.00191948177543908
"5206",2008,92,0.00186990037811976
"5207",2008,93,0.00201573892661148
"5208",2008,94,0.00211959415701502
"5209",2008,95,0.00198424713553671
"5210",2008,96,0.00203349476308678
"5211",2008,97,0.00217686401569257
"5212",2008,98,0.00226474496633879
"5213",2008,99,0.00236165992882831
"5214",2008,100,0.00243676041712263
"5215",2008,101,0.0023402692249866
"5216",2008,102,0.00226298854336166
"5217",2008,103,0.00219157206869977
"5218",2008,104,0.00232515558312013
"5219",2008,105,0.00254908698510083
"5220",2008,106,0.00285578206519474
"5221",2008,107,0.00290501205533339
"5222",2008,108,0.00283557779262828
"5223",2008,109,0.00271000481450243
"5224",2008,110,0.00307798112358816
"5225",2008,111,0.00336453546177125
"5226",2008,112,0.00334056865439913
"5227",2008,113,0.00350064991271037
"5228",2008,114,0.00370659034488309
"5229",2008,115,0.00370319329616225
"5230",2008,116,0.0038185917835388
"5231",2008,117,0.00385954282497767
"5232",2008,118,0.003577021515501
"5233",2008,119,0.0037002008699399
"5234",2008,120,0.00410182215489006
"5235",2008,121,0.00440838096778652
"5236",2008,122,0.00458866021713858
"5237",2008,123,0.00452669943278733
"5238",2008,124,0.00459844905237227
"5239",2008,125,0.004946135548756
"5240",2008,126,0.0051620002601938
"5241",2008,127,0.0052865962116461
"5242",2008,128,0.00525716343651232
"5243",2008,129,0.00531431767732961
"5244",2008,130,0.00546992600700838
"5245",2008,131,0.00553636053604713
"5246",2008,132,0.00547922909939519
"5247",2008,133,0.00570279894878661
"5248",2008,134,0.00573180335658419
"5249",2008,135,0.00570041880220811
"5250",2008,136,0.00561472964863746
"5251",2008,137,0.218890927149597
"5252",2008,138,0.156888409789409
"5253",2008,139,0.0113429643179633
"5254",2008,140,0.0111184848877287
"5255",2008,141,0.0112377102632527
"5256",2008,142,0.0109117460390579
"5257",2008,143,0.00975429725197869
"5258",2008,144,0.00663743633558852
"5259",2008,145,0.00632522163442143
"5260",2008,146,0.00632801829901823
"5261",2008,147,0.00601291025190176
"5262",2008,148,0.00574190542249932
"5263",2008,149,0.0037288567900904
"5264",2008,150,0.00280704099308448
"5265",2008,151,0.00286943846565513
"5266",2008,152,0.0028921457229831
"5267",2008,153,0.0029837007589517
"5268",2008,154,0.00289029759314371
"5269",2008,155,0.0028713084945625
"5270",2008,156,0.00286111143719732
"5271",2008,157,0.00277067505802181
"5272",2008,158,0.00222178306022874
"5273",2008,159,0.00226697437196125
"5274",2008,160,0.433575328361497
"5275",2008,161,0.39334946108113
"5276",2008,162,0.405258959648279
"5277",2008,163,0.394654509668647
"5278",2008,164,0.169981301707826
"5279",2008,165,0.115647203404281
"5280",2008,166,0.0130321506993679
"5281",2008,167,0.00737531140585727
"5282",2008,168,0.00735732222163357
"5283",2008,169,0.00712992021698735
"5284",2008,170,0.00672814077836716
"5285",2008,171,0.00531312591332672
"5286",2008,172,0.00352893662089274
"5287",2008,173,0.00337864547922197
"5288",2008,174,0.00345757339124977
"5289",2008,175,0.00344829779101937
"5290",2008,176,0.00346511774098697
"5291",2008,177,0.437435998537063
"5292",2008,178,0.410420285992693
"5293",2008,179,0.402872895831155
"5294",2008,180,0.43118652854568
"5295",2008,181,0.360597197061412
"5296",2008,182,0.392591397175897
"5297",2008,183,0.396375941380834
"5298",2008,184,0.374186502058789
"5299",2008,185,0.40157681703061
"5300",2008,186,0.37617078296244
"5301",2008,187,0.363254173858208
"5302",2008,188,0.209889512643837
"5303",2008,189,0.166584527319331
"5304",2008,190,0.115479865026672
"5305",2008,191,0.0624984734943303
"5306",2008,192,0.0260469019003725
"5307",2008,193,0.00858023034589813
"5308",2008,194,0.302053754096504
"5309",2008,195,0.18450323926823
"5310",2008,196,0.329142562637548
"5311",2008,197,0.2121804121253
"5312",2008,198,0.397697164958191
"5313",2008,199,0.375558154965357
"5314",2008,200,0.269675807980564
"5315",2008,201,0.288701141099951
"5316",2008,202,0.327778121982758
"5317",2008,203,0.205325118524211
"5318",2008,204,0.385062017139244
"5319",2008,205,0.35814095045759
"5320",2008,206,0.382086883733368
"5321",2008,207,0.385068162253282
"5322",2008,208,0.399561436750977
"5323",2008,209,0.371915106356657
"5324",2008,210,0.378321232024691
"5325",2008,211,0.364161520956674
"5326",2008,212,0.416905204570185
"5327",2008,213,0.37201974503558
"5328",2008,214,0.375284922440206
"5329",2008,215,0.411107455699823
"5330",2008,216,0.37625311384447
"5331",2008,217,0.380220236137142
"5332",2008,218,0.364836232818583
"5333",2008,219,0.328097119014599
"5334",2008,220,0.201307919268251
"5335",2008,221,0.195627607791007
"5336",2008,222,0.187689083148281
"5337",2008,223,0.395732220034509
"5338",2008,224,0.407352641871711
"5339",2008,225,0.370751932961863
"5340",2008,226,0.362707509389564
"5341",2008,227,0.329718415149449
"5342",2008,228,0.387675669302974
"5343",2008,229,0.364558040486488
"5344",2008,230,0.366422752733631
"5345",2008,231,0.368101460072177
"5346",2008,232,0.323098076826484
"5347",2008,233,0.35361744043135
"5348",2008,234,0.314663141200987
"5349",2008,235,0.314854026149899
"5350",2008,236,0.32701175869645
"5351",2008,237,0.298434050358172
"5352",2008,238,0.299013103422024
"5353",2008,239,0.297916938450685
"5354",2008,240,0.320748537431578
"5355",2008,241,0.309820634287878
"5356",2008,242,0.297611934040779
"5357",2008,243,0.285398780101892
"5358",2008,244,0.296055568404703
"5359",2008,245,0.302662936549751
"5360",2008,246,0.299184477139302
"5361",2008,247,0.281027615168343
"5362",2008,248,0.254533334686115
"5363",2008,249,0.257772780165776
"5364",2008,250,0.257722983799586
"5365",2008,251,0.278345645809643
"5366",2008,252,0.263814992212615
"5367",2008,253,0.255216766935645
"5368",2008,254,0.257771186254384
"5369",2008,255,0.254684289975099
"5370",2008,256,0.255773940781983
"5371",2008,257,0.223459226703275
"5372",2008,258,0.231532096783687
"5373",2008,259,0.214167228073094
"5374",2008,260,0.18346801301856
"5375",2008,261,0.175160630134524
"5376",2008,262,0.178778977737917
"5377",2008,263,0.183328832047397
"5378",2008,264,0.182932521910684
"5379",2008,265,0.181361372811435
"5380",2008,266,0.178504974004889
"5381",2008,267,0.176523627531954
"5382",2008,268,0.158086121313877
"5383",2008,269,0.0743282087224285
"5384",2008,270,0.0648713058593015
"5385",2008,271,0.0611526124323398
"5386",2008,272,0.0568111027000114
"5387",2008,273,0.0536363895684062
"5388",2008,274,0.0519378474324647
"5389",2008,275,0.0496502910763688
"5390",2008,276,0.0483546309079468
"5391",2008,277,0.0469009958721651
"5392",2008,278,0.0466196339091834
"5393",2008,279,0.160811197900757
"5394",2008,280,0.119010884680533
"5395",2008,281,0.107366871516123
"5396",2008,282,0.0521122687785924
"5397",2008,283,0.145458685218359
"5398",2008,284,0.115366750619244
"5399",2008,285,0.0823490932959563
"5400",2008,286,0.0382125929940201
"5401",2008,287,0.139706368078657
"5402",2008,288,0.124577053627051
"5403",2008,289,0.113153202913831
"5404",2008,290,0.0861785048844567
"5405",2008,291,0.0876986482853159
"5406",2008,292,0.0867702621125771
"5407",2008,293,0.0901248587163623
"5408",2008,294,0.0911258701738074
"5409",2008,295,0.090475701762614
"5410",2008,296,0.0764911063465176
"5411",2008,297,0.0661328805721751
"5412",2008,298,0.0713136521532458
"5413",2008,299,0.0762942569639287
"5414",2008,300,0.0749808182524429
"5415",2008,301,0.0632349086578739
"5416",2008,302,0.0633131444011637
"5417",2008,303,0.0673553353535323
"5418",2008,304,0.0666276924678571
"5419",2008,305,0.0585153759602789
"5420",2008,306,0.0256261795842432
"5421",2008,307,0.0201445066113685
"5422",2008,308,0.0190254290125154
"5423",2008,309,0.0114395373467203
"5424",2008,310,0.0097095820164394
"5425",2008,311,0.00752798528971987
"5426",2008,312,0.00639512498691569
"5427",2008,313,0.00618037098772775
"5428",2008,314,0.00646736907586329
"5429",2008,315,0.00625237528421968
"5430",2008,316,0.00568190264722166
"5431",2008,317,0.00512093338456559
"5432",2008,318,0.00493893623003835
"5433",2008,319,0.00495149767136004
"5434",2008,320,0.00379277527641914
"5435",2008,321,0.00396211433887735
"5436",2008,322,0.00408984501736111
"5437",2008,323,0.00393220456008372
"5438",2008,324,0.00383448754562083
"5439",2008,325,0.00329838676122846
"5440",2008,326,0.00269461383519692
"5441",2008,327,0.00314294736025734
"5442",2008,328,0.00338022265925725
"5443",2008,329,0.00292414385592063
"5444",2008,330,0.00276977323162476
"5445",2008,331,0.00319084576796373
"5446",2008,332,0.00326793077958633
"5447",2008,333,0.00265588224277376
"5448",2008,334,0.00224681735015309
"5449",2008,335,0.00215912965585969
"5450",2008,336,0.00192400120205402
"5451",2008,337,0.00227731138907929
"5452",2008,338,0.00199946349209742
"5453",2008,339,0.00157497344869946
"5454",2008,340,0.00147978064611571
"5455",2008,341,0.00168860146233659
"5456",2008,342,0.00171244532586747
"5457",2008,343,0.00180959949885596
"5458",2008,344,0.0477469999240643
"5459",2008,345,0.0225727579596626
"5460",2008,346,0.023873064681083
"5461",2008,347,0.0248403280542986
"5462",2008,348,0.0310598383258487
"5463",2008,349,0.031268953447056
"5464",2008,350,0.0262734899093896
"5465",2008,351,0.0244326187001538
"5466",2008,352,0.0288091279834153
"5467",2008,353,0.0305872631901684
"5468",2008,354,0.0296756512731004
"5469",2008,355,0.0295539577636958
"5470",2008,356,0.0238515651833231
"5471",2008,357,0.0221981334972635
"5472",2008,358,0.0286417030738033
"5473",2008,359,0.0294236138242902
"5474",2008,360,0.0316111627121569
"5475",2008,361,0.0295038550637335
"5476",2008,362,0.0242916130911152
"5477",2008,363,0.0181101776157625
"5478",2008,364,0.0110019804719005
"5479",2008,365,0.00733537845385011
"5480",2009,1,0.00582540909131727
"5481",2009,2,0.0047582053398749
"5482",2009,3,0.00443850399280144
"5483",2009,4,0.00326669328003934
"5484",2009,5,0.00274355670225419
"5485",2009,6,0.00267998307422482
"5486",2009,7,0.00274380178507347
"5487",2009,8,0.00298482475146945
"5488",2009,9,0.00298781508055872
"5489",2009,10,0.00218679569501405
"5490",2009,11,0.00202160507580435
"5491",2009,12,0.00215552118290801
"5492",2009,13,0.00196258825930666
"5493",2009,14,0.00204358946086403
"5494",2009,15,0.00202696586392595
"5495",2009,16,0.00206396573767662
"5496",2009,17,0.00222331075321361
"5497",2009,18,0.00217233866643673
"5498",2009,19,0.00217159564284766
"5499",2009,20,0.00204132728514234
"5500",2009,21,0.0021453605228984
"5501",2009,22,0.0022844590140264
"5502",2009,23,0.00242134682383357
"5503",2009,24,0.00200972098887784
"5504",2009,25,0.00227098557063971
"5505",2009,26,0.00226701731472292
"5506",2009,27,0.00200519821705667
"5507",2009,28,0.00172972156897097
"5508",2009,29,0.00162565916230782
"5509",2009,30,0.00164908200615037
"5510",2009,31,0.00172157240957986
"5511",2009,32,0.00180578860342843
"5512",2009,33,0.0016435635302734
"5513",2009,34,0.00179510780695371
"5514",2009,35,0.00188219342022276
"5515",2009,36,0.00203245780982664
"5516",2009,37,0.00219326476675065
"5517",2009,38,0.00219504894654413
"5518",2009,39,0.00206597244936939
"5519",2009,40,0.00185571235366306
"5520",2009,41,0.00184496108522124
"5521",2009,42,0.00171575218354103
"5522",2009,43,0.00197859334597965
"5523",2009,44,0.00198861592429949
"5524",2009,45,0.00182331814052707
"5525",2009,46,0.00175723846004622
"5526",2009,47,0.00264492027181235
"5527",2009,48,0.00297762411288377
"5528",2009,49,0.00285266836423836
"5529",2009,50,0.00292468405727798
"5530",2009,51,0.00318720442091412
"5531",2009,52,0.0032083918119914
"5532",2009,53,0.00375677495408751
"5533",2009,54,0.00489399459652961
"5534",2009,55,0.00599614845517181
"5535",2009,56,0.00660450674309952
"5536",2009,57,0.00706510188339421
"5537",2009,58,0.00704776701178743
"5538",2009,59,0.00556689928589301
"5539",2009,60,0.00609425283969463
"5540",2009,61,0.00785684056802967
"5541",2009,62,0.0091314784477546
"5542",2009,63,0.00988209427773012
"5543",2009,64,0.0104260595262897
"5544",2009,65,0.0109444639934627
"5545",2009,66,0.0111459550696198
"5546",2009,67,0.0116856055079959
"5547",2009,68,0.0117421209927859
"5548",2009,69,0.130605474122814
"5549",2009,70,0.115547635280963
"5550",2009,71,0.108926682933048
"5551",2009,72,0.0869582406700267
"5552",2009,73,0.0906689321506423
"5553",2009,74,0.101823092202287
"5554",2009,75,0.11346940836378
"5555",2009,76,0.124536458386447
"5556",2009,77,0.130579299232155
"5557",2009,78,0.12969844599709
"5558",2009,79,0.136249712727658
"5559",2009,80,0.138400953816621
"5560",2009,81,0.136889183386829
"5561",2009,82,0.032316088722465
"5562",2009,83,0.0284545557494709
"5563",2009,84,0.028199318543818
"5564",2009,85,0.0281370774065787
"5565",2009,86,0.0240881891355057
"5566",2009,87,0.024039633229423
"5567",2009,88,0.0283844201832548
"5568",2009,89,0.0302067094949986
"5569",2009,90,0.0295290944601063
"5570",2009,91,0.0309525939664362
"5571",2009,92,0.0321755930824496
"5572",2009,93,0.0340296579172938
"5573",2009,94,0.0364379080539688
"5574",2009,95,0.0328472247693714
"5575",2009,96,0.0311616774414003
"5576",2009,97,0.0347304953319157
"5577",2009,98,0.0395334350449408
"5578",2009,99,0.0421465325683122
"5579",2009,100,0.0420030469871383
"5580",2009,101,0.0440032997740077
"5581",2009,102,0.0406304039211967
"5582",2009,103,0.0421028219411152
"5583",2009,104,0.0470666460129155
"5584",2009,105,0.0499763714037087
"5585",2009,106,0.0500248025915868
"5586",2009,107,0.0466431182605079
"5587",2009,108,0.0474334980924029
"5588",2009,109,0.0498432344400804
"5589",2009,110,0.0552105959338647
"5590",2009,111,0.0603430586951629
"5591",2009,112,0.0670891147086541
"5592",2009,113,0.0701979390808709
"5593",2009,114,0.0705043285497757
"5594",2009,115,0.0738546163824457
"5595",2009,116,0.0764060405861429
"5596",2009,117,0.0757288627564668
"5597",2009,118,0.0794177826143036
"5598",2009,119,0.0859978637839944
"5599",2009,120,0.0867366625732513
"5600",2009,121,0.0908586340807467
"5601",2009,122,0.0926040409411465
"5602",2009,123,0.0952212895035598
"5603",2009,124,0.0959025610132205
"5604",2009,125,0.101145665786967
"5605",2009,126,0.106365520065225
"5606",2009,127,0.110327831716832
"5607",2009,128,0.114879308638696
"5608",2009,129,0.110732002652859
"5609",2009,130,0.117258807087674
"5610",2009,131,0.116094038246046
"5611",2009,132,0.12197110474419
"5612",2009,133,0.12483273713051
"5613",2009,134,0.124164440617347
"5614",2009,135,0.341855047880152
"5615",2009,136,0.269635134994893
"5616",2009,137,0.1215051047212
"5617",2009,138,0.12834557983244
"5618",2009,139,0.130402275131638
"5619",2009,140,0.131448763883285
"5620",2009,141,0.321686266899259
"5621",2009,142,0.324748955934873
"5622",2009,143,0.321985125732443
"5623",2009,144,0.333606152966305
"5624",2009,145,0.35359286727858
"5625",2009,146,0.349673907417621
"5626",2009,147,0.349535761073792
"5627",2009,148,0.355263625968378
"5628",2009,149,0.326307409824084
"5629",2009,150,0.362625712645716
"5630",2009,151,0.375387082181524
"5631",2009,152,0.357313104091958
"5632",2009,153,0.355080161152943
"5633",2009,154,0.343231008659972
"5634",2009,155,0.38642445646926
"5635",2009,156,0.407376926660623
"5636",2009,157,0.412624596280971
"5637",2009,158,0.384368315409736
"5638",2009,159,0.354240248165932
"5639",2009,160,0.412740230769432
"5640",2009,161,0.387616342162456
"5641",2009,162,0.378932473854016
"5642",2009,163,0.225793262928956
"5643",2009,164,0.232518399348515
"5644",2009,165,0.23545777281881
"5645",2009,166,0.236790654748903
"5646",2009,167,0.235485149244679
"5647",2009,168,0.237149534856718
"5648",2009,169,0.422772468808124
"5649",2009,170,0.397749160176149
"5650",2009,171,0.38116555081549
"5651",2009,172,0.423081179982632
"5652",2009,173,0.396500196923632
"5653",2009,174,0.396221738362464
"5654",2009,175,0.392040668204373
"5655",2009,176,0.387056166478844
"5656",2009,177,0.233420975941834
"5657",2009,178,0.226797152378638
"5658",2009,179,0.217686257704086
"5659",2009,180,0.21166092202612
"5660",2009,181,0.411912913666884
"5661",2009,182,0.37409260762007
"5662",2009,183,0.386542498695679
"5663",2009,184,0.394041917126162
"5664",2009,185,0.427231038808226
"5665",2009,186,0.406364237865352
"5666",2009,187,0.378323429324837
"5667",2009,188,0.416101302487915
"5668",2009,189,0.3930949569013
"5669",2009,190,0.394030513109585
"5670",2009,191,0.308571904060949
"5671",2009,192,0.190858796427438
"5672",2009,193,0.192287867684591
"5673",2009,194,0.192182738778011
"5674",2009,195,0.19226804720029
"5675",2009,196,0.138000225015702
"5676",2009,197,0.172075493968582
"5677",2009,198,0.150325014286969
"5678",2009,199,0.128556520047816
"5679",2009,200,0.323134106834191
"5680",2009,201,0.105989308219419
"5681",2009,202,0.29858004225258
"5682",2009,203,0.278335026840775
"5683",2009,204,0.369467105401131
"5684",2009,205,0.294254239570676
"5685",2009,206,0.233506523175343
"5686",2009,207,0.06499491087617
"5687",2009,208,0.0629902149770905
"5688",2009,209,0.428469798217335
"5689",2009,210,0.383798893399253
"5690",2009,211,0.386272240044134
"5691",2009,212,0.370966177998285
"5692",2009,213,0.403674151405956
"5693",2009,214,0.378209823140105
"5694",2009,215,0.373527657660397
"5695",2009,216,0.410527207405836
"5696",2009,217,0.37329598265564
"5697",2009,218,0.378027373101509
"5698",2009,219,0.373500538940908
"5699",2009,220,0.42039533556749
"5700",2009,221,0.41414272484131
"5701",2009,222,0.405234924846354
"5702",2009,223,0.373306932944072
"5703",2009,224,0.397161492699179
"5704",2009,225,0.39930436186445
"5705",2009,226,0.405035455646041
"5706",2009,227,0.378241251805075
"5707",2009,228,0.383716574773627
"5708",2009,229,0.373559794884915
"5709",2009,230,0.32375135608364
"5710",2009,231,0.193322694535205
"5711",2009,232,0.184989506312299
"5712",2009,233,0.173039196237814
"5713",2009,234,0.165103168946969
"5714",2009,235,0.142137840471585
"5715",2009,236,0.11921515961319
"5716",2009,237,0.0985484917619716
"5717",2009,238,0.0723902524394877
"5718",2009,239,0.326157028754828
"5719",2009,240,0.255466762371484
"5720",2009,241,0.210472172540203
"5721",2009,242,0.157177756655237
"5722",2009,243,0.04106716844321
"5723",2009,244,0.0384056101455051
"5724",2009,245,0.023823567729473
"5725",2009,246,0.0201050574881325
"5726",2009,247,0.0189053385631501
"5727",2009,248,0.0176010249428216
"5728",2009,249,0.225067245500243
"5729",2009,250,0.279140323797836
"5730",2009,251,0.252249470655746
"5731",2009,252,0.278485218581868
"5732",2009,253,0.234861784205507
"5733",2009,254,0.254583183971902
"5734",2009,255,0.244635723658575
"5735",2009,256,0.213380873763595
"5736",2009,257,0.211882161168009
"5737",2009,258,0.11183412635457
"5738",2009,259,0.0870042995104416
"5739",2009,260,0.0795162182493861
"5740",2009,261,0.072794143674056
"5741",2009,262,0.0699562897996174
"5742",2009,263,0.0701692660164506
"5743",2009,264,0.0660844068673389
"5744",2009,265,0.043335945124851
"5745",2009,266,0.178681703848153
"5746",2009,267,0.151741084082569
"5747",2009,268,0.153557850413956
"5748",2009,269,0.137901925904891
"5749",2009,270,0.0473169996013415
"5750",2009,271,0.0198737076995548
"5751",2009,272,0.0138083138763658
"5752",2009,273,0.0117940670809624
"5753",2009,274,0.0105659728844407
"5754",2009,275,0.00947981801897791
"5755",2009,276,0.167168397534027
"5756",2009,277,0.16701486865344
"5757",2009,278,0.149295408398703
"5758",2009,279,0.144822430940811
"5759",2009,280,0.140377151002633
"5760",2009,281,0.135327581028845
"5761",2009,282,0.113171689689123
"5762",2009,283,0.110025312119768
"5763",2009,284,0.137745011389461
"5764",2009,285,0.130264428672036
"5765",2009,286,0.113439201949517
"5766",2009,287,0.115512399422911
"5767",2009,288,0.113088998418193
"5768",2009,289,0.103518067226555
"5769",2009,290,0.0913965082894005
"5770",2009,291,0.0910064581282946
"5771",2009,292,0.0958803130321163
"5772",2009,293,0.12297074417944
"5773",2009,294,0.0854196439470463
"5774",2009,295,0.0749415212402189
"5775",2009,296,0.0732096387345093
"5776",2009,297,0.0759575514106936
"5777",2009,298,0.0756631909693914
"5778",2009,299,0.0581348155976191
"5779",2009,300,0.0646983375717479
"5780",2009,301,0.093274654008228
"5781",2009,302,0.0754392122220695
"5782",2009,303,0.0501310494137991
"5783",2009,304,0.0552444771103941
"5784",2009,305,0.0595239418469764
"5785",2009,306,0.0606904320745027
"5786",2009,307,0.0557612215486658
"5787",2009,308,0.0231537843943725
"5788",2009,309,0.0103305413250982
"5789",2009,310,0.00898212923939232
"5790",2009,311,0.00784094223920118
"5791",2009,312,0.00718010772480454
"5792",2009,313,0.00632957274541736
"5793",2009,314,0.00559426884358653
"5794",2009,315,0.00526511676394505
"5795",2009,316,0.00522058849562677
"5796",2009,317,0.0050242844099869
"5797",2009,318,0.00466504150727387
"5798",2009,319,0.00420007068770704
"5799",2009,320,0.0029959255606355
"5800",2009,321,0.00294678504447872
"5801",2009,322,0.00323441508402282
"5802",2009,323,0.00320849531624009
"5803",2009,324,0.00275845211546826
"5804",2009,325,0.00266873501805519
"5805",2009,326,0.00280196634802343
"5806",2009,327,0.0026678668109601
"5807",2009,328,0.00211795910955879
"5808",2009,329,0.00205673017160159
"5809",2009,330,0.00199045543718481
"5810",2009,331,0.00207151288369463
"5811",2009,332,0.00212351529475342
"5812",2009,333,0.00177141237102262
"5813",2009,334,0.040947866803825
"5814",2009,335,0.0378910916570365
"5815",2009,336,0.032382181109388
"5816",2009,337,0.0245087223120061
"5817",2009,338,0.0236396365254736
"5818",2009,339,0.0299003093053705
"5819",2009,340,0.036195463409544
"5820",2009,341,0.0287951114364766
"5821",2009,342,0.0311772954651986
"5822",2009,343,0.0288574585933098
"5823",2009,344,0.0287804906614436
"5824",2009,345,0.0294290784025934
"5825",2009,346,0.0290253977495866
"5826",2009,347,0.0297876710395879
"5827",2009,348,0.0306042546031286
"5828",2009,349,0.0259002333946402
"5829",2009,350,0.0260603764915982
"5830",2009,351,0.026953022928291
"5831",2009,352,0.0272488780070104
"5832",2009,353,0.0241461203161896
"5833",2009,354,0.0260409615807723
"5834",2009,355,0.0284013883855391
"5835",2009,356,0.0284409589504811
"5836",2009,357,0.0537220128587156
"5837",2009,358,0.0209188789305068
"5838",2009,359,0.0221267174700065
"5839",2009,360,0.0232142463893686
"5840",2009,361,0.0229169646147183
"5841",2009,362,0.0431542125311599
"5842",2009,363,0.0421232510980934
"5843",2009,364,0.0315656322647837
"5844",2009,365,0.0256543008330795
"5845",2010,1,0.0242582847623522
"5846",2010,2,0.0271705947436978
"5847",2010,3,0.0263256845052805
"5848",2010,4,0.0248155514445258
"5849",2010,5,0.0269583374307739
"5850",2010,6,0.0291800439020507
"5851",2010,7,0.0187454425731541
"5852",2010,8,0.0181688054591044
"5853",2010,9,0.0231515974364414
"5854",2010,10,0.025582280658438
"5855",2010,11,0.026828634965372
"5856",2010,12,0.0269982017213417
"5857",2010,13,0.0293184354355332
"5858",2010,14,0.0305073730171034
"5859",2010,15,0.0288566984487067
"5860",2010,16,0.0317485266855618
"5861",2010,17,0.0355651123370025
"5862",2010,18,0.037717996483941
"5863",2010,19,0.0400982808082804
"5864",2010,20,0.0320370518213661
"5865",2010,21,0.00941051222810057
"5866",2010,22,0.0708913471089755
"5867",2010,23,0.0635884120672882
"5868",2010,24,0.035920174521026
"5869",2010,25,0.0381128168223582
"5870",2010,26,0.0420806043963237
"5871",2010,27,0.0703096081979683
"5872",2010,28,0.0690199643752943
"5873",2010,29,0.036147928300676
"5874",2010,30,0.0402500187857714
"5875",2010,31,0.0449716795374985
"5876",2010,32,0.0496847574047585
"5877",2010,33,0.0746371555507416
"5878",2010,34,0.07189400985403
"5879",2010,35,0.0738605673692436
"5880",2010,36,0.054131499806924
"5881",2010,37,0.0584427663642204
"5882",2010,38,0.0611908061712697
"5883",2010,39,0.0539993619603838
"5884",2010,40,0.0511597806787839
"5885",2010,41,0.0502304570037401
"5886",2010,42,0.0527195037849557
"5887",2010,43,0.0567409607362934
"5888",2010,44,0.0609936857385523
"5889",2010,45,0.0605564099101276
"5890",2010,46,0.0529416878968581
"5891",2010,47,0.0559768188336821
"5892",2010,48,0.0615074494915947
"5893",2010,49,0.0697442288105595
"5894",2010,50,0.0744670866736656
"5895",2010,51,0.0766889717468864
"5896",2010,52,0.070799833742025
"5897",2010,53,0.0991756953702555
"5898",2010,54,0.0490389297884193
"5899",2010,55,0.0609281481737077
"5900",2010,56,0.0717512657094925
"5901",2010,57,0.069105546426537
"5902",2010,58,0.0713451307648416
"5903",2010,59,0.0556158989175524
"5904",2010,60,0.0407469479104004
"5905",2010,61,0.0132925639596452
"5906",2010,62,0.0138694252820939
"5907",2010,63,0.0140724255791409
"5908",2010,64,0.014415409347888
"5909",2010,65,0.0137173214744284
"5910",2010,66,0.0148234616052888
"5911",2010,67,0.0141877659179628
"5912",2010,68,0.0134471152948938
"5913",2010,69,0.0131569559898941
"5914",2010,70,0.0124753386351763
"5915",2010,71,0.0134673064548149
"5916",2010,72,0.0150120163597743
"5917",2010,73,0.0164003505797963
"5918",2010,74,0.0145592241746061
"5919",2010,75,0.0134346800041802
"5920",2010,76,0.0156301155758331
"5921",2010,77,0.0168590646126989
"5922",2010,78,0.0186405517554441
"5923",2010,79,0.0148121034328998
"5924",2010,80,0.0158176323391172
"5925",2010,81,0.0187400916301848
"5926",2010,82,0.0216230243338869
"5927",2010,83,0.021873278569999
"5928",2010,84,0.0199172365010762
"5929",2010,85,0.0231945990158653
"5930",2010,86,0.0240857257693204
"5931",2010,87,0.022839034554941
"5932",2010,88,0.024941106052628
"5933",2010,89,0.0280988562119438
"5934",2010,90,0.0312900304097744
"5935",2010,91,0.0320761667079946
"5936",2010,92,0.0291072700832707
"5937",2010,93,0.0306885807232798
"5938",2010,94,0.034678182117109
"5939",2010,95,0.0375787360805562
"5940",2010,96,0.0378861970532164
"5941",2010,97,0.0342604740348523
"5942",2010,98,0.0338494090713372
"5943",2010,99,0.0366334430385291
"5944",2010,100,0.042157570771101
"5945",2010,101,0.223924250592797
"5946",2010,102,0.218488253769447
"5947",2010,103,0.222715562170921
"5948",2010,104,0.220470244759376
"5949",2010,105,0.187486302760289
"5950",2010,106,0.188739536547007
"5951",2010,107,0.210703172212759
"5952",2010,108,0.186939891325021
"5953",2010,109,0.193992500245047
"5954",2010,110,0.198752874427238
"5955",2010,111,0.215409605614747
"5956",2010,112,0.214018362636438
"5957",2010,113,0.0621758463827176
"5958",2010,114,0.063322833046622
"5959",2010,115,0.0664401137206116
"5960",2010,116,0.0707659821271351
"5961",2010,117,0.0679847316081495
"5962",2010,118,0.074787798820332
"5963",2010,119,0.0836037804342579
"5964",2010,120,0.0800175616681446
"5965",2010,121,0.220969691588657
"5966",2010,122,0.203302891613697
"5967",2010,123,0.158281472724892
"5968",2010,124,0.0886443818854996
"5969",2010,125,0.0979117852770345
"5970",2010,126,0.104159352924615
"5971",2010,127,0.103635388093875
"5972",2010,128,0.0979418676288212
"5973",2010,129,0.11051513910567
"5974",2010,130,0.116182866230079
"5975",2010,131,0.112234193583358
"5976",2010,132,0.116488731301114
"5977",2010,133,0.112995163950192
"5978",2010,134,0.12155578048791
"5979",2010,135,0.12173110654731
"5980",2010,136,0.122728735997989
"5981",2010,137,0.267272689313942
"5982",2010,138,0.132633143340569
"5983",2010,139,0.134543120713384
"5984",2010,140,0.13905217730655
"5985",2010,141,0.145106371227173
"5986",2010,142,0.15772080693131
"5987",2010,143,0.153671775073916
"5988",2010,144,0.154152780160258
"5989",2010,145,0.193401953187503
"5990",2010,146,0.158765020997522
"5991",2010,147,0.161297869842234
"5992",2010,148,0.160742029073894
"5993",2010,149,0.166278990055728
"5994",2010,150,0.166922048581966
"5995",2010,151,0.168513797768023
"5996",2010,152,0.171993262605793
"5997",2010,153,0.171791656273855
"5998",2010,154,0.168801148043239
"5999",2010,155,0.167229388736159
"6000",2010,156,0.141013315438745
"6001",2010,157,0.127003268531851
"6002",2010,158,0.423087441898273
"6003",2010,159,0.342703300855973
"6004",2010,160,0.284610975950545
"6005",2010,161,0.0877467601161345
"6006",2010,162,0.0832627571239902
"6007",2010,163,0.0776315025890109
"6008",2010,164,0.0734589822955062
"6009",2010,165,0.0709725695936986
"6010",2010,166,0.0765081068015952
"6011",2010,167,0.043255376126762
"6012",2010,168,0.0421766461615586
"6013",2010,169,0.0400832861607147
"6014",2010,170,0.038210171260466
"6015",2010,171,0.0377919753736204
"6016",2010,172,0.0370796681367394
"6017",2010,173,0.0356581831532616
"6018",2010,174,0.0336433256877177
"6019",2010,175,0.030907856527257
"6020",2010,176,0.0302354006244388
"6021",2010,177,0.361586534981768
"6022",2010,178,0.407954896814977
"6023",2010,179,0.352651938897684
"6024",2010,180,0.391167437284365
"6025",2010,181,0.399661489191462
"6026",2010,182,0.402201733169522
"6027",2010,183,0.391753797957668
"6028",2010,184,0.403880635944018
"6029",2010,185,0.388841509448685
"6030",2010,186,0.389480310125
"6031",2010,187,0.376007392441901
"6032",2010,188,0.355884441513081
"6033",2010,189,0.391524346746972
"6034",2010,190,0.383447466491651
"6035",2010,191,0.399272276748141
"6036",2010,192,0.377701520810024
"6037",2010,193,0.382513716099157
"6038",2010,194,0.391694116625871
"6039",2010,195,0.434378266697394
"6040",2010,196,0.38489554727346
"6041",2010,197,0.325081898901676
"6042",2010,198,0.367966600442688
"6043",2010,199,0.207478384042044
"6044",2010,200,0.201569433513465
"6045",2010,201,0.200728279216196
"6046",2010,202,0.197578518643712
"6047",2010,203,0.195131245164317
"6048",2010,204,0.404926351557484
"6049",2010,205,0.39172677212105
"6050",2010,206,0.386809705704457
"6051",2010,207,0.358085909129333
"6052",2010,208,0.36223803970761
"6053",2010,209,0.399867041674796
"6054",2010,210,0.398681239015875
"6055",2010,211,0.362224778617705
"6056",2010,212,0.375359409962781
"6057",2010,213,0.377144247169653
"6058",2010,214,0.374596754559638
"6059",2010,215,0.233529256986146
"6060",2010,216,0.218952341462094
"6061",2010,217,0.214658026253376
"6062",2010,218,0.211552760132588
"6063",2010,219,0.215163026113218
"6064",2010,220,0.412506611947863
"6065",2010,221,0.405522293026889
"6066",2010,222,0.375894109665639
"6067",2010,223,0.378349717871567
"6068",2010,224,0.38013570651859
"6069",2010,225,0.381057590665384
"6070",2010,226,0.370718559362063
"6071",2010,227,0.255192916084264
"6072",2010,228,0.223116770396017
"6073",2010,229,0.220636861094818
"6074",2010,230,0.398364874312225
"6075",2010,231,0.361545021723618
"6076",2010,232,0.395838439304314
"6077",2010,233,0.38456245946715
"6078",2010,234,0.344119409655712
"6079",2010,235,0.346933746974159
"6080",2010,236,0.36169894721643
"6081",2010,237,0.293122109446245
"6082",2010,238,0.294525806036515
"6083",2010,239,0.294204179497712
"6084",2010,240,0.335694273177638
"6085",2010,241,0.31014594063771
"6086",2010,242,0.340394822056024
"6087",2010,243,0.324676887032022
"6088",2010,244,0.293362550426127
"6089",2010,245,0.292699458289775
"6090",2010,246,0.264476929067937
"6091",2010,247,0.258113012567862
"6092",2010,248,0.262256936781228
"6093",2010,249,0.251499145053471
"6094",2010,250,0.123266980221545
"6095",2010,251,0.119508688597086
"6096",2010,252,0.285718307572113
"6097",2010,253,0.280760189788923
"6098",2010,254,0.133612828743018
"6099",2010,255,0.113476082795178
"6100",2010,256,0.110920633829395
"6101",2010,257,0.270896782772509
"6102",2010,258,0.26927992062906
"6103",2010,259,0.257932032670267
"6104",2010,260,0.239354108221614
"6105",2010,261,0.210930346897058
"6106",2010,262,0.209749002043053
"6107",2010,263,0.200696879249406
"6108",2010,264,0.231669230581229
"6109",2010,265,0.229770732124112
"6110",2010,266,0.22866907903962
"6111",2010,267,0.21173744214524
"6112",2010,268,0.210222501782561
"6113",2010,269,0.165161278985832
"6114",2010,270,0.160168268349936
"6115",2010,271,0.163563743152456
"6116",2010,272,0.166881531475512
"6117",2010,273,0.163074742693912
"6118",2010,274,0.15330465720418
"6119",2010,275,0.150409367635436
"6120",2010,276,0.137163685607534
"6121",2010,277,0.0727034088670113
"6122",2010,278,0.0532282922584579
"6123",2010,279,0.0479542119045265
"6124",2010,280,0.0438291325196505
"6125",2010,281,0.041269957340283
"6126",2010,282,0.0399825374637859
"6127",2010,283,0.0384202716635182
"6128",2010,284,0.0351042390331185
"6129",2010,285,0.0331485984975764
"6130",2010,286,0.0307981054545193
"6131",2010,287,0.0282822938428684
"6132",2010,288,0.0270066044811323
"6133",2010,289,0.0261269874138887
"6134",2010,290,0.0264446311350592
"6135",2010,291,0.0252736102299345
"6136",2010,292,0.0236560816092496
"6137",2010,293,0.0231489331592462
"6138",2010,294,0.0226250753994497
"6139",2010,295,0.0194262180602328
"6140",2010,296,0.0184210544512956
"6141",2010,297,0.017678675627265
"6142",2010,298,0.01842999952663
"6143",2010,299,0.017393620981815
"6144",2010,300,0.0168579010072794
"6145",2010,301,0.015073659637921
"6146",2010,302,0.0143926763049224
"6147",2010,303,0.0151366581071524
"6148",2010,304,0.0158886551003633
"6149",2010,305,0.0140898096299266
"6150",2010,306,0.0118607764108059
"6151",2010,307,0.0106307527682754
"6152",2010,308,0.00993452554882101
"6153",2010,309,0.0048918962762745
"6154",2010,310,0.00498117030003589
"6155",2010,311,0.00499440667137123
"6156",2010,312,0.00498194445160619
"6157",2010,313,0.00464484482013698
"6158",2010,314,0.0041566271070131
"6159",2010,315,0.0042268113550273
"6160",2010,316,0.00348705017573292
"6161",2010,317,0.00318691235842952
"6162",2010,318,0.0031934878332197
"6163",2010,319,0.00303584721513482
"6164",2010,320,0.00279284180825466
"6165",2010,321,0.00287172783079233
"6166",2010,322,0.00256173783029386
"6167",2010,323,0.00279217966603877
"6168",2010,324,0.00288840749985366
"6169",2010,325,0.00293082254196901
"6170",2010,326,0.00273582318479174
"6171",2010,327,0.00235931281970189
"6172",2010,328,0.00243633773678884
"6173",2010,329,0.00225942746977643
"6174",2010,330,0.00158551175698011
"6175",2010,331,0.00153994875070452
"6176",2010,332,0.00174488714083963
"6177",2010,333,0.00149265437333239
"6178",2010,334,0.00116221582178948
"6179",2010,335,0.00120950437178169
"6180",2010,336,0.00143760381225081
"6181",2010,337,0.00147619781300424
"6182",2010,338,0.00136566753603288
"6183",2010,339,0.00112384159625752
"6184",2010,340,0.00108692036858095
"6185",2010,341,0.00115005539353103
"6186",2010,342,0.000950594860974541
"6187",2010,343,0.00100979291421941
"6188",2010,344,0.0010355469607989
"6189",2010,345,0.000970503472999646
"6190",2010,346,0.000735721010285365
"6191",2010,347,0.000739572816486608
"6192",2010,348,0.000819697174106132
"6193",2010,349,0.000861069827127672
"6194",2010,350,0.000669676350429331
"6195",2010,351,0.000570024398917895
"6196",2010,352,0.000600487171210145
"6197",2010,353,0.000696073503978919
"6198",2010,354,0.000723924695582857
"6199",2010,355,0.000743028422108014
"6200",2010,356,0.000718979446698165
"6201",2010,357,0.000684392992562162
"6202",2010,358,0.000575714084431499
"6203",2010,359,0.000504059854337088
"6204",2010,360,0.000510904994857274
"6205",2010,361,0.000386681708749259
"6206",2010,362,0.000397752800134921
"6207",2010,363,0.000388208189535568
"6208",2010,364,0.000400154492465128
"6209",2010,365,0.00034650440758837
"6210",2010,366,0.000461196555718414
"6211",2011,1,0.000302086678825867
"6212",2011,2,0.000328758309723938
"6213",2011,3,0.000376003596790079
"6214",2011,4,0.000403672004807273
"6215",2011,5,0.000381367357535019
"6216",2011,6,0.000403231202815526
"6217",2011,7,0.000431966989381039
"6218",2011,8,0.0558114422069367
"6219",2011,9,0.0275133619846652
"6220",2011,10,0.0210623982309003
"6221",2011,11,0.00623309584488699
"6222",2011,12,0.00413530082025328
"6223",2011,13,0.00433060717497907
"6224",2011,14,0.00437266368323256
"6225",2011,15,0.003738602276064
"6226",2011,16,0.00357185054856637
"6227",2011,17,0.00363864166367462
"6228",2011,18,0.00365149169659455
"6229",2011,19,0.00341157265989613
"6230",2011,20,0.00248958846633426
"6231",2011,21,0.00250535707132617
"6232",2011,22,0.00257462621248475
"6233",2011,23,0.00232184300165546
"6234",2011,24,0.00226881244624365
"6235",2011,25,0.00213314011833647
"6236",2011,26,0.00206032809339248
"6237",2011,27,0.0020877320992913
"6238",2011,28,0.00219135835015317
"6239",2011,29,0.00235486090045681
"6240",2011,30,0.00241308425329089
"6241",2011,31,0.00240761998422219
"6242",2011,32,0.00146854409090772
"6243",2011,33,0.0246928938736108
"6244",2011,34,0.0234420875993257
"6245",2011,35,0.0321844938655055
"6246",2011,36,0.00253382603934655
"6247",2011,37,0.0030182928694756
"6248",2011,38,0.00273134217894376
"6249",2011,39,0.00326037079995092
"6250",2011,40,0.00191967859385302
"6251",2011,41,0.00212942113686236
"6252",2011,42,0.00252607393599031
"6253",2011,43,0.00270987770692506
"6254",2011,44,0.00301050725850194
"6255",2011,45,0.00326655553182757
"6256",2011,46,0.00334091190538358
"6257",2011,47,0.0043056510940415
"6258",2011,48,0.00426983913269868
"6259",2011,49,0.00428974820644228
"6260",2011,50,0.00453506020042886
"6261",2011,51,0.00491925970988725
"6262",2011,52,0.00487247163729046
"6263",2011,53,0.0051949161185266
"6264",2011,54,0.00560410935340279
"6265",2011,55,0.00541190853571152
"6266",2011,56,0.00578011435899266
"6267",2011,57,0.00646834160605032
"6268",2011,58,0.00706331239588896
"6269",2011,59,0.0064411414619484
"6270",2011,60,0.00731363591497353
"6271",2011,61,0.00857231817217287
"6272",2011,62,0.009400961727419
"6273",2011,63,0.00993673609269563
"6274",2011,64,0.00846523431528902
"6275",2011,65,0.00876544888084839
"6276",2011,66,0.0107329834860538
"6277",2011,67,0.0112841676705463
"6278",2011,68,0.0106189284955692
"6279",2011,69,0.0112809437944158
"6280",2011,70,0.0132830235787422
"6281",2011,71,0.013944235815637
"6282",2011,72,0.0147110402727162
"6283",2011,73,0.0136094043692959
"6284",2011,74,0.0153606325670246
"6285",2011,75,0.0163985522758673
"6286",2011,76,0.0169843937197184
"6287",2011,77,0.0185877839207517
"6288",2011,78,0.0190902645455981
"6289",2011,79,0.0191953039304598
"6290",2011,80,0.0208834483868013
"6291",2011,81,0.0215069499868443
"6292",2011,82,0.0204652280955819
"6293",2011,83,0.0220563400425661
"6294",2011,84,0.0225773469478927
"6295",2011,85,0.0233288712927826
"6296",2011,86,0.024391633033674
"6297",2011,87,0.0257025328350113
"6298",2011,88,0.02624692129832
"6299",2011,89,0.0253070400961539
"6300",2011,90,0.0284763876157043
"6301",2011,91,0.0311835132431216
"6302",2011,92,0.0331200957405214
"6303",2011,93,0.0350350231526583
"6304",2011,94,0.031315783079761
"6305",2011,95,0.0323771333062505
"6306",2011,96,0.037226332668341
"6307",2011,97,0.038170897313805
"6308",2011,98,0.0389597746108401
"6309",2011,99,0.0417575163308125
"6310",2011,100,0.0430219557507692
"6311",2011,101,0.0382058947456687
"6312",2011,102,0.0402121047817799
"6313",2011,103,0.0433243132918575
"6314",2011,104,0.0445512856633323
"6315",2011,105,0.043621097487051
"6316",2011,106,0.0475498056084048
"6317",2011,107,0.0529590292149779
"6318",2011,108,0.0564015252071001
"6319",2011,109,0.0578025092308945
"6320",2011,110,0.0603827227674837
"6321",2011,111,0.0638640831172714
"6322",2011,112,0.0648748595263475
"6323",2011,113,0.0663982120419173
"6324",2011,114,0.0672319207391029
"6325",2011,115,0.0684759860326181
"6326",2011,116,0.0732886427860729
"6327",2011,117,0.069683078642628
"6328",2011,118,0.0730390877872224
"6329",2011,119,0.0825545062762758
"6330",2011,120,0.0863846196542277
"6331",2011,121,0.0789677269654781
"6332",2011,122,0.067812170313798
"6333",2011,123,0.0705564775418833
"6334",2011,124,0.081833570403893
"6335",2011,125,0.0888803871398873
"6336",2011,126,0.0969023607452571
"6337",2011,127,0.102591531577753
"6338",2011,128,0.105275809985467
"6339",2011,129,0.108265272821234
"6340",2011,130,0.111110219202448
"6341",2011,131,0.103261044482396
"6342",2011,132,0.102137348484638
"6343",2011,133,0.105706102517167
"6344",2011,134,0.108613315269681
"6345",2011,135,0.111693122932448
"6346",2011,136,0.108422919121947
"6347",2011,137,0.10732345468335
"6348",2011,138,0.0892029087588259
"6349",2011,139,0.0896363511018898
"6350",2011,140,0.0756300960959217
"6351",2011,141,0.0674517415182517
"6352",2011,142,0.0710343517354222
"6353",2011,143,0.0665158568725441
"6354",2011,144,0.0519399652253392
"6355",2011,145,0.0511698986782216
"6356",2011,146,0.0509991866892442
"6357",2011,147,0.0525639063675322
"6358",2011,148,0.0531392149905192
"6359",2011,149,0.0489929532315117
"6360",2011,150,0.0305626390152658
"6361",2011,151,0.0297563074908324
"6362",2011,152,0.029529285061577
"6363",2011,153,0.0295090464518859
"6364",2011,154,0.029540305091553
"6365",2011,155,0.0280212081193965
"6366",2011,156,0.0272379702604322
"6367",2011,157,0.0268849409573662
"6368",2011,158,0.0274520125771588
"6369",2011,159,0.0278834052908189
"6370",2011,160,0.027356517289366
"6371",2011,161,0.0266257861933533
"6372",2011,162,0.0255818688262245
"6373",2011,163,0.0204464763345164
"6374",2011,164,0.013229583659255
"6375",2011,165,0.0130549995590095
"6376",2011,166,0.0127375816908708
"6377",2011,167,0.0126457441261281
"6378",2011,168,0.0123346525624238
"6379",2011,169,0.0121409687102607
"6380",2011,170,0.012121659361992
"6381",2011,171,0.0116442516896063
"6382",2011,172,0.0108814338601468
"6383",2011,173,0.0106277588262614
"6384",2011,174,0.0104818371351789
"6385",2011,175,0.0106424280727286
"6386",2011,176,0.0107361583470852
"6387",2011,177,0.0105261114974985
"6388",2011,178,0.010181864621721
"6389",2011,179,0.00948824766037339
"6390",2011,180,0.00874271154035695
"6391",2011,181,0.00835668168976834
"6392",2011,182,0.00794876356041291
"6393",2011,183,0.00781255729665045
"6394",2011,184,0.00752290686005764
"6395",2011,185,0.00743488172100105
"6396",2011,186,0.00721902254893603
"6397",2011,187,0.00709372469321735
"6398",2011,188,0.00697318580710543
"6399",2011,189,0.00689270557435908
"6400",2011,190,0.00671927451459765
"6401",2011,191,0.00656466797637863
"6402",2011,192,0.0060598207300884
"6403",2011,193,0.00577443901271435
"6404",2011,194,0.253907053494939
"6405",2011,195,0.0140829987533258
"6406",2011,196,0.0109448324411821
"6407",2011,197,0.00922792915451969
"6408",2011,198,0.00806829035153237
"6409",2011,199,0.00723262336840254
"6410",2011,200,0.0066132126093746
"6411",2011,201,0.00625986530801971
"6412",2011,202,0.005817970892675
"6413",2011,203,0.321568246235022
"6414",2011,204,0.340867483919888
"6415",2011,205,0.235165822167183
"6416",2011,206,0.125883946911422
"6417",2011,207,0.00475692074467488
"6418",2011,208,0.00456162060147467
"6419",2011,209,0.00201886923289522
"6420",2011,210,0.00136028858806096
"6421",2011,211,0.00123587125008644
"6422",2011,212,0.00109339977241325
"6423",2011,213,0.00109722865442293
"6424",2011,214,0.00111038518503101
"6425",2011,215,0.00109744251315204
"6426",2011,216,0.00108669415500728
"6427",2011,217,0.00109111581733848
"6428",2011,218,0.4393715339913
"6429",2011,219,0.40223887902824
"6430",2011,220,0.404835102228397
"6431",2011,221,0.396405481088399
"6432",2011,222,0.223241533768661
"6433",2011,223,0.42925598331662
"6434",2011,224,0.410537003049329
"6435",2011,225,0.401730409740653
"6436",2011,226,0.398120302875276
"6437",2011,227,0.375965934520635
"6438",2011,228,0.379763901801412
"6439",2011,229,0.35433101331652
"6440",2011,230,0.190276530976305
"6441",2011,231,0.183058195982767
"6442",2011,232,0.130679443623267
"6443",2011,233,0.0808912026065215
"6444",2011,234,0.0370848151068334
"6445",2011,235,0.0156004529878251
"6446",2011,236,0.00848415340349329
"6447",2011,237,0.00473665510320681
"6448",2011,238,0.00444638871205618
"6449",2011,239,0.00421678639418858
"6450",2011,240,0.00278218103534494
"6451",2011,241,0.00169575164067007
"6452",2011,242,0.0016940043892643
"6453",2011,243,0.00159812084738271
"6454",2011,244,0.00153541098584423
"6455",2011,245,0.00150916922100651
"6456",2011,246,0.00147786234771706
"6457",2011,247,0.00127999810886475
"6458",2011,248,0.0012076187577011
"6459",2011,249,0.00118737058821782
"6460",2011,250,0.00116346935959659
"6461",2011,251,0.00113762074299248
"6462",2011,252,0.00113551417405684
"6463",2011,253,0.00111611989869447
"6464",2011,254,0.00109081748299976
"6465",2011,255,0.00109356105367935
"6466",2011,256,0.00107771273343044
"6467",2011,257,0.0010531899103197
"6468",2011,258,0.242821436262664
"6469",2011,259,0.245843217721547
"6470",2011,260,0.244558124007551
"6471",2011,261,0.216871071592954
"6472",2011,262,0.207777160448688
"6473",2011,263,0.205906149248866
"6474",2011,264,0.201433181257486
"6475",2011,265,0.174863332999754
"6476",2011,266,0.0670001183134349
"6477",2011,267,0.0675281718855225
"6478",2011,268,0.0675607518837107
"6479",2011,269,0.0649617768831046
"6480",2011,270,0.0612562038121575
"6481",2011,271,0.057812513693324
"6482",2011,272,0.196745414094126
"6483",2011,273,0.151792380729706
"6484",2011,274,0.146981728044364
"6485",2011,275,0.134798327305129
"6486",2011,276,0.0389423038407056
"6487",2011,277,0.163842748812561
"6488",2011,278,0.131644597945543
"6489",2011,279,0.124797509775228
"6490",2011,280,0.0366720751540205
"6491",2011,281,0.135043342770886
"6492",2011,282,0.0221179965016635
"6493",2011,283,0.0206536942737166
"6494",2011,284,0.0200928157488287
"6495",2011,285,0.0185024282825614
"6496",2011,286,0.0168998243037535
"6497",2011,287,0.0167030709245348
"6498",2011,288,0.0155438867891707
"6499",2011,289,0.0103346632891441
"6500",2011,290,0.00794363386986892
"6501",2011,291,0.0061310671479932
"6502",2011,292,0.0055878216867033
"6503",2011,293,0.00623224606747372
"6504",2011,294,0.00630504036908809
"6505",2011,295,0.00599267011083675
"6506",2011,296,0.00453619434145763
"6507",2011,297,0.00438545907272108
"6508",2011,298,0.00453256371229616
"6509",2011,299,0.00427902351895662
"6510",2011,300,0.00242569535181617
"6511",2011,301,0.00115840888532759
"6512",2011,302,0.00122171477319486
"6513",2011,303,0.00132823480076665
"6514",2011,304,0.0012925213876882
"6515",2011,305,0.00138548366065658
"6516",2011,306,0.00127284464848371
"6517",2011,307,0.000900248268922314
"6518",2011,308,0.0010803155239074
"6519",2011,309,0.001150911609689
"6520",2011,310,0.00101269379799686
"6521",2011,311,0.00105330910379045
"6522",2011,312,0.000845621819499119
"6523",2011,313,0.000701792562825763
"6524",2011,314,0.000325359442136172
"6525",2011,315,0.000135682271008245
"6526",2011,316,0.000157238571418847
"6527",2011,317,0.000166575618600444
"6528",2011,318,0.0283681139791567
"6529",2011,319,0.00168063681698593
"6530",2011,320,0.00157574933740797
"6531",2011,321,0.0013520314109826
"6532",2011,322,0.00151036122904716
"6533",2011,323,0.00148330904143847
"6534",2011,324,0.001509412485011
"6535",2011,325,0.00146344322223327
"6536",2011,326,0.00125654899635056
"6537",2011,327,0.00116506341603554
"6538",2011,328,0.00124918313969684
"6539",2011,329,0.0286354274222802
"6540",2011,330,0.00174181059977774
"6541",2011,331,0.00146572720156362
"6542",2011,332,0.00163375146372959
"6543",2011,333,0.00164793714797402
"6544",2011,334,0.00155441549319749
"6545",2011,335,0.00169074004431844
"6546",2011,336,0.00118679408786549
"6547",2011,337,0.00137870218407098
"6548",2011,338,0.0529250198398921
"6549",2011,339,0.0370479979055901
"6550",2011,340,0.0274304435665451
"6551",2011,341,0.0221692251700629
"6552",2011,342,0.0259689607228421
"6553",2011,343,0.0251743348687831
"6554",2011,344,0.0213501996989213
"6555",2011,345,0.0236716791180176
"6556",2011,346,0.0283469497798059
"6557",2011,347,0.0324617023103137
"6558",2011,348,0.0297083991637211
"6559",2011,349,0.0270081251377191
"6560",2011,350,0.0218005585982034
"6561",2011,351,0.0234061684997986
"6562",2011,352,0.0525842804331363
"6563",2011,353,0.0253906662446265
"6564",2011,354,0.0228524026921047
"6565",2011,355,0.0246897872012447
"6566",2011,356,0.0238685624562525
"6567",2011,357,0.0217463333283455
"6568",2011,358,0.020557527711748
"6569",2011,359,0.0215631720153865
"6570",2011,360,0.0271401427725789
"6571",2011,361,0.0328929281271593
"6572",2011,362,0.0366410624220491
"6573",2011,363,0.0401406950069024
"6574",2011,364,0.0430776836214072
"6575",2011,365,0.0455561351607954
"6576",2012,1,0.0361402620867054
"6577",2012,2,0.0341510550943349
"6578",2012,3,0.0202850192328781
"6579",2012,4,0.0304197175201047
"6580",2012,5,0.0291379540293717
"6581",2012,6,0.0313931306435366
"6582",2012,7,0.0307872093189475
"6583",2012,8,0.0588220468234518
"6584",2012,9,0.0506793013659523
"6585",2012,10,0.027685765359061
"6586",2012,11,0.0323930925244832
"6587",2012,12,0.0250274894883971
"6588",2012,13,0.0285086337776251
"6589",2012,14,0.0311676682786906
"6590",2012,15,0.0365009510172085
"6591",2012,16,0.0413417126964436
"6592",2012,17,0.0398325260921551
"6593",2012,18,0.0396260674363066
"6594",2012,19,0.0424983052315136
"6595",2012,20,0.0461799943253754
"6596",2012,21,0.0449985423543867
"6597",2012,22,0.0441784788195705
"6598",2012,23,0.0442410381189217
"6599",2012,24,0.0446433760151286
"6600",2012,25,0.0610922429795176
"6601",2012,26,0.041571483111529
"6602",2012,27,0.0488151903001792
"6603",2012,28,0.0411053793580136
"6604",2012,29,0.044135581074318
"6605",2012,30,0.0494526943023786
"6606",2012,31,0.0541784322698347
"6607",2012,32,0.0530158343484395
"6608",2012,33,0.0525891706796082
"6609",2012,34,0.0113726921140211
"6610",2012,35,0.00602214137250848
"6611",2012,36,0.00476365554681798
"6612",2012,37,0.00478274804753788
"6613",2012,38,0.00444641166231215
"6614",2012,39,0.0038084735010295
"6615",2012,40,0.00399649235119994
"6616",2012,41,0.00366833465414188
"6617",2012,42,0.00340025913129437
"6618",2012,43,0.0749230664326573
"6619",2012,44,0.0599704874631657
"6620",2012,45,0.0659391052358573
"6621",2012,46,0.0613042199308489
"6622",2012,47,0.0102034199935094
"6623",2012,48,0.0925450040746309
"6624",2012,49,0.0673851963719942
"6625",2012,50,0.0673185907550739
"6626",2012,51,0.062535467812828
"6627",2012,52,0.00690127006155012
"6628",2012,53,0.0067754345126276
"6629",2012,54,0.00735817067990078
"6630",2012,55,0.00557210883751761
"6631",2012,56,0.00571465113975701
"6632",2012,57,0.0071502200142177
"6633",2012,58,0.00722145466081214
"6634",2012,59,0.00830760619706305
"6635",2012,60,0.00767625487354551
"6636",2012,61,0.00790283579994613
"6637",2012,62,0.00835640486730664
"6638",2012,63,0.00698170138102571
"6639",2012,64,0.00778984181694549
"6640",2012,65,0.00883570738746758
"6641",2012,66,0.00958720141711336
"6642",2012,67,0.010760176435019
"6643",2012,68,0.0091884260056586
"6644",2012,69,0.0067578956153162
"6645",2012,70,0.00840227156071836
"6646",2012,71,0.0084540330536952
"6647",2012,72,0.0096396561341237
"6648",2012,73,0.0106511735972158
"6649",2012,74,0.0110568765943543
"6650",2012,75,0.0105878198893668
"6651",2012,76,0.00758116515451588
"6652",2012,77,0.00663722963560367
"6653",2012,78,0.00699250288407869
"6654",2012,79,0.00619650299028842
"6655",2012,80,0.00510183993570745
"6656",2012,81,0.00567343462803058
"6657",2012,82,0.00662698540167432
"6658",2012,83,0.00497029377320063
"6659",2012,84,0.00539116318719433
"6660",2012,85,0.00226435733814776
"6661",2012,86,0.000876927388723878
"6662",2012,87,0.000872577816120823
"6663",2012,88,0.000848950363258441
"6664",2012,89,0.000871742039723984
"6665",2012,90,0.000895562717967463
"6666",2012,91,0.000912251464112362
"6667",2012,92,0.000944963961763285
"6668",2012,93,0.000900459381783794
"6669",2012,94,0.000845782809116356
"6670",2012,95,0.000871139404697009
"6671",2012,96,0.000968949036322134
"6672",2012,97,0.0010250267634938
"6673",2012,98,0.00104284268575424
"6674",2012,99,0.00101478684375792
"6675",2012,100,0.0010870790651238
"6676",2012,101,0.196355749900173
"6677",2012,102,0.154467275536756
"6678",2012,103,0.00564742679280177
"6679",2012,104,0.00520677450613183
"6680",2012,105,0.00496444676767397
"6681",2012,106,0.00420153935634211
"6682",2012,107,0.00407652746341239
"6683",2012,108,0.00407056614974075
"6684",2012,109,0.00424281835869558
"6685",2012,110,0.00427205678173039
"6686",2012,111,0.00398608363956925
"6687",2012,112,0.00271517726278142
"6688",2012,113,0.00142947495806144
"6689",2012,114,0.00147672778456456
"6690",2012,115,0.00155257189496379
"6691",2012,116,0.00162523839216676
"6692",2012,117,0.00168282295924778
"6693",2012,118,0.0017282174319774
"6694",2012,119,0.00178174918079637
"6695",2012,120,0.00184300610160715
"6696",2012,121,0.00192390194816974
"6697",2012,122,0.00200019363237822
"6698",2012,123,0.00208186850074829
"6699",2012,124,0.00216658619632906
"6700",2012,125,0.00225513810296929
"6701",2012,126,0.00234626113738519
"6702",2012,127,0.00239117811494271
"6703",2012,128,0.249368161137987
"6704",2012,129,0.272696450549177
"6705",2012,130,0.25922296389537
"6706",2012,131,0.275858037255787
"6707",2012,132,0.26150555155555
"6708",2012,133,0.264256667508137
"6709",2012,134,0.277378937442189
"6710",2012,135,0.29704023226051
"6711",2012,136,0.260324064130467
"6712",2012,137,0.277213832711761
"6713",2012,138,0.292327961015276
"6714",2012,139,0.151470221665886
"6715",2012,140,0.149753940908922
"6716",2012,141,0.144494246429196
"6717",2012,142,0.142556117220714
"6718",2012,143,0.149608679457762
"6719",2012,144,0.153220846352903
"6720",2012,145,0.147133021791712
"6721",2012,146,0.134707855957736
"6722",2012,147,0.385097904622428
"6723",2012,148,0.349360076996039
"6724",2012,149,0.328986367431105
"6725",2012,150,0.154772608505674
"6726",2012,151,0.10171635988198
"6727",2012,152,0.0731390338238737
"6728",2012,153,0.0677170024641735
"6729",2012,154,0.0531172991065615
"6730",2012,155,0.0520541400675955
"6731",2012,156,0.0370493485886556
"6732",2012,157,0.0244972672427005
"6733",2012,158,0.0247093152694458
"6734",2012,159,0.0247868850369579
"6735",2012,160,0.414193206281635
"6736",2012,161,0.406582700566431
"6737",2012,162,0.402885698490753
"6738",2012,163,0.278959180897069
"6739",2012,164,0.0396966795624597
"6740",2012,165,0.00935969717901476
"6741",2012,166,0.00931225524861979
"6742",2012,167,0.405598874441069
"6743",2012,168,0.272910553787815
"6744",2012,169,0.180158424057797
"6745",2012,170,0.00926123867089706
"6746",2012,171,0.00847566596860341
"6747",2012,172,0.00791010227307377
"6748",2012,173,0.00726324408508313
"6749",2012,174,0.0066726204726813
"6750",2012,175,0.00642586613498814
"6751",2012,176,0.00633075588533093
"6752",2012,177,0.00626582787080383
"6753",2012,178,0.00616931729130285
"6754",2012,179,0.00390275717541903
"6755",2012,180,0.00318592825462743
"6756",2012,181,0.00311145506144481
"6757",2012,182,0.00310909658551494
"6758",2012,183,0.0029488651977451
"6759",2012,184,0.00286564790526018
"6760",2012,185,0.401732322876844
"6761",2012,186,0.384397294645834
"6762",2012,187,0.37526009484488
"6763",2012,188,0.302299153734024
"6764",2012,189,0.238382043914245
"6765",2012,190,0.0245753958132888
"6766",2012,191,0.214856862360418
"6767",2012,192,0.361219033883123
"6768",2012,193,0.321265370393721
"6769",2012,194,0.208927807810824
"6770",2012,195,0.049270364203361
"6771",2012,196,0.0118054232535138
"6772",2012,197,0.0100262457854106
"6773",2012,198,0.00909299645076224
"6774",2012,199,0.248889930579603
"6775",2012,200,0.210789439433775
"6776",2012,201,0.225209177827845
"6777",2012,202,0.0119082201527595
"6778",2012,203,0.0101882427136521
"6779",2012,204,0.00907651860424901
"6780",2012,205,0.00826298449854531
"6781",2012,206,0.00748813989526544
"6782",2012,207,0.00698702055738146
"6783",2012,208,0.396921573759477
"6784",2012,209,0.382142283845253
"6785",2012,210,0.368079420992948
"6786",2012,211,0.377040961256936
"6787",2012,212,0.381964374725655
"6788",2012,213,0.389822821666366
"6789",2012,214,0.370325622119306
"6790",2012,215,0.224786174452926
"6791",2012,216,0.224923019911435
"6792",2012,217,0.222458613965787
"6793",2012,218,0.208134686299212
"6794",2012,219,0.207822409836428
"6795",2012,220,0.212147150286728
"6796",2012,221,0.212099859005553
"6797",2012,222,0.402613941726856
"6798",2012,223,0.213370881299552
"6799",2012,224,0.208640827128458
"6800",2012,225,0.191535474774251
"6801",2012,226,0.166535723002985
"6802",2012,227,0.1330765242661
"6803",2012,228,0.11886244382144
"6804",2012,229,0.396474105570905
"6805",2012,230,0.385132235157746
"6806",2012,231,0.365286358816093
"6807",2012,232,0.33279501810382
"6808",2012,233,0.333346761266075
"6809",2012,234,0.335818204807224
"6810",2012,235,0.325801653167662
"6811",2012,236,0.176490611869401
"6812",2012,237,0.358084963777132
"6813",2012,238,0.322014271217587
"6814",2012,239,0.345329270853326
"6815",2012,240,0.329579634043916
"6816",2012,241,0.288099736238562
"6817",2012,242,0.283906105659593
"6818",2012,243,0.279875033137438
"6819",2012,244,0.278437084295218
"6820",2012,245,0.267693988918117
"6821",2012,246,0.137784315075227
"6822",2012,247,0.13833121385114
"6823",2012,248,0.133631731231727
"6824",2012,249,0.130787953581065
"6825",2012,250,0.121774793318129
"6826",2012,251,0.119777109060009
"6827",2012,252,0.100508415304841
"6828",2012,253,0.0963491600595248
"6829",2012,254,0.0981754002902363
"6830",2012,255,0.0994922929972802
"6831",2012,256,0.269562312187677
"6832",2012,257,0.235309260910752
"6833",2012,258,0.210191787631516
"6834",2012,259,0.204151177733815
"6835",2012,260,0.195045521989628
"6836",2012,261,0.205302836462345
"6837",2012,262,0.195749829746016
"6838",2012,263,0.195326571438197
"6839",2012,264,0.198183908792483
"6840",2012,265,0.192710142964932
"6841",2012,266,0.0759575214184767
"6842",2012,267,0.0677936124216242
"6843",2012,268,0.065989391097399
"6844",2012,269,0.0667374710893583
"6845",2012,270,0.0646014612870713
"6846",2012,271,0.194965789461725
"6847",2012,272,0.174255820273109
"6848",2012,273,0.165838402958987
"6849",2012,274,0.170724381146368
"6850",2012,275,0.138531097748934
"6851",2012,276,0.138186008902056
"6852",2012,277,0.147564136330193
"6853",2012,278,0.14520503327427
"6854",2012,279,0.139530987997288
"6855",2012,280,0.127304813545283
"6856",2012,281,0.104198355389605
"6857",2012,282,0.110620150587355
"6858",2012,283,0.117770671529778
"6859",2012,284,0.110086124812394
"6860",2012,285,0.146071622955297
"6861",2012,286,0.116708134044501
"6862",2012,287,0.113439024202907
"6863",2012,288,0.0976100579666997
"6864",2012,289,0.09464401776268
"6865",2012,290,0.0951885697749003
"6866",2012,291,0.0944882478839587
"6867",2012,292,0.0317881956538389
"6868",2012,293,0.0277923688585719
"6869",2012,294,0.0267130250331036
"6870",2012,295,0.0262710494577336
"6871",2012,296,0.0239647045498206
"6872",2012,297,0.0232369910399643
"6873",2012,298,0.0226228614600896
"6874",2012,299,0.0200570773138478
"6875",2012,300,0.0135818747043444
"6876",2012,301,0.0136019623907704
"6877",2012,302,0.0143200207138326
"6878",2012,303,0.0149485379666167
"6879",2012,304,0.0153121677518938
"6880",2012,305,0.0144220068775664
"6881",2012,306,0.00734850317221202
"6882",2012,307,0.00733093922919252
"6883",2012,308,0.0868020562426837
"6884",2012,309,0.0566865163322139
"6885",2012,310,0.0552226884744198
"6886",2012,311,0.0567172892723837
"6887",2012,312,0.0567617473343597
"6888",2012,313,0.056510035052672
"6889",2012,314,0.0559429052005239
"6890",2012,315,0.0545429982751371
"6891",2012,316,0.041375114151895
"6892",2012,317,0.0322558697608846
"6893",2012,318,0.024027952750472
"6894",2012,319,0.0103179301692187
"6895",2012,320,0.00847911727174191
"6896",2012,321,0.007086665653031
"6897",2012,322,0.00645382121428062
"6898",2012,323,0.00588058303447116
"6899",2012,324,0.00571980353542955
"6900",2012,325,0.00505661632070727
"6901",2012,326,0.0684751263171377
"6902",2012,327,0.0431870241035935
"6903",2012,328,0.0358058166767289
"6904",2012,329,0.0341728713372998
"6905",2012,330,0.0382322853275225
"6906",2012,331,0.0389554486931517
"6907",2012,332,0.0323609876396748
"6908",2012,333,0.034254360082619
"6909",2012,334,0.0358597029004531
"6910",2012,335,0.0365957833431693
"6911",2012,336,0.0319698042870153
"6912",2012,337,0.00999889114183453
"6913",2012,338,0.00693993583403448
"6914",2012,339,0.00488833927254184
"6915",2012,340,0.0041694499068435
"6916",2012,341,0.0041873535365853
"6917",2012,342,0.00377447350475019
"6918",2012,343,0.00320389120354865
"6919",2012,344,0.00285025381822333
"6920",2012,345,0.00183176586700412
"6921",2012,346,0.00182782312756588
"6922",2012,347,0.00189260931783686
"6923",2012,348,0.00205450290896273
"6924",2012,349,0.00209737479453231
"6925",2012,350,0.00190848020530072
"6926",2012,351,0.0016969415462017
"6927",2012,352,0.00160339957242926
"6928",2012,353,0.00192137162373975
"6929",2012,354,0.00181572633056947
"6930",2012,355,0.00121499608371419
"6931",2012,356,0.0012870775111078
"6932",2012,357,0.00151809796189529
"6933",2012,358,0.00158107743697775
"6934",2012,359,0.00153168822886358
"6935",2012,360,0.00122948388243747
"6936",2012,361,0.00109225534858145
"6937",2012,362,0.00130466621429887
"6938",2012,363,0.00111574183432818
"6939",2012,364,0.0010743711667891
"6940",2012,365,0.04997749632464
"6941",2013,1,0.0237145829928806
"6942",2013,2,0.0239853401279329
"6943",2013,3,0.0245434052560278
"6944",2013,4,0.0235910666120058
"6945",2013,5,0.028963046302306
"6946",2013,6,0.0312644015280899
"6947",2013,7,0.034904068406363
"6948",2013,8,0.0372095484911267
"6949",2013,9,0.0343132259470602
"6950",2013,10,0.0426741254635868
"6951",2013,11,0.0437457492042347
"6952",2013,12,0.0397398426565541
"6953",2013,13,0.0326345267294646
"6954",2013,14,0.028601582209793
"6955",2013,15,0.0279266695581604
"6956",2013,16,0.0311315409467542
"6957",2013,17,0.0383057404268081
"6958",2013,18,0.042508219106852
"6959",2013,19,0.09873720644568
"6960",2013,20,0.0399459581861936
"6961",2013,21,0.0390648547437711
"6962",2013,22,0.0446013059133526
"6963",2013,23,0.0472870932405818
"6964",2013,24,0.0506255544962551
"6965",2013,25,0.0532173776173224
"6966",2013,26,0.055120038788883
"6967",2013,27,0.0559202706384418
"6968",2013,28,0.054475228475496
"6969",2013,29,0.0470712705765749
"6970",2013,30,0.0395273335859576
"6971",2013,31,0.0452699184588106
"6972",2013,32,0.0501522472696601
"6973",2013,33,0.0519353132119083
"6974",2013,34,0.0518666288369039
"6975",2013,35,0.0584184549884358
"6976",2013,36,0.0589875781342563
"6977",2013,37,0.0608392511941589
"6978",2013,38,0.0587192931718367
"6979",2013,39,0.0559457983683364
"6980",2013,40,0.0514603074720164
"6981",2013,41,0.00920019533970846
"6982",2013,42,0.00738632962238816
"6983",2013,43,0.00573572832269115
"6984",2013,44,0.00497881384189982
"6985",2013,45,0.00503424292997727
"6986",2013,46,0.00423389209004716
"6987",2013,47,0.00453329138758002
"6988",2013,48,0.00525650152066562
"6989",2013,49,0.00540234458658448
"6990",2013,50,0.00525770756166173
"6991",2013,51,0.00603697891617169
"6992",2013,52,0.0053844530185274
"6993",2013,53,0.00536732357666678
"6994",2013,54,0.00590823076487519
"6995",2013,55,0.00679773291116911
"6996",2013,56,0.00572292195939827
"6997",2013,57,0.00647706311717722
"6998",2013,58,0.00642506848278349
"6999",2013,59,0.006612932695459
"7000",2013,60,0.00722129864892113
"7001",2013,61,0.00832352893019444
"7002",2013,62,0.00974617846266127
"7003",2013,63,0.0106755131677846
"7004",2013,64,0.00936523171231919
"7005",2013,65,0.0103001320838583
"7006",2013,66,0.0122342379849334
"7007",2013,67,0.0127532374914914
"7008",2013,68,0.0126272695990181
"7009",2013,69,0.0105948449361494
"7010",2013,70,0.0114493091818366
"7011",2013,71,0.0126009203795106
"7012",2013,72,0.0135536443226865
"7013",2013,73,0.0152485333709541
"7014",2013,74,0.0167100569534537
"7015",2013,75,0.017847075033012
"7016",2013,76,0.0185164472512147
"7017",2013,77,0.0187085877251496
"7018",2013,78,0.0190590696348116
"7019",2013,79,0.0178922714462284
"7020",2013,80,0.020955057562572
"7021",2013,81,0.0225738714738747
"7022",2013,82,0.0219669993710905
"7023",2013,83,0.0175525793636143
"7024",2013,84,0.0178106436313778
"7025",2013,85,0.0199931395699751
"7026",2013,86,0.0241696809972184
"7027",2013,87,0.0275580379040978
"7028",2013,88,0.0289774498876621
"7029",2013,89,0.0300459848989939
"7030",2013,90,0.0315339127391931
"7031",2013,91,0.0326424614699977
"7032",2013,92,0.0320853328879193
"7033",2013,93,0.0286312713577299
"7034",2013,94,0.0311390158215126
"7035",2013,95,0.0346157038905378
"7036",2013,96,0.03762497956659
"7037",2013,97,0.0386942508364104
"7038",2013,98,0.0403552347364378
"7039",2013,99,0.0420613175027945
"7040",2013,100,0.0358187846464861
"7041",2013,101,0.036351317505555
"7042",2013,102,0.0409587735581009
"7043",2013,103,0.0429293895857328
"7044",2013,104,0.0455961435540144
"7045",2013,105,0.048707190303459
"7046",2013,106,0.0518309893656088
"7047",2013,107,0.0540199947008017
"7048",2013,108,0.0479487104084731
"7049",2013,109,0.0455159965062181
"7050",2013,110,0.053843231570245
"7051",2013,111,0.057936434634703
"7052",2013,112,0.0624597652214997
"7053",2013,113,0.0595967661625133
"7054",2013,114,0.0533993189620327
"7055",2013,115,0.0631325991147282
"7056",2013,116,0.0700430173345654
"7057",2013,117,0.0717010672811059
"7058",2013,118,0.169640580119284
"7059",2013,119,0.086822862878009
"7060",2013,120,0.0925445921901069
"7061",2013,121,0.094584198586218
"7062",2013,122,0.0725782120309958
"7063",2013,123,0.0710807432639816
"7064",2013,124,0.0837474048777157
"7065",2013,125,0.091444271807513
"7066",2013,126,0.0985144309257846
"7067",2013,127,0.100468277471728
"7068",2013,128,0.103390709013629
"7069",2013,129,0.107793408247473
"7070",2013,130,0.288493592829888
"7071",2013,131,0.237871380869121
"7072",2013,132,0.228141936622347
"7073",2013,133,0.10613577346334
"7074",2013,134,0.306888372507861
"7075",2013,135,0.292240084484662
"7076",2013,136,0.309792405718339
"7077",2013,137,0.16832721644021
"7078",2013,138,0.142337584563524
"7079",2013,139,0.143526985638876
"7080",2013,140,0.141821480943419
"7081",2013,141,0.141523084830436
"7082",2013,142,0.146725542825043
"7083",2013,143,0.375783121111852
"7084",2013,144,0.326194926308228
"7085",2013,145,0.341123476278629
"7086",2013,146,0.336527227985323
"7087",2013,147,0.178381560407496
"7088",2013,148,0.178147715268557
"7089",2013,149,0.172221467497063
"7090",2013,150,0.172460354797296
"7091",2013,151,0.179009025207712
"7092",2013,152,0.179817954470221
"7093",2013,153,0.392120937295214
"7094",2013,154,0.357515539133239
"7095",2013,155,0.378763543455736
"7096",2013,156,0.201043323000203
"7097",2013,157,0.168996473051416
"7098",2013,158,0.142696630571816
"7099",2013,159,0.134912619490896
"7100",2013,160,0.113313942717033
"7101",2013,161,0.108717619675136
"7102",2013,162,0.0896049532469045
"7103",2013,163,0.0833042404105337
"7104",2013,164,0.418779515004356
"7105",2013,165,0.367871600586138
"7106",2013,166,0.395323883091773
"7107",2013,167,0.394577959258873
"7108",2013,168,0.442920233718026
"7109",2013,169,0.387572010158827
"7110",2013,170,0.351763077823693
"7111",2013,171,0.184263146265351
"7112",2013,172,0.419066985167492
"7113",2013,173,0.388878051781489
"7114",2013,174,0.274796268332769
"7115",2013,175,0.0657241563296122
"7116",2013,176,0.0416657730944485
"7117",2013,177,0.0404260806990893
"7118",2013,178,0.0387147925574226
"7119",2013,179,0.0347452427544699
"7120",2013,180,0.0344053249285329
"7121",2013,181,0.0322894680738669
"7122",2013,182,0.0278578894821676
"7123",2013,183,0.0271904225889458
"7124",2013,184,0.027356728763353
"7125",2013,185,0.0273478352619152
"7126",2013,186,0.0259051911852701
"7127",2013,187,0.0240967237302164
"7128",2013,188,0.0132793951414344
"7129",2013,189,0.0112568527752815
"7130",2013,190,0.0109624590407261
"7131",2013,191,0.0109230832020716
"7132",2013,192,0.0106607925068814
"7133",2013,193,0.0103697829993736
"7134",2013,194,0.0102387101759447
"7135",2013,195,0.0100379968112501
"7136",2013,196,0.278470871874268
"7137",2013,197,0.35161727046307
"7138",2013,198,0.362298349047165
"7139",2013,199,0.37049551127597
"7140",2013,200,0.382309712629803
"7141",2013,201,0.380661431924631
"7142",2013,202,0.388012624252925
"7143",2013,203,0.400075497361176
"7144",2013,204,0.375593019818222
"7145",2013,205,0.408078386364842
"7146",2013,206,0.373004725137427
"7147",2013,207,0.405634040181412
"7148",2013,208,0.367959416914648
"7149",2013,209,0.403741266324698
"7150",2013,210,0.404359890576755
"7151",2013,211,0.386443816785862
"7152",2013,212,0.384835705244159
"7153",2013,213,0.368789625541153
"7154",2013,214,0.211180765608783
"7155",2013,215,0.215712331661373
"7156",2013,216,0.213486867328503
"7157",2013,217,0.215182184277891
"7158",2013,218,0.299409596258188
"7159",2013,219,0.230376782405906
"7160",2013,220,0.207159875554479
"7161",2013,221,0.200815832374219
"7162",2013,222,0.176455482925928
"7163",2013,223,0.152242153531026
"7164",2013,224,0.132298533605514
"7165",2013,225,0.116054021155535
"7166",2013,226,0.0968899951466761
"7167",2013,227,0.0939985988437729
"7168",2013,228,0.242270311872122
"7169",2013,229,0.0648416227370796
"7170",2013,230,0.101209820198075
"7171",2013,231,0.0613049382745154
"7172",2013,232,0.056469384364747
"7173",2013,233,0.0370971135004604
"7174",2013,234,0.314398013011409
"7175",2013,235,0.336673523334526
"7176",2013,236,0.317532842290464
"7177",2013,237,0.313896527186466
"7178",2013,238,0.272809577553865
"7179",2013,239,0.065909898008051
"7180",2013,240,0.0425160424872301
"7181",2013,241,0.0234546016168686
"7182",2013,242,0.0224800382345261
"7183",2013,243,0.0216680945020025
"7184",2013,244,0.0208332511899807
"7185",2013,245,0.0194203666267404
"7186",2013,246,0.018302099729424
"7187",2013,247,0.0176794517468002
"7188",2013,248,0.0171791702746605
"7189",2013,249,0.0162248415946314
"7190",2013,250,0.0155036168217933
"7191",2013,251,0.280419858005091
"7192",2013,252,0.271028133313004
"7193",2013,253,0.266884651581588
"7194",2013,254,0.241476297481595
"7195",2013,255,0.238085515090163
"7196",2013,256,0.232327798950472
"7197",2013,257,0.220553812849354
"7198",2013,258,0.181292347762048
"7199",2013,259,0.081462179576173
"7200",2013,260,0.0778367051962574
"7201",2013,261,0.238878912177809
"7202",2013,262,0.223978647769965
"7203",2013,263,0.212060031548761
"7204",2013,264,0.183605484166855
"7205",2013,265,0.182266948212348
"7206",2013,266,0.18568192803342
"7207",2013,267,0.18031699899329
"7208",2013,268,0.179476247668245
"7209",2013,269,0.185669251851179
"7210",2013,270,0.2124251498565
"7211",2013,271,0.16268020546037
"7212",2013,272,0.153190711701738
"7213",2013,273,0.151689657131323
"7214",2013,274,0.10436913955363
"7215",2013,275,0.0558072150519102
"7216",2013,276,0.0539022089415473
"7217",2013,277,0.0524000549970875
"7218",2013,278,0.0425434967889075
"7219",2013,279,0.0369926767900852
"7220",2013,280,0.0366796827408339
"7221",2013,281,0.0362063303119015
"7222",2013,282,0.0367901964362233
"7223",2013,283,0.0366022323585903
"7224",2013,284,0.03351277910533
"7225",2013,285,0.0306998626283166
"7226",2013,286,0.028784598427122
"7227",2013,287,0.138618098768351
"7228",2013,288,0.119219176959879
"7229",2013,289,0.117041830228169
"7230",2013,290,0.0927137969063619
"7231",2013,291,0.0924751500129928
"7232",2013,292,0.0800623547873895
"7233",2013,293,0.0846403659019486
"7234",2013,294,0.077315303064624
"7235",2013,295,0.0753164990904492
"7236",2013,296,0.0778111629185803
"7237",2013,297,0.0799050610870942
"7238",2013,298,0.0757853287942359
"7239",2013,299,0.0768674989571167
"7240",2013,300,0.0727605592246587
"7241",2013,301,0.0708313735502784
"7242",2013,302,0.0240304398815038
"7243",2013,303,0.098719835537286
"7244",2013,304,0.0389508303577873
"7245",2013,305,0.0113951493323107
"7246",2013,306,0.00935079905891753
"7247",2013,307,0.0742110879874014
"7248",2013,308,0.049876000762326
"7249",2013,309,0.02935129483291
"7250",2013,310,0.00974579066366103
"7251",2013,311,0.00752429588256746
"7252",2013,312,0.0601629667804019
"7253",2013,313,0.0122808557198931
"7254",2013,314,0.00942451313721698
"7255",2013,315,0.0767409323341437
"7256",2013,316,0.0666996322549903
"7257",2013,317,0.0368422452879563
"7258",2013,318,0.0415443705540815
"7259",2013,319,0.0444308476782293
"7260",2013,320,0.0476337955083329
"7261",2013,321,0.0467831833662276
"7262",2013,322,0.0446189114094761
"7263",2013,323,0.0444643380753119
"7264",2013,324,0.0454016334108883
"7265",2013,325,0.0433879586952933
"7266",2013,326,0.0227452696798602
"7267",2013,327,0.0265982350294881
"7268",2013,328,0.0264008235693732
"7269",2013,329,0.0319455980042291
"7270",2013,330,0.0339159345610209
"7271",2013,331,0.0332632657084042
"7272",2013,332,0.0382547264797914
"7273",2013,333,0.0311032710535327
"7274",2013,334,0.0355451620136078
"7275",2013,335,0.0364803241262715
"7276",2013,336,0.0379374435599464
"7277",2013,337,0.0371468218030017
"7278",2013,338,0.0392293319616923
"7279",2013,339,0.0544861141550804
"7280",2013,340,0.021745430735851
"7281",2013,341,0.0180356543902802
"7282",2013,342,0.0265815025798803
"7283",2013,343,0.0276465157401127
"7284",2013,344,0.0235475406632389
"7285",2013,345,0.024117391220796
"7286",2013,346,0.0249428029875084
"7287",2013,347,0.0280036720671151
"7288",2013,348,0.0237692135696315
"7289",2013,349,0.0239948760490118
"7290",2013,350,0.0258937051693357
"7291",2013,351,0.0282914154773283
"7292",2013,352,0.028821172752476
"7293",2013,353,0.0326299880828882
"7294",2013,354,0.0567687283149582
"7295",2013,355,0.0249388673727713
"7296",2013,356,0.0232679520564578
"7297",2013,357,0.0244383721716248
"7298",2013,358,0.0256273724324339
"7299",2013,359,0.0240997198328834
"7300",2013,360,0.0235332379849212
"7301",2013,361,0.0241800809066991
"7302",2013,362,0.0252500701838438
"7303",2013,363,0.0237406565500001
"7304",2013,364,0.0248249634334826
"7305",2013,365,0.0264903638038127
"7306",2014,1,0.0294571126636532
"7307",2014,2,0.0267791566383042
"7308",2014,3,0.0297981630502914
"7309",2014,4,0.031211922249952
"7310",2014,5,0.0262584566793761
"7311",2014,6,0.0196262423598901
"7312",2014,7,0.0253092237136273
"7313",2014,8,0.0308279111215163
"7314",2014,9,0.0332738722018969
"7315",2014,10,0.033932965660541
"7316",2014,11,0.0371790972701644
"7317",2014,12,0.0385542103278356
"7318",2014,13,0.032449447486869
"7319",2014,14,0.03307833918672
"7320",2014,15,0.0309018795778676
"7321",2014,16,0.0346037539605742
"7322",2014,17,0.0325943539384991
"7323",2014,18,0.0351187911653887
"7324",2014,19,0.0359116285973773
"7325",2014,20,0.0380103350030473
"7326",2014,21,0.0283443994429363
"7327",2014,22,0.0125308593474973
"7328",2014,23,0.00609466685759098
"7329",2014,24,0.00483931174780123
"7330",2014,25,0.0053714249181435
"7331",2014,26,0.00549776013711404
"7332",2014,27,0.00402051534044511
"7333",2014,28,0.00300087445264579
"7334",2014,29,0.00322471778130256
"7335",2014,30,0.00395753222499118
"7336",2014,31,0.0043203482515589
"7337",2014,32,0.00404015335548539
"7338",2014,33,0.00293767027182988
"7339",2014,34,0.00265535216541097
"7340",2014,35,0.00261998902911485
"7341",2014,36,0.00219611037279296
"7342",2014,37,0.001881370157294
"7343",2014,38,0.00238400792421741
"7344",2014,39,0.0028479172322354
"7345",2014,40,0.00317665255324836
"7346",2014,41,0.00296769296985319
"7347",2014,42,0.00213302346628918
"7348",2014,43,0.00244636561210014
"7349",2014,44,0.00293642588205368
"7350",2014,45,0.00326156244617554
"7351",2014,46,0.00329313427701423
"7352",2014,47,0.0036774910068744
"7353",2014,48,0.00339974644277024
"7354",2014,49,0.00410729208454612
"7355",2014,50,0.00434840986080745
"7356",2014,51,0.00452499804149669
"7357",2014,52,0.00447103995366814
"7358",2014,53,0.00501457724903055
"7359",2014,54,0.00557890530841385
"7360",2014,55,0.00609432666106984
"7361",2014,56,0.00624028331473728
"7362",2014,57,0.042381414064552
"7363",2014,58,0.0140885790142862
"7364",2014,59,0.0135961203620012
"7365",2014,60,0.01260223349946
"7366",2014,61,0.0121578626739431
"7367",2014,62,0.0091906470133051
"7368",2014,63,0.0102562724845554
"7369",2014,64,0.0109017908172393
"7370",2014,65,0.0110558022282189
"7371",2014,66,0.0127081039334063
"7372",2014,67,0.0117986808491417
"7373",2014,68,0.010330283230592
"7374",2014,69,0.0122048531420793
"7375",2014,70,0.0136983120950661
"7376",2014,71,0.0114798538628291
"7377",2014,72,0.0124616086973897
"7378",2014,73,0.0144080148378768
"7379",2014,74,0.139022719849199
"7380",2014,75,0.0948513906953
"7381",2014,76,0.106197939276322
"7382",2014,77,0.118581417560654
"7383",2014,78,0.106396802231953
"7384",2014,79,0.0307339369173927
"7385",2014,80,0.027131264877997
"7386",2014,81,0.0259749210169535
"7387",2014,82,0.0222252839254732
"7388",2014,83,0.0233641031890142
"7389",2014,84,0.0233633267168829
"7390",2014,85,0.0254538076343631
"7391",2014,86,0.0266458204082376
"7392",2014,87,0.0263536246196849
"7393",2014,88,0.0263227371900292
"7394",2014,89,0.0296347541722955
"7395",2014,90,0.0304351332084224
"7396",2014,91,0.0310452542352
"7397",2014,92,0.0323483393696663
"7398",2014,93,0.0325395067192698
"7399",2014,94,0.0291962284135324
"7400",2014,95,0.0324350944085288
"7401",2014,96,0.0329687533408937
"7402",2014,97,0.0318562186485213
"7403",2014,98,0.0336528309595154
"7404",2014,99,0.037318274186663
"7405",2014,100,0.0410264666051031
"7406",2014,101,0.0431700180385322
"7407",2014,102,0.044038917167213
"7408",2014,103,0.0448156024217421
"7409",2014,104,0.0347902811156535
"7410",2014,105,0.0348639650216523
"7411",2014,106,0.042296561898992
"7412",2014,107,0.0456583519551271
"7413",2014,108,0.0473716627180123
"7414",2014,109,0.235668059860393
"7415",2014,110,0.20924955268139
"7416",2014,111,0.216858020910903
"7417",2014,112,0.201684663300023
"7418",2014,113,0.0667401727644467
"7419",2014,114,0.0671630245696469
"7420",2014,115,0.0691957054308384
"7421",2014,116,0.0720050036738576
"7422",2014,117,0.0667879297345774
"7423",2014,118,0.0690135930925448
"7424",2014,119,0.067837500937537
"7425",2014,120,0.0637456878531784
"7426",2014,121,0.0675208064268946
"7427",2014,122,0.0682718731134993
"7428",2014,123,0.075454583665096
"7429",2014,124,0.0866662042391079
"7430",2014,125,0.0910595315783278
"7431",2014,126,0.0928480815985506
"7432",2014,127,0.0952062368112578
"7433",2014,128,0.0903134730867469
"7434",2014,129,0.0942424596195623
"7435",2014,130,0.0941176961082358
"7436",2014,131,0.0961706171686209
"7437",2014,132,0.0868414400104997
"7438",2014,133,0.0631321880137302
"7439",2014,134,0.0599993409448165
"7440",2014,135,0.0648342168896907
"7441",2014,136,0.0545181981307633
"7442",2014,137,0.0591947560989709
"7443",2014,138,0.0609752929778613
"7444",2014,139,0.053140675204037
"7445",2014,140,0.0486715281894581
"7446",2014,141,0.0488209724151791
"7447",2014,142,0.0469862698117663
"7448",2014,143,0.0446728835142706
"7449",2014,144,0.0451321214052147
"7450",2014,145,0.0433135801773327
"7451",2014,146,0.0286921371595685
"7452",2014,147,0.0254328201998047
"7453",2014,148,0.0255558395793733
"7454",2014,149,0.0249104147596597
"7455",2014,150,0.0250851345058737
"7456",2014,151,0.0261462647239625
"7457",2014,152,0.0273446324480932
"7458",2014,153,0.0277027900518075
"7459",2014,154,0.0270958306544303
"7460",2014,155,0.0270597372444156
"7461",2014,156,0.0264293005248853
"7462",2014,157,0.0258603079430489
"7463",2014,158,0.420388997344171
"7464",2014,159,0.404419240185449
"7465",2014,160,0.308129630683028
"7466",2014,161,0.249414165527677
"7467",2014,162,0.0420539783211398
"7468",2014,163,0.0199264973484077
"7469",2014,164,0.252559177576052
"7470",2014,165,0.0928843269829773
"7471",2014,166,0.0172042682737285
"7472",2014,167,0.0164907272269254
"7473",2014,168,0.288631825017925
"7474",2014,169,0.370270457862559
"7475",2014,170,0.424011373529328
"7476",2014,171,0.369689850957919
"7477",2014,172,0.37863229895217
"7478",2014,173,0.437973200370549
"7479",2014,174,0.437131422047325
"7480",2014,175,0.420048571183663
"7481",2014,176,0.425094566073513
"7482",2014,177,0.395995570206257
"7483",2014,178,0.414439594311272
"7484",2014,179,0.417913145133632
"7485",2014,180,0.4564152401996
"7486",2014,181,0.248090951506819
"7487",2014,182,0.440051151613054
"7488",2014,183,0.380824904972294
"7489",2014,184,0.206809216740375
"7490",2014,185,0.202659849843195
"7491",2014,186,0.198651310889552
"7492",2014,187,0.402673461619361
"7493",2014,188,0.277493074667535
"7494",2014,189,0.128128334438212
"7495",2014,190,0.11609927160102
"7496",2014,191,0.0834331701662511
"7497",2014,192,0.0751936044829582
"7498",2014,193,0.0617041568811821
"7499",2014,194,0.0500292621719346
"7500",2014,195,0.0478511528162137
"7501",2014,196,0.376880505604315
"7502",2014,197,0.343291801099545
"7503",2014,198,0.400974588756312
"7504",2014,199,0.364606857708805
"7505",2014,200,0.407700323354703
"7506",2014,201,0.386099565785639
"7507",2014,202,0.389416623051375
"7508",2014,203,0.381260539264661
"7509",2014,204,0.336597331520846
"7510",2014,205,0.193822798134444
"7511",2014,206,0.194938883208774
"7512",2014,207,0.196604290514958
"7513",2014,208,0.197853154739351
"7514",2014,209,0.402342054345915
"7515",2014,210,0.327946308420204
"7516",2014,211,0.373063229511192
"7517",2014,212,0.366957473066978
"7518",2014,213,0.379724383005042
"7519",2014,214,0.382848943213809
"7520",2014,215,0.358526636432403
"7521",2014,216,0.362483597384817
"7522",2014,217,0.356899247302028
"7523",2014,218,0.207617476836578
"7524",2014,219,0.192191099816185
"7525",2014,220,0.171029379554428
"7526",2014,221,0.368840772003409
"7527",2014,222,0.382211830112539
"7528",2014,223,0.381449839398829
"7529",2014,224,0.311795289179653
"7530",2014,225,0.231711517552038
"7531",2014,226,0.0319947042988622
"7532",2014,227,0.029376288807618
"7533",2014,228,0.294301220059677
"7534",2014,229,0.329263803481058
"7535",2014,230,0.220434873605644
"7536",2014,231,0.344508015050127
"7537",2014,232,0.260529389324991
"7538",2014,233,0.340300919283689
"7539",2014,234,0.359528078803609
"7540",2014,235,0.332516522411063
"7541",2014,236,0.329875867258054
"7542",2014,237,0.256430616336863
"7543",2014,238,0.0323617219804671
"7544",2014,239,0.0159795157995108
"7545",2014,240,0.00939389267792874
"7546",2014,241,0.00904391287979389
"7547",2014,242,0.00872877556659322
"7548",2014,243,0.0086281169879819
"7549",2014,244,0.0084231494734994
"7550",2014,245,0.00747822923239295
"7551",2014,246,0.00546391857434953
"7552",2014,247,0.0051776348525268
"7553",2014,248,0.28159589067958
"7554",2014,249,0.274694641866703
"7555",2014,250,0.268568324609144
"7556",2014,251,0.252158945631139
"7557",2014,252,0.258363853964978
"7558",2014,253,0.260238030602783
"7559",2014,254,0.244726034391725
"7560",2014,255,0.25753226873862
"7561",2014,256,0.183584097429272
"7562",2014,257,0.191568856307817
"7563",2014,258,0.211143036320484
"7564",2014,259,0.216450183285296
"7565",2014,260,0.20712530072248
"7566",2014,261,0.246598629483405
"7567",2014,262,0.245689721552484
"7568",2014,263,0.235877093318794
"7569",2014,264,0.230143039355622
"7570",2014,265,0.190313468865916
"7571",2014,266,0.188176068341894
"7572",2014,267,0.182513737040412
"7573",2014,268,0.194497352903595
"7574",2014,269,0.161096819662364
"7575",2014,270,0.157534396055045
"7576",2014,271,0.16031437205741
"7577",2014,272,0.163561710317097
"7578",2014,273,0.166776513166711
"7579",2014,274,0.156836333103984
"7580",2014,275,0.102632618938555
"7581",2014,276,0.0478392663035273
"7582",2014,277,0.0456342206454191
"7583",2014,278,0.0442697055429105
"7584",2014,279,0.0427681378254715
"7585",2014,280,0.04047697245808
"7586",2014,281,0.0397610021760575
"7587",2014,282,0.0385083360868205
"7588",2014,283,0.0348598363414529
"7589",2014,284,0.0302317292425784
"7590",2014,285,0.0294806513685379
"7591",2014,286,0.0253662570584327
"7592",2014,287,0.0236647513386442
"7593",2014,288,0.0236901090730629
"7594",2014,289,0.0241259566267205
"7595",2014,290,0.0243341454130441
"7596",2014,291,0.0215502756483573
"7597",2014,292,0.0211731288715254
"7598",2014,293,0.114685464247267
"7599",2014,294,0.108794595523706
"7600",2014,295,0.0866186987497808
"7601",2014,296,0.0895962032110308
"7602",2014,297,0.0875288382839424
"7603",2014,298,0.0868525126457826
"7604",2014,299,0.0873260035706342
"7605",2014,300,0.0859511310461066
"7606",2014,301,0.0778575786332819
"7607",2014,302,0.0732622120277998
"7608",2014,303,0.0750709365555127
"7609",2014,304,0.0687419808667731
"7610",2014,305,0.0583576762667599
"7611",2014,306,0.0568346356289592
"7612",2014,307,0.0506249984189191
"7613",2014,308,0.0771150654140146
"7614",2014,309,0.0687893147135983
"7615",2014,310,0.0690238051390677
"7616",2014,311,0.0461013646275601
"7617",2014,312,0.0446336062187851
"7618",2014,313,0.0451971129417142
"7619",2014,314,0.0505571183362734
"7620",2014,315,0.0411746033024299
"7621",2014,316,0.0320733547587085
"7622",2014,317,0.0281392644323331
"7623",2014,318,0.034205811065497
"7624",2014,319,0.0413102935280239
"7625",2014,320,0.0379921029125414
"7626",2014,321,0.0270613913351509
"7627",2014,322,0.0303749734268471
"7628",2014,323,0.0349523433024831
"7629",2014,324,0.0380887250352127
"7630",2014,325,0.0391330257103696
"7631",2014,326,0.0378851108978748
"7632",2014,327,0.0380596768222465
"7633",2014,328,0.0298069420179998
"7634",2014,329,0.02807207170185
"7635",2014,330,0.0328193647533467
"7636",2014,331,0.0332014821939741
"7637",2014,332,0.034300485118404
"7638",2014,333,0.0359665754741492
"7639",2014,334,0.0352693843765776
"7640",2014,335,0.0269665643895575
"7641",2014,336,0.0270774364913896
"7642",2014,337,0.0306013029183919
"7643",2014,338,0.0253654092950431
"7644",2014,339,0.0112400017772039
"7645",2014,340,0.00722186738718645
"7646",2014,341,0.00601683183893684
"7647",2014,342,0.00498509866315899
"7648",2014,343,0.0554399464157579
"7649",2014,344,0.0325179152892062
"7650",2014,345,0.0334780080831275
"7651",2014,346,0.0337089632141028
"7652",2014,347,0.0330268774027677
"7653",2014,348,0.0286891535146061
"7654",2014,349,0.0261494391149626
"7655",2014,350,0.0208149162391525
"7656",2014,351,0.0133623930119679
"7657",2014,352,0.00702581193943654
"7658",2014,353,0.00511337313750227
"7659",2014,354,0.00429374224133239
"7660",2014,355,0.00394994617803821
"7661",2014,356,0.00415537628955046
"7662",2014,357,0.042212575820117
"7663",2014,358,0.022680061754184
"7664",2014,359,0.0180333911486958
"7665",2014,360,0.0109186578613106
"7666",2014,361,0.0466901470627425
"7667",2014,362,0.0268543332868192
"7668",2014,363,0.0261267101257781
"7669",2014,364,0.0223718907510682
"7670",2014,365,0.0157687420542401
"7671",2014,366,0.0277199241184185
"7672",2015,1,0.0235755700364214
"7673",2015,2,0.0247395235962936
"7674",2015,3,0.0310350950327831
"7675",2015,4,0.0333429863545556
"7676",2015,5,0.0369834674117801
"7677",2015,6,0.0422711286115458
"7678",2015,7,0.0354341511810274
"7679",2015,8,0.0319727540248546
"7680",2015,9,0.0320476438351976
"7681",2015,10,0.0350208706457301
"7682",2015,11,0.040657148126897
"7683",2015,12,0.0411287458674769
"7684",2015,13,0.0318100566535219
"7685",2015,14,0.0316118678694006
"7686",2015,15,0.0365445206567149
"7687",2015,16,0.0409700399189641
"7688",2015,17,0.093116390563366
"7689",2015,18,0.0985892113994887
"7690",2015,19,0.10778563470928
"7691",2015,20,0.0863028419231697
"7692",2015,21,0.0625058842248648
"7693",2015,22,0.055498590912604
"7694",2015,23,0.0316342733475394
"7695",2015,24,0.0355880472623009
"7696",2015,25,0.0401172310711684
"7697",2015,26,0.0430824326854574
"7698",2015,27,0.0511098068862249
"7699",2015,28,0.055521891021841
"7700",2015,29,0.0532809240382348
"7701",2015,30,0.0696485989392535
"7702",2015,31,0.0765294651129272
"7703",2015,32,0.0514593866792396
"7704",2015,33,0.0496310465109153
"7705",2015,34,0.0527626512687502
"7706",2015,35,0.0582815782118878
"7707",2015,36,0.0555208839269519
"7708",2015,37,0.0621223126900895
"7709",2015,38,0.0659358519755033
"7710",2015,39,0.073234699326505
"7711",2015,40,0.0711207377140213
"7712",2015,41,0.0748210189260316
"7713",2015,42,0.0945134081686928
"7714",2015,43,0.0761387003134758
"7715",2015,44,0.0647976338348021
"7716",2015,45,0.0713245593974364
"7717",2015,46,0.101106424507028
"7718",2015,47,0.0886474293512613
"7719",2015,48,0.061073358921496
"7720",2015,49,0.0718029338987344
"7721",2015,50,0.080637601424639
"7722",2015,51,0.0869653368380847
"7723",2015,52,0.0921644349088365
"7724",2015,53,0.109702694594747
"7725",2015,54,0.0522659365276589
"7726",2015,55,0.0619791181204034
"7727",2015,56,0.0720340901352831
"7728",2015,57,0.0677374067524863
"7729",2015,58,0.0547721496446257
"7730",2015,59,0.0725750034070164
"7731",2015,60,0.0856415433649146
"7732",2015,61,0.0876360801149348
"7733",2015,62,0.0966123429310165
"7734",2015,63,0.116207387103928
"7735",2015,64,0.0658021192826544
"7736",2015,65,0.0778465183208665
"7737",2015,66,0.0903845238033502
"7738",2015,67,0.124857681315038
"7739",2015,68,0.123316004944496
"7740",2015,69,0.123690558566206
"7741",2015,70,0.100421195285078
"7742",2015,71,0.101588527743001
"7743",2015,72,0.103648568841566
"7744",2015,73,0.10269451256457
"7745",2015,74,0.10385268146571
"7746",2015,75,0.111901573760339
"7747",2015,76,0.135974296348452
"7748",2015,77,0.117117720148065
"7749",2015,78,0.150141190763575
"7750",2015,79,0.141704536670317
"7751",2015,80,0.139143684951098
"7752",2015,81,0.129096495512374
"7753",2015,82,0.13783419104169
"7754",2015,83,0.14606037642706
"7755",2015,84,0.147857642525696
"7756",2015,85,0.125621207639746
"7757",2015,86,0.134396212684379
"7758",2015,87,0.152912074305157
"7759",2015,88,0.163164270293783
"7760",2015,89,0.138253759920932
"7761",2015,90,0.0394682361732739
"7762",2015,91,0.0390443044072381
"7763",2015,92,0.0394798215762258
"7764",2015,93,0.0392352234122978
"7765",2015,94,0.0342354148432438
"7766",2015,95,0.0400127896568275
"7767",2015,96,0.0420246156467467
"7768",2015,97,0.0445799985302947
"7769",2015,98,0.0458407642291055
"7770",2015,99,0.0445847157279983
"7771",2015,100,0.217763941441424
"7772",2015,101,0.191745411674446
"7773",2015,102,0.215659396148022
"7774",2015,103,0.198781846328157
"7775",2015,104,0.174730073367313
"7776",2015,105,0.188119685146315
"7777",2015,106,0.19825793428655
"7778",2015,107,0.19487154363037
"7779",2015,108,0.193705609456288
"7780",2015,109,0.195931992477773
"7781",2015,110,0.0690012795856592
"7782",2015,111,0.0696064594522367
"7783",2015,112,0.0690901479096658
"7784",2015,113,0.239433582687099
"7785",2015,114,0.216694579963299
"7786",2015,115,0.215962516995433
"7787",2015,116,0.219072471256425
"7788",2015,117,0.0952134200981241
"7789",2015,118,0.0713424031692069
"7790",2015,119,0.0731034099914772
"7791",2015,120,0.0800757112359008
"7792",2015,121,0.0873873641311911
"7793",2015,122,0.092770947611577
"7794",2015,123,0.0987519868910763
"7795",2015,124,0.0970666212164949
"7796",2015,125,0.0970488942791949
"7797",2015,126,0.09987269267877
"7798",2015,127,0.103709250428078
"7799",2015,128,0.108784502498456
"7800",2015,129,0.108865661634664
"7801",2015,130,0.105588954148362
"7802",2015,131,0.103566249773082
"7803",2015,132,0.297911132190043
"7804",2015,133,0.27414210061777
"7805",2015,134,0.28166832791529
"7806",2015,135,0.317210561601653
"7807",2015,136,0.298466094589932
"7808",2015,137,0.279927728611482
"7809",2015,138,0.282912680165496
"7810",2015,139,0.143019294982617
"7811",2015,140,0.140157814021351
"7812",2015,141,0.307076885340947
"7813",2015,142,0.31680685681264
"7814",2015,143,0.336010107763011
"7815",2015,144,0.295894696651225
"7816",2015,145,0.308735667452869
"7817",2015,146,0.315634754071608
"7818",2015,147,0.323841945775078
"7819",2015,148,0.171198471741399
"7820",2015,149,0.172363369553261
"7821",2015,150,0.165078127661211
"7822",2015,151,0.166268303196479
"7823",2015,152,0.179269780132513
"7824",2015,153,0.189495721841025
"7825",2015,154,0.196441635573193
"7826",2015,155,0.197610088763778
"7827",2015,156,0.19447334727884
"7828",2015,157,0.19697702609137
"7829",2015,158,0.40664287933697
"7830",2015,159,0.369168874392526
"7831",2015,160,0.242394760534573
"7832",2015,161,0.217023474730779
"7833",2015,162,0.226805990546578
"7834",2015,163,0.228479095859351
"7835",2015,164,0.434939255092654
"7836",2015,165,0.421688549616997
"7837",2015,166,0.377270183575163
"7838",2015,167,0.370564470548694
"7839",2015,168,0.378066027124679
"7840",2015,169,0.353423408245907
"7841",2015,170,0.212990643337195
"7842",2015,171,0.21923732554582
"7843",2015,172,0.222292328908925
"7844",2015,173,0.215431356819859
"7845",2015,174,0.387939501308922
"7846",2015,175,0.40959127081141
"7847",2015,176,0.367581549087947
"7848",2015,177,0.422652285801348
"7849",2015,178,0.370555776012376
"7850",2015,179,0.343618800160632
"7851",2015,180,0.149963757811843
"7852",2015,181,0.128637080527246
"7853",2015,182,0.110950393915129
"7854",2015,183,0.106704045928682
"7855",2015,184,0.0817011114374543
"7856",2015,185,0.370238213939761
"7857",2015,186,0.335095414777423
"7858",2015,187,0.375641669723174
"7859",2015,188,0.366673225072444
"7860",2015,189,0.361287066653526
"7861",2015,190,0.398450943822387
"7862",2015,191,0.370499515680381
"7863",2015,192,0.380861202211743
"7864",2015,193,0.371372303969515
"7865",2015,194,0.189667075929996
"7866",2015,195,0.184522401670395
"7867",2015,196,0.36693714295119
"7868",2015,197,0.384752122827764
"7869",2015,198,0.376896201387643
"7870",2015,199,0.322106084006407
"7871",2015,200,0.419859923725792
"7872",2015,201,0.419006301878249
"7873",2015,202,0.404477994264872
"7874",2015,203,0.378720368089271
"7875",2015,204,0.381543326749994
"7876",2015,205,0.369711063309261
"7877",2015,206,0.221172198799891
"7878",2015,207,0.177567073077208
"7879",2015,208,0.125668857553475
"7880",2015,209,0.244368539675221
"7881",2015,210,0.032504583777459
"7882",2015,211,0.0319115447829044
"7883",2015,212,0.0305345425301744
"7884",2015,213,0.370933677856124
"7885",2015,214,0.396628648457975
"7886",2015,215,0.415147546609647
"7887",2015,216,0.415905488906613
"7888",2015,217,0.390305783896661
"7889",2015,218,0.393780883939543
"7890",2015,219,0.384285083691963
"7891",2015,220,0.216453626148054
"7892",2015,221,0.413722782669913
"7893",2015,222,0.199361260641394
"7894",2015,223,0.151805976274765
"7895",2015,224,0.0747937321073411
"7896",2015,225,0.0429732125765424
"7897",2015,226,0.220899046401132
"7898",2015,227,0.0283703930802301
"7899",2015,228,0.367184166478791
"7900",2015,229,0.272149278084282
"7901",2015,230,0.35915432777812
"7902",2015,231,0.252696697873662
"7903",2015,232,0.369055455356321
"7904",2015,233,0.343074520911793
"7905",2015,234,0.343266350533421
"7906",2015,235,0.305053892093969
"7907",2015,236,0.112991417326998
"7908",2015,237,0.0422791045895304
"7909",2015,238,0.0183453794312206
"7910",2015,239,0.0127445241419211
"7911",2015,240,0.0121539300822385
"7912",2015,241,0.0111505661031221
"7913",2015,242,0.0104836927164948
"7914",2015,243,0.0100771230273638
"7915",2015,244,0.0098356201210436
"7916",2015,245,0.00941429401043041
"7917",2015,246,0.00907055149456656
"7918",2015,247,0.00879346598504077
"7919",2015,248,0.00861436197442557
"7920",2015,249,0.00824901194225116
"7921",2015,250,0.00796908659149326
"7922",2015,251,0.199327195231449
"7923",2015,252,0.218980044343075
"7924",2015,253,0.154483273813586
"7925",2015,254,0.0160737614634725
"7926",2015,255,0.0123732785360721
"7927",2015,256,0.0108651307031512
"7928",2015,257,0.0098388306921879
"7929",2015,258,0.009168232800643
"7930",2015,259,0.00870012007572195
"7931",2015,260,0.0082581128631063
"7932",2015,261,0.143255267883724
"7933",2015,262,0.168559025876386
"7934",2015,263,0.0303612140346045
"7935",2015,264,0.21793478759608
"7936",2015,265,0.180338468482828
"7937",2015,266,0.162558223505999
"7938",2015,267,0.19536517917332
"7939",2015,268,0.145107507375502
"7940",2015,269,0.130603627648957
"7941",2015,270,0.111640471071548
"7942",2015,271,0.0108782639459659
"7943",2015,272,0.0087795746453093
"7944",2015,273,0.00757956031364226
"7945",2015,274,0.00707603135062886
"7946",2015,275,0.00653692564434138
"7947",2015,276,0.00594511314759299
"7948",2015,277,0.155450882876394
"7949",2015,278,0.157230339654838
"7950",2015,279,0.158060034861435
"7951",2015,280,0.154944694383484
"7952",2015,281,0.13900570557066
"7953",2015,282,0.109365002365176
"7954",2015,283,0.117292332810703
"7955",2015,284,0.119130521626489
"7956",2015,285,0.122703099591128
"7957",2015,286,0.115507224448834
"7958",2015,287,0.114233586087273
"7959",2015,288,0.111145779482606
"7960",2015,289,0.0957474832305193
"7961",2015,290,0.0922813739848589
"7962",2015,291,0.0910673944482023
"7963",2015,292,0.0940790063054047
"7964",2015,293,0.0884584371272023
"7965",2015,294,0.120369390507026
"7966",2015,295,0.0886749115953895
"7967",2015,296,0.0869696883361176
"7968",2015,297,0.100450227174232
"7969",2015,298,0.0680851445964683
"7970",2015,299,0.0690598558259818
"7971",2015,300,0.0727717566183983
"7972",2015,301,0.0712904309744
"7973",2015,302,0.100831503725249
"7974",2015,303,0.0885970080001009
"7975",2015,304,0.0551395083436167
"7976",2015,305,0.0550999904235954
"7977",2015,306,0.0592326954773427
"7978",2015,307,0.0616670141967319
"7979",2015,308,0.0599151180872012
"7980",2015,309,0.0546369956316572
"7981",2015,310,0.0496696373454525
"7982",2015,311,0.0442767389700882
"7983",2015,312,0.0444019781401835
"7984",2015,313,0.0488810140391709
"7985",2015,314,0.0500126929981439
"7986",2015,315,0.0457715625958589
"7987",2015,316,0.0403128841924918
"7988",2015,317,0.0410332182130552
"7989",2015,318,0.0425616949206974
"7990",2015,319,0.0723638711270607
"7991",2015,320,0.0462404135297063
"7992",2015,321,0.0339091020287042
"7993",2015,322,0.0350706345950193
"7994",2015,323,0.0356623988984679
"7995",2015,324,0.0396065331260932
"7996",2015,325,0.0317928221186777
"7997",2015,326,0.0322689424686315
"7998",2015,327,0.0336279207030449
"7999",2015,328,0.0382855846626641
"8000",2015,329,0.068247854012257
"8001",2015,330,0.0669336588671974
"8002",2015,331,0.059324199156911
"8003",2015,332,0.0484137237730443
"8004",2015,333,0.056017451438295
"8005",2015,334,0.0319398290338447
"8006",2015,335,0.0306698710036998
"8007",2015,336,0.0282158046011232
"8008",2015,337,0.0278688485305858
"8009",2015,338,0.0297717612262755
"8010",2015,339,0.0332993272143566
"8011",2015,340,0.0293293799613136
"8012",2015,341,0.0302891910008109
"8013",2015,342,0.0312876848695529
"8014",2015,343,0.0314239770547185
"8015",2015,344,0.0357540179757855
"8016",2015,345,0.0361257582843941
"8017",2015,346,0.0596039365686838
"8018",2015,347,0.025650570538733
"8019",2015,348,0.0279539239997127
"8020",2015,349,0.0248536014704229
"8021",2015,350,0.0220931860878586
"8022",2015,351,0.022717287000658
"8023",2015,352,0.0253574965312014
"8024",2015,353,0.0286049692275595
"8025",2015,354,0.0318885428649496
"8026",2015,355,0.0303082327816809
"8027",2015,356,0.0301525047884807
"8028",2015,357,0.0310345391562747
"8029",2015,358,0.0325738850160455
"8030",2015,359,0.0330538487445342
"8031",2015,360,0.0574329133620408
"8032",2015,361,0.0203757531044999
"8033",2015,362,0.0232633930350451
"8034",2015,363,0.0310468885670449
"8035",2015,364,0.0311958297796933
"8036",2015,365,0.0332219993636487
"8037",2016,1,0.0289382752203895
"8038",2016,2,0.0287145471521319
"8039",2016,3,0.0327250716156976
"8040",2016,4,0.0320597711839015
"8041",2016,5,0.0381280191642694
"8042",2016,6,0.0410951377719558
"8043",2016,7,0.0396509164953376
"8044",2016,8,0.00109046526175721
"8045",2016,9,0.0266113540881913
"8046",2016,10,0.0251957171946598
"8047",2016,11,0.0259500535811673
"8048",2016,12,0.0276228754006063
"8049",2016,13,0.0300229441679027
"8050",2016,14,0.0322650249534169
"8051",2016,15,0.0341192212721424
"8052",2016,16,0.0331960288522065
"8053",2016,17,0.0351434662253248
"8054",2016,18,0.0359395863018731
"8055",2016,19,0.0404203702735727
"8056",2016,20,0.0404494280798078
"8057",2016,21,0.0362288641821847
"8058",2016,22,0.0370316413379746
"8059",2016,23,0.041977937946862
"8060",2016,24,0.0464161330325875
"8061",2016,25,0.0438646172770152
"8062",2016,26,0.0620885268437472
"8063",2016,27,0.0387348994448876
"8064",2016,28,0.0436594435567834
"8065",2016,29,0.0488663233836554
"8066",2016,30,0.0534456436982926
"8067",2016,31,0.057858720716273
"8068",2016,32,0.0568694824211962
"8069",2016,33,0.0445725268549448
"8070",2016,34,0.0396668652707774
"8071",2016,35,0.0406874304648134
"8072",2016,36,0.0447873031101758
"8073",2016,37,0.0482617877121425
"8074",2016,38,0.0557617183315354
"8075",2016,39,0.0539087984768797
"8076",2016,40,0.0548590269704465
"8077",2016,41,0.0617892559299258
"8078",2016,42,0.066943531074503
"8079",2016,43,0.0683255874709569
"8080",2016,44,0.0642109357760289
"8081",2016,45,0.0141221145815387
"8082",2016,46,0.00935004978345481
"8083",2016,47,0.00801755067763668
"8084",2016,48,0.00719916722172016
"8085",2016,49,0.00725221026732183
"8086",2016,50,0.00795761072389229
"8087",2016,51,0.00808241078438144
"8088",2016,52,0.105597104088739
"8089",2016,53,0.0194645527593502
"8090",2016,54,0.0126771510535012
"8091",2016,55,0.0100616293463932
"8092",2016,56,0.0101741615058775
"8093",2016,57,0.0106436481332584
"8094",2016,58,0.0112385651519469
"8095",2016,59,0.0121356503354011
"8096",2016,60,0.0121188470621244
"8097",2016,61,0.0122620374873646
"8098",2016,62,0.0129795402564861
"8099",2016,63,0.0129379747514044
"8100",2016,64,0.0133406233670008
"8101",2016,65,0.0137046094492141
"8102",2016,66,0.0142322829983304
"8103",2016,67,0.0141552118904124
"8104",2016,68,0.0133499787745487
"8105",2016,69,0.0123520264644861
"8106",2016,70,0.0131204325997988
"8107",2016,71,0.0138574551513328
"8108",2016,72,0.0151242559132397
"8109",2016,73,0.0166661666974759
"8110",2016,74,0.0174938988930337
"8111",2016,75,0.0184090195497034
"8112",2016,76,0.0187834096083778
"8113",2016,77,0.0196391914819415
"8114",2016,78,0.0198093258456533
"8115",2016,79,0.0164103063386011
"8116",2016,80,0.0172142569835731
"8117",2016,81,0.0201908024255658
"8118",2016,82,0.0231209272928549
"8119",2016,83,0.0240904800593139
"8120",2016,84,0.0215376692076339
"8121",2016,85,0.0233969508512937
"8122",2016,86,0.0254149108177668
"8123",2016,87,0.0241495918046725
"8124",2016,88,0.0267055442192611
"8125",2016,89,0.0306043478573376
"8126",2016,90,0.0313421301992752
"8127",2016,91,0.063217638113106
"8128",2016,92,0.158998065967873
"8129",2016,93,0.130745067951502
"8130",2016,94,0.140851789926993
"8131",2016,95,0.0926145613293804
"8132",2016,96,0.0459435386585609
"8133",2016,97,0.0434700170118889
"8134",2016,98,0.0447826017208003
"8135",2016,99,0.0456317662696827
"8136",2016,100,0.046436360088249
"8137",2016,101,0.0477602786106064
"8138",2016,102,0.0472505559865101
"8139",2016,103,0.198975306417339
"8140",2016,104,0.17471882284057
"8141",2016,105,0.0831596430231961
"8142",2016,106,0.0642766880437636
"8143",2016,107,0.0610434759066762
"8144",2016,108,0.0568675203650838
"8145",2016,109,0.0562262974143165
"8146",2016,110,0.0630657467872233
"8147",2016,111,0.0642621585926278
"8148",2016,112,0.0649687162273283
"8149",2016,113,0.0680093750759525
"8150",2016,114,0.0697030651506902
"8151",2016,115,0.0741056583599258
"8152",2016,116,0.0740239985554071
"8153",2016,117,0.0773746621669956
"8154",2016,118,0.0761376916749144
"8155",2016,119,0.0800819572887546
"8156",2016,120,0.081796244208434
"8157",2016,121,0.0805023630943711
"8158",2016,122,0.0748023699942633
"8159",2016,123,0.0773065943954849
"8160",2016,124,0.0856979445610515
"8161",2016,125,0.0905005929695573
"8162",2016,126,0.096676260165814
"8163",2016,127,0.106371859782504
"8164",2016,128,0.112044435966191
"8165",2016,129,0.111061826839067
"8166",2016,130,0.105888979388071
"8167",2016,131,0.1096961470384
"8168",2016,132,0.1180012128685
"8169",2016,133,0.114818063493887
"8170",2016,134,0.329207995887925
"8171",2016,135,0.317697400317599
"8172",2016,136,0.319275483523357
"8173",2016,137,0.328632493780226
"8174",2016,138,0.32353644322038
"8175",2016,139,0.284357189061954
"8176",2016,140,0.279892165450123
"8177",2016,141,0.300657221243178
"8178",2016,142,0.318821005779304
"8179",2016,143,0.287938460407023
"8180",2016,144,0.158122051964729
"8181",2016,145,0.15764078743585
"8182",2016,146,0.165854448807991
"8183",2016,147,0.169454864250105
"8184",2016,148,0.154796314532269
"8185",2016,149,0.161984182689882
"8186",2016,150,0.166193852193909
"8187",2016,151,0.372733106655627
"8188",2016,152,0.363031495030981
"8189",2016,153,0.356454253164721
"8190",2016,154,0.318355795022374
"8191",2016,155,0.335488782094148
"8192",2016,156,0.339322284130569
"8193",2016,157,0.35064584103211
"8194",2016,158,0.326219690267357
"8195",2016,159,0.199656484291225
"8196",2016,160,0.206572750433761
"8197",2016,161,0.213008843493126
"8198",2016,162,0.220829253174385
"8199",2016,163,0.431463761777199
"8200",2016,164,0.400324037707889
"8201",2016,165,0.420065026963145
"8202",2016,166,0.455691863503364
"8203",2016,167,0.452846002324301
"8204",2016,168,0.414543565666798
"8205",2016,169,0.423960089121261
"8206",2016,170,0.421180294308871
"8207",2016,171,0.43547321270798
"8208",2016,172,0.216125555362964
"8209",2016,173,0.220132134075182
"8210",2016,174,0.231101635436411
"8211",2016,175,0.232857633275059
"8212",2016,176,0.220876896728298
"8213",2016,177,0.217117142971318
"8214",2016,178,0.421265607324358
"8215",2016,179,0.407659542102072
"8216",2016,180,0.401273733984612
"8217",2016,181,0.374739980220014
"8218",2016,182,0.383419974127343
"8219",2016,183,0.387379874501319
"8220",2016,184,0.373701619791201
"8221",2016,185,0.211093047737306
"8222",2016,186,0.211125063103933
"8223",2016,187,0.216923700382113
"8224",2016,188,0.441665727818785
"8225",2016,189,0.44230587889684
"8226",2016,190,0.426469010204158
"8227",2016,191,0.388316075217879
"8228",2016,192,0.380038963360344
"8229",2016,193,0.235283683495143
"8230",2016,194,0.433001732422177
"8231",2016,195,0.424875760115886
"8232",2016,196,0.138481463257929
"8233",2016,197,0.366046115642543
"8234",2016,198,0.130930270972853
"8235",2016,199,0.115698157610261
"8236",2016,200,0.0997539863439726
"8237",2016,201,0.0968279065682667
"8238",2016,202,0.0755587571904125
"8239",2016,203,0.0719250384192196
"8240",2016,204,0.0677907686842458
"8241",2016,205,0.060997557308776
"8242",2016,206,0.0560594126270262
"8243",2016,207,0.0342905395506976
"8244",2016,208,0.406880804871906
"8245",2016,209,0.378893542793981
"8246",2016,210,0.329766552277981
"8247",2016,211,0.0880882053629437
"8248",2016,212,0.394277198081233
"8249",2016,213,0.402784041133712
"8250",2016,214,0.375295511694353
"8251",2016,215,0.408492079955612
"8252",2016,216,0.383105131320991
"8253",2016,217,0.387169871993654
"8254",2016,218,0.388692645622942
"8255",2016,219,0.380122444152153
"8256",2016,220,0.230954435860338
"8257",2016,221,0.223553619764786
"8258",2016,222,0.409838994183394
"8259",2016,223,0.393914955491701
"8260",2016,224,0.367276365255223
"8261",2016,225,0.40358305598058
"8262",2016,226,0.363243281077301
"8263",2016,227,0.328490955654827
"8264",2016,228,0.327012622196136
"8265",2016,229,0.327984790220719
"8266",2016,230,0.324460321995944
"8267",2016,231,0.34751018047567
"8268",2016,232,0.345640530816933
"8269",2016,233,0.315529709235053
"8270",2016,234,0.308229345305889
"8271",2016,235,0.341651129023375
"8272",2016,236,0.337844783484353
"8273",2016,237,0.324533936052538
"8274",2016,238,0.321515318112909
"8275",2016,239,0.314687974517292
"8276",2016,240,0.289585844383299
"8277",2016,241,0.316533105680668
"8278",2016,242,0.300750567604348
"8279",2016,243,0.296293722447914
"8280",2016,244,0.298922211417458
"8281",2016,245,0.299155514451112
"8282",2016,246,0.28883249888956
"8283",2016,247,0.260207011021797
"8284",2016,248,0.263123512112653
"8285",2016,249,0.259488278510564
"8286",2016,250,0.250505500861999
"8287",2016,251,0.25325710646709
"8288",2016,252,0.245367667831601
"8289",2016,253,0.22321647624137
"8290",2016,254,0.235179228416813
"8291",2016,255,0.103890195272879
"8292",2016,256,0.102665108453828
"8293",2016,257,0.25507951969039
"8294",2016,258,0.250461695606534
"8295",2016,259,0.221428134868315
"8296",2016,260,0.226996203874925
"8297",2016,261,0.218661448739541
"8298",2016,262,0.218561528011085
"8299",2016,263,0.216454320091257
"8300",2016,264,0.203103831677851
"8301",2016,265,0.0918792350408718
"8302",2016,266,0.081300992663265
"8303",2016,267,0.0762940932323755
"8304",2016,268,0.212111110087961
"8305",2016,269,0.185723071976627
"8306",2016,270,0.163362361839987
"8307",2016,271,0.140314246313711
"8308",2016,272,0.150115418067548
"8309",2016,273,0.147999352819872
"8310",2016,274,0.169481931252878
"8311",2016,275,0.140626859032016
"8312",2016,276,0.147747648840077
"8313",2016,277,0.171500095733027
"8314",2016,278,0.140595037494963
"8315",2016,279,0.135612291845512
"8316",2016,280,0.13635989828109
"8317",2016,281,0.112267791194598
"8318",2016,282,0.131748683704755
"8319",2016,283,0.112033962217552
"8320",2016,284,0.118065697421161
"8321",2016,285,0.117763776287959
"8322",2016,286,0.120282216744551
"8323",2016,287,0.105389098389296
"8324",2016,288,0.107850500923642
"8325",2016,289,0.109987234114955
"8326",2016,290,0.10804663681632
"8327",2016,291,0.101421204613391
"8328",2016,292,0.0517835889742145
"8329",2016,293,0.0307029167524026
"8330",2016,294,0.023994658229244
"8331",2016,295,0.0218770789622826
"8332",2016,296,0.021877061059816
"8333",2016,297,0.0221427249890545
"8334",2016,298,0.0217178306897895
"8335",2016,299,0.0208472942167225
"8336",2016,300,0.0193608702217194
"8337",2016,301,0.017991910450797
"8338",2016,302,0.00902348713557605
"8339",2016,303,0.00919492883402495
"8340",2016,304,0.00887268758561489
"8341",2016,305,0.0082093565917486
"8342",2016,306,0.00794196559845721
"8343",2016,307,0.00746982925195997
"8344",2016,308,0.00649944199349402
"8345",2016,309,0.00642313458712435
"8346",2016,310,0.00622134119797133
"8347",2016,311,0.00612043496401775
"8348",2016,312,0.00540877803579976
"8349",2016,313,0.00472318951842366
"8350",2016,314,0.0670388506986668
"8351",2016,315,0.069423267848084
"8352",2016,316,0.0699907874945662
"8353",2016,317,0.0672771951126679
"8354",2016,318,0.0430277144482696
"8355",2016,319,0.0440694862008138
"8356",2016,320,0.0441756285951786
"8357",2016,321,0.0454384137356745
"8358",2016,322,0.0469497024851197
"8359",2016,323,0.0385042314702352
"8360",2016,324,0.0333387727858187
"8361",2016,325,0.037230340721403
"8362",2016,326,0.0402132078601714
"8363",2016,327,0.0402687155174781
"8364",2016,328,0.0345647151959869
"8365",2016,329,0.0376241716515769
"8366",2016,330,0.0577427529623349
"8367",2016,331,0.0346542663632958
"8368",2016,332,0.0379620036980713
"8369",2016,333,0.0334504211412404
"8370",2016,334,0.03033288428596
"8371",2016,335,0.0270693538795209
"8372",2016,336,0.0291278043916595
"8373",2016,337,0.0549346553353539
"8374",2016,338,0.0486308336551731
"8375",2016,339,0.0435242296253825
"8376",2016,340,0.0339471799685257
"8377",2016,341,0.029351206155842
"8378",2016,342,0.0305492674538859
"8379",2016,343,0.0206642409583884
"8380",2016,344,0.0223915796939106
"8381",2016,345,0.0277889387065668
"8382",2016,346,0.0310703146109054
"8383",2016,347,0.0332703925051539
"8384",2016,348,0.0327665322216483
"8385",2016,349,0.0327657683714844
"8386",2016,350,0.0318818403427784
"8387",2016,351,0.0338728170838107
"8388",2016,352,0.034441360086653
"8389",2016,353,0.0195079475072999
"8390",2016,354,0.021003427068479
"8391",2016,355,0.0275613380238213
"8392",2016,356,0.0323046458803366
"8393",2016,357,0.0291637763828995
"8394",2016,358,0.0310390425975167
"8395",2016,359,0.0324415150226921
"8396",2016,360,0.0325552759353771
"8397",2016,361,0.0302796262654614
"8398",2016,362,0.0310586711921154
"8399",2016,363,0.0350153270911438
"8400",2016,364,0.0552998149138856
"8401",2016,365,0.0515286140281192
"8402",2017,1,0.0572940627906301
"8403",2017,2,0.0305059893465194
"8404",2017,3,0.031837764651008
"8405",2017,4,0.0346369874701762
"8406",2017,5,0.0351345692339383
"8407",2017,6,0.0239378787930069
"8408",2017,7,0.0228687948276584
"8409",2017,8,0.0294583765273611
"8410",2017,9,0.0383300895964378
"8411",2017,10,0.0425090835746855
"8412",2017,11,0.043098137721585
"8413",2017,12,0.0413529807826234
"8414",2017,13,0.0390686344616058
"8415",2017,14,0.0612244019989006
"8416",2017,15,0.0605619792234487
"8417",2017,16,0.0344848905143059
"8418",2017,17,0.03185002487339
"8419",2017,18,0.0350954910683557
"8420",2017,19,0.0368916589222659
"8421",2017,20,0.0404717472875986
"8422",2017,21,0.0642334251490309
"8423",2017,22,0.0374596501614871
"8424",2017,23,0.0457042137263257
"8425",2017,24,0.0481437478326741
"8426",2017,25,0.0396469196380547
"8427",2017,26,0.0382485414562988
"8428",2017,27,0.0355861318278214
"8429",2017,28,0.0354690188700013
"8430",2017,29,0.0403569193834016
"8431",2017,30,0.0454505480221791
"8432",2017,31,0.0493324501717236
"8433",2017,32,0.0550589748536146
"8434",2017,33,0.0509791356647923
"8435",2017,34,0.054721856205595
"8436",2017,35,0.0574567593582877
"8437",2017,36,0.0621164689577294
"8438",2017,37,0.0632044849326444
"8439",2017,38,0.064568418563125
"8440",2017,39,0.0708894557596245
"8441",2017,40,0.0688114728297189
"8442",2017,41,0.0648039101914731
"8443",2017,42,0.0105593986641052
"8444",2017,43,0.00736132467219645
"8445",2017,44,0.0050939558336214
"8446",2017,45,0.0043312734127109
"8447",2017,46,0.00423816214544167
"8448",2017,47,0.00463851445837454
"8449",2017,48,0.00462193395184626
"8450",2017,49,0.00489031775282349
"8451",2017,50,0.00536385228387229
"8452",2017,51,0.00548938298923673
"8453",2017,52,0.00630600916162523
"8454",2017,53,0.0071000294380362
"8455",2017,54,0.00744693876584234
"8456",2017,55,0.00711415731219596
"8457",2017,56,0.00669718201893909
"8458",2017,57,0.00728662376984252
"8459",2017,58,0.0080551766492601
"8460",2017,59,0.00865012816733328
"8461",2017,60,0.00846320159905816
"8462",2017,61,0.00843904780475623
"8463",2017,62,0.00876768660134016
"8464",2017,63,0.00946200145796449
"8465",2017,64,0.011056373460282
"8466",2017,65,0.0119699929462643
"8467",2017,66,0.011514812344215
"8468",2017,67,0.0123570218805647
"8469",2017,68,0.0135437162241981
"8470",2017,69,0.0139984557600675
"8471",2017,70,0.0148619176516808
"8472",2017,71,0.0141291199936734
"8473",2017,72,0.013763250780349
"8474",2017,73,0.0157106445230177
"8475",2017,74,0.0171204328964883
"8476",2017,75,0.0183558984000038
"8477",2017,76,0.0193915551551687
"8478",2017,77,0.0199810942530854
"8479",2017,78,0.021293699828261
"8480",2017,79,0.0227155429921178
"8481",2017,80,0.024258890949642
"8482",2017,81,0.0252328925642187
"8483",2017,82,0.0258183517863066
"8484",2017,83,0.0220432641096903
"8485",2017,84,0.0228998802889308
"8486",2017,85,0.024229408432173
"8487",2017,86,0.0263766868432001
"8488",2017,87,0.027549010959886
"8489",2017,88,0.025752903775537
"8490",2017,89,0.0267358032679834
"8491",2017,90,0.0306719223805008
"8492",2017,91,0.030211574736276
"8493",2017,92,0.164064328929728
"8494",2017,93,0.156343467444883
"8495",2017,94,0.164620651484818
"8496",2017,95,0.147955421779799
"8497",2017,96,0.161138375271746
"8498",2017,97,0.18063665142432
"8499",2017,98,0.188956090669561
"8500",2017,99,0.180514341009288
"8501",2017,100,0.0488512433255429
"8502",2017,101,0.0490018461611258
"8503",2017,102,0.231747371354897
"8504",2017,103,0.202218280569819
"8505",2017,104,0.206215164980532
"8506",2017,105,0.216281227394698
"8507",2017,106,0.247091187704266
"8508",2017,107,0.239138038861104
"8509",2017,108,0.2194621597132
"8510",2017,109,0.192260046267858
"8511",2017,110,0.066239466801252
"8512",2017,111,0.0692037242388555
"8513",2017,112,0.058454026685809
"8514",2017,113,0.0616582457479501
"8515",2017,114,0.0715701017006597
"8516",2017,115,0.0780074933409647
"8517",2017,116,0.0739051744100765
"8518",2017,117,0.0777966989986766
"8519",2017,118,0.08139750207681
"8520",2017,119,0.0700845686544062
"8521",2017,120,0.0667768487606467
"8522",2017,121,0.0768018628703569
"8523",2017,122,0.089398827013046
"8524",2017,123,0.0888803313036508
"8525",2017,124,0.0839317004690995
"8526",2017,125,0.091435720058429
"8527",2017,126,0.101167924611024
"8528",2017,127,0.105976097633457
"8529",2017,128,0.108384682730439
"8530",2017,129,0.10855950784863
"8531",2017,130,0.105169204496741
"8532",2017,131,0.106755198508671
"8533",2017,132,0.107054020085689
"8534",2017,133,0.11516796160909
"8535",2017,134,0.124900394597775
"8536",2017,135,0.1302162344241
"8537",2017,136,0.129106290909689
"8538",2017,137,0.122885843395876
"8539",2017,138,0.128063806656887
"8540",2017,139,0.131858401659527
"8541",2017,140,0.127026366024757
"8542",2017,141,0.301850143042356
"8543",2017,142,0.140040483774879
"8544",2017,143,0.134052203077297
"8545",2017,144,0.139470623180776
"8546",2017,145,0.154260112977017
"8547",2017,146,0.164344631308929
"8548",2017,147,0.168250134890964
"8549",2017,148,0.16211306099433
"8550",2017,149,0.357811659437899
"8551",2017,150,0.320129604678539
"8552",2017,151,0.214088099543438
"8553",2017,152,0.366744778754992
"8554",2017,153,0.364971905029519
"8555",2017,154,0.364117284946675
"8556",2017,155,0.346066644603801
"8557",2017,156,0.3589728041367
"8558",2017,157,0.363580557463449
"8559",2017,158,0.349394345927779
"8560",2017,159,0.194564957780615
"8561",2017,160,0.413026929924554
"8562",2017,161,0.401589761981683
"8563",2017,162,0.405846707751541
"8564",2017,163,0.322224167923387
"8565",2017,164,0.224430050172281
"8566",2017,165,0.225893075710958
"8567",2017,166,0.216263580882055
"8568",2017,167,0.189349066844248
"8569",2017,168,0.157009377418381
"8570",2017,169,0.122705255624814
"8571",2017,170,0.111380044608808
"8572",2017,171,0.0852350576905754
"8573",2017,172,0.0813623181530801
"8574",2017,173,0.0784931024548117
"8575",2017,174,0.346615137025677
"8576",2017,175,0.175225043886882
"8577",2017,176,0.0381911789627945
"8578",2017,177,0.0364758913923295
"8579",2017,178,0.0347375510535103
"8580",2017,179,0.033600819783827
"8581",2017,180,0.033886956835724
"8582",2017,181,0.0329548222824576
"8583",2017,182,0.0312903213352742
"8584",2017,183,0.0291614351219759
"8585",2017,184,0.419235365367111
"8586",2017,185,0.427417276183483
"8587",2017,186,0.381355903103904
"8588",2017,187,0.369837189377749
"8589",2017,188,0.398636744538326
"8590",2017,189,0.367490689538656
"8591",2017,190,0.345077861291992
"8592",2017,191,0.118470071312234
"8593",2017,192,0.041002578514942
"8594",2017,193,0.0489570518493502
"8595",2017,194,0.393835998540845
"8596",2017,195,0.381106896084743
"8597",2017,196,0.328767290132129
"8598",2017,197,0.38191205899971
"8599",2017,198,0.361152554093979
"8600",2017,199,0.39869457803975
"8601",2017,200,0.393374261239868
"8602",2017,201,0.361408793654257
"8603",2017,202,0.402605278619281
"8604",2017,203,0.405434192925315
"8605",2017,204,0.396640420252328
"8606",2017,205,0.399307454327019
"8607",2017,206,0.375771095871536
"8608",2017,207,0.382898121839972
"8609",2017,208,0.382036327635088
"8610",2017,209,0.377712443982351
"8611",2017,210,0.410058894861213
"8612",2017,211,0.376959378478824
"8613",2017,212,0.37884765539983
"8614",2017,213,0.398127757986618
"8615",2017,214,0.324058969623303
"8616",2017,215,0.194488282563595
"8617",2017,216,0.197497574793983
"8618",2017,217,0.401495226080217
"8619",2017,218,0.378188991101381
"8620",2017,219,0.404656158515529
"8621",2017,220,0.396515854849377
"8622",2017,221,0.359088190912176
"8623",2017,222,0.370750912669669
"8624",2017,223,0.372751794933314
"8625",2017,224,0.400443064803384
"8626",2017,225,0.401469652749619
"8627",2017,226,0.36541415288841
"8628",2017,227,0.36589482264583
"8629",2017,228,0.364908278555434
"8630",2017,229,0.389417590599575
"8631",2017,230,0.347425699243826
"8632",2017,231,0.34180457283433
"8633",2017,232,0.365257659808447
"8634",2017,233,0.353828504385809
"8635",2017,234,0.326703139343342
"8636",2017,235,0.319987277919334
"8637",2017,236,0.340684804527152
"8638",2017,237,0.305312610355196
"8639",2017,238,0.293644340054111
"8640",2017,239,0.289302074516932
"8641",2017,240,0.273219145461143
"8642",2017,241,0.142556684460334
"8643",2017,242,0.134337857663125
"8644",2017,243,0.133274877915207
"8645",2017,244,0.131410883968535
"8646",2017,245,0.130095273885161
"8647",2017,246,0.125805990703164
"8648",2017,247,0.122246057508281
"8649",2017,248,0.117856136574537
"8650",2017,249,0.112293327493591
"8651",2017,250,0.10935714086605
"8652",2017,251,0.107833720426418
"8653",2017,252,0.101055350833553
"8654",2017,253,0.098285826289914
"8655",2017,254,0.093645637478536
"8656",2017,255,0.0916314244036486
"8657",2017,256,0.0862984785210454
"8658",2017,257,0.086271500336895
"8659",2017,258,0.268720065633394
"8660",2017,259,0.213175288092898
"8661",2017,260,0.20392052032172
"8662",2017,261,0.191702614886166
"8663",2017,262,0.108331198360104
"8664",2017,263,0.0507742298567693
"8665",2017,264,0.0417824472252852
"8666",2017,265,0.039248196764738
"8667",2017,266,0.0368905114481739
"8668",2017,267,0.0340804539558912
"8669",2017,268,0.209732152506937
"8670",2017,269,0.201255979324454
"8671",2017,270,0.183454215028516
"8672",2017,271,0.179693361655874
"8673",2017,272,0.180152407474054
"8674",2017,273,0.17424505452627
"8675",2017,274,0.155443276868233
"8676",2017,275,0.156558044548989
"8677",2017,276,0.156940006044168
"8678",2017,277,0.147854353500892
"8679",2017,278,0.145637734629255
"8680",2017,279,0.149517761386848
"8681",2017,280,0.133959641016533
"8682",2017,281,0.123114016794008
"8683",2017,282,0.052167031535826
"8684",2017,283,0.0329833139714272
"8685",2017,284,0.0332921521068288
"8686",2017,285,0.0339590012173356
"8687",2017,286,0.034419295682595
"8688",2017,287,0.0327838370044491
"8689",2017,288,0.0244165225219889
"8690",2017,289,0.0227050384630089
"8691",2017,290,0.0234738071772236
"8692",2017,291,0.023914874216952
"8693",2017,292,0.0245804413085963
"8694",2017,293,0.0228546968040349
"8695",2017,294,0.0214706539234261
"8696",2017,295,0.0194670719036398
"8697",2017,296,0.0187204044013425
"8698",2017,297,0.016589510969247
"8699",2017,298,0.0153008658992777
"8700",2017,299,0.0160371617678181
"8701",2017,300,0.0133480008898939
"8702",2017,301,0.00587893474387616
"8703",2017,302,0.0062733810911979
"8704",2017,303,0.0345021854960334
"8705",2017,304,0.00669017709336694
"8706",2017,305,0.00664950006266451
"8707",2017,306,0.00703561902541187
"8708",2017,307,0.00688713617065672
"8709",2017,308,0.00675838320404029
"8710",2017,309,0.00662858301508111
"8711",2017,310,0.00643309209664731
"8712",2017,311,0.00613950227158658
"8713",2017,312,0.0701529746533568
"8714",2017,313,0.0408547268575539
"8715",2017,314,0.0348163188252561
"8716",2017,315,0.00984730888084693
"8717",2017,316,0.00769938342635147
"8718",2017,317,0.00687657917407507
"8719",2017,318,0.0068465450795541
"8720",2017,319,0.00587348070277852
"8721",2017,320,0.00536085987400447
"8722",2017,321,0.00535346427730848
"8723",2017,322,0.00460615774078218
"8724",2017,323,0.00332742100469099
"8725",2017,324,0.0032899718114247
"8726",2017,325,0.00352476443849133
"8727",2017,326,0.00303933113653878
"8728",2017,327,0.00293675587094533
"8729",2017,328,0.00313542081631958
"8730",2017,329,0.00309786052539868
"8731",2017,330,0.0028104593117033
"8732",2017,331,0.00277990914892388
"8733",2017,332,0.00277298939157203
"8734",2017,333,0.00213845841288947
"8735",2017,334,0.00206229250261274
"8736",2017,335,0.00211852919252308
"8737",2017,336,0.00210435798119504
"8738",2017,337,0.00202854747872885
"8739",2017,338,0.00185323162127239
"8740",2017,339,0.0544921014867908
"8741",2017,340,0.0484057579210181
"8742",2017,341,0.025334363134157
"8743",2017,342,0.0208401758752491
"8744",2017,343,0.028015178369019
"8745",2017,344,0.0327002346760292
"8746",2017,345,0.0342460511528302
"8747",2017,346,0.033332602210852
"8748",2017,347,0.0349302750047284
"8749",2017,348,0.0353253183539255
"8750",2017,349,0.0310029261217705
"8751",2017,350,0.0300816045423702
"8752",2017,351,0.0348737993722713
"8753",2017,352,0.0372887425807985
"8754",2017,353,0.0358294537681242
"8755",2017,354,0.0368678693193586
"8756",2017,355,0.0409275378618315
"8757",2017,356,0.0357566662210559
"8758",2017,357,0.0323910492265849
"8759",2017,358,0.0383310152817392
"8760",2017,359,0.0393138571770927
"8761",2017,360,0.0422233192842964
"8762",2017,361,0.0237807685864568
"8763",2017,362,0.0281534413332846
"8764",2017,363,0.0318374192316193
"8765",2017,364,0.0350479513079384
"8766",2017,365,0.0301875937439605
"8767",2018,1,0.018637168844361
"8768",2018,2,0.0191923159267592
"8769",2018,3,0.0222805751392878
"8770",2018,4,0.0252682361119563
"8771",2018,5,0.0307184193173969
"8772",2018,6,0.0324722935056719
"8773",2018,7,0.0347017682992377
"8774",2018,8,0.0337320382830998
"8775",2018,9,0.0366454435052359
"8776",2018,10,0.0400810764181879
"8777",2018,11,0.032794474897446
"8778",2018,12,0.0313909583083097
"8779",2018,13,0.0314496862059763
"8780",2018,14,0.0326964794440672
"8781",2018,15,0.0343235497365276
"8782",2018,16,0.0226481426533216
"8783",2018,17,0.0232047598713208
"8784",2018,18,0.0304730167583934
"8785",2018,19,0.0343657626446908
"8786",2018,20,0.0401176081294396
"8787",2018,21,0.0395994900294956
"8788",2018,22,0.0320670558225239
"8789",2018,23,0.0265198236590354
"8790",2018,24,0.0113242311177224
"8791",2018,25,0.00755843345093659
"8792",2018,26,0.00702933937255157
"8793",2018,27,0.00524371960118772
"8794",2018,28,0.00466441758290404
"8795",2018,29,0.00432154330848746
"8796",2018,30,0.00412772184163108
"8797",2018,31,0.00440337174107464
"8798",2018,32,0.00406993898121723
"8799",2018,33,0.00341077241694554
"8800",2018,34,0.00356143000114255
"8801",2018,35,0.00385919211224465
"8802",2018,36,0.00348348022273449
"8803",2018,37,0.00338387826142996
"8804",2018,38,0.00290047733578002
"8805",2018,39,0.00286096667474845
"8806",2018,40,0.00296395651349881
"8807",2018,41,0.00314212221906376
"8808",2018,42,0.00243527383889902
"8809",2018,43,0.00242398519962483
"8810",2018,44,0.00271625136710667
"8811",2018,45,0.002981573773505
"8812",2018,46,0.00326337608283745
"8813",2018,47,0.0032417154881061
"8814",2018,48,0.00301412207971736
"8815",2018,49,0.00320058152904995
"8816",2018,50,0.00325272575376727
"8817",2018,51,0.00438680476169878
"8818",2018,52,0.00385386665805445
"8819",2018,53,0.00394636301518897
"8820",2018,54,0.00472435006812941
"8821",2018,55,0.00502590692347834
"8822",2018,56,0.00501816082197155
"8823",2018,57,0.00557520394083695
"8824",2018,58,0.00640845204949494
"8825",2018,59,0.00726429540670242
"8826",2018,60,0.00638761621415743
"8827",2018,61,0.00704971845314058
"8828",2018,62,0.00833539202903327
"8829",2018,63,0.00929732190934323
"8830",2018,64,0.0091742534754313
"8831",2018,65,0.00838971694285908
"8832",2018,66,0.00888426643682062
"8833",2018,67,0.0100430147369563
"8834",2018,68,0.0113573825165306
"8835",2018,69,0.0120705151164706
"8836",2018,70,0.0102272909895206
"8837",2018,71,0.00988159272301455
"8838",2018,72,0.0104507796873982
"8839",2018,73,0.0113924399710062
"8840",2018,74,0.0129929241548052
"8841",2018,75,0.0139203216921015
"8842",2018,76,0.0144872203786735
"8843",2018,77,0.0155067790046916
"8844",2018,78,0.0153285148539942
"8845",2018,79,0.014962005654108
"8846",2018,80,0.0168936225754325
"8847",2018,81,0.0196446656713227
"8848",2018,82,0.0217300905938619
"8849",2018,83,0.0220604218428035
"8850",2018,84,0.0224156465783925
"8851",2018,85,0.0226804528603932
"8852",2018,86,0.021723120327044
"8853",2018,87,0.021022863128074
"8854",2018,88,0.0222443971328035
"8855",2018,89,0.0243874829850286
"8856",2018,90,0.0270308078093038
"8857",2018,91,0.0289168174319744
"8858",2018,92,0.0300647122481334
"8859",2018,93,0.0309102315876465
"8860",2018,94,0.0283151295921131
"8861",2018,95,0.0314008473296128
"8862",2018,96,0.0337213835958389
"8863",2018,97,0.0311642459996079
"8864",2018,98,0.0356407241371851
"8865",2018,99,0.0378718882116961
"8866",2018,100,0.037007716301404
"8867",2018,101,0.04059364056872
"8868",2018,102,0.0444257733078111
"8869",2018,103,0.0435160102583552
"8870",2018,104,0.0368638983628677
"8871",2018,105,0.0392872553240684
"8872",2018,106,0.0448794227914374
"8873",2018,107,0.0498118625862958
"8874",2018,108,0.0490364761568685
"8875",2018,109,0.0500952404134409
"8876",2018,110,0.0539284173299013
"8877",2018,111,0.0532077608914376
"8878",2018,112,0.0524859268281701
"8879",2018,113,0.0574791332912924
"8880",2018,114,0.0632892005321154
"8881",2018,115,0.0574883390522928
"8882",2018,116,0.0596995817036534
"8883",2018,117,0.0607352829804774
"8884",2018,118,0.0661100937942439
"8885",2018,119,0.268149461510361
"8886",2018,120,0.241712497682401
"8887",2018,121,0.0810264518832069
"8888",2018,122,0.0760319057312366
"8889",2018,123,0.0749698419489469
"8890",2018,124,0.0750881358909968
"8891",2018,125,0.0751655810638522
"8892",2018,126,0.0726502285376206
"8893",2018,127,0.0655318928232872
"8894",2018,128,0.0694247899323713
"8895",2018,129,0.0649770618687657
"8896",2018,130,0.0588197968235383
"8897",2018,131,0.0586041139488154
"8898",2018,132,0.0549343221651779
"8899",2018,133,0.0428911142185133
"8900",2018,134,0.0410379027047629
"8901",2018,135,0.0409440797116523
"8902",2018,136,0.0418822615836699
"8903",2018,137,0.27570383663606
"8904",2018,138,0.0493603423874351
"8905",2018,139,0.0470281741122057
"8906",2018,140,0.0399496790085064
"8907",2018,141,0.0269607120540975
"8908",2018,142,0.0775026600967727
"8909",2018,143,0.287133391887247
"8910",2018,144,0.333146745798869
"8911",2018,145,0.272855672130856
"8912",2018,146,0.226098057640972
"8913",2018,147,0.0325724805774143
"8914",2018,148,0.031438192704246
"8915",2018,149,0.0299044751004992
"8916",2018,150,0.0295162137444864
"8917",2018,151,0.0294335445012468
"8918",2018,152,0.029279948142922
"8919",2018,153,0.02860306038431
"8920",2018,154,0.403358768186097
"8921",2018,155,0.365946462079029
"8922",2018,156,0.387032922292502
"8923",2018,157,0.432017436776973
"8924",2018,158,0.401081235332005
"8925",2018,159,0.42947984728063
"8926",2018,160,0.420778061848405
"8927",2018,161,0.382378142822085
"8928",2018,162,0.33462537320378
"8929",2018,163,0.0689539065235785
"8930",2018,164,0.0272068419791843
"8931",2018,165,0.0171289076002226
"8932",2018,166,0.0166108617497114
"8933",2018,167,0.430269154834848
"8934",2018,168,0.410128437074495
"8935",2018,169,0.394864306544925
"8936",2018,170,0.402131828655475
"8937",2018,171,0.411187255080774
"8938",2018,172,0.377092400900612
"8939",2018,173,0.225851855868193
"8940",2018,174,0.231846815702843
"8941",2018,175,0.226913449868584
"8942",2018,176,0.191338017493872
"8943",2018,177,0.155134177139905
"8944",2018,178,0.108603937255111
"8945",2018,179,0.0804668764208458
"8946",2018,180,0.438295932019857
"8947",2018,181,0.39419203314468
"8948",2018,182,0.410258903812201
"8949",2018,183,0.437415260884501
"8950",2018,184,0.430742665168621
"8951",2018,185,0.401284836598268
"8952",2018,186,0.399444268305597
"8953",2018,187,0.362774218158944
"8954",2018,188,0.397510568958256
"8955",2018,189,0.330959997496988
"8956",2018,190,0.386851699534332
"8957",2018,191,0.385388443682113
"8958",2018,192,0.361993365596726
"8959",2018,193,0.354849356376771
"8960",2018,194,0.389397712853344
"8961",2018,195,0.392488428514373
"8962",2018,196,0.347130964097562
"8963",2018,197,0.302486786068344
"8964",2018,198,0.271241350258519
"8965",2018,199,0.201923240103729
"8966",2018,200,0.0205541849004801
"8967",2018,201,0.0198794006874041
"8968",2018,202,0.00965422662157227
"8969",2018,203,0.00959584112434784
"8970",2018,204,0.00959461244006985
"8971",2018,205,0.00925181831014988
"8972",2018,206,0.00918068558032463
"8973",2018,207,0.36262383217342
"8974",2018,208,0.24061357627183
"8975",2018,209,0.151922180590214
"8976",2018,210,0.00836029602442957
"8977",2018,211,0.219449290526525
"8978",2018,212,0.0133868867220443
"8979",2018,213,0.0127471163010181
"8980",2018,214,0.0125209639987817
"8981",2018,215,0.0122840862202033
"8982",2018,216,0.0118256558979549
"8983",2018,217,0.0110045264532129
"8984",2018,218,0.0104234272604815
"8985",2018,219,0.0103821412282851
"8986",2018,220,0.23855186883495
"8987",2018,221,0.273329056103839
"8988",2018,222,0.295408561826489
"8989",2018,223,0.301212189628181
"8990",2018,224,0.202186863630159
"8991",2018,225,0.358229156383476
"8992",2018,226,0.303562727974108
"8993",2018,227,0.23111040396912
"8994",2018,228,0.325962784902092
"8995",2018,229,0.309996382923729
"8996",2018,230,0.347085932700396
"8997",2018,231,0.243390049982211
"8998",2018,232,0.15503607537587
"8999",2018,233,0.00890575372151157
"9000",2018,234,0.00779489525678278
"9001",2018,235,0.00698355989982041
"9002",2018,236,0.00652107786721124
"9003",2018,237,0.00600204847065231
"9004",2018,238,0.00559367502529183
"9005",2018,239,0.342632367106424
"9006",2018,240,0.340693815555532
"9007",2018,241,0.346129079623654
"9008",2018,242,0.308528401480255
"9009",2018,243,0.304323277423194
"9010",2018,244,0.332715371139097
"9011",2018,245,0.309312818328123
"9012",2018,246,0.302243603669882
"9013",2018,247,0.267276796238928
"9014",2018,248,0.264101078661174
"9015",2018,249,0.28299751396123
"9016",2018,250,0.270716766373974
"9017",2018,251,0.233108136334917
"9018",2018,252,0.228205618856816
"9019",2018,253,0.230910432342784
"9020",2018,254,0.221548750038075
"9021",2018,255,0.100439416667281
"9022",2018,256,0.0971828980576808
"9023",2018,257,0.0922164311290626
"9024",2018,258,0.0864199191946166
"9025",2018,259,0.236114464304466
"9026",2018,260,0.236517048823297
"9027",2018,261,0.245114445911865
"9028",2018,262,0.212585167007824
"9029",2018,263,0.22808628479044
"9030",2018,264,0.219719218162335
"9031",2018,265,0.203448803254967
"9032",2018,266,0.171841939852282
"9033",2018,267,0.179230095269905
"9034",2018,268,0.185015953163058
"9035",2018,269,0.192230392061327
"9036",2018,270,0.168703973871015
"9037",2018,271,0.170270522443763
"9038",2018,272,0.169617341560544
"9039",2018,273,0.158921453886809
"9040",2018,274,0.0568860260017915
"9041",2018,275,0.0541102347190294
"9042",2018,276,0.0533670738145488
"9043",2018,277,0.0515608734340165
"9044",2018,278,0.181483885379406
"9045",2018,279,0.142584956714055
"9046",2018,280,0.138559825191254
"9047",2018,281,0.131768609444955
"9048",2018,282,0.113253055196695
"9049",2018,283,0.108366579659453
"9050",2018,284,0.107384895590383
"9051",2018,285,0.142835796227798
"9052",2018,286,0.109825951657057
"9053",2018,287,0.100322147560379
"9054",2018,288,0.0528368412681296
"9055",2018,289,0.0175495924214441
"9056",2018,290,0.0914636920096004
"9057",2018,291,0.0965998540446457
"9058",2018,292,0.102472540678524
"9059",2018,293,0.101805739023675
"9060",2018,294,0.0757408387745451
"9061",2018,295,0.0772834185433097
"9062",2018,296,0.103941816275278
"9063",2018,297,0.079139121783549
"9064",2018,298,0.0767976758677456
"9065",2018,299,0.0740875749975676
"9066",2018,300,0.0741611466810295
"9067",2018,301,0.067325903614861
"9068",2018,302,0.067206916756748
"9069",2018,303,0.0676727470034632
"9070",2018,304,0.0871247677729206
"9071",2018,305,0.049526957295738
"9072",2018,306,0.049364925332482
"9073",2018,307,0.0523656440589291
"9074",2018,308,0.0510231426346931
"9075",2018,309,0.0553402272982226
"9076",2018,310,0.0582479074828102
"9077",2018,311,0.0572390900619241
"9078",2018,312,0.0512983626186224
"9079",2018,313,0.0404995743088385
"9080",2018,314,0.0407360890825489
"9081",2018,315,0.0440216721422259
"9082",2018,316,0.0331285975580484
"9083",2018,317,0.0255412255420569
"9084",2018,318,0.02920188283842
"9085",2018,319,0.0328752908825753
"9086",2018,320,0.0352174586786611
"9087",2018,321,0.036266865122846
"9088",2018,322,0.0326312496040842
"9089",2018,323,0.0337927761151801
"9090",2018,324,0.0315435781040022
"9091",2018,325,0.0254492312813934
"9092",2018,326,0.0102799728179722
"9093",2018,327,0.00752814740501536
"9094",2018,328,0.00638220964674914
"9095",2018,329,0.00505372193825725
"9096",2018,330,0.00386000122972482
"9097",2018,331,0.00372774300981597
"9098",2018,332,0.00390798237056128
"9099",2018,333,0.00408139847791388
"9100",2018,334,0.00374314352679886
"9101",2018,335,0.00308569527317588
"9102",2018,336,0.00276872696465786
"9103",2018,337,0.0025142347634616
"9104",2018,338,0.00232861497219817
"9105",2018,339,0.0021455629539951
"9106",2018,340,0.0557224928573337
"9107",2018,341,0.0540743702854156
"9108",2018,342,0.0246768765294472
"9109",2018,343,0.0253393471573415
"9110",2018,344,0.0260576778842298
"9111",2018,345,0.0271103243273227
"9112",2018,346,0.0300500624360359
"9113",2018,347,0.0485204534421855
"9114",2018,348,0.0243766919704477
"9115",2018,349,0.0236069245127498
"9116",2018,350,0.0260026354896782
"9117",2018,351,0.0297416755523357
"9118",2018,352,0.0281484034990923
"9119",2018,353,0.0277388067477511
"9120",2018,354,0.0261959748535328
"9121",2018,355,0.0275308595382511
"9122",2018,356,0.0311738943014301
"9123",2018,357,0.0282146838557774
"9124",2018,358,0.0301540434857428
"9125",2018,359,0.0329115076488391
"9126",2018,360,0.0565030736112605
"9127",2018,361,0.0267290810831994
"9128",2018,362,0.0226523476964604
"9129",2018,363,0.0176707560927736
"9130",2018,364,0.0223941926249584
"9131",2018,365,0.0245780124212648
"9132",2018,366,0.0355673628871733
"9133",2019,1,0.0228990742736439
"9134",2019,2,0.0181558639821026
"9135",2019,3,0.0224662204636376
"9136",2019,4,0.0263665009298823
"9137",2019,5,0.0309627137390115
"9138",2019,6,0.0362929981819512
"9139",2019,7,0.035768437752408
"9140",2019,8,0.0332306963593285
"9141",2019,9,0.0558322201404901
"9142",2019,10,0.0603973566052907
"9143",2019,11,0.0607979185098157
"9144",2019,12,0.0313734300136334
"9145",2019,13,0.0301093176986731
"9146",2019,14,0.0556862695665241
"9147",2019,15,0.033246319214615
"9148",2019,16,0.0380365215319397
"9149",2019,17,0.0392684422623619
"9150",2019,18,0.0403253684073027
"9151",2019,19,0.0370915309569889
"9152",2019,20,0.0379965310103797
"9153",2019,21,0.0448454422117489
"9154",2019,22,0.0425583858031199
"9155",2019,23,0.0338600806028888
"9156",2019,24,0.0358577806622043
"9157",2019,25,0.0393328700292726
"9158",2019,26,0.040652965693115
"9159",2019,27,0.0416099767475116
"9160",2019,28,0.0434992967286425
"9161",2019,29,0.0400220858763385
"9162",2019,30,0.0452257848220545
"9163",2019,31,0.0519872142080156
"9164",2019,32,0.0552180399187426
"9165",2019,33,0.0556210495169864
"9166",2019,34,0.0594925414496271
"9167",2019,35,0.0625693165881287
"9168",2019,36,0.0597179146667173
"9169",2019,37,0.0217905097696262
"9170",2019,38,0.00862291287570811
"9171",2019,39,0.00570921863724824
"9172",2019,40,0.00518876248387459
"9173",2019,41,0.0840086193459626
"9174",2019,42,0.0877400401876768
"9175",2019,43,0.0578915075718116
"9176",2019,44,0.0625325191247717
"9177",2019,45,0.0731044720941952
"9178",2019,46,0.0825896835824198
"9179",2019,47,0.0828873379410861
"9180",2019,48,0.0724976317938875
"9181",2019,49,0.0665696752016909
"9182",2019,50,0.0596077411160404
"9183",2019,51,0.0607194513147688
"9184",2019,52,0.0690550079705127
"9185",2019,53,0.037323170109072
"9186",2019,54,0.00987663785024153
"9187",2019,55,0.00882430557636964
"9188",2019,56,0.00929069558650821
"9189",2019,57,0.00969406274553759
"9190",2019,58,0.009874734153292
"9191",2019,59,0.0103482288510807
"9192",2019,60,0.0104917204865535
"9193",2019,61,0.010861581934746
"9194",2019,62,0.0105788600236355
"9195",2019,63,0.00742419812007312
"9196",2019,64,0.00778572866375597
"9197",2019,65,0.00982610207397677
"9198",2019,66,0.0115227537100796
"9199",2019,67,0.0128858727151437
"9200",2019,68,0.0121646946158413
"9201",2019,69,0.0124294732653419
"9202",2019,70,0.013095269557978
"9203",2019,71,0.13769998745556
"9204",2019,72,0.107935468300156
"9205",2019,73,0.106164763613007
"9206",2019,74,0.0902853282377139
"9207",2019,75,0.023554054111142
"9208",2019,76,0.0201545654667594
"9209",2019,77,0.0193629338733422
"9210",2019,78,0.0196524105439488
"9211",2019,79,0.0195208279138292
"9212",2019,80,0.0216517610229708
"9213",2019,81,0.0229259069394082
"9214",2019,82,0.0227586388823354
"9215",2019,83,0.0238845415059711
"9216",2019,84,0.0246939637567442
"9217",2019,85,0.0258655976161175
"9218",2019,86,0.0276775632069161
"9219",2019,87,0.0295672249251392
"9220",2019,88,0.0294337949694121
"9221",2019,89,0.0259101078575278
"9222",2019,90,0.022957592969195
"9223",2019,91,0.0247184662995759
"9224",2019,92,0.0282213313144312
"9225",2019,93,0.0321479269787006
"9226",2019,94,0.0339140183686783
"9227",2019,95,0.034624517565977
"9228",2019,96,0.0343563059589551
"9229",2019,97,0.0362282839286269
"9230",2019,98,0.0385761331500947
"9231",2019,99,0.0412170373485733
"9232",2019,100,0.0420580508437672
"9233",2019,101,0.0373618471323473
"9234",2019,102,0.035601749772266
"9235",2019,103,0.0357372145810231
"9236",2019,104,0.0378753259238773
"9237",2019,105,0.0437596629693099
"9238",2019,106,0.0480975771999883
"9239",2019,107,0.0493501574278692
"9240",2019,108,0.0484368699788702
"9241",2019,109,0.0509228442685279
"9242",2019,110,0.0555324601221556
"9243",2019,111,0.0603202676539908
"9244",2019,112,0.0622114752739194
"9245",2019,113,0.242911441674735
"9246",2019,114,0.231927764758475
"9247",2019,115,0.222681842158678
"9248",2019,116,0.23662003561573
"9249",2019,117,0.255705634398093
"9250",2019,118,0.262226690428117
"9251",2019,119,0.247993694936705
"9252",2019,120,0.088593837269672
"9253",2019,121,0.0865984499733623
"9254",2019,122,0.0872398367974712
"9255",2019,123,0.0915225877959717
"9256",2019,124,0.0921806829507519
"9257",2019,125,0.293653257991529
"9258",2019,126,0.185806032631236
"9259",2019,127,0.1044892652696
"9260",2019,128,0.10072280998013
"9261",2019,129,0.272903093977497
"9262",2019,130,0.259870904296219
"9263",2019,131,0.228799515839163
"9264",2019,132,0.283095656221345
"9265",2019,133,0.284862411374153
"9266",2019,134,0.269060830169319
"9267",2019,135,0.285891933415936
"9268",2019,136,0.267606008573827
"9269",2019,137,0.118371323153593
"9270",2019,138,0.110852790488058
"9271",2019,139,0.109896129143579
"9272",2019,140,0.115340627131462
"9273",2019,141,0.0871159872509918
"9274",2019,142,0.0880541243904706
"9275",2019,143,0.0863192990056248
"9276",2019,144,0.0727884866128088
"9277",2019,145,0.0727195574457618
"9278",2019,146,0.0636900647877222
"9279",2019,147,0.0548211499042299
"9280",2019,148,0.0520929592258543
"9281",2019,149,0.0511449044575163
"9282",2019,150,0.281530110866157
"9283",2019,151,0.365533620186299
"9284",2019,152,0.377467943815997
"9285",2019,153,0.380671070791129
"9286",2019,154,0.376011595842992
"9287",2019,155,0.377625525817868
"9288",2019,156,0.38005751048956
"9289",2019,157,0.356628453917194
"9290",2019,158,0.372408691227435
"9291",2019,159,0.388259485549906
"9292",2019,160,0.392364884111162
"9293",2019,161,0.378002924750823
"9294",2019,162,0.349536731463149
"9295",2019,163,0.340595008872547
"9296",2019,164,0.212373787596708
"9297",2019,165,0.419487192021093
"9298",2019,166,0.268124778268363
"9299",2019,167,0.2344181781982
"9300",2019,168,0.426912128428072
"9301",2019,169,0.416964473797061
"9302",2019,170,0.399069444684118
"9303",2019,171,0.401784528985809
"9304",2019,172,0.411312947272456
"9305",2019,173,0.401878816942644
"9306",2019,174,0.255275795869965
"9307",2019,175,0.226049100538767
"9308",2019,176,0.221082430021632
"9309",2019,177,0.220558864620034
"9310",2019,178,0.216417029878681
"9311",2019,179,0.213344565021803
"9312",2019,180,0.208190535632124
"9313",2019,181,0.206335352299692
"9314",2019,182,0.208128058309105
"9315",2019,183,0.207941391550134
"9316",2019,184,0.434655719924381
"9317",2019,185,0.371017771880724
"9318",2019,186,0.240865111631172
"9319",2019,187,0.17932259131539
"9320",2019,188,0.149703946740568
"9321",2019,189,0.131841531051169
"9322",2019,190,0.116183264137108
"9323",2019,191,0.0987558050886976
"9324",2019,192,0.0927369057938148
"9325",2019,193,0.0703937808306191
"9326",2019,194,0.065572927780774
"9327",2019,195,0.0473406970445436
"9328",2019,196,0.0456656149241575
"9329",2019,197,0.0468152653417226
"9330",2019,198,0.0604171318395481
"9331",2019,199,0.0518731528961398
"9332",2019,200,0.0315818096209665
"9333",2019,201,0.0309834171903163
"9334",2019,202,0.383207946155402
"9335",2019,203,0.360577579167617
"9336",2019,204,0.245445336085984
"9337",2019,205,0.172734567855131
"9338",2019,206,0.028031452465398
"9339",2019,207,0.0263757536574293
"9340",2019,208,0.0264076800388316
"9341",2019,209,0.0266324043564618
"9342",2019,210,0.0253698996686938
"9343",2019,211,0.0242002858466967
"9344",2019,212,0.0240260052669423
"9345",2019,213,0.0238950629408542
"9346",2019,214,0.0233151629097349
"9347",2019,215,0.015674804737332
"9348",2019,216,0.010842497176527
"9349",2019,217,0.0106803344257046
"9350",2019,218,0.0105089351037171
"9351",2019,219,0.0105001214528261
"9352",2019,220,0.0102490874456321
"9353",2019,221,0.0100651309152969
"9354",2019,222,0.00967054152485846
"9355",2019,223,0.00956338745230068
"9356",2019,224,0.00943095621463522
"9357",2019,225,0.00932911988652946
"9358",2019,226,0.00873162571896179
"9359",2019,227,0.00850702711447256
"9360",2019,228,0.00826079960320611
"9361",2019,229,0.00825874331930969
"9362",2019,230,0.00810130413405582
"9363",2019,231,0.00776070088487323
"9364",2019,232,0.00722672985231236
"9365",2019,233,0.00681888334749041
"9366",2019,234,0.242913602294813
"9367",2019,235,0.31030556636126
"9368",2019,236,0.2193628929896
"9369",2019,237,0.161929001415161
"9370",2019,238,0.0103998043495203
"9371",2019,239,0.247351387176694
"9372",2019,240,0.146315837672312
"9373",2019,241,0.00850615492509237
"9374",2019,242,0.308887072392246
"9375",2019,243,0.242900188482335
"9376",2019,244,0.192275230470707
"9377",2019,245,0.140996025792554
"9378",2019,246,0.00819359162604926
"9379",2019,247,0.00763353609189295
"9380",2019,248,0.00733940391658926
"9381",2019,249,0.00712923351067446
"9382",2019,250,0.00517233693608653
"9383",2019,251,0.00364724001137768
"9384",2019,252,0.261166134459881
"9385",2019,253,0.240850914084323
"9386",2019,254,0.267498129772329
"9387",2019,255,0.268574338779283
"9388",2019,256,0.233584819456498
"9389",2019,257,0.227036574748942
"9390",2019,258,0.22275558220806
"9391",2019,259,0.211969763750852
"9392",2019,260,0.248371952732044
"9393",2019,261,0.207250123754796
"9394",2019,262,0.242888791150952
"9395",2019,263,0.216614453764067
"9396",2019,264,0.229195407001899
"9397",2019,265,0.221884736706808
"9398",2019,266,0.219872366098637
"9399",2019,267,0.21911196132382
"9400",2019,268,0.186827831328967
"9401",2019,269,0.184737244699465
"9402",2019,270,0.183182162795705
"9403",2019,271,0.177128179115559
"9404",2019,272,0.176712700100887
"9405",2019,273,0.172125649704689
"9406",2019,274,0.166150363168012
"9407",2019,275,0.186801400786496
"9408",2019,276,0.154441063272253
"9409",2019,277,0.14698188795656
"9410",2019,278,0.146622860216321
"9411",2019,279,0.143187969154016
"9412",2019,280,0.123654625849838
"9413",2019,281,0.122827934362255
"9414",2019,282,0.126583327959339
"9415",2019,283,0.123626559026649
"9416",2019,284,0.08900482784384
"9417",2019,285,0.0848676943755269
"9418",2019,286,0.125862275056219
"9419",2019,287,0.12885795096803
"9420",2019,288,0.130607021844287
"9421",2019,289,0.0904673417683606
"9422",2019,290,0.0897947074113058
"9423",2019,291,0.0946498436920914
"9424",2019,292,0.094633429364366
"9425",2019,293,0.0924986314703375
"9426",2019,294,0.0828609307193516
"9427",2019,295,0.0800971873742436
"9428",2019,296,0.0814602471217801
"9429",2019,297,0.0710151332972831
"9430",2019,298,0.0544690825717594
"9431",2019,299,0.0515655866746302
"9432",2019,300,0.0566413209077431
"9433",2019,301,0.0320274425256555
"9434",2019,302,0.0141252593883772
"9435",2019,303,0.0106276599768612
"9436",2019,304,0.00772785432413701
"9437",2019,305,0.00823457039062134
"9438",2019,306,0.00754671068753192
"9439",2019,307,0.00783524474201719
"9440",2019,308,0.00858879298684684
"9441",2019,309,0.00823403295823801
"9442",2019,310,0.0858518544000366
"9443",2019,311,0.0770849557564236
"9444",2019,312,0.0414801054797437
"9445",2019,313,0.0478546149640144
"9446",2019,314,0.0540261229279975
"9447",2019,315,0.0743429858210855
"9448",2019,316,0.0301846907129103
"9449",2019,317,0.0309262502944274
"9450",2019,318,0.0335847446669794
"9451",2019,319,0.0353119529327492
"9452",2019,320,0.0376648467206599
"9453",2019,321,0.0396742661712012
"9454",2019,322,0.0408837721678434
"9455",2019,323,0.0439620008629923
"9456",2019,324,0.0441566741316658
"9457",2019,325,0.0427601406691147
"9458",2019,326,0.0372464048545237
"9459",2019,327,0.0350283331440876
"9460",2019,328,0.0359114884097958
"9461",2019,329,0.036825817198127
"9462",2019,330,0.0375012620079573
"9463",2019,331,0.0566409396471931
"9464",2019,332,0.0309437844459837
"9465",2019,333,0.0377394003867842
"9466",2019,334,0.0376342473981636
"9467",2019,335,0.031517639704506
"9468",2019,336,0.0316873861442366
"9469",2019,337,0.0333849489830716
"9470",2019,338,0.0335944646915974
"9471",2019,339,0.0349397500925214
"9472",2019,340,0.0313142345127883
"9473",2019,341,0.0322418956827568
"9474",2019,342,0.0347801961834222
"9475",2019,343,0.0580193728843372
"9476",2019,344,0.0273876381883867
"9477",2019,345,0.0246433237859114
"9478",2019,346,0.0278944456429566
"9479",2019,347,0.0308194387241395
"9480",2019,348,0.032879643191005
"9481",2019,349,0.0355243359620115
"9482",2019,350,0.0289176427693646
"9483",2019,351,0.0204068069014699
"9484",2019,352,0.0198426419315694
"9485",2019,353,0.0215828445581453
"9486",2019,354,0.0240162073059884
"9487",2019,355,0.0244411418733009
"9488",2019,356,0.0261886527515077
"9489",2019,357,0.0282823200561479
"9490",2019,358,0.0293287177415975
"9491",2019,359,0.0299482262941585
"9492",2019,360,0.029941222851083
"9493",2019,361,0.0299646924104913
"9494",2019,362,0.027602817441008
"9495",2019,363,0.0228476081600118
"9496",2019,364,0.0225439332660822
"9497",2019,365,0.0243391464004702
"9498",2020,1,0.0245692105986731
"9499",2020,2,0.0254331511792531
"9500",2020,3,0.0255071695833604
"9501",2020,4,0.0270364752046271
"9502",2020,5,0.0312883007685095
"9503",2020,6,0.0317701845425745
"9504",2020,7,0.028098283090213
"9505",2020,8,0.0309356810101803
"9506",2020,9,0.0346068727601552
"9507",2020,10,0.0302959284177242
"9508",2020,11,0.0243118853930864
"9509",2020,12,0.0219386329768905
"9510",2020,13,0.0112631385416625
"9511",2020,14,0.00783857598564077
"9512",2020,15,0.00613792976211062
"9513",2020,16,0.061543488608947
"9514",2020,17,0.0368661860732143
"9515",2020,18,0.0379111059540231
"9516",2020,19,0.0355857798540803
"9517",2020,20,0.0360942527192447
"9518",2020,21,0.063684721401988
"9519",2020,22,0.0416604779733926
"9520",2020,23,0.0417609298494619
"9521",2020,24,0.0428741115658167
"9522",2020,25,0.0455327296062024
"9523",2020,26,0.0479757135456604
"9524",2020,27,0.0736755620378429
"9525",2020,28,0.0454877229723481
"9526",2020,29,0.043232692639752
"9527",2020,30,0.0423565426115066
"9528",2020,31,0.0411478497772346
"9529",2020,32,0.044547512190549
"9530",2020,33,0.05104925451017
"9531",2020,34,0.0575240598129986
"9532",2020,35,0.0827023847550637
"9533",2020,36,0.0354390942044128
"9534",2020,37,0.0424619514601472
"9535",2020,38,0.0566599898582139
"9536",2020,39,0.0624932951958383
"9537",2020,40,0.091776834285047
"9538",2020,41,0.0925909878796768
"9539",2020,42,0.0842217782214167
"9540",2020,43,0.0514493663057851
"9541",2020,44,0.0555127153532891
"9542",2020,45,0.0617958667752697
"9543",2020,46,0.0679528812960012
"9544",2020,47,0.0753200577494885
"9545",2020,48,0.0804997582553266
"9546",2020,49,0.0781289935699892
"9547",2020,50,0.0942310469124435
"9548",2020,51,0.0626893453302632
"9549",2020,52,0.0626589845024678
"9550",2020,53,0.0749971768085895
"9551",2020,54,0.0853897448736323
"9552",2020,55,0.0831291490653211
"9553",2020,56,0.0726723476667982
"9554",2020,57,0.0596567327522058
"9555",2020,58,0.0655561582703557
"9556",2020,59,0.0742141997507943
"9557",2020,60,0.0718074269399291
"9558",2020,61,0.0175961663042301
"9559",2020,62,0.123110419318372
"9560",2020,63,0.113225607198384
"9561",2020,64,0.104281876223269
"9562",2020,65,0.0855228657144658
"9563",2020,66,0.0925578254907686
"9564",2020,67,0.103623724456614
"9565",2020,68,0.109718912275224
"9566",2020,69,0.111152533653184
"9567",2020,70,0.11519216848404
"9568",2020,71,0.120180588592571
"9569",2020,72,0.124481049632699
"9570",2020,73,0.121985610165734
"9571",2020,74,0.123846124479918
"9572",2020,75,0.0905790769921349
"9573",2020,76,0.025256717874678
"9574",2020,77,0.152082549426431
"9575",2020,78,0.152525780539985
"9576",2020,79,0.124651347151805
"9577",2020,80,0.0290622353767312
"9578",2020,81,0.0260872433632224
"9579",2020,82,0.0269972578272183
"9580",2020,83,0.0291368901205622
"9581",2020,84,0.0295108031219051
"9582",2020,85,0.0301865296208205
"9583",2020,86,0.0321973959931064
"9584",2020,87,0.0314810358927988
"9585",2020,88,0.0272508144315786
"9586",2020,89,0.0285735509758115
"9587",2020,90,0.0305855867908584
"9588",2020,91,0.0315369087310044
"9589",2020,92,0.0334137691082745
"9590",2020,93,0.0367251258417715
"9591",2020,94,0.0353592293804625
"9592",2020,95,0.0337152368300471
"9593",2020,96,0.0370942727392296
"9594",2020,97,0.0389155633272451
"9595",2020,98,0.0406276251061515
"9596",2020,99,0.043096548583904
"9597",2020,100,0.0443196934240278
"9598",2020,101,0.0447720573111416
"9599",2020,102,0.0454103026655082
"9600",2020,103,0.0433884465199546
"9601",2020,104,0.0425553397726002
"9602",2020,105,0.0421115902423302
"9603",2020,106,0.0435391079035706
"9604",2020,107,0.0488476700266298
"9605",2020,108,0.0520164768799545
"9606",2020,109,0.0553903325825477
"9607",2020,110,0.0574309573460502
"9608",2020,111,0.0594602806525123
"9609",2020,112,0.0649135919492088
"9610",2020,113,0.067667264773735
"9611",2020,114,0.0676098131043903
"9612",2020,115,0.0724965116256306
"9613",2020,116,0.0717250820256538
"9614",2020,117,0.0747548307081516
"9615",2020,118,0.0836213552164533
"9616",2020,119,0.0861039829720146
"9617",2020,120,0.0817697363041594
"9618",2020,121,0.0841471440832939
"9619",2020,122,0.093172016751862
"9620",2020,123,0.0998826019550954
"9621",2020,124,0.101457199409047
"9622",2020,125,0.105857064890521
"9623",2020,126,0.0978586598541791
"9624",2020,127,0.100489695752036
"9625",2020,128,0.10912439148503
"9626",2020,129,0.102437760068403
"9627",2020,130,0.0999852279132242
"9628",2020,131,0.301502153114289
"9629",2020,132,0.311510187171113
"9630",2020,133,0.285875910442267
"9631",2020,134,0.214669436451035
"9632",2020,135,0.128026744739319
"9633",2020,136,0.131644731031821
"9634",2020,137,0.129683005390327
"9635",2020,138,0.134551560129178
"9636",2020,139,0.144154863529772
"9637",2020,140,0.151946489635657
"9638",2020,141,0.151537309544633
"9639",2020,142,0.145117060995133
"9640",2020,143,0.14897968456814
"9641",2020,144,0.154364438675887
"9642",2020,145,0.154603342483589
"9643",2020,146,0.151699574438987
"9644",2020,147,0.146203160591582
"9645",2020,148,0.15872248510241
"9646",2020,149,0.16427443359497
"9647",2020,150,0.160496001573841
"9648",2020,151,0.157532835405038
"9649",2020,152,0.156700487408166
"9650",2020,153,0.364846320965116
"9651",2020,154,0.331528596021442
"9652",2020,155,0.281253536659792
"9653",2020,156,0.136005416328931
"9654",2020,157,0.120347884198321
"9655",2020,158,0.103765510456331
"9656",2020,159,0.0959743336980871
"9657",2020,160,0.0803165806025464
"9658",2020,161,0.0747320376258081
"9659",2020,162,0.0645064452312564
"9660",2020,163,0.0643080525163562
"9661",2020,164,0.0570051260098912
"9662",2020,165,0.0359531419357009
"9663",2020,166,0.0352913890145075
"9664",2020,167,0.0335411156936064
"9665",2020,168,0.0332474952278801
"9666",2020,169,0.0333235826769252
"9667",2020,170,0.0326824398742795
"9668",2020,171,0.0320351639505093
"9669",2020,172,0.0315631418023128
"9670",2020,173,0.0303259993815502
"9671",2020,174,0.0292567256651263
"9672",2020,175,0.0268867796953464
"9673",2020,176,0.0246679864182825
"9674",2020,177,0.0245164130618145
"9675",2020,178,0.0138168922273201
"9676",2020,179,0.297716385528585
"9677",2020,180,0.179029056354724
"9678",2020,181,0.0119318552509261
"9679",2020,182,0.0118820768297155
"9680",2020,183,0.0115623435087787
"9681",2020,184,0.0110986875383864
"9682",2020,185,0.0109792316905761
"9683",2020,186,0.0107980827603517
"9684",2020,187,0.431569779325799
"9685",2020,188,0.38962452370515
"9686",2020,189,0.381416167933387
"9687",2020,190,0.300292058907278
"9688",2020,191,0.0359576250315334
"9689",2020,192,0.0108392031770218
"9690",2020,193,0.0105426322129759
"9691",2020,194,0.010350610909253
"9692",2020,195,0.00852186792625221
"9693",2020,196,0.00853002731736931
"9694",2020,197,0.00834310068272481
"9695",2020,198,0.00941335934130486
"9696",2020,199,0.00940164676171602
"9697",2020,200,0.365574687242266
"9698",2020,201,0.235593838254175
"9699",2020,202,0.132139509969416
"9700",2020,203,0.279336250806119
"9701",2020,204,0.2422747558987
"9702",2020,205,0.0181052223399231
"9703",2020,206,0.0156559116226558
"9704",2020,207,0.337750369029701
"9705",2020,208,0.21522862905477
"9706",2020,209,0.106900607376478
"9707",2020,210,0.011662528639126
"9708",2020,211,0.0116497623286012
"9709",2020,212,0.0114106923357793
"9710",2020,213,0.0107779204692517
"9711",2020,214,0.0103516338755694
"9712",2020,215,0.0102321321323829
"9713",2020,216,0.00975728609074496
"9714",2020,217,0.00776904336579144
"9715",2020,218,0.00247183545590991
"9716",2020,219,0.00224307273053201
"9717",2020,220,0.00218989051792242
"9718",2020,221,0.0021118125253598
"9719",2020,222,0.00210557850722497
"9720",2020,223,0.00210480105371889
"9721",2020,224,0.0020959262259219
"9722",2020,225,0.00205207409747199
"9723",2020,226,0.00203841386185087
"9724",2020,227,0.00201658803928049
"9725",2020,228,0.00194986390183145
"9726",2020,229,0.340626788223559
"9727",2020,230,0.315636246658779
"9728",2020,231,0.216250519480086
"9729",2020,232,0.152423318347076
"9730",2020,233,0.00617501684607394
"9731",2020,234,0.0059006793533288
"9732",2020,235,0.00546118682512623
"9733",2020,236,0.00503059315455213
"9734",2020,237,0.0046163316996975
"9735",2020,238,0.00435869473368261
"9736",2020,239,0.00420140290255634
"9737",2020,240,0.00408325536958605
"9738",2020,241,0.0040407300502852
"9739",2020,242,0.00394800658518347
"9740",2020,243,0.00202178082409233
"9741",2020,244,0.0356368887424357
"9742",2020,245,0.00552795284000363
"9743",2020,246,0.00505930054391068
"9744",2020,247,0.00477361846658429
"9745",2020,248,0.0044428635403142
"9746",2020,249,0.00408764288091385
"9747",2020,250,0.00381488774965779
"9748",2020,251,0.00367945021943283
"9749",2020,252,0.275939222203639
"9750",2020,253,0.225741470102192
"9751",2020,254,0.17466317083979
"9752",2020,255,0.190224898422703
"9753",2020,256,0.208243795973617
"9754",2020,257,0.243826625061334
"9755",2020,258,0.227413990389522
"9756",2020,259,0.199157987126038
"9757",2020,260,0.229700497780491
"9758",2020,261,0.194924666918186
"9759",2020,262,0.189280581933231
"9760",2020,263,0.185745086161743
"9761",2020,264,0.185622933281494
"9762",2020,265,0.179305102282659
"9763",2020,266,0.176558550285753
"9764",2020,267,0.164877172539906
"9765",2020,268,0.0692755288965429
"9766",2020,269,0.0665564846718991
"9767",2020,270,0.0659930372961827
"9768",2020,271,0.0647756069633097
"9769",2020,272,0.0507459666595589
"9770",2020,273,0.0454282302073062
"9771",2020,274,0.0469296723002889
"9772",2020,275,0.0460394798293654
"9773",2020,276,0.0440628626571586
"9774",2020,277,0.0432641808860732
"9775",2020,278,0.041145487284585
"9776",2020,279,0.0402431795777538
"9777",2020,280,0.0398356331050886
"9778",2020,281,0.037452330035946
"9779",2020,282,0.035447090591484
"9780",2020,283,0.0346359697562849
"9781",2020,284,0.0329619151494084
"9782",2020,285,0.0309667657521389
"9783",2020,286,0.0277242754582306
"9784",2020,287,0.0269544238613277
"9785",2020,288,0.0260233063956678
"9786",2020,289,0.0218903389209777
"9787",2020,290,0.018959930749283
"9788",2020,291,0.0202334339141648
"9789",2020,292,0.0211854846448481
"9790",2020,293,0.020606315546172
"9791",2020,294,0.0196255046377198
"9792",2020,295,0.0196924833692404
"9793",2020,296,0.0187193949744011
"9794",2020,297,0.0156783802148946
"9795",2020,298,0.00659679668521541
"9796",2020,299,0.00669471533777965
"9797",2020,300,0.00513517220507072
"9798",2020,301,0.0312287988130853
"9799",2020,302,0.00405668385318351
"9800",2020,303,0.00477707389351301
"9801",2020,304,0.00529475189705772
"9802",2020,305,0.00572003714801535
"9803",2020,306,0.00505500416498312
"9804",2020,307,0.00463349177343031
"9805",2020,308,0.00450388088015503
"9806",2020,309,0.00474208204943816
"9807",2020,310,0.00446126696031618
"9808",2020,311,0.00425895941136658
"9809",2020,312,0.00355542340232562
"9810",2020,313,0.00325018702102964
"9811",2020,314,0.00317146823237512
"9812",2020,315,0.00252878890611602
"9813",2020,316,0.00232942826315284
"9814",2020,317,0.00234299487982181
"9815",2020,318,0.00217839122705713
"9816",2020,319,0.00212320244833553
"9817",2020,320,0.00191240347803666
"9818",2020,321,0.00185503083427339
"9819",2020,322,0.00181534468558282
"9820",2020,323,0.00178999118678418
"9821",2020,324,0.00184441515233598
"9822",2020,325,0.00175332765137287
"9823",2020,326,0.00158326121496805
"9824",2020,327,0.00147576096138483
"9825",2020,328,0.00138871133895992
"9826",2020,329,0.00128580810222014
"9827",2020,330,0.00106896654419315
"9828",2020,331,0.00104596292298143
"9829",2020,332,0.000919212672940073
"9830",2020,333,0.000756159590368816
"9831",2020,334,0.000671265380632813
"9832",2020,335,0.000578255993509093
"9833",2020,336,0.000572713650172835
"9834",2020,337,0.000475297571859561
"9835",2020,338,0.000373663285754471
"9836",2020,339,0.000359522273656885
"9837",2020,340,0.0371086482250306
"9838",2020,341,0.0340336146088552
"9839",2020,342,0.0262356772940657
"9840",2020,343,0.0279253968702732
"9841",2020,344,0.029314550985412
"9842",2020,345,0.058550745818382
"9843",2020,346,0.0308946408860253
"9844",2020,347,0.0277844102932669
"9845",2020,348,0.024589034245471
"9846",2020,349,0.0218070931233251
"9847",2020,350,0.0226038867301315
"9848",2020,351,0.021916275728947
"9849",2020,352,0.0241213187271255
"9850",2020,353,0.0260013303681824
"9851",2020,354,0.0254424208599158
"9852",2020,355,0.0258685071196256
"9853",2020,356,0.0280802119493313
"9854",2020,357,0.0289249182741748
"9855",2020,358,0.02837903973701
"9856",2020,359,0.0217152570733968
"9857",2020,360,0.0231929882970201
"9858",2020,361,0.0267272518918666
"9859",2020,362,0.0321942467248367
"9860",2020,363,0.0322259829281534
"9861",2020,364,0.0343719507729684
"9862",2020,365,0.0518663914650998
"9863",2021,1,0.018223275092659
"9864",2021,2,0.0220573385305258
"9865",2021,3,0.0262448575094673
"9866",2021,4,0.0303110776227268
"9867",2021,5,0.0314195645224334
"9868",2021,6,0.0291041620555474
"9869",2021,7,0.0293970338089207
"9870",2021,8,0.0299336960022772
"9871",2021,9,0.0280153169785284
"9872",2021,10,0.0247880566673525
"9873",2021,11,0.0216773290137915
"9874",2021,12,0.0247964414241329
"9875",2021,13,0.0282111757488833
"9876",2021,14,0.0331833807195971
"9877",2021,15,0.0317415116754987
"9878",2021,16,0.0342589691198338
"9879",2021,17,0.0359827428527196
"9880",2021,18,0.0397249471799645
"9881",2021,19,0.0600617504656287
"9882",2021,20,0.059118265406316
"9883",2021,21,0.0650149367336619
"9884",2021,22,0.0434598048893161
"9885",2021,23,0.0445196048110171
"9886",2021,24,0.048046726624747
"9887",2021,25,0.0431885799918734
"9888",2021,26,0.0419965648169816
"9889",2021,27,0.0401378853472285
"9890",2021,28,0.0432801266504703
"9891",2021,29,0.0512315171388492
"9892",2021,30,0.0529446480905989
"9893",2021,31,0.0471958855866396
"9894",2021,32,0.0497264367419141
"9895",2021,33,0.0571331545655219
"9896",2021,34,0.0635328411554542
"9897",2021,35,0.0645513525938603
"9898",2021,36,0.0595621783749097
"9899",2021,37,0.0581951408571018
"9900",2021,38,0.0601401814195992
"9901",2021,39,0.0583810496660584
"9902",2021,40,0.016725464145349
"9903",2021,41,0.00993337200854428
"9904",2021,42,0.00675825970254684
"9905",2021,43,0.0051698784411039
"9906",2021,44,0.00410113481764464
"9907",2021,45,0.0478657611467545
"9908",2021,46,0.0442291699908294
"9909",2021,47,0.050653565220766
"9910",2021,48,0.0833375672869501
"9911",2021,49,0.0469091437892606
"9912",2021,50,0.0536505715768907
"9913",2021,51,0.0673883052107759
"9914",2021,52,0.0776324317086998
"9915",2021,53,0.0729320218179215
"9916",2021,54,0.0812458765755592
"9917",2021,55,0.0853031343358582
"9918",2021,56,0.0714920818339874
"9919",2021,57,0.00828804006456588
"9920",2021,58,0.00890243644100615
"9921",2021,59,0.00934151871744908
"9922",2021,60,0.00728828846881217
"9923",2021,61,0.00698693722877801
"9924",2021,62,0.00852230574695396
"9925",2021,63,0.0100732398412056
"9926",2021,64,0.00970018965918423
"9927",2021,65,0.00883770924255774
"9928",2021,66,0.00977419078499168
"9929",2021,67,0.0108552425121644
"9930",2021,68,0.0121418213837287
"9931",2021,69,0.0130642875850356
"9932",2021,70,0.0134284260387532
"9933",2021,71,0.0141597022096773
"9934",2021,72,0.0146989098310955
"9935",2021,73,0.0116203423156467
"9936",2021,74,0.0125699216532616
"9937",2021,75,0.0148318413837832
"9938",2021,76,0.0143681260411875
"9939",2021,77,0.0139980764856202
"9940",2021,78,0.0141555995643381
"9941",2021,79,0.0148776205093107
"9942",2021,80,0.016629415236732
"9943",2021,81,0.0172468230292392
"9944",2021,82,0.0160595536989095
"9945",2021,83,0.0170909722082559
"9946",2021,84,0.0168390243376127
"9947",2021,85,0.0190714310358967
"9948",2021,86,0.0198843965449456
"9949",2021,87,0.0201682935846584
"9950",2021,88,0.0215414059798775
"9951",2021,89,0.0226944183975907
"9952",2021,90,0.0195123326843835
"9953",2021,91,0.0200151542476564
"9954",2021,92,0.17795267829976
"9955",2021,93,0.192920567023416
"9956",2021,94,0.16068129596797
"9957",2021,95,0.0911699913437405
"9958",2021,96,0.0342733456260965
"9959",2021,97,0.0339908269327687
"9960",2021,98,0.033724459555129
"9961",2021,99,0.0348527046367445
"9962",2021,100,0.0334119245289206
"9963",2021,101,0.0351606298700066
"9964",2021,102,0.0299255737925513
"9965",2021,103,0.0266012186580754
"9966",2021,104,0.024874504234891
"9967",2021,105,0.0222394209645947
"9968",2021,106,0.02212871659008
"9969",2021,107,0.0191003489205577
"9970",2021,108,0.017474384156185
"9971",2021,109,0.0190041450846228
"9972",2021,110,0.0199131013224467
"9973",2021,111,0.019828170281361
"9974",2021,112,0.0193165936113706
"9975",2021,113,0.0172022383116648
"9976",2021,114,0.0185242656999641
"9977",2021,115,0.0196461148503781
"9978",2021,116,0.0209554347323509
"9979",2021,117,0.0217519006017697
"9980",2021,118,0.0201205401331252
"9981",2021,119,0.0187866634496509
"9982",2021,120,0.216274721221449
"9983",2021,121,0.190478612831595
"9984",2021,122,0.191978728515448
"9985",2021,123,0.0390327704610337
"9986",2021,124,0.0231593482611196
"9987",2021,125,0.0193737287929606
"9988",2021,126,0.0191653254601368
"9989",2021,127,0.244535466326891
"9990",2021,128,0.134688600307498
"9991",2021,129,0.0166047277609602
"9992",2021,130,0.0163905627100429
"9993",2021,131,0.0162673214822877
"9994",2021,132,0.0127579929589554
"9995",2021,133,0.0130466843521465
"9996",2021,134,0.0134117375060912
"9997",2021,135,0.0135926413267941
"9998",2021,136,0.0137578639406862
"9999",2021,137,0.0138477576897333
"10000",2021,138,0.0133177077368546
"10001",2021,139,0.00857425714776456
"10002",2021,140,0.00670706019758086
"10003",2021,141,0.00705303408109072
"10004",2021,142,0.00697230540751962
"10005",2021,143,0.310734134483869
"10006",2021,144,0.226580830211363
"10007",2021,145,0.178884114610399
"10008",2021,146,0.00941842231351556
"10009",2021,147,0.00719358837904952
"10010",2021,148,0.00718823921516871
"10011",2021,149,0.00702516099145495
"10012",2021,150,0.0409002742013791
"10013",2021,151,0.0110921843879332
"10014",2021,152,0.0102355609541639
"10015",2021,153,0.277251763443957
"10016",2021,154,0.19451125591575
"10017",2021,155,0.106483671825432
"10018",2021,156,0.00675393191494258
"10019",2021,157,0.00688864484988978
"10020",2021,158,0.00661337594603411
"10021",2021,159,0.00602408961421389
"10022",2021,160,0.0058957856031109
"10023",2021,161,0.00584397190908897
"10024",2021,162,0.00576897417848802
"10025",2021,163,0.0031594856369029
"10026",2021,164,0.00231940994444649
"10027",2021,165,0.00227584581070731
"10028",2021,166,0.00218840225758767
"10029",2021,167,0.00215619402190813
"10030",2021,168,0.0021312531038364
"10031",2021,169,0.0021243150705166
"10032",2021,170,0.00215776647136325
"10033",2021,171,0.002286656609853
"10034",2021,172,0.00227888726951305
"10035",2021,173,0.00209048204656316
"10036",2021,174,0.00214095340197785
"10037",2021,175,0.00218511779718793
"10038",2021,176,0.262419670000007
"10039",2021,177,0.436698625590924
"10040",2021,178,0.392371194163504
"10041",2021,179,0.390466359463385
"10042",2021,180,0.358400831421813
"10043",2021,181,0.395667737700826
"10044",2021,182,0.373444986607665
"10045",2021,183,0.378945706415409
"10046",2021,184,0.41174052808055
"10047",2021,185,0.413127091069798
"10048",2021,186,0.379977328445532
"10049",2021,187,0.365199123352268
"10050",2021,188,0.390530010188135
"10051",2021,189,0.1914629707783
"10052",2021,190,0.191821299361307
"10053",2021,191,0.192544448626374
"10054",2021,192,0.190618218941631
"10055",2021,193,0.18172146960344
"10056",2021,194,0.17752037036162
"10057",2021,195,0.131168206979355
"10058",2021,196,0.128906847969346
"10059",2021,197,0.315230699468259
"10060",2021,198,0.405544291147845
"10061",2021,199,0.347615395245048
"10062",2021,200,0.282584309890412
"10063",2021,201,0.114082582518376
"10064",2021,202,0.0982699768561179
"10065",2021,203,0.0834970010199617
"10066",2021,204,0.0823574923019419
"10067",2021,205,0.294352682191582
"10068",2021,206,0.0746202394349535
"10069",2021,207,0.064816829939072
"10070",2021,208,0.0598757894237516
"10071",2021,209,0.242251519541607
"10072",2021,210,0.0278396390578445
"10073",2021,211,0.0276549979711365
"10074",2021,212,0.0269923744685746
"10075",2021,213,0.294135789352957
"10076",2021,214,0.296769340071186
"10077",2021,215,0.195864727403527
"10078",2021,216,0.0328541734732366
"10079",2021,217,0.0288255488337613
"10080",2021,218,0.0272083049092796
"10081",2021,219,0.0263410249653921
"10082",2021,220,0.0231626989167559
"10083",2021,221,0.0136283063705701
"10084",2021,222,0.338593977162259
"10085",2021,223,0.226204986938737
"10086",2021,224,0.230711271719617
"10087",2021,225,0.211747241030509
"10088",2021,226,0.270953006304862
"10089",2021,227,0.276885417812854
"10090",2021,228,0.265992221564667
"10091",2021,229,0.226142530896349
"10092",2021,230,0.140603821794392
"10093",2021,231,0.28341891900802
"10094",2021,232,0.363450909433192
"10095",2021,233,0.36231731156609
"10096",2021,234,0.330030951539536
"10097",2021,235,0.326896530311675
"10098",2021,236,0.313761991671408
"10099",2021,237,0.208197947687755
"10100",2021,238,0.119865583037641
"10101",2021,239,0.0838122291549257
"10102",2021,240,0.0140637842671013
"10103",2021,241,0.00934815296421144
"10104",2021,242,0.215933880976056
"10105",2021,243,0.121689858976964
"10106",2021,244,0.309734833971059
"10107",2021,245,0.306887430039593
"10108",2021,246,0.280314697087606
"10109",2021,247,0.276275799180394
"10110",2021,248,0.265696525858585
"10111",2021,249,0.242292727215192
"10112",2021,250,0.105448509393054
"10113",2021,251,0.0919923629344368
"10114",2021,252,0.0704208773844165
"10115",2021,253,0.0252972056505824
"10116",2021,254,0.00475247404822593
"10117",2021,255,0.00394908859334619
"10118",2021,256,0.00375006974925433
"10119",2021,257,0.00369224054241595
"10120",2021,258,0.0035483005376068
"10121",2021,259,0.0352656482059995
"10122",2021,260,0.21271991066827
"10123",2021,261,0.157261894135775
"10124",2021,262,0.124348974891857
"10125",2021,263,0.00431876342174777
"10126",2021,264,0.00373657575907323
"10127",2021,265,0.0032731467167886
"10128",2021,266,0.00318629456907594
"10129",2021,267,0.00313882105877349
"10130",2021,268,0.00302740366900513
"10131",2021,269,0.18538917050842
"10132",2021,270,0.17325916543818
"10133",2021,271,0.126619031834317
"10134",2021,272,0.108048356054541
"10135",2021,273,0.179859295356771
"10136",2021,274,0.17257829952787
"10137",2021,275,0.143344149524343
"10138",2021,276,0.141421605000457
"10139",2021,277,0.139376583417361
"10140",2021,278,0.136648490137535
"10141",2021,279,0.135946301249927
"10142",2021,280,0.131077201124532
"10143",2021,281,0.0405703406825564
"10144",2021,282,0.0385894321132064
"10145",2021,283,0.0342685709505807
"10146",2021,284,0.0288901948017052
"10147",2021,285,0.028185566536268
"10148",2021,286,0.0257484618236095
"10149",2021,287,0.0241508534539137
"10150",2021,288,0.0200176923596756
"10151",2021,289,0.0150891967650808
"10152",2021,290,0.0150792268922312
"10153",2021,291,0.0155274636149974
"10154",2021,292,0.0157733450175905
"10155",2021,293,0.0123357325250737
"10156",2021,294,0.112990335055227
"10157",2021,295,0.077311288952738
"10158",2021,296,0.0643623486766907
"10159",2021,297,0.00742280833264336
"10160",2021,298,0.00481063928392987
"10161",2021,299,0.00439504891171089
"10162",2021,300,0.00328565604981488
"10163",2021,301,0.00292714319998576
"10164",2021,302,0.0028254213054536
"10165",2021,303,0.00284442887890226
"10166",2021,304,0.00273121137014212
"10167",2021,305,0.00210056441506498
"10168",2021,306,0.00202535680516525
"10169",2021,307,0.00169355093214085
"10170",2021,308,0.00153075412524204
"10171",2021,309,0.00152123321978121
"10172",2021,310,0.00160797456115918
"10173",2021,311,0.00158769844718357
"10174",2021,312,0.00165572348863782
"10175",2021,313,0.0016091476205151
"10176",2021,314,0.00142307933352928
"10177",2021,315,0.00125388531172961
"10178",2021,316,0.00116100743403414
"10179",2021,317,0.00109794223820904
"10180",2021,318,0.00116519318186304
"10181",2021,319,0.00112794628973979
"10182",2021,320,0.00111131644665898
"10183",2021,321,0.00104166501981045
"10184",2021,322,0.00081077337290721
"10185",2021,323,0.00082599761545016
"10186",2021,324,0.000938747153859819
"10187",2021,325,0.000913396343372707
"10188",2021,326,0.000790660207920067
"10189",2021,327,0.000837442314369186
"10190",2021,328,0.000883354491331636
"10191",2021,329,0.000699097108557348
"10192",2021,330,0.0553529719586449
"10193",2021,331,0.0292303269489003
"10194",2021,332,0.0317657005221117
"10195",2021,333,0.0335022508663229
"10196",2021,334,0.0352032953708332
"10197",2021,335,0.0364841770424236
"10198",2021,336,0.0339590785978643
"10199",2021,337,0.00731582550196724
"10200",2021,338,0.00462834135411096
"10201",2021,339,0.00387919937050135
"10202",2021,340,0.00268663777486565
"10203",2021,341,0.00245918459881571
"10204",2021,342,0.00255314819299628
"10205",2021,343,0.00258073091222128
"10206",2021,344,0.00235926153609033
"10207",2021,345,0.00171338219336458
"10208",2021,346,0.00162633144200325
"10209",2021,347,0.00177678698099234
"10210",2021,348,0.00190079649520156
"10211",2021,349,0.0019314857582883
"10212",2021,350,0.00171493601091428
"10213",2021,351,0.00164221679039126
"10214",2021,352,0.00125482937876611
"10215",2021,353,0.00101086452502359
"10216",2021,354,0.0010932958956594
"10217",2021,355,0.00117658230273967
"10218",2021,356,0.00128625874913198
"10219",2021,357,0.00136429759437502
"10220",2021,358,0.00151664525680837
"10221",2021,359,0.00154161286330941
"10222",2021,360,0.00152972401083806
"10223",2021,361,0.00139753349126039
"10224",2021,362,0.00122143723297547
"10225",2021,363,0.00115694314063657
"10226",2021,364,0.00111410065350013
"10227",2021,365,0.0582669847543951
"10228",2022,1,0.0219757784063628
"10229",2022,2,0.00378406650516866
"10230",2022,3,0.00350152402803252
"10231",2022,4,0.0036600506109875
"10232",2022,5,0.00345998946580464
"10233",2022,6,0.00305270424936677
"10234",2022,7,0.00281799479265032
"10235",2022,8,0.00262530699223288
"10236",2022,9,0.00211473102490742
"10237",2022,10,0.00181428298057757
"10238",2022,11,0.00187411389536025
"10239",2022,12,0.00192515068489975
"10240",2022,13,0.00197489353495863
"10241",2022,14,0.0019381935770483
"10242",2022,15,0.00144216980214417
"10243",2022,16,0.0015738630312994
"10244",2022,17,0.0017029873100786
"10245",2022,18,0.00183901697408256
"10246",2022,19,0.00172450733275079
"10247",2022,20,0.00108510956582597
"10248",2022,21,0.00129720040889571
"10249",2022,22,0.0012802392020164
"10250",2022,23,0.00128695312337927
"10251",2022,24,0.0014036095129066
"10252",2022,25,0.00153771692916398
"10253",2022,26,0.00140160022770376
"10254",2022,27,0.00142606542795333
"10255",2022,28,0.00123345038781671
"10256",2022,29,0.00130821149352163
"10257",2022,30,0.0737215727694819
"10258",2022,31,0.0473705485094835
"10259",2022,32,0.0482239103123702
"10260",2022,33,0.071674004608248
"10261",2022,34,0.0268005761263624
"10262",2022,35,0.0289890288161355
"10263",2022,36,0.035948027698181
"10264",2022,37,0.0469232461583648
"10265",2022,38,0.0457208520076815
"10266",2022,39,0.0502764582767232
"10267",2022,40,0.054205227840247
"10268",2022,41,0.056404178605495
"10269",2022,42,0.0600395665788206
"10270",2022,43,0.0399025275638563
"10271",2022,44,0.00602389001872605
"10272",2022,45,0.00563002591475864
"10273",2022,46,0.00522134588643952
"10274",2022,47,0.00479094450547668
"10275",2022,48,0.00351429573569783
"10276",2022,49,0.00309102242801092
"10277",2022,50,0.00316886737185892
"10278",2022,51,0.00340770122217748
"10279",2022,52,0.00341634522807529
"10280",2022,53,0.00313794793290831
"10281",2022,54,0.00242300033436008
"10282",2022,55,0.00236500973769622
"10283",2022,56,0.0022030151332367
"10284",2022,57,0.00246877492392485
"10285",2022,58,0.00221549496753354
"10286",2022,59,0.00233811168735001
"10287",2022,60,0.00254234768657975
"10288",2022,61,0.00242597896623781
"10289",2022,62,0.00244714420490705
"10290",2022,63,0.00256211213030876
"10291",2022,64,0.00234103681631362
"10292",2022,65,0.00227564461759922
"10293",2022,66,0.00173072043322319
"10294",2022,67,0.00171738964692505
"10295",2022,68,0.00180564437169518
"10296",2022,69,0.0019115640387528
"10297",2022,70,0.00142776735931785
"10298",2022,71,0.00131289916893979
"10299",2022,72,0.000339552465903995
"10300",2022,73,0.000371330869549907
"10301",2022,74,0.000380901220836249
"10302",2022,75,0.000425752791545048
"10303",2022,76,0.000414899732974919
"10304",2022,77,0.000370172218206711
"10305",2022,78,0.000408297459128223
"10306",2022,79,0.000469922143598848
"10307",2022,80,0.00042366707926881
"10308",2022,81,0.000376379077002443
"10309",2022,82,0.000394001975675492
"10310",2022,83,0.000455522137297383
"10311",2022,84,0.00051511893156099
"10312",2022,85,0.000551216443650744
"10313",2022,86,0.000607474199744531
"10314",2022,87,0.000626934864520749
"10315",2022,88,0.000634960565615251
"10316",2022,89,0.000546599854314458
"10317",2022,90,0.000575857459611813
"10318",2022,91,0.000612161891969281
"10319",2022,92,0.000658895109296225
"10320",2022,93,0.000697694915704504
"10321",2022,94,0.000692698525979797
"10322",2022,95,0.000700503392770294
"10323",2022,96,0.00068570186864231
"10324",2022,97,0.00066772589819005
"10325",2022,98,0.00067419895089838
"10326",2022,99,0.000753590268801393
"10327",2022,100,0.000806864784013073
"10328",2022,101,0.000844638221663779
"10329",2022,102,0.00086013267557887
"10330",2022,103,0.00081983848156601
"10331",2022,104,0.000852298814970126
"10332",2022,105,0.000914004227962527
"10333",2022,106,0.000935984186570229
"10334",2022,107,0.00097158162303142
"10335",2022,108,0.00100111845090964
"10336",2022,109,0.00105951312740504
"10337",2022,110,0.00110974562234257
"10338",2022,111,0.00116157640941292
"10339",2022,112,0.0012122970782702
"10340",2022,113,0.00123890349114367
"10341",2022,114,0.00126456236266793
"10342",2022,115,0.00122098058166775
"10343",2022,116,0.00129198037905348
"10344",2022,117,0.0014016022126584
"10345",2022,118,0.00149757129116775
"10346",2022,119,0.00154796681632159
"10347",2022,120,0.00158241361689838
"10348",2022,121,0.00169507809851911
"10349",2022,122,0.0017504876978189
"10350",2022,123,0.00184015894035554
"10351",2022,124,0.00192630065439055
"10352",2022,125,0.00199719463601531
"10353",2022,126,0.00209921883310639
"10354",2022,127,0.00224703692356916
"10355",2022,128,0.0023085753855967
"10356",2022,129,0.00237662144349266
"10357",2022,130,0.00245996489747348
"10358",2022,131,0.0025566249428644
"10359",2022,132,0.00247092985828551
"10360",2022,133,0.00206690169942215
"10361",2022,134,0.002098064343103
"10362",2022,135,0.00217272594745771
"10363",2022,136,0.00223575871533565
"10364",2022,137,0.00223692711215457
"10365",2022,138,0.00215413219330174
"10366",2022,139,0.00217916084745362
"10367",2022,140,0.00209913791710853
"10368",2022,141,0.00198110957093458
"10369",2022,142,0.0356537878310883
"10370",2022,143,0.229218543553696
"10371",2022,144,0.163938320191065
"10372",2022,145,0.00560110172999884
"10373",2022,146,0.0057465210726825
"10374",2022,147,0.0058936541981202
"10375",2022,148,0.00587539855815532
"10376",2022,149,0.00555401072596754
"10377",2022,150,0.00535873395953661
"10378",2022,151,0.00495576214952683
"10379",2022,152,0.399762431656801
"10380",2022,153,0.357701838887757
"10381",2022,154,0.374508254025293
"10382",2022,155,0.3666990621797
"10383",2022,156,0.37579405590687
"10384",2022,157,0.372429642527846
"10385",2022,158,0.198965817137968
"10386",2022,159,0.225304218290186
"10387",2022,160,0.115887744593017
"10388",2022,161,0.0320019209253912
"10389",2022,162,0.010031846165332
"10390",2022,163,0.0093632385321283
"10391",2022,164,0.303988420742384
"10392",2022,165,0.353344165324825
"10393",2022,166,0.207508296433313
"10394",2022,167,0.0198391468485556
"10395",2022,168,0.0135082905585998
"10396",2022,169,0.0110232505386771
"10397",2022,170,0.00966697514350789
"10398",2022,171,0.400434691562788
"10399",2022,172,0.310001092953482
"10400",2022,173,0.236754699725425
"10401",2022,174,0.0248357010581698
"10402",2022,175,0.0107780223371361
"10403",2022,176,0.00974103813289642
"10404",2022,177,0.00852516270877266
"10405",2022,178,0.00775452734270505
"10406",2022,179,0.403577539897163
"10407",2022,180,0.374593439254233
"10408",2022,181,0.421411457121182
"10409",2022,182,0.394832002110603
"10410",2022,183,0.38442980343313
"10411",2022,184,0.418166843195577
"10412",2022,185,0.422871547838214
"10413",2022,186,0.422615747902414
"10414",2022,187,0.380373420298651
"10415",2022,188,0.393553929437941
"10416",2022,189,0.384703247267159
"10417",2022,190,0.203020986008829
"10418",2022,191,0.193413908944964
"10419",2022,192,0.18384385347105
"10420",2022,193,0.167689969701639
"10421",2022,194,0.397319607633953
"10422",2022,195,0.329695518396384
"10423",2022,196,0.242412333099771
"10424",2022,197,0.035677356775679
"10425",2022,198,0.0264566548967766
"10426",2022,199,0.0120113553664076
"10427",2022,200,0.00306591111209543
"10428",2022,201,0.00306089701528729
"10429",2022,202,0.00300300190201557
"10430",2022,203,0.00288779947182386
"10431",2022,204,0.00278696796982615
"10432",2022,205,0.00269533946268973
"10433",2022,206,0.286064093671361
"10434",2022,207,0.172237836894945
"10435",2022,208,0.00553904154432387
"10436",2022,209,0.00431604077738496
"10437",2022,210,0.00247820294312865
"10438",2022,211,0.00247759301170099
"10439",2022,212,0.00247284441396847
"10440",2022,213,0.00243567968404644
"10441",2022,214,0.00242864259616625
"10442",2022,215,0.00247503744926488
"10443",2022,216,0.0023765455057723
"10444",2022,217,0.00235066012066874
"10445",2022,218,0.00223232020264878
"10446",2022,219,0.00218479488821672
"10447",2022,220,0.00213210547991573
"10448",2022,221,0.00212635380177338
"10449",2022,222,0.00209852135748311
"10450",2022,223,0.00200846020804709
"10451",2022,224,0.001979446273899
"10452",2022,225,0.00197229398221198
"10453",2022,226,0.00198705851074201
"10454",2022,227,0.388324356045481
"10455",2022,228,0.362458764913754
"10456",2022,229,0.370436937884933
"10457",2022,230,0.366339871069638
"10458",2022,231,0.364175692160075
"10459",2022,232,0.36305576700474
"10460",2022,233,0.356196138530112
"10461",2022,234,0.316129029234025
"10462",2022,235,0.309601710991123
"10463",2022,236,0.310531719833398
"10464",2022,237,0.306798184207042
"10465",2022,238,0.303333940746075
"10466",2022,239,0.299037001466181
"10467",2022,240,0.338518648749645
"10468",2022,241,0.328629373713418
"10469",2022,242,0.30451998518146
"10470",2022,243,0.286749698744445
"10471",2022,244,0.28921489653451
"10472",2022,245,0.294812266686561
"10473",2022,246,0.260906424612049
"10474",2022,247,0.256500511249133
"10475",2022,248,0.254017555088541
"10476",2022,249,0.252345134360429
"10477",2022,250,0.248983150588005
"10478",2022,251,0.241005526683499
"10479",2022,252,0.238774425835301
"10480",2022,253,0.128125675189798
"10481",2022,254,0.108947585372884
"10482",2022,255,0.256135239380227
"10483",2022,256,0.257179722848314
"10484",2022,257,0.251743470652437
"10485",2022,258,0.222173847624587
"10486",2022,259,0.225597356298613
"10487",2022,260,0.222226174083783
"10488",2022,261,0.218209813079139
"10489",2022,262,0.213108834097564
"10490",2022,263,0.210222250876822
"10491",2022,264,0.200401793239613
"10492",2022,265,0.148196241694605
"10493",2022,266,0.0797135419341878
"10494",2022,267,0.0770486481515058
"10495",2022,268,0.0724697100434725
"10496",2022,269,0.0680710014524704
"10497",2022,270,0.0630563331050608
"10498",2022,271,0.0578233698634889
"10499",2022,272,0.0553994913437906
"10500",2022,273,0.0546742791162352
"10501",2022,274,0.0534902799209989
"10502",2022,275,0.0504030239791767
"10503",2022,276,0.0479476470890585
"10504",2022,277,0.166298901294002
"10505",2022,278,0.158461009434106
"10506",2022,279,0.152574376241525
"10507",2022,280,0.120337970869531
"10508",2022,281,0.138292167263512
"10509",2022,282,0.141518570675138
"10510",2022,283,0.138147268174107
"10511",2022,284,0.109442741097913
"10512",2022,285,0.112504904477707
"10513",2022,286,0.108962993423565
"10514",2022,287,0.106999856490117
"10515",2022,288,0.139020345446664
"10516",2022,289,0.128201561783091
"10517",2022,290,0.103875304051943
"10518",2022,291,0.0729534582639765
"10519",2022,292,0.0774021884792337
"10520",2022,293,0.0825728112911525
"10521",2022,294,0.0857259613378236
"10522",2022,295,0.0913350135913894
"10523",2022,296,0.0924820381455316
"10524",2022,297,0.0753265236694762
"10525",2022,298,0.0600242160271694
"10526",2022,299,0.0639835583967009
"10527",2022,300,0.0650709462343147
"10528",2022,301,0.0530298652992645
"10529",2022,302,0.0541866075837208
"10530",2022,303,0.0563950286785045
"10531",2022,304,0.0557821107326361
"10532",2022,305,0.0558141902342061
"10533",2022,306,0.0579184604946643
"10534",2022,307,0.0610973769826764
"10535",2022,308,0.0427865379103612
"10536",2022,309,0.0346602015798003
"10537",2022,310,0.0204927045618672
"10538",2022,311,0.0145208304736218
"10539",2022,312,0.0124729988901234
"10540",2022,313,0.0114420386842519
"10541",2022,314,0.00954143226716093
"10542",2022,315,0.00713823663898701
"10543",2022,316,0.00570656045641007
"10544",2022,317,0.0058102739231439
"10545",2022,318,0.00530519998831874
"10546",2022,319,0.00454952903154748
"10547",2022,320,0.00408825037047097
"10548",2022,321,0.0041617461859182
"10549",2022,322,0.00386701552096405
"10550",2022,323,0.0490646109595445
"10551",2022,324,0.0300310553762738
"10552",2022,325,0.0318835318963962
"10553",2022,326,0.0332950009198158
"10554",2022,327,0.036339523132098
"10555",2022,328,0.0576412909593171
"10556",2022,329,0.0411625892772582
"10557",2022,330,0.0366222549060668
"10558",2022,331,0.0305074767269524
"10559",2022,332,0.0335019228905317
"10560",2022,333,0.035801302706876
"10561",2022,334,0.0287989707059324
"10562",2022,335,0.032240323194294
"10563",2022,336,0.0366450140152313
"10564",2022,337,0.0333623347709999
"10565",2022,338,0.0350958864415159
"10566",2022,339,0.0384848929706073
"10567",2022,340,0.0390092766253341
"10568",2022,341,0.0646772842531221
"10569",2022,342,0.0365696830663737
"10570",2022,343,0.0362351154818863
"10571",2022,344,0.0337898057999381
"10572",2022,345,0.0321608349539679
"10573",2022,346,0.0348063376365045
"10574",2022,347,0.0241756174530453
"10575",2022,348,0.0225009869364169
"10576",2022,349,0.0237700099828642
"10577",2022,350,0.0226273896910698
"10578",2022,351,0.0241565505571547
"10579",2022,352,0.0260902531530346
"10580",2022,353,0.0264653203428173
"10581",2022,354,0.0255750238861987
"10582",2022,355,0.0267519512279914
"10583",2022,356,0.0259047059169744
"10584",2022,357,0.0126109737627861
"10585",2022,358,0.016582162720071
"10586",2022,359,0.0226206208350421
"10587",2022,360,0.0242134908834109
"10588",2022,361,0.0279277740814097
"10589",2022,362,0.0320712758395516
"10590",2022,363,0.0307651666047975
"10591",2022,364,0.0543913225911591
"10592",2022,365,0.0308295365736612
"10593",2022,366,0.0295259121443272
"10594",2023,1,0.0345578571182189
"10595",2023,2,0.0334631458537399
"10596",2023,3,0.0246054431790869
"10597",2023,4,0.0180993737377741
"10598",2023,5,0.00876541506461269
"10599",2023,6,0.00725031985797178
"10600",2023,7,0.00486309210928019
"10601",2023,8,0.00420152178370139
"10602",2023,9,0.00415938960527092
"10603",2023,10,0.00397106946201983
"10604",2023,11,0.00362749672947571
"10605",2023,12,0.00270376424492412
"10606",2023,13,0.00260542970806468
"10607",2023,14,0.00294840092564237
"10608",2023,15,0.00289313616220581
"10609",2023,16,0.00259592727454963
"10610",2023,17,0.00239413705936751
"10611",2023,18,0.00206612810548327
"10612",2023,19,0.00207820607170186
"10613",2023,20,0.00220394151374946
"10614",2023,21,0.00195265608268252
"10615",2023,22,0.00194699799124735
"10616",2023,23,0.0020040622689725
"10617",2023,24,0.00169349131923702
"10618",2023,25,0.00170504814593284
"10619",2023,26,0.00162485197207587
"10620",2023,27,0.00170480219842313
"10621",2023,28,0.00202277836333692
"10622",2023,29,0.00237215692624923
"10623",2023,30,0.00207546372868735
"10624",2023,31,0.00159443765207097
"10625",2023,32,0.0630660804634468
"10626",2023,33,0.0468572259642684
"10627",2023,34,0.0471526774904047
"10628",2023,35,0.0527906184347264
"10629",2023,36,0.0585178767354587
"10630",2023,37,0.0674115577429388
"10631",2023,38,0.0548063994653113
"10632",2023,39,0.0494846971216954
"10633",2023,40,0.0539467475752731
"10634",2023,41,0.0493545582414176
"10635",2023,42,0.0529309877201329
"10636",2023,43,0.0654352153457443
"10637",2023,44,0.0713184773453154
"10638",2023,45,0.0655863910396709
"10639",2023,46,0.0707948652329861
"10640",2023,47,0.0537767308628753
"10641",2023,48,0.0504083377128957
"10642",2023,49,0.0616702540437068
"10643",2023,50,0.0667661503823896
"10644",2023,51,0.0274064548255175
"10645",2023,52,0.0137805621020994
"10646",2023,53,0.0122859962824251
"10647",2023,54,0.0113734743445179
"10648",2023,55,0.0105644846532946
"10649",2023,56,0.0105268330039352
"10650",2023,57,0.011681300439572
"10651",2023,58,0.010046883266748
"10652",2023,59,0.0106725522144068
"10653",2023,60,0.0108953847398893
"10654",2023,61,0.0106374043606196
"10655",2023,62,0.00977948649444629
"10656",2023,63,0.0108262925437686
"10657",2023,64,0.012177056620185
"10658",2023,65,0.0131142586206228
"10659",2023,66,0.0139415287572974
"10660",2023,67,0.0143017397728048
"10661",2023,68,0.0146149167480038
"10662",2023,69,0.01500404437769
"10663",2023,70,0.0159159224503069
"10664",2023,71,0.0157314391563545
"10665",2023,72,0.0155465291615759
"10666",2023,73,0.0158536940383918
"10667",2023,74,0.0170500507171835
"10668",2023,75,0.144161133773606
"10669",2023,76,0.113649388852133
"10670",2023,77,0.104127177262532
"10671",2023,78,0.0870627819711122
"10672",2023,79,0.11155794127993
"10673",2023,80,0.12741221330102
"10674",2023,81,0.140881105979993
"10675",2023,82,0.143753788705386
"10676",2023,83,0.123655461664346
"10677",2023,84,0.124234230421913
"10678",2023,85,0.128621629360484
"10679",2023,86,0.13515944174703
"10680",2023,87,0.106914128491757
"10681",2023,88,0.0382534050409786
"10682",2023,89,0.0375784351994279
"10683",2023,90,0.035875240777926
"10684",2023,91,0.0352119246926035
"10685",2023,92,0.036887897506791
"10686",2023,93,0.0378911468208153
"10687",2023,94,0.0393441974908956
"10688",2023,95,0.0340305789338773
"10689",2023,96,0.0342501981422399
"10690",2023,97,0.0345659285450072
"10691",2023,98,0.0387538754175464
"10692",2023,99,0.0425097743518927
"10693",2023,100,0.0429037425562017
"10694",2023,101,0.0446285222057285
"10695",2023,102,0.0466709296212708
"10696",2023,103,0.0493262345822753
"10697",2023,104,0.0499331140808091
"10698",2023,105,0.0491987648793834
"10699",2023,106,0.0485387304410563
"10700",2023,107,0.0525439380374883
"10701",2023,108,0.0561983689703977
"10702",2023,109,0.0579081947834172
"10703",2023,110,0.059965585823678
"10704",2023,111,0.0596202179802143
"10705",2023,112,0.0616846280462335
"10706",2023,113,0.0557066717267745
"10707",2023,114,0.0603763569916203
"10708",2023,115,0.0669570974317195
"10709",2023,116,0.0695143922806908
"10710",2023,117,0.0698401487441899
"10711",2023,118,0.0690578632765934
"10712",2023,119,0.0690089072153002
"10713",2023,120,0.0793978257216626
"10714",2023,121,0.0855242686313015
"10715",2023,122,0.202168729465034
"10716",2023,123,0.0957222819364174
"10717",2023,124,0.0989887587056393
"10718",2023,125,0.100598870068939
"10719",2023,126,0.10345871915469
"10720",2023,127,0.106295024217873
"10721",2023,128,0.109302761854075
"10722",2023,129,0.113965669058553
"10723",2023,130,0.117056793924982
"10724",2023,131,0.110347406767877
"10725",2023,132,0.310094713364278
"10726",2023,133,0.262129166730975
"10727",2023,134,0.270388807903446
"10728",2023,135,0.268663915409094
"10729",2023,136,0.278300902963354
"10730",2023,137,0.269900185277076
"10731",2023,138,0.333252388663859
"10732",2023,139,0.284933871672755
"10733",2023,140,0.127033200078578
"10734",2023,141,0.134674796547107
"10735",2023,142,0.316486742163663
"10736",2023,143,0.14910852641692
"10737",2023,144,0.155826926686025
"10738",2023,145,0.153204611118513
"10739",2023,146,0.358373792213782
"10740",2023,147,0.35764501837698
"10741",2023,148,0.31884626297392
"10742",2023,149,0.328356032038894
"10743",2023,150,0.346727721634982
"10744",2023,151,0.335726599678489
"10745",2023,152,0.177009852762413
"10746",2023,153,0.17845623644419
"10747",2023,154,0.173900540576102
"10748",2023,155,0.368585017800955
"10749",2023,156,0.30888159797455
"10750",2023,157,0.184182075153409
"10751",2023,158,0.384007765522388
"10752",2023,159,0.344692326016445
"10753",2023,160,0.200673264525574
"10754",2023,161,0.204828480216082
"10755",2023,162,0.210944178933594
"10756",2023,163,0.218150374178432
"10757",2023,164,0.215334791647871
"10758",2023,165,0.217864670110213
"10759",2023,166,0.221840083655802
"10760",2023,167,0.224504985727342
"10761",2023,168,0.226608636900386
"10762",2023,169,0.217629847452621
"10763",2023,170,0.203006897863727
"10764",2023,171,0.183780498024147
"10765",2023,172,0.315759902408565
"10766",2023,173,0.129903786950855
"10767",2023,174,0.327677477376285
"10768",2023,175,0.0994940864608786
"10769",2023,176,0.0925987280025368
"10770",2023,177,0.0859106135941885
"10771",2023,178,0.079370351971351
"10772",2023,179,0.0466173482016787
"10773",2023,180,0.0428668449042245
"10774",2023,181,0.424474586539662
"10775",2023,182,0.378564605502409
"10776",2023,183,0.25686213931473
"10777",2023,184,0.0658623277847585
"10778",2023,185,0.0370986802629922
"10779",2023,186,0.0371097178534955
"10780",2023,187,0.0356868662240755
"10781",2023,188,0.0347840111469871
"10782",2023,189,0.0332385426625187
"10783",2023,190,0.0326966916696836
"10784",2023,191,0.0319519796289005
"10785",2023,192,0.0304903865934746
"10786",2023,193,0.0296387566130818
"10787",2023,194,0.0281183733341133
"10788",2023,195,0.02013553922216
"10789",2023,196,0.00999994532890064
"10790",2023,197,0.00962576058819365
"10791",2023,198,0.0119070243888462
"10792",2023,199,0.011918099538671
"10793",2023,200,0.01188572663635
"10794",2023,201,0.0116222232742266
"10795",2023,202,0.0112348088524541
"10796",2023,203,0.0108541707579039
"10797",2023,204,0.0107112899205418
"10798",2023,205,0.0106176860298818
"10799",2023,206,0.0102808930501842
"10800",2023,207,0.0102782588252749
"10801",2023,208,0.0100542162851297
"10802",2023,209,0.00983886804781889
"10803",2023,210,0.00956753128636477
"10804",2023,211,0.00935297928982301
"10805",2023,212,0.00923895177080871
"10806",2023,213,0.356584794803362
"10807",2023,214,0.239841362303352
"10808",2023,215,0.135961316909986
"10809",2023,216,0.012258113675308
"10810",2023,217,0.0113853101530155
"10811",2023,218,0.00940909226075337
"10812",2023,219,0.00929795053435559
"10813",2023,220,0.00859815923585932
"10814",2023,221,0.0086129568182416
"10815",2023,222,0.0270261451715027
"10816",2023,223,0.339537512063529
"10817",2023,224,0.407930212164446
"10818",2023,225,0.417750230914142
"10819",2023,226,0.372254646390704
"10820",2023,227,0.371650482825034
"10821",2023,228,0.370859340011891
"10822",2023,229,0.360095511676652
"10823",2023,230,0.200232643192364
"10824",2023,231,0.1897164686038
"10825",2023,232,0.179569850063692
"10826",2023,233,0.154548146986811
"10827",2023,234,0.360255685032199
"10828",2023,235,0.337405937399551
"10829",2023,236,0.321030867037846
"10830",2023,237,0.32333630570343
"10831",2023,238,0.31893929512707
"10832",2023,239,0.310355005994978
"10833",2023,240,0.161729892397083
"10834",2023,241,0.149375820607966
"10835",2023,242,0.14149192458355
"10836",2023,243,0.139228471991338
"10837",2023,244,0.136034366160716
"10838",2023,245,0.12818914028302
"10839",2023,246,0.110485815466184
"10840",2023,247,0.107131720893777
"10841",2023,248,0.0805905916108097
"10842",2023,249,0.0734891008213543
"10843",2023,250,0.0528403157189861
"10844",2023,251,0.0476366991283535
"10845",2023,252,0.0449047998818817
"10846",2023,253,0.0381888143965621
"10847",2023,254,0.0283175948304231
"10848",2023,255,0.0195586137069274
"10849",2023,256,0.250316668136473
"10850",2023,257,0.21364272731657
"10851",2023,258,0.254788227177501
"10852",2023,259,0.235470977313522
"10853",2023,260,0.211355180347796
"10854",2023,261,0.213323181016371
"10855",2023,262,0.221342252436948
"10856",2023,263,0.22099754357325
"10857",2023,264,0.215361228797482
"10858",2023,265,0.211837651655229
"10859",2023,266,0.186941643227062
"10860",2023,267,0.0799306758565731
"10861",2023,268,0.0720052940983699
"10862",2023,269,0.210914938047063
"10863",2023,270,0.173791619570425
"10864",2023,271,0.0794395833243488
"10865",2023,272,0.0701274970720548
"10866",2023,273,0.0629573062070262
"10867",2023,274,0.0584116487376347
"10868",2023,275,0.0545812052734327
"10869",2023,276,0.0533375156668525
"10870",2023,277,0.0515891679071503
"10871",2023,278,0.0427885253256363
"10872",2023,279,0.0387272927194074
"10873",2023,280,0.0364985996102715
"10874",2023,281,0.0354570164795624
"10875",2023,282,0.0347035860289977
"10876",2023,283,0.0339472103826942
"10877",2023,284,0.033511479437472
"10878",2023,285,0.032522683042314
"10879",2023,286,0.0286385754336491
"10880",2023,287,0.0254574018952514
"10881",2023,288,0.0234752643938473
"10882",2023,289,0.0220328401629151
"10883",2023,290,0.0231073938059703
"10884",2023,291,0.0247302803227909
"10885",2023,292,0.0225619906683503
"10886",2023,293,0.0228345217787024
"10887",2023,294,0.022719148084134
"10888",2023,295,0.0503487673276961
"10889",2023,296,0.102799520295436
"10890",2023,297,0.107416809188903
"10891",2023,298,0.0700293460237667
"10892",2023,299,0.071703253202553
"10893",2023,300,0.0735450030410481
"10894",2023,301,0.0756721753626163
"10895",2023,302,0.0545768788703746
"10896",2023,303,0.0376094480721201
"10897",2023,304,0.0414341306188015
"10898",2023,305,0.0451772784762777
"10899",2023,306,0.0500331996938795
"10900",2023,307,0.0568783094034326
"10901",2023,308,0.0599489295435132
"10902",2023,309,0.0597848567944589
"10903",2023,310,0.0615704827750618
"10904",2023,311,0.0494767420622413
"10905",2023,312,0.0886147100980702
"10906",2023,313,0.074549146933618
"10907",2023,314,0.0640562431795614
"10908",2023,315,0.0645933447963497
"10909",2023,316,0.0675200028972277
"10910",2023,317,0.0671589774045108
"10911",2023,318,0.0418953048407868
"10912",2023,319,0.0445682756288377
"10913",2023,320,0.0437200837698224
"10914",2023,321,0.0506630091428424
"10915",2023,322,0.0503737277524101
"10916",2023,323,0.0469429922779225
"10917",2023,324,0.0389014693667023
"10918",2023,325,0.0313066384799135
"10919",2023,326,0.0308203975579245
"10920",2023,327,0.0333717191605095
"10921",2023,328,0.0336499755822845
"10922",2023,329,0.0339570695084458
"10923",2023,330,0.0282919310061215
"10924",2023,331,0.0276449747445244
"10925",2023,332,0.0300026814384852
"10926",2023,333,0.0335993400267656
"10927",2023,334,0.033847025978502
"10928",2023,335,0.0308982084801945
"10929",2023,336,0.0290124645498388
"10930",2023,337,0.0297622937887168
"10931",2023,338,0.031713907554217
"10932",2023,339,0.0318273659118712
"10933",2023,340,0.0315229651486682
"10934",2023,341,0.0346995647525651
"10935",2023,342,0.0346673805208805
"10936",2023,343,0.0263601079306677
"10937",2023,344,0.0199477742446887
"10938",2023,345,0.0234542983639122
"10939",2023,346,0.0180430192460332
"10940",2023,347,0.00997016367681313
"10941",2023,348,0.00769125645363262
"10942",2023,349,0.00517244357425138
"10943",2023,350,0.0042157895490016
"10944",2023,351,0.0041112860807812
"10945",2023,352,0.00366841163339422
"10946",2023,353,0.00370820054049684
"10947",2023,354,0.00346345611927771
"10948",2023,355,0.00330459997924646
"10949",2023,356,0.00313859342883682
"10950",2023,357,0.0593270232147876
"10951",2023,358,0.0276827235907336
"10952",2023,359,0.0248377479420876
"10953",2023,360,0.0241536437458778
"10954",2023,361,0.0244477646658574
"10955",2023,362,0.0246900311295925
"10956",2023,363,0.0249602224789603
"10957",2023,364,0.0265334840785187
"10958",2023,365,0.0297680868121657
"10959",2024,1,0.0280046558166491
"10960",2024,2,0.0262560843766017
"10961",2024,3,0.0232646142975992
"10962",2024,4,0.012364538971195
"10963",2024,5,0.0059612956462721
"10964",2024,6,0.00474058806263237
"10965",2024,7,0.00419016113728256
"10966",2024,8,0.00323390045384742
"10967",2024,9,0.00293088142225283
"10968",2024,10,0.00318326360037963
"10969",2024,11,0.00334595440763968
"10970",2024,12,0.00256464622416536
"10971",2024,13,0.00266090864914069
"10972",2024,14,0.00284624704955625
"10973",2024,15,0.00244548101568761
"10974",2024,16,0.00162757110491319
"10975",2024,17,0.00224833012390256
"10976",2024,18,0.00258460740554937
"10977",2024,19,0.0019809350204753
"10978",2024,20,0.00177844168837965
"10979",2024,21,0.00216115272535233
"10980",2024,22,0.00235141277416614
"10981",2024,23,0.0697474339141586
"10982",2024,24,0.0430532730141061
"10983",2024,25,0.0434806164208813
"10984",2024,26,0.0426903783887829
"10985",2024,27,0.0414321598838159
"10986",2024,28,0.0445799105106334
"10987",2024,29,0.0500756804152938
"10988",2024,30,0.0541112209711408
"10989",2024,31,0.0539615197745774
"10990",2024,32,0.0582337679975282
"10991",2024,33,0.0587708419350142
"10992",2024,34,0.0498520075914156
"10993",2024,35,0.04592644416256
"10994",2024,36,0.00812783616481599
"10995",2024,37,0.00656099804971885
"10996",2024,38,0.00629654312089683
"10997",2024,39,0.00447199036144212
"10998",2024,40,0.00422341836109369
"10999",2024,41,0.00410873323179322
"11000",2024,42,0.00316770310458775
"11001",2024,43,0.00290963782331141
"11002",2024,44,0.00326614461215693
"11003",2024,45,0.00336885625891792
"11004",2024,46,0.00336757101692497
"11005",2024,47,0.00365134709236019
"11006",2024,48,0.00259252873370249
"11007",2024,49,0.00280609773837107
"11008",2024,50,0.00350161214377065
"11009",2024,51,0.00395566348742648
"11010",2024,52,0.0042550624201125
"11011",2024,53,0.00403056452547214
"11012",2024,54,0.0056537855233459
"11013",2024,55,0.00623321014470589
"11014",2024,56,0.00723084966704878
"11015",2024,57,0.0079944594372341
"11016",2024,58,0.00833238917971656
"11017",2024,59,0.111962968886696
"11018",2024,60,0.0803261238115448
"11019",2024,61,0.0907362766909506
"11020",2024,62,0.0993763733385036
"11021",2024,63,0.104009341618021
"11022",2024,64,0.103487469654996
"11023",2024,65,0.101510343028629
"11024",2024,66,0.109268731388515
"11025",2024,67,0.111305415065957
"11026",2024,68,0.0970936218318234
"11027",2024,69,0.0855830045269511
"11028",2024,70,0.0868048014438727
"11029",2024,71,0.0392362049018296
"11030",2024,72,0.0243513580317589
"11031",2024,73,0.0226783373046658
"11032",2024,74,0.0218380824707648
"11033",2024,75,0.019110425297583
"11034",2024,76,0.0387505178573084
"11035",2024,77,0.0196674902743874
"11036",2024,78,0.128680387904911
"11037",2024,79,0.113873534487079
"11038",2024,80,0.149069055775006
"11039",2024,81,0.10185150728928
"11040",2024,82,0.0264874397309041
"11041",2024,83,0.0270916006826712
"11042",2024,84,0.0267921402856206
"11043",2024,85,0.022688478645583
"11044",2024,86,0.022694340655438
"11045",2024,87,0.0238090481842191
"11046",2024,88,0.0267381220583772
"11047",2024,89,0.0307631200430626
"11048",2024,90,0.0321276103296702
"11049",2024,91,0.0346000074633222
"11050",2024,92,0.0344093290006144
"11051",2024,93,0.0288858751910383
"11052",2024,94,0.0308262185783692
"11053",2024,95,0.0341161854350438
"11054",2024,96,0.0383027520584822
"11055",2024,97,0.0391598712836621
"11056",2024,98,0.0367971183564207
"11057",2024,99,0.0385547753286217
"11058",2024,100,0.0372419241955933
"11059",2024,101,0.0365974319010729
"11060",2024,102,0.0410227472359058
"11061",2024,103,0.0456823084245259
"11062",2024,104,0.0502376001419126
"11063",2024,105,0.0524088802596866
"11064",2024,106,0.0559506361326173
"11065",2024,107,0.0521326794630033
"11066",2024,108,0.0561438822000326
"11067",2024,109,0.0599610877408822
"11068",2024,110,0.057535561331359
"11069",2024,111,0.0522702314492555
"11070",2024,112,0.0490901454433532
"11071",2024,113,0.0592264324149043
"11072",2024,114,0.0687169177318265
"11073",2024,115,0.0745703056570285
"11074",2024,116,0.0761749221489533
"11075",2024,117,0.0740496288787857
"11076",2024,118,0.0754228369062421
"11077",2024,119,0.0747308950208553
"11078",2024,120,0.0787551817177211
"11079",2024,121,0.085983519638173
"11080",2024,122,0.090804374172496
"11081",2024,123,0.0909612490518364
"11082",2024,124,0.0941981947861992
"11083",2024,125,0.0984198319422549
"11084",2024,126,0.0994118557098866
"11085",2024,127,0.103051970648193
"11086",2024,128,0.103924422255104
"11087",2024,129,0.108165171105102
"11088",2024,130,0.110217264273924
"11089",2024,131,0.104604215714875
"11090",2024,132,0.109487406572661
"11091",2024,133,0.113652555992715
"11092",2024,134,0.113819339533596
"11093",2024,135,0.120574769454091
"11094",2024,136,0.127632673217021
"11095",2024,137,0.127252431431303
"11096",2024,138,0.121593402660211
"11097",2024,139,0.133546894949454
"11098",2024,140,0.143030940649829
"11099",2024,141,0.146075124913578
"11100",2024,142,0.144025059016698
"11101",2024,143,0.143721434873628
"11102",2024,144,0.135063526690678
"11103",2024,145,0.115021275936151
"11104",2024,146,0.107728181984296
"11105",2024,147,0.0944517196314021
"11106",2024,148,0.0869136990695267
"11107",2024,149,0.0874557592914184
"11108",2024,150,0.0660058136800901
"11109",2024,151,0.0617512150188441
"11110",2024,152,0.0590621951930137
"11111",2024,153,0.0581085395596866
"11112",2024,154,0.0581114260485774
"11113",2024,155,0.0459141589693828
"11114",2024,156,0.0325648743412577
"11115",2024,157,0.0337072853878961
"11116",2024,158,0.0337600209315059
"11117",2024,159,0.0325228703103124
"11118",2024,160,0.0320001174527542
"11119",2024,161,0.0317304645158132
"11120",2024,162,0.028783661817112
"11121",2024,163,0.029212232771088
"11122",2024,164,0.0292044016549774
"11123",2024,165,0.0297049245933558
"11124",2024,166,0.0282843821668038
"11125",2024,167,0.0279912873423603
"11126",2024,168,0.0238460474965375
"11127",2024,169,0.0137385404404337
"11128",2024,170,0.0133688411586213
"11129",2024,171,0.0124341147870656
"11130",2024,172,0.365674960776276
"11131",2024,173,0.284633506423082
"11132",2024,174,0.195957707420806
"11133",2024,175,0.0189724919877394
"11134",2024,176,0.0181250157390031
"11135",2024,177,0.233435712302768
"11136",2024,178,0.0157523098894341
"11137",2024,179,0.0147986570346111
"11138",2024,180,0.0146800179008915
"11139",2024,181,0.0142598884291363
"11140",2024,182,0.0133677111050921
"11141",2024,183,0.0128632080608042
"11142",2024,184,0.0109250354902451
"11143",2024,185,0.428595684037116
"11144",2024,186,0.434136005109162
"11145",2024,187,0.386969503260121
"11146",2024,188,0.4095416191403
"11147",2024,189,0.392551203311358
"11148",2024,190,0.366228603762081
"11149",2024,191,0.15366032491315
"11150",2024,192,0.106775965839643
"11151",2024,193,0.0420529152242111
"11152",2024,194,0.0151722472647967
"11153",2024,195,0.323749610589287
"11154",2024,196,0.336322552890558
"11155",2024,197,0.272340192938792
"11156",2024,198,0.220192596984314
"11157",2024,199,0.0273227218305687
"11158",2024,200,0.370803142614627
"11159",2024,201,0.264364879341212
"11160",2024,202,0.189142093264458
"11161",2024,203,0.0113767254959234
"11162",2024,204,0.250814582798156
"11163",2024,205,0.138995261430908
"11164",2024,206,0.00994175842759133
"11165",2024,207,0.0100447844453943
"11166",2024,208,0.00820328311944483
"11167",2024,209,0.007229944632598
"11168",2024,210,0.00738812645731953
"11169",2024,211,0.00737370657287541
"11170",2024,212,0.00294120245276525
"11171",2024,213,0.322532948266963
"11172",2024,214,0.182805915001772
"11173",2024,215,0.0096433668290568
"11174",2024,216,0.0083855630402654
"11175",2024,217,0.413203567066573
"11176",2024,218,0.391517525391219
"11177",2024,219,0.374144572170925
"11178",2024,220,0.386669064221302
"11179",2024,221,0.386751646897366
"11180",2024,222,0.219452780197038
"11181",2024,223,0.201188806760329
"11182",2024,224,0.194880942436243
"11183",2024,225,0.153699331479532
"11184",2024,226,0.0635758774982538
"11185",2024,227,0.0206958976933536
"11186",2024,228,0.00682880960803812
"11187",2024,229,0.00638013224589842
"11188",2024,230,0.00612356976819668
"11189",2024,231,0.00572325393582117
"11190",2024,232,0.0053648612521449
"11191",2024,233,0.00512461825853141
"11192",2024,234,0.0050027973354163
"11193",2024,235,0.00488458460829284
"11194",2024,236,0.00469589951681418
"11195",2024,237,0.00273938966013728
"11196",2024,238,0.00159501898697471
"11197",2024,239,0.00152849918315115
"11198",2024,240,0.00148973058290209
"11199",2024,241,0.00145619856891821
"11200",2024,242,0.221014890202168
"11201",2024,243,0.129214168790298
"11202",2024,244,0.00413356734228843
"11203",2024,245,0.282725438252634
"11204",2024,246,0.280132346854116
"11205",2024,247,0.267447921026447
"11206",2024,248,0.244463231469124
"11207",2024,249,0.243512703906238
"11208",2024,250,0.24407412403012
"11209",2024,251,0.22939716584142
"11210",2024,252,0.202971185975458
"11211",2024,253,0.0936195764211619
"11212",2024,254,0.0897721735320966
"11213",2024,255,0.089239430941923
"11214",2024,256,0.0911889755752168
"11215",2024,257,0.0874668753277621
"11216",2024,258,0.0714009702805061
"11217",2024,259,0.0471801448555744
"11218",2024,260,0.0206298227520379
"11219",2024,261,0.0121905027875289
"11220",2024,262,0.00736231084251276
"11221",2024,263,0.00205808669120497
"11222",2024,264,0.00101953047279335
"11223",2024,265,0.000981259625771779
"11224",2024,266,0.000898339142947972
"11225",2024,267,0.000802739647438228
"11226",2024,268,0.179842311807185
"11227",2024,269,0.131677093274761
"11228",2024,270,0.106534010228746
"11229",2024,271,0.00581915266431061
"11230",2024,272,0.00514881549456838
"11231",2024,273,0.00454586199531859
"11232",2024,274,0.00420173105767814
"11233",2024,275,0.00373517417380903
"11234",2024,276,0.00351551839597736
"11235",2024,277,0.00335698288373055
"11236",2024,278,0.00306289666446574
"11237",2024,279,0.00286157211236946
"11238",2024,280,0.00274679027244837
"11239",2024,281,0.132509453243467
"11240",2024,282,0.0933228013032353
"11241",2024,283,0.0190842324483297
"11242",2024,284,0.00853317697144841
"11243",2024,285,0.00661256883486297
"11244",2024,286,0.00547213525954135
"11245",2024,287,0.00473012517755577
"11246",2024,288,0.00399208963956766
"11247",2024,289,0.00376100244414394
"11248",2024,290,0.00298642719637455
"11249",2024,291,0.0027736694240358
"11250",2024,292,0.00275371469797015
"11251",2024,293,0.00264743116639262
"11252",2024,294,0.00256952656513933
"11253",2024,295,0.00245944693003122
"11254",2024,296,0.00238812342180801
"11255",2024,297,0.00234367725259717
"11256",2024,298,0.00223310597695858
"11257",2024,299,0.00194841949402353
"11258",2024,300,0.00175831987146505
"11259",2024,301,0.00182148229597604
"11260",2024,302,0.00179363602276649
"11261",2024,303,0.00177009004098484
"11262",2024,304,0.00159416402719437
"11263",2024,305,0.00134995310488418
"11264",2024,306,0.00136124993158573
"11265",2024,307,0.00139123916333117
"11266",2024,308,0.00122858262203239
"11267",2024,309,0.00102793153487782
"11268",2024,310,0.000897518219622805
"11269",2024,311,0.00103367171581828
"11270",2024,312,0.000950605919078625
"11271",2024,313,0.000818562507887553
"11272",2024,314,0.000409063271583899
"11273",2024,315,0.000157210843502682
"11274",2024,316,0.000163242570330167
"11275",2024,317,0.000163730979554767
"11276",2024,318,0.000144447598584677
"11277",2024,319,0.000141932482700567
"11278",2024,320,0.000161040671687616
"11279",2024,321,0.000164719304248134
"11280",2024,322,0.0740895180142143
"11281",2024,323,0.0360184768539172
"11282",2024,324,0.0367439204547097
"11283",2024,325,0.0351846700453478
"11284",2024,326,0.0387382713015033
"11285",2024,327,0.0412495077420092
"11286",2024,328,0.0437426161914417
"11287",2024,329,0.0450600906339708
"11288",2024,330,0.0423893959814159
"11289",2024,331,0.038154872977071
"11290",2024,332,0.0420354716671887
"11291",2024,333,0.0337629321834329
"11292",2024,334,0.0279414646037649
"11293",2024,335,0.0326348759652069
"11294",2024,336,0.0359690841032009
"11295",2024,337,0.0324805296867671
"11296",2024,338,0.0320480440846954
"11297",2024,339,0.0356808290829309
"11298",2024,340,0.0299597448141424
"11299",2024,341,0.0522879251795625
"11300",2024,342,0.026258389975292
"11301",2024,343,0.028154961526957
"11302",2024,344,0.024771313806817
"11303",2024,345,0.00502952157689309
"11304",2024,346,0.00379835649417746
"11305",2024,347,0.00367510569535372
"11306",2024,348,0.00385538217821834
"11307",2024,349,0.00331014843561429
"11308",2024,350,0.00305641172578119
"11309",2024,351,0.00268254533536309
"11310",2024,352,0.00246477911821089
"11311",2024,353,0.00194893060202407
"11312",2024,354,0.00203532677172289
"11313",2024,355,0.00190012273559008
"11314",2024,356,0.00193498377143733
"11315",2024,357,0.00190757979099465
"11316",2024,358,0.0019497768485058
"11317",2024,359,0.00166818850954553
"11318",2024,360,0.0016172513958561
"11319",2024,361,0.00152830092307265
"11320",2024,362,0.00163278995144591
"11321",2024,363,0.00154645108912046
"11322",2024,364,0.00161854732856576
"11323",2024,365,0.0016284617008896
