"","year","DOY","evapotr_cm"
"1",1994,1,0.018253552275299
"2",1994,2,0.0191273326806565
"3",1994,3,0.0195473777343207
"4",1994,4,0.0178607975268175
"5",1994,5,0.0197196643023153
"6",1994,6,0.0152335670386285
"7",1994,7,0.013850604520711
"8",1994,8,0.0215744262018345
"9",1994,9,0.0233095473509779
"10",1994,10,0.0249697496865368
"11",1994,11,0.0265893029647249
"12",1994,12,0.0260596652416807
"13",1994,13,0.0296196734155213
"14",1994,14,0.0294613506261358
"15",1994,15,0.026754455316716
"16",1994,16,0.0242323996940648
"17",1994,17,0.014042631312819
"18",1994,18,0.0180371833986498
"19",1994,19,0.0251009936624388
"20",1994,20,0.0269691467122247
"21",1994,21,0.0320013464576231
"22",1994,22,0.0398967082528571
"23",1994,23,0.0416811328079348
"24",1994,24,0.0437947591470667
"25",1994,25,0.0375172458185822
"26",1994,26,0.03181706140937
"27",1994,27,0.0324315154530352
"28",1994,28,0.0341471271706002
"29",1994,29,0.03306717359157
"30",1994,30,0.0246601147124234
"31",1994,31,0.0267412147129065
"32",1994,32,0.030111711060116
"33",1994,33,0.0325173861089203
"34",1994,34,0.027417017047706
"35",1994,35,0.0310327700807321
"36",1994,36,0.0356359952812854
"37",1994,37,0.0358310041103856
"38",1994,38,0.0207174682742073
"39",1994,39,0.016782777485568
"40",1994,40,0.0246334848094494
"41",1994,41,0.0428999183616927
"42",1994,42,0.0416757327534338
"43",1994,43,0.0376728171177555
"44",1994,44,0.0515784664207086
"45",1994,45,0.0614906200820279
"46",1994,46,0.0591317880015426
"47",1994,47,0.0056782747233344
"48",1994,48,0.0323119881124851
"49",1994,49,0.00550841475615459
"50",1994,50,0.00394071848371796
"51",1994,51,0.0037517952145934
"52",1994,52,0.00296302069329056
"53",1994,53,0.00278756151976512
"54",1994,54,0.00328984016338162
"55",1994,55,0.0448204929618048
"56",1994,56,0.02879355724416
"57",1994,57,0.0500003340266843
"58",1994,58,0.0745258243658876
"59",1994,59,0.0924024353898979
"60",1994,60,0.044495494007415
"61",1994,61,0.0779952071456864
"62",1994,62,0.081670856311054
"63",1994,63,0.0814540461398066
"64",1994,64,0.0787320544210025
"65",1994,65,0.0930512138139722
"66",1994,66,0.0585607203716809
"67",1994,67,0.0585129031545389
"68",1994,68,0.0637107147728513
"69",1994,69,0.0790839572731225
"70",1994,70,0.0817991394168784
"71",1994,71,0.020302417601819
"72",1994,72,0.0154871466475352
"73",1994,73,0.0147312759892476
"74",1994,74,0.013783538915584
"75",1994,75,0.014769142035546
"76",1994,76,0.0141740423983313
"77",1994,77,0.0134978008947106
"78",1994,78,0.0151729610998363
"79",1994,79,0.0121439136528245
"80",1994,80,0.0143199973657463
"81",1994,81,0.0137724796001272
"82",1994,82,0.0121837378514292
"83",1994,83,0.0116446584269341
"84",1994,84,0.0119104909646567
"85",1994,85,0.0112946890107573
"86",1994,86,0.0104677823157662
"87",1994,87,0.0112571354377634
"88",1994,88,0.0122233257014687
"89",1994,89,0.014681899302754
"90",1994,90,0.0169615039051018
"91",1994,91,0.0166329078202468
"92",1994,92,0.0171622194080273
"93",1994,93,0.0169942560918097
"94",1994,94,0.131043598505099
"95",1994,95,0.0972447590273067
"96",1994,96,0.111774241909575
"97",1994,97,0.149556348225577
"98",1994,98,0.121163833669562
"99",1994,99,0.113409867801273
"100",1994,100,0.0249664200517054
"101",1994,101,0.0240047884171764
"102",1994,102,0.0278409038163302
"103",1994,103,0.030312204216621
"104",1994,104,0.0278913893814345
"105",1994,105,0.0285992234484265
"106",1994,106,0.0352239228141615
"107",1994,107,0.0368373048572906
"108",1994,108,0.0377341285863919
"109",1994,109,0.0331649499696058
"110",1994,110,0.0325957492361751
"111",1994,111,0.032668537729851
"112",1994,112,0.214697610964815
"113",1994,113,0.0372231524963233
"114",1994,114,0.0359010589517686
"115",1994,115,0.194403569785323
"116",1994,116,0.120873470192925
"117",1994,117,0.106192420293564
"118",1994,118,0.12421516217752
"119",1994,119,0.137309395440522
"120",1994,120,0.170420184998706
"121",1994,121,0.18696032459358
"122",1994,122,0.197845401450777
"123",1994,123,0.195148123348794
"124",1994,124,0.183136068596387
"125",1994,125,0.07917788621667
"126",1994,126,0.242773925575494
"127",1994,127,0.222479406538615
"128",1994,128,0.229490623226264
"129",1994,129,0.0907714521229671
"130",1994,130,0.0971761544749471
"131",1994,131,0.101583150761738
"132",1994,132,0.10424864248913
"133",1994,133,0.28287549635403
"134",1994,134,0.238583159023597
"135",1994,135,0.264815513536835
"136",1994,136,0.247530065097354
"137",1994,137,0.102457570604968
"138",1994,138,0.0972547645722025
"139",1994,139,0.309381241065603
"140",1994,140,0.257620759567983
"141",1994,141,0.0867248142172106
"142",1994,142,0.0850834585710915
"143",1994,143,0.0739904529380827
"144",1994,144,0.0633915718961794
"145",1994,145,0.0606471588195027
"146",1994,146,0.0585742641911974
"147",1994,147,0.0521357231700226
"148",1994,148,0.0516329879037381
"149",1994,149,0.0516327886471032
"150",1994,150,0.0487601086241837
"151",1994,151,0.293744064106883
"152",1994,152,0.336825609599782
"153",1994,153,0.314052552059778
"154",1994,154,0.296426349160725
"155",1994,155,0.0633437612197559
"156",1994,156,0.0424426236842858
"157",1994,157,0.0370388219476136
"158",1994,158,0.0331977029476898
"159",1994,159,0.253582300145294
"160",1994,160,0.162551320739206
"161",1994,161,0.0289958611692393
"162",1994,162,0.0297240361065156
"163",1994,163,0.0299067523396709
"164",1994,164,0.0302637466283407
"165",1994,165,0.0262353945810806
"166",1994,166,0.0198381802124255
"167",1994,167,0.0149931917714858
"168",1994,168,0.0124481652181591
"169",1994,169,0.0115701387997291
"170",1994,170,0.0115036331378226
"171",1994,171,0.00976796874601629
"172",1994,172,0.00901225812775109
"173",1994,173,0.195751972694597
"174",1994,174,0.0113388068036725
"175",1994,175,0.0114353704580755
"176",1994,176,0.0104378244900506
"177",1994,177,0.00791356450620753
"178",1994,178,0.00617939883206419
"179",1994,179,0.0054668204517374
"180",1994,180,0.00559619791084418
"181",1994,181,0.00547779721628058
"182",1994,182,0.00542332224441054
"183",1994,183,0.00523548929175997
"184",1994,184,0.00496878981728408
"185",1994,185,0.00481930757229334
"186",1994,186,0.00467816651035529
"187",1994,187,0.369577174396881
"188",1994,188,0.335040868187839
"189",1994,189,0.326541368024528
"190",1994,190,0.359360839569635
"191",1994,191,0.371189589084576
"192",1994,192,0.176170199467396
"193",1994,193,0.374298557467049
"194",1994,194,0.357280085806601
"195",1994,195,0.361869497091569
"196",1994,196,0.36968662381112
"197",1994,197,0.365924143398863
"198",1994,198,0.380433540001607
"199",1994,199,0.374479108097903
"200",1994,200,0.346253158255169
"201",1994,201,0.19600947058159
"202",1994,202,0.144645632895299
"203",1994,203,0.150466455768692
"204",1994,204,0.115843514737715
"205",1994,205,0.0797549415683716
"206",1994,206,0.289455852367859
"207",1994,207,0.136797566889341
"208",1994,208,0.0114264579457488
"209",1994,209,0.0117174082462354
"210",1994,210,0.0116763178069958
"211",1994,211,0.0113094562411184
"212",1994,212,0.0108200323800936
"213",1994,213,0.00969969739979457
"214",1994,214,0.00648151903144043
"215",1994,215,0.00617068054468387
"216",1994,216,0.00591677218854565
"217",1994,217,0.00628348182155201
"218",1994,218,0.00535089909370603
"219",1994,219,0.00469109562032672
"220",1994,220,0.257190475061067
"221",1994,221,0.123814729227346
"222",1994,222,0.00438501058620986
"223",1994,223,0.00417767122943578
"224",1994,224,0.319473016846449
"225",1994,225,0.202560192116504
"226",1994,226,0.0830539742163106
"227",1994,227,0.00663003977674967
"228",1994,228,0.00631504826628206
"229",1994,229,0.00568354761332903
"230",1994,230,0.00543314366747651
"231",1994,231,0.00512942344895509
"232",1994,232,0.00379701851372768
"233",1994,233,0.00237042386813296
"234",1994,234,0.00225335879063185
"235",1994,235,0.00217015067981758
"236",1994,236,0.00170819445700218
"237",1994,237,0.00161317248995554
"238",1994,238,0.00156252242860888
"239",1994,239,0.00156691544309741
"240",1994,240,0.00152844339940132
"241",1994,241,0.00148664372545418
"242",1994,242,0.00145298761969629
"243",1994,243,0.140697319293835
"244",1994,244,0.00554170106759639
"245",1994,245,0.00564089853576313
"246",1994,246,0.00529206539630411
"247",1994,247,0.00469529452628433
"248",1994,248,0.00425916530480609
"249",1994,249,0.00413454741062886
"250",1994,250,0.00395943346474588
"251",1994,251,0.00385051424212378
"252",1994,252,0.0037122872633697
"253",1994,253,0.00342118803577933
"254",1994,254,0.00288606950674463
"255",1994,255,0.00101406528924444
"256",1994,256,0.000794831955678173
"257",1994,257,0.000600776568897505
"258",1994,258,0.174124226916484
"259",1994,259,0.134616561842878
"260",1994,260,0.114820582165763
"261",1994,261,0.00873173077222724
"262",1994,262,0.0065953624180554
"263",1994,263,0.00540338504681665
"264",1994,264,0.139265744966584
"265",1994,265,0.101450094954101
"266",1994,266,0.0989991345333318
"267",1994,267,0.0043185243576824
"268",1994,268,0.00385005708491034
"269",1994,269,0.00358814826594365
"270",1994,270,0.00327106437733048
"271",1994,271,0.00311701147607001
"272",1994,272,0.00280133004349157
"273",1994,273,0.00257805388793964
"274",1994,274,0.126229815869621
"275",1994,275,0.092136791487278
"276",1994,276,0.120857303381317
"277",1994,277,0.121486625948216
"278",1994,278,0.111478095982468
"279",1994,279,0.122613639330486
"280",1994,280,0.0930130750812699
"281",1994,281,0.0912457307802717
"282",1994,282,0.096245789941294
"283",1994,283,0.0969540174283755
"284",1994,284,0.0975121859589403
"285",1994,285,0.0857695626201731
"286",1994,286,0.0784673732090703
"287",1994,287,0.0857665625109753
"288",1994,288,0.101918030505591
"289",1994,289,0.090114129265496
"290",1994,290,0.0867301211736147
"291",1994,291,0.0915837863022717
"292",1994,292,0.0690977755282442
"293",1994,293,0.0694098700810205
"294",1994,294,0.0677715017607216
"295",1994,295,0.0604700351410881
"296",1994,296,0.0574477416551678
"297",1994,297,0.0531789853606325
"298",1994,298,0.0554230574196989
"299",1994,299,0.0586984307636724
"300",1994,300,0.0631560062358548
"301",1994,301,0.0576526914303042
"302",1994,302,0.0466078422318289
"303",1994,303,0.042464032327513
"304",1994,304,0.0434780548712129
"305",1994,305,0.0536010663732328
"306",1994,306,0.0649434066970549
"307",1994,307,0.038855164734833
"308",1994,308,0.0354664762861099
"309",1994,309,0.0484519589764326
"310",1994,310,0.0537542475575685
"311",1994,311,0.0440482510382886
"312",1994,312,0.0443363935357799
"313",1994,313,0.0469148872405331
"314",1994,314,0.0404995670234226
"315",1994,315,0.0401347983347018
"316",1994,316,0.0386270266011371
"317",1994,317,0.0327443050282062
"318",1994,318,0.0264480836749293
"319",1994,319,0.0272936161455889
"320",1994,320,0.0333473505789325
"321",1994,321,0.0324638790939365
"322",1994,322,0.0227450574737685
"323",1994,323,0.0252299859699033
"324",1994,324,0.0280685798096568
"325",1994,325,0.0262914145983519
"326",1994,326,0.0218434662659631
"327",1994,327,0.0300277926734781
"328",1994,328,0.032957662479378
"329",1994,329,0.0310891810064222
"330",1994,330,0.0310149894554778
"331",1994,331,0.0108427110036606
"332",1994,332,0.0162685371661135
"333",1994,333,0.0168313822241174
"334",1994,334,0.024831997117134
"335",1994,335,0.0299463654264992
"336",1994,336,0.0269784155684909
"337",1994,337,0.0257940525458832
"338",1994,338,0.0160777390238879
"339",1994,339,0.012553091814741
"340",1994,340,0.0130627708351515
"341",1994,341,0.0149571498711616
"342",1994,342,0.013938438705942
"343",1994,343,0.0137146872554437
"344",1994,344,0.0127953007190104
"345",1994,345,0.0136011733287897
"346",1994,346,0.0144164717920395
"347",1994,347,0.0151339919372992
"348",1994,348,0.0147690558956357
"349",1994,349,0.0137042493492239
"350",1994,350,0.0158433717577031
"351",1994,351,0.0195366608926759
"352",1994,352,0.0213724633687535
"353",1994,353,0.0228960314879531
"354",1994,354,0.0210147525325922
"355",1994,355,0.0266592731661222
"356",1994,356,0.0226998188672645
"357",1994,357,0.0221549848740512
"358",1994,358,0.0284178635067112
"359",1994,359,0.0296272510121348
"360",1994,360,0.0283187306416115
"361",1994,361,0.0289162961665389
"362",1994,362,0.0272179420641003
"363",1994,363,0.0239708519624822
"364",1994,364,0.0183084669052922
"365",1994,365,0.0119963247682069
"366",1994,366,0.0297712281742795
"367",1995,1,0.0131319962081695
"368",1995,2,0.0144219180673385
"369",1995,3,0.0118298179968019
"370",1995,4,0.0114157827863328
"371",1995,5,0.0172165704319893
"372",1995,6,0.0165725338820672
"373",1995,7,0.0203075149057599
"374",1995,8,0.0270488543071869
"375",1995,9,0.0374711819170934
"376",1995,10,0.0386408514952016
"377",1995,11,0.0369239996587305
"378",1995,12,0.0336715386466106
"379",1995,13,0.0338050066328974
"380",1995,14,0.0377813295533022
"381",1995,15,0.0382600315555047
"382",1995,16,0.0285738936838065
"383",1995,17,0.0259586899931754
"384",1995,18,0.0258857933796539
"385",1995,19,0.0170864537833675
"386",1995,20,0.0222644800768678
"387",1995,21,0.018252673902159
"388",1995,22,0.0135980490973392
"389",1995,23,0.00691073773013174
"390",1995,24,0.00512897392452482
"391",1995,25,0.00466557219181333
"392",1995,26,0.00425229876254904
"393",1995,27,0.00348314320127783
"394",1995,28,0.039527720524681
"395",1995,29,0.0375020965652424
"396",1995,30,0.0453053694744628
"397",1995,31,0.0534498755156467
"398",1995,32,0.0602730249325679
"399",1995,33,0.0549220074761546
"400",1995,34,0.0401195073347546
"401",1995,35,0.0437414782309656
"402",1995,36,0.0395114109065177
"403",1995,37,0.0376384296438411
"404",1995,38,0.0325564327063377
"405",1995,39,0.0228735286338287
"406",1995,40,0.00603278459138784
"407",1995,41,0.00323085031904058
"408",1995,42,0.00188443952031327
"409",1995,43,0.00165240039262248
"410",1995,44,0.026129005399563
"411",1995,45,0.029695616606041
"412",1995,46,0.0314927826306989
"413",1995,47,0.0513833650573475
"414",1995,48,0.0698793192278563
"415",1995,49,0.0854463529497056
"416",1995,50,0.078122496244987
"417",1995,51,0.0904374324213812
"418",1995,52,0.0935374187628227
"419",1995,53,0.0855497352054737
"420",1995,54,0.0824629568930337
"421",1995,55,0.0380903007277541
"422",1995,56,0.079138008619709
"423",1995,57,0.0661744535115702
"424",1995,58,0.0612438669775537
"425",1995,59,0.0426205146427744
"426",1995,60,0.0396933577001392
"427",1995,61,0.0498690595723731
"428",1995,62,0.0658939732623577
"429",1995,63,0.0609461975094445
"430",1995,64,0.0484993292408226
"431",1995,65,0.0451759516722831
"432",1995,66,0.04804766458311
"433",1995,67,0.0727472581034491
"434",1995,68,0.104803351323476
"435",1995,69,0.1274480370811
"436",1995,70,0.0422027325907604
"437",1995,71,0.111640205015738
"438",1995,72,0.0866828025603472
"439",1995,73,0.0928368474338215
"440",1995,74,0.10578698676883
"441",1995,75,0.0986277607686551
"442",1995,76,0.11569044879217
"443",1995,77,0.100844181030507
"444",1995,78,0.105515612314741
"445",1995,79,0.103832671448846
"446",1995,80,0.122569420030976
"447",1995,81,0.136667221286042
"448",1995,82,0.100398873876042
"449",1995,83,0.106905220275687
"450",1995,84,0.0889783143688226
"451",1995,85,0.0197179947517592
"452",1995,86,0.017926337974999
"453",1995,87,0.0163843146316738
"454",1995,88,0.0168699142883352
"455",1995,89,0.017911298920654
"456",1995,90,0.0211041031555543
"457",1995,91,0.0241579811717783
"458",1995,92,0.0254655845449117
"459",1995,93,0.0244965662197298
"460",1995,94,0.0274771579391081
"461",1995,95,0.0554227316652428
"462",1995,96,0.0315328325097882
"463",1995,97,0.0325779623793879
"464",1995,98,0.165033401557242
"465",1995,99,0.0623850288951958
"466",1995,100,0.0246274655074951
"467",1995,101,0.111328469024785
"468",1995,102,0.140720515909904
"469",1995,103,0.136267912350908
"470",1995,104,0.0360250187593624
"471",1995,105,0.0315320059754235
"472",1995,106,0.157148218081902
"473",1995,107,0.152276589342927
"474",1995,108,0.157401426910447
"475",1995,109,0.127791270654911
"476",1995,110,0.143461487005904
"477",1995,111,0.166893908103725
"478",1995,112,0.173990995210089
"479",1995,113,0.152427601741944
"480",1995,114,0.156580322533321
"481",1995,115,0.181274531338893
"482",1995,116,0.167195329870124
"483",1995,117,0.153358114466577
"484",1995,118,0.186538453382137
"485",1995,119,0.176628933346827
"486",1995,120,0.176195202589924
"487",1995,121,0.190394440399384
"488",1995,122,0.185418841392142
"489",1995,123,0.186870938864242
"490",1995,124,0.193025119168592
"491",1995,125,0.203002479695984
"492",1995,126,0.241743751390492
"493",1995,127,0.209985443251936
"494",1995,128,0.225435131494582
"495",1995,129,0.220003957750318
"496",1995,130,0.214198767650011
"497",1995,131,0.232580482926996
"498",1995,132,0.228819185150665
"499",1995,133,0.217243224971928
"500",1995,134,0.227101725666711
"501",1995,135,0.252230647025087
"502",1995,136,0.251807106800364
"503",1995,137,0.231386270374713
"504",1995,138,0.247645900622535
"505",1995,139,0.270132219947873
"506",1995,140,0.276101316321899
"507",1995,141,0.262764376628817
"508",1995,142,0.253999855957717
"509",1995,143,0.236823290672013
"510",1995,144,0.245638897989138
"511",1995,145,0.258084512825624
"512",1995,146,0.247009821521816
"513",1995,147,0.26444066227945
"514",1995,148,0.253670747920502
"515",1995,149,0.258989264095123
"516",1995,150,0.264709336759457
"517",1995,151,0.278114251982916
"518",1995,152,0.287626015962662
"519",1995,153,0.155896615829726
"520",1995,154,0.150867952842329
"521",1995,155,0.316963194052896
"522",1995,156,0.350120222366169
"523",1995,157,0.308059775849945
"524",1995,158,0.28325243573512
"525",1995,159,0.275038168215319
"526",1995,160,0.258234304327733
"527",1995,161,0.287149738570141
"528",1995,162,0.2966784334431
"529",1995,163,0.331866754705065
"530",1995,164,0.352951041152573
"531",1995,165,0.370606067848688
"532",1995,166,0.228072318610566
"533",1995,167,0.215620777192314
"534",1995,168,0.380915410774955
"535",1995,169,0.361115844953476
"536",1995,170,0.350981721787445
"537",1995,171,0.386881751863453
"538",1995,172,0.384824578287663
"539",1995,173,0.370048921059564
"540",1995,174,0.330237856098619
"541",1995,175,0.35194470136768
"542",1995,176,0.33003016682703
"543",1995,177,0.348458982088864
"544",1995,178,0.378566461242065
"545",1995,179,0.328070969137844
"546",1995,180,0.294189372384674
"547",1995,181,0.300466179813795
"548",1995,182,0.325381126160025
"549",1995,183,0.338298719353019
"550",1995,184,0.367006154982592
"551",1995,185,0.32625181080566
"552",1995,186,0.322528699063949
"553",1995,187,0.180728815661193
"554",1995,188,0.189328786725823
"555",1995,189,0.191012233480467
"556",1995,190,0.198202530544327
"557",1995,191,0.190311914931391
"558",1995,192,0.190887460132911
"559",1995,193,0.188498944124545
"560",1995,194,0.181021028474853
"561",1995,195,0.162700905437123
"562",1995,196,0.164576795500529
"563",1995,197,0.16139063775078
"564",1995,198,0.365728363339707
"565",1995,199,0.339125988551761
"566",1995,200,0.16825954126672
"567",1995,201,0.167576531467091
"568",1995,202,0.170566963790666
"569",1995,203,0.368663090818965
"570",1995,204,0.335896927165819
"571",1995,205,0.326437544273905
"572",1995,206,0.171335395479472
"573",1995,207,0.179703187780728
"574",1995,208,0.180398804809843
"575",1995,209,0.183278067389276
"576",1995,210,0.189551745028827
"577",1995,211,0.168470725333281
"578",1995,212,0.337616019868119
"579",1995,213,0.30385191830953
"580",1995,214,0.15739367650252
"581",1995,215,0.134244839102104
"582",1995,216,0.115897631386029
"583",1995,217,0.0966656034833834
"584",1995,218,0.0953989762657487
"585",1995,219,0.077999943768577
"586",1995,220,0.0711484168096592
"587",1995,221,0.0599463485222629
"588",1995,222,0.0613085659225985
"589",1995,223,0.0544548280983544
"590",1995,224,0.0360631942936883
"591",1995,225,0.0333089668555077
"592",1995,226,0.0300469541098213
"593",1995,227,0.0302215933932853
"594",1995,228,0.0306867389157002
"595",1995,229,0.0302422397648492
"596",1995,230,0.0257016742252457
"597",1995,231,0.0233607689541296
"598",1995,232,0.0230059562395143
"599",1995,233,0.0230205259542914
"600",1995,234,0.022578441690386
"601",1995,235,0.0212294222141575
"602",1995,236,0.0199356680930339
"603",1995,237,0.0138698000200639
"604",1995,238,0.00930805754141426
"605",1995,239,0.00912151077280481
"606",1995,240,0.00877521240340733
"607",1995,241,0.00850658294259367
"608",1995,242,0.00786492368363413
"609",1995,243,0.00709856855824539
"610",1995,244,0.00677794069025831
"611",1995,245,0.00665674835860501
"612",1995,246,0.0064543321410641
"613",1995,247,0.00623097699354711
"614",1995,248,0.13464738560725
"615",1995,249,0.00544741105765341
"616",1995,250,0.00471115158001447
"617",1995,251,0.00469218251354595
"618",1995,252,0.00459295674267445
"619",1995,253,0.0046417366742071
"620",1995,254,0.0040796762592322
"621",1995,255,0.00404512063821475
"622",1995,256,0.00392092190684784
"623",1995,257,0.00389592068952145
"624",1995,258,0.206145498092524
"625",1995,259,0.14598548143042
"626",1995,260,0.118285767795249
"627",1995,261,0.190565526232314
"628",1995,262,0.1585273485939
"629",1995,263,0.134891221727763
"630",1995,264,0.107798072945631
"631",1995,265,0.12239008028222
"632",1995,266,0.133724529484905
"633",1995,267,0.126952046496567
"634",1995,268,0.136105954648461
"635",1995,269,0.138234483136641
"636",1995,270,0.143475961312367
"637",1995,271,0.13248572642041
"638",1995,272,0.158671441222954
"639",1995,273,0.1446744994163
"640",1995,274,0.117406877256733
"641",1995,275,0.102829715399757
"642",1995,276,0.106556619990571
"643",1995,277,0.123714987489332
"644",1995,278,0.110091446212349
"645",1995,279,0.088693843906929
"646",1995,280,0.090347546175745
"647",1995,281,0.0937687251088824
"648",1995,282,0.0920862685741454
"649",1995,283,0.0950246882493195
"650",1995,284,0.107626154485447
"651",1995,285,0.0997839104457272
"652",1995,286,0.0744824616003958
"653",1995,287,0.0754675149127739
"654",1995,288,0.0874295936375715
"655",1995,289,0.0799156637911348
"656",1995,290,0.0324500436744191
"657",1995,291,0.0233998413229262
"658",1995,292,0.0174006406602996
"659",1995,293,0.0166719138101036
"660",1995,294,0.0169020090452972
"661",1995,295,0.0778160801422944
"662",1995,296,0.0450605775688224
"663",1995,297,0.0446920228464903
"664",1995,298,0.0492906320492663
"665",1995,299,0.0777702258483655
"666",1995,300,0.0498694068703801
"667",1995,301,0.0460334481770173
"668",1995,302,0.0421373942854824
"669",1995,303,0.0498075261471527
"670",1995,304,0.0417129201371551
"671",1995,305,0.0333585224020452
"672",1995,306,0.023497133597865
"673",1995,307,0.0269823936147136
"674",1995,308,0.0322692522024022
"675",1995,309,0.0448141575457623
"676",1995,310,0.0445156333971841
"677",1995,311,0.0381030865086145
"678",1995,312,0.0475788610582315
"679",1995,313,0.0540374140139967
"680",1995,314,0.0352136759040715
"681",1995,315,0.0351898172814532
"682",1995,316,0.0511615980052659
"683",1995,317,0.0489343833538796
"684",1995,318,0.0490629110625847
"685",1995,319,0.0471041363295757
"686",1995,320,0.0473688714762899
"687",1995,321,0.0437516518676765
"688",1995,322,0.0362076851877128
"689",1995,323,0.029067414532107
"690",1995,324,0.0257835738648329
"691",1995,325,0.0275860691628206
"692",1995,326,0.0296337036570502
"693",1995,327,0.0298691887631971
"694",1995,328,0.0336736882379757
"695",1995,329,0.0317794644533848
"696",1995,330,0.0486691306373286
"697",1995,331,0.0179161915857263
"698",1995,332,0.0189898775619614
"699",1995,333,0.02741687061161
"700",1995,334,0.0314246354947405
"701",1995,335,0.0295894069770733
"702",1995,336,0.0264266100742166
"703",1995,337,0.0192191728654164
"704",1995,338,0.0243078746074014
"705",1995,339,0.0158186854503364
"706",1995,340,0.0190636490449955
"707",1995,341,0.0183212024241107
"708",1995,342,0.0118787726561417
"709",1995,343,0.0115498414150643
"710",1995,344,0.0185384877487098
"711",1995,345,0.028441281616998
"712",1995,346,0.0316527014294188
"713",1995,347,0.0296045227408564
"714",1995,348,0.0210572021726982
"715",1995,349,0.0204591223049258
"716",1995,350,0.0172351252744319
"717",1995,351,0.0146916092816773
"718",1995,352,0.0119467317667988
"719",1995,353,0.0127689803022152
"720",1995,354,0.0129609537741087
"721",1995,355,0.0176896414975116
"722",1995,356,0.0148883995014596
"723",1995,357,0.0144249085896064
"724",1995,358,0.0192187680115716
"725",1995,359,0.00388307292698038
"726",1995,360,0.0173349906675767
"727",1995,361,0.0144315149697752
"728",1995,362,0.0145722819568557
"729",1995,363,0.0150436786981484
"730",1995,364,0.0177760121717097
"731",1995,365,0.0164214286859982
"732",1996,1,0.0143734155211529
"733",1996,2,0.0118026231399054
"734",1996,3,0.0177903658174056
"735",1996,4,0.0167622320617286
"736",1996,5,0.0107867858103525
"737",1996,6,0.011823021920374
"738",1996,7,0.0198548155274946
"739",1996,8,0.0331228210385249
"740",1996,9,0.0300781391855623
"741",1996,10,0.0314588897854085
"742",1996,11,0.0312549326608497
"743",1996,12,0.0383334923048146
"744",1996,13,0.0338310790715501
"745",1996,14,0.0246352003650097
"746",1996,15,0.0191999150738392
"747",1996,16,0.00675205839908769
"748",1996,17,0.0180456283313563
"749",1996,18,0.0122436474724432
"750",1996,19,0.0184182998888625
"751",1996,20,0.0241779608579858
"752",1996,21,0.033533560447059
"753",1996,22,0.0236801933636242
"754",1996,23,0.0220896238034649
"755",1996,24,0.0224276814968325
"756",1996,25,0.0205315342123889
"757",1996,26,0.0188609617770259
"758",1996,27,0.0225544692620864
"759",1996,28,0.0178539451752477
"760",1996,29,0.012414433725323
"761",1996,30,0.0124555775490235
"762",1996,31,0.0118730708960574
"763",1996,32,0.0130373508999434
"764",1996,33,0.00902370202399296
"765",1996,34,0.0132676953121353
"766",1996,35,0.0282468324559472
"767",1996,36,0.0479870618355681
"768",1996,37,0.0596729517697223
"769",1996,38,0.0700486379854795
"770",1996,39,0.0686539994412562
"771",1996,40,0.0761448234682863
"772",1996,41,0.0457688747342495
"773",1996,42,0.00411865632809266
"774",1996,43,0.00415499340965314
"775",1996,44,0.00411639528467179
"776",1996,45,0.00363866634951956
"777",1996,46,0.00277239276459616
"778",1996,47,0.00362505766710868
"779",1996,48,0.00360665299859591
"780",1996,49,0.00396442869816057
"781",1996,50,0.00432465309917712
"782",1996,51,0.00409927760493253
"783",1996,52,0.00447565035178494
"784",1996,53,0.0892940467605589
"785",1996,54,0.0493622809088124
"786",1996,55,0.0628017317635452
"787",1996,56,0.0485988768322369
"788",1996,57,0.041597195154711
"789",1996,58,0.0309342485089417
"790",1996,59,0.0268284404876959
"791",1996,60,0.0371821251869849
"792",1996,61,0.0641018195802305
"793",1996,62,0.069987266637491
"794",1996,63,0.0779201354722384
"795",1996,64,0.074211615474036
"796",1996,65,0.0505929499860083
"797",1996,66,0.0413621802786997
"798",1996,67,0.0399981609907282
"799",1996,68,0.0505687335444066
"800",1996,69,0.090981039246244
"801",1996,70,0.116208142214946
"802",1996,71,0.0902333326524102
"803",1996,72,0.0796908554468641
"804",1996,73,0.106971719561004
"805",1996,74,0.0886102215754231
"806",1996,75,0.09408466555762
"807",1996,76,0.0794452061919477
"808",1996,77,0.101986603836122
"809",1996,78,0.0985254196788224
"810",1996,79,0.0965089987996551
"811",1996,80,0.0950377486029699
"812",1996,81,0.0184361873981523
"813",1996,82,0.0190719948441516
"814",1996,83,0.103345094310783
"815",1996,84,0.0590921586848857
"816",1996,85,0.0564636922134837
"817",1996,86,0.0840885727049693
"818",1996,87,0.105299646557189
"819",1996,88,0.100916119712314
"820",1996,89,0.107341494173083
"821",1996,90,0.131168560353975
"822",1996,91,0.137323282665046
"823",1996,92,0.0272957613749827
"824",1996,93,0.0288436419803734
"825",1996,94,0.0257670827608616
"826",1996,95,0.0223180754427565
"827",1996,96,0.0243193851713572
"828",1996,97,0.0293222052682923
"829",1996,98,0.0327024072282722
"830",1996,99,0.185704033234278
"831",1996,100,0.0542096915344624
"832",1996,101,0.0440407926304242
"833",1996,102,0.166697973571739
"834",1996,103,0.142830080010543
"835",1996,104,0.147729149015846
"836",1996,105,0.139080637451541
"837",1996,106,0.149106728584998
"838",1996,107,0.170717140400995
"839",1996,108,0.177479960462746
"840",1996,109,0.15804459373318
"841",1996,110,0.166308293110145
"842",1996,111,0.147384603234816
"843",1996,112,0.170390779010543
"844",1996,113,0.171283275923372
"845",1996,114,0.171773746194351
"846",1996,115,0.2024310122827
"847",1996,116,0.179598297897817
"848",1996,117,0.175836839888149
"849",1996,118,0.167165311254899
"850",1996,119,0.143726097836554
"851",1996,120,0.147988410788296
"852",1996,121,0.0658839205180387
"853",1996,122,0.067307155829068
"854",1996,123,0.069411704142297
"855",1996,124,0.0733486561311182
"856",1996,125,0.073314617673598
"857",1996,126,0.0713660709193831
"858",1996,127,0.0800604771712543
"859",1996,128,0.0989555350411194
"860",1996,129,0.239110569208775
"861",1996,130,0.216247583651473
"862",1996,131,0.185936359937062
"863",1996,132,0.218976626265783
"864",1996,133,0.228525109148987
"865",1996,134,0.244391125940569
"866",1996,135,0.121038739363523
"867",1996,136,0.300930366277633
"868",1996,137,0.281853669022476
"869",1996,138,0.121480241853766
"870",1996,139,0.117887577143156
"871",1996,140,0.112097576476748
"872",1996,141,0.104557793856516
"873",1996,142,0.108604323318703
"874",1996,143,0.117794098049391
"875",1996,144,0.271576188110271
"876",1996,145,0.260461215005064
"877",1996,146,0.254535277655329
"878",1996,147,0.254793300481943
"879",1996,148,0.244656831712331
"880",1996,149,0.24884184859473
"881",1996,150,0.26922376275025
"882",1996,151,0.313514539214451
"883",1996,152,0.303340174353835
"884",1996,153,0.281742228195115
"885",1996,154,0.284464537123147
"886",1996,155,0.300769793693804
"887",1996,156,0.35116592894708
"888",1996,157,0.322371997253607
"889",1996,158,0.323179121465983
"890",1996,159,0.301057360389633
"891",1996,160,0.333251941327799
"892",1996,161,0.354050773544968
"893",1996,162,0.347338483306417
"894",1996,163,0.199320425291938
"895",1996,164,0.190934338258493
"896",1996,165,0.202098097590154
"897",1996,166,0.20365606224901
"898",1996,167,0.191969591652143
"899",1996,168,0.197840389434099
"900",1996,169,0.203099220860193
"901",1996,170,0.196042280717976
"902",1996,171,0.186673350411836
"903",1996,172,0.187508443791285
"904",1996,173,0.188041019163043
"905",1996,174,0.380919128357487
"906",1996,175,0.34255637432636
"907",1996,176,0.373017332732919
"908",1996,177,0.376103392494957
"909",1996,178,0.27607175683798
"910",1996,179,0.203022902245495
"911",1996,180,0.192477443024876
"912",1996,181,0.181835432561775
"913",1996,182,0.189958670306023
"914",1996,183,0.193012050685713
"915",1996,184,0.19390550537623
"916",1996,185,0.202966134714488
"917",1996,186,0.200480415665217
"918",1996,187,0.200163116105633
"919",1996,188,0.185697776117365
"920",1996,189,0.176102201415674
"921",1996,190,0.165900503607261
"922",1996,191,0.160194975168624
"923",1996,192,0.168749571734987
"924",1996,193,0.161485874742271
"925",1996,194,0.150724870296354
"926",1996,195,0.366588886322786
"927",1996,196,0.323537281438118
"928",1996,197,0.319390618206815
"929",1996,198,0.154352360858708
"930",1996,199,0.129016077247158
"931",1996,200,0.111522249797549
"932",1996,201,0.095821590815234
"933",1996,202,0.0837619490310468
"934",1996,203,0.0658955889535963
"935",1996,204,0.0610952733006724
"936",1996,205,0.0569606263560744
"937",1996,206,0.0540781516671491
"938",1996,207,0.0510029260507196
"939",1996,208,0.0336593628310896
"940",1996,209,0.0331416773566922
"941",1996,210,0.257155732682898
"942",1996,211,0.122754064564335
"943",1996,212,0.0334839309080814
"944",1996,213,0.320981387506954
"945",1996,214,0.223602163942142
"946",1996,215,0.0738786211539423
"947",1996,216,0.0349799743680366
"948",1996,217,0.0309457352755862
"949",1996,218,0.0279759700054342
"950",1996,219,0.0259522447142284
"951",1996,220,0.0243965381337073
"952",1996,221,0.0241839132274058
"953",1996,222,0.0160635759744137
"954",1996,223,0.0133436050531489
"955",1996,224,0.0135617822287869
"956",1996,225,0.013156518321872
"957",1996,226,0.00962972266465917
"958",1996,227,0.00914045427747113
"959",1996,228,0.327563731393407
"960",1996,229,0.238329739850485
"961",1996,230,0.16411461027206
"962",1996,231,0.0107689185933996
"963",1996,232,0.00999420091016527
"964",1996,233,0.00979982459005383
"965",1996,234,0.00929773297493138
"966",1996,235,0.00740198901451734
"967",1996,236,0.00626979663809725
"968",1996,237,0.00604501492286509
"969",1996,238,0.0058315098339448
"970",1996,239,0.00561742641556593
"971",1996,240,0.00542226237116922
"972",1996,241,0.00523218607977812
"973",1996,242,0.00503245805765781
"974",1996,243,0.00483739301119287
"975",1996,244,0.00470688942152955
"976",1996,245,0.00454548563853654
"977",1996,246,0.00436887530427135
"978",1996,247,0.00388688236408087
"979",1996,248,0.00363196956729143
"980",1996,249,0.00353559181881781
"981",1996,250,0.204743136942638
"982",1996,251,0.147116685899698
"983",1996,252,0.118492954558465
"984",1996,253,0.00550666850266768
"985",1996,254,0.00530317308967591
"986",1996,255,0.00497831613152077
"987",1996,256,0.00308652723711769
"988",1996,257,0.00271954336732363
"989",1996,258,0.00262690227928272
"990",1996,259,0.00245918390632134
"991",1996,260,0.00243756690692266
"992",1996,261,0.157746259926274
"993",1996,262,0.15712132284494
"994",1996,263,0.121984329378195
"995",1996,264,0.11238311496295
"996",1996,265,0.0976908818930955
"997",1996,266,0.0754088417165983
"998",1996,267,0.00417205085667274
"999",1996,268,0.00377479562101333
"1000",1996,269,0.134682586272834
"1001",1996,270,0.0969137311975185
"1002",1996,271,0.0988665353003169
"1003",1996,272,0.11905613853755
"1004",1996,273,0.112491489246259
"1005",1996,274,0.102805866762096
"1006",1996,275,0.0754691897172991
"1007",1996,276,0.00314475250069082
"1008",1996,277,0.00320870091088999
"1009",1996,278,0.0033631740880736
"1010",1996,279,0.00274153956919648
"1011",1996,280,0.0021517393734426
"1012",1996,281,0.00189414540732345
"1013",1996,282,0.00177062527461676
"1014",1996,283,0.00161192638945222
"1015",1996,284,0.00170568975395869
"1016",1996,285,0.00171850648086994
"1017",1996,286,0.00162603362067696
"1018",1996,287,0.000325277021908547
"1019",1996,288,0.000294359466188727
"1020",1996,289,0.000270327230630126
"1021",1996,290,0.0908844264305592
"1022",1996,291,0.065302699205932
"1023",1996,292,0.0767604277031585
"1024",1996,293,0.0926972003303535
"1025",1996,294,0.0771756941775722
"1026",1996,295,0.0482309653426991
"1027",1996,296,0.0541471103593904
"1028",1996,297,0.0556939428068845
"1029",1996,298,0.0519722752187556
"1030",1996,299,0.0771843674780172
"1031",1996,300,0.0691012110738271
"1032",1996,301,0.0379464930299016
"1033",1996,302,0.0464979822526777
"1034",1996,303,0.066525348234845
"1035",1996,304,0.032186618305695
"1036",1996,305,0.0327017544051115
"1037",1996,306,0.0394442713989348
"1038",1996,307,0.043017983384503
"1039",1996,308,0.0438745921738936
"1040",1996,309,0.0412817211460543
"1041",1996,310,0.0605451761004026
"1042",1996,311,0.0304658396931112
"1043",1996,312,0.0311357533624222
"1044",1996,313,0.0300275331012781
"1045",1996,314,0.0361446147886121
"1046",1996,315,0.0361800483582427
"1047",1996,316,0.0275308175179214
"1048",1996,317,0.032139048826527
"1049",1996,318,0.0253279253389048
"1050",1996,319,0.0249372180688291
"1051",1996,320,0.023586035356043
"1052",1996,321,0.0224116753974497
"1053",1996,322,0.0181822086255887
"1054",1996,323,0.0268565280192437
"1055",1996,324,0.0365543276803765
"1056",1996,325,0.0347927632341806
"1057",1996,326,0.0254300454735996
"1058",1996,327,0.0246054412250377
"1059",1996,328,0.0178751229786592
"1060",1996,329,0.0224318264932435
"1061",1996,330,0.025988901875209
"1062",1996,331,0.0231370041515098
"1063",1996,332,0.0218243938178099
"1064",1996,333,0.0306318120289959
"1065",1996,334,0.0246018622675159
"1066",1996,335,0.0204151119175936
"1067",1996,336,0.02290634373091
"1068",1996,337,0.0221301526493612
"1069",1996,338,0.0185812379551578
"1070",1996,339,0.0191012436743926
"1071",1996,340,0.0210931133254933
"1072",1996,341,0.0206538143099974
"1073",1996,342,0.020422724663418
"1074",1996,343,0.0278368961795786
"1075",1996,344,0.0337249479315643
"1076",1996,345,0.0341266527674842
"1077",1996,346,0.0295676930344355
"1078",1996,347,0.0174681296706554
"1079",1996,348,0.0173464793516674
"1080",1996,349,0.0184182210226644
"1081",1996,350,0.0153985128188826
"1082",1996,351,0.0150487286875823
"1083",1996,352,0.0105431984023594
"1084",1996,353,0.0093262257711052
"1085",1996,354,0.0118391896346092
"1086",1996,355,0.018736427264867
"1087",1996,356,0.017328489364039
"1088",1996,357,0.0117279027681314
"1089",1996,358,0.00852891015452023
"1090",1996,359,0.00985756070966063
"1091",1996,360,0.0108022079351541
"1092",1996,361,0.0121664903429373
"1093",1996,362,0.0205056089047987
"1094",1996,363,0.0222794090570973
"1095",1996,364,0.0230303907904624
"1096",1996,365,0.0342853550076463
"1097",1997,1,0.0369669080595177
"1098",1997,2,0.0394571151788512
"1099",1997,3,0.0368543706469296
"1100",1997,4,0.0267941329106467
"1101",1997,5,0.0177582620494225
"1102",1997,6,0.0176253676558369
"1103",1997,7,0.0211821666843736
"1104",1997,8,0.022268700517224
"1105",1997,9,0.0178132536620192
"1106",1997,10,0.0104233179911263
"1107",1997,11,0.00674872115051473
"1108",1997,12,0.0065786915389305
"1109",1997,13,0.00945017750470357
"1110",1997,14,0.0152493742925381
"1111",1997,15,0.0196101874938658
"1112",1997,16,0.0136188404548668
"1113",1997,17,0.0194929452799251
"1114",1997,18,0.0352820336340961
"1115",1997,19,0.042090901485997
"1116",1997,20,0.042141949811357
"1117",1997,21,0.0416425823982366
"1118",1997,22,0.032689335326099
"1119",1997,23,0.0305545689176031
"1120",1997,24,0.0252278702003722
"1121",1997,25,0.016472850028055
"1122",1997,26,0.0209694640801529
"1123",1997,27,0.0202224088357338
"1124",1997,28,0.0288378276472534
"1125",1997,29,0.0406729879857905
"1126",1997,30,0.0508500808406427
"1127",1997,31,0.0581708767423069
"1128",1997,32,0.0611898649499146
"1129",1997,33,0.0496469282424217
"1130",1997,34,0.0449255223497678
"1131",1997,35,0.0349437118539805
"1132",1997,36,0.0323918453219269
"1133",1997,37,0.0334244970096144
"1134",1997,38,0.0316621557533915
"1135",1997,39,0.0322070300685287
"1136",1997,40,0.0340997084506611
"1137",1997,41,0.0366934135113885
"1138",1997,42,0.0432013984609328
"1139",1997,43,0.0426915486549226
"1140",1997,44,0.0487959892623835
"1141",1997,45,0.0562603288594987
"1142",1997,46,0.0685270741884433
"1143",1997,47,0.0739418415908789
"1144",1997,48,0.0791417421187363
"1145",1997,49,0.0721375086829319
"1146",1997,50,0.0715613261125129
"1147",1997,51,0.0718994674499535
"1148",1997,52,0.0620272979249897
"1149",1997,53,0.0562476859073213
"1150",1997,54,0.047470296223637
"1151",1997,55,0.055778118845772
"1152",1997,56,0.0678356982009564
"1153",1997,57,0.0692961851926605
"1154",1997,58,0.0705827337168106
"1155",1997,59,0.0621387819998044
"1156",1997,60,0.0567260323977638
"1157",1997,61,0.078157653504303
"1158",1997,62,0.075375603019142
"1159",1997,63,0.0632163057015385
"1160",1997,64,0.0709557891061619
"1161",1997,65,0.0847633011209374
"1162",1997,66,0.0968776450643998
"1163",1997,67,0.100532158206274
"1164",1997,68,0.0917564291870365
"1165",1997,69,0.113564201900093
"1166",1997,70,0.073538888060954
"1167",1997,71,0.080502923393062
"1168",1997,72,0.0506407895537505
"1169",1997,73,0.0413240174351083
"1170",1997,74,0.0589630397354375
"1171",1997,75,0.0954597284001986
"1172",1997,76,0.0984510610690404
"1173",1997,77,0.112801438306537
"1174",1997,78,0.0956253562166173
"1175",1997,79,0.0194770530772935
"1176",1997,80,0.0171822798729225
"1177",1997,81,0.0158992632703253
"1178",1997,82,0.0184432754486341
"1179",1997,83,0.116605930335535
"1180",1997,84,0.0588634088730792
"1181",1997,85,0.0258538014729501
"1182",1997,86,0.145630800501659
"1183",1997,87,0.0998440853719523
"1184",1997,88,0.0206717267730133
"1185",1997,89,0.0217090577698739
"1186",1997,90,0.0250652752026748
"1187",1997,91,0.0236333879480993
"1188",1997,92,0.0216775786204255
"1189",1997,93,0.0248429311240819
"1190",1997,94,0.144440976841548
"1191",1997,95,0.0962905786339915
"1192",1997,96,0.0935318827535118
"1193",1997,97,0.0926320122322453
"1194",1997,98,0.0904629561228387
"1195",1997,99,0.0971706490448758
"1196",1997,100,0.0881089087589976
"1197",1997,101,0.0778408826430799
"1198",1997,102,0.0937090292277904
"1199",1997,103,0.118308316739061
"1200",1997,104,0.171826276109817
"1201",1997,105,0.171716205414897
"1202",1997,106,0.188723565950316
"1203",1997,107,0.214714883294047
"1204",1997,108,0.226728633925546
"1205",1997,109,0.179128272893996
"1206",1997,110,0.202743471939854
"1207",1997,111,0.188916245923302
"1208",1997,112,0.160023655402421
"1209",1997,113,0.157884577853929
"1210",1997,114,0.162704405312171
"1211",1997,115,0.167912377944123
"1212",1997,116,0.173643559707091
"1213",1997,117,0.178668715340775
"1214",1997,118,0.200751029378705
"1215",1997,119,0.198368312875199
"1216",1997,120,0.179872370841133
"1217",1997,121,0.19485494118357
"1218",1997,122,0.192157923636705
"1219",1997,123,0.180517723268824
"1220",1997,124,0.209592392806093
"1221",1997,125,0.210233603798144
"1222",1997,126,0.232478898392499
"1223",1997,127,0.227906673588633
"1224",1997,128,0.198075977662332
"1225",1997,129,0.0880875269606695
"1226",1997,130,0.0971780813810202
"1227",1997,131,0.0877559841872454
"1228",1997,132,0.0874413200693593
"1229",1997,133,0.0929193210986607
"1230",1997,134,0.0954688880962784
"1231",1997,135,0.102797925507187
"1232",1997,136,0.116400537636115
"1233",1997,137,0.306095526898023
"1234",1997,138,0.268841444944801
"1235",1997,139,0.219930387729467
"1236",1997,140,0.112955358962511
"1237",1997,141,0.125299766987866
"1238",1997,142,0.30698164501219
"1239",1997,143,0.271989786557467
"1240",1997,144,0.301192229376083
"1241",1997,145,0.28823060690559
"1242",1997,146,0.27547619988719
"1243",1997,147,0.259561130477123
"1244",1997,148,0.258149220680191
"1245",1997,149,0.269541117853103
"1246",1997,150,0.287202960215945
"1247",1997,151,0.31754441358251
"1248",1997,152,0.357831543733329
"1249",1997,153,0.336035132621608
"1250",1997,154,0.308315479659745
"1251",1997,155,0.316621075876314
"1252",1997,156,0.328323233654472
"1253",1997,157,0.329473290286886
"1254",1997,158,0.317153775066051
"1255",1997,159,0.181122208106395
"1256",1997,160,0.178361619629235
"1257",1997,161,0.349742401135189
"1258",1997,162,0.349034106328025
"1259",1997,163,0.313723649295895
"1260",1997,164,0.310575467870182
"1261",1997,165,0.372334785966997
"1262",1997,166,0.354186731667651
"1263",1997,167,0.331198080112429
"1264",1997,168,0.348882321619371
"1265",1997,169,0.356336345733324
"1266",1997,170,0.329184230046902
"1267",1997,171,0.19171640759595
"1268",1997,172,0.197563727674497
"1269",1997,173,0.211143096698538
"1270",1997,174,0.194333437333482
"1271",1997,175,0.365622959106236
"1272",1997,176,0.323252711329879
"1273",1997,177,0.19334613326445
"1274",1997,178,0.198914991285864
"1275",1997,179,0.19436085243112
"1276",1997,180,0.191667575512289
"1277",1997,181,0.188545276030285
"1278",1997,182,0.175861029728723
"1279",1997,183,0.156040427929873
"1280",1997,184,0.33239148875301
"1281",1997,185,0.319687747564684
"1282",1997,186,0.343297354078469
"1283",1997,187,0.310138623595874
"1284",1997,188,0.172238878758325
"1285",1997,189,0.174741679565939
"1286",1997,190,0.179688081421955
"1287",1997,191,0.177257761754579
"1288",1997,192,0.371866027099481
"1289",1997,193,0.364899698439785
"1290",1997,194,0.27886735959116
"1291",1997,195,0.131418321174975
"1292",1997,196,0.129194127694741
"1293",1997,197,0.117774208269
"1294",1997,198,0.093060717150285
"1295",1997,199,0.317212610147635
"1296",1997,200,0.0767711132775264
"1297",1997,201,0.0675068704877654
"1298",1997,202,0.359381746660304
"1299",1997,203,0.295123149501367
"1300",1997,204,0.334059542570899
"1301",1997,205,0.233891857211867
"1302",1997,206,0.0527351366793079
"1303",1997,207,0.0353436594504916
"1304",1997,208,0.0335908155383156
"1305",1997,209,0.363727795628004
"1306",1997,210,0.360131058760422
"1307",1997,211,0.373719074377094
"1308",1997,212,0.384122384822535
"1309",1997,213,0.358244125161303
"1310",1997,214,0.361354969928907
"1311",1997,215,0.360464120967454
"1312",1997,216,0.343680841341047
"1313",1997,217,0.181439498326966
"1314",1997,218,0.17852611944692
"1315",1997,219,0.175439071743634
"1316",1997,220,0.183810516313867
"1317",1997,221,0.174706552721192
"1318",1997,222,0.315554136436197
"1319",1997,223,0.324427720798884
"1320",1997,224,0.308870749293892
"1321",1997,225,0.306242982849784
"1322",1997,226,0.159429668263646
"1323",1997,227,0.143212593257115
"1324",1997,228,0.129682469082107
"1325",1997,229,0.110815839896224
"1326",1997,230,0.311316525191558
"1327",1997,231,0.331222177513435
"1328",1997,232,0.299569336795832
"1329",1997,233,0.271224278430014
"1330",1997,234,0.102790450823368
"1331",1997,235,0.0777246790137248
"1332",1997,236,0.0628743909721097
"1333",1997,237,0.0515650973828389
"1334",1997,238,0.0487896863070353
"1335",1997,239,0.0457393675276154
"1336",1997,240,0.0433388893489086
"1337",1997,241,0.0322350995488478
"1338",1997,242,0.0222157929873931
"1339",1997,243,0.0224638205401503
"1340",1997,244,0.019755853537442
"1341",1997,245,0.0184093959903757
"1342",1997,246,0.0177053896538622
"1343",1997,247,0.0160571396503514
"1344",1997,248,0.0151381452049053
"1345",1997,249,0.014197868825941
"1346",1997,250,0.0137687161589615
"1347",1997,251,0.0124861062913138
"1348",1997,252,0.0117045739357579
"1349",1997,253,0.0119568735500158
"1350",1997,254,0.1840150775849
"1351",1997,255,0.0237004607138039
"1352",1997,256,0.0177935692521675
"1353",1997,257,0.0164935011639791
"1354",1997,258,0.0146899890179766
"1355",1997,259,0.162181484118847
"1356",1997,260,0.0992807372419396
"1357",1997,261,0.00701416704011045
"1358",1997,262,0.164549678636157
"1359",1997,263,0.125508147505032
"1360",1997,264,0.118493589683157
"1361",1997,265,0.15929500545591
"1362",1997,266,0.162777623451357
"1363",1997,267,0.147483286997343
"1364",1997,268,0.153839782335088
"1365",1997,269,0.154463396956014
"1366",1997,270,0.156854266609838
"1367",1997,271,0.129007226493718
"1368",1997,272,0.130634335615882
"1369",1997,273,0.127275027156253
"1370",1997,274,0.0458576296314432
"1371",1997,275,0.0437625062582753
"1372",1997,276,0.0375453947855682
"1373",1997,277,0.0355657449469301
"1374",1997,278,0.0305631694181722
"1375",1997,279,0.0270117563957632
"1376",1997,280,0.028860833986898
"1377",1997,281,0.112609184343158
"1378",1997,282,0.0899907263875743
"1379",1997,283,0.0983093108617366
"1380",1997,284,0.0998363237319969
"1381",1997,285,0.0696010316555369
"1382",1997,286,0.0656825988653705
"1383",1997,287,0.0784306193645115
"1384",1997,288,0.0743614598870751
"1385",1997,289,0.0732721307107013
"1386",1997,290,0.0233610619336418
"1387",1997,291,0.0184171454733161
"1388",1997,292,0.0153098905172465
"1389",1997,293,0.0130437713691043
"1390",1997,294,0.0127454740928232
"1391",1997,295,0.012468702656096
"1392",1997,296,0.0105286155926384
"1393",1997,297,0.0537302158061246
"1394",1997,298,0.0399973584303593
"1395",1997,299,0.0434204039505026
"1396",1997,300,0.066925023985181
"1397",1997,301,0.0508809533176961
"1398",1997,302,0.0551412383708625
"1399",1997,303,0.0566483678126797
"1400",1997,304,0.0753791963109923
"1401",1997,305,0.0461285246706964
"1402",1997,306,0.042625567973349
"1403",1997,307,0.0441942454647643
"1404",1997,308,0.0468808983066813
"1405",1997,309,0.0423973063686653
"1406",1997,310,0.0440012796980314
"1407",1997,311,0.0460132975623818
"1408",1997,312,0.0367408641653391
"1409",1997,313,0.0335915243878467
"1410",1997,314,0.0309981281315315
"1411",1997,315,0.0283938581321818
"1412",1997,316,0.0200600070778133
"1413",1997,317,0.0215312086529046
"1414",1997,318,0.0148199518288487
"1415",1997,319,0.0151289088558661
"1416",1997,320,0.0186837034681676
"1417",1997,321,0.0225538683828898
"1418",1997,322,0.0245943090972809
"1419",1997,323,0.0231475433296423
"1420",1997,324,0.0269713162491268
"1421",1997,325,0.0251834684452873
"1422",1997,326,0.0217279491127404
"1423",1997,327,0.0192893901829309
"1424",1997,328,0.0280461827555252
"1425",1997,329,0.0246427689193221
"1426",1997,330,0.00559210008181074
"1427",1997,331,0.0046789033934193
"1428",1997,332,0.00371825505439318
"1429",1997,333,0.00303266751738191
"1430",1997,334,0.00269752623177396
"1431",1997,335,0.00212299201685451
"1432",1997,336,0.023191355367421
"1433",1997,337,0.0186854692978038
"1434",1997,338,0.0190578156487041
"1435",1997,339,0.0158417372309048
"1436",1997,340,0.0160321429875217
"1437",1997,341,0.0212106324088952
"1438",1997,342,0.023585650314013
"1439",1997,343,0.0192834851730754
"1440",1997,344,0.018556571486016
"1441",1997,345,0.0169812418781512
"1442",1997,346,0.0185112731408237
"1443",1997,347,0.0218522371269828
"1444",1997,348,0.0272687248837964
"1445",1997,349,0.0265765698851171
"1446",1997,350,0.0249998578132666
"1447",1997,351,0.0287664890438854
"1448",1997,352,0.0251269725351786
"1449",1997,353,0.0166381396489264
"1450",1997,354,0.0140060429483089
"1451",1997,355,0.0159118517632317
"1452",1997,356,0.0172226565595869
"1453",1997,357,0.0160974763947279
"1454",1997,358,0.0161698155353281
"1455",1997,359,0.0155064476126318
"1456",1997,360,0.0187503709565125
"1457",1997,361,0.0196501678804982
"1458",1997,362,0.0185589213201733
"1459",1997,363,0.0242661383815462
"1460",1997,364,0.0268448550310405
"1461",1997,365,0.0274125774326084
"1462",1998,1,0.0329183951101327
"1463",1998,2,0.0354433563877875
"1464",1998,3,0.0206448486152794
"1465",1998,4,0.0229290875645534
"1466",1998,5,0.0239029522279511
"1467",1998,6,0.0221154585667394
"1468",1998,7,0.0239109593571585
"1469",1998,8,0.0217265269136789
"1470",1998,9,0.0122637448067383
"1471",1998,10,0.0101471491791323
"1472",1998,11,0.0104393393740385
"1473",1998,12,0.0102767423515975
"1474",1998,13,0.0154644272721836
"1475",1998,14,0.0251008348606088
"1476",1998,15,0.028914498063198
"1477",1998,16,0.0249330463691802
"1478",1998,17,0.0267598424907718
"1479",1998,18,0.030708762209871
"1480",1998,19,0.0290805140796328
"1481",1998,20,0.027996738363815
"1482",1998,21,0.0237566331323943
"1483",1998,22,0.0234168649838702
"1484",1998,23,0.0287640441950222
"1485",1998,24,0.0344708713577824
"1486",1998,25,0.0407117346648679
"1487",1998,26,0.0391897036340168
"1488",1998,27,0.044649988668432
"1489",1998,28,0.0442143370345249
"1490",1998,29,0.0423257609035472
"1491",1998,30,0.0489781513513142
"1492",1998,31,0.0462247846339854
"1493",1998,32,0.0444658075198899
"1494",1998,33,0.0378957119809241
"1495",1998,34,0.0453348206640817
"1496",1998,35,0.0458313004192474
"1497",1998,36,0.048793798887076
"1498",1998,37,0.0501760248092052
"1499",1998,38,0.0542678884494858
"1500",1998,39,0.0590711785346127
"1501",1998,40,0.0575540097148819
"1502",1998,41,0.060921571203188
"1503",1998,42,0.0551223783414914
"1504",1998,43,0.0546666179258502
"1505",1998,44,0.0636542842454018
"1506",1998,45,0.0666070356688421
"1507",1998,46,0.0699568538276528
"1508",1998,47,0.0782694319077305
"1509",1998,48,0.0676215798571936
"1510",1998,49,0.0666427996087959
"1511",1998,50,0.00195135834949303
"1512",1998,51,0.0517040965908178
"1513",1998,52,0.0546590815707908
"1514",1998,53,0.0644434812569094
"1515",1998,54,0.0792252716786589
"1516",1998,55,0.0637393500574066
"1517",1998,56,0.0702638765868993
"1518",1998,57,0.0584899499240793
"1519",1998,58,0.0543621990200148
"1520",1998,59,0.0533088035117681
"1521",1998,60,0.056030919275677
"1522",1998,61,0.0628277476590215
"1523",1998,62,0.0644935252407067
"1524",1998,63,0.0613155238188094
"1525",1998,64,0.0485941091401413
"1526",1998,65,0.0463899444067899
"1527",1998,66,0.045824518066821
"1528",1998,67,0.0343004262910517
"1529",1998,68,0.0435972244288402
"1530",1998,69,0.0520982154841915
"1531",1998,70,0.0386333567470258
"1532",1998,71,0.0763917910911828
"1533",1998,72,0.0963419935742287
"1534",1998,73,0.0999384354819292
"1535",1998,74,0.100557882474212
"1536",1998,75,0.102472408182036
"1537",1998,76,0.0998623972172245
"1538",1998,77,0.0890109391507759
"1539",1998,78,0.090363913711942
"1540",1998,79,0.0989317558934533
"1541",1998,80,0.111540664142318
"1542",1998,81,0.122079968232224
"1543",1998,82,0.13157335899734
"1544",1998,83,0.146298201969996
"1545",1998,84,0.16630124077039
"1546",1998,85,0.124353678219025
"1547",1998,86,0.114199657948933
"1548",1998,87,0.129836047813475
"1549",1998,88,0.113766518510708
"1550",1998,89,0.109979263990098
"1551",1998,90,0.10668753590232
"1552",1998,91,0.142214408324874
"1553",1998,92,0.117073201859339
"1554",1998,93,0.120608612238572
"1555",1998,94,0.151205612284038
"1556",1998,95,0.153123790552062
"1557",1998,96,0.123553568421539
"1558",1998,97,0.147720539562999
"1559",1998,98,0.124410309040155
"1560",1998,99,0.129843902173226
"1561",1998,100,0.142096377468761
"1562",1998,101,0.165363756546926
"1563",1998,102,0.163901032884129
"1564",1998,103,0.163468470512178
"1565",1998,104,0.157628645403511
"1566",1998,105,0.153676560031874
"1567",1998,106,0.127584905006309
"1568",1998,107,0.13204087779049
"1569",1998,108,0.140007030838439
"1570",1998,109,0.143136624584488
"1571",1998,110,0.142089676172343
"1572",1998,111,0.158559366898132
"1573",1998,112,0.169294023208314
"1574",1998,113,0.102045294049088
"1575",1998,114,0.0654034094574255
"1576",1998,115,0.0573339595528754
"1577",1998,116,0.0551699128332245
"1578",1998,117,0.0552947226600046
"1579",1998,118,0.0598913268094562
"1580",1998,119,0.0638969018836384
"1581",1998,120,0.067938304507301
"1582",1998,121,0.0697407411890804
"1583",1998,122,0.0667654128106365
"1584",1998,123,0.0744283288018831
"1585",1998,124,0.0766371619408737
"1586",1998,125,0.0760062572252421
"1587",1998,126,0.0783087325082843
"1588",1998,127,0.228436951088047
"1589",1998,128,0.0740367766776803
"1590",1998,129,0.223650763077819
"1591",1998,130,0.0852717145039779
"1592",1998,131,0.235940552141987
"1593",1998,132,0.252942299440691
"1594",1998,133,0.254478320902183
"1595",1998,134,0.250347700436072
"1596",1998,135,0.243738799292648
"1597",1998,136,0.250201853783328
"1598",1998,137,0.264147711225411
"1599",1998,138,0.117163905465355
"1600",1998,139,0.11890108845821
"1601",1998,140,0.310986261960125
"1602",1998,141,0.275564967234513
"1603",1998,142,0.290521134719523
"1604",1998,143,0.283628975005156
"1605",1998,144,0.258025275988436
"1606",1998,145,0.27714550883641
"1607",1998,146,0.287238617466805
"1608",1998,147,0.141714783235932
"1609",1998,148,0.140314673532025
"1610",1998,149,0.141298291724016
"1611",1998,150,0.147262314770585
"1612",1998,151,0.138414017939818
"1613",1998,152,0.152093347369394
"1614",1998,153,0.13734651893185
"1615",1998,154,0.251705424652753
"1616",1998,155,0.24373057635922
"1617",1998,156,0.243622006020544
"1618",1998,157,0.261957400441286
"1619",1998,158,0.275001958715219
"1620",1998,159,0.296553088701083
"1621",1998,160,0.314039899066772
"1622",1998,161,0.309853937517203
"1623",1998,162,0.333655360799708
"1624",1998,163,0.327451971387366
"1625",1998,164,0.356729548564889
"1626",1998,165,0.306309904298033
"1627",1998,166,0.291953105628453
"1628",1998,167,0.179299319994547
"1629",1998,168,0.329685375678856
"1630",1998,169,0.339252321870361
"1631",1998,170,0.337157567794904
"1632",1998,171,0.313602644205388
"1633",1998,172,0.318497673342344
"1634",1998,173,0.334958599342073
"1635",1998,174,0.267044275629185
"1636",1998,175,0.369975965271392
"1637",1998,176,0.356066432589708
"1638",1998,177,0.304543497349308
"1639",1998,178,0.172117600733046
"1640",1998,179,0.175137145939704
"1641",1998,180,0.179001460034053
"1642",1998,181,0.177345067826521
"1643",1998,182,0.184925956732226
"1644",1998,183,0.394749854738873
"1645",1998,184,0.383657021105998
"1646",1998,185,0.401968937564249
"1647",1998,186,0.368991329692848
"1648",1998,187,0.374625259149474
"1649",1998,188,0.325324522163102
"1650",1998,189,0.38783714449857
"1651",1998,190,0.345901332688334
"1652",1998,191,0.166433881165229
"1653",1998,192,0.156331479998299
"1654",1998,193,0.137879301599604
"1655",1998,194,0.112806788108445
"1656",1998,195,0.098576231782819
"1657",1998,196,0.346467098584061
"1658",1998,197,0.257782015161997
"1659",1998,198,0.0655541086613305
"1660",1998,199,0.0633196344066942
"1661",1998,200,0.0611056772094623
"1662",1998,201,0.058284795591796
"1663",1998,202,0.0345431883402806
"1664",1998,203,0.0318290186517534
"1665",1998,204,0.0315160896034096
"1666",1998,205,0.0308478403631465
"1667",1998,206,0.371428976019788
"1668",1998,207,0.349703617788823
"1669",1998,208,0.358438558638256
"1670",1998,209,0.316356222386102
"1671",1998,210,0.14122501857843
"1672",1998,211,0.348758403409853
"1673",1998,212,0.335478685707997
"1674",1998,213,0.379034112203943
"1675",1998,214,0.308520653009754
"1676",1998,215,0.345233368601398
"1677",1998,216,0.352699268749949
"1678",1998,217,0.33424380616467
"1679",1998,218,0.341059305119439
"1680",1998,219,0.32798242676494
"1681",1998,220,0.180561143454329
"1682",1998,221,0.174541045938544
"1683",1998,222,0.376549876958553
"1684",1998,223,0.333634039037361
"1685",1998,224,0.318542643164356
"1686",1998,225,0.157693293086471
"1687",1998,226,0.112196408068651
"1688",1998,227,0.0693497672438256
"1689",1998,228,0.0394813200448546
"1690",1998,229,0.0277479478356409
"1691",1998,230,0.240266130370452
"1692",1998,231,0.0390789693610488
"1693",1998,232,0.343285447287105
"1694",1998,233,0.346735837660509
"1695",1998,234,0.318423657659604
"1696",1998,235,0.304381388051087
"1697",1998,236,0.287325126278853
"1698",1998,237,0.170952747761377
"1699",1998,238,0.150340952294099
"1700",1998,239,0.134360666668799
"1701",1998,240,0.121007747229051
"1702",1998,241,0.112772822690584
"1703",1998,242,0.0980111552373924
"1704",1998,243,0.0708936051776912
"1705",1998,244,0.060790454814217
"1706",1998,245,0.0462114441566803
"1707",1998,246,0.0433514923703384
"1708",1998,247,0.0296957264386763
"1709",1998,248,0.0169300143305654
"1710",1998,249,0.0146324050452423
"1711",1998,250,0.0125166971086558
"1712",1998,251,0.0108744563192929
"1713",1998,252,0.00673980401906302
"1714",1998,253,0.00642803835120644
"1715",1998,254,0.00593987149324046
"1716",1998,255,0.215770158603996
"1717",1998,256,0.228513305093207
"1718",1998,257,0.190793184388855
"1719",1998,258,0.173686577052808
"1720",1998,259,0.145175508653925
"1721",1998,260,0.0261537085544414
"1722",1998,261,0.01372478570404
"1723",1998,262,0.00923677801781371
"1724",1998,263,0.176025820937483
"1725",1998,264,0.158071178285881
"1726",1998,265,0.147813230587124
"1727",1998,266,0.155481525883444
"1728",1998,267,0.156155018655687
"1729",1998,268,0.160199693159463
"1730",1998,269,0.149989704907473
"1731",1998,270,0.141328851105007
"1732",1998,271,0.071258842359204
"1733",1998,272,0.0501826453027024
"1734",1998,273,0.0433083628802563
"1735",1998,274,0.0383630288000108
"1736",1998,275,0.0335065975749183
"1737",1998,276,0.1246500418515
"1738",1998,277,0.114622894282576
"1739",1998,278,0.109524589459109
"1740",1998,279,0.0957222354452488
"1741",1998,280,0.100126739664316
"1742",1998,281,0.111580433746547
"1743",1998,282,0.103775975816238
"1744",1998,283,0.0995238457442975
"1745",1998,284,0.111413134299034
"1746",1998,285,0.0827429610707889
"1747",1998,286,0.0854411719624445
"1748",1998,287,0.0850332196701885
"1749",1998,288,0.0786602027667665
"1750",1998,289,0.0921282087167456
"1751",1998,290,0.0885487643776001
"1752",1998,291,0.0652256498478677
"1753",1998,292,0.063787195414302
"1754",1998,293,0.0621567977668935
"1755",1998,294,0.0611771079186153
"1756",1998,295,0.0661439672937364
"1757",1998,296,0.0695978167235649
"1758",1998,297,0.0655161636825577
"1759",1998,298,0.0625359847435869
"1760",1998,299,0.0624871211094223
"1761",1998,300,0.0585477079777296
"1762",1998,301,0.0823863340329486
"1763",1998,302,0.0753996022335973
"1764",1998,303,0.0684053572824863
"1765",1998,304,0.044390567913582
"1766",1998,305,0.0460359110422528
"1767",1998,306,0.0652289594264629
"1768",1998,307,0.0456458803271031
"1769",1998,308,0.0432401763337819
"1770",1998,309,0.0426331485935346
"1771",1998,310,0.039758318590178
"1772",1998,311,0.0387419746737317
"1773",1998,312,0.0360349871783303
"1774",1998,313,0.0337769224630571
"1775",1998,314,0.0319470639642966
"1776",1998,315,0.0354530526447102
"1777",1998,316,0.0344556089580255
"1778",1998,317,0.0449536242816897
"1779",1998,318,0.0472321002365789
"1780",1998,319,0.0475436946665634
"1781",1998,320,0.0336236569773662
"1782",1998,321,0.0298304238667501
"1783",1998,322,0.0267260693265106
"1784",1998,323,0.0259212288145686
"1785",1998,324,0.0255018655247197
"1786",1998,325,0.0319182813766366
"1787",1998,326,0.0337974420284373
"1788",1998,327,0.0291168843728205
"1789",1998,328,0.0327019325650133
"1790",1998,329,0.0297088497932455
"1791",1998,330,0.034532064015277
"1792",1998,331,0.0357896577999752
"1793",1998,332,0.0331511264500061
"1794",1998,333,0.0301708296420602
"1795",1998,334,0.0283530941871551
"1796",1998,335,0.0322254713016037
"1797",1998,336,0.0303387701660401
"1798",1998,337,0.0293127524506167
"1799",1998,338,0.0231699770514297
"1800",1998,339,0.0168456057303973
"1801",1998,340,0.0147041848052274
"1802",1998,341,0.0137797747838191
"1803",1998,342,0.0175336208969622
"1804",1998,343,0.0156608719537788
"1805",1998,344,0.0146329871456187
"1806",1998,345,0.0198206211292302
"1807",1998,346,0.0202018906340672
"1808",1998,347,0.0209868687242226
"1809",1998,348,0.0243123136353823
"1810",1998,349,0.0164478567181452
"1811",1998,350,0.0167237759891725
"1812",1998,351,0.021632903762672
"1813",1998,352,0.018622886547116
"1814",1998,353,0.00770155355431352
"1815",1998,354,0.00620461525435058
"1816",1998,355,0.0056093981691374
"1817",1998,356,0.00775445204016464
"1818",1998,357,0.00772028328804896
"1819",1998,358,0.00970793473154782
"1820",1998,359,0.0166564297946871
"1821",1998,360,0.0216106033610338
"1822",1998,361,0.0222667235627463
"1823",1998,362,0.0276726615229418
"1824",1998,363,0.0220959561858356
"1825",1998,364,0.0234302792758293
"1826",1998,365,0.0217255740497458
"1827",1998,366,0.0205144528948745
"1828",1999,1,0.0217178052146287
"1829",1999,2,0.0151481331603895
"1830",1999,3,0.0141819723450934
"1831",1999,4,0.019506243046605
"1832",1999,5,0.0263999470911441
"1833",1999,6,0.0211354854490163
"1834",1999,7,0.0206069773285674
"1835",1999,8,0.0186768669441983
"1836",1999,9,0.0215240019590063
"1837",1999,10,0.0260915442706875
"1838",1999,11,0.0359471303125806
"1839",1999,12,0.0341435360201115
"1840",1999,13,0.028734444558005
"1841",1999,14,0.0327670264588298
"1842",1999,15,0.0377768003455895
"1843",1999,16,0.0347168741856287
"1844",1999,17,0.0282586985808469
"1845",1999,18,0.0344672281761234
"1846",1999,19,0.0368729639179153
"1847",1999,20,0.039532065527314
"1848",1999,21,0.0370710713850605
"1849",1999,22,0.0164302177113251
"1850",1999,23,0.0167437374733891
"1851",1999,24,0.0217255982077229
"1852",1999,25,0.0252616465297109
"1853",1999,26,0.0351757831231098
"1854",1999,27,0.0332140955632463
"1855",1999,28,0.0309030759862579
"1856",1999,29,0.0249630959347518
"1857",1999,30,0.00765238774103952
"1858",1999,31,0.00628148585988836
"1859",1999,32,0.00471990425872901
"1860",1999,33,0.00395525894175849
"1861",1999,34,0.00402648594946578
"1862",1999,35,0.00393794612823686
"1863",1999,36,0.00363899535427782
"1864",1999,37,0.00334844956195887
"1865",1999,38,0.00369150658209078
"1866",1999,39,0.00317887746819518
"1867",1999,40,0.00323415891983854
"1868",1999,41,0.00256445368512363
"1869",1999,42,0.00174292790605882
"1870",1999,43,0.00216593948195954
"1871",1999,44,0.00275468149375343
"1872",1999,45,0.00249855933151817
"1873",1999,46,0.00225676682248555
"1874",1999,47,0.00246588417492173
"1875",1999,48,0.0572313774208705
"1876",1999,49,0.062521989517363
"1877",1999,50,0.0412946267476533
"1878",1999,51,0.00297649129958598
"1879",1999,52,0.00274802293241981
"1880",1999,53,0.0035061063577166
"1881",1999,54,0.0039994792375061
"1882",1999,55,0.00501639984638003
"1883",1999,56,0.00567979838344322
"1884",1999,57,0.00509913354580176
"1885",1999,58,0.00492950235805718
"1886",1999,59,0.00629059579015603
"1887",1999,60,0.00628222907088362
"1888",1999,61,0.0443305322867355
"1889",1999,62,0.0648100290876534
"1890",1999,63,0.0626126029662783
"1891",1999,64,0.0557581711571966
"1892",1999,65,0.0481491394943736
"1893",1999,66,0.0486946230239041
"1894",1999,67,0.0141975405695674
"1895",1999,68,0.0126571699331103
"1896",1999,69,0.0829360475843711
"1897",1999,70,0.0688285213764809
"1898",1999,71,0.0847735013797573
"1899",1999,72,0.0933368879174383
"1900",1999,73,0.117476404690593
"1901",1999,74,0.131922497210842
"1902",1999,75,0.104123357135226
"1903",1999,76,0.0835209406151797
"1904",1999,77,0.0868557137727311
"1905",1999,78,0.0949337729341911
"1906",1999,79,0.0370057002961926
"1907",1999,80,0.112050449404203
"1908",1999,81,0.0432338334138412
"1909",1999,82,0.0237949586358001
"1910",1999,83,0.022439397055384
"1911",1999,84,0.0234947456053595
"1912",1999,85,0.0245880993274758
"1913",1999,86,0.12972232968852
"1914",1999,87,0.0929358227315211
"1915",1999,88,0.113812630992891
"1916",1999,89,0.12633830340111
"1917",1999,90,0.0296803772171417
"1918",1999,91,0.119097652090726
"1919",1999,92,0.107523606450574
"1920",1999,93,0.105452838651481
"1921",1999,94,0.102777585828433
"1922",1999,95,0.139921910549319
"1923",1999,96,0.12603685621733
"1924",1999,97,0.141435699593225
"1925",1999,98,0.170105008196022
"1926",1999,99,0.162594110934733
"1927",1999,100,0.149399259681465
"1928",1999,101,0.120965684560958
"1929",1999,102,0.144516034967078
"1930",1999,103,0.147467782656418
"1931",1999,104,0.16172341973443
"1932",1999,105,0.112022651190368
"1933",1999,106,0.116344256417263
"1934",1999,107,0.13470233915756
"1935",1999,108,0.166488816506699
"1936",1999,109,0.175756036436572
"1937",1999,110,0.180207678953818
"1938",1999,111,0.185899050827626
"1939",1999,112,0.175081527726553
"1940",1999,113,0.144849777352454
"1941",1999,114,0.152171396113238
"1942",1999,115,0.177936432219217
"1943",1999,116,0.170798786606493
"1944",1999,117,0.191220416216054
"1945",1999,118,0.20301263302764
"1946",1999,119,0.216812993322779
"1947",1999,120,0.21426652362264
"1948",1999,121,0.205598069972816
"1949",1999,122,0.193567021437727
"1950",1999,123,0.228230420292895
"1951",1999,124,0.210767221574372
"1952",1999,125,0.180492733499947
"1953",1999,126,0.185827190218811
"1954",1999,127,0.184518865112608
"1955",1999,128,0.0832299645810167
"1956",1999,129,0.239436336550807
"1957",1999,130,0.217311816300451
"1958",1999,131,0.192649699292581
"1959",1999,132,0.208920742743335
"1960",1999,133,0.258476870975586
"1961",1999,134,0.245151353506963
"1962",1999,135,0.253726216253717
"1963",1999,136,0.216015308414797
"1964",1999,137,0.225492901550947
"1965",1999,138,0.248890713859092
"1966",1999,139,0.254773571243098
"1967",1999,140,0.287504731762142
"1968",1999,141,0.275408542008924
"1969",1999,142,0.268165867715756
"1970",1999,143,0.261089457476368
"1971",1999,144,0.270345871044332
"1972",1999,145,0.276115029623287
"1973",1999,146,0.139142425092062
"1974",1999,147,0.137362582564003
"1975",1999,148,0.141941416448271
"1976",1999,149,0.150900069387702
"1977",1999,150,0.286257820676837
"1978",1999,151,0.294048717771422
"1979",1999,152,0.290795573125963
"1980",1999,153,0.296414083791519
"1981",1999,154,0.335936969795607
"1982",1999,155,0.306962538529431
"1983",1999,156,0.314342445679553
"1984",1999,157,0.325247062208771
"1985",1999,158,0.346023659726343
"1986",1999,159,0.328495608810462
"1987",1999,160,0.315179626443688
"1988",1999,161,0.322917546662629
"1989",1999,162,0.331554330137044
"1990",1999,163,0.31385993400199
"1991",1999,164,0.342379524887849
"1992",1999,165,0.316104557404291
"1993",1999,166,0.333610078183908
"1994",1999,167,0.303635305498348
"1995",1999,168,0.334765036975851
"1996",1999,169,0.372217007366713
"1997",1999,170,0.363338230254989
"1998",1999,171,0.399839587659572
"1999",1999,172,0.402638275406352
"2000",1999,173,0.348735128148242
"2001",1999,174,0.337787233036969
"2002",1999,175,0.357504301684307
"2003",1999,176,0.365224979593247
"2004",1999,177,0.186007316008577
"2005",1999,178,0.369010150599032
"2006",1999,179,0.315666275493078
"2007",1999,180,0.322110987178904
"2008",1999,181,0.349840862026009
"2009",1999,182,0.359423673282575
"2010",1999,183,0.342339361269007
"2011",1999,184,0.370089647039785
"2012",1999,185,0.377974219812211
"2013",1999,186,0.350919788867798
"2014",1999,187,0.188613678002748
"2015",1999,188,0.200081797001551
"2016",1999,189,0.187114332293849
"2017",1999,190,0.167867119562876
"2018",1999,191,0.168026330091122
"2019",1999,192,0.172377704137113
"2020",1999,193,0.17448079762466
"2021",1999,194,0.180103276979731
"2022",1999,195,0.176346253195217
"2023",1999,196,0.170909232279028
"2024",1999,197,0.160636426732622
"2025",1999,198,0.173194107265998
"2026",1999,199,0.177958724103987
"2027",1999,200,0.174881516398966
"2028",1999,201,0.174831934699504
"2029",1999,202,0.184471682584457
"2030",1999,203,0.184740523738284
"2031",1999,204,0.183348163593398
"2032",1999,205,0.189559694508618
"2033",1999,206,0.186942353797249
"2034",1999,207,0.17773514085621
"2035",1999,208,0.188624135016887
"2036",1999,209,0.192885118005533
"2037",1999,210,0.191976941764485
"2038",1999,211,0.39384048684563
"2039",1999,212,0.357655317894377
"2040",1999,213,0.336112548102557
"2041",1999,214,0.339913185151937
"2042",1999,215,0.340077838424353
"2043",1999,216,0.334452209964362
"2044",1999,217,0.360999515788691
"2045",1999,218,0.334948728068108
"2046",1999,219,0.180723203560533
"2047",1999,220,0.191737790855171
"2048",1999,221,0.18761077750471
"2049",1999,222,0.184972753025586
"2050",1999,223,0.18869026275714
"2051",1999,224,0.165956222011181
"2052",1999,225,0.162230265244788
"2053",1999,226,0.174656688283486
"2054",1999,227,0.180114059950134
"2055",1999,228,0.160196631552358
"2056",1999,229,0.147004187152659
"2057",1999,230,0.129589638154663
"2058",1999,231,0.115860071955785
"2059",1999,232,0.0973252418866039
"2060",1999,233,0.0831970614834853
"2061",1999,234,0.0769598528851252
"2062",1999,235,0.0618951400744522
"2063",1999,236,0.058978958597927
"2064",1999,237,0.0561421478087683
"2065",1999,238,0.0504088851377502
"2066",1999,239,0.0460860917131448
"2067",1999,240,0.0384303933052448
"2068",1999,241,0.0241169031661225
"2069",1999,242,0.0233245184139201
"2070",1999,243,0.0227777694391936
"2071",1999,244,0.0198800555834592
"2072",1999,245,0.251582778675421
"2073",1999,246,0.24932376447539
"2074",1999,247,0.229872234606013
"2075",1999,248,0.213786596105783
"2076",1999,249,0.234743051377647
"2077",1999,250,0.208935393386304
"2078",1999,251,0.190987580038768
"2079",1999,252,0.192751388293983
"2080",1999,253,0.194527956410646
"2081",1999,254,0.0802042126490354
"2082",1999,255,0.0675335744658855
"2083",1999,256,0.0639490043736163
"2084",1999,257,0.0664865166401154
"2085",1999,258,0.0665691043828451
"2086",1999,259,0.0690183262442687
"2087",1999,260,0.0696031541929954
"2088",1999,261,0.0660047511436218
"2089",1999,262,0.175308924176876
"2090",1999,263,0.150865702342093
"2091",1999,264,0.153872846827935
"2092",1999,265,0.155914574999747
"2093",1999,266,0.142891460731726
"2094",1999,267,0.0545049472427922
"2095",1999,268,0.0510799314466189
"2096",1999,269,0.149367248521034
"2097",1999,270,0.127273793912598
"2098",1999,271,0.0693266295477397
"2099",1999,272,0.0385523895906203
"2100",1999,273,0.0373921395097908
"2101",1999,274,0.11916891529237
"2102",1999,275,0.0721687421480451
"2103",1999,276,0.0284784721444907
"2104",1999,277,0.0304736434602249
"2105",1999,278,0.0297929866587041
"2106",1999,279,0.0311033280409951
"2107",1999,280,0.0284298586344282
"2108",1999,281,0.0258432526170373
"2109",1999,282,0.0260788984808841
"2110",1999,283,0.0202005494896188
"2111",1999,284,0.0211758558741443
"2112",1999,285,0.0192476440855802
"2113",1999,286,0.01812434546572
"2114",1999,287,0.0182137614070087
"2115",1999,288,0.0143653895448346
"2116",1999,289,0.0810140242044076
"2117",1999,290,0.0563917032063079
"2118",1999,291,0.059639496243815
"2119",1999,292,0.0583600841336432
"2120",1999,293,0.0630359177599991
"2121",1999,294,0.042215459637202
"2122",1999,295,0.0141898109259285
"2123",1999,296,0.0125120684906193
"2124",1999,297,0.01230192471272
"2125",1999,298,0.0116773011849638
"2126",1999,299,0.0117730876922219
"2127",1999,300,0.00990036794772418
"2128",1999,301,0.009230641119937
"2129",1999,302,0.00917408396604117
"2130",1999,303,0.00842424596842466
"2131",1999,304,0.00933035657540731
"2132",1999,305,0.00714692217107504
"2133",1999,306,0.00605362772595661
"2134",1999,307,0.00618965999235121
"2135",1999,308,0.0072543826259915
"2136",1999,309,0.00613473598785228
"2137",1999,310,0.00694536706185004
"2138",1999,311,0.00665513009418143
"2139",1999,312,0.00708813141869264
"2140",1999,313,0.00598633332161341
"2141",1999,314,0.00558192490627298
"2142",1999,315,0.00543944980496106
"2143",1999,316,0.00298644315591903
"2144",1999,317,0.00285898577686512
"2145",1999,318,0.00248969662154448
"2146",1999,319,0.00219089925958269
"2147",1999,320,0.00209799541757215
"2148",1999,321,0.00206466552763547
"2149",1999,322,0.0540465806857961
"2150",1999,323,0.0280776463937476
"2151",1999,324,0.0308908463993169
"2152",1999,325,0.0263566956633137
"2153",1999,326,0.0271501838722682
"2154",1999,327,0.0255157543808621
"2155",1999,328,0.0178839451275762
"2156",1999,329,0.0253777694824395
"2157",1999,330,0.0300164403179911
"2158",1999,331,0.0263770006537341
"2159",1999,332,0.0244423877012188
"2160",1999,333,0.0248815904670445
"2161",1999,334,0.0270640033440304
"2162",1999,335,0.0283302924527615
"2163",1999,336,0.0228199567404146
"2164",1999,337,0.0197106747500408
"2165",1999,338,0.0167313166111754
"2166",1999,339,0.0173537514365376
"2167",1999,340,0.0222206967992787
"2168",1999,341,0.0204693152541622
"2169",1999,342,0.0143066435522238
"2170",1999,343,0.0145751548914586
"2171",1999,344,0.016827349728638
"2172",1999,345,0.0147785529482632
"2173",1999,346,0.0172067118773925
"2174",1999,347,0.019577257253892
"2175",1999,348,0.0129889764807932
"2176",1999,349,0.013210277456872
"2177",1999,350,0.019863681833009
"2178",1999,351,0.0188777064426703
"2179",1999,352,0.018380474868532
"2180",1999,353,0.0112063449338896
"2181",1999,354,0.00636588292469203
"2182",1999,355,0.0169844383952435
"2183",1999,356,0.0187382315513784
"2184",1999,357,0.0258605208921467
"2185",1999,358,0.0272789541664067
"2186",1999,359,0.0275253408592495
"2187",1999,360,0.0262459756979159
"2188",1999,361,0.0274320125605918
"2189",1999,362,0.0320102191390493
"2190",1999,363,0.0310713658928421
"2191",1999,364,0.0268011825214727
"2192",1999,365,0.00636836223743199
"2193",2000,1,0.00403816592367523
"2194",2000,2,0.00256389174789382
"2195",2000,3,0.00193683570028316
"2196",2000,4,0.00180468056764247
"2197",2000,5,0.0240537078052266
"2198",2000,6,0.0212738878323081
"2199",2000,7,0.0256172464305838
"2200",2000,8,0.0247683990493892
"2201",2000,9,0.00842026217624688
"2202",2000,10,0.00173257839936729
"2203",2000,11,0.00178218694327839
"2204",2000,12,0.00164208715775846
"2205",2000,13,0.0015017303098438
"2206",2000,14,0.00204451732427833
"2207",2000,15,0.00203743159794104
"2208",2000,16,0.00184305841451816
"2209",2000,17,0.00179727147124952
"2210",2000,18,0.00140061389989717
"2211",2000,19,0.0313927666779865
"2212",2000,20,0.00168054183163991
"2213",2000,21,0.00136054110309678
"2214",2000,22,0.0328459075338255
"2215",2000,23,0.0299901397213347
"2216",2000,24,0.0319634696422127
"2217",2000,25,0.0275397281228286
"2218",2000,26,0.0374758755636186
"2219",2000,27,0.0352400370644743
"2220",2000,28,0.0303527069829993
"2221",2000,29,0.0270402607116978
"2222",2000,30,0.0217129194795477
"2223",2000,31,0.0263416314215101
"2224",2000,32,0.0307341041063592
"2225",2000,33,0.0547240182846695
"2226",2000,34,0.0432644644949615
"2227",2000,35,0.0352616991148936
"2228",2000,36,0.0438722721596881
"2229",2000,37,0.0535348008431586
"2230",2000,38,0.0578900514563219
"2231",2000,39,0.0657810380359418
"2232",2000,40,0.0680426963708027
"2233",2000,41,0.0527594783253281
"2234",2000,42,0.0467842514256511
"2235",2000,43,0.0462235254146431
"2236",2000,44,0.0437204372480314
"2237",2000,45,0.0508671039382675
"2238",2000,46,0.06251255101321
"2239",2000,47,0.0606485997547504
"2240",2000,48,0.0565550347627391
"2241",2000,49,0.0544452205966326
"2242",2000,50,0.0561295480167399
"2243",2000,51,0.071263129201873
"2244",2000,52,0.0887800373393948
"2245",2000,53,0.0890158366599203
"2246",2000,54,0.0864588193373208
"2247",2000,55,0.0856733491139156
"2248",2000,56,0.0738053727955674
"2249",2000,57,0.064152522097832
"2250",2000,58,0.0783915048752562
"2251",2000,59,0.0929735824091848
"2252",2000,60,0.0894587268005701
"2253",2000,61,0.0875456568080686
"2254",2000,62,0.0907316336857345
"2255",2000,63,0.074639623842696
"2256",2000,64,0.0814862207161076
"2257",2000,65,0.0897372505443467
"2258",2000,66,0.0883870100177652
"2259",2000,67,0.0811099845667964
"2260",2000,68,0.0847399739234368
"2261",2000,69,0.0696912061679165
"2262",2000,70,0.0820319266500207
"2263",2000,71,0.0930633128678094
"2264",2000,72,0.0719856632865645
"2265",2000,73,0.0736624614513893
"2266",2000,74,0.0805179478275348
"2267",2000,75,0.0756915097337361
"2268",2000,76,0.0768299364080655
"2269",2000,77,0.0837310228558608
"2270",2000,78,0.0839321663639222
"2271",2000,79,0.0918532838724332
"2272",2000,80,0.103611187043031
"2273",2000,81,0.0953669114467135
"2274",2000,82,0.0383022626971678
"2275",2000,83,0.108168541739434
"2276",2000,84,0.100420031934199
"2277",2000,85,0.0986362345725782
"2278",2000,86,0.019554609511462
"2279",2000,87,0.0197455318390278
"2280",2000,88,0.0202460376587261
"2281",2000,89,0.0200234799380984
"2282",2000,90,0.0182162560041382
"2283",2000,91,0.0180941613895282
"2284",2000,92,0.0197295103522846
"2285",2000,93,0.116480052739314
"2286",2000,94,0.0197707255674619
"2287",2000,95,0.0263437945281686
"2288",2000,96,0.0276917631811701
"2289",2000,97,0.0241210484163397
"2290",2000,98,0.130108183344671
"2291",2000,99,0.0254825491583203
"2292",2000,100,0.026815327911008
"2293",2000,101,0.149602936929442
"2294",2000,102,0.0255521520314316
"2295",2000,103,0.0286065030819896
"2296",2000,104,0.0315647372940928
"2297",2000,105,0.165495331809509
"2298",2000,106,0.133557545907687
"2299",2000,107,0.126055476325784
"2300",2000,108,0.166560424260107
"2301",2000,109,0.178286567630224
"2302",2000,110,0.165340475508292
"2303",2000,111,0.157933938706631
"2304",2000,112,0.183004736517905
"2305",2000,113,0.194168539914948
"2306",2000,114,0.207322157341662
"2307",2000,115,0.197530296634046
"2308",2000,116,0.173188034264494
"2309",2000,117,0.183438288820469
"2310",2000,118,0.178703518436036
"2311",2000,119,0.199419740256593
"2312",2000,120,0.186854556261315
"2313",2000,121,0.209861830576076
"2314",2000,122,0.203652557416007
"2315",2000,123,0.206085820091023
"2316",2000,124,0.0847572351896611
"2317",2000,125,0.090746280322343
"2318",2000,126,0.0958842655898062
"2319",2000,127,0.0885344050207683
"2320",2000,128,0.245384087723675
"2321",2000,129,0.195938540244077
"2322",2000,130,0.216688425163488
"2323",2000,131,0.252180241732727
"2324",2000,132,0.233137932711657
"2325",2000,133,0.185728353720117
"2326",2000,134,0.200021311040575
"2327",2000,135,0.225552650624585
"2328",2000,136,0.25059747192258
"2329",2000,137,0.248745203560042
"2330",2000,138,0.260457143597756
"2331",2000,139,0.226353199192264
"2332",2000,140,0.251823664250433
"2333",2000,141,0.285384569500668
"2334",2000,142,0.27152588187796
"2335",2000,143,0.285759842344369
"2336",2000,144,0.288545987010758
"2337",2000,145,0.266812547206797
"2338",2000,146,0.303672602776074
"2339",2000,147,0.308791618673008
"2340",2000,148,0.285960499952799
"2341",2000,149,0.305079345686155
"2342",2000,150,0.158020017928096
"2343",2000,151,0.306590172241224
"2344",2000,152,0.303145729971249
"2345",2000,153,0.256804829527991
"2346",2000,154,0.156903973375559
"2347",2000,155,0.166444302262703
"2348",2000,156,0.153839302806943
"2349",2000,157,0.160417442221163
"2350",2000,158,0.181268726778553
"2351",2000,159,0.182638734068705
"2352",2000,160,0.193998176235691
"2353",2000,161,0.188218214497475
"2354",2000,162,0.168724808097274
"2355",2000,163,0.17661942313146
"2356",2000,164,0.172204503556154
"2357",2000,165,0.336613123336166
"2358",2000,166,0.244444526367186
"2359",2000,167,0.337657545849775
"2360",2000,168,0.295074770120926
"2361",2000,169,0.238994046076839
"2362",2000,170,0.197678841287471
"2363",2000,171,0.290194878244726
"2364",2000,172,0.325582623715199
"2365",2000,173,0.324665278115597
"2366",2000,174,0.354132556188461
"2367",2000,175,0.284736807615748
"2368",2000,176,0.0951374247811897
"2369",2000,177,0.0573069878690644
"2370",2000,178,0.0520953430376305
"2371",2000,179,0.239286075522334
"2372",2000,180,0.0668119273107155
"2373",2000,181,0.0415763912903855
"2374",2000,182,0.0400450640973615
"2375",2000,183,0.0390694615025972
"2376",2000,184,0.0382051531608646
"2377",2000,185,0.0383638140712184
"2378",2000,186,0.0341805826531884
"2379",2000,187,0.0305944166410294
"2380",2000,188,0.0318715139997343
"2381",2000,189,0.0285712797583773
"2382",2000,190,0.027190398152483
"2383",2000,191,0.0227789643273807
"2384",2000,192,0.0202622015196123
"2385",2000,193,0.010285674768248
"2386",2000,194,0.0103514879849221
"2387",2000,195,0.010156295957181
"2388",2000,196,0.0101949243411033
"2389",2000,197,0.00967230192902072
"2390",2000,198,0.00844910260418401
"2391",2000,199,0.271821881786688
"2392",2000,200,0.168015191528753
"2393",2000,201,0.351345642797047
"2394",2000,202,0.267505682116868
"2395",2000,203,0.185136767950115
"2396",2000,204,0.0105515936199428
"2397",2000,205,0.0100893901745878
"2398",2000,206,0.00747636822750228
"2399",2000,207,0.00572637359546999
"2400",2000,208,0.0057120506507382
"2401",2000,209,0.32329531361033
"2402",2000,210,0.181020348973578
"2403",2000,211,0.0122933656791423
"2404",2000,212,0.0109377534345124
"2405",2000,213,0.0101558931050173
"2406",2000,214,0.00940598792633363
"2407",2000,215,0.251814555536727
"2408",2000,216,0.105808281563057
"2409",2000,217,0.00480350832360636
"2410",2000,218,0.00434788440172897
"2411",2000,219,0.00415847110529184
"2412",2000,220,0.0042090944565963
"2413",2000,221,0.00409369521881748
"2414",2000,222,0.00409552887856557
"2415",2000,223,0.00435336521830793
"2416",2000,224,0.00421095789049189
"2417",2000,225,0.00394192786112213
"2418",2000,226,0.004051095440668
"2419",2000,227,0.00372696072675015
"2420",2000,228,0.00324046846484268
"2421",2000,229,0.00107455351892096
"2422",2000,230,0.00108326585161996
"2423",2000,231,0.00104141430571536
"2424",2000,232,0.00100272960360538
"2425",2000,233,0.000989037688030813
"2426",2000,234,0.000995441629529397
"2427",2000,235,0.000963894428945572
"2428",2000,236,0.000938862778542936
"2429",2000,237,0.000911465673725966
"2430",2000,238,0.000897139400624089
"2431",2000,239,0.000884984089877119
"2432",2000,240,0.000871839642152157
"2433",2000,241,0.000860241867524039
"2434",2000,242,0.000840720923675518
"2435",2000,243,0.000825922361446282
"2436",2000,244,0.161531497897952
"2437",2000,245,0.0112718795040791
"2438",2000,246,0.00806895517671641
"2439",2000,247,0.00641669959273798
"2440",2000,248,0.00580054786740697
"2441",2000,249,0.00551865663253421
"2442",2000,250,0.00451735918947943
"2443",2000,251,0.00369805351933993
"2444",2000,252,0.0038066520808329
"2445",2000,253,0.00355229845836664
"2446",2000,254,0.00313839255866571
"2447",2000,255,0.00291871103029011
"2448",2000,256,0.0028703819609794
"2449",2000,257,0.00288657508014702
"2450",2000,258,0.00172604901681596
"2451",2000,259,0.000592758933456745
"2452",2000,260,0.000581584315740521
"2453",2000,261,0.000560466852259713
"2454",2000,262,0.000535734920758366
"2455",2000,263,0.185063576082903
"2456",2000,264,0.16423198140596
"2457",2000,265,0.134360166001904
"2458",2000,266,0.131647396017406
"2459",2000,267,0.127372466592516
"2460",2000,268,0.127289221707397
"2461",2000,269,0.110416042026058
"2462",2000,270,0.123031046836062
"2463",2000,271,0.129633081275928
"2464",2000,272,0.132477452210832
"2465",2000,273,0.135274852673567
"2466",2000,274,0.133174598630086
"2467",2000,275,0.150686144626768
"2468",2000,276,0.107959038859427
"2469",2000,277,0.0341182760993075
"2470",2000,278,0.0308279474368115
"2471",2000,279,0.100434926770267
"2472",2000,280,0.0670600124358926
"2473",2000,281,0.0648936540640823
"2474",2000,282,0.0762627790332331
"2475",2000,283,0.0824709983800468
"2476",2000,284,0.0875237152597592
"2477",2000,285,0.0886853715572933
"2478",2000,286,0.0832498068818197
"2479",2000,287,0.0778750909327319
"2480",2000,288,0.0668659543175305
"2481",2000,289,0.05621302429216
"2482",2000,290,0.0184586289307224
"2483",2000,291,0.0183108290811849
"2484",2000,292,0.0188784478698485
"2485",2000,293,0.0174074522871392
"2486",2000,294,0.0150837103353763
"2487",2000,295,0.0154125064524096
"2488",2000,296,0.0133809663578773
"2489",2000,297,0.0124760929877636
"2490",2000,298,0.0138318220873823
"2491",2000,299,0.012309413199157
"2492",2000,300,0.0114391157063696
"2493",2000,301,0.0104205963023889
"2494",2000,302,0.0117077200572229
"2495",2000,303,0.0107958862221883
"2496",2000,304,0.00953161374337143
"2497",2000,305,0.0685080534884442
"2498",2000,306,0.0641857058600149
"2499",2000,307,0.0385507571220206
"2500",2000,308,0.0344373791925769
"2501",2000,309,0.0389976263694552
"2502",2000,310,0.0359876668767262
"2503",2000,311,0.0256001646095267
"2504",2000,312,0.0221032949931387
"2505",2000,313,0.0230868158333963
"2506",2000,314,0.0273340847364851
"2507",2000,315,0.0209804739529033
"2508",2000,316,0.0180480374542232
"2509",2000,317,0.0172750783789897
"2510",2000,318,0.0205829625276541
"2511",2000,319,0.0215735223978482
"2512",2000,320,0.0216295245564153
"2513",2000,321,0.0201010373627685
"2514",2000,322,0.0199540884858867
"2515",2000,323,0.0217719788971325
"2516",2000,324,0.024007323547136
"2517",2000,325,0.0225532033204648
"2518",2000,326,0.0257055430179006
"2519",2000,327,0.0267308420490241
"2520",2000,328,0.0259127118552695
"2521",2000,329,0.0251347039002937
"2522",2000,330,0.0245542117704079
"2523",2000,331,0.0248284564742997
"2524",2000,332,0.0250981532425895
"2525",2000,333,0.0223403194027708
"2526",2000,334,0.0199337855884891
"2527",2000,335,0.0227065131125849
"2528",2000,336,0.0203072879903413
"2529",2000,337,0.0186708180594651
"2530",2000,338,0.0228626330726897
"2531",2000,339,0.0209895875870242
"2532",2000,340,0.0208528374021978
"2533",2000,341,0.0219553523724951
"2534",2000,342,0.0274049687226486
"2535",2000,343,0.0225142452245193
"2536",2000,344,0.0211085978105673
"2537",2000,345,0.0113440148223911
"2538",2000,346,0.0067549019499541
"2539",2000,347,0.00751683255511843
"2540",2000,348,0.00934136454796187
"2541",2000,349,0.016344994420272
"2542",2000,350,0.0188048421842601
"2543",2000,351,0.0120050587084917
"2544",2000,352,0.0169689764600742
"2545",2000,353,0.0168271977223263
"2546",2000,354,0.0177149022631591
"2547",2000,355,0.0151226897507783
"2548",2000,356,0.0112606442396687
"2549",2000,357,0.015718998336996
"2550",2000,358,0.0167877386096637
"2551",2000,359,0.0145012467523386
"2552",2000,360,0.0157752286785589
"2553",2000,361,0.0144590428095362
"2554",2000,362,0.0217154119033389
"2555",2000,363,0.0213177390460712
"2556",2000,364,0.0180866786484204
"2557",2000,365,0.0178740942422745
"2558",2001,1,0.0175819723236484
"2559",2001,2,0.0199117414489201
"2560",2001,3,0.0254865003405568
"2561",2001,4,0.0305545080618993
"2562",2001,5,0.0292543145943517
"2563",2001,6,0.0258975224318558
"2564",2001,7,0.0241637072375279
"2565",2001,8,0.000877586754120233
"2566",2001,9,0.0185614725130805
"2567",2001,10,0.0205770537760184
"2568",2001,11,0.0212787892072372
"2569",2001,12,0.0204084469586327
"2570",2001,13,0.0181607247291447
"2571",2001,14,0.0178125258991887
"2572",2001,15,0.0166040288312216
"2573",2001,16,0.0152034959727757
"2574",2001,17,0.0165771460977648
"2575",2001,18,0.0252802653768749
"2576",2001,19,0.0245585636957724
"2577",2001,20,0.0284854739002853
"2578",2001,21,0.0284818767711746
"2579",2001,22,0.0328713216143396
"2580",2001,23,0.0255329361003789
"2581",2001,24,0.0220760857249758
"2582",2001,25,0.0247534740673055
"2583",2001,26,0.0204029944490341
"2584",2001,27,0.0130773460969242
"2585",2001,28,0.0298179252208822
"2586",2001,29,0.0336447486271808
"2587",2001,30,0.0343184284343172
"2588",2001,31,0.0335360285927492
"2589",2001,32,0.0330462566617469
"2590",2001,33,0.0418882133298805
"2591",2001,34,0.0220910710047417
"2592",2001,35,0.00643457425935166
"2593",2001,36,0.0482159713815891
"2594",2001,37,0.0407566761435772
"2595",2001,38,0.0292595971628818
"2596",2001,39,0.0198164352124864
"2597",2001,40,0.0159665591340645
"2598",2001,41,0.0334328019392384
"2599",2001,42,0.0381128665919298
"2600",2001,43,0.035005544390157
"2601",2001,44,0.0374622861271247
"2602",2001,45,0.0272948841639839
"2603",2001,46,0.028074728504698
"2604",2001,47,0.0319599539210055
"2605",2001,48,0.0408764675419492
"2606",2001,49,0.0504024892246423
"2607",2001,50,0.059252191947645
"2608",2001,51,0.0525749888381504
"2609",2001,52,0.0613794930709429
"2610",2001,53,0.0643309357207038
"2611",2001,54,0.059999563970555
"2612",2001,55,0.0578853205073541
"2613",2001,56,0.0540881811497052
"2614",2001,57,0.0544328801205536
"2615",2001,58,0.042972228143497
"2616",2001,59,0.0484832996674333
"2617",2001,60,0.0584739475293173
"2618",2001,61,0.0667253418163732
"2619",2001,62,0.0697815860064628
"2620",2001,63,0.072575164252569
"2621",2001,64,0.0844593200373517
"2622",2001,65,0.0909829279515157
"2623",2001,66,0.0908593504390706
"2624",2001,67,0.0939206703099398
"2625",2001,68,0.0973153656061388
"2626",2001,69,0.0886741394649352
"2627",2001,70,0.0825779525872323
"2628",2001,71,0.0951791254448104
"2629",2001,72,0.102134848290161
"2630",2001,73,0.103527741784687
"2631",2001,74,0.0849550451212792
"2632",2001,75,0.0861762382469516
"2633",2001,76,0.0952261387853659
"2634",2001,77,0.101521022966273
"2635",2001,78,0.113619037601661
"2636",2001,79,0.126845160076138
"2637",2001,80,0.131812657638435
"2638",2001,81,0.136286401577846
"2639",2001,82,0.071938492921876
"2640",2001,83,0.0746628310670113
"2641",2001,84,0.0765843951317043
"2642",2001,85,0.0884670936487915
"2643",2001,86,0.1207220273788
"2644",2001,87,0.063474979528856
"2645",2001,88,0.0796876177031746
"2646",2001,89,0.0198769633898447
"2647",2001,90,0.0194092707869582
"2648",2001,91,0.0225822852775551
"2649",2001,92,0.137036184823192
"2650",2001,93,0.147077791593447
"2651",2001,94,0.151703842163872
"2652",2001,95,0.13661327324812
"2653",2001,96,0.158131400691683
"2654",2001,97,0.160353770696428
"2655",2001,98,0.137242421982613
"2656",2001,99,0.126154284604583
"2657",2001,100,0.119288573607321
"2658",2001,101,0.12701733648257
"2659",2001,102,0.123977729928605
"2660",2001,103,0.132144021688472
"2661",2001,104,0.133203488385923
"2662",2001,105,0.119043818865034
"2663",2001,106,0.0350508292511586
"2664",2001,107,0.0413122528914567
"2665",2001,108,0.0496532972241827
"2666",2001,109,0.0504716141421759
"2667",2001,110,0.181990671054182
"2668",2001,111,0.168292200765358
"2669",2001,112,0.156766318991108
"2670",2001,113,0.148978148197144
"2671",2001,114,0.167746062975611
"2672",2001,115,0.190250427099579
"2673",2001,116,0.204610450497193
"2674",2001,117,0.219894733343301
"2675",2001,118,0.251991507587295
"2676",2001,119,0.212719553624254
"2677",2001,120,0.208242450270722
"2678",2001,121,0.0786488660375712
"2679",2001,122,0.0627364953809291
"2680",2001,123,0.198814650262265
"2681",2001,124,0.113003443143024
"2682",2001,125,0.075599383768748
"2683",2001,126,0.210268295561249
"2684",2001,127,0.0800123491438442
"2685",2001,128,0.088589184367653
"2686",2001,129,0.0969581372799621
"2687",2001,130,0.0938012734763371
"2688",2001,131,0.0935043937846432
"2689",2001,132,0.10421637055393
"2690",2001,133,0.114371057577975
"2691",2001,134,0.120265113057994
"2692",2001,135,0.116232755946805
"2693",2001,136,0.111444435751554
"2694",2001,137,0.10428915645166
"2695",2001,138,0.109590205603612
"2696",2001,139,0.115193955495173
"2697",2001,140,0.248256428004472
"2698",2001,141,0.212833064226226
"2699",2001,142,0.109628553700303
"2700",2001,143,0.11645356067793
"2701",2001,144,0.115603293918644
"2702",2001,145,0.116960623720958
"2703",2001,146,0.131712786838594
"2704",2001,147,0.136239849329836
"2705",2001,148,0.133699530955382
"2706",2001,149,0.140766415150068
"2707",2001,150,0.13847305101917
"2708",2001,151,0.138524496628447
"2709",2001,152,0.143798931147749
"2710",2001,153,0.143755946000442
"2711",2001,154,0.315096223991613
"2712",2001,155,0.288299533303662
"2713",2001,156,0.272074756696284
"2714",2001,157,0.300912357678724
"2715",2001,158,0.310174142308083
"2716",2001,159,0.321665664032176
"2717",2001,160,0.37986468443405
"2718",2001,161,0.33856774320466
"2719",2001,162,0.18364171725981
"2720",2001,163,0.181821048807051
"2721",2001,164,0.326872834973421
"2722",2001,165,0.305443830578604
"2723",2001,166,0.30518600910995
"2724",2001,167,0.330574563558413
"2725",2001,168,0.34686164124094
"2726",2001,169,0.296799366678938
"2727",2001,170,0.170690071524574
"2728",2001,171,0.16887318039615
"2729",2001,172,0.171990405945783
"2730",2001,173,0.18248912460749
"2731",2001,174,0.188484281578461
"2732",2001,175,0.173162211426541
"2733",2001,176,0.136819887157004
"2734",2001,177,0.111798044461537
"2735",2001,178,0.0962682221790346
"2736",2001,179,0.0833199384210346
"2737",2001,180,0.068884764818512
"2738",2001,181,0.0654269613279742
"2739",2001,182,0.0605328420996788
"2740",2001,183,0.0504599069165518
"2741",2001,184,0.311754219736646
"2742",2001,185,0.189615702917317
"2743",2001,186,0.0362965731576092
"2744",2001,187,0.0357750156889906
"2745",2001,188,0.404872380963039
"2746",2001,189,0.408115805189497
"2747",2001,190,0.403103717373388
"2748",2001,191,0.385053821591405
"2749",2001,192,0.390710538938414
"2750",2001,193,0.360197330494858
"2751",2001,194,0.358408797586305
"2752",2001,195,0.360286240514966
"2753",2001,196,0.311950682079522
"2754",2001,197,0.175666398763658
"2755",2001,198,0.175253881624081
"2756",2001,199,0.174312907850378
"2757",2001,200,0.178279501931549
"2758",2001,201,0.183751856820424
"2759",2001,202,0.186995883320117
"2760",2001,203,0.185327843035756
"2761",2001,204,0.178619088355165
"2762",2001,205,0.176836926439988
"2763",2001,206,0.184092641362976
"2764",2001,207,0.175111768050011
"2765",2001,208,0.179336686533138
"2766",2001,209,0.187517274171184
"2767",2001,210,0.188499183669679
"2768",2001,211,0.185545379790276
"2769",2001,212,0.186572227542514
"2770",2001,213,0.174347974147893
"2771",2001,214,0.181359132943059
"2772",2001,215,0.175343361738726
"2773",2001,216,0.149346504331363
"2774",2001,217,0.12524780055617
"2775",2001,218,0.0995322079008788
"2776",2001,219,0.0934736662658481
"2777",2001,220,0.354331625812556
"2778",2001,221,0.222319141177759
"2779",2001,222,0.34312822693333
"2780",2001,223,0.281952301544831
"2781",2001,224,0.210775136230602
"2782",2001,225,0.0604017818788948
"2783",2001,226,0.367597195221053
"2784",2001,227,0.35762636780034
"2785",2001,228,0.311967689091837
"2786",2001,229,0.296110138569333
"2787",2001,230,0.125895235777848
"2788",2001,231,0.0443164742924815
"2789",2001,232,0.0316228799700389
"2790",2001,233,0.0293079523921904
"2791",2001,234,0.0280389722595521
"2792",2001,235,0.0263154771613581
"2793",2001,236,0.0248864974836415
"2794",2001,237,0.0242417831072307
"2795",2001,238,0.0223952091114313
"2796",2001,239,0.0215884314528064
"2797",2001,240,0.224880225145651
"2798",2001,241,0.119063983726701
"2799",2001,242,0.0157360533843706
"2800",2001,243,0.0156166996957961
"2801",2001,244,0.015248047550641
"2802",2001,245,0.0115422340367233
"2803",2001,246,0.00796381610543106
"2804",2001,247,0.00781217718602041
"2805",2001,248,0.182240935106929
"2806",2001,249,0.00921691300183508
"2807",2001,250,0.20457892324888
"2808",2001,251,0.196392057856614
"2809",2001,252,0.172530429740365
"2810",2001,253,0.181527432428221
"2811",2001,254,0.158826530959085
"2812",2001,255,0.120474057717333
"2813",2001,256,0.0173417734683135
"2814",2001,257,0.0094705416909864
"2815",2001,258,0.166312184254218
"2816",2001,259,0.126775053766585
"2817",2001,260,0.0989903612870125
"2818",2001,261,0.00647715055384577
"2819",2001,262,0.0061574380161696
"2820",2001,263,0.00567154490094681
"2821",2001,264,0.00556146876057631
"2822",2001,265,0.00521725725967536
"2823",2001,266,0.00417518726761077
"2824",2001,267,0.00313089295817077
"2825",2001,268,0.00315622859605552
"2826",2001,269,0.00310079082382508
"2827",2001,270,0.0030219177491517
"2828",2001,271,0.00295457464612614
"2829",2001,272,0.00264325615243104
"2830",2001,273,0.00235319350201246
"2831",2001,274,0.00235725367409729
"2832",2001,275,0.00217197852618146
"2833",2001,276,0.00187566198350592
"2834",2001,277,0.114941990673948
"2835",2001,278,0.109068171081024
"2836",2001,279,0.0950012632149566
"2837",2001,280,0.102290754782978
"2838",2001,281,0.0981977135676453
"2839",2001,282,0.113957920327564
"2840",2001,283,0.0805835302067725
"2841",2001,284,0.0815046326762815
"2842",2001,285,0.0749540873159628
"2843",2001,286,0.0977540933700811
"2844",2001,287,0.0667333395843221
"2845",2001,288,0.0620664912933114
"2846",2001,289,0.0686994684308473
"2847",2001,290,0.0774209920225545
"2848",2001,291,0.065042099139186
"2849",2001,292,0.0666168841359962
"2850",2001,293,0.0614887562688224
"2851",2001,294,0.058735732032307
"2852",2001,295,0.0442835209242606
"2853",2001,296,0.0142287018031994
"2854",2001,297,0.0111139586090657
"2855",2001,298,0.00985274069780417
"2856",2001,299,0.0102069425031199
"2857",2001,300,0.011141450455581
"2858",2001,301,0.0120060134797361
"2859",2001,302,0.00923994166314583
"2860",2001,303,0.00996724013137062
"2861",2001,304,0.0818758821797735
"2862",2001,305,0.0500737960190134
"2863",2001,306,0.0456997058629306
"2864",2001,307,0.0457530173500801
"2865",2001,308,0.0461228947760158
"2866",2001,309,0.0406248038662643
"2867",2001,310,0.00921226718846494
"2868",2001,311,0.00780341488566953
"2869",2001,312,0.0057415550431231
"2870",2001,313,0.00689244996908648
"2871",2001,314,0.00366896800056696
"2872",2001,315,0.00350545818805634
"2873",2001,316,0.00324200044670691
"2874",2001,317,0.00325851542935213
"2875",2001,318,0.00304059058306203
"2876",2001,319,0.00278559290046795
"2877",2001,320,0.00280653206043868
"2878",2001,321,0.00247144012278614
"2879",2001,322,0.0315968091644668
"2880",2001,323,0.0216469240999784
"2881",2001,324,0.0332111339806723
"2882",2001,325,0.0387623968949676
"2883",2001,326,0.0382126657908991
"2884",2001,327,0.0341023170703262
"2885",2001,328,0.0316238029230275
"2886",2001,329,0.0257169368628988
"2887",2001,330,0.0198550986908281
"2888",2001,331,0.015722350030002
"2889",2001,332,0.0149492725169606
"2890",2001,333,0.019357613980095
"2891",2001,334,0.0249860328446178
"2892",2001,335,0.0237052853429195
"2893",2001,336,0.0319750999230173
"2894",2001,337,0.0331443265812481
"2895",2001,338,0.0276788287156909
"2896",2001,339,0.0232595463970524
"2897",2001,340,0.0273935929629086
"2898",2001,341,0.0223856182890475
"2899",2001,342,0.0230793296966681
"2900",2001,343,0.0270279732126268
"2901",2001,344,0.0207932525452624
"2902",2001,345,0.0190209059207906
"2903",2001,346,0.0171587837840339
"2904",2001,347,0.0186932220459409
"2905",2001,348,0.0229943480824148
"2906",2001,349,0.0210629892034318
"2907",2001,350,0.0191677300928595
"2908",2001,351,0.0268157785034642
"2909",2001,352,0.0186237006173311
"2910",2001,353,0.016838597357395
"2911",2001,354,0.0169631051694738
"2912",2001,355,0.0196159254355852
"2913",2001,356,0.0170213730637219
"2914",2001,357,0.0164785543349237
"2915",2001,358,0.0170088153545062
"2916",2001,359,0.0186240327468022
"2917",2001,360,0.0217734971143576
"2918",2001,361,0.020843696305358
"2919",2001,362,0.0161377329848856
"2920",2001,363,0.0138556798758167
"2921",2001,364,0.013941794338984
"2922",2001,365,0.0130382838400344
"2923",2002,1,0.0142689388186271
"2924",2002,2,0.0151005458786634
"2925",2002,3,0.0243511080479572
"2926",2002,4,0.0247593055198561
"2927",2002,5,0.0223749618226167
"2928",2002,6,0.0241537763542785
"2929",2002,7,0.0347077050232556
"2930",2002,8,0.0417215260450927
"2931",2002,9,0.0343166570597576
"2932",2002,10,0.0276243821149274
"2933",2002,11,0.0288392030636858
"2934",2002,12,0.0283432370272857
"2935",2002,13,0.0313402072578096
"2936",2002,14,0.0237254089438853
"2937",2002,15,0.0191602274125166
"2938",2002,16,0.0187178484056914
"2939",2002,17,0.0174005959800717
"2940",2002,18,0.0179419159910416
"2941",2002,19,0.0231101745378052
"2942",2002,20,0.0281052848026526
"2943",2002,21,0.03870209449262
"2944",2002,22,0.0334027830260385
"2945",2002,23,0.0252108221208385
"2946",2002,24,0.0316059221032579
"2947",2002,25,0.046391992280664
"2948",2002,26,0.05152998192157
"2949",2002,27,0.0200067204356741
"2950",2002,28,0.0200341657953683
"2951",2002,29,0.0174340450033768
"2952",2002,30,0.0177903235695797
"2953",2002,31,0.0195403631753203
"2954",2002,32,0.0284896795352921
"2955",2002,33,0.0306012422985161
"2956",2002,34,0.0302967882426092
"2957",2002,35,0.0298239413556445
"2958",2002,36,0.0319547315881203
"2959",2002,37,0.0187532047885186
"2960",2002,38,0.0060500191901423
"2961",2002,39,0.00458273164834856
"2962",2002,40,0.0435167087667324
"2963",2002,41,0.044736098404964
"2964",2002,42,0.0622927069849668
"2965",2002,43,0.0471002174627127
"2966",2002,44,0.053503499818347
"2967",2002,45,0.0232983890743172
"2968",2002,46,0.00334031435424192
"2969",2002,47,0.00408476082622274
"2970",2002,48,0.00417701105758125
"2971",2002,49,0.00360713267281601
"2972",2002,50,0.074011539861371
"2973",2002,51,0.0497616223786629
"2974",2002,52,0.00691849938898139
"2975",2002,53,0.00713789866827948
"2976",2002,54,0.00608776827402297
"2977",2002,55,0.00355959341414327
"2978",2002,56,0.0311189679373431
"2979",2002,57,0.035438858764412
"2980",2002,58,0.0458051285386088
"2981",2002,59,0.00831216638337485
"2982",2002,60,0.0361885952154674
"2983",2002,61,0.0282875846181983
"2984",2002,62,0.00356021276063127
"2985",2002,63,0.00591673832119774
"2986",2002,64,0.00727252123892861
"2987",2002,65,0.00545651116330677
"2988",2002,66,0.00537593496848165
"2989",2002,67,0.0438567680175739
"2990",2002,68,0.0514579578559403
"2991",2002,69,0.0897753897553624
"2992",2002,70,0.0971499961109867
"2993",2002,71,0.121130100131339
"2994",2002,72,0.0916683424515322
"2995",2002,73,0.0738618314249373
"2996",2002,74,0.061289391241139
"2997",2002,75,0.0554485521150748
"2998",2002,76,0.0660177402395806
"2999",2002,77,0.0734931996048477
"3000",2002,78,0.0708938382881895
"3001",2002,79,0.0775014500573216
"3002",2002,80,0.0511300543022156
"3003",2002,81,0.0780213760801381
"3004",2002,82,0.0974581845459737
"3005",2002,83,0.0758865903761792
"3006",2002,84,0.0725773456198275
"3007",2002,85,0.098382192878401
"3008",2002,86,0.133514316411385
"3009",2002,87,0.119376765551011
"3010",2002,88,0.125422556907387
"3011",2002,89,0.125277883336042
"3012",2002,90,0.14826350796391
"3013",2002,91,0.147023067020309
"3014",2002,92,0.0818773936042474
"3015",2002,93,0.103304986065467
"3016",2002,94,0.142352206845678
"3017",2002,95,0.160293426522364
"3018",2002,96,0.195862441364519
"3019",2002,97,0.0282120757635593
"3020",2002,98,0.151518211885516
"3021",2002,99,0.139236271418431
"3022",2002,100,0.179681982978054
"3023",2002,101,0.133810140666573
"3024",2002,102,0.0260045250363596
"3025",2002,103,0.0288960133718613
"3026",2002,104,0.03133120820786
"3027",2002,105,0.0274935304048167
"3028",2002,106,0.0194648430192386
"3029",2002,107,0.0199382582820863
"3030",2002,108,0.0178696804908717
"3031",2002,109,0.138164189406433
"3032",2002,110,0.112378394531475
"3033",2002,111,0.157139037466598
"3034",2002,112,0.150405400075819
"3035",2002,113,0.149442596224359
"3036",2002,114,0.0154561863664452
"3037",2002,115,0.0115994927005059
"3038",2002,116,0.168301952358045
"3039",2002,117,0.182257370220303
"3040",2002,118,0.200838701076707
"3041",2002,119,0.186481987176499
"3042",2002,120,0.190784112415542
"3043",2002,121,0.179219340234337
"3044",2002,122,0.166630574211436
"3045",2002,123,0.201395134557634
"3046",2002,124,0.196369023046773
"3047",2002,125,0.205642232834293
"3048",2002,126,0.0741443805607306
"3049",2002,127,0.0646446410938628
"3050",2002,128,0.186260232968769
"3051",2002,129,0.0584825555807062
"3052",2002,130,0.066653898963254
"3053",2002,131,0.222370894139815
"3054",2002,132,0.206617556400219
"3055",2002,133,0.224613503333693
"3056",2002,134,0.253117703011216
"3057",2002,135,0.236433304587684
"3058",2002,136,0.246872716295495
"3059",2002,137,0.222179701637171
"3060",2002,138,0.240973282492068
"3061",2002,139,0.227826750416278
"3062",2002,140,0.0939778843648782
"3063",2002,141,0.293006868025081
"3064",2002,142,0.257342816885863
"3065",2002,143,0.189180509693302
"3066",2002,144,0.180477164137945
"3067",2002,145,0.0548496643809938
"3068",2002,146,0.0307528315447617
"3069",2002,147,0.0230460675505873
"3070",2002,148,0.0162869168868262
"3071",2002,149,0.0157785028250122
"3072",2002,150,0.0155314928543004
"3073",2002,151,0.0149067577216648
"3074",2002,152,0.0144145055971162
"3075",2002,153,0.248767511892941
"3076",2002,154,0.302495171943432
"3077",2002,155,0.254450229833665
"3078",2002,156,0.217368544233583
"3079",2002,157,0.0546861400426709
"3080",2002,158,0.0248019658164465
"3081",2002,159,0.0154346191389531
"3082",2002,160,0.0135565495291004
"3083",2002,161,0.0125810209826569
"3084",2002,162,0.0117994935676477
"3085",2002,163,0.0114313402611568
"3086",2002,164,0.0101666060243347
"3087",2002,165,0.00987087889842199
"3088",2002,166,0.00951575165279146
"3089",2002,167,0.00942219544773059
"3090",2002,168,0.00966432775373587
"3091",2002,169,0.00700783443920691
"3092",2002,170,0.00492806177900982
"3093",2002,171,0.00480817218925226
"3094",2002,172,0.211010668586412
"3095",2002,173,0.0106104603436158
"3096",2002,174,0.00904217610105414
"3097",2002,175,0.00855554532105853
"3098",2002,176,0.00805988126358918
"3099",2002,177,0.00733891547317725
"3100",2002,178,0.00662373538770883
"3101",2002,179,0.00642640047385787
"3102",2002,180,0.00577144470207242
"3103",2002,181,0.00248029022353535
"3104",2002,182,0.00165769014497164
"3105",2002,183,0.00160439624783274
"3106",2002,184,0.00160662405576663
"3107",2002,185,0.00163474554718867
"3108",2002,186,0.00159609162729574
"3109",2002,187,0.00151731640255531
"3110",2002,188,0.00155332686070937
"3111",2002,189,0.00158109315203764
"3112",2002,190,0.00147629575988484
"3113",2002,191,0.00136891934993135
"3114",2002,192,0.00136712838539334
"3115",2002,193,0.00142802779326347
"3116",2002,194,0.00148628323250088
"3117",2002,195,0.00149641685509157
"3118",2002,196,0.00148346527210721
"3119",2002,197,0.00148139608674516
"3120",2002,198,0.00144771054255426
"3121",2002,199,0.00142345297637695
"3122",2002,200,0.00137308064606133
"3123",2002,201,0.00131496457189514
"3124",2002,202,0.338921423324675
"3125",2002,203,0.249030294124307
"3126",2002,204,0.17447665358067
"3127",2002,205,0.000753523872955781
"3128",2002,206,0.0429879871290852
"3129",2002,207,0.00906747194866038
"3130",2002,208,0.00721327023962213
"3131",2002,209,0.00604116403275997
"3132",2002,210,0.0055718455524613
"3133",2002,211,0.00517521188245896
"3134",2002,212,0.00476169529239849
"3135",2002,213,0.00393446670742224
"3136",2002,214,0.00389441106227496
"3137",2002,215,0.003734005034055
"3138",2002,216,0.00342174916433041
"3139",2002,217,0.380579925557529
"3140",2002,218,0.370827428814514
"3141",2002,219,0.389706378356737
"3142",2002,220,0.37815237730753
"3143",2002,221,0.311002414325765
"3144",2002,222,0.317892532768268
"3145",2002,223,0.183246971861234
"3146",2002,224,0.307650331314798
"3147",2002,225,0.28939100423712
"3148",2002,226,0.289771299327261
"3149",2002,227,0.116914158178257
"3150",2002,228,0.0936701562590005
"3151",2002,229,0.0468602679855838
"3152",2002,230,0.0226292641171479
"3153",2002,231,0.00788976100718202
"3154",2002,232,0.00792048031503911
"3155",2002,233,0.00740132112025639
"3156",2002,234,0.320032231202586
"3157",2002,235,0.296675506125946
"3158",2002,236,0.313271777988491
"3159",2002,237,0.286696854960801
"3160",2002,238,0.290260420757027
"3161",2002,239,0.266749104783762
"3162",2002,240,0.253273304879264
"3163",2002,241,0.293509531916172
"3164",2002,242,0.270604733029685
"3165",2002,243,0.243535225235504
"3166",2002,244,0.114548390631303
"3167",2002,245,0.100913593338772
"3168",2002,246,0.0926075931744132
"3169",2002,247,0.0924598177792173
"3170",2002,248,0.0839246906182498
"3171",2002,249,0.060137277345838
"3172",2002,250,0.0563907262254333
"3173",2002,251,0.0425434920410691
"3174",2002,252,0.238658553551325
"3175",2002,253,0.199522305150602
"3176",2002,254,0.199652287355482
"3177",2002,255,0.219737398828214
"3178",2002,256,0.19654181282711
"3179",2002,257,0.195909196916441
"3180",2002,258,0.201414720146082
"3181",2002,259,0.200269905990756
"3182",2002,260,0.171029086436787
"3183",2002,261,0.189247101942693
"3184",2002,262,0.155685186669414
"3185",2002,263,0.160270293169204
"3186",2002,264,0.156559208330721
"3187",2002,265,0.137355753567265
"3188",2002,266,0.133014665216865
"3189",2002,267,0.148008898334248
"3190",2002,268,0.1465905522656
"3191",2002,269,0.124302640680836
"3192",2002,270,0.120110249499557
"3193",2002,271,0.0436970554784589
"3194",2002,272,0.043649468559691
"3195",2002,273,0.0426024415921917
"3196",2002,274,0.133006837538763
"3197",2002,275,0.112865457467711
"3198",2002,276,0.0965705044733399
"3199",2002,277,0.0994614193050982
"3200",2002,278,0.0955190874518625
"3201",2002,279,0.0925021372406063
"3202",2002,280,0.0975274685706308
"3203",2002,281,0.0830252121008686
"3204",2002,282,0.0274925070679555
"3205",2002,283,0.0254526035349588
"3206",2002,284,0.0214524702171971
"3207",2002,285,0.0963528614091473
"3208",2002,286,0.0728158648848953
"3209",2002,287,0.0671961572177156
"3210",2002,288,0.0341483137516137
"3211",2002,289,0.0147024118198662
"3212",2002,290,0.014463417036922
"3213",2002,291,0.0132262302127953
"3214",2002,292,0.012541739996604
"3215",2002,293,0.0118668078626633
"3216",2002,294,0.0113674287373414
"3217",2002,295,0.0083682873387443
"3218",2002,296,0.0473573958246617
"3219",2002,297,0.0400740159713623
"3220",2002,298,0.0445666303412576
"3221",2002,299,0.0186320223406786
"3222",2002,300,0.0113070495872004
"3223",2002,301,0.00976691528024728
"3224",2002,302,0.0422415427804699
"3225",2002,303,0.030128306087737
"3226",2002,304,0.0299040007920249
"3227",2002,305,0.0314931047367568
"3228",2002,306,0.0353670995369996
"3229",2002,307,0.0404978935621585
"3230",2002,308,0.0428645861245058
"3231",2002,309,0.0466064112165836
"3232",2002,310,0.054403325982181
"3233",2002,311,0.0580586931366779
"3234",2002,312,0.0559110424213354
"3235",2002,313,0.0405016080790813
"3236",2002,314,0.0319772597660963
"3237",2002,315,0.0298843493571797
"3238",2002,316,0.0290003961857818
"3239",2002,317,0.0245439518138448
"3240",2002,318,0.00479710526119255
"3241",2002,319,0.00375651857336487
"3242",2002,320,0.0034524018487045
"3243",2002,321,0.00352815366066739
"3244",2002,322,0.00273853515726393
"3245",2002,323,0.00282584129432537
"3246",2002,324,0.00290322151312039
"3247",2002,325,0.00281891473704836
"3248",2002,326,0.00261208568844464
"3249",2002,327,0.00167876826860404
"3250",2002,328,0.0201385365554774
"3251",2002,329,0.0178914002536578
"3252",2002,330,0.0169572379288489
"3253",2002,331,0.0223765538181533
"3254",2002,332,0.0334675261562017
"3255",2002,333,0.0320890162388997
"3256",2002,334,0.0260685392226187
"3257",2002,335,0.0323499070213963
"3258",2002,336,0.0299482980963735
"3259",2002,337,0.0254488054382355
"3260",2002,338,0.0199775833246297
"3261",2002,339,0.0211829326087065
"3262",2002,340,0.0246796834399278
"3263",2002,341,0.0237860420974265
"3264",2002,342,0.0224732580753307
"3265",2002,343,0.026384613107215
"3266",2002,344,0.0279153072048948
"3267",2002,345,0.0259552050334417
"3268",2002,346,0.0205525500167698
"3269",2002,347,0.0263814933019584
"3270",2002,348,0.0300064807644905
"3271",2002,349,0.033138174879829
"3272",2002,350,0.0296210738052231
"3273",2002,351,0.0291059274336957
"3274",2002,352,0.0216072713004807
"3275",2002,353,0.0186874625103237
"3276",2002,354,0.0175171351095266
"3277",2002,355,0.0171672534186682
"3278",2002,356,0.0153994632660095
"3279",2002,357,0.0148818273814754
"3280",2002,358,0.0153261600125386
"3281",2002,359,0.0160355515844388
"3282",2002,360,0.01691343158789
"3283",2002,361,0.0265037824455729
"3284",2002,362,0.0351939227040222
"3285",2002,363,0.0334992218016511
"3286",2002,364,0.0232760909236251
"3287",2002,365,0.00239706639121912
"3288",2002,366,0.000544704564191558
"3289",2003,1,0.000668137331412617
"3290",2003,2,0.000751482968107438
"3291",2003,3,0.00090912040215615
"3292",2003,4,0.000778541581323909
"3293",2003,5,0.000777804497370559
"3294",2003,6,0.00078099341301284
"3295",2003,7,0.000858067057111521
"3296",2003,8,0.000847444728589686
"3297",2003,9,0.000568242978742708
"3298",2003,10,0.000399691881120421
"3299",2003,11,0.000443582093560774
"3300",2003,12,0.000573790504976912
"3301",2003,13,0.00079805284826317
"3302",2003,14,0.000577140987521204
"3303",2003,15,0.0237792653167976
"3304",2003,16,0.02362806153653
"3305",2003,17,0.0166646442920893
"3306",2003,18,0.000571385069053522
"3307",2003,19,0.000804858475365244
"3308",2003,20,0.000836454398416531
"3309",2003,21,0.0284128577702222
"3310",2003,22,0.0180983707655628
"3311",2003,23,0.0240425907498021
"3312",2003,24,0.0328993815868104
"3313",2003,25,0.0360291487934892
"3314",2003,26,0.0355577084085017
"3315",2003,27,0.0529049070639779
"3316",2003,28,0.054743408784127
"3317",2003,29,0.0282048317790058
"3318",2003,30,0.0397474733106764
"3319",2003,31,0.0412432536361468
"3320",2003,32,0.0519501027615904
"3321",2003,33,0.0606653315262651
"3322",2003,34,0.0271806290826701
"3323",2003,35,0.034812924005148
"3324",2003,36,0.0122854254585809
"3325",2003,37,0.0194805201269886
"3326",2003,38,0.022073478299652
"3327",2003,39,0.0300530671475323
"3328",2003,40,0.028018516032315
"3329",2003,41,0.0344548114496919
"3330",2003,42,0.0356651444821947
"3331",2003,43,0.0376920850665284
"3332",2003,44,0.0419644651371905
"3333",2003,45,0.0463024048686686
"3334",2003,46,0.042972506681064
"3335",2003,47,0.0729084721562898
"3336",2003,48,0.0536071780888129
"3337",2003,49,0.0491401529394611
"3338",2003,50,0.0489426406058862
"3339",2003,51,0.0509242237489285
"3340",2003,52,0.0289722054382384
"3341",2003,53,0.0529839461005621
"3342",2003,54,0.0254727621783648
"3343",2003,55,0.0183870885945074
"3344",2003,56,0.030320551828383
"3345",2003,57,0.0409152377612385
"3346",2003,58,0.0467939044528137
"3347",2003,59,0.0556819930334822
"3348",2003,60,0.0539977916991763
"3349",2003,61,0.0548509623369101
"3350",2003,62,0.0691678929371986
"3351",2003,63,0.0448948692034912
"3352",2003,64,0.0554913032537944
"3353",2003,65,0.0728966273697235
"3354",2003,66,0.0809694434759425
"3355",2003,67,0.0653508501255362
"3356",2003,68,0.0658677261432599
"3357",2003,69,0.0956674696132367
"3358",2003,70,0.112064194502423
"3359",2003,71,0.119119186999848
"3360",2003,72,0.0684643451165218
"3361",2003,73,0.0152025304920142
"3362",2003,74,0.0136199828514429
"3363",2003,75,0.0131413144781597
"3364",2003,76,0.110681295920386
"3365",2003,77,0.0924998148908055
"3366",2003,78,0.0913222219837818
"3367",2003,79,0.0928899582558228
"3368",2003,80,0.108953098997673
"3369",2003,81,0.123867812834155
"3370",2003,82,0.0471182913425849
"3371",2003,83,0.0944540866354228
"3372",2003,84,0.0979344483759483
"3373",2003,85,0.126391612497828
"3374",2003,86,0.103407941539604
"3375",2003,87,0.0915928679160318
"3376",2003,88,0.0988020040561447
"3377",2003,89,0.138303407088188
"3378",2003,90,0.134899523064255
"3379",2003,91,0.145797982764434
"3380",2003,92,0.135271183887529
"3381",2003,93,0.118597073608808
"3382",2003,94,0.128507242655833
"3383",2003,95,0.107780785836969
"3384",2003,96,0.105478992454394
"3385",2003,97,0.13534752755103
"3386",2003,98,0.127273970974363
"3387",2003,99,0.157206892293978
"3388",2003,100,0.160257762216515
"3389",2003,101,0.168735259819393
"3390",2003,102,0.169646144463137
"3391",2003,103,0.0518994292725297
"3392",2003,104,0.0479099785392542
"3393",2003,105,0.0462863376381794
"3394",2003,106,0.0406773862525339
"3395",2003,107,0.0416287920314469
"3396",2003,108,0.187466123592591
"3397",2003,109,0.175877287818698
"3398",2003,110,0.163229974869287
"3399",2003,111,0.153574564133697
"3400",2003,112,0.206082580557585
"3401",2003,113,0.195157235752856
"3402",2003,114,0.20138265220295
"3403",2003,115,0.183768294535606
"3404",2003,116,0.199779918292392
"3405",2003,117,0.174206194675328
"3406",2003,118,0.207416953310866
"3407",2003,119,0.207150694139022
"3408",2003,120,0.190023605495057
"3409",2003,121,0.19670627550127
"3410",2003,122,0.191047339573429
"3411",2003,123,0.21324433838343
"3412",2003,124,0.198688606515953
"3413",2003,125,0.211975933707269
"3414",2003,126,0.218184034031335
"3415",2003,127,0.207439304683202
"3416",2003,128,0.191470531459747
"3417",2003,129,0.187889194360232
"3418",2003,130,0.213026520912679
"3419",2003,131,0.197199864123133
"3420",2003,132,0.225155353139162
"3421",2003,133,0.231659209723084
"3422",2003,134,0.102700457774379
"3423",2003,135,0.111501017457453
"3424",2003,136,0.114088996423433
"3425",2003,137,0.10923480510675
"3426",2003,138,0.108210571265628
"3427",2003,139,0.0901140386400496
"3428",2003,140,0.0931420472398779
"3429",2003,141,0.111271845533692
"3430",2003,142,0.120338309482523
"3431",2003,143,0.130551870990891
"3432",2003,144,0.129260130302045
"3433",2003,145,0.137725701635247
"3434",2003,146,0.143905716977632
"3435",2003,147,0.328492867604069
"3436",2003,148,0.1510931498119
"3437",2003,149,0.161955811193404
"3438",2003,150,0.153312165161221
"3439",2003,151,0.339987778208377
"3440",2003,152,0.325722098941253
"3441",2003,153,0.317016080749368
"3442",2003,154,0.310872091988788
"3443",2003,155,0.313810942542508
"3444",2003,156,0.296059373049517
"3445",2003,157,0.294161607480009
"3446",2003,158,0.284904240368135
"3447",2003,159,0.289251109480251
"3448",2003,160,0.310741832968965
"3449",2003,161,0.348073881024606
"3450",2003,162,0.325852080096226
"3451",2003,163,0.331918218382313
"3452",2003,164,0.365530281401239
"3453",2003,165,0.367668135268963
"3454",2003,166,0.35990427305344
"3455",2003,167,0.385267919473587
"3456",2003,168,0.361551390808831
"3457",2003,169,0.330838289510526
"3458",2003,170,0.34752055467241
"3459",2003,171,0.361178052778648
"3460",2003,172,0.333092584970478
"3461",2003,173,0.370626864668983
"3462",2003,174,0.299702506986476
"3463",2003,175,0.304470676823619
"3464",2003,176,0.317264855152164
"3465",2003,177,0.31226075488012
"3466",2003,178,0.333759349394155
"3467",2003,179,0.330472816285027
"3468",2003,180,0.180795684645571
"3469",2003,181,0.194142018523882
"3470",2003,182,0.19979923953795
"3471",2003,183,0.195373085938458
"3472",2003,184,0.180683760159573
"3473",2003,185,0.174417537714342
"3474",2003,186,0.162953145341585
"3475",2003,187,0.143343220070755
"3476",2003,188,0.11286233804595
"3477",2003,189,0.10851237690997
"3478",2003,190,0.087511639108602
"3479",2003,191,0.0785523002682313
"3480",2003,192,0.0619142240209031
"3481",2003,193,0.062345602079352
"3482",2003,194,0.0628535291837364
"3483",2003,195,0.0587759080710942
"3484",2003,196,0.0464889689054773
"3485",2003,197,0.0360982831563064
"3486",2003,198,0.0361761405222498
"3487",2003,199,0.0347171520580678
"3488",2003,200,0.0324708399536651
"3489",2003,201,0.0295978105699116
"3490",2003,202,0.0277871813427862
"3491",2003,203,0.0249179038428738
"3492",2003,204,0.0250236981496773
"3493",2003,205,0.0252382226518985
"3494",2003,206,0.0242726660910955
"3495",2003,207,0.261667016582304
"3496",2003,208,0.0251391952654836
"3497",2003,209,0.0173444043522012
"3498",2003,210,0.0160029581326889
"3499",2003,211,0.014265177955155
"3500",2003,212,0.0136466925784808
"3501",2003,213,0.0130323371691738
"3502",2003,214,0.0123012565272125
"3503",2003,215,0.355404899265388
"3504",2003,216,0.325626270565468
"3505",2003,217,0.204471537338218
"3506",2003,218,0.0264002968514194
"3507",2003,219,0.0172252133190325
"3508",2003,220,0.0150281648321462
"3509",2003,221,0.0132484841235168
"3510",2003,222,0.0121676891831553
"3511",2003,223,0.0115088920821731
"3512",2003,224,0.00997341971695606
"3513",2003,225,0.00943650409746367
"3514",2003,226,0.00877164535508259
"3515",2003,227,0.00800717004621974
"3516",2003,228,0.00773131821613983
"3517",2003,229,0.00514709584243561
"3518",2003,230,0.224837765763531
"3519",2003,231,0.313657603026781
"3520",2003,232,0.312828059654465
"3521",2003,233,0.232051327571077
"3522",2003,234,0.168481594815435
"3523",2003,235,0.00833054617023699
"3524",2003,236,0.00756557964940648
"3525",2003,237,0.00714926901448929
"3526",2003,238,0.00679444726897832
"3527",2003,239,0.0064861760742335
"3528",2003,240,0.00618464280525219
"3529",2003,241,0.00580254086932298
"3530",2003,242,0.173794098040503
"3531",2003,243,0.118618861298779
"3532",2003,244,0.00326388271432859
"3533",2003,245,0.0031778392625019
"3534",2003,246,0.00309076337304364
"3535",2003,247,0.00105822318616303
"3536",2003,248,0.000775476818828692
"3537",2003,249,0.000759611819930975
"3538",2003,250,0.258374878737973
"3539",2003,251,0.252007199186127
"3540",2003,252,0.22736929993459
"3541",2003,253,0.212756175955601
"3542",2003,254,0.192889042077983
"3543",2003,255,0.218622204496493
"3544",2003,256,0.192950725726355
"3545",2003,257,0.167852526542764
"3546",2003,258,0.183996687056762
"3547",2003,259,0.191211723490698
"3548",2003,260,0.174022965534632
"3549",2003,261,0.134796150484106
"3550",2003,262,0.15012893570195
"3551",2003,263,0.153371848306652
"3552",2003,264,0.146033028639905
"3553",2003,265,0.14532009058561
"3554",2003,266,0.152610435557283
"3555",2003,267,0.0787338560738583
"3556",2003,268,0.0519623613669224
"3557",2003,269,0.047392727075944
"3558",2003,270,0.041927100223127
"3559",2003,271,0.0402613310305173
"3560",2003,272,0.0351012465565286
"3561",2003,273,0.136952536641568
"3562",2003,274,0.107294663854195
"3563",2003,275,0.109269626416321
"3564",2003,276,0.0424490327458155
"3565",2003,277,0.0350575175474254
"3566",2003,278,0.0340017372212347
"3567",2003,279,0.0324223954005182
"3568",2003,280,0.0312180981631391
"3569",2003,281,0.030627450206477
"3570",2003,282,0.0293943575139415
"3571",2003,283,0.0243966552679921
"3572",2003,284,0.019190993425281
"3573",2003,285,0.0207639445592421
"3574",2003,286,0.099825230125665
"3575",2003,287,0.0689938432993117
"3576",2003,288,0.0626614791764807
"3577",2003,289,0.031762590171669
"3578",2003,290,0.0219362686532113
"3579",2003,291,0.0191610452276074
"3580",2003,292,0.0175020220180775
"3581",2003,293,0.0162840842041963
"3582",2003,294,0.0160232018187811
"3583",2003,295,0.0148420986608022
"3584",2003,296,0.0141553114687135
"3585",2003,297,0.0102885709830627
"3586",2003,298,0.00835297418563707
"3587",2003,299,0.00870568497989497
"3588",2003,300,0.011055219985878
"3589",2003,301,0.00886967793006749
"3590",2003,302,0.0776205306137209
"3591",2003,303,0.0420635950190422
"3592",2003,304,0.0339884700633007
"3593",2003,305,0.0352090213709228
"3594",2003,306,0.0349324524736433
"3595",2003,307,0.0364925014014114
"3596",2003,308,0.0318471403877767
"3597",2003,309,0.02166051934407
"3598",2003,310,0.0232612334418869
"3599",2003,311,0.0243352937557194
"3600",2003,312,0.0263514591746585
"3601",2003,313,0.0331741149790846
"3602",2003,314,0.044213124443167
"3603",2003,315,0.0431453891552097
"3604",2003,316,0.034336435591667
"3605",2003,317,0.0378459392172906
"3606",2003,318,0.0417127604360146
"3607",2003,319,0.0403701213721587
"3608",2003,320,0.0390902732660911
"3609",2003,321,0.039978137278932
"3610",2003,322,0.0361591745332324
"3611",2003,323,0.0457121585368113
"3612",2003,324,0.0380300367427399
"3613",2003,325,0.0250749057779688
"3614",2003,326,0.0165192690527581
"3615",2003,327,0.0146960167039358
"3616",2003,328,0.0226092540811995
"3617",2003,329,0.0215571784108137
"3618",2003,330,0.0227894266758833
"3619",2003,331,0.0210524571369892
"3620",2003,332,0.0241758162562895
"3621",2003,333,0.0361623442720179
"3622",2003,334,0.033229619745642
"3623",2003,335,0.0298345870628099
"3624",2003,336,0.0305859857982371
"3625",2003,337,0.0297896140960842
"3626",2003,338,0.0211607801793958
"3627",2003,339,0.0176503863686812
"3628",2003,340,0.0298764561315069
"3629",2003,341,0.0341447797026629
"3630",2003,342,0.0228453055910726
"3631",2003,343,0.0177826971805158
"3632",2003,344,0.0134432010361474
"3633",2003,345,0.0144291348676752
"3634",2003,346,0.0138633323818204
"3635",2003,347,0.01926402535893
"3636",2003,348,0.0289289029808116
"3637",2003,349,0.021650542843616
"3638",2003,350,0.0188250822892148
"3639",2003,351,0.0254717988431077
"3640",2003,352,0.020329299522498
"3641",2003,353,0.0252570495523448
"3642",2003,354,0.030460232479271
"3643",2003,355,0.0254766656525556
"3644",2003,356,0.0195023906736851
"3645",2003,357,0.0208586656780821
"3646",2003,358,0.0227109561331547
"3647",2003,359,0.0277327972732152
"3648",2003,360,0.0262864858169868
"3649",2003,361,0.0211800242035481
"3650",2003,362,0.0178222048031234
"3651",2003,363,0.0172962924285199
"3652",2003,364,0.0191347440376021
"3653",2003,365,0.0208720258513179
"3654",2004,1,0.0286532040158799
"3655",2004,2,0.023579853663893
"3656",2004,3,0.015114005586143
"3657",2004,4,0.0121357396208797
"3658",2004,5,0.00786779952474391
"3659",2004,6,0.0102554928774703
"3660",2004,7,0.0189540892631786
"3661",2004,8,0.0269742993655854
"3662",2004,9,0.0269172206534476
"3663",2004,10,0.0310760317277145
"3664",2004,11,0.0311718363921742
"3665",2004,12,0.0284778434677944
"3666",2004,13,0.0315748445086565
"3667",2004,14,0.0346696801583919
"3668",2004,15,0.0347699990947722
"3669",2004,16,0.0346137101833962
"3670",2004,17,0.0307516853471609
"3671",2004,18,0.0273440783722652
"3672",2004,19,0.0299055407677793
"3673",2004,20,0.0328039704234002
"3674",2004,21,0.0304600394790212
"3675",2004,22,0.0346279681836287
"3676",2004,23,0.0426348902345608
"3677",2004,24,0.0416949563462188
"3678",2004,25,0.0284451407801753
"3679",2004,26,0.0217669738784037
"3680",2004,27,0.0284306858542933
"3681",2004,28,0.0261199626043712
"3682",2004,29,0.0368710733019941
"3683",2004,30,0.0463245630690893
"3684",2004,31,0.0423374030219462
"3685",2004,32,0.0327211718126574
"3686",2004,33,0.0337146922132665
"3687",2004,34,0.0379571987996636
"3688",2004,35,0.033799147471393
"3689",2004,36,0.0326909495258211
"3690",2004,37,0.0336761985840457
"3691",2004,38,0.0376648077844004
"3692",2004,39,0.0418629274443366
"3693",2004,40,0.0407213334135258
"3694",2004,41,0.0408282068739211
"3695",2004,42,0.0346547791724414
"3696",2004,43,0.0294897696303056
"3697",2004,44,0.0490019884595806
"3698",2004,45,0.0500279169931371
"3699",2004,46,0.0556698153773512
"3700",2004,47,0.0615221455317479
"3701",2004,48,0.072049987525705
"3702",2004,49,0.0889928961909709
"3703",2004,50,0.0835144288308035
"3704",2004,51,0.0701387221535207
"3705",2004,52,0.0651974230136023
"3706",2004,53,0.0699218902808361
"3707",2004,54,0.0710293392023291
"3708",2004,55,0.0796815634409789
"3709",2004,56,0.0870641740866746
"3710",2004,57,0.092432474534765
"3711",2004,58,0.0925703960570889
"3712",2004,59,0.0814363813312484
"3713",2004,60,0.0667687242495982
"3714",2004,61,0.0639842871911488
"3715",2004,62,0.0531795684100687
"3716",2004,63,0.0638700510368827
"3717",2004,64,0.0672967897679978
"3718",2004,65,0.0727555111535951
"3719",2004,66,0.0776266590074967
"3720",2004,67,0.0823739133673954
"3721",2004,68,0.107926262697696
"3722",2004,69,0.115847629105415
"3723",2004,70,0.100159038567252
"3724",2004,71,0.0936235377886844
"3725",2004,72,0.109432689086169
"3726",2004,73,0.106394362554464
"3727",2004,74,0.0976271706274905
"3728",2004,75,0.120712988477695
"3729",2004,76,0.109878930119804
"3730",2004,77,0.0987890685638572
"3731",2004,78,0.104799485690413
"3732",2004,79,0.121965647963507
"3733",2004,80,0.0951640099970093
"3734",2004,81,0.0893254976994307
"3735",2004,82,0.0416409282988665
"3736",2004,83,0.0218312507517117
"3737",2004,84,0.0220165756536013
"3738",2004,85,0.148944860697969
"3739",2004,86,0.133118099106973
"3740",2004,87,0.021118838890802
"3741",2004,88,0.0182773494314125
"3742",2004,89,0.0196288896192505
"3743",2004,90,0.0214863358102231
"3744",2004,91,0.0248262162050835
"3745",2004,92,0.0257224774551178
"3746",2004,93,0.0217097402411187
"3747",2004,94,0.0214306929383639
"3748",2004,95,0.0247470063593844
"3749",2004,96,0.0245640501416129
"3750",2004,97,0.024449725217438
"3751",2004,98,0.0226468736480144
"3752",2004,99,0.0221297675103229
"3753",2004,100,0.149705900700626
"3754",2004,101,0.11024499499277
"3755",2004,102,0.139119788092989
"3756",2004,103,0.109087979655154
"3757",2004,104,0.120975841816283
"3758",2004,105,0.0319059076582354
"3759",2004,106,0.0298790342263855
"3760",2004,107,0.0307775682609614
"3761",2004,108,0.0329876673122996
"3762",2004,109,0.190324484380424
"3763",2004,110,0.147608686279495
"3764",2004,111,0.17194758172726
"3765",2004,112,0.0277792463044292
"3766",2004,113,0.161593967609961
"3767",2004,114,0.132917551518627
"3768",2004,115,0.0297087950827447
"3769",2004,116,0.0240810362402345
"3770",2004,117,0.0266137813647954
"3771",2004,118,0.0307732946960931
"3772",2004,119,0.0309708837586856
"3773",2004,120,0.13003254410575
"3774",2004,121,0.143849846724058
"3775",2004,122,0.114583335181466
"3776",2004,123,0.0246475084075853
"3777",2004,124,0.02825582955752
"3778",2004,125,0.219671005714543
"3779",2004,126,0.0495095025762505
"3780",2004,127,0.0374011423207561
"3781",2004,128,0.034958218892591
"3782",2004,129,0.0234814565199462
"3783",2004,130,0.0212155923951344
"3784",2004,131,0.0201467099224663
"3785",2004,132,0.0205593812428807
"3786",2004,133,0.191311051899493
"3787",2004,134,0.174535376815594
"3788",2004,135,0.152363170287518
"3789",2004,136,0.128835796718491
"3790",2004,137,0.0157227704427211
"3791",2004,138,0.0148634600026988
"3792",2004,139,0.0155095723185734
"3793",2004,140,0.0161847984914072
"3794",2004,141,0.250528692531215
"3795",2004,142,0.259579156492192
"3796",2004,143,0.229928996439486
"3797",2004,144,0.174408814442621
"3798",2004,145,0.0292494999708765
"3799",2004,146,0.015605391513005
"3800",2004,147,0.0138396747605887
"3801",2004,148,0.0129906268336292
"3802",2004,149,0.01252651075529
"3803",2004,150,0.22199574482202
"3804",2004,151,0.20223423263149
"3805",2004,152,0.140094889401297
"3806",2004,153,0.0132285097697994
"3807",2004,154,0.0122653900110368
"3808",2004,155,0.0117094230482475
"3809",2004,156,0.0113717719145678
"3810",2004,157,0.0105482630750603
"3811",2004,158,0.0109550689357113
"3812",2004,159,0.0091132324238566
"3813",2004,160,0.00756676484473148
"3814",2004,161,0.00737226772654538
"3815",2004,162,0.00706326550695557
"3816",2004,163,0.00694201789058588
"3817",2004,164,0.00448634563794454
"3818",2004,165,0.00361924449361999
"3819",2004,166,0.00149619418347728
"3820",2004,167,0.00148385068220948
"3821",2004,168,0.183572841361369
"3822",2004,169,0.209312804131893
"3823",2004,170,0.267125305245114
"3824",2004,171,0.231504410808274
"3825",2004,172,0.173283751534053
"3826",2004,173,0.0302206668356414
"3827",2004,174,0.00980277083817615
"3828",2004,175,0.0082395049632475
"3829",2004,176,0.153009693008073
"3830",2004,177,0.00143394458186774
"3831",2004,178,0.00140289048595315
"3832",2004,179,0.00141490716689576
"3833",2004,180,0.00138973519029999
"3834",2004,181,0.00142753518522923
"3835",2004,182,0.219909871730807
"3836",2004,183,0.297139584993879
"3837",2004,184,0.285762467310906
"3838",2004,185,0.183366906502891
"3839",2004,186,0.233172029365529
"3840",2004,187,0.323072606965513
"3841",2004,188,0.255932300308191
"3842",2004,189,0.182219094552013
"3843",2004,190,0.213394845886046
"3844",2004,191,0.00704218729068392
"3845",2004,192,0.00657812759620169
"3846",2004,193,0.00594926630579821
"3847",2004,194,0.00560575349096256
"3848",2004,195,0.00523497704046708
"3849",2004,196,0.360262570390319
"3850",2004,197,0.243605933247224
"3851",2004,198,0.118499038669787
"3852",2004,199,0.0014114011404125
"3853",2004,200,0.00144063069260746
"3854",2004,201,0.00145787940397716
"3855",2004,202,0.306802308980323
"3856",2004,203,0.180035438551832
"3857",2004,204,0.351765859624732
"3858",2004,205,0.32546020537346
"3859",2004,206,0.325810775621897
"3860",2004,207,0.323240163769245
"3861",2004,208,0.345860466265411
"3862",2004,209,0.341866687544746
"3863",2004,210,0.33350147154829
"3864",2004,211,0.354086516238082
"3865",2004,212,0.27486693605641
"3866",2004,213,0.16678278652999
"3867",2004,214,0.145478390627464
"3868",2004,215,0.133727206677566
"3869",2004,216,0.0980191219845844
"3870",2004,217,0.0662909855754454
"3871",2004,218,0.0623872813216439
"3872",2004,219,0.0374334215426243
"3873",2004,220,0.0199339908511498
"3874",2004,221,0.0142487670853327
"3875",2004,222,0.00959952523639154
"3876",2004,223,0.00934388745324195
"3877",2004,224,0.00546890510690401
"3878",2004,225,0.00545898886307459
"3879",2004,226,0.00541902805963443
"3880",2004,227,0.00535913876859723
"3881",2004,228,0.0052010377024725
"3882",2004,229,0.00501759220629817
"3883",2004,230,0.00484590539453713
"3884",2004,231,0.00452807601740611
"3885",2004,232,0.00353916220180673
"3886",2004,233,0.00343431441191622
"3887",2004,234,0.00337834577487718
"3888",2004,235,0.00327410405941386
"3889",2004,236,0.00315768053766102
"3890",2004,237,0.00300977721940441
"3891",2004,238,0.0029358434709859
"3892",2004,239,0.00278036414866641
"3893",2004,240,0.173750367427124
"3894",2004,241,0.0985025403648666
"3895",2004,242,0.00480314265979652
"3896",2004,243,0.0041821717691444
"3897",2004,244,0.00195928135935036
"3898",2004,245,0.00192595553649429
"3899",2004,246,0.185867810032794
"3900",2004,247,0.0125735272468876
"3901",2004,248,0.239233115499674
"3902",2004,249,0.239508542337724
"3903",2004,250,0.202789119593447
"3904",2004,251,0.202905962445763
"3905",2004,252,0.2147365884644
"3906",2004,253,0.211796878651809
"3907",2004,254,0.079610259104182
"3908",2004,255,0.0620268353343009
"3909",2004,256,0.059481814492455
"3910",2004,257,0.0519307292156871
"3911",2004,258,0.190359678435603
"3912",2004,259,0.124085116209537
"3913",2004,260,0.0212657345432625
"3914",2004,261,0.0139224678181842
"3915",2004,262,0.00740624751839875
"3916",2004,263,0.170024922324864
"3917",2004,264,0.147602791810599
"3918",2004,265,0.0891276814446983
"3919",2004,266,0.0117577385242197
"3920",2004,267,0.00775075121606915
"3921",2004,268,0.00652952376090761
"3922",2004,269,0.00565037009174289
"3923",2004,270,0.00510280309697316
"3924",2004,271,0.131750065589872
"3925",2004,272,0.142152839779408
"3926",2004,273,0.109772711818476
"3927",2004,274,0.146033101735948
"3928",2004,275,0.122058513349637
"3929",2004,276,0.106541990337442
"3930",2004,277,0.112414484479128
"3931",2004,278,0.11047990696041
"3932",2004,279,0.110125946471723
"3933",2004,280,0.105788030358108
"3934",2004,281,0.104014831026414
"3935",2004,282,0.0943747925500134
"3936",2004,283,0.0511712977449742
"3937",2004,284,0.0258318027497103
"3938",2004,285,0.0226048082868734
"3939",2004,286,0.0206291443005161
"3940",2004,287,0.0171542098942071
"3941",2004,288,0.0177541534320375
"3942",2004,289,0.0886807621521132
"3943",2004,290,0.0674240671926031
"3944",2004,291,0.068019046553945
"3945",2004,292,0.0694914807240713
"3946",2004,293,0.0866209604655511
"3947",2004,294,0.0708775852564753
"3948",2004,295,0.0946789120274205
"3949",2004,296,0.0848752348386722
"3950",2004,297,0.059319117776931
"3951",2004,298,0.055647541048537
"3952",2004,299,0.074136556106349
"3953",2004,300,0.07873050942228
"3954",2004,301,0.0569374545632988
"3955",2004,302,0.0602129483059803
"3956",2004,303,0.0726807656795507
"3957",2004,304,0.0456021017615427
"3958",2004,305,0.0651277769061036
"3959",2004,306,0.0358018306975742
"3960",2004,307,0.0391240788487978
"3961",2004,308,0.0468652799011873
"3962",2004,309,0.0423939099623923
"3963",2004,310,0.0482098460918828
"3964",2004,311,0.0472714633764849
"3965",2004,312,0.0395692766098026
"3966",2004,313,0.0406228404807842
"3967",2004,314,0.0408322487961615
"3968",2004,315,0.0342003773732165
"3969",2004,316,0.0292508062181281
"3970",2004,317,0.0288859694543651
"3971",2004,318,0.0283641435774549
"3972",2004,319,0.0286884968233644
"3973",2004,320,0.0311676044091706
"3974",2004,321,0.0326487993798413
"3975",2004,322,0.0309296722483515
"3976",2004,323,0.0270639820499919
"3977",2004,324,0.0216163051190562
"3978",2004,325,0.015176295961676
"3979",2004,326,0.0080627474884473
"3980",2004,327,0.00597408152019298
"3981",2004,328,0.0276182822778142
"3982",2004,329,0.0273965666330075
"3983",2004,330,0.042504261578456
"3984",2004,331,0.0399443488485797
"3985",2004,332,0.0117715946342858
"3986",2004,333,0.020294240173499
"3987",2004,334,0.0128911703936781
"3988",2004,335,0.0159237691609333
"3989",2004,336,0.0171215165047729
"3990",2004,337,0.0176625311464574
"3991",2004,338,0.0213748857545802
"3992",2004,339,0.0249120527629048
"3993",2004,340,0.0227375542113815
"3994",2004,341,0.0223471777035731
"3995",2004,342,0.0230498703006951
"3996",2004,343,0.0273220893714202
"3997",2004,344,0.0266494293414315
"3998",2004,345,0.0269026557160396
"3999",2004,346,0.0335098857503248
"4000",2004,347,0.0263525136216344
"4001",2004,348,0.0182070449721198
"4002",2004,349,0.0202563233707297
"4003",2004,350,0.0266224026934054
"4004",2004,351,0.0255613029146889
"4005",2004,352,0.0271151187802379
"4006",2004,353,0.026622779876999
"4007",2004,354,0.0283605573755594
"4008",2004,355,0.0297648288769507
"4009",2004,356,0.0233046740318595
"4010",2004,357,0.0187041110880373
"4011",2004,358,0.0095401303875014
"4012",2004,359,0.0145450186262408
"4013",2004,360,0.0260344636620299
"4014",2004,361,0.0271059539117009
"4015",2004,362,0.0243441592017335
"4016",2004,363,0.008291220361062
"4017",2004,364,0.0236047944684434
"4018",2004,365,0.023149575429165
"4019",2005,1,0.0133869465495926
"4020",2005,2,0.0149729918474424
"4021",2005,3,0.0153283786300575
"4022",2005,4,0.0141330634243095
"4023",2005,5,0.0100133738382212
"4024",2005,6,0.0127140870369585
"4025",2005,7,0.0151167068414579
"4026",2005,8,0.0232363896494269
"4027",2005,9,0.023302775281199
"4028",2005,10,0.0224614041070295
"4029",2005,11,0.024252088152078
"4030",2005,12,0.0204902143588728
"4031",2005,13,0.0131680428636979
"4032",2005,14,0.00938254491697246
"4033",2005,15,0.010876763498956
"4034",2005,16,0.0144500694862856
"4035",2005,17,0.0256714427925317
"4036",2005,18,0.0371725466961546
"4037",2005,19,0.0440659038594438
"4038",2005,20,0.0475594544071613
"4039",2005,21,0.0449143563190242
"4040",2005,22,0.0351787977827817
"4041",2005,23,0.045885746305342
"4042",2005,24,0.0530542920309523
"4043",2005,25,0.0474969324972695
"4044",2005,26,0.0444844716053677
"4045",2005,27,0.0443377313329722
"4046",2005,28,0.0492205218182128
"4047",2005,29,0.0469109610490699
"4048",2005,30,0.0460331989576531
"4049",2005,31,0.0469174569472458
"4050",2005,32,0.0436475284439205
"4051",2005,33,0.0497753920696542
"4052",2005,34,0.0594358636655511
"4053",2005,35,0.0249892938853818
"4054",2005,36,0.0467117607789717
"4055",2005,37,0.0323449210675319
"4056",2005,38,0.037541875082433
"4057",2005,39,0.0355392730601071
"4058",2005,40,0.0420939414216467
"4059",2005,41,0.0407707859796285
"4060",2005,42,0.0404622013359115
"4061",2005,43,0.00494348904772707
"4062",2005,44,0.00448783170609633
"4063",2005,45,0.00333839855327738
"4064",2005,46,0.00236544960902324
"4065",2005,47,0.002294327348947
"4066",2005,48,0.00256598838027779
"4067",2005,49,0.00271150567696246
"4068",2005,50,0.00352896452824637
"4069",2005,51,0.00373579730145814
"4070",2005,52,0.00349115880765219
"4071",2005,53,0.0035363323348665
"4072",2005,54,0.00373329183247025
"4073",2005,55,0.00403396182326929
"4074",2005,56,0.00429555126806289
"4075",2005,57,0.00458051869789864
"4076",2005,58,0.00466036651856021
"4077",2005,59,0.00434031987491215
"4078",2005,60,0.00493899924218389
"4079",2005,61,0.00574216633196311
"4080",2005,62,0.00594895506558135
"4081",2005,63,0.0061302943060191
"4082",2005,64,0.00659446064319592
"4083",2005,65,0.00713095831619555
"4084",2005,66,0.00738284109863425
"4085",2005,67,0.00747452755926625
"4086",2005,68,0.00884590649821469
"4087",2005,69,0.00863023336346757
"4088",2005,70,0.00946116533528501
"4089",2005,71,0.00925615443495659
"4090",2005,72,0.00653162980189521
"4091",2005,73,0.00591236524310427
"4092",2005,74,0.00669261817630242
"4093",2005,75,0.00826793217206657
"4094",2005,76,0.106086478730073
"4095",2005,77,0.0197242249988028
"4096",2005,78,0.0155583054694206
"4097",2005,79,0.0154762696229772
"4098",2005,80,0.0161086865050294
"4099",2005,81,0.0160239803271304
"4100",2005,82,0.0160896908876561
"4101",2005,83,0.0946690044329764
"4102",2005,84,0.0851594091267075
"4103",2005,85,0.111240761363238
"4104",2005,86,0.151707165392595
"4105",2005,87,0.127360015378753
"4106",2005,88,0.0445668102943293
"4107",2005,89,0.0206286099773248
"4108",2005,90,0.0202893855981736
"4109",2005,91,0.0221102690831571
"4110",2005,92,0.0273503971433841
"4111",2005,93,0.0272539764181994
"4112",2005,94,0.0280950842789132
"4113",2005,95,0.027349793488281
"4114",2005,96,0.0263619945679443
"4115",2005,97,0.0308226538666817
"4116",2005,98,0.0328051156605908
"4117",2005,99,0.028560852031469
"4118",2005,100,0.0258233122097502
"4119",2005,101,0.0265059649697042
"4120",2005,102,0.0297403769288766
"4121",2005,103,0.0324673476776377
"4122",2005,104,0.032744708702115
"4123",2005,105,0.0282209203611192
"4124",2005,106,0.0331622281126133
"4125",2005,107,0.0375026813789515
"4126",2005,108,0.0362646065793557
"4127",2005,109,0.0315689638323808
"4128",2005,110,0.169374764097652
"4129",2005,111,0.160538328098308
"4130",2005,112,0.145455141867154
"4131",2005,113,0.160310211616325
"4132",2005,114,0.173759859118993
"4133",2005,115,0.171302923824614
"4134",2005,116,0.166063674156637
"4135",2005,117,0.169772929782567
"4136",2005,118,0.125267625853741
"4137",2005,119,0.130613611144634
"4138",2005,120,0.141623895625848
"4139",2005,121,0.141509956962691
"4140",2005,122,0.145773821757457
"4141",2005,123,0.170529010131845
"4142",2005,124,0.118502364385325
"4143",2005,125,0.0811386931111953
"4144",2005,126,0.264678285371032
"4145",2005,127,0.256857134524811
"4146",2005,128,0.237147990250042
"4147",2005,129,0.21641475922997
"4148",2005,130,0.243517214188603
"4149",2005,131,0.206315896469807
"4150",2005,132,0.196639013678019
"4151",2005,133,0.203481287153215
"4152",2005,134,0.222957748537171
"4153",2005,135,0.243414532380542
"4154",2005,136,0.269092116947506
"4155",2005,137,0.254296905942118
"4156",2005,138,0.242552836700331
"4157",2005,139,0.127182942619154
"4158",2005,140,0.132694695967285
"4159",2005,141,0.13069437465738
"4160",2005,142,0.124281994926377
"4161",2005,143,0.127905796847612
"4162",2005,144,0.126077053880684
"4163",2005,145,0.116140396658103
"4164",2005,146,0.114907972812011
"4165",2005,147,0.119954477410355
"4166",2005,148,0.123721808335292
"4167",2005,149,0.282627499473283
"4168",2005,150,0.256959549481282
"4169",2005,151,0.256373793580365
"4170",2005,152,0.284902224076979
"4171",2005,153,0.272973230207162
"4172",2005,154,0.278740090722268
"4173",2005,155,0.273254940748086
"4174",2005,156,0.156038843062378
"4175",2005,157,0.17507308324055
"4176",2005,158,0.159374131903086
"4177",2005,159,0.155636276317717
"4178",2005,160,0.326566648643494
"4179",2005,161,0.289405633126142
"4180",2005,162,0.291727826088256
"4181",2005,163,0.322222748130135
"4182",2005,164,0.315787074473519
"4183",2005,165,0.307238314617478
"4184",2005,166,0.347513143191884
"4185",2005,167,0.353210787893299
"4186",2005,168,0.372885599525161
"4187",2005,169,0.360894297841027
"4188",2005,170,0.205773350484036
"4189",2005,171,0.209317944257698
"4190",2005,172,0.215765870023646
"4191",2005,173,0.217157495515443
"4192",2005,174,0.207959936345856
"4193",2005,175,0.392165974725113
"4194",2005,176,0.366914944718632
"4195",2005,177,0.355121569534776
"4196",2005,178,0.180839040408628
"4197",2005,179,0.189524817517971
"4198",2005,180,0.359909668572339
"4199",2005,181,0.16939870483882
"4200",2005,182,0.181010756545581
"4201",2005,183,0.190586026067277
"4202",2005,184,0.178284407830266
"4203",2005,185,0.358991479687321
"4204",2005,186,0.175070084550293
"4205",2005,187,0.180832394172519
"4206",2005,188,0.184950226660931
"4207",2005,189,0.186678708086015
"4208",2005,190,0.18878392832599
"4209",2005,191,0.171933592913254
"4210",2005,192,0.161637990057714
"4211",2005,193,0.16699607631035
"4212",2005,194,0.166212586985768
"4213",2005,195,0.144644261830547
"4214",2005,196,0.114063405837768
"4215",2005,197,0.100614572578626
"4216",2005,198,0.0852256426236955
"4217",2005,199,0.0690727188862951
"4218",2005,200,0.0664608940064173
"4219",2005,201,0.0647300897109374
"4220",2005,202,0.0632153042046701
"4221",2005,203,0.0596079447516212
"4222",2005,204,0.263336733310356
"4223",2005,205,0.0360318716473846
"4224",2005,206,0.375428205284358
"4225",2005,207,0.329960445088555
"4226",2005,208,0.322986092694943
"4227",2005,209,0.346763866345653
"4228",2005,210,0.330721484879996
"4229",2005,211,0.144195161676099
"4230",2005,212,0.0773491641437576
"4231",2005,213,0.0321719266115513
"4232",2005,214,0.0317393904674226
"4233",2005,215,0.0276624216551365
"4234",2005,216,0.0253209900403861
"4235",2005,217,0.0261557753749826
"4236",2005,218,0.0259805499897249
"4237",2005,219,0.0254868770314936
"4238",2005,220,0.0246822937925226
"4239",2005,221,0.0237868286886595
"4240",2005,222,0.0146110797603865
"4241",2005,223,0.345403535276072
"4242",2005,224,0.343147922408508
"4243",2005,225,0.301112574329951
"4244",2005,226,0.282756340249598
"4245",2005,227,0.313386770346351
"4246",2005,228,0.318453471022707
"4247",2005,229,0.187026499719455
"4248",2005,230,0.142225936651005
"4249",2005,231,0.134089420876835
"4250",2005,232,0.117399223012424
"4251",2005,233,0.0783713554089034
"4252",2005,234,0.0368829722431175
"4253",2005,235,0.0222045409893411
"4254",2005,236,0.0136725713068136
"4255",2005,237,0.0124686235097148
"4256",2005,238,0.0116370087015934
"4257",2005,239,0.0112170272552375
"4258",2005,240,0.0106843228868752
"4259",2005,241,0.00921775728077595
"4260",2005,242,0.00781553394999643
"4261",2005,243,0.00679794744802205
"4262",2005,244,0.00673988844364943
"4263",2005,245,0.00705836296526758
"4264",2005,246,0.00695170737214987
"4265",2005,247,0.00684040138398048
"4266",2005,248,0.00654209189538648
"4267",2005,249,0.00596753218320762
"4268",2005,250,0.0059530227710373
"4269",2005,251,0.00588248250520107
"4270",2005,252,0.00585331418620221
"4271",2005,253,0.00539513184290319
"4272",2005,254,0.00493322697893311
"4273",2005,255,0.212832941805584
"4274",2005,256,0.146379858912509
"4275",2005,257,0.131799847888638
"4276",2005,258,0.111940051694972
"4277",2005,259,0.0115870080676347
"4278",2005,260,0.00930585528191551
"4279",2005,261,0.00801385676142603
"4280",2005,262,0.00744645656998581
"4281",2005,263,0.00719018750084415
"4282",2005,264,0.149615134749423
"4283",2005,265,0.134081961790023
"4284",2005,266,0.160199467762744
"4285",2005,267,0.155123094423021
"4286",2005,268,0.154232217754818
"4287",2005,269,0.13254910415995
"4288",2005,270,0.141895982586965
"4289",2005,271,0.125143952047235
"4290",2005,272,0.128969849575521
"4291",2005,273,0.128372525441269
"4292",2005,274,0.0531486391778413
"4293",2005,275,0.0349570155898019
"4294",2005,276,0.0266960956648121
"4295",2005,277,0.121119441822432
"4296",2005,278,0.0755853677116064
"4297",2005,279,0.0793139190302893
"4298",2005,280,0.0957920334418458
"4299",2005,281,0.102950273643584
"4300",2005,282,0.114123463600785
"4301",2005,283,0.0989232449962654
"4302",2005,284,0.080725061288943
"4303",2005,285,0.0814813698047643
"4304",2005,286,0.0842028742677357
"4305",2005,287,0.0858388748487537
"4306",2005,288,0.0886844807095514
"4307",2005,289,0.0862620504512173
"4308",2005,290,0.0824899111626378
"4309",2005,291,0.0829320639342215
"4310",2005,292,0.0671756371531679
"4311",2005,293,0.0306466776056996
"4312",2005,294,0.0169918080965769
"4313",2005,295,0.0136446929651754
"4314",2005,296,0.0113919621901322
"4315",2005,297,0.0132583046432538
"4316",2005,298,0.0137919050847545
"4317",2005,299,0.0129495336254838
"4318",2005,300,0.012416315800257
"4319",2005,301,0.0127838519009552
"4320",2005,302,0.0112907457011411
"4321",2005,303,0.00920812450665267
"4322",2005,304,0.00820828256676387
"4323",2005,305,0.00993052489276198
"4324",2005,306,0.0104157407999399
"4325",2005,307,0.00860671962051712
"4326",2005,308,0.00745802481605967
"4327",2005,309,0.00643925377375307
"4328",2005,310,0.006794456860979
"4329",2005,311,0.00349849971282459
"4330",2005,312,0.00366537991264633
"4331",2005,313,0.00275820609169184
"4332",2005,314,0.00326135479448492
"4333",2005,315,0.00358367546115001
"4334",2005,316,0.00274615567263518
"4335",2005,317,0.00187682770267585
"4336",2005,318,0.00197216831366329
"4337",2005,319,0.00144074827384513
"4338",2005,320,0.00152519156438092
"4339",2005,321,0.00172033126540753
"4340",2005,322,0.00179659182342674
"4341",2005,323,0.00175999949882097
"4342",2005,324,0.00180838335969568
"4343",2005,325,0.00174313111245399
"4344",2005,326,0.00172633811144406
"4345",2005,327,0.0016995881834625
"4346",2005,328,0.00139873129246565
"4347",2005,329,0.00137717950199633
"4348",2005,330,0.00135176116347611
"4349",2005,331,0.0263247419454723
"4350",2005,332,0.0197713722765059
"4351",2005,333,0.0188176550076781
"4352",2005,334,0.0185349074679939
"4353",2005,335,0.0155296342425833
"4354",2005,336,0.0179150990257552
"4355",2005,337,0.0182975389785229
"4356",2005,338,0.0146217869518654
"4357",2005,339,0.0136736981931393
"4358",2005,340,0.00998566354485031
"4359",2005,341,0.00722116534942977
"4360",2005,342,0.0097716025215327
"4361",2005,343,0.0169462133532732
"4362",2005,344,0.0223966771299335
"4363",2005,345,0.0258751729348756
"4364",2005,346,0.0233472121157576
"4365",2005,347,0.0228689675777975
"4366",2005,348,0.0180981851275128
"4367",2005,349,0.0165668718334266
"4368",2005,350,0.0126810338434065
"4369",2005,351,0.0102546668472389
"4370",2005,352,0.00919501935058763
"4371",2005,353,0.0130636381770801
"4372",2005,354,0.0188220001622445
"4373",2005,355,0.0063327056973894
"4374",2005,356,0.000695198932811539
"4375",2005,357,0.00066054078959952
"4376",2005,358,0.000569096244868927
"4377",2005,359,0.00065464369803552
"4378",2005,360,0.00067805789927335
"4379",2005,361,0.000635763484604247
"4380",2005,362,0.000633348168142126
"4381",2005,363,0.0440051543735081
"4382",2005,364,0.0190125794486907
"4383",2005,365,0.0229516504796147
"4384",2006,1,0.023210592982551
"4385",2006,2,0.0172881056907495
"4386",2006,3,0.00495917312420407
"4387",2006,4,0.00286148917285615
"4388",2006,5,0.00273983537981537
"4389",2006,6,0.00291706352240634
"4390",2006,7,0.00283274416472806
"4391",2006,8,0.0473812909073594
"4392",2006,9,0.0198614885397412
"4393",2006,10,0.0245505296818045
"4394",2006,11,0.0289024037828136
"4395",2006,12,0.0220466935250168
"4396",2006,13,0.0135237682871503
"4397",2006,14,0.00634156195371287
"4398",2006,15,0.00408215152902313
"4399",2006,16,0.00239222704941264
"4400",2006,17,0.00213459150962926
"4401",2006,18,0.00259087344973143
"4402",2006,19,0.00175240759957417
"4403",2006,20,0.00157696982902657
"4404",2006,21,0.00168175612399569
"4405",2006,22,0.00136664294033771
"4406",2006,23,0.00156872280149986
"4407",2006,24,0.0019206184945497
"4408",2006,25,0.0018121648004101
"4409",2006,26,0.0017403862082696
"4410",2006,27,0.00162788792538029
"4411",2006,28,0.00139081644939979
"4412",2006,29,0.00136807002453289
"4413",2006,30,0.00146870422026885
"4414",2006,31,0.00149164814096462
"4415",2006,32,0.00142962313832528
"4416",2006,33,0.00139595838675468
"4417",2006,34,0.00129466782088468
"4418",2006,35,0.0012324692213007
"4419",2006,36,0.0490721495123687
"4420",2006,37,0.0484456998613509
"4421",2006,38,0.0507748779321669
"4422",2006,39,0.0635384072535648
"4423",2006,40,0.0525330126302326
"4424",2006,41,0.000981004649433147
"4425",2006,42,0.000965792769650612
"4426",2006,43,0.00133967767180202
"4427",2006,44,0.00156046214036598
"4428",2006,45,0.0596941792967024
"4429",2006,46,0.042576134136345
"4430",2006,47,0.0290611685034929
"4431",2006,48,0.0156212956818486
"4432",2006,49,0.0114315929349598
"4433",2006,50,0.0207923457888709
"4434",2006,51,0.0345036491939816
"4435",2006,52,0.0465624166128392
"4436",2006,53,0.0526318000401715
"4437",2006,54,0.056899266411299
"4438",2006,55,0.0700991056538825
"4439",2006,56,0.0639314086242999
"4440",2006,57,0.0736261920931072
"4441",2006,58,0.0962310374768374
"4442",2006,59,0.108491826169107
"4443",2006,60,0.096670968115605
"4444",2006,61,0.0827812970741449
"4445",2006,62,0.0932031545836715
"4446",2006,63,0.0992594605156456
"4447",2006,64,0.0950219572926453
"4448",2006,65,0.105002911440148
"4449",2006,66,0.00720127918385294
"4450",2006,67,0.00624088554008422
"4451",2006,68,0.00626345557004158
"4452",2006,69,0.00501307408128012
"4453",2006,70,0.0688303536015453
"4454",2006,71,0.0680244620375943
"4455",2006,72,0.0553041141355467
"4456",2006,73,0.0724311628560343
"4457",2006,74,0.0932494179214961
"4458",2006,75,0.0932676738108954
"4459",2006,76,0.100089291851345
"4460",2006,77,0.115130521653942
"4461",2006,78,0.088587911018092
"4462",2006,79,0.0724425163325922
"4463",2006,80,0.071114112453524
"4464",2006,81,0.0825632397935072
"4465",2006,82,0.105275536770666
"4466",2006,83,0.117054927262738
"4467",2006,84,0.128501303793496
"4468",2006,85,0.14210530887637
"4469",2006,86,0.127389081365598
"4470",2006,87,0.151600095806434
"4471",2006,88,0.169646782998678
"4472",2006,89,0.115700289204041
"4473",2006,90,0.117667795459789
"4474",2006,91,0.133766794177034
"4475",2006,92,0.119999225868987
"4476",2006,93,0.126023394222763
"4477",2006,94,0.134288641786086
"4478",2006,95,0.166225748664717
"4479",2006,96,0.162646050548214
"4480",2006,97,0.120910548234786
"4481",2006,98,0.13332490062481
"4482",2006,99,0.0301177102366926
"4483",2006,100,0.0294846391281361
"4484",2006,101,0.0278989354239834
"4485",2006,102,0.0292624957718907
"4486",2006,103,0.0318699101632599
"4487",2006,104,0.0315323721482225
"4488",2006,105,0.0286566097197431
"4489",2006,106,0.0270242704746405
"4490",2006,107,0.193615840916654
"4491",2006,108,0.0289139150911262
"4492",2006,109,0.0261865788417414
"4493",2006,110,0.0281462826445857
"4494",2006,111,0.0292258711731166
"4495",2006,112,0.032677872172226
"4496",2006,113,0.195301008420241
"4497",2006,114,0.162890906129942
"4498",2006,115,0.129388448284348
"4499",2006,116,0.165237320725297
"4500",2006,117,0.183603427357228
"4501",2006,118,0.181041572616099
"4502",2006,119,0.186129122113941
"4503",2006,120,0.214245286020322
"4504",2006,121,0.198438356079614
"4505",2006,122,0.0709015356035986
"4506",2006,123,0.0632004446473922
"4507",2006,124,0.193317632090617
"4508",2006,125,0.178079899683286
"4509",2006,126,0.179400538014725
"4510",2006,127,0.0752037885939838
"4511",2006,128,0.239701199327272
"4512",2006,129,0.209480635626515
"4513",2006,130,0.204988477320989
"4514",2006,131,0.200564065542532
"4515",2006,132,0.21508172964969
"4516",2006,133,0.0757897509309964
"4517",2006,134,0.0719393638000692
"4518",2006,135,0.0738192089472992
"4519",2006,136,0.0711694762489696
"4520",2006,137,0.0650866616601402
"4521",2006,138,0.0687605000666246
"4522",2006,139,0.0526068461530522
"4523",2006,140,0.268867202151441
"4524",2006,141,0.290777326908385
"4525",2006,142,0.321346089013478
"4526",2006,143,0.31429372248213
"4527",2006,144,0.284573960888878
"4528",2006,145,0.292102898992483
"4529",2006,146,0.313377293311408
"4530",2006,147,0.12685651094066
"4531",2006,148,0.323556941406318
"4532",2006,149,0.264896098201416
"4533",2006,150,0.232021159101192
"4534",2006,151,0.073083371785643
"4535",2006,152,0.0425219165096653
"4536",2006,153,0.0311457975171082
"4537",2006,154,0.0287527926348197
"4538",2006,155,0.0279316904338847
"4539",2006,156,0.023729766454919
"4540",2006,157,0.0237988406732559
"4541",2006,158,0.0245980359596726
"4542",2006,159,0.0234581773302713
"4543",2006,160,0.218437512817199
"4544",2006,161,0.0163733593654291
"4545",2006,162,0.0142655799282371
"4546",2006,163,0.0149831943314823
"4547",2006,164,0.0147762624886159
"4548",2006,165,0.0133067394748224
"4549",2006,166,0.0116876666480151
"4550",2006,167,0.0105887646418656
"4551",2006,168,0.00704667736496691
"4552",2006,169,0.00675585241038789
"4553",2006,170,0.0068892841257698
"4554",2006,171,0.00658623852342349
"4555",2006,172,0.00491317954099653
"4556",2006,173,0.369572199804131
"4557",2006,174,0.381667969805855
"4558",2006,175,0.334485359302513
"4559",2006,176,0.3241266168684
"4560",2006,177,0.261799013194382
"4561",2006,178,0.0827030221697577
"4562",2006,179,0.0101464362149256
"4563",2006,180,0.010077329196997
"4564",2006,181,0.0101137105896268
"4565",2006,182,0.354709004466753
"4566",2006,183,0.38774897907268
"4567",2006,184,0.385819808393389
"4568",2006,185,0.354660873580619
"4569",2006,186,0.357866615811018
"4570",2006,187,0.349803372841503
"4571",2006,188,0.17214838194759
"4572",2006,189,0.154636113429962
"4573",2006,190,0.357621533274384
"4574",2006,191,0.27038317460107
"4575",2006,192,0.0402800894369925
"4576",2006,193,0.0188138231698761
"4577",2006,194,0.0139561896985827
"4578",2006,195,0.013281482079603
"4579",2006,196,0.0132996570595155
"4580",2006,197,0.012890128499437
"4581",2006,198,0.0116526213033681
"4582",2006,199,0.0118055748529871
"4583",2006,200,0.00868619051340667
"4584",2006,201,0.202776211875394
"4585",2006,202,0.00664461296970524
"4586",2006,203,0.00527761172778833
"4587",2006,204,0.00545586007843817
"4588",2006,205,0.00538009049635452
"4589",2006,206,0.00521318172598151
"4590",2006,207,0.00498620717603718
"4591",2006,208,0.00426252858331939
"4592",2006,209,0.00388250686253086
"4593",2006,210,0.00381347118050777
"4594",2006,211,0.00368863869156867
"4595",2006,212,0.00336548532952111
"4596",2006,213,0.309720902579162
"4597",2006,214,0.186262308361995
"4598",2006,215,0.0441274397463808
"4599",2006,216,0.0100957623053484
"4600",2006,217,0.00854018629039924
"4601",2006,218,0.0369361100234278
"4602",2006,219,0.0073941488988158
"4603",2006,220,0.00687497375004224
"4604",2006,221,0.00637816675378979
"4605",2006,222,0.00575367967627354
"4606",2006,223,0.00541249254007827
"4607",2006,224,0.160382080609375
"4608",2006,225,0.001785831611938
"4609",2006,226,0.00119403585733639
"4610",2006,227,0.00101633232454163
"4611",2006,228,0.00102712451047038
"4612",2006,229,0.00100488360322683
"4613",2006,230,0.000977447122718312
"4614",2006,231,0.000950207493190149
"4615",2006,232,0.00091217950535614
"4616",2006,233,0.000903767975736775
"4617",2006,234,0.000861979401328066
"4618",2006,235,0.000870911605349532
"4619",2006,236,0.000828382706461209
"4620",2006,237,0.195592826322424
"4621",2006,238,0.247993393292852
"4622",2006,239,0.264849385590229
"4623",2006,240,0.224261075266949
"4624",2006,241,0.202202336843723
"4625",2006,242,0.159705919165101
"4626",2006,243,0.00619438187157241
"4627",2006,244,0.00307020848398126
"4628",2006,245,0.00289987531430185
"4629",2006,246,0.00288599289547218
"4630",2006,247,0.00287181562858706
"4631",2006,248,0.00281938003156959
"4632",2006,249,0.00273317527315224
"4633",2006,250,0.00264578978009175
"4634",2006,251,0.00241608269071305
"4635",2006,252,0.170384851372723
"4636",2006,253,0.112176288708868
"4637",2006,254,0.00377440608968591
"4638",2006,255,0.00311273859372851
"4639",2006,256,0.00163392436189557
"4640",2006,257,0.00160564711435984
"4641",2006,258,0.0015211269706155
"4642",2006,259,0.174663821050225
"4643",2006,260,0.119735375041441
"4644",2006,261,0.109313658051058
"4645",2006,262,0.0978229176540032
"4646",2006,263,0.0142731790429458
"4647",2006,264,0.165164529650324
"4648",2006,265,0.147840554621208
"4649",2006,266,0.145674895013849
"4650",2006,267,0.12751037404935
"4651",2006,268,0.136284136597559
"4652",2006,269,0.142856548019293
"4653",2006,270,0.126203264662551
"4654",2006,271,0.127304814237866
"4655",2006,272,0.128424407289374
"4656",2006,273,0.0476381972385619
"4657",2006,274,0.0446248535845562
"4658",2006,275,0.0402802234471096
"4659",2006,276,0.0331371122894039
"4660",2006,277,0.0279454430069055
"4661",2006,278,0.029316651377686
"4662",2006,279,0.0299774922982098
"4663",2006,280,0.02806899941878
"4664",2006,281,0.0216883563557811
"4665",2006,282,0.10362678929166
"4666",2006,283,0.0753311084389732
"4667",2006,284,0.0687148962911701
"4668",2006,285,0.06596563584136
"4669",2006,286,0.0686696125894308
"4670",2006,287,0.0659096246525323
"4671",2006,288,0.0271359751947738
"4672",2006,289,0.0159175950929978
"4673",2006,290,0.0105572542082932
"4674",2006,291,0.00928956923135125
"4675",2006,292,0.0101035196188643
"4676",2006,293,0.00950861268315002
"4677",2006,294,0.00811897599260191
"4678",2006,295,0.00793803813182005
"4679",2006,296,0.00872605016030008
"4680",2006,297,0.00871603867597856
"4681",2006,298,0.00819012407967249
"4682",2006,299,0.00735694906404881
"4683",2006,300,0.00739885455534922
"4684",2006,301,0.00691879168912754
"4685",2006,302,0.00698002290030209
"4686",2006,303,0.00461099280657822
"4687",2006,304,0.00319757293232911
"4688",2006,305,0.00324193392475712
"4689",2006,306,0.0035450476897113
"4690",2006,307,0.0042606587842775
"4691",2006,308,0.00429651466500248
"4692",2006,309,0.00408293270293685
"4693",2006,310,0.00421487802128649
"4694",2006,311,0.00289175278565512
"4695",2006,312,0.00281565138156041
"4696",2006,313,0.0575930845682245
"4697",2006,314,0.0272300534949944
"4698",2006,315,0.0296260979485093
"4699",2006,316,0.0289152089481299
"4700",2006,317,0.0281049497887842
"4701",2006,318,0.0273259095663154
"4702",2006,319,0.0212093150626789
"4703",2006,320,0.0167026233324555
"4704",2006,321,0.00470040281135845
"4705",2006,322,0.00348628240569988
"4706",2006,323,0.00285948465901133
"4707",2006,324,0.00318312383257476
"4708",2006,325,0.00293271358971293
"4709",2006,326,0.00284684030327722
"4710",2006,327,0.00235378742149509
"4711",2006,328,0.00170540817532703
"4712",2006,329,0.00140524339924521
"4713",2006,330,0.0010465970461558
"4714",2006,331,0.00118750525978043
"4715",2006,332,0.00079357546071928
"4716",2006,333,0.00060501295707793
"4717",2006,334,0.000732908155359074
"4718",2006,335,0.000851755492662924
"4719",2006,336,0.00064324816235341
"4720",2006,337,0.000684417965260334
"4721",2006,338,0.0010337127096756
"4722",2006,339,0.00104421153791273
"4723",2006,340,0.000800158802601565
"4724",2006,341,0.000783243656480175
"4725",2006,342,0.00103505284190907
"4726",2006,343,0.00100404436699391
"4727",2006,344,0.000912573155377656
"4728",2006,345,0.000767649602905435
"4729",2006,346,0.000775198425757257
"4730",2006,347,0.000837002829593454
"4731",2006,348,0.000842672469910845
"4732",2006,349,0.000850310428091997
"4733",2006,350,0.000560377339962815
"4734",2006,351,0.0169666360536646
"4735",2006,352,0.0151003841063681
"4736",2006,353,0.0156545658105696
"4737",2006,354,0.0174812512123435
"4738",2006,355,0.0203514232021342
"4739",2006,356,0.0182006980510541
"4740",2006,357,0.00236102331917432
"4741",2006,358,0.000465220580875634
"4742",2006,359,0.000441587869983532
"4743",2006,360,0.000614359238714864
"4744",2006,361,0.000647054255078687
"4745",2006,362,0.000507940833473756
"4746",2006,363,0.000387388126735106
"4747",2006,364,0.000337185709457561
"4748",2006,365,0.000352197670420865
"4749",2006,366,0.000313803505916505
"4750",2007,1,0.000385638474702073
"4751",2007,2,0.00045512443140526
"4752",2007,3,0.000623894267623234
"4753",2007,4,0.000607812008842314
"4754",2007,5,0.000416212624980281
"4755",2007,6,0.000404184782795851
"4756",2007,7,0.000421051730849238
"4757",2007,8,0.000518634294118338
"4758",2007,9,0.000510015481161938
"4759",2007,10,0.000635381481535804
"4760",2007,11,0.0164971687082783
"4761",2007,12,0.00873396873793684
"4762",2007,13,0.0103386427523767
"4763",2007,14,0.0108194026246362
"4764",2007,15,0.0141644481660064
"4765",2007,16,0.0195004237755789
"4766",2007,17,0.0198393806010864
"4767",2007,18,0.019192545949911
"4768",2007,19,0.0233858744784894
"4769",2007,20,0.0232805270644749
"4770",2007,21,0.0260868098467422
"4771",2007,22,0.0241070138089764
"4772",2007,23,0.0324813182343748
"4773",2007,24,0.0328590047157743
"4774",2007,25,0.000755368118579527
"4775",2007,26,0.000657458402107633
"4776",2007,27,0.000444258880665846
"4777",2007,28,0.000506469935123535
"4778",2007,29,0.000492997423296509
"4779",2007,30,0.000400261279058384
"4780",2007,31,8.61287192753446e-05
"4781",2007,32,7.01052460691227e-05
"4782",2007,33,5.62682192595474e-05
"4783",2007,34,8.4249913187694e-05
"4784",2007,35,0.000117137913059741
"4785",2007,36,0.000181627561375025
"4786",2007,37,0.000197288496943369
"4787",2007,38,0.000170202049178986
"4788",2007,39,0.000144114118675015
"4789",2007,40,0.000133165652609588
"4790",2007,41,0.000177276358922603
"4791",2007,42,0.000204485370089504
"4792",2007,43,0.000147130856626626
"4793",2007,44,9.4108032804078e-05
"4794",2007,45,0.026934764827717
"4795",2007,46,0.0295486393668478
"4796",2007,47,0.049060370442325
"4797",2007,48,0.00906094398078116
"4798",2007,49,0.000525829300826409
"4799",2007,50,0.000580744620794892
"4800",2007,51,0.000661650259899155
"4801",2007,52,0.000768898097293336
"4802",2007,53,0.000942799439983801
"4803",2007,54,0.00106939273827859
"4804",2007,55,0.000955479030840468
"4805",2007,56,0.00101190632052728
"4806",2007,57,0.00109584992785212
"4807",2007,58,0.0682903207899459
"4808",2007,59,0.0635566307539096
"4809",2007,60,0.0593696644675071
"4810",2007,61,0.0515298251730048
"4811",2007,62,0.025553246510804
"4812",2007,63,0.00200531339204862
"4813",2007,64,0.00189455430276277
"4814",2007,65,0.00196474346368306
"4815",2007,66,0.00206274207988029
"4816",2007,67,0.00224241569830454
"4817",2007,68,0.0017948322903663
"4818",2007,69,0.00129509456215948
"4819",2007,70,0.00138974562223852
"4820",2007,71,0.00175617370249843
"4821",2007,72,0.00182138373545101
"4822",2007,73,0.00167226392883577
"4823",2007,74,0.00143273739015324
"4824",2007,75,0.00156120799245426
"4825",2007,76,0.00194681212598991
"4826",2007,77,0.00208450177939323
"4827",2007,78,0.00200926337331711
"4828",2007,79,0.0023417227443868
"4829",2007,80,0.00215285704383503
"4830",2007,81,0.00100104467175956
"4831",2007,82,0.000882101871634476
"4832",2007,83,0.000880896225641682
"4833",2007,84,0.00104995611926201
"4834",2007,85,0.00106244525498948
"4835",2007,86,0.151323630000793
"4836",2007,87,0.13348085827365
"4837",2007,88,0.102599744138493
"4838",2007,89,0.103491132274397
"4839",2007,90,0.120048348998467
"4840",2007,91,0.10641048641005
"4841",2007,92,0.122765361806776
"4842",2007,93,0.100169339813298
"4843",2007,94,0.105765548993468
"4844",2007,95,0.0987873466541985
"4845",2007,96,0.0888465572419927
"4846",2007,97,0.0858167263294095
"4847",2007,98,0.102291770511399
"4848",2007,99,0.13022755689305
"4849",2007,100,0.150012027533133
"4850",2007,101,0.103003450677691
"4851",2007,102,0.0259818260850612
"4852",2007,103,0.0293065260748918
"4853",2007,104,0.0332456201269134
"4854",2007,105,0.0386203525012658
"4855",2007,106,0.0385610048319532
"4856",2007,107,0.0391192411893429
"4857",2007,108,0.208500019940178
"4858",2007,109,0.183972496589676
"4859",2007,110,0.163631024933963
"4860",2007,111,0.0607412695471448
"4861",2007,112,0.200170547192544
"4862",2007,113,0.187559910434658
"4863",2007,114,0.189178946477515
"4864",2007,115,0.174653864455526
"4865",2007,116,0.175955788117395
"4866",2007,117,0.186707844340474
"4867",2007,118,0.213883376546259
"4868",2007,119,0.227612329188306
"4869",2007,120,0.080808231549456
"4870",2007,121,0.0775270870645477
"4871",2007,122,0.0825857379310899
"4872",2007,123,0.26244083270335
"4873",2007,124,0.21970529539216
"4874",2007,125,0.215132302870325
"4875",2007,126,0.204757052681683
"4876",2007,127,0.203249992527107
"4877",2007,128,0.222252250120343
"4878",2007,129,0.245026099198167
"4879",2007,130,0.24886993087967
"4880",2007,131,0.264369944596071
"4881",2007,132,0.195641226059633
"4882",2007,133,0.120742310975167
"4883",2007,134,0.105135673501457
"4884",2007,135,0.0980103065250565
"4885",2007,136,0.105367758562005
"4886",2007,137,0.116407387594609
"4887",2007,138,0.123410130046617
"4888",2007,139,0.124541136549271
"4889",2007,140,0.129887894453562
"4890",2007,141,0.317247464573577
"4891",2007,142,0.240847269824848
"4892",2007,143,0.225518221455498
"4893",2007,144,0.237345476084222
"4894",2007,145,0.269743122190799
"4895",2007,146,0.215707052637254
"4896",2007,147,0.138236887602679
"4897",2007,148,0.341952960961624
"4898",2007,149,0.286199748279797
"4899",2007,150,0.281288282490708
"4900",2007,151,0.269455498823961
"4901",2007,152,0.268352030788561
"4902",2007,153,0.283578081221408
"4903",2007,154,0.301280246159571
"4904",2007,155,0.301169233718465
"4905",2007,156,0.323840030314613
"4906",2007,157,0.348307473668234
"4907",2007,158,0.29328149125757
"4908",2007,159,0.276388828700952
"4909",2007,160,0.311175178106241
"4910",2007,161,0.331771291642948
"4911",2007,162,0.353497885505096
"4912",2007,163,0.370011287173555
"4913",2007,164,0.327157967873428
"4914",2007,165,0.331915024230877
"4915",2007,166,0.195853073775555
"4916",2007,167,0.382154114139533
"4917",2007,168,0.198933010690495
"4918",2007,169,0.170278375286804
"4919",2007,170,0.182705743285736
"4920",2007,171,0.198181802255689
"4921",2007,172,0.199696434657495
"4922",2007,173,0.195022231790774
"4923",2007,174,0.204603759722531
"4924",2007,175,0.209932095466765
"4925",2007,176,0.202137609353043
"4926",2007,177,0.184232536220959
"4927",2007,178,0.175175083684898
"4928",2007,179,0.185159083068192
"4929",2007,180,0.184434919414478
"4930",2007,181,0.177756784502717
"4931",2007,182,0.155776134230115
"4932",2007,183,0.128775526138205
"4933",2007,184,0.0985539488974211
"4934",2007,185,0.0929623283459234
"4935",2007,186,0.0748676595610533
"4936",2007,187,0.0713818837367025
"4937",2007,188,0.0698870965553828
"4938",2007,189,0.386010931870258
"4939",2007,190,0.36102574047187
"4940",2007,191,0.244813207144376
"4941",2007,192,0.0580042896876911
"4942",2007,193,0.0338733326039037
"4943",2007,194,0.034464828827648
"4944",2007,195,0.0339126913403353
"4945",2007,196,0.0338645628663315
"4946",2007,197,0.0332043282559959
"4947",2007,198,0.0333343560187487
"4948",2007,199,0.030050817020079
"4949",2007,200,0.0283208609831922
"4950",2007,201,0.0267964614435613
"4951",2007,202,0.0268320396279501
"4952",2007,203,0.0239620807782569
"4953",2007,204,0.0225964409823415
"4954",2007,205,0.0192904850289439
"4955",2007,206,0.0522931757127183
"4956",2007,207,0.359495535654559
"4957",2007,208,0.277880906621164
"4958",2007,209,0.219210117823608
"4959",2007,210,0.0198708158914198
"4960",2007,211,0.0172719555041432
"4961",2007,212,0.0169481715877511
"4962",2007,213,0.0151014160295388
"4963",2007,214,0.27251653781536
"4964",2007,215,0.145214558883987
"4965",2007,216,0.00942044881086039
"4966",2007,217,0.00779472635778993
"4967",2007,218,0.00750052388072696
"4968",2007,219,0.00723191593849902
"4969",2007,220,0.00686335782400303
"4970",2007,221,0.00607314276661162
"4971",2007,222,0.00571098538794803
"4972",2007,223,0.00531596791355829
"4973",2007,224,0.00548325854678326
"4974",2007,225,0.00546346388864033
"4975",2007,226,0.00524578451533345
"4976",2007,227,0.376383431076076
"4977",2007,228,0.314322574357697
"4978",2007,229,0.248276443494319
"4979",2007,230,0.0384650509715636
"4980",2007,231,0.233681642115922
"4981",2007,232,0.0970475929924296
"4982",2007,233,0.0109581642420526
"4983",2007,234,0.321530535498153
"4984",2007,235,0.296283262562323
"4985",2007,236,0.265437924646375
"4986",2007,237,0.281841753639057
"4987",2007,238,0.3005144676656
"4988",2007,239,0.261896062376455
"4989",2007,240,0.116525505562675
"4990",2007,241,0.111022160482957
"4991",2007,242,0.112724690324152
"4992",2007,243,0.108643323830856
"4993",2007,244,0.0946081362936004
"4994",2007,245,0.0728605950661148
"4995",2007,246,0.0595477449843857
"4996",2007,247,0.0386475635316558
"4997",2007,248,0.0317462045770237
"4998",2007,249,0.0188231300792607
"4999",2007,250,0.01049888204882
"5000",2007,251,0.00643614144607539
"5001",2007,252,0.190775198162112
"5002",2007,253,0.163616010259665
"5003",2007,254,0.156748710888104
"5004",2007,255,0.138728435057701
"5005",2007,256,0.0254908306196675
"5006",2007,257,0.0102471957575449
"5007",2007,258,0.0101981941529166
"5008",2007,259,0.00923283879425121
"5009",2007,260,0.00808470345030856
"5010",2007,261,0.00676082986827129
"5011",2007,262,0.00641223317027377
"5012",2007,263,0.00651432268550505
"5013",2007,264,0.00558713828604604
"5014",2007,265,0.00585419504747773
"5015",2007,266,0.00525113860104795
"5016",2007,267,0.00397245306891188
"5017",2007,268,0.00384533533722207
"5018",2007,269,0.00291474901196132
"5019",2007,270,0.00268651410115193
"5020",2007,271,0.00252758616690586
"5021",2007,272,0.0011510668045301
"5022",2007,273,0.00098252840955121
"5023",2007,274,0.00100966074799266
"5024",2007,275,0.000870529284933791
"5025",2007,276,0.000906898879570441
"5026",2007,277,0.000783231071483446
"5027",2007,278,0.000850704656644443
"5028",2007,279,0.126128808948136
"5029",2007,280,0.0818441368687738
"5030",2007,281,0.0916139040193669
"5031",2007,282,0.0868376889406545
"5032",2007,283,0.0828030569705892
"5033",2007,284,0.0760583879301331
"5034",2007,285,0.0649660890176081
"5035",2007,286,0.103904025934678
"5036",2007,287,0.0972501236069798
"5037",2007,288,0.0655070605929444
"5038",2007,289,0.0669467776216089
"5039",2007,290,0.0672192028234109
"5040",2007,291,0.0621897315079156
"5041",2007,292,0.0674449630601882
"5042",2007,293,0.0889394219459111
"5043",2007,294,0.0557306588640139
"5044",2007,295,0.0549961634893151
"5045",2007,296,0.066136078204502
"5046",2007,297,0.0690807203826068
"5047",2007,298,0.0733015794598593
"5048",2007,299,0.0536826473628038
"5049",2007,300,0.0484173204876028
"5050",2007,301,0.0549182750495102
"5051",2007,302,0.0583995781087235
"5052",2007,303,0.0546863045684363
"5053",2007,304,0.0387334266334528
"5054",2007,305,0.014927605919796
"5055",2007,306,0.00929909251786836
"5056",2007,307,0.00927003235185825
"5057",2007,308,0.0101977949546106
"5058",2007,309,0.00685860191627073
"5059",2007,310,0.00390023122079058
"5060",2007,311,0.00446002123636026
"5061",2007,312,0.00440028190299781
"5062",2007,313,0.00387623904476769
"5063",2007,314,0.00406513368925575
"5064",2007,315,0.00351778829213556
"5065",2007,316,0.00294406019632161
"5066",2007,317,0.00305485597820806
"5067",2007,318,0.00207871511213652
"5068",2007,319,0.00207266524194643
"5069",2007,320,0.0025183372673234
"5070",2007,321,0.00244436883224711
"5071",2007,322,0.00259608803083395
"5072",2007,323,0.00262043230834336
"5073",2007,324,0.0295379631433261
"5074",2007,325,0.0234664528880057
"5075",2007,326,0.019262935256794
"5076",2007,327,0.0145282963471782
"5077",2007,328,0.013537824421161
"5078",2007,329,0.00664984185192724
"5079",2007,330,0.0036954552022294
"5080",2007,331,0.00359766239362444
"5081",2007,332,0.00238086992755044
"5082",2007,333,0.00193203381565583
"5083",2007,334,0.00145351250483488
"5084",2007,335,0.01600241691502
"5085",2007,336,0.0155938851753183
"5086",2007,337,0.0279738573888419
"5087",2007,338,0.0379341764181999
"5088",2007,339,0.0311486143196828
"5089",2007,340,0.0222786505999632
"5090",2007,341,0.0172316154942147
"5091",2007,342,0.0151797625194028
"5092",2007,343,0.014381691894926
"5093",2007,344,0.0149234001894038
"5094",2007,345,0.0137337732866499
"5095",2007,346,0.0127578993182379
"5096",2007,347,0.0145367538916069
"5097",2007,348,0.0135301625851068
"5098",2007,349,0.0129652100998011
"5099",2007,350,0.0172767484773988
"5100",2007,351,0.0189849659388071
"5101",2007,352,0.0201024848247975
"5102",2007,353,0.0259293303868628
"5103",2007,354,0.0275663386317684
"5104",2007,355,0.0196327628639048
"5105",2007,356,0.0133539813653677
"5106",2007,357,0.0171386659666661
"5107",2007,358,0.0202504943232953
"5108",2007,359,0.0180664063852447
"5109",2007,360,0.0142818911311923
"5110",2007,361,0.0142030087634532
"5111",2007,362,0.0124614598229873
"5112",2007,363,0.0157842586517147
"5113",2007,364,0.0163914932460589
"5114",2007,365,0.0167180003844107
"5115",2008,1,0.0149964854419676
"5116",2008,2,0.0164860121915853
"5117",2008,3,0.0233751494391423
"5118",2008,4,0.0318780992691655
"5119",2008,5,0.0334611480087747
"5120",2008,6,0.0249458836364497
"5121",2008,7,0.0212986771291037
"5122",2008,8,0.0214288973411456
"5123",2008,9,0.0236882731974951
"5124",2008,10,0.0226291078957
"5125",2008,11,0.0269402248498548
"5126",2008,12,0.0269420284009514
"5127",2008,13,0.0252509724782567
"5128",2008,14,0.0281593754591411
"5129",2008,15,0.0284426855033565
"5130",2008,16,0.0169037716608866
"5131",2008,17,0.0164130259015369
"5132",2008,18,0.0186959085924824
"5133",2008,19,0.0169475940160701
"5134",2008,20,0.0176847893228308
"5135",2008,21,0.0113648291114958
"5136",2008,22,0.013736469756584
"5137",2008,23,0.0186919458483589
"5138",2008,24,0.0182284117331855
"5139",2008,25,0.0243529396452262
"5140",2008,26,0.0343743754783585
"5141",2008,27,0.0455301393144839
"5142",2008,28,0.0406160541425203
"5143",2008,29,0.0237870780371258
"5144",2008,30,0.03001630145953
"5145",2008,31,0.0296150628284839
"5146",2008,32,0.0394617639115302
"5147",2008,33,0.0348531652188921
"5148",2008,34,0.040499218450995
"5149",2008,35,0.0351318646979703
"5150",2008,36,0.0316968782471788
"5151",2008,37,0.0334081134408429
"5152",2008,38,0.0366972967820291
"5153",2008,39,0.0445084947880986
"5154",2008,40,0.0377570869166023
"5155",2008,41,0.036402752080441
"5156",2008,42,0.0454539076823575
"5157",2008,43,0.0523112612156932
"5158",2008,44,0.0633169715779747
"5159",2008,45,0.0418607297145171
"5160",2008,46,0.0479026544604109
"5161",2008,47,0.0576879128092677
"5162",2008,48,0.0520550154327578
"5163",2008,49,0.0501409260069964
"5164",2008,50,0.0626217290528758
"5165",2008,51,0.0576190220669065
"5166",2008,52,0.0313576961138572
"5167",2008,53,0.00301819675127223
"5168",2008,54,0.00323826830355697
"5169",2008,55,0.0035098853151933
"5170",2008,56,0.00313178672524508
"5171",2008,57,0.00309820618866042
"5172",2008,58,0.00381607944618395
"5173",2008,59,0.00435186480606803
"5174",2008,60,0.00452847485046456
"5175",2008,61,0.00546909236716277
"5176",2008,62,0.0040746104041666
"5177",2008,63,0.00421311344784407
"5178",2008,64,0.0779460369293833
"5179",2008,65,0.0584739553519845
"5180",2008,66,0.0655774651443887
"5181",2008,67,0.0800180604638484
"5182",2008,68,0.0910854993082028
"5183",2008,69,0.096203426752971
"5184",2008,70,0.0989178072796997
"5185",2008,71,0.112078937546655
"5186",2008,72,0.00739658402479273
"5187",2008,73,0.00672566065556529
"5188",2008,74,0.0881832576793855
"5189",2008,75,0.0879083891400749
"5190",2008,76,0.0921689590257266
"5191",2008,77,0.102080508560842
"5192",2008,78,0.10683271267344
"5193",2008,79,0.117686859167497
"5194",2008,80,0.124406643835548
"5195",2008,81,0.111196523791879
"5196",2008,82,0.10255595392249
"5197",2008,83,0.107980488047653
"5198",2008,84,0.100563490140759
"5199",2008,85,0.0133321444613694
"5200",2008,86,0.0141529086374376
"5201",2008,87,0.110494613794067
"5202",2008,88,0.0185313042564454
"5203",2008,89,0.0187464744839521
"5204",2008,90,0.106511459155136
"5205",2008,91,0.100902081716238
"5206",2008,92,0.0907117515558287
"5207",2008,93,0.112950734087379
"5208",2008,94,0.132626356965086
"5209",2008,95,0.146339458529982
"5210",2008,96,0.158201508932796
"5211",2008,97,0.139875974862751
"5212",2008,98,0.132644453086152
"5213",2008,99,0.0124608819562651
"5214",2008,100,0.00946032472999595
"5215",2008,101,0.138106140349482
"5216",2008,102,0.119623914378745
"5217",2008,103,0.118928956058016
"5218",2008,104,0.125711938428538
"5219",2008,105,0.137940442823834
"5220",2008,106,0.0130495232448811
"5221",2008,107,0.00734385459439181
"5222",2008,108,0.00648612342819527
"5223",2008,109,0.00682094499550806
"5224",2008,110,0.00719368768606177
"5225",2008,111,0.00634234356342341
"5226",2008,112,0.00472343026009503
"5227",2008,113,0.00562828563006498
"5228",2008,114,0.00619085422076733
"5229",2008,115,0.00550578425436406
"5230",2008,116,0.00504473624339368
"5231",2008,117,0.0048565811859874
"5232",2008,118,0.0054086947550656
"5233",2008,119,0.00612913448111429
"5234",2008,120,0.00449574404990286
"5235",2008,121,0.233301220918714
"5236",2008,122,0.189515976580418
"5237",2008,123,0.147646089206941
"5238",2008,124,0.166544812654073
"5239",2008,125,0.191214838934897
"5240",2008,126,0.213280001039775
"5241",2008,127,0.222505201375778
"5242",2008,128,0.248860025509199
"5243",2008,129,0.234971350973164
"5244",2008,130,0.231080016487275
"5245",2008,131,0.189165905691508
"5246",2008,132,0.219185302538547
"5247",2008,133,0.207471570927963
"5248",2008,134,0.188925961049886
"5249",2008,135,0.0794259634588591
"5250",2008,136,0.0834507825486937
"5251",2008,137,0.0949558816044681
"5252",2008,138,0.0861262075110229
"5253",2008,139,0.0839356078809654
"5254",2008,140,0.0620135646783372
"5255",2008,141,0.0381766666231028
"5256",2008,142,0.310848954454799
"5257",2008,143,0.268291059762278
"5258",2008,144,0.267922586025319
"5259",2008,145,0.281904407412639
"5260",2008,146,0.258041730196813
"5261",2008,147,0.261859012565246
"5262",2008,148,0.218975876066948
"5263",2008,149,0.253521690171913
"5264",2008,150,0.285147159481081
"5265",2008,151,0.308548366401526
"5266",2008,152,0.290848777181293
"5267",2008,153,0.305611701551047
"5268",2008,154,0.308797948202026
"5269",2008,155,0.280539680199124
"5270",2008,156,0.150748571820829
"5271",2008,157,0.301678404120488
"5272",2008,158,0.324115171054731
"5273",2008,159,0.287508975640855
"5274",2008,160,0.272318402799539
"5275",2008,161,0.270547086184974
"5276",2008,162,0.178430813506849
"5277",2008,163,0.157677162067237
"5278",2008,164,0.146480973354225
"5279",2008,165,0.166249199668673
"5280",2008,166,0.181326982647427
"5281",2008,167,0.179247513213688
"5282",2008,168,0.184401846357655
"5283",2008,169,0.192094685962892
"5284",2008,170,0.378554404349667
"5285",2008,171,0.36874917236469
"5286",2008,172,0.341070307972119
"5287",2008,173,0.344612940239649
"5288",2008,174,0.352450586506093
"5289",2008,175,0.383437649647288
"5290",2008,176,0.394610128579677
"5291",2008,177,0.386736052764086
"5292",2008,178,0.389555376834696
"5293",2008,179,0.343616474671131
"5294",2008,180,0.318508622809948
"5295",2008,181,0.328280639157359
"5296",2008,182,0.352180517967726
"5297",2008,183,0.407770073181456
"5298",2008,184,0.373382147606623
"5299",2008,185,0.3482995188385
"5300",2008,186,0.372390408171134
"5301",2008,187,0.414954335873235
"5302",2008,188,0.389996292528475
"5303",2008,189,0.347723208675598
"5304",2008,190,0.347137374693797
"5305",2008,191,0.342012232853846
"5306",2008,192,0.182829559446533
"5307",2008,193,0.167633986393944
"5308",2008,194,0.148100801234749
"5309",2008,195,0.158282430606501
"5310",2008,196,0.163214962385053
"5311",2008,197,0.172269043307511
"5312",2008,198,0.172081076405035
"5313",2008,199,0.378686248186282
"5314",2008,200,0.372925576371581
"5315",2008,201,0.175892460503564
"5316",2008,202,0.175290278848651
"5317",2008,203,0.391105149475572
"5318",2008,204,0.407016150928721
"5319",2008,205,0.401567269786782
"5320",2008,206,0.392901809634237
"5321",2008,207,0.328234852973396
"5322",2008,208,0.176697585876643
"5323",2008,209,0.166670872397862
"5324",2008,210,0.13470447989601
"5325",2008,211,0.111547338418881
"5326",2008,212,0.0953412144606518
"5327",2008,213,0.085878304170739
"5328",2008,214,0.0758541256096196
"5329",2008,215,0.0708170269918108
"5330",2008,216,0.0621329622311967
"5331",2008,217,0.0580661381964249
"5332",2008,218,0.0447801552317391
"5333",2008,219,0.0340902759726139
"5334",2008,220,0.0331453671556131
"5335",2008,221,0.0315246466971827
"5336",2008,222,0.0310432493714107
"5337",2008,223,0.330074016722623
"5338",2008,224,0.224147252956683
"5339",2008,225,0.132023464633057
"5340",2008,226,0.0265566001044045
"5341",2008,227,0.251436956559615
"5342",2008,228,0.268751861220836
"5343",2008,229,0.207966381209788
"5344",2008,230,0.156666453879783
"5345",2008,231,0.0243799133974395
"5346",2008,232,0.0230343552011667
"5347",2008,233,0.0211779403942205
"5348",2008,234,0.0141101676257622
"5349",2008,235,0.00942256230070494
"5350",2008,236,0.00898492601750705
"5351",2008,237,0.235185847671379
"5352",2008,238,0.156082932838515
"5353",2008,239,0.0079197915706657
"5354",2008,240,0.0071613340562141
"5355",2008,241,0.0067001236551817
"5356",2008,242,0.00665213793203091
"5357",2008,243,0.0068387654475455
"5358",2008,244,0.221725430441486
"5359",2008,245,0.225816369149396
"5360",2008,246,0.158336277916156
"5361",2008,247,0.206672768066175
"5362",2008,248,0.204186539049654
"5363",2008,249,0.198264567412948
"5364",2008,250,0.206010135004585
"5365",2008,251,0.196498744647294
"5366",2008,252,0.175597303680397
"5367",2008,253,0.203973603353857
"5368",2008,254,0.224388167358103
"5369",2008,255,0.201053294459465
"5370",2008,256,0.199180806967453
"5371",2008,257,0.16836797141559
"5372",2008,258,0.162267154111248
"5373",2008,259,0.173746942051648
"5374",2008,260,0.174992653004693
"5375",2008,261,0.0801826695785135
"5376",2008,262,0.0620930285792403
"5377",2008,263,0.0570497387392761
"5378",2008,264,0.0515533977324377
"5379",2008,265,0.0460335888561811
"5380",2008,266,0.174639968975617
"5381",2008,267,0.12419711378678
"5382",2008,268,0.111707654346586
"5383",2008,269,0.0188835596932204
"5384",2008,270,0.0122953888575271
"5385",2008,271,0.00808857665968287
"5386",2008,272,0.00522774257560796
"5387",2008,273,0.00445041224793747
"5388",2008,274,0.00438145785047704
"5389",2008,275,0.0041432283309365
"5390",2008,276,0.00400397225995704
"5391",2008,277,0.00389580549930082
"5392",2008,278,0.118455321797699
"5393",2008,279,0.107144424320227
"5394",2008,280,0.0592980489981234
"5395",2008,281,0.00444078651763426
"5396",2008,282,0.0038874903703239
"5397",2008,283,0.00339480370806481
"5398",2008,284,0.0917570181345339
"5399",2008,285,0.0801528417622448
"5400",2008,286,0.0324653568491385
"5401",2008,287,0.0556613009055215
"5402",2008,288,0.0653429363136667
"5403",2008,289,0.0668392198158772
"5404",2008,290,0.0673289537579083
"5405",2008,291,0.0720003709190556
"5406",2008,292,0.0774444570940931
"5407",2008,293,0.0713845535015905
"5408",2008,294,0.0657982446894043
"5409",2008,295,0.0579650896682385
"5410",2008,296,0.0495558530211563
"5411",2008,297,0.044437381072121
"5412",2008,298,0.0151381267106045
"5413",2008,299,0.0145136435847975
"5414",2008,300,0.00963504426504604
"5415",2008,301,0.00979382943564054
"5416",2008,302,0.0107298955714894
"5417",2008,303,0.0111141540083776
"5418",2008,304,0.0107541168352182
"5419",2008,305,0.00956035602588053
"5420",2008,306,0.00954792280468491
"5421",2008,307,0.00959275720993352
"5422",2008,308,0.00838515545837154
"5423",2008,309,0.00447208090379438
"5424",2008,310,0.00336536537156721
"5425",2008,311,0.00262126177476446
"5426",2008,312,0.00263066546394477
"5427",2008,313,0.00282792807666779
"5428",2008,314,0.00262556321958018
"5429",2008,315,0.00236326802877467
"5430",2008,316,0.00243302037384946
"5431",2008,317,0.00242450013120033
"5432",2008,318,0.0564985552944619
"5433",2008,319,0.0245152571446309
"5434",2008,320,0.0270848327433923
"5435",2008,321,0.0326676313177638
"5436",2008,322,0.0314991146567836
"5437",2008,323,0.0361949097740214
"5438",2008,324,0.0297141675964824
"5439",2008,325,0.0201302024892744
"5440",2008,326,0.0228687845514297
"5441",2008,327,0.0257588563016881
"5442",2008,328,0.0238977065443678
"5443",2008,329,0.0247743890340305
"5444",2008,330,0.026990350153439
"5445",2008,331,0.0248152618876617
"5446",2008,332,0.0191670762236526
"5447",2008,333,0.0183939798041427
"5448",2008,334,0.0189484629463542
"5449",2008,335,0.0192161317417377
"5450",2008,336,0.0222420771132562
"5451",2008,337,0.045019016496871
"5452",2008,338,0.0156936865594237
"5453",2008,339,0.0105462469784757
"5454",2008,340,0.012416316772058
"5455",2008,341,0.0215566530473419
"5456",2008,342,0.0251158307771063
"5457",2008,343,0.022664490216722
"5458",2008,344,0.0167126303324787
"5459",2008,345,0.0213976151838851
"5460",2008,346,0.0218459651043375
"5461",2008,347,0.0217047397412558
"5462",2008,348,0.0222171717253598
"5463",2008,349,0.00664977706447152
"5464",2008,350,0.00626435175270193
"5465",2008,351,0.00979821910080472
"5466",2008,352,0.0128036752339949
"5467",2008,353,0.0148123467293224
"5468",2008,354,0.0169212957255258
"5469",2008,355,0.00796808623823097
"5470",2008,356,0.00932287476037041
"5471",2008,357,0.0124844609671256
"5472",2008,358,0.0109559377507554
"5473",2008,359,0.0136028323247535
"5474",2008,360,0.0202337980767299
"5475",2008,361,0.0184417220261125
"5476",2008,362,0.0154400170926551
"5477",2008,363,0.0224541072082187
"5478",2008,364,0.0300183702388754
"5479",2008,365,0.024096036103462
"5480",2009,1,0.0238095631700974
"5481",2009,2,0.0300111461582702
"5482",2009,3,0.0174572776024491
"5483",2009,4,0.0121528778847164
"5484",2009,5,0.0156940977050586
"5485",2009,6,0.0224097612783831
"5486",2009,7,0.0266602127770186
"5487",2009,8,0.0366702552283551
"5488",2009,9,0.0233984233525169
"5489",2009,10,0.018304140552226
"5490",2009,11,0.0211898513303157
"5491",2009,12,0.0191754761680221
"5492",2009,13,0.021759596756585
"5493",2009,14,0.02530888081552
"5494",2009,15,0.0252338667549738
"5495",2009,16,0.0334821800681777
"5496",2009,17,0.0373337327702499
"5497",2009,18,0.0338283426860981
"5498",2009,19,0.0305277358248408
"5499",2009,20,0.0139099482197873
"5500",2009,21,0.00495533920788758
"5501",2009,22,0.00375773981800788
"5502",2009,23,0.0228025211661127
"5503",2009,24,0.0174562450333254
"5504",2009,25,0.0151557299577156
"5505",2009,26,0.0136994527180937
"5506",2009,27,0.0130256542498459
"5507",2009,28,0.0246804119320072
"5508",2009,29,0.0326254401759167
"5509",2009,30,0.0421995282937376
"5510",2009,31,0.0493529736131981
"5511",2009,32,0.0342876342881125
"5512",2009,33,0.0382615399157664
"5513",2009,34,0.0519824581655759
"5514",2009,35,0.0545284745711269
"5515",2009,36,0.0600761261435915
"5516",2009,37,0.0639390782077948
"5517",2009,38,0.0564537005353549
"5518",2009,39,0.0558711171963333
"5519",2009,40,0.056065894138091
"5520",2009,41,0.0545744094170052
"5521",2009,42,0.0477772593278707
"5522",2009,43,0.0481045407327779
"5523",2009,44,0.0451448759030241
"5524",2009,45,0.0436024722059737
"5525",2009,46,0.0496798249378265
"5526",2009,47,0.0597929961773832
"5527",2009,48,0.0667041526572637
"5528",2009,49,0.0586156200680646
"5529",2009,50,0.0636043889140022
"5530",2009,51,0.0576678138544661
"5531",2009,52,0.0544757455419344
"5532",2009,53,0.0656253620939586
"5533",2009,54,0.0822120403981979
"5534",2009,55,0.0902771958500002
"5535",2009,56,0.0851115240680328
"5536",2009,57,0.0693497512370235
"5537",2009,58,0.0509744233608836
"5538",2009,59,0.0622561449730776
"5539",2009,60,0.0720433162752711
"5540",2009,61,0.00782856853749144
"5541",2009,62,0.00870737347971629
"5542",2009,63,0.00805183873923117
"5543",2009,64,0.00703152785424215
"5544",2009,65,0.00627535990996124
"5545",2009,66,0.00638294313600321
"5546",2009,67,0.0070825311428087
"5547",2009,68,0.060505870319981
"5548",2009,69,0.0388043267144361
"5549",2009,70,0.0355134235375126
"5550",2009,71,0.0585518985568086
"5551",2009,72,0.0728677403665023
"5552",2009,73,0.00889211371613344
"5553",2009,74,0.0099521721247084
"5554",2009,75,0.0121434621879876
"5555",2009,76,0.0102776238111696
"5556",2009,77,0.00999983907334648
"5557",2009,78,0.0103507037871107
"5558",2009,79,0.0115384835964486
"5559",2009,80,0.0128205008463705
"5560",2009,81,0.0139871948300234
"5561",2009,82,0.112577550126466
"5562",2009,83,0.0742034336685907
"5563",2009,84,0.0807823677391514
"5564",2009,85,0.0824274083642558
"5565",2009,86,0.0823752322026741
"5566",2009,87,0.114426004906814
"5567",2009,88,0.150577784392406
"5568",2009,89,0.112059196940278
"5569",2009,90,0.105740033878117
"5570",2009,91,0.0397039421424911
"5571",2009,92,0.101662050861703
"5572",2009,93,0.126294833365287
"5573",2009,94,0.11101409247205
"5574",2009,95,0.110948591990108
"5575",2009,96,0.128010951326794
"5576",2009,97,0.16577200032996
"5577",2009,98,0.178079941739231
"5578",2009,99,0.154354514422314
"5579",2009,100,0.137453931296685
"5580",2009,101,0.138315116022072
"5581",2009,102,0.146967096174078
"5582",2009,103,0.145766747397465
"5583",2009,104,0.140245116463129
"5584",2009,105,0.174321852445824
"5585",2009,106,0.148450417425793
"5586",2009,107,0.1536655846558
"5587",2009,108,0.177328701277061
"5588",2009,109,0.157562140290016
"5589",2009,110,0.177715489146764
"5590",2009,111,0.190880607471002
"5591",2009,112,0.198424747527667
"5592",2009,113,0.20490173935562
"5593",2009,114,0.180088848200225
"5594",2009,115,0.161448932566939
"5595",2009,116,0.168429342405138
"5596",2009,117,0.148128191619588
"5597",2009,118,0.178151217158504
"5598",2009,119,0.188887486024952
"5599",2009,120,0.16115846873903
"5600",2009,121,0.16314189632558
"5601",2009,122,0.170565290167173
"5602",2009,123,0.165455304895915
"5603",2009,124,0.0743792987058766
"5604",2009,125,0.0755199602224599
"5605",2009,126,0.0798394462912112
"5606",2009,127,0.0796020326257654
"5607",2009,128,0.0737709383782271
"5608",2009,129,0.100748060796211
"5609",2009,130,0.0795522581455553
"5610",2009,131,0.0909237796618898
"5611",2009,132,0.0992394012791625
"5612",2009,133,0.0822906694164507
"5613",2009,134,0.0939907546525496
"5614",2009,135,0.0935919205248804
"5615",2009,136,0.0936027175372314
"5616",2009,137,0.107964663587297
"5617",2009,138,0.118226842993466
"5618",2009,139,0.127941860762783
"5619",2009,140,0.30074617107468
"5620",2009,141,0.113039035668597
"5621",2009,142,0.115806845050001
"5622",2009,143,0.119490815744496
"5623",2009,144,0.312859060914579
"5624",2009,145,0.246223676126462
"5625",2009,146,0.112721498580877
"5626",2009,147,0.116325597718157
"5627",2009,148,0.121156521486289
"5628",2009,149,0.12042493198991
"5629",2009,150,0.119386002635944
"5630",2009,151,0.0958618988058448
"5631",2009,152,0.323485313133675
"5632",2009,153,0.279485217732807
"5633",2009,154,0.250486602370334
"5634",2009,155,0.254885718604691
"5635",2009,156,0.193180800498597
"5636",2009,157,0.254077114725334
"5637",2009,158,0.255099099762178
"5638",2009,159,0.268525834494892
"5639",2009,160,0.315680415765288
"5640",2009,161,0.293911966499716
"5641",2009,162,0.296396450631651
"5642",2009,163,0.297951531388618
"5643",2009,164,0.346561684507771
"5644",2009,165,0.330122427018526
"5645",2009,166,0.330687244065322
"5646",2009,167,0.329125184087713
"5647",2009,168,0.370167303738986
"5648",2009,169,0.357081801581715
"5649",2009,170,0.336133558911785
"5650",2009,171,0.341569758007834
"5651",2009,172,0.188312449036394
"5652",2009,173,0.182545735897594
"5653",2009,174,0.1747413419205
"5654",2009,175,0.185453562629242
"5655",2009,176,0.170422331799062
"5656",2009,177,0.139052630499922
"5657",2009,178,0.105336030684819
"5658",2009,179,0.0896907080936618
"5659",2009,180,0.0855528357187545
"5660",2009,181,0.255806412839684
"5661",2009,182,0.0601297606442772
"5662",2009,183,0.370283086503345
"5663",2009,184,0.36628481979928
"5664",2009,185,0.334361935496394
"5665",2009,186,0.335863656320625
"5666",2009,187,0.280721796454052
"5667",2009,188,0.108716340297748
"5668",2009,189,0.0427501750669769
"5669",2009,190,0.0297594790582682
"5670",2009,191,0.0296104865364456
"5671",2009,192,0.0302282759663652
"5672",2009,193,0.0290860003826938
"5673",2009,194,0.20038508950989
"5674",2009,195,0.0250303052244667
"5675",2009,196,0.0197617675175716
"5676",2009,197,0.0237514633562374
"5677",2009,198,0.022975707624383
"5678",2009,199,0.0212570331854223
"5679",2009,200,0.0170757709182361
"5680",2009,201,0.0112404684565762
"5681",2009,202,0.00962946675201731
"5682",2009,203,0.0100550090291897
"5683",2009,204,0.010215998826849
"5684",2009,205,0.00912520122343609
"5685",2009,206,0.00833679620429868
"5686",2009,207,0.00810490217483317
"5687",2009,208,0.360024089524969
"5688",2009,209,0.348949669783032
"5689",2009,210,0.296723217706049
"5690",2009,211,0.294487723307258
"5691",2009,212,0.291933470672065
"5692",2009,213,0.155821789036312
"5693",2009,214,0.157183798445002
"5694",2009,215,0.314154154488582
"5695",2009,216,0.362993498786379
"5696",2009,217,0.268207844045723
"5697",2009,218,0.337338458510417
"5698",2009,219,0.325935732985683
"5699",2009,220,0.338425317316109
"5700",2009,221,0.327628136416799
"5701",2009,222,0.316930472756725
"5702",2009,223,0.330463631885765
"5703",2009,224,0.312508743411574
"5704",2009,225,0.128849555828125
"5705",2009,226,0.0325503881349627
"5706",2009,227,0.24655568378381
"5707",2009,228,0.147959079871047
"5708",2009,229,0.0190218991645076
"5709",2009,230,0.0160712303824714
"5710",2009,231,0.0144892947189571
"5711",2009,232,0.0131678157051992
"5712",2009,233,0.0124621385716373
"5713",2009,234,0.0124522835775673
"5714",2009,235,0.0119138019142674
"5715",2009,236,0.201392256542625
"5716",2009,237,0.221153690596914
"5717",2009,238,0.145020525516609
"5718",2009,239,0.00963096387157876
"5719",2009,240,0.00908712517764515
"5720",2009,241,0.00740475125855818
"5721",2009,242,0.00594915314725505
"5722",2009,243,0.00329114428577861
"5723",2009,244,0.00322221021570554
"5724",2009,245,0.00308754707145676
"5725",2009,246,0.0029847537223681
"5726",2009,247,0.00290808559753394
"5727",2009,248,0.00283312011826406
"5728",2009,249,0.00242542931460431
"5729",2009,250,0.00211365906407651
"5730",2009,251,0.00195565561752082
"5731",2009,252,0.00190511093690838
"5732",2009,253,0.00189899745415968
"5733",2009,254,0.00176954094403295
"5734",2009,255,0.139513815010394
"5735",2009,256,0.0288074363549297
"5736",2009,257,0.0094673670945733
"5737",2009,258,0.00747494122542955
"5738",2009,259,0.0063413899567646
"5739",2009,260,0.00544956807245425
"5740",2009,261,0.00493755779076298
"5741",2009,262,0.00449050871072828
"5742",2009,263,0.193405225680285
"5743",2009,264,0.162145582544306
"5744",2009,265,0.138500058410815
"5745",2009,266,0.143347755432818
"5746",2009,267,0.141295702112698
"5747",2009,268,0.138421762692429
"5748",2009,269,0.150154556504261
"5749",2009,270,0.115188399271576
"5750",2009,271,0.0351425622198594
"5751",2009,272,0.0403974603216703
"5752",2009,273,0.151133824149226
"5753",2009,274,0.0844896264869412
"5754",2009,275,0.0269074871945382
"5755",2009,276,0.0238580013221872
"5756",2009,277,0.108259145986358
"5757",2009,278,0.0824392647177452
"5758",2009,279,0.0824538588957041
"5759",2009,280,0.0832187744974229
"5760",2009,281,0.0676723685519847
"5761",2009,282,0.0573549267861097
"5762",2009,283,0.0595725863376334
"5763",2009,284,0.0587252509954818
"5764",2009,285,0.0638878629734898
"5765",2009,286,0.081013013200596
"5766",2009,287,0.0777215809337505
"5767",2009,288,0.0737012129199714
"5768",2009,289,0.070848743946604
"5769",2009,290,0.0726198648597713
"5770",2009,291,0.0831593361625632
"5771",2009,292,0.0722174339579511
"5772",2009,293,0.0833352488534376
"5773",2009,294,0.053101168122405
"5774",2009,295,0.0521514405355605
"5775",2009,296,0.0583311735973935
"5776",2009,297,0.0825458747851173
"5777",2009,298,0.0708745576326781
"5778",2009,299,0.0499154550602553
"5779",2009,300,0.0500462845448906
"5780",2009,301,0.0523856169922972
"5781",2009,302,0.0451166793983261
"5782",2009,303,0.047756218265221
"5783",2009,304,0.0485596327725732
"5784",2009,305,0.0515513620510196
"5785",2009,306,0.0460170619511653
"5786",2009,307,0.0441176390922873
"5787",2009,308,0.0382077032821869
"5788",2009,309,0.0459393611453391
"5789",2009,310,0.050281257490239
"5790",2009,311,0.040442335311742
"5791",2009,312,0.0369334000853964
"5792",2009,313,0.0334076647409304
"5793",2009,314,0.0337218632629286
"5794",2009,315,0.0357797443559729
"5795",2009,316,0.0277431886423763
"5796",2009,317,0.00442638757971953
"5797",2009,318,0.00316662344006848
"5798",2009,319,0.00291078630713346
"5799",2009,320,0.00285672532812599
"5800",2009,321,0.00343393228758234
"5801",2009,322,0.00327566870083537
"5802",2009,323,0.00268627774621142
"5803",2009,324,0.00251110195761144
"5804",2009,325,0.00255492475333985
"5805",2009,326,0.00193408645784747
"5806",2009,327,0.00166875347337428
"5807",2009,328,0.00160228387030432
"5808",2009,329,0.00150710593965245
"5809",2009,330,0.00187761741970303
"5810",2009,331,0.00189462520897348
"5811",2009,332,0.00144637216082409
"5812",2009,333,0.00114193038369813
"5813",2009,334,0.00139091371533596
"5814",2009,335,0.0149010923733411
"5815",2009,336,0.000771520576484929
"5816",2009,337,0.000649609287764239
"5817",2009,338,0.000698334770687251
"5818",2009,339,0.000751915455016006
"5819",2009,340,0.0120202406438454
"5820",2009,341,0.00889200423023384
"5821",2009,342,0.00900783748142732
"5822",2009,343,0.00665935983814855
"5823",2009,344,0.00970921024476639
"5824",2009,345,0.0137941932791376
"5825",2009,346,0.0190061781129848
"5826",2009,347,0.0146146257569868
"5827",2009,348,0.0108689528912181
"5828",2009,349,0.0133913084229744
"5829",2009,350,0.020827631359711
"5830",2009,351,0.0254777322504218
"5831",2009,352,0.0213983102130337
"5832",2009,353,0.0195524091704482
"5833",2009,354,0.0265110270991809
"5834",2009,355,0.0283183195615954
"5835",2009,356,0.0222682297296676
"5836",2009,357,0.0165585390994591
"5837",2009,358,0.0106074739837873
"5838",2009,359,0.0104864983043388
"5839",2009,360,0.0139006929128134
"5840",2009,361,0.014448927489094
"5841",2009,362,0.0142029343761801
"5842",2009,363,0.0150972615249109
"5843",2009,364,0.0172788895776804
"5844",2009,365,0.0163249035049869
"5845",2010,1,0.0155432851644545
"5846",2010,2,0.0194880153701494
"5847",2010,3,0.022755674124969
"5848",2010,4,0.0192830252936745
"5849",2010,5,0.0213248379963172
"5850",2010,6,0.0126895778592263
"5851",2010,7,0.00888117290937417
"5852",2010,8,0.0112330989680743
"5853",2010,9,0.0193401432547444
"5854",2010,10,0.0256679469732188
"5855",2010,11,0.0259894856402014
"5856",2010,12,0.0312816585123005
"5857",2010,13,0.0349613493594715
"5858",2010,14,0.0276390988544729
"5859",2010,15,0.0293159100918504
"5860",2010,16,0.0366746119791378
"5861",2010,17,0.0360665360310323
"5862",2010,18,0.0349599536272211
"5863",2010,19,0.0368019661035718
"5864",2010,20,0.0370611532648292
"5865",2010,21,0.0370438529129252
"5866",2010,22,0.0387255520650138
"5867",2010,23,0.0311778826731139
"5868",2010,24,0.0279226861582018
"5869",2010,25,0.0194391293043696
"5870",2010,26,0.000777851771054048
"5871",2010,27,0.000743866979698392
"5872",2010,28,0.000748288985266458
"5873",2010,29,0.000821154671630663
"5874",2010,30,0.000867047568470838
"5875",2010,31,0.000857092725533322
"5876",2010,32,0.000826569398845132
"5877",2010,33,0.000888828691086289
"5878",2010,34,0.000962865533491562
"5879",2010,35,0.000952186801017285
"5880",2010,36,0.000941503218058007
"5881",2010,37,0.000868640484553325
"5882",2010,38,0.000819038205996927
"5883",2010,39,0.000516408146410064
"5884",2010,40,0.00057017194675778
"5885",2010,41,0.000743443970282836
"5886",2010,42,0.000873037677797433
"5887",2010,43,0.00100608806664738
"5888",2010,44,0.000905670150487392
"5889",2010,45,0.000610199144957217
"5890",2010,46,0.000673390529190082
"5891",2010,47,0.00111385522494444
"5892",2010,48,0.00135526701836522
"5893",2010,49,0.0559527368468633
"5894",2010,50,0.0449471626174048
"5895",2010,51,0.0468624613456525
"5896",2010,52,0.0427571658786607
"5897",2010,53,0.0292750786862122
"5898",2010,54,0.00123947234039368
"5899",2010,55,0.00159227400032638
"5900",2010,56,0.00202099328271394
"5901",2010,57,0.00224053976062477
"5902",2010,58,0.00212241867178014
"5903",2010,59,0.0023119091448031
"5904",2010,60,0.00265265873400843
"5905",2010,61,0.002792445865199
"5906",2010,62,0.00315567878960775
"5907",2010,63,0.00343200334391042
"5908",2010,64,0.089394831778296
"5909",2010,65,0.0672902414095056
"5910",2010,66,0.0701786510038233
"5911",2010,67,0.0304329992016332
"5912",2010,68,0.00900926658711224
"5913",2010,69,0.0776672375863991
"5914",2010,70,0.0867594774286337
"5915",2010,71,0.035410796716439
"5916",2010,72,0.00933656480754355
"5917",2010,73,0.00775847136988484
"5918",2010,74,0.00842885373454504
"5919",2010,75,0.00896716615973738
"5920",2010,76,0.00944616442513565
"5921",2010,77,0.11276691525381
"5922",2010,78,0.0671313174765137
"5923",2010,79,0.0689713129241164
"5924",2010,80,0.0916739074411238
"5925",2010,81,0.0705524327380252
"5926",2010,82,0.111198708645978
"5927",2010,83,0.0875113897658235
"5928",2010,84,0.0881356387900165
"5929",2010,85,0.0157536426232693
"5930",2010,86,0.0133210244608083
"5931",2010,87,0.00982039151653228
"5932",2010,88,0.0105272022188509
"5933",2010,89,0.0105539939952184
"5934",2010,90,0.144101376800673
"5935",2010,91,0.131729340595553
"5936",2010,92,0.126896047390518
"5937",2010,93,0.107039100389677
"5938",2010,94,0.101850131234076
"5939",2010,95,0.141354841479402
"5940",2010,96,0.135046540124277
"5941",2010,97,0.114201599045504
"5942",2010,98,0.126303157950388
"5943",2010,99,0.119687204121462
"5944",2010,100,0.131524294372053
"5945",2010,101,0.159678428083064
"5946",2010,102,0.152324201529532
"5947",2010,103,0.0332892417660067
"5948",2010,104,0.0337176525349047
"5949",2010,105,0.0320839267237123
"5950",2010,106,0.0310968033417691
"5951",2010,107,0.0346905002822119
"5952",2010,108,0.0376922212925471
"5953",2010,109,0.0364517453315842
"5954",2010,110,0.192541608040102
"5955",2010,111,0.0422352509620246
"5956",2010,112,0.198699239483777
"5957",2010,113,0.194879876843489
"5958",2010,114,0.169417560149023
"5959",2010,115,0.154624922416008
"5960",2010,116,0.151186765647267
"5961",2010,117,0.173412671199957
"5962",2010,118,0.189657329924903
"5963",2010,119,0.0539287785459594
"5964",2010,120,0.172124596461533
"5965",2010,121,0.0782409928711219
"5966",2010,122,0.054741613811675
"5967",2010,123,0.0624901734157638
"5968",2010,124,0.0587380895621088
"5969",2010,125,0.196094329778074
"5970",2010,126,0.163543544267716
"5971",2010,127,0.149645621242575
"5972",2010,128,0.055535862604118
"5973",2010,129,0.235678912470182
"5974",2010,130,0.221781077332431
"5975",2010,131,0.206338597225177
"5976",2010,132,0.197216265105456
"5977",2010,133,0.191840445474695
"5978",2010,134,0.213805952554195
"5979",2010,135,0.243086271741797
"5980",2010,136,0.242219917978541
"5981",2010,137,0.250981278032975
"5982",2010,138,0.28501713411803
"5983",2010,139,0.270764742889015
"5984",2010,140,0.261765240773384
"5985",2010,141,0.272535042241088
"5986",2010,142,0.257342913468251
"5987",2010,143,0.272263921223934
"5988",2010,144,0.267313801226263
"5989",2010,145,0.250369768138685
"5990",2010,146,0.278188511691771
"5991",2010,147,0.306896191030413
"5992",2010,148,0.319335687006627
"5993",2010,149,0.309471934007612
"5994",2010,150,0.26418429052098
"5995",2010,151,0.27954454387773
"5996",2010,152,0.312723744480367
"5997",2010,153,0.289305928583775
"5998",2010,154,0.302730600083164
"5999",2010,155,0.313093600043031
"6000",2010,156,0.159514673353941
"6001",2010,157,0.154371653478375
"6002",2010,158,0.348252598519664
"6003",2010,159,0.34529063673883
"6004",2010,160,0.339859384702
"6005",2010,161,0.350371908004362
"6006",2010,162,0.323167150673166
"6007",2010,163,0.294489849091365
"6008",2010,164,0.294930758507895
"6009",2010,165,0.311962796433338
"6010",2010,166,0.314242708555195
"6011",2010,167,0.347307777427254
"6012",2010,168,0.3185560295454
"6013",2010,169,0.314843328236724
"6014",2010,170,0.317560267244684
"6015",2010,171,0.193666894487221
"6016",2010,172,0.19398124592879
"6017",2010,173,0.366874519402206
"6018",2010,174,0.321516034798136
"6019",2010,175,0.343816591990406
"6020",2010,176,0.198341376115218
"6021",2010,177,0.191853571833351
"6022",2010,178,0.179407642562885
"6023",2010,179,0.184728030760211
"6024",2010,180,0.194980502291665
"6025",2010,181,0.195943320230769
"6026",2010,182,0.193011153876519
"6027",2010,183,0.194444872317526
"6028",2010,184,0.380873883463475
"6029",2010,185,0.339379831277515
"6030",2010,186,0.319631571085675
"6031",2010,187,0.30574751217569
"6032",2010,188,0.295841173937309
"6033",2010,189,0.207811617548254
"6034",2010,190,0.169512359133606
"6035",2010,191,0.171679450110487
"6036",2010,192,0.358472381058658
"6037",2010,193,0.29098928670007
"6038",2010,194,0.149941484769882
"6039",2010,195,0.132534019051614
"6040",2010,196,0.10495712292757
"6041",2010,197,0.0775743836016003
"6042",2010,198,0.0838920968573394
"6043",2010,199,0.0814637425962362
"6044",2010,200,0.0653596428638884
"6045",2010,201,0.0557346530021522
"6046",2010,202,0.34364537257151
"6047",2010,203,0.372061461183977
"6048",2010,204,0.34056549425731
"6049",2010,205,0.297177942436163
"6050",2010,206,0.0870399272772857
"6051",2010,207,0.0646871445362937
"6052",2010,208,0.0391716565106175
"6053",2010,209,0.0365437979249989
"6054",2010,210,0.269715262912643
"6055",2010,211,0.13396404649391
"6056",2010,212,0.0310960420990695
"6057",2010,213,0.0293193652606234
"6058",2010,214,0.0283559471972564
"6059",2010,215,0.0266590254687733
"6060",2010,216,0.0240668745425371
"6061",2010,217,0.0233942061762016
"6062",2010,218,0.381769181919634
"6063",2010,219,0.3579363087767
"6064",2010,220,0.360632262980226
"6065",2010,221,0.327611490249455
"6066",2010,222,0.159380197217219
"6067",2010,223,0.149161036600652
"6068",2010,224,0.0886633234363263
"6069",2010,225,0.0310013097750727
"6070",2010,226,0.0178983686696715
"6071",2010,227,0.0123147336147797
"6072",2010,228,0.0121824777006738
"6073",2010,229,0.0120967584882189
"6074",2010,230,0.0114504446900582
"6075",2010,231,0.0114221687058458
"6076",2010,232,0.0103918727879262
"6077",2010,233,0.0100779067731297
"6078",2010,234,0.0104518651861743
"6079",2010,235,0.00918033676778251
"6080",2010,236,0.00835420391561731
"6081",2010,237,0.00846969002241866
"6082",2010,238,0.00833127975396362
"6083",2010,239,0.00809526910378452
"6084",2010,240,0.00778833457431941
"6085",2010,241,0.00743772543501187
"6086",2010,242,0.00705436850799554
"6087",2010,243,0.00640831637389117
"6088",2010,244,0.198298057141621
"6089",2010,245,0.118994063677059
"6090",2010,246,0.00798789787721543
"6091",2010,247,0.00819409201671712
"6092",2010,248,0.00789267624749227
"6093",2010,249,0.00679037071325997
"6094",2010,250,0.00644554931418817
"6095",2010,251,0.00704823058328226
"6096",2010,252,0.00658340859504818
"6097",2010,253,0.00395622328236621
"6098",2010,254,0.00386867255810978
"6099",2010,255,0.00360626943532228
"6100",2010,256,0.00349847457878339
"6101",2010,257,0.00341783579219813
"6102",2010,258,0.00321131994113254
"6103",2010,259,0.00312805696196159
"6104",2010,260,0.00298209731384746
"6105",2010,261,0.00237425090036917
"6106",2010,262,0.00274971400245418
"6107",2010,263,0.00204070619180174
"6108",2010,264,0.000986736409084112
"6109",2010,265,0.000919416804079807
"6110",2010,266,0.144239125745146
"6111",2010,267,0.110206345989073
"6112",2010,268,0.0950065829253092
"6113",2010,269,0.0043909211988926
"6114",2010,270,0.00397332125401932
"6115",2010,271,0.00366503489669205
"6116",2010,272,0.0032444797295072
"6117",2010,273,0.00289573775196167
"6118",2010,274,0.00262660457223142
"6119",2010,275,0.00237886312470825
"6120",2010,276,0.0023613905045216
"6121",2010,277,0.00234434612645952
"6122",2010,278,0.00224315604361998
"6123",2010,279,0.00198532658428909
"6124",2010,280,0.00194412059775253
"6125",2010,281,0.000456864082948486
"6126",2010,282,0.119802289261525
"6127",2010,283,0.124007326669816
"6128",2010,284,0.121178674866932
"6129",2010,285,0.0870426941876988
"6130",2010,286,0.0797836753056201
"6131",2010,287,0.0874008352500582
"6132",2010,288,0.0893966108860745
"6133",2010,289,0.0735094964224743
"6134",2010,290,0.0749770292562895
"6135",2010,291,0.0674377608625149
"6136",2010,292,0.0671441250725613
"6137",2010,293,0.0662654060579884
"6138",2010,294,0.0626173158966019
"6139",2010,295,0.0915222680065843
"6140",2010,296,0.0886016962551843
"6141",2010,297,0.0625015842862292
"6142",2010,298,0.0567751939838111
"6143",2010,299,0.049977599721797
"6144",2010,300,0.0467451414108712
"6145",2010,301,0.0492002835153787
"6146",2010,302,0.0566383279918619
"6147",2010,303,0.0516912790212601
"6148",2010,304,0.0533134302420686
"6149",2010,305,0.0519773206413878
"6150",2010,306,0.0540362316462238
"6151",2010,307,0.045132577304668
"6152",2010,308,0.0388737520753094
"6153",2010,309,0.037188396859311
"6154",2010,310,0.00960269562748532
"6155",2010,311,0.00787762896975282
"6156",2010,312,0.0066492086065783
"6157",2010,313,0.0564444704297209
"6158",2010,314,0.0260335894800622
"6159",2010,315,0.0252789128404612
"6160",2010,316,0.0243329104870235
"6161",2010,317,0.0248491713501153
"6162",2010,318,0.023638584170666
"6163",2010,319,0.0342613486310111
"6164",2010,320,0.0368767778157579
"6165",2010,321,0.0202801674742989
"6166",2010,322,0.0289862452932885
"6167",2010,323,0.0234679930365587
"6168",2010,324,0.0197369397978751
"6169",2010,325,0.0215520953886296
"6170",2010,326,0.0186579730529168
"6171",2010,327,0.0203433371058011
"6172",2010,328,0.014167683087094
"6173",2010,329,0.0154701610093122
"6174",2010,330,0.0232560758274725
"6175",2010,331,0.0266518468368763
"6176",2010,332,0.0246364161214035
"6177",2010,333,0.0191350266261437
"6178",2010,334,0.0178301223277664
"6179",2010,335,0.0237030280237322
"6180",2010,336,0.0255514553824869
"6181",2010,337,0.0296145143073592
"6182",2010,338,0.0195704731292166
"6183",2010,339,0.018504757642688
"6184",2010,340,0.0204838763451881
"6185",2010,341,0.00315885093716828
"6186",2010,342,0.0202531431148068
"6187",2010,343,0.0227036680624248
"6188",2010,344,0.034896584642455
"6189",2010,345,0.0222807567034528
"6190",2010,346,0.015010821324856
"6191",2010,347,0.0212458740511585
"6192",2010,348,0.0221615500345322
"6193",2010,349,0.0228440582657285
"6194",2010,350,0.0155605810824856
"6195",2010,351,0.0130960366591398
"6196",2010,352,0.0113636862797157
"6197",2010,353,0.0150722541639769
"6198",2010,354,0.020290004029269
"6199",2010,355,0.0194800311889338
"6200",2010,356,0.0189255331635702
"6201",2010,357,0.00961057467158793
"6202",2010,358,0.016212764682015
"6203",2010,359,0.0138173213459496
"6204",2010,360,0.017530482803114
"6205",2010,361,0.0180256004432368
"6206",2010,362,0.0160831159596592
"6207",2010,363,0.0210863246775204
"6208",2010,364,0.0132430690625187
"6209",2010,365,0.00871376974699324
"6210",2010,366,0.0302163132292031
"6211",2011,1,0.0113617596550647
"6212",2011,2,0.014450052824566
"6213",2011,3,0.0156192523962167
"6214",2011,4,0.0147912411080566
"6215",2011,5,0.0189060900491618
"6216",2011,6,0.0264002294365695
"6217",2011,7,0.0263912620090234
"6218",2011,8,0.0244357563050376
"6219",2011,9,0.0169836371186487
"6220",2011,10,0.0104169716907628
"6221",2011,11,0.00980743510053443
"6222",2011,12,0.0130131242150044
"6223",2011,13,0.0235034062404673
"6224",2011,14,0.0345025466882602
"6225",2011,15,0.0348438679171808
"6226",2011,16,0.0334473975219046
"6227",2011,17,0.0423153201890568
"6228",2011,18,0.0377819057054986
"6229",2011,19,0.0240450084390529
"6230",2011,20,0.0229697622843739
"6231",2011,21,0.0300278409076296
"6232",2011,22,0.0327826530697346
"6233",2011,23,0.0295195996479081
"6234",2011,24,0.0306837219283219
"6235",2011,25,0.0315566687037629
"6236",2011,26,0.0418139476656499
"6237",2011,27,0.0458843537763482
"6238",2011,28,0.0518971724206462
"6239",2011,29,0.0455232426519037
"6240",2011,30,0.0341758077728854
"6241",2011,31,0.014553750911931
"6242",2011,32,0.00942381944160199
"6243",2011,33,0.0137959432601197
"6244",2011,34,0.0274719380624941
"6245",2011,35,0.0432030733734084
"6246",2011,36,0.0487391333652375
"6247",2011,37,0.0395370012707614
"6248",2011,38,0.0333110540466494
"6249",2011,39,0.0208591427718892
"6250",2011,40,0.0200628618217979
"6251",2011,41,0.0337943592068147
"6252",2011,42,0.0488824558393143
"6253",2011,43,0.0622077033465548
"6254",2011,44,0.0723815534631941
"6255",2011,45,0.0690975348120353
"6256",2011,46,0.078584891857758
"6257",2011,47,0.0822339807057584
"6258",2011,48,0.0712552940699284
"6259",2011,49,0.0618313959601036
"6260",2011,50,0.0572855194846942
"6261",2011,51,0.0349485605927969
"6262",2011,52,0.0407171649953767
"6263",2011,53,0.0541682008320209
"6264",2011,54,0.0594530748372582
"6265",2011,55,0.0371081474708353
"6266",2011,56,0.0272551133241615
"6267",2011,57,0.0391679113333952
"6268",2011,58,0.0460258598221408
"6269",2011,59,0.0582870190536208
"6270",2011,60,0.0791202218237483
"6271",2011,61,0.0744087116642915
"6272",2011,62,0.100286227172224
"6273",2011,63,0.0793173408070969
"6274",2011,64,0.0755782630875514
"6275",2011,65,0.0708053156337306
"6276",2011,66,0.0481985701235115
"6277",2011,67,0.0590044901897135
"6278",2011,68,0.0719896332122031
"6279",2011,69,0.102340559349061
"6280",2011,70,0.106536095710529
"6281",2011,71,0.0947233887218328
"6282",2011,72,0.101485787095196
"6283",2011,73,0.118582648661415
"6284",2011,74,0.1174445251085
"6285",2011,75,0.0440806106774015
"6286",2011,76,0.0911128602635563
"6287",2011,77,0.0859533565278616
"6288",2011,78,0.100588537875071
"6289",2011,79,0.0972518408085482
"6290",2011,80,0.0252155074993517
"6291",2011,81,0.0190684534260804
"6292",2011,82,0.01584136677819
"6293",2011,83,0.0150910222112753
"6294",2011,84,0.0157712448086909
"6295",2011,85,0.119135493365369
"6296",2011,86,0.120655284760016
"6297",2011,87,0.090102196968956
"6298",2011,88,0.0215693670349314
"6299",2011,89,0.0209919106263721
"6300",2011,90,0.0233975073549194
"6301",2011,91,0.0233313632683147
"6302",2011,92,0.0276636843729375
"6303",2011,93,0.140230213209934
"6304",2011,94,0.0967759788541524
"6305",2011,95,0.0270524889434053
"6306",2011,96,0.024987696221807
"6307",2011,97,0.026826245223296
"6308",2011,98,0.0270631604843791
"6309",2011,99,0.154809826446315
"6310",2011,100,0.131370000547194
"6311",2011,101,0.140835985791792
"6312",2011,102,0.174450515385824
"6313",2011,103,0.160856103795897
"6314",2011,104,0.146581253038507
"6315",2011,105,0.137046290167258
"6316",2011,106,0.145664906233414
"6317",2011,107,0.152298652764519
"6318",2011,108,0.160203923777549
"6319",2011,109,0.132762044484975
"6320",2011,110,0.133900101859492
"6321",2011,111,0.167459603066061
"6322",2011,112,0.146750578829887
"6323",2011,113,0.0399706608644308
"6324",2011,114,0.0442372291436575
"6325",2011,115,0.0489232168725627
"6326",2011,116,0.18746376893965
"6327",2011,117,0.189707970427178
"6328",2011,118,0.178879850258546
"6329",2011,119,0.191366947507111
"6330",2011,120,0.148890474479533
"6331",2011,121,0.150850579654562
"6332",2011,122,0.109816241566616
"6333",2011,123,0.0607822371748611
"6334",2011,124,0.184947718816304
"6335",2011,125,0.0567581549100003
"6336",2011,126,0.0606440722119604
"6337",2011,127,0.066249771769224
"6338",2011,128,0.0680679154102777
"6339",2011,129,0.252207643465748
"6340",2011,130,0.232581326815533
"6341",2011,131,0.213343537933718
"6342",2011,132,0.191391765869511
"6343",2011,133,0.203601259483275
"6344",2011,134,0.19508587483485
"6345",2011,135,0.197529242163547
"6346",2011,136,0.225695571262193
"6347",2011,137,0.260725951262813
"6348",2011,138,0.25078442743144
"6349",2011,139,0.227012307949489
"6350",2011,140,0.248210216608001
"6351",2011,141,0.252106399462471
"6352",2011,142,0.257858836791703
"6353",2011,143,0.285190644850888
"6354",2011,144,0.286809055599585
"6355",2011,145,0.285214301040264
"6356",2011,146,0.257686449476121
"6357",2011,147,0.243165508169193
"6358",2011,148,0.274440782452398
"6359",2011,149,0.266742279385585
"6360",2011,150,0.259117577360994
"6361",2011,151,0.265338384401236
"6362",2011,152,0.287678162465804
"6363",2011,153,0.317246026072888
"6364",2011,154,0.277226983917926
"6365",2011,155,0.220360996134474
"6366",2011,156,0.175287563782628
"6367",2011,157,0.181435189606985
"6368",2011,158,0.169518806466815
"6369",2011,159,0.320204336784872
"6370",2011,160,0.3121421989778
"6371",2011,161,0.287713036154948
"6372",2011,162,0.314033284779648
"6373",2011,163,0.33444833768957
"6374",2011,164,0.35577956820124
"6375",2011,165,0.324264744932321
"6376",2011,166,0.325947839909527
"6377",2011,167,0.34551106474334
"6378",2011,168,0.312429372769623
"6379",2011,169,0.318206427337713
"6380",2011,170,0.350810196050538
"6381",2011,171,0.348171275117656
"6382",2011,172,0.320183252296633
"6383",2011,173,0.33150903493952
"6384",2011,174,0.377950822641257
"6385",2011,175,0.380708067798615
"6386",2011,176,0.379982063272992
"6387",2011,177,0.374187365877255
"6388",2011,178,0.313537357599668
"6389",2011,179,0.362091409289406
"6390",2011,180,0.378368260883757
"6391",2011,181,0.197446541267004
"6392",2011,182,0.181788521823438
"6393",2011,183,0.396103742466452
"6394",2011,184,0.369734588265068
"6395",2011,185,0.368172187217883
"6396",2011,186,0.351225975605027
"6397",2011,187,0.384676561835148
"6398",2011,188,0.388497589940671
"6399",2011,189,0.312792334545259
"6400",2011,190,0.176009781664968
"6401",2011,191,0.173619982043402
"6402",2011,192,0.389426219983081
"6403",2011,193,0.349892443949736
"6404",2011,194,0.360409857519267
"6405",2011,195,0.362811303085487
"6406",2011,196,0.132116857870806
"6407",2011,197,0.182274695138857
"6408",2011,198,0.184292341774236
"6409",2011,199,0.183878878151714
"6410",2011,200,0.181756160697157
"6411",2011,201,0.170477041051582
"6412",2011,202,0.152869275011488
"6413",2011,203,0.143585904021108
"6414",2011,204,0.113820757452664
"6415",2011,205,0.0979887182921094
"6416",2011,206,0.0910593029470701
"6417",2011,207,0.0715862804647664
"6418",2011,208,0.316001198493277
"6419",2011,209,0.219980579826778
"6420",2011,210,0.0610549979446008
"6421",2011,211,0.0582291888460202
"6422",2011,212,0.0436980223829074
"6423",2011,213,0.0364386718043864
"6424",2011,214,0.0325495220342893
"6425",2011,215,0.0337698458334336
"6426",2011,216,0.031748797382009
"6427",2011,217,0.0314784504322024
"6428",2011,218,0.0282793597046049
"6429",2011,219,0.0276222703034342
"6430",2011,220,0.226662717233739
"6431",2011,221,0.280864768805186
"6432",2011,222,0.189141535325632
"6433",2011,223,0.0321557761468005
"6434",2011,224,0.0277617607884853
"6435",2011,225,0.024966062630581
"6436",2011,226,0.0164290002477306
"6437",2011,227,0.015378827559666
"6438",2011,228,0.0135338006218413
"6439",2011,229,0.0127134891865159
"6440",2011,230,0.0117942846427687
"6441",2011,231,0.0108615404533843
"6442",2011,232,0.0103455624051302
"6443",2011,233,0.0100099504322873
"6444",2011,234,0.00912548815658391
"6445",2011,235,0.00682243478010856
"6446",2011,236,0.00656237474567947
"6447",2011,237,0.00631572391637144
"6448",2011,238,0.00609730236912721
"6449",2011,239,0.00585846397844806
"6450",2011,240,0.325025918977565
"6451",2011,241,0.299089561224071
"6452",2011,242,0.263892184851528
"6453",2011,243,0.261884805505715
"6454",2011,244,0.158950324879904
"6455",2011,245,0.0213150121259101
"6456",2011,246,0.00620673198871261
"6457",2011,247,0.00583892924823444
"6458",2011,248,0.00617503814801927
"6459",2011,249,0.00601814037806519
"6460",2011,250,0.00579420458460174
"6461",2011,251,0.00544632584472695
"6462",2011,252,0.00522851311545199
"6463",2011,253,0.00508479384124608
"6464",2011,254,0.00509537385470998
"6465",2011,255,0.00493537261183648
"6466",2011,256,0.00436564026153136
"6467",2011,257,0.151574539543887
"6468",2011,258,0.166946911994065
"6469",2011,259,0.147482564930913
"6470",2011,260,0.189457827124811
"6471",2011,261,0.15819877020818
"6472",2011,262,0.148533975620261
"6473",2011,263,0.121379318479068
"6474",2011,264,0.0942972140312059
"6475",2011,265,0.026098309596776
"6476",2011,266,0.0106567910692782
"6477",2011,267,0.00888455484837566
"6478",2011,268,0.00773229018308133
"6479",2011,269,0.00664670453322888
"6480",2011,270,0.00605334847272093
"6481",2011,271,0.00554031840105884
"6482",2011,272,0.00464761733923602
"6483",2011,273,0.00470671118078466
"6484",2011,274,0.00468839250516807
"6485",2011,275,0.00457310987465619
"6486",2011,276,0.00422316588716319
"6487",2011,277,0.00398765069938679
"6488",2011,278,0.00351772934535822
"6489",2011,279,0.13313918338586
"6490",2011,280,0.117886799604875
"6491",2011,281,0.105871766937846
"6492",2011,282,0.0826578466076804
"6493",2011,283,0.0871188794047407
"6494",2011,284,0.116255506746356
"6495",2011,285,0.0834861096437755
"6496",2011,286,0.0746062539286142
"6497",2011,287,0.075026594537943
"6498",2011,288,0.0837299325817462
"6499",2011,289,0.0701273029551168
"6500",2011,290,0.089811970837435
"6501",2011,291,0.0650458868296591
"6502",2011,292,0.0624145075670838
"6503",2011,293,0.0669492982374803
"6504",2011,294,0.0647577578647856
"6505",2011,295,0.0660714552056067
"6506",2011,296,0.0664813386726252
"6507",2011,297,0.0661086761043575
"6508",2011,298,0.0533442678658866
"6509",2011,299,0.04413063539415
"6510",2011,300,0.0438936019762034
"6511",2011,301,0.0422781034557675
"6512",2011,302,0.0282256727499084
"6513",2011,303,0.01187414041146
"6514",2011,304,0.012176978157228
"6515",2011,305,0.0660575685375966
"6516",2011,306,0.0310028732667068
"6517",2011,307,0.0288953948275351
"6518",2011,308,0.0364919358030919
"6519",2011,309,0.0343208700527695
"6520",2011,310,0.0302023204683338
"6521",2011,311,0.0282927179975074
"6522",2011,312,0.0278042786123549
"6523",2011,313,0.0276406561630443
"6524",2011,314,0.0320391366308569
"6525",2011,315,0.0364804499599571
"6526",2011,316,0.0360457069491628
"6527",2011,317,0.0305825805916906
"6528",2011,318,0.0289130273426259
"6529",2011,319,0.0209138785873252
"6530",2011,320,0.0202547854327107
"6531",2011,321,0.0235184428690067
"6532",2011,322,0.0341040544182342
"6533",2011,323,0.0203398080087758
"6534",2011,324,0.0166910080675443
"6535",2011,325,0.0252797462373572
"6536",2011,326,0.0329619166570581
"6537",2011,327,0.0390510234825679
"6538",2011,328,0.0423980706186748
"6539",2011,329,0.038719224351534
"6540",2011,330,0.0252440189257195
"6541",2011,331,0.0323147901354717
"6542",2011,332,0.0361657990939038
"6543",2011,333,0.0305376534089798
"6544",2011,334,0.0309782624599273
"6545",2011,335,0.0200769379853696
"6546",2011,336,0.0187331526812819
"6547",2011,337,0.0175459277540975
"6548",2011,338,0.0160384816922882
"6549",2011,339,0.0123327128304501
"6550",2011,340,0.0148075067153761
"6551",2011,341,0.0202331935989526
"6552",2011,342,0.0174699003567104
"6553",2011,343,0.00343259058352495
"6554",2011,344,0.0160268183716087
"6555",2011,345,0.0161601024849869
"6556",2011,346,0.01359083229624
"6557",2011,347,0.0136537731875291
"6558",2011,348,0.011884173321956
"6559",2011,349,0.00623153878921075
"6560",2011,350,0.00381920481692464
"6561",2011,351,0.00320685801148395
"6562",2011,352,0.00330729542218835
"6563",2011,353,0.00191314880721869
"6564",2011,354,0.0017485506941954
"6565",2011,355,0.019688297536606
"6566",2011,356,0.0134112461521605
"6567",2011,357,0.0146155421752312
"6568",2011,358,0.0178501799404707
"6569",2011,359,0.0201696912179871
"6570",2011,360,0.0212417621545118
"6571",2011,361,0.0192523167432082
"6572",2011,362,0.0243708220514809
"6573",2011,363,0.0316971474605136
"6574",2011,364,0.0276396083218732
"6575",2011,365,0.0240372685159732
"6576",2012,1,0.0178411979047673
"6577",2012,2,0.0214777903663898
"6578",2012,3,0.0313657547457094
"6579",2012,4,0.0303047195888097
"6580",2012,5,0.0374339938201441
"6581",2012,6,0.0267607612144789
"6582",2012,7,0.0231182476925766
"6583",2012,8,0.0218533868710173
"6584",2012,9,0.031417007303031
"6585",2012,10,0.0343780557208339
"6586",2012,11,0.0181803220703444
"6587",2012,12,0.0182620403074616
"6588",2012,13,0.0259332647146677
"6589",2012,14,0.00635257575627528
"6590",2012,15,0.00182799793541552
"6591",2012,16,0.0188133186364512
"6592",2012,17,0.0149496878468991
"6593",2012,18,0.0241745469982376
"6594",2012,19,0.0171578242304377
"6595",2012,20,0.00128192204304373
"6596",2012,21,0.00148845363625453
"6597",2012,22,0.0015075633120759
"6598",2012,23,0.00139115786360381
"6599",2012,24,0.00131450745360564
"6600",2012,25,0.0013937146146271
"6601",2012,26,0.00148245216286492
"6602",2012,27,0.0011922909160193
"6603",2012,28,0.00111929647353496
"6604",2012,29,0.00146234777016378
"6605",2012,30,0.00169031524128551
"6606",2012,31,0.00137762006381096
"6607",2012,32,0.0012845855726386
"6608",2012,33,0.00117018813469033
"6609",2012,34,0.00112426292904991
"6610",2012,35,0.00109747122308616
"6611",2012,36,0.00110257954063474
"6612",2012,37,0.000980387725211055
"6613",2012,38,0.000928179580971841
"6614",2012,39,0.00090363299609943
"6615",2012,40,0.00111661266000356
"6616",2012,41,0.0388159902646568
"6617",2012,42,0.0316514573892844
"6618",2012,43,0.0395630330146152
"6619",2012,44,0.0152159070393911
"6620",2012,45,0.00134112982813435
"6621",2012,46,0.00113716422604777
"6622",2012,47,0.00130763884084932
"6623",2012,48,0.0553600164772501
"6624",2012,49,0.0585989769133921
"6625",2012,50,0.058904417918488
"6626",2012,51,0.0563293780896849
"6627",2012,52,0.065742936935014
"6628",2012,53,0.0891924475480936
"6629",2012,54,0.0222440999688703
"6630",2012,55,0.0446190786654231
"6631",2012,56,0.0548882648804804
"6632",2012,57,0.0494711744597465
"6633",2012,58,0.0448442204548804
"6634",2012,59,0.0610521211846925
"6635",2012,60,0.0699098955814678
"6636",2012,61,0.0715134248201691
"6637",2012,62,0.0631839644614216
"6638",2012,63,0.0114125098583392
"6639",2012,64,0.0774549169034605
"6640",2012,65,0.0806821847121196
"6641",2012,66,0.0865008056890007
"6642",2012,67,0.0584185003939608
"6643",2012,68,0.0687378685429484
"6644",2012,69,0.0750479721575437
"6645",2012,70,0.0110547220978923
"6646",2012,71,0.0109727390104969
"6647",2012,72,0.0112910651319378
"6648",2012,73,0.012643871544283
"6649",2012,74,0.0124214093513374
"6650",2012,75,0.0130696839146677
"6651",2012,76,0.0141547640869442
"6652",2012,77,0.0148757075555337
"6653",2012,78,0.0147298893940011
"6654",2012,79,0.0132972814977289
"6655",2012,80,0.0121221402483278
"6656",2012,81,0.0145194112030635
"6657",2012,82,0.0158347994262766
"6658",2012,83,0.0173936723655475
"6659",2012,84,0.0155230927669236
"6660",2012,85,0.0173272042194759
"6661",2012,86,0.0174116615617486
"6662",2012,87,0.0175468275749576
"6663",2012,88,0.0186407838362899
"6664",2012,89,0.0199480636548907
"6665",2012,90,0.021477776682121
"6666",2012,91,0.0236790420765057
"6667",2012,92,0.0222610809730778
"6668",2012,93,0.0182032377821144
"6669",2012,94,0.0165838209942933
"6670",2012,95,0.0201715027494879
"6671",2012,96,0.0216728788346209
"6672",2012,97,0.0222899086589951
"6673",2012,98,0.0189536633692556
"6674",2012,99,0.0195701645172125
"6675",2012,100,0.0202462488898632
"6676",2012,101,0.0230458009539854
"6677",2012,102,0.0258827452944108
"6678",2012,103,0.0270844926937332
"6679",2012,104,0.0245557540814749
"6680",2012,105,0.169490347305902
"6681",2012,106,0.163482414720735
"6682",2012,107,0.14594896413327
"6683",2012,108,0.157443181906498
"6684",2012,109,0.18175259259031
"6685",2012,110,0.154813261225927
"6686",2012,111,0.0452342152783246
"6687",2012,112,0.0407816701242256
"6688",2012,113,0.039880067098872
"6689",2012,114,0.0440594888078022
"6690",2012,115,0.0395023526642013
"6691",2012,116,0.0310639588629785
"6692",2012,117,0.0326568089947125
"6693",2012,118,0.214099273748073
"6694",2012,119,0.180123597735204
"6695",2012,120,0.169272913371507
"6696",2012,121,0.176011267860994
"6697",2012,122,0.172538659873901
"6698",2012,123,0.0314569554745565
"6699",2012,124,0.0279415431991917
"6700",2012,125,0.0299107698122661
"6701",2012,126,0.235155675378938
"6702",2012,127,0.181763121833674
"6703",2012,128,0.174412695939303
"6704",2012,129,0.166802772819137
"6705",2012,130,0.052245173831715
"6706",2012,131,0.0367315631467636
"6707",2012,132,0.030308561282276
"6708",2012,133,0.0293754269658253
"6709",2012,134,0.0229808528464367
"6710",2012,135,0.023574387442483
"6711",2012,136,0.0205450959420757
"6712",2012,137,0.0219619999405718
"6713",2012,138,0.0217548724172075
"6714",2012,139,0.272727711220437
"6715",2012,140,0.199457040138763
"6716",2012,141,0.167969720903222
"6717",2012,142,0.0239311149489591
"6718",2012,143,0.0228119611391534
"6719",2012,144,0.293839770192615
"6720",2012,145,0.261601867583062
"6721",2012,146,0.248243891473305
"6722",2012,147,0.277250597546781
"6723",2012,148,0.260683574943791
"6724",2012,149,0.255592985265341
"6725",2012,150,0.264645143119532
"6726",2012,151,0.254632816382179
"6727",2012,152,0.131267175864434
"6728",2012,153,0.137820149740612
"6729",2012,154,0.141282496881067
"6730",2012,155,0.128926601910767
"6731",2012,156,0.103280794021968
"6732",2012,157,0.344475983673538
"6733",2012,158,0.291974350968737
"6734",2012,159,0.295203360323092
"6735",2012,160,0.195561630720049
"6736",2012,161,0.0287202104285668
"6737",2012,162,0.0178176589657697
"6738",2012,163,0.0170741168962117
"6739",2012,164,0.016645449642574
"6740",2012,165,0.0166468551917167
"6741",2012,166,0.0158017192987674
"6742",2012,167,0.0163313398682791
"6743",2012,168,0.0146308539570946
"6744",2012,169,0.0138425947877155
"6745",2012,170,0.0130655173842868
"6746",2012,171,0.116215364878731
"6747",2012,172,0.0110013569837973
"6748",2012,173,0.0075031940547967
"6749",2012,174,0.00789547280717616
"6750",2012,175,0.00789730171249301
"6751",2012,176,0.00787590696519802
"6752",2012,177,0.282418030479409
"6753",2012,178,0.105031606167646
"6754",2012,179,0.00326502856006377
"6755",2012,180,0.00313428607984181
"6756",2012,181,0.00318706258814888
"6757",2012,182,0.00306370413393197
"6758",2012,183,0.00305583689382127
"6759",2012,184,0.00294175372703579
"6760",2012,185,0.0029741269957021
"6761",2012,186,0.00284255995081027
"6762",2012,187,0.351833912279801
"6763",2012,188,0.220719667752242
"6764",2012,189,0.109056353088604
"6765",2012,190,0.00142649196641218
"6766",2012,191,0.00146496182893119
"6767",2012,192,0.00151424825997307
"6768",2012,193,0.00153952600454008
"6769",2012,194,0.00145125335587387
"6770",2012,195,0.00149189032884385
"6771",2012,196,0.00152285510523321
"6772",2012,197,0.00148901228992722
"6773",2012,198,0.001447610744569
"6774",2012,199,0.00139310524786423
"6775",2012,200,0.00136708375204323
"6776",2012,201,0.00140028141065421
"6777",2012,202,0.307938538503413
"6778",2012,203,0.208081991861482
"6779",2012,204,0.241410830947266
"6780",2012,205,0.115151229843475
"6781",2012,206,0.266236439432098
"6782",2012,207,0.336263062662604
"6783",2012,208,0.24371171860813
"6784",2012,209,0.178889455995225
"6785",2012,210,0.0018758442179533
"6786",2012,211,0.00121069309101347
"6787",2012,212,0.00117286327686829
"6788",2012,213,0.00120492943515069
"6789",2012,214,0.00119874077600471
"6790",2012,215,0.00115159243448452
"6791",2012,216,0.000989724414522223
"6792",2012,217,0.00100237683479339
"6793",2012,218,0.0010228018547674
"6794",2012,219,0.00103237627458048
"6795",2012,220,0.00103340671523548
"6796",2012,221,0.00100176182982663
"6797",2012,222,0.000870979603774893
"6798",2012,223,0.000601564647084198
"6799",2012,224,0.000543377099768195
"6800",2012,225,0.00053462245819967
"6801",2012,226,0.00053001668811533
"6802",2012,227,0.00053026113538845
"6803",2012,228,0.000519759272548249
"6804",2012,229,0.000513558705101903
"6805",2012,230,0.000505777585579462
"6806",2012,231,0.000498647026650597
"6807",2012,232,0.000491274170292332
"6808",2012,233,0.000485204301045802
"6809",2012,234,0.000478980052357355
"6810",2012,235,0.000473410939289146
"6811",2012,236,0.00046755938937583
"6812",2012,237,0.000462417725049048
"6813",2012,238,0.000451538405176464
"6814",2012,239,0.000447042605055557
"6815",2012,240,0.000447086479857584
"6816",2012,241,0.000443765347447183
"6817",2012,242,0.00043946220784292
"6818",2012,243,0.00042907312923077
"6819",2012,244,0.000425480995804747
"6820",2012,245,0.000421162551211081
"6821",2012,246,0.000410548818217607
"6822",2012,247,0.000399803106482803
"6823",2012,248,0.000389500092393655
"6824",2012,249,0.000374834995400666
"6825",2012,250,0.160452693586782
"6826",2012,251,0.0312845164225797
"6827",2012,252,0.00738180455493657
"6828",2012,253,0.00626046250828026
"6829",2012,254,0.00572882126787455
"6830",2012,255,0.00462444104631598
"6831",2012,256,0.003660444570617
"6832",2012,257,0.00346953967928158
"6833",2012,258,0.0032982181835736
"6834",2012,259,0.00323963948356618
"6835",2012,260,0.0028486539407865
"6836",2012,261,0.00253814916245542
"6837",2012,262,0.0024831991614235
"6838",2012,263,0.00235552051669786
"6839",2012,264,0.00219541139820857
"6840",2012,265,0.00209829266691766
"6841",2012,266,0.00133189694145809
"6842",2012,267,0.000246599685084043
"6843",2012,268,0.000251007455152589
"6844",2012,269,0.000236860339877217
"6845",2012,270,0.000225237001359642
"6846",2012,271,0.000224472070730379
"6847",2012,272,0.000212852566654768
"6848",2012,273,0.000218747408720453
"6849",2012,274,0.00021812248589086
"6850",2012,275,0.000190724583610742
"6851",2012,276,0.000202657362199262
"6852",2012,277,0.00015987274549462
"6853",2012,278,0.00013143675161226
"6854",2012,279,0.0566227525636085
"6855",2012,280,0.0479308468768283
"6856",2012,281,0.00962056519023023
"6857",2012,282,0.00632502098921703
"6858",2012,283,0.00439015192242264
"6859",2012,284,0.00412723677602975
"6860",2012,285,0.00324321635836615
"6861",2012,286,0.00341064791509539
"6862",2012,287,0.00306229360709255
"6863",2012,288,0.00268838326984171
"6864",2012,289,0.00259048229440946
"6865",2012,290,0.0976390108186853
"6866",2012,291,0.0569587415288888
"6867",2012,292,0.053583832429713
"6868",2012,293,0.0577978041275004
"6869",2012,294,0.0632106784900171
"6870",2012,295,0.0518973818698643
"6871",2012,296,0.0796153494941076
"6872",2012,297,0.0809325834758804
"6873",2012,298,0.071670694078437
"6874",2012,299,0.0350979922826655
"6875",2012,300,0.0369280885841439
"6876",2012,301,0.043163308423103
"6877",2012,302,0.0490079102628571
"6878",2012,303,0.054220551506488
"6879",2012,304,0.0536745040155883
"6880",2012,305,0.0535928906525712
"6881",2012,306,0.0480165829269834
"6882",2012,307,0.0440634743357574
"6883",2012,308,0.0390006092626802
"6884",2012,309,0.0396307035697422
"6885",2012,310,0.0426678336544444
"6886",2012,311,0.0391166881209901
"6887",2012,312,0.0350119555611463
"6888",2012,313,0.00554102852846104
"6889",2012,314,0.00445670628437228
"6890",2012,315,0.00264393510504132
"6891",2012,316,0.00183572320981112
"6892",2012,317,0.00228746365910048
"6893",2012,318,0.00291978289475256
"6894",2012,319,0.00269321833316293
"6895",2012,320,0.00253890984215276
"6896",2012,321,0.00269133969091155
"6897",2012,322,0.00270661526541514
"6898",2012,323,0.002684051000268
"6899",2012,324,0.00232054746156177
"6900",2012,325,0.00257948779720673
"6901",2012,326,0.00258249068801787
"6902",2012,327,0.00178690581835187
"6903",2012,328,0.00135189850983109
"6904",2012,329,0.00174349607813637
"6905",2012,330,0.0431580221009654
"6906",2012,331,0.0212911056873236
"6907",2012,332,0.0155198559596525
"6908",2012,333,0.0194058867273212
"6909",2012,334,0.0253238416741073
"6910",2012,335,0.027387464990226
"6911",2012,336,0.0299615070559232
"6912",2012,337,0.0293377569651495
"6913",2012,338,0.0251063838295408
"6914",2012,339,0.0227317850091635
"6915",2012,340,0.0266939657388275
"6916",2012,341,0.0225723616284063
"6917",2012,342,0.0172263581593385
"6918",2012,343,0.0152504976970141
"6919",2012,344,0.00951632312451905
"6920",2012,345,0.0120982666034251
"6921",2012,346,0.0142430217753664
"6922",2012,347,0.0209722550030353
"6923",2012,348,0.0200556694761682
"6924",2012,349,0.0193129314779271
"6925",2012,350,0.0154300046714668
"6926",2012,351,0.0148497087003197
"6927",2012,352,0.0152831088176294
"6928",2012,353,0.0129098479825749
"6929",2012,354,0.00711222321882906
"6930",2012,355,0.00443596628532537
"6931",2012,356,0.00417456509252026
"6932",2012,357,0.00304952117778002
"6933",2012,358,0.00198695679485311
"6934",2012,359,0.0151007941268424
"6935",2012,360,0.0104265557700536
"6936",2012,361,0.0107016177135157
"6937",2012,362,0.0127369980890338
"6938",2012,363,0.0144177358119513
"6939",2012,364,0.0151540083717805
"6940",2012,365,0.0154284572077924
"6941",2013,1,0.0154541688825848
"6942",2013,2,0.0183615325155445
"6943",2013,3,0.0166383202265763
"6944",2013,4,0.019645252920079
"6945",2013,5,0.02016976546637
"6946",2013,6,0.0209843934782829
"6947",2013,7,0.0229925731163388
"6948",2013,8,0.0273197619775806
"6949",2013,9,0.032272258332555
"6950",2013,10,0.00653564084969678
"6951",2013,11,0.0195046941350696
"6952",2013,12,0.0129386294166827
"6953",2013,13,0.0131054333155726
"6954",2013,14,0.0119686163281694
"6955",2013,15,0.0173697417410804
"6956",2013,16,0.0294329285405584
"6957",2013,17,0.0301285533444169
"6958",2013,18,0.0372383648517354
"6959",2013,19,0.0305390857850717
"6960",2013,20,0.00161999128707544
"6961",2013,21,0.00151006432788454
"6962",2013,22,0.00188035393008692
"6963",2013,23,0.00171258482526329
"6964",2013,24,0.00184805400004383
"6965",2013,25,0.00176987625414496
"6966",2013,26,0.00195102633656629
"6967",2013,27,0.00173780216864506
"6968",2013,28,0.0367709492419403
"6969",2013,29,0.0284690217147146
"6970",2013,30,0.0270805075786485
"6971",2013,31,0.030476274102234
"6972",2013,32,0.038894027311335
"6973",2013,33,0.044734574548148
"6974",2013,34,0.0468785413081485
"6975",2013,35,0.0471314160427915
"6976",2013,36,0.045017580565979
"6977",2013,37,0.0018058874542809
"6978",2013,38,0.00162213959140413
"6979",2013,39,0.00156132754275201
"6980",2013,40,0.0475936674827282
"6981",2013,41,0.0433796073706515
"6982",2013,42,0.0342008051207062
"6983",2013,43,0.0416058939467401
"6984",2013,44,0.0568875024712021
"6985",2013,45,0.0488051833591331
"6986",2013,46,0.0466045131717439
"6987",2013,47,0.0666208281163318
"6988",2013,48,0.0718324531094812
"6989",2013,49,0.0555129871951004
"6990",2013,50,0.0498338671551872
"6991",2013,51,0.0536608783243135
"6992",2013,52,0.053430030389736
"6993",2013,53,0.0577690744111931
"6994",2013,54,0.0647894604148606
"6995",2013,55,0.0586390625796741
"6996",2013,56,0.0483428199428767
"6997",2013,57,0.0557631154082433
"6998",2013,58,0.0602348626720209
"6999",2013,59,0.0668291205239758
"7000",2013,60,0.0711266871432103
"7001",2013,61,0.0953314093581438
"7002",2013,62,0.101752824091986
"7003",2013,63,0.0726492839540794
"7004",2013,64,0.0638041362774845
"7005",2013,65,0.0897192217784692
"7006",2013,66,0.102809049999498
"7007",2013,67,0.0895223005841347
"7008",2013,68,0.0778423930645451
"7009",2013,69,0.00622851834816713
"7010",2013,70,0.0066149812451472
"7011",2013,71,0.00635309791316274
"7012",2013,72,0.00860055519861236
"7013",2013,73,0.00980416614937179
"7014",2013,74,0.0104045873829724
"7015",2013,75,0.00913899129596773
"7016",2013,76,0.00870853068798358
"7017",2013,77,0.0060828548639776
"7018",2013,78,0.00660295798621453
"7019",2013,79,0.00695286995329083
"7020",2013,80,0.00701324379742163
"7021",2013,81,0.0901979515398546
"7022",2013,82,0.0261785559130889
"7023",2013,83,0.00484425413770908
"7024",2013,84,0.0058236478821351
"7025",2013,85,0.00767967618974334
"7026",2013,86,0.00889079247178687
"7027",2013,87,0.0090946815127912
"7028",2013,88,0.00996976909272995
"7029",2013,89,0.136902404174223
"7030",2013,90,0.108840456264732
"7031",2013,91,0.092190954376663
"7032",2013,92,0.0128715815675325
"7033",2013,93,0.0145546006362044
"7034",2013,94,0.0152234499085574
"7035",2013,95,0.0134559131416932
"7036",2013,96,0.0101935159268514
"7037",2013,97,0.0101794746076032
"7038",2013,98,0.131368542299697
"7039",2013,99,0.0795302098474706
"7040",2013,100,0.0955009766242995
"7041",2013,101,0.11110116668187
"7042",2013,102,0.145307159734365
"7043",2013,103,0.133562780278325
"7044",2013,104,0.121263232805869
"7045",2013,105,0.0954081173622623
"7046",2013,106,0.117801937508383
"7047",2013,107,0.116149509624653
"7048",2013,108,0.123962049640782
"7049",2013,109,0.159327061289906
"7050",2013,110,0.19509452593409
"7051",2013,111,0.211237222920464
"7052",2013,112,0.146030661875545
"7053",2013,113,0.133748102594514
"7054",2013,114,0.167375329271445
"7055",2013,115,0.219564725593544
"7056",2013,116,0.232873960722485
"7057",2013,117,0.197999148952194
"7058",2013,118,0.203894962902751
"7059",2013,119,0.206320476729575
"7060",2013,120,0.174199119522476
"7061",2013,121,0.171870175970239
"7062",2013,122,0.157300726320136
"7063",2013,123,0.168516595728009
"7064",2013,124,0.0631397235938683
"7065",2013,125,0.0626450486193789
"7066",2013,126,0.0703256199121868
"7067",2013,127,0.0722414759074727
"7068",2013,128,0.0743598453252598
"7069",2013,129,0.246409797641904
"7070",2013,130,0.203472654894478
"7071",2013,131,0.0669559542902041
"7072",2013,132,0.0598176682247735
"7073",2013,133,0.057127000148712
"7074",2013,134,0.0433222765801141
"7075",2013,135,0.243161553366778
"7076",2013,136,0.163704895777095
"7077",2013,137,0.00828832639644568
"7078",2013,138,0.165112377286971
"7079",2013,139,0.237324260418462
"7080",2013,140,0.215286799458996
"7081",2013,141,0.169275035034691
"7082",2013,142,0.119453161775857
"7083",2013,143,0.00764799947544035
"7084",2013,144,0.00780302061655984
"7085",2013,145,0.00736243102943008
"7086",2013,146,0.00596648090434157
"7087",2013,147,0.00584973370447631
"7088",2013,148,0.00575406809317993
"7089",2013,149,0.249257696495148
"7090",2013,150,0.274468819336633
"7091",2013,151,0.270575947317614
"7092",2013,152,0.265858411999179
"7093",2013,153,0.291109761636906
"7094",2013,154,0.270482287253502
"7095",2013,155,0.0858426410984952
"7096",2013,156,0.0595716398582343
"7097",2013,157,0.0122097009685901
"7098",2013,158,0.335108989592728
"7099",2013,159,0.334527448691512
"7100",2013,160,0.313913779366822
"7101",2013,161,0.249090177022242
"7102",2013,162,0.0382388815888507
"7103",2013,163,0.0176331735654378
"7104",2013,164,0.0141535315112235
"7105",2013,165,0.0136268661316027
"7106",2013,166,0.0124791326117732
"7107",2013,167,0.0123241435132529
"7108",2013,168,0.350307942091534
"7109",2013,169,0.24676076596444
"7110",2013,170,0.177631389595464
"7111",2013,171,0.0102627181170392
"7112",2013,172,0.116928187056937
"7113",2013,173,0.353846734013445
"7114",2013,174,0.330110622590463
"7115",2013,175,0.361627549165517
"7116",2013,176,0.35297549195026
"7117",2013,177,0.177783662816895
"7118",2013,178,0.166728197378429
"7119",2013,179,0.132866008479693
"7120",2013,180,0.0453688955605435
"7121",2013,181,0.0190814979211038
"7122",2013,182,0.00941898214462574
"7123",2013,183,0.00902676630087899
"7124",2013,184,0.00922961781633718
"7125",2013,185,0.283811839113995
"7126",2013,186,0.375949403595554
"7127",2013,187,0.389832561609947
"7128",2013,188,0.396810105815754
"7129",2013,189,0.369550139017424
"7130",2013,190,0.353481494635826
"7131",2013,191,0.369174503364992
"7132",2013,192,0.273274573777135
"7133",2013,193,0.404305748272275
"7134",2013,194,0.32229770322917
"7135",2013,195,0.164009362593618
"7136",2013,196,0.124506955206798
"7137",2013,197,0.166376227847648
"7138",2013,198,0.164125972079644
"7139",2013,199,0.163740284230606
"7140",2013,200,0.136298629063502
"7141",2013,201,0.111884115293263
"7142",2013,202,0.0992064219209692
"7143",2013,203,0.0792282618250992
"7144",2013,204,0.0691774454459105
"7145",2013,205,0.0533311557502008
"7146",2013,206,0.046096393789787
"7147",2013,207,0.0430344853974758
"7148",2013,208,0.0220842674962823
"7149",2013,209,0.363438831054058
"7150",2013,210,0.363007958459475
"7151",2013,211,0.375813175490263
"7152",2013,212,0.366024769651751
"7153",2013,213,0.379778301040806
"7154",2013,214,0.342215887636494
"7155",2013,215,0.341006942855403
"7156",2013,216,0.346156987781142
"7157",2013,217,0.214294423142706
"7158",2013,218,0.179381357655679
"7159",2013,219,0.365859685259822
"7160",2013,220,0.32578255279681
"7161",2013,221,0.308487548822657
"7162",2013,222,0.359954821934697
"7163",2013,223,0.361690850056116
"7164",2013,224,0.356228228018696
"7165",2013,225,0.323357543541872
"7166",2013,226,0.349986551920893
"7167",2013,227,0.330467906109503
"7168",2013,228,0.336611865259501
"7169",2013,229,0.328728076317702
"7170",2013,230,0.179629081371572
"7171",2013,231,0.176398921238774
"7172",2013,232,0.170853404721606
"7173",2013,233,0.165690229870375
"7174",2013,234,0.159686358430243
"7175",2013,235,0.163458457280262
"7176",2013,236,0.155894931088729
"7177",2013,237,0.149070591219504
"7178",2013,238,0.15411018383284
"7179",2013,239,0.150856512141732
"7180",2013,240,0.1448140043575
"7181",2013,241,0.139263995557193
"7182",2013,242,0.13851291823417
"7183",2013,243,0.125335574821548
"7184",2013,244,0.115636955223233
"7185",2013,245,0.118773191918714
"7186",2013,246,0.118091809218151
"7187",2013,247,0.117856437848034
"7188",2013,248,0.113180994854117
"7189",2013,249,0.107463045843646
"7190",2013,250,0.100744463321719
"7191",2013,251,0.0949165746582672
"7192",2013,252,0.084296364339123
"7193",2013,253,0.0707016202461996
"7194",2013,254,0.0663389640732403
"7195",2013,255,0.058096990815648
"7196",2013,256,0.197379537200186
"7197",2013,257,0.149825719850864
"7198",2013,258,0.177978386805571
"7199",2013,259,0.0427191665446341
"7200",2013,260,0.0380687723828678
"7201",2013,261,0.0358885346751529
"7202",2013,262,0.0278968258500932
"7203",2013,263,0.0269903436521583
"7204",2013,264,0.0288048506287547
"7205",2013,265,0.0292195706015363
"7206",2013,266,0.157721598213087
"7207",2013,267,0.120919583741795
"7208",2013,268,0.108189754713795
"7209",2013,269,0.147628611273095
"7210",2013,270,0.131285654479568
"7211",2013,271,0.11453008900082
"7212",2013,272,0.131015760299471
"7213",2013,273,0.138802700984268
"7214",2013,274,0.120824617893004
"7215",2013,275,0.1077242315956
"7216",2013,276,0.124675783653304
"7217",2013,277,0.0894241957320184
"7218",2013,278,0.0923599439765942
"7219",2013,279,0.0844540231921349
"7220",2013,280,0.0961880334263873
"7221",2013,281,0.0997504724229125
"7222",2013,282,0.0874138143474776
"7223",2013,283,0.108656915114043
"7224",2013,284,0.0766864661447924
"7225",2013,285,0.0718743523769261
"7226",2013,286,0.0984045983827735
"7227",2013,287,0.0893737062967107
"7228",2013,288,0.0591271420810971
"7229",2013,289,0.0621093106725061
"7230",2013,290,0.0577689350957676
"7231",2013,291,0.0565932415039896
"7232",2013,292,0.065337415688224
"7233",2013,293,0.0602154758056914
"7234",2013,294,0.0601931154683875
"7235",2013,295,0.0670527599621609
"7236",2013,296,0.061560128073377
"7237",2013,297,0.0556377113695713
"7238",2013,298,0.0602234061350724
"7239",2013,299,0.0594757793998159
"7240",2013,300,0.0587796108313495
"7241",2013,301,0.0415704045047908
"7242",2013,302,0.0353577272386636
"7243",2013,303,0.039546363545602
"7244",2013,304,0.0202698640599866
"7245",2013,305,0.00968237370430241
"7246",2013,306,0.00833576649979527
"7247",2013,307,0.00731382917015454
"7248",2013,308,0.00487888459185387
"7249",2013,309,0.00448768212021422
"7250",2013,310,0.00435999554815682
"7251",2013,311,0.00461463689038398
"7252",2013,312,0.0048145456951122
"7253",2013,313,0.00411011479349512
"7254",2013,314,0.00438720110966517
"7255",2013,315,0.00340865741877159
"7256",2013,316,0.00358051119009789
"7257",2013,317,0.0470381495524191
"7258",2013,318,0.00782714744471702
"7259",2013,319,0.0059387613241875
"7260",2013,320,0.00481252601354528
"7261",2013,321,0.0041201467912235
"7262",2013,322,0.00403392664187581
"7263",2013,323,0.00432204210946757
"7264",2013,324,0.00338552222684668
"7265",2013,325,0.0172922710810054
"7266",2013,326,0.0161032870518105
"7267",2013,327,0.0199029377426897
"7268",2013,328,0.0249756998182078
"7269",2013,329,0.0274943668526706
"7270",2013,330,0.0304331396941555
"7271",2013,331,0.033410979861863
"7272",2013,332,0.00261357154678312
"7273",2013,333,0.00224840432123653
"7274",2013,334,0.00213315398791417
"7275",2013,335,0.00197429922289694
"7276",2013,336,0.00223054770998008
"7277",2013,337,0.00112082734977495
"7278",2013,338,0.000550535675658175
"7279",2013,339,0.000415838386203183
"7280",2013,340,0.000365144523404866
"7281",2013,341,0.006628151623921
"7282",2013,342,0.00821894714772889
"7283",2013,343,0.0101843836612061
"7284",2013,344,0.0152279368690998
"7285",2013,345,0.0130995135894094
"7286",2013,346,0.000841288607021468
"7287",2013,347,0.000888187276272755
"7288",2013,348,0.000925747224767555
"7289",2013,349,0.00106967051402739
"7290",2013,350,0.00111293024847911
"7291",2013,351,0.00100833794267991
"7292",2013,352,0.0010924126043976
"7293",2013,353,0.0183838126877522
"7294",2013,354,0.0112405118035032
"7295",2013,355,0.0130601845740485
"7296",2013,356,0.0138538631499194
"7297",2013,357,0.0115272992905056
"7298",2013,358,0.0174593299401804
"7299",2013,359,0.0179862699879921
"7300",2013,360,0.0212882011659317
"7301",2013,361,0.0269742525813309
"7302",2013,362,0.0221171742933669
"7303",2013,363,0.0157224530812339
"7304",2013,364,0.0207987185776278
"7305",2013,365,0.0270213794016764
"7306",2014,1,0.021881529475442
"7307",2014,2,0.0199857783420042
"7308",2014,3,0.025448304750867
"7309",2014,4,0.0182249246589138
"7310",2014,5,0.0102617783252879
"7311",2014,6,0.0124014547816055
"7312",2014,7,0.0209883801362026
"7313",2014,8,0.0217971981273157
"7314",2014,9,0.0237130957826833
"7315",2014,10,0.0262516616246738
"7316",2014,11,0.0306345851634142
"7317",2014,12,0.0328082219041064
"7318",2014,13,0.0324274361122064
"7319",2014,14,0.0285207500671602
"7320",2014,15,0.0323359055899826
"7321",2014,16,0.030409303567369
"7322",2014,17,0.0345488603675685
"7323",2014,18,0.0377209004187274
"7324",2014,19,0.0418999726031178
"7325",2014,20,0.0362280698951558
"7326",2014,21,0.03687161613056
"7327",2014,22,0.0310431770424819
"7328",2014,23,0.0269457198874167
"7329",2014,24,0.0400240776496512
"7330",2014,25,0.0491120540841635
"7331",2014,26,0.037660078152788
"7332",2014,27,0.0214306047681125
"7333",2014,28,0.0248561263877876
"7334",2014,29,0.0367412614570056
"7335",2014,30,0.0336006426054075
"7336",2014,31,0.0297488870593517
"7337",2014,32,0.0262579447438578
"7338",2014,33,0.0260362154872562
"7339",2014,34,0.0297857262325503
"7340",2014,35,0.0200742828023813
"7341",2014,36,0.0116717299902402
"7342",2014,37,0.0105517259795276
"7343",2014,38,0.0186587720032293
"7344",2014,39,0.0296545315595226
"7345",2014,40,0.025014576859866
"7346",2014,41,0.0268407410543902
"7347",2014,42,0.0371109504342815
"7348",2014,43,0.0460032867901773
"7349",2014,44,0.0626752252898649
"7350",2014,45,0.0599477385871031
"7351",2014,46,0.0682788490563586
"7352",2014,47,0.0782660042237918
"7353",2014,48,0.069178656153411
"7354",2014,49,0.0714525068156861
"7355",2014,50,0.0750192091426195
"7356",2014,51,0.0587098647704058
"7357",2014,52,0.0643674213273007
"7358",2014,53,0.052804065423393
"7359",2014,54,0.0456262549937249
"7360",2014,55,0.0438866316357492
"7361",2014,56,0.0360247219547776
"7362",2014,57,0.0426411199781665
"7363",2014,58,0.063633441445065
"7364",2014,59,0.0534860900819123
"7365",2014,60,0.0284168843021828
"7366",2014,61,0.0326589024086768
"7367",2014,62,0.0611894409259582
"7368",2014,63,0.0891462438502967
"7369",2014,64,0.0920620009249413
"7370",2014,65,0.108690002196515
"7371",2014,66,0.108646345840992
"7372",2014,67,0.102389511951369
"7373",2014,68,0.11803443003034
"7374",2014,69,0.0479185220642073
"7375",2014,70,0.0952938247415372
"7376",2014,71,0.0718435950614994
"7377",2014,72,0.0841401477019661
"7378",2014,73,0.0851029879729745
"7379",2014,74,0.0808537850020099
"7380",2014,75,0.0839970434492617
"7381",2014,76,0.0188949414400975
"7382",2014,77,0.0136639031261789
"7383",2014,78,0.0128297917546018
"7384",2014,79,0.015163709524919
"7385",2014,80,0.0132747228999
"7386",2014,81,0.0811427994006039
"7387",2014,82,0.0951709780470628
"7388",2014,83,0.100869890027871
"7389",2014,84,0.123515160552114
"7390",2014,85,0.0389657012260183
"7391",2014,86,0.0166477861828529
"7392",2014,87,0.0178438894396395
"7393",2014,88,0.0214700692103793
"7394",2014,89,0.0216206569513253
"7395",2014,90,0.0173867490752351
"7396",2014,91,0.0163613643029667
"7397",2014,92,0.0181082119664301
"7398",2014,93,0.0188999816728722
"7399",2014,94,0.0207758601807291
"7400",2014,95,0.0233436110142876
"7401",2014,96,0.0235500735829388
"7402",2014,97,0.0250983451496571
"7403",2014,98,0.0295680634141616
"7404",2014,99,0.0326035233184395
"7405",2014,100,0.0298423240092942
"7406",2014,101,0.0318561243765154
"7407",2014,102,0.174859863060547
"7408",2014,103,0.138950051788596
"7409",2014,104,0.103864481723207
"7410",2014,105,0.140873969619258
"7411",2014,106,0.164940477259451
"7412",2014,107,0.151236392916513
"7413",2014,108,0.175849608081113
"7414",2014,109,0.165735288015564
"7415",2014,110,0.179128503218404
"7416",2014,111,0.169623172315793
"7417",2014,112,0.178005802795639
"7418",2014,113,0.0567107235958402
"7419",2014,114,0.0514421091826664
"7420",2014,115,0.055742739459188
"7421",2014,116,0.058035050646274
"7422",2014,117,0.189512577612566
"7423",2014,118,0.160734673554404
"7424",2014,119,0.152130522005988
"7425",2014,120,0.159268618729628
"7426",2014,121,0.176033569700144
"7427",2014,122,0.200551202611825
"7428",2014,123,0.208093537107346
"7429",2014,124,0.0793033642131739
"7430",2014,125,0.0809473441833121
"7431",2014,126,0.24697402019296
"7432",2014,127,0.208140453783008
"7433",2014,128,0.201349425545108
"7434",2014,129,0.200037571021894
"7435",2014,130,0.209840986798649
"7436",2014,131,0.203002802084066
"7437",2014,132,0.180852451798509
"7438",2014,133,0.19027515545285
"7439",2014,134,0.20359303294595
"7440",2014,135,0.239689984904741
"7441",2014,136,0.252391451754368
"7442",2014,137,0.235348291029126
"7443",2014,138,0.251786884722369
"7444",2014,139,0.11202909690612
"7445",2014,140,0.281642900755912
"7446",2014,141,0.255863962257578
"7447",2014,142,0.264301774182053
"7448",2014,143,0.245515139962586
"7449",2014,144,0.124589753554237
"7450",2014,145,0.123726084973842
"7451",2014,146,0.129841744838944
"7452",2014,147,0.134448820615313
"7453",2014,148,0.143440730001697
"7454",2014,149,0.148376606551824
"7455",2014,150,0.309596588091741
"7456",2014,151,0.300455194018333
"7457",2014,152,0.314297712656863
"7458",2014,153,0.286640342129692
"7459",2014,154,0.305331755782341
"7460",2014,155,0.337994865141676
"7461",2014,156,0.281063997250366
"7462",2014,157,0.137736411314691
"7463",2014,158,0.295516023393159
"7464",2014,159,0.292882855314715
"7465",2014,160,0.282552928993454
"7466",2014,161,0.308677856374569
"7467",2014,162,0.27387933180636
"7468",2014,163,0.139312631105903
"7469",2014,164,0.163757194088938
"7470",2014,165,0.334649638209958
"7471",2014,166,0.296401698569638
"7472",2014,167,0.313499045319266
"7473",2014,168,0.2621203149777
"7474",2014,169,0.0914486302160248
"7475",2014,170,0.0733857870735565
"7476",2014,171,0.0614807678462249
"7477",2014,172,0.363921240961834
"7478",2014,173,0.36012979300441
"7479",2014,174,0.317989326128825
"7480",2014,175,0.318281292064134
"7481",2014,176,0.277392798778353
"7482",2014,177,0.370545921966663
"7483",2014,178,0.340688911460087
"7484",2014,179,0.254444941395774
"7485",2014,180,0.190076220990746
"7486",2014,181,0.0330469797566477
"7487",2014,182,0.0297257751258957
"7488",2014,183,0.0288306473300004
"7489",2014,184,0.0309002911356671
"7490",2014,185,0.0317653280633983
"7491",2014,186,0.030586257901797
"7492",2014,187,0.0297918941317144
"7493",2014,188,0.0272123219796494
"7494",2014,189,0.022547302183086
"7495",2014,190,0.0232681186822644
"7496",2014,191,0.0218418922093627
"7497",2014,192,0.339254929895608
"7498",2014,193,0.22643670823728
"7499",2014,194,0.113445565928048
"7500",2014,195,0.0103240134508484
"7501",2014,196,0.351582277747604
"7502",2014,197,0.271935064073626
"7503",2014,198,0.320511501517411
"7504",2014,199,0.31912230994783
"7505",2014,200,0.110821383307871
"7506",2014,201,0.0683768588318442
"7507",2014,202,0.0364725895040776
"7508",2014,203,0.0153843240883911
"7509",2014,204,0.0153632181724475
"7510",2014,205,0.0156105916472149
"7511",2014,206,0.014075776953712
"7512",2014,207,0.012314873089687
"7513",2014,208,0.0114776877864926
"7514",2014,209,0.0118350723455918
"7515",2014,210,0.0108167473890361
"7516",2014,211,0.0106252259630447
"7517",2014,212,0.0104856185290751
"7518",2014,213,0.010586028678806
"7519",2014,214,0.0101924276829062
"7520",2014,215,0.0101739944788186
"7521",2014,216,0.00854307874166454
"7522",2014,217,0.21644987292958
"7523",2014,218,0.270282621110669
"7524",2014,219,0.327303251914008
"7525",2014,220,0.23581274796638
"7526",2014,221,0.152574967669254
"7527",2014,222,0.00627790871522472
"7528",2014,223,0.00621921665299375
"7529",2014,224,0.00617905248702667
"7530",2014,225,0.00573927201716318
"7531",2014,226,0.00522900268324645
"7532",2014,227,0.00489717424861295
"7533",2014,228,0.0048106759288312
"7534",2014,229,0.00376639239699094
"7535",2014,230,0.00186634484103323
"7536",2014,231,0.00177173981784089
"7537",2014,232,0.00172891604533116
"7538",2014,233,0.00169786037501201
"7539",2014,234,0.208208448470776
"7540",2014,235,0.0893398029953347
"7541",2014,236,0.00415870922655425
"7542",2014,237,0.00392805766372329
"7543",2014,238,0.00366196589585994
"7544",2014,239,0.279781359330787
"7545",2014,240,0.263007878359014
"7546",2014,241,0.238489667016401
"7547",2014,242,0.172265515908955
"7548",2014,243,0.209266631968547
"7549",2014,244,0.19484049220665
"7550",2014,245,0.140217622340589
"7551",2014,246,0.0152014544078733
"7552",2014,247,0.00983364464281881
"7553",2014,248,0.00804219505383839
"7554",2014,249,0.00735311832435295
"7555",2014,250,0.00707564164209909
"7556",2014,251,0.0066588197342493
"7557",2014,252,0.00584888794902323
"7558",2014,253,0.199893442973831
"7559",2014,254,0.166939917419906
"7560",2014,255,0.14816303647139
"7561",2014,256,0.156206985428407
"7562",2014,257,0.159921253104587
"7563",2014,258,0.171251204406539
"7564",2014,259,0.188726075264172
"7565",2014,260,0.0893016019902114
"7566",2014,261,0.0745122711236517
"7567",2014,262,0.067076809035214
"7568",2014,263,0.0577007880007536
"7569",2014,264,0.0515423079988079
"7570",2014,265,0.0532845622843147
"7571",2014,266,0.0528322668640433
"7572",2014,267,0.046980820568458
"7573",2014,268,0.0441267732894103
"7574",2014,269,0.0430485327384294
"7575",2014,270,0.0296522785026692
"7576",2014,271,0.154913959127145
"7577",2014,272,0.154503037862502
"7578",2014,273,0.152843454325011
"7579",2014,274,0.134027232396732
"7580",2014,275,0.106395328696829
"7581",2014,276,0.0902723319612806
"7582",2014,277,0.10342329034379
"7583",2014,278,0.107279307209808
"7584",2014,279,0.109309085373185
"7585",2014,280,0.110432372092652
"7586",2014,281,0.105962512379509
"7587",2014,282,0.0951152152293257
"7588",2014,283,0.0908171946354628
"7589",2014,284,0.0727045192312644
"7590",2014,285,0.023727297150834
"7591",2014,286,0.0215208042500738
"7592",2014,287,0.02243714079255
"7593",2014,288,0.0228971493892104
"7594",2014,289,0.0202675067391513
"7595",2014,290,0.0170210811691973
"7596",2014,291,0.0174720378962099
"7597",2014,292,0.0179045733233122
"7598",2014,293,0.0179200689251393
"7599",2014,294,0.0175414122191074
"7600",2014,295,0.0143403644080945
"7601",2014,296,0.0146373154111953
"7602",2014,297,0.0151929214629625
"7603",2014,298,0.013656956379996
"7604",2014,299,0.0136385586011129
"7605",2014,300,0.0107417151494288
"7606",2014,301,0.0089907042099071
"7607",2014,302,0.00943528915912289
"7608",2014,303,0.00943752634157579
"7609",2014,304,0.00912832284727763
"7610",2014,305,0.00510341623985733
"7611",2014,306,0.00497950798186178
"7612",2014,307,0.00390658421806983
"7613",2014,308,0.0034870651407731
"7614",2014,309,0.0037399422332415
"7615",2014,310,0.00366981227214212
"7616",2014,311,0.00353982844692376
"7617",2014,312,0.0034203608816273
"7618",2014,313,0.0634369459025297
"7619",2014,314,0.0326849107395598
"7620",2014,315,0.0163884089852976
"7621",2014,316,0.0117747917638175
"7622",2014,317,0.010203723108221
"7623",2014,318,0.0157429109000171
"7624",2014,319,0.0157316937254272
"7625",2014,320,0.0162900208344323
"7626",2014,321,0.0194705111696291
"7627",2014,322,0.0240897939428845
"7628",2014,323,0.0243557841073273
"7629",2014,324,0.024730066165708
"7630",2014,325,0.0305929629661739
"7631",2014,326,0.0346063562401765
"7632",2014,327,0.0295521179164971
"7633",2014,328,0.0265209909765577
"7634",2014,329,0.0261918962706014
"7635",2014,330,0.0256282384147686
"7636",2014,331,0.0315223688310744
"7637",2014,332,0.0402182558161514
"7638",2014,333,0.0362568115479965
"7639",2014,334,0.0147192056525108
"7640",2014,335,0.0210467933338724
"7641",2014,336,0.0240829454123823
"7642",2014,337,0.0220604081484482
"7643",2014,338,0.0319490250232971
"7644",2014,339,0.0309359756790282
"7645",2014,340,0.0287629449887779
"7646",2014,341,0.0311245325291609
"7647",2014,342,0.0240391585106283
"7648",2014,343,0.0299784460863028
"7649",2014,344,0.0107452189236579
"7650",2014,345,0.0239002337611562
"7651",2014,346,0.0264228425100507
"7652",2014,347,0.0269778432748227
"7653",2014,348,0.0325313825910122
"7654",2014,349,0.0280917670664062
"7655",2014,350,0.0137729590383702
"7656",2014,351,0.0155776856560216
"7657",2014,352,0.0168161358339474
"7658",2014,353,0.0190440182671456
"7659",2014,354,0.0252044232421088
"7660",2014,355,0.0272960802916361
"7661",2014,356,0.0229562422738991
"7662",2014,357,0.020818267252917
"7663",2014,358,0.020621622510334
"7664",2014,359,0.0206432435194242
"7665",2014,360,0.0151943478436091
"7666",2014,361,0.013522160982547
"7667",2014,362,0.0158393709048262
"7668",2014,363,0.011697472500955
"7669",2014,364,0.00716767468869404
"7670",2014,365,0.00899702864735125
"7671",2014,366,0.0195925083571802
"7672",2015,1,0.0145867015346376
"7673",2015,2,0.0191423247273599
"7674",2015,3,0.0142002813633441
"7675",2015,4,0.0102025542364286
"7676",2015,5,0.0185593784862995
"7677",2015,6,0.0222516948024153
"7678",2015,7,0.0180397710951363
"7679",2015,8,0.0203463812560439
"7680",2015,9,0.0130451989579409
"7681",2015,10,0.0200950059335755
"7682",2015,11,0.0222655784590108
"7683",2015,12,0.0188808119507406
"7684",2015,13,0.0206668239311815
"7685",2015,14,0.0209100728835852
"7686",2015,15,0.0266992494161669
"7687",2015,16,0.0342060688982774
"7688",2015,17,0.0346383113005253
"7689",2015,18,0.0395524619620858
"7690",2015,19,0.0384956397103685
"7691",2015,20,0.0306124074917401
"7692",2015,21,0.0287786585083565
"7693",2015,22,0.0313671629794421
"7694",2015,23,0.0364897843864885
"7695",2015,24,0.046583284400129
"7696",2015,25,0.0496712927767927
"7697",2015,26,0.057544423664823
"7698",2015,27,0.0595311421535404
"7699",2015,28,0.0540568998177645
"7700",2015,29,0.0456131150317723
"7701",2015,30,0.0464108023347265
"7702",2015,31,0.0433010566863396
"7703",2015,32,0.0321882084291244
"7704",2015,33,0.0423630460344285
"7705",2015,34,0.0519703876602722
"7706",2015,35,0.0360893238387304
"7707",2015,36,0.0447716569669242
"7708",2015,37,0.0704895411483684
"7709",2015,38,0.0784846197215916
"7710",2015,39,0.0580732785964738
"7711",2015,40,0.0555625869440041
"7712",2015,41,0.0545396608251214
"7713",2015,42,0.0504564963235242
"7714",2015,43,0.0546286209820084
"7715",2015,44,0.0582276152993973
"7716",2015,45,0.051202840921795
"7717",2015,46,0.0569319632802962
"7718",2015,47,0.0539264188287298
"7719",2015,48,0.0449111881767169
"7720",2015,49,0.0555556345060257
"7721",2015,50,0.0737515109373516
"7722",2015,51,0.0694306870976529
"7723",2015,52,0.0515883428106271
"7724",2015,53,0.0342548754080956
"7725",2015,54,0.0429483242508126
"7726",2015,55,0.0570569168503486
"7727",2015,56,0.0503980728062774
"7728",2015,57,0.0289628117243866
"7729",2015,58,0.0324777280801091
"7730",2015,59,0.0345609403303889
"7731",2015,60,0.0374001147686974
"7732",2015,61,0.0183862963879063
"7733",2015,62,0.0488627454271514
"7734",2015,63,0.0380494790448139
"7735",2015,64,0.0527085771462193
"7736",2015,65,0.084583973253528
"7737",2015,66,0.098549168850214
"7738",2015,67,0.0358275662042888
"7739",2015,68,0.0138328805619819
"7740",2015,69,0.0131940141222917
"7741",2015,70,0.0131270940523045
"7742",2015,71,0.0136084335598166
"7743",2015,72,0.0126112238374532
"7744",2015,73,0.0133407979406409
"7745",2015,74,0.0149471986224142
"7746",2015,75,0.0154535856180853
"7747",2015,76,0.011230432019388
"7748",2015,77,0.0128791056039616
"7749",2015,78,0.0133121797769722
"7750",2015,79,0.0145870572085217
"7751",2015,80,0.016202273335975
"7752",2015,81,0.015940892475047
"7753",2015,82,0.0162037009361299
"7754",2015,83,0.0162468322890254
"7755",2015,84,0.0146044051274384
"7756",2015,85,0.0155557151817887
"7757",2015,86,0.0210111305750415
"7758",2015,87,0.0221363368678161
"7759",2015,88,0.0211508282719097
"7760",2015,89,0.0201175851518998
"7761",2015,90,0.0219318299132308
"7762",2015,91,0.0213647868544616
"7763",2015,92,0.0172126955751569
"7764",2015,93,0.017340962338531
"7765",2015,94,0.0207738214351767
"7766",2015,95,0.0238389980646729
"7767",2015,96,0.0236905943431285
"7768",2015,97,0.0231066117442864
"7769",2015,98,0.157696601354732
"7770",2015,99,0.126995700804303
"7771",2015,100,0.136363388818424
"7772",2015,101,0.151806484517717
"7773",2015,102,0.142932148519141
"7774",2015,103,0.134394758926472
"7775",2015,104,0.0388914249283238
"7776",2015,105,0.174104132778016
"7777",2015,106,0.138039617510478
"7778",2015,107,0.168742213847585
"7779",2015,108,0.173466628154868
"7780",2015,109,0.141699824441844
"7781",2015,110,0.147798599146447
"7782",2015,111,0.162048527626158
"7783",2015,112,0.170786594037058
"7784",2015,113,0.183723987415314
"7785",2015,114,0.212051565540798
"7786",2015,115,0.183648988932414
"7787",2015,116,0.187518187773312
"7788",2015,117,0.185727094154363
"7789",2015,118,0.182977117863959
"7790",2015,119,0.205011937828325
"7791",2015,120,0.202941069984028
"7792",2015,121,0.201751097846399
"7793",2015,122,0.219634222398057
"7794",2015,123,0.199676551659288
"7795",2015,124,0.0749117754659124
"7796",2015,125,0.0790339293627435
"7797",2015,126,0.228047176334286
"7798",2015,127,0.198025235564751
"7799",2015,128,0.213639104772728
"7800",2015,129,0.201400388848922
"7801",2015,130,0.153056595931144
"7802",2015,131,0.193480798561854
"7803",2015,132,0.224323598587013
"7804",2015,133,0.230551397128296
"7805",2015,134,0.234155062222007
"7806",2015,135,0.255548643740187
"7807",2015,136,0.234824178221166
"7808",2015,137,0.219598807953336
"7809",2015,138,0.211893558616076
"7810",2015,139,0.221179770121137
"7811",2015,140,0.218779752727057
"7812",2015,141,0.214112867859681
"7813",2015,142,0.231223040023487
"7814",2015,143,0.273606454967889
"7815",2015,144,0.277975920832905
"7816",2015,145,0.283076186797498
"7817",2015,146,0.292803565544609
"7818",2015,147,0.310396886100464
"7819",2015,148,0.304080327043246
"7820",2015,149,0.281446415644861
"7821",2015,150,0.269400413761483
"7822",2015,151,0.302065896136116
"7823",2015,152,0.32531741724581
"7824",2015,153,0.317258359321253
"7825",2015,154,0.332485503841543
"7826",2015,155,0.294339839017561
"7827",2015,156,0.316091066783353
"7828",2015,157,0.320291890442747
"7829",2015,158,0.322397109456369
"7830",2015,159,0.325293241450938
"7831",2015,160,0.193971184489417
"7832",2015,161,0.379748881855781
"7833",2015,162,0.343047803797103
"7834",2015,163,0.338688506136477
"7835",2015,164,0.342620309003836
"7836",2015,165,0.330339608643599
"7837",2015,166,0.357704885296093
"7838",2015,167,0.339572188916939
"7839",2015,168,0.340542578714496
"7840",2015,169,0.337427975077756
"7841",2015,170,0.374093116568941
"7842",2015,171,0.344172919153312
"7843",2015,172,0.201481001691835
"7844",2015,173,0.185690906509068
"7845",2015,174,0.190044573782317
"7846",2015,175,0.192572260821374
"7847",2015,176,0.379322830394302
"7848",2015,177,0.347430010475966
"7849",2015,178,0.36263046005813
"7850",2015,179,0.371963404957025
"7851",2015,180,0.366986290699772
"7852",2015,181,0.275560234304246
"7853",2015,182,0.200244021539414
"7854",2015,183,0.384174000076959
"7855",2015,184,0.354539730392261
"7856",2015,185,0.372214733619046
"7857",2015,186,0.348334407620248
"7858",2015,187,0.347099311942894
"7859",2015,188,0.360027141629573
"7860",2015,189,0.326079512772823
"7861",2015,190,0.32337550456625
"7862",2015,191,0.343451231158275
"7863",2015,192,0.339419368812864
"7864",2015,193,0.180049239592811
"7865",2015,194,0.173899794361453
"7866",2015,195,0.168469178047673
"7867",2015,196,0.327648494659999
"7868",2015,197,0.336614352564874
"7869",2015,198,0.35731809000885
"7870",2015,199,0.316502755556895
"7871",2015,200,0.331456444827021
"7872",2015,201,0.328510869693042
"7873",2015,202,0.37011834582136
"7874",2015,203,0.374683423336975
"7875",2015,204,0.263919272683135
"7876",2015,205,0.180059300289868
"7877",2015,206,0.18138961201209
"7878",2015,207,0.185972143538463
"7879",2015,208,0.39359235324979
"7880",2015,209,0.296495035149034
"7881",2015,210,0.161317428200123
"7882",2015,211,0.171130155226122
"7883",2015,212,0.178990263703975
"7884",2015,213,0.184703284069306
"7885",2015,214,0.186769238295871
"7886",2015,215,0.180571016034963
"7887",2015,216,0.175163955944598
"7888",2015,217,0.361491366535818
"7889",2015,218,0.175977080666122
"7890",2015,219,0.169749604548165
"7891",2015,220,0.186893727697276
"7892",2015,221,0.173064145176496
"7893",2015,222,0.172858773301644
"7894",2015,223,0.188756462221175
"7895",2015,224,0.189249052908168
"7896",2015,225,0.18800598837486
"7897",2015,226,0.189268471904486
"7898",2015,227,0.194563693219953
"7899",2015,228,0.16662096220911
"7900",2015,229,0.323864841102392
"7901",2015,230,0.297769469950231
"7902",2015,231,0.271100549127381
"7903",2015,232,0.290027596495797
"7904",2015,233,0.30240974271362
"7905",2015,234,0.219675187001363
"7906",2015,235,0.120478483863922
"7907",2015,236,0.132187310194315
"7908",2015,237,0.137807117786699
"7909",2015,238,0.137274396474946
"7910",2015,239,0.128560311874437
"7911",2015,240,0.118023461962826
"7912",2015,241,0.10935685426777
"7913",2015,242,0.0930116825498798
"7914",2015,243,0.0823404730987242
"7915",2015,244,0.0659209409677884
"7916",2015,245,0.0641167412657325
"7917",2015,246,0.0596945012700242
"7918",2015,247,0.044361701270261
"7919",2015,248,0.0399061827090932
"7920",2015,249,0.0318683806006993
"7921",2015,250,0.0291767893836653
"7922",2015,251,0.0259857109704263
"7923",2015,252,0.0256297930174309
"7924",2015,253,0.024934120280218
"7925",2015,254,0.0233273639157546
"7926",2015,255,0.014030833421741
"7927",2015,256,0.0142818179425795
"7928",2015,257,0.0145514675304771
"7929",2015,258,0.0138325912284673
"7930",2015,259,0.0123262021603268
"7931",2015,260,0.0105921977070544
"7932",2015,261,0.00950859998100643
"7933",2015,262,0.00930424496486148
"7934",2015,263,0.00935696814431704
"7935",2015,264,0.00975200959392471
"7936",2015,265,0.00896079851240035
"7937",2015,266,0.00901817255037118
"7938",2015,267,0.00854815531407327
"7939",2015,268,0.0083470118429674
"7940",2015,269,0.00835827806056415
"7941",2015,270,0.00784396946361282
"7942",2015,271,0.145477038158179
"7943",2015,272,0.111595859450278
"7944",2015,273,0.089999864916655
"7945",2015,274,0.00812545977409048
"7946",2015,275,0.00712910377159675
"7947",2015,276,0.121769128267901
"7948",2015,277,0.113285472590191
"7949",2015,278,0.0929368748816234
"7950",2015,279,0.0863658805459854
"7951",2015,280,0.0822798973080485
"7952",2015,281,0.00784136406440773
"7953",2015,282,0.00725663280191356
"7954",2015,283,0.0074237109029748
"7955",2015,284,0.00708207216974695
"7956",2015,285,0.00530683033167389
"7957",2015,286,0.00512267690426987
"7958",2015,287,0.00455403015866837
"7959",2015,288,0.00396719239555393
"7960",2015,289,0.00383063718889448
"7961",2015,290,0.00379115728268151
"7962",2015,291,0.00407135579573369
"7963",2015,292,0.0037579799542325
"7964",2015,293,0.00336692992929391
"7965",2015,294,0.00306362006404719
"7966",2015,295,0.0876480960392728
"7967",2015,296,0.0618432560175773
"7968",2015,297,0.0589546281268093
"7969",2015,298,0.0607090449874527
"7970",2015,299,0.0605148448057665
"7971",2015,300,0.0493810929864821
"7972",2015,301,0.0500192917130113
"7973",2015,302,0.0466088647169077
"7974",2015,303,0.0454698614259514
"7975",2015,304,0.050574753312031
"7976",2015,305,0.0546549878246877
"7977",2015,306,0.0486523464592234
"7978",2015,307,0.0473448487181457
"7979",2015,308,0.0184441125243479
"7980",2015,309,0.00645927627570752
"7981",2015,310,0.00513837365931685
"7982",2015,311,0.00485775029908435
"7983",2015,312,0.0049825234462366
"7984",2015,313,0.00473605642719627
"7985",2015,314,0.00394533309218695
"7986",2015,315,0.00330610482987841
"7987",2015,316,0.00296701247453225
"7988",2015,317,0.00297851320074783
"7989",2015,318,0.00357816303763621
"7990",2015,319,0.00315628659909213
"7991",2015,320,0.00267212250199451
"7992",2015,321,0.00223798604719885
"7993",2015,322,0.00210924407641351
"7994",2015,323,0.00153817034021159
"7995",2015,324,0.0250376656648456
"7996",2015,325,0.0200717219179615
"7997",2015,326,0.0284422596343713
"7998",2015,327,0.0360353536765157
"7999",2015,328,0.0261700599465513
"8000",2015,329,0.0145835093047779
"8001",2015,330,0.0038262249764513
"8002",2015,331,0.00259286110648766
"8003",2015,332,0.0149453383160143
"8004",2015,333,0.014260551150596
"8005",2015,334,0.0147102264090073
"8006",2015,335,0.0195635822259644
"8007",2015,336,0.0220345675860238
"8008",2015,337,0.0243824300474905
"8009",2015,338,0.0285808854166653
"8010",2015,339,0.0280350518103876
"8011",2015,340,0.0286789427759544
"8012",2015,341,0.0310426313389253
"8013",2015,342,0.0344706169072094
"8014",2015,343,0.0203048706686846
"8015",2015,344,0.00301725456078401
"8016",2015,345,0.00234706718486542
"8017",2015,346,0.0221919374948683
"8018",2015,347,0.0209036344726734
"8019",2015,348,0.02186686387868
"8020",2015,349,0.0179439171644843
"8021",2015,350,0.0155743128819196
"8022",2015,351,0.0139089386420257
"8023",2015,352,0.0170280819572049
"8024",2015,353,0.026692218037118
"8025",2015,354,0.0221202004869952
"8026",2015,355,0.0216603740186193
"8027",2015,356,0.0231430179154815
"8028",2015,357,0.0176956347723035
"8029",2015,358,0.0165407536524092
"8030",2015,359,0.0148666729492009
"8031",2015,360,0.0127886472350808
"8032",2015,361,0.0111293151410132
"8033",2015,362,0.0111990134567696
"8034",2015,363,0.0116803814837196
"8035",2015,364,0.0118383735559302
"8036",2015,365,0.0143970256162362
"8037",2016,1,0.017198815719942
"8038",2016,2,0.0195441022430944
"8039",2016,3,0.0193740662468758
"8040",2016,4,0.0222873621683826
"8041",2016,5,0.0246723074143961
"8042",2016,6,0.0256457429729037
"8043",2016,7,0.0223420853635067
"8044",2016,8,0.0195964467046099
"8045",2016,9,0.0179467203184022
"8046",2016,10,0.0193516986606213
"8047",2016,11,0.0236777417624743
"8048",2016,12,0.0243621587528979
"8049",2016,13,0.0166640180377888
"8050",2016,14,0.00136586231919653
"8051",2016,15,0.00119547244342881
"8052",2016,16,0.00098540513234366
"8053",2016,17,0.000833445125001709
"8054",2016,18,0.00101780283140687
"8055",2016,19,0.00116979886439717
"8056",2016,20,0.00122291845675676
"8057",2016,21,0.00121629027189557
"8058",2016,22,0.00129832411380696
"8059",2016,23,0.00142896826198483
"8060",2016,24,0.00127737759558485
"8061",2016,25,0.00106463345113917
"8062",2016,26,0.000984174723776041
"8063",2016,27,0.00128431340167477
"8064",2016,28,0.00135058110672593
"8065",2016,29,0.00139803554558249
"8066",2016,30,0.0012303624605193
"8067",2016,31,0.000987680388609027
"8068",2016,32,0.0316803611612769
"8069",2016,33,0.0342182050594029
"8070",2016,34,0.028179794924479
"8071",2016,35,0.0314802663165625
"8072",2016,36,0.0392448130070379
"8073",2016,37,0.0458835395756215
"8074",2016,38,0.0467615713399673
"8075",2016,39,0.04912211736757
"8076",2016,40,0.0616795474855079
"8077",2016,41,0.0719556259293643
"8078",2016,42,0.0686396879300224
"8079",2016,43,0.0623445024839483
"8080",2016,44,0.0729732951848404
"8081",2016,45,0.0633414311981005
"8082",2016,46,0.0757355993227439
"8083",2016,47,0.0746829755330831
"8084",2016,48,0.0761331967081228
"8085",2016,49,0.0935284693247383
"8086",2016,50,0.0550771618106041
"8087",2016,51,0.0642361545349676
"8088",2016,52,0.0524772463990722
"8089",2016,53,0.0521850645675915
"8090",2016,54,0.0527622723016275
"8091",2016,55,0.0502182160112158
"8092",2016,56,0.0531452209259585
"8093",2016,57,0.0670899066064131
"8094",2016,58,0.0780874617867159
"8095",2016,59,0.0754853139689132
"8096",2016,60,0.093094781839935
"8097",2016,61,0.0634224822398059
"8098",2016,62,0.0743883011858599
"8099",2016,63,0.0713394274767307
"8100",2016,64,0.0122292163190781
"8101",2016,65,0.0110944643353687
"8102",2016,66,0.0116930084797265
"8103",2016,67,0.0101118141169039
"8104",2016,68,0.00930699856825516
"8105",2016,69,0.00849169064348424
"8106",2016,70,0.00982523196184915
"8107",2016,71,0.0116276550357555
"8108",2016,72,0.0123758957701704
"8109",2016,73,0.0118095916892677
"8110",2016,74,0.0117507935359011
"8111",2016,75,0.0983310725184756
"8112",2016,76,0.071696424005501
"8113",2016,77,0.0153335907497978
"8114",2016,78,0.0114599558118744
"8115",2016,79,0.0112879228174416
"8116",2016,80,0.0143152403949311
"8117",2016,81,0.0176264589463874
"8118",2016,82,0.0176026396232255
"8119",2016,83,0.109296044906666
"8120",2016,84,0.0886418280131392
"8121",2016,85,0.0887815384999234
"8122",2016,86,0.0857168650705695
"8123",2016,87,0.101804836556247
"8124",2016,88,0.117474916978683
"8125",2016,89,0.134204371647823
"8126",2016,90,0.101538818802665
"8127",2016,91,0.0997603290219069
"8128",2016,92,0.10278281787247
"8129",2016,93,0.125024306664505
"8130",2016,94,0.139814820845567
"8131",2016,95,0.136428365107621
"8132",2016,96,0.0343319194980653
"8133",2016,97,0.0314315761106682
"8134",2016,98,0.0310504603478733
"8135",2016,99,0.0309292768427384
"8136",2016,100,0.0355427821062031
"8137",2016,101,0.163611913114595
"8138",2016,102,0.0308834349617954
"8139",2016,103,0.0352803187366327
"8140",2016,104,0.0383393957979424
"8141",2016,105,0.0393467988594595
"8142",2016,106,0.035073003383841
"8143",2016,107,0.156945058918994
"8144",2016,108,0.14922622291594
"8145",2016,109,0.131659462035118
"8146",2016,110,0.142363445420451
"8147",2016,111,0.139243625926934
"8148",2016,112,0.0394578559345438
"8149",2016,113,0.044178645652068
"8150",2016,114,0.234250353514018
"8151",2016,115,0.192644170375799
"8152",2016,116,0.19370003102736
"8153",2016,117,0.172196180196933
"8154",2016,118,0.139388677900341
"8155",2016,119,0.144302099531526
"8156",2016,120,0.155677860529665
"8157",2016,121,0.18552701611651
"8158",2016,122,0.170231356191
"8159",2016,123,0.185910915285174
"8160",2016,124,0.213860177380373
"8161",2016,125,0.225664168715637
"8162",2016,126,0.242474476527143
"8163",2016,127,0.269017156277147
"8164",2016,128,0.249018506994288
"8165",2016,129,0.211876923773772
"8166",2016,130,0.240171394442321
"8167",2016,131,0.202998458716806
"8168",2016,132,0.191475492005931
"8169",2016,133,0.218544887081544
"8170",2016,134,0.205592869039141
"8171",2016,135,0.191801379545052
"8172",2016,136,0.227636956784386
"8173",2016,137,0.229652547301391
"8174",2016,138,0.212661264405416
"8175",2016,139,0.233582111567544
"8176",2016,140,0.263656347187662
"8177",2016,141,0.278503595904268
"8178",2016,142,0.281452215660197
"8179",2016,143,0.292875207133253
"8180",2016,144,0.251656636164005
"8181",2016,145,0.279250349534101
"8182",2016,146,0.25503387071087
"8183",2016,147,0.188014731499615
"8184",2016,148,0.12510126621391
"8185",2016,149,0.295400807309914
"8186",2016,150,0.278893720831777
"8187",2016,151,0.31358847835997
"8188",2016,152,0.262075932681318
"8189",2016,153,0.271179412001324
"8190",2016,154,0.168322431876673
"8191",2016,155,0.16139554035503
"8192",2016,156,0.155026270622069
"8193",2016,157,0.162041588344753
"8194",2016,158,0.164762651124461
"8195",2016,159,0.175805745018189
"8196",2016,160,0.184436105108001
"8197",2016,161,0.189352786741646
"8198",2016,162,0.183627762777738
"8199",2016,163,0.194075329444501
"8200",2016,164,0.388725708223014
"8201",2016,165,0.373564542683298
"8202",2016,166,0.341724813969053
"8203",2016,167,0.354995609605544
"8204",2016,168,0.35881851638079
"8205",2016,169,0.178050793277761
"8206",2016,170,0.184929519810524
"8207",2016,171,0.124251263392277
"8208",2016,172,0.0913756705782514
"8209",2016,173,0.0850982074819156
"8210",2016,174,0.0668446791234667
"8211",2016,175,0.0662120280825419
"8212",2016,176,0.0648019101647311
"8213",2016,177,0.0414103962672371
"8214",2016,178,0.0329073939828523
"8215",2016,179,0.0335013933246503
"8216",2016,180,0.351313205092692
"8217",2016,181,0.232256383515539
"8218",2016,182,0.316894443536436
"8219",2016,183,0.214175110086439
"8220",2016,184,0.0359304968322906
"8221",2016,185,0.0338557859847997
"8222",2016,186,0.0308494609365187
"8223",2016,187,0.0282813904981597
"8224",2016,188,0.0265320621295058
"8225",2016,189,0.0246252155442003
"8226",2016,190,0.0238509601982654
"8227",2016,191,0.0148655525880525
"8228",2016,192,0.0138717795287049
"8229",2016,193,0.0111536496968977
"8230",2016,194,0.00852232532054576
"8231",2016,195,0.00853740126960502
"8232",2016,196,0.00716754253967708
"8233",2016,197,0.00810194065417989
"8234",2016,198,0.00843606147726348
"8235",2016,199,0.00778904170702516
"8236",2016,200,0.00822361736453674
"8237",2016,201,0.00809393612231578
"8238",2016,202,0.0075164995835746
"8239",2016,203,0.00632519694180103
"8240",2016,204,0.00623730248064163
"8241",2016,205,0.00576325237817833
"8242",2016,206,0.00532947905625671
"8243",2016,207,0.00545805449734181
"8244",2016,208,0.00546556375926373
"8245",2016,209,0.32499407270864
"8246",2016,210,0.365479922376013
"8247",2016,211,0.373461834482955
"8248",2016,212,0.360149829832095
"8249",2016,213,0.366702512326469
"8250",2016,214,0.360032655414953
"8251",2016,215,0.219196695556922
"8252",2016,216,0.193111659499078
"8253",2016,217,0.16753961109082
"8254",2016,218,0.163542493786512
"8255",2016,219,0.158970475235328
"8256",2016,220,0.378945749666058
"8257",2016,221,0.367815979299403
"8258",2016,222,0.297722553375246
"8259",2016,223,0.101891438584021
"8260",2016,224,0.0722990766674258
"8261",2016,225,0.0594168903496156
"8262",2016,226,0.043960754420168
"8263",2016,227,0.0250749688213991
"8264",2016,228,0.0198173520348581
"8265",2016,229,0.0187149123486247
"8266",2016,230,0.0128868773053158
"8267",2016,231,0.0093812617327138
"8268",2016,232,0.00824563055640595
"8269",2016,233,0.00805412391917797
"8270",2016,234,0.0083387995898003
"8271",2016,235,0.00834468519826847
"8272",2016,236,0.00797470469793492
"8273",2016,237,0.267203083101878
"8274",2016,238,0.261868286437019
"8275",2016,239,0.275668348264142
"8276",2016,240,0.25646235383365
"8277",2016,241,0.246954473246942
"8278",2016,242,0.151462087352269
"8279",2016,243,0.0149002378977459
"8280",2016,244,0.00668064085413671
"8281",2016,245,0.00663180528133363
"8282",2016,246,0.00652981685023925
"8283",2016,247,0.255426890797949
"8284",2016,248,0.252955932417557
"8285",2016,249,0.222049257356261
"8286",2016,250,0.236241213169691
"8287",2016,251,0.217270211110734
"8288",2016,252,0.212737980635555
"8289",2016,253,0.210504684222364
"8290",2016,254,0.185550756690357
"8291",2016,255,0.191725738195014
"8292",2016,256,0.19982769021226
"8293",2016,257,0.138225136881722
"8294",2016,258,0.201493614058615
"8295",2016,259,0.191291657985721
"8296",2016,260,0.154689093711402
"8297",2016,261,0.0637871516197004
"8298",2016,262,0.054040649925212
"8299",2016,263,0.0490926326793839
"8300",2016,264,0.0467414064752782
"8301",2016,265,0.0249797045734976
"8302",2016,266,0.0157242117077885
"8303",2016,267,0.179317498959
"8304",2016,268,0.149614520129424
"8305",2016,269,0.13186227410526
"8306",2016,270,0.131917440580479
"8307",2016,271,0.139754854884431
"8308",2016,272,0.137635613427862
"8309",2016,273,0.140377411810326
"8310",2016,274,0.137516791621377
"8311",2016,275,0.0574344353610849
"8312",2016,276,0.0413102554747216
"8313",2016,277,0.143004048969258
"8314",2016,278,0.089884024791084
"8315",2016,279,0.0313783460104292
"8316",2016,280,0.0255829960063627
"8317",2016,281,0.0250525842811725
"8318",2016,282,0.0260014727710596
"8319",2016,283,0.0256641335694378
"8320",2016,284,0.025333343363186
"8321",2016,285,0.0186501860651839
"8322",2016,286,0.0162195619877624
"8323",2016,287,0.0173387922029455
"8324",2016,288,0.019474643316202
"8325",2016,289,0.0180199348760382
"8326",2016,290,0.0176693873050555
"8327",2016,291,0.0150156200005625
"8328",2016,292,0.0129398281499229
"8329",2016,293,0.0113599672107703
"8330",2016,294,0.0113811248460469
"8331",2016,295,0.012852665606287
"8332",2016,296,0.0128073266875554
"8333",2016,297,0.011183745930648
"8334",2016,298,0.0114546880732771
"8335",2016,299,0.011825380967165
"8336",2016,300,0.00965271840775185
"8337",2016,301,0.0104199507436856
"8338",2016,302,0.00537576149251313
"8339",2016,303,0.00417774890048985
"8340",2016,304,0.00407911004602648
"8341",2016,305,0.00363521577379029
"8342",2016,306,0.00266501189418114
"8343",2016,307,0.00254722479485179
"8344",2016,308,0.00260499339301349
"8345",2016,309,0.0025195033277244
"8346",2016,310,0.00238432566195201
"8347",2016,311,0.00232643465098662
"8348",2016,312,0.0020295759368352
"8349",2016,313,0.0019162963783666
"8350",2016,314,0.00188511106932468
"8351",2016,315,0.00189744643529197
"8352",2016,316,0.00162662929057377
"8353",2016,317,0.00164352744810561
"8354",2016,318,0.00153184014868698
"8355",2016,319,0.00142794429463273
"8356",2016,320,0.00151268810840316
"8357",2016,321,0.00128536327463422
"8358",2016,322,0.0317274132521004
"8359",2016,323,0.0246026077896366
"8360",2016,324,0.0257808493068762
"8361",2016,325,0.0281978690876822
"8362",2016,326,0.0314087512345274
"8363",2016,327,0.0269315997087141
"8364",2016,328,0.0215334657862668
"8365",2016,329,0.0228664242429795
"8366",2016,330,0.0240233065181665
"8367",2016,331,0.0265555327860412
"8368",2016,332,0.0227276669565022
"8369",2016,333,0.0189062670478474
"8370",2016,334,0.00550466359773752
"8371",2016,335,0.00337444037170956
"8372",2016,336,0.0025555586770022
"8373",2016,337,0.00232814010048656
"8374",2016,338,0.00207114233491923
"8375",2016,339,0.00197303835036267
"8376",2016,340,0.00155740621752516
"8377",2016,341,0.000759565907144106
"8378",2016,342,0.000631511428972793
"8379",2016,343,0.000516228030745091
"8380",2016,344,0.00064053383029139
"8381",2016,345,0.000811511657230124
"8382",2016,346,0.000957020241651618
"8383",2016,347,0.000884966937547699
"8384",2016,348,0.000675939932151716
"8385",2016,349,0.000557222904502754
"8386",2016,350,0.000722356871354091
"8387",2016,351,0.0114297303294728
"8388",2016,352,0.00590738683650951
"8389",2016,353,0.00773081538391656
"8390",2016,354,0.0156254372996431
"8391",2016,355,0.0225799140422575
"8392",2016,356,0.0198502072274382
"8393",2016,357,0.0182461197337467
"8394",2016,358,0.0174480762412869
"8395",2016,359,0.0229115611732622
"8396",2016,360,0.0154502813380587
"8397",2016,361,0.0153892864183007
"8398",2016,362,0.019714942814496
"8399",2016,363,0.0202530564248288
"8400",2016,364,0.0196370515748384
"8401",2016,365,0.0243485802604386
"8402",2017,1,0.0165415390039936
"8403",2017,2,0.0129416977679328
"8404",2017,3,0.00923174946444864
"8405",2017,4,0.00897137340097582
"8406",2017,5,0.00882395558733965
"8407",2017,6,0.00971974872796165
"8408",2017,7,0.01177858837218
"8409",2017,8,0.0190402208474669
"8410",2017,9,0.027188141471152
"8411",2017,10,0.0279615222367566
"8412",2017,11,0.0175692534646297
"8413",2017,12,0.0160500543674426
"8414",2017,13,0.0206533682246031
"8415",2017,14,0.0237320049430729
"8416",2017,15,0.0241289656362968
"8417",2017,16,0.0254605012841571
"8418",2017,17,0.0276763859199119
"8419",2017,18,0.0368937550825715
"8420",2017,19,0.0380066473704263
"8421",2017,20,0.0314887690187954
"8422",2017,21,0.0300960778918922
"8423",2017,22,0.033198625819811
"8424",2017,23,0.03322717827741
"8425",2017,24,0.0256650224190231
"8426",2017,25,0.0246166393542337
"8427",2017,26,0.0260742513503375
"8428",2017,27,0.0271557975554204
"8429",2017,28,0.0343419789617509
"8430",2017,29,0.0462153941736501
"8431",2017,30,0.0507222358366567
"8432",2017,31,0.0396143876333073
"8433",2017,32,0.0275479582860628
"8434",2017,33,0.0226472745781082
"8435",2017,34,0.0203311191038356
"8436",2017,35,0.0399516160227783
"8437",2017,36,0.0580200283335945
"8438",2017,37,0.0627967316007349
"8439",2017,38,0.0429256561618772
"8440",2017,39,0.0314657825118781
"8441",2017,40,0.0511154803023428
"8442",2017,41,0.0775558078458843
"8443",2017,42,0.0663155616548983
"8444",2017,43,0.0570322850669022
"8445",2017,44,0.0627448039214216
"8446",2017,45,0.064798193052015
"8447",2017,46,0.0766398968484929
"8448",2017,47,0.087313241032113
"8449",2017,48,0.0840328188583338
"8450",2017,49,0.0892852824548227
"8451",2017,50,0.0907539678994918
"8452",2017,51,0.0663446773648276
"8453",2017,52,0.0976835371771224
"8454",2017,53,0.0874664847131726
"8455",2017,54,0.0583768302148445
"8456",2017,55,0.0459460825412409
"8457",2017,56,0.0401813917456419
"8458",2017,57,0.0461626503013855
"8459",2017,58,0.0598216851018756
"8460",2017,59,0.0581671568308887
"8461",2017,60,0.0597337979012205
"8462",2017,61,0.0665892024709862
"8463",2017,62,0.0825479228682557
"8464",2017,63,0.100558436853193
"8465",2017,64,0.104371388724374
"8466",2017,65,0.0858487162677277
"8467",2017,66,0.0765976292285325
"8468",2017,67,0.0968426139096518
"8469",2017,68,0.0912910134775575
"8470",2017,69,0.0471977545022627
"8471",2017,70,0.0791655497221299
"8472",2017,71,0.0989027441527997
"8473",2017,72,0.0708557666473631
"8474",2017,73,0.087619376720872
"8475",2017,74,0.102445015616516
"8476",2017,75,0.109262646933651
"8477",2017,76,0.0573086378314894
"8478",2017,77,0.0168944765223914
"8479",2017,78,0.0176668474459289
"8480",2017,79,0.0154019864507997
"8481",2017,80,0.0141491268665942
"8482",2017,81,0.0171372868441069
"8483",2017,82,0.0164220008607498
"8484",2017,83,0.0165069932122107
"8485",2017,84,0.017866675366476
"8486",2017,85,0.132746155211966
"8487",2017,86,0.0245551848247227
"8488",2017,87,0.135734334050321
"8489",2017,88,0.119367046282392
"8490",2017,89,0.143237083003145
"8491",2017,90,0.110044015365821
"8492",2017,91,0.137365550090056
"8493",2017,92,0.136314380184532
"8494",2017,93,0.127888019950732
"8495",2017,94,0.103496320717841
"8496",2017,95,0.115470523584305
"8497",2017,96,0.135700328382437
"8498",2017,97,0.156058022513569
"8499",2017,98,0.155987648744781
"8500",2017,99,0.156368897546477
"8501",2017,100,0.124117993655555
"8502",2017,101,0.134706383098804
"8503",2017,102,0.150790203424318
"8504",2017,103,0.173293800840234
"8505",2017,104,0.136598906787179
"8506",2017,105,0.0362980850971178
"8507",2017,106,0.0354066068305113
"8508",2017,107,0.040208695157524
"8509",2017,108,0.184710676675782
"8510",2017,109,0.158147598712771
"8511",2017,110,0.0583035251839088
"8512",2017,111,0.0479455323681904
"8513",2017,112,0.0494595186428385
"8514",2017,113,0.0573968742160966
"8515",2017,114,0.211887187073353
"8516",2017,115,0.169839334368553
"8517",2017,116,0.14759619030268
"8518",2017,117,0.173186600129277
"8519",2017,118,0.181103601821782
"8520",2017,119,0.139078811726214
"8521",2017,120,0.162210566915727
"8522",2017,121,0.174367792251294
"8523",2017,122,0.20146618432506
"8524",2017,123,0.183136530842116
"8525",2017,124,0.203331146643792
"8526",2017,125,0.228260836537925
"8527",2017,126,0.245088715215053
"8528",2017,127,0.281114256082328
"8529",2017,128,0.11743216808304
"8530",2017,129,0.0916282606049024
"8531",2017,130,0.0894269143551169
"8532",2017,131,0.0950237285471442
"8533",2017,132,0.102507809579031
"8534",2017,133,0.111206618796382
"8535",2017,134,0.280355492864095
"8536",2017,135,0.27905229260464
"8537",2017,136,0.267020308866175
"8538",2017,137,0.257562106518258
"8539",2017,138,0.219181418427691
"8540",2017,139,0.215301057302183
"8541",2017,140,0.217229052395711
"8542",2017,141,0.255048545482508
"8543",2017,142,0.253791723796506
"8544",2017,143,0.239480360759259
"8545",2017,144,0.27477216975721
"8546",2017,145,0.271305845067988
"8547",2017,146,0.261914573449066
"8548",2017,147,0.257519357967432
"8549",2017,148,0.267464066924909
"8550",2017,149,0.265804409579423
"8551",2017,150,0.269350477675838
"8552",2017,151,0.275175314343011
"8553",2017,152,0.155019104114098
"8554",2017,153,0.15079765875458
"8555",2017,154,0.152964764883627
"8556",2017,155,0.165466131445249
"8557",2017,156,0.36991988221763
"8558",2017,157,0.315343544500469
"8559",2017,158,0.363378551040403
"8560",2017,159,0.343082369750445
"8561",2017,160,0.357642488425804
"8562",2017,161,0.33574664628486
"8563",2017,162,0.323061306408429
"8564",2017,163,0.184283040674258
"8565",2017,164,0.165622195965899
"8566",2017,165,0.175294119467622
"8567",2017,166,0.179628975153499
"8568",2017,167,0.184937340303132
"8569",2017,168,0.174680261787639
"8570",2017,169,0.169178559555983
"8571",2017,170,0.186211372218726
"8572",2017,171,0.195486909408549
"8573",2017,172,0.194778177982811
"8574",2017,173,0.180401471317325
"8575",2017,174,0.159186928074087
"8576",2017,175,0.159151845919667
"8577",2017,176,0.168398180854131
"8578",2017,177,0.166368419244853
"8579",2017,178,0.393956156568587
"8580",2017,179,0.331487787763028
"8581",2017,180,0.350202902542521
"8582",2017,181,0.296968700718021
"8583",2017,182,0.23639540501358
"8584",2017,183,0.115044298178288
"8585",2017,184,0.095253135446403
"8586",2017,185,0.0889474359049206
"8587",2017,186,0.0762388872739498
"8588",2017,187,0.0688758483618002
"8589",2017,188,0.0607190463584376
"8590",2017,189,0.0594650924651829
"8591",2017,190,0.0581993113046791
"8592",2017,191,0.035336149891216
"8593",2017,192,0.0339883334684577
"8594",2017,193,0.0320317909274367
"8595",2017,194,0.031804745950289
"8596",2017,195,0.0321413582452873
"8597",2017,196,0.022530668623922
"8598",2017,197,0.0273857926122913
"8599",2017,198,0.0254795111546009
"8600",2017,199,0.0240067406118822
"8601",2017,200,0.0238127202654235
"8602",2017,201,0.0230218973114586
"8603",2017,202,0.0202644468187313
"8604",2017,203,0.0189276810790808
"8605",2017,204,0.0101844377221421
"8606",2017,205,0.010334406875783
"8607",2017,206,0.375119293257589
"8608",2017,207,0.366243708648695
"8609",2017,208,0.352034123162684
"8610",2017,209,0.377983195783196
"8611",2017,210,0.346051092507827
"8612",2017,211,0.34790595060551
"8613",2017,212,0.341916399397556
"8614",2017,213,0.173944679332552
"8615",2017,214,0.158733651913825
"8616",2017,215,0.137819284138381
"8617",2017,216,0.13379019348627
"8618",2017,217,0.104886335239834
"8619",2017,218,0.0723559069832435
"8620",2017,219,0.0431512433163862
"8621",2017,220,0.290957375643813
"8622",2017,221,0.18414488931891
"8623",2017,222,0.0230378919668742
"8624",2017,223,0.0188885798974514
"8625",2017,224,0.0171099706377014
"8626",2017,225,0.0161873342059914
"8627",2017,226,0.357661159985357
"8628",2017,227,0.304642815793935
"8629",2017,228,0.301751433269687
"8630",2017,229,0.292672325640224
"8631",2017,230,0.111194215400674
"8632",2017,231,0.0813590463551074
"8633",2017,232,0.03602660534364
"8634",2017,233,0.0132706512734638
"8635",2017,234,0.012541065625266
"8636",2017,235,0.0123411869724719
"8637",2017,236,0.0119316428436107
"8638",2017,237,0.0111708123714084
"8639",2017,238,0.0108252714306824
"8640",2017,239,0.0101083378362014
"8641",2017,240,0.00736083898158471
"8642",2017,241,0.00714885676282243
"8643",2017,242,0.00693943763029425
"8644",2017,243,0.0067094562932677
"8645",2017,244,0.00635991671375911
"8646",2017,245,0.00615073408722633
"8647",2017,246,0.00597674229085917
"8648",2017,247,0.00541343782124612
"8649",2017,248,0.00488379557840613
"8650",2017,249,0.00483679449015215
"8651",2017,250,0.00496405898921705
"8652",2017,251,0.00494235254290318
"8653",2017,252,0.00496042420377229
"8654",2017,253,0.00479423489542385
"8655",2017,254,0.00433400894915017
"8656",2017,255,0.00237013370565074
"8657",2017,256,0.00223246098820165
"8658",2017,257,0.225924598405373
"8659",2017,258,0.199613410351159
"8660",2017,259,0.148613567379999
"8661",2017,260,0.157471923484741
"8662",2017,261,0.165732422286096
"8663",2017,262,0.159249041251803
"8664",2017,263,0.129174275329081
"8665",2017,264,0.0481564185241257
"8666",2017,265,0.157837415274527
"8667",2017,266,0.144554717896784
"8668",2017,267,0.139950403107761
"8669",2017,268,0.119531351495372
"8670",2017,269,0.119677084256829
"8671",2017,270,0.118612965674579
"8672",2017,271,0.118772430875702
"8673",2017,272,0.121742017518432
"8674",2017,273,0.131010699548024
"8675",2017,274,0.138086516040889
"8676",2017,275,0.119229240077902
"8677",2017,276,0.0906674727726368
"8678",2017,277,0.0994378176013234
"8679",2017,278,0.0974644676507341
"8680",2017,279,0.101596611559921
"8681",2017,280,0.107117812446032
"8682",2017,281,0.107564303552346
"8683",2017,282,0.0725906865162016
"8684",2017,283,0.0763958131204646
"8685",2017,284,0.0865588362281084
"8686",2017,285,0.0782492666293944
"8687",2017,286,0.0770152433820101
"8688",2017,287,0.0633246396001865
"8689",2017,288,0.0678123674460863
"8690",2017,289,0.0747246210415699
"8691",2017,290,0.0759666817389734
"8692",2017,291,0.0730290798864068
"8693",2017,292,0.0208814581339114
"8694",2017,293,0.0199575873017769
"8695",2017,294,0.015162863838376
"8696",2017,295,0.0143458934423102
"8697",2017,296,0.0134936020364634
"8698",2017,297,0.0120809891486722
"8699",2017,298,0.0141821484668565
"8700",2017,299,0.0103994334631796
"8701",2017,300,0.00766170961913369
"8702",2017,301,0.00540525427420222
"8703",2017,302,0.0050697806904016
"8704",2017,303,0.00336785425969048
"8705",2017,304,0.00336817928697648
"8706",2017,305,0.0618771775361756
"8707",2017,306,0.0426240478891562
"8708",2017,307,0.0471513372374763
"8709",2017,308,0.0458071755587256
"8710",2017,309,0.0413479297641899
"8711",2017,310,0.0368347881360385
"8712",2017,311,0.0342148302480281
"8713",2017,312,0.0380397710094792
"8714",2017,313,0.0372973113534693
"8715",2017,314,0.0416944968673533
"8716",2017,315,0.0411496859922256
"8717",2017,316,0.031010689537216
"8718",2017,317,0.035833222189711
"8719",2017,318,0.0361623555734208
"8720",2017,319,0.0285351128863392
"8721",2017,320,0.0357238384599414
"8722",2017,321,0.0315100282113369
"8723",2017,322,0.0229709781696981
"8724",2017,323,0.0271487467362073
"8725",2017,324,0.0307679716752781
"8726",2017,325,0.0263803276714809
"8727",2017,326,0.0329120495329739
"8728",2017,327,0.0351735000863515
"8729",2017,328,0.03103363080475
"8730",2017,329,0.0258568117903728
"8731",2017,330,0.0312405782119811
"8732",2017,331,0.0334506724627529
"8733",2017,332,0.023986530714312
"8734",2017,333,0.0238165719693763
"8735",2017,334,0.0196445509669422
"8736",2017,335,0.0214640211125088
"8737",2017,336,0.0213418450576314
"8738",2017,337,0.0187388742248251
"8739",2017,338,0.00336065165677131
"8740",2017,339,0.00250775334217396
"8741",2017,340,0.00209731421613779
"8742",2017,341,0.00199499685415669
"8743",2017,342,0.00258058592737926
"8744",2017,343,0.00234008360167339
"8745",2017,344,0.00216382443071878
"8746",2017,345,0.00192474388808214
"8747",2017,346,0.00182895283983192
"8748",2017,347,0.00158485453736617
"8749",2017,348,0.00117172061831398
"8750",2017,349,0.00130636140987187
"8751",2017,350,0.0226368934306938
"8752",2017,351,0.0209903686769723
"8753",2017,352,0.0217733031109885
"8754",2017,353,0.0250959108904097
"8755",2017,354,0.0334483724180242
"8756",2017,355,0.0196831200708935
"8757",2017,356,0.0152720037215493
"8758",2017,357,0.0112082753896912
"8759",2017,358,0.00931714860347847
"8760",2017,359,0.00882574299806986
"8761",2017,360,0.00775300186271508
"8762",2017,361,0.00973806767444947
"8763",2017,362,0.0153770521770668
"8764",2017,363,0.0133725634689038
"8765",2017,364,0.00982274336372241
"8766",2017,365,0.0083351140607839
"8767",2018,1,0.00814275365252386
"8768",2018,2,0.0129558832789016
"8769",2018,3,0.0179737809945105
"8770",2018,4,0.0208872991484582
"8771",2018,5,0.0206542530042836
"8772",2018,6,0.0243582376067752
"8773",2018,7,0.0269599011679367
"8774",2018,8,0.0269405014127349
"8775",2018,9,0.0339118323038011
"8776",2018,10,0.0276049261932798
"8777",2018,11,0.0185039823435645
"8778",2018,12,0.018671068683767
"8779",2018,13,0.0246399429867657
"8780",2018,14,0.0277861449026473
"8781",2018,15,0.0154331816867872
"8782",2018,16,0.0156168802519142
"8783",2018,17,0.0248102851556506
"8784",2018,18,0.0377227194910224
"8785",2018,19,0.0405188065585172
"8786",2018,20,0.0317250747910839
"8787",2018,21,0.0275156265457409
"8788",2018,22,0.0223760492219968
"8789",2018,23,0.026970648351557
"8790",2018,24,0.0282128756079506
"8791",2018,25,0.0381714758639128
"8792",2018,26,0.036298440579118
"8793",2018,27,0.0329853679483623
"8794",2018,28,0.0326026507871832
"8795",2018,29,0.0417445786780977
"8796",2018,30,0.0526621967447799
"8797",2018,31,0.0415981481166353
"8798",2018,32,0.0343522303775552
"8799",2018,33,0.0407791529235596
"8800",2018,34,0.0450432755836791
"8801",2018,35,0.029208291274947
"8802",2018,36,0.0325369854319004
"8803",2018,37,0.0366465349632858
"8804",2018,38,0.0425762280352034
"8805",2018,39,0.0523206023491789
"8806",2018,40,0.029747830896354
"8807",2018,41,0.0238342873999001
"8808",2018,42,0.0326158464026064
"8809",2018,43,0.0293069360821069
"8810",2018,44,0.0410096816035157
"8811",2018,45,0.0616920861548122
"8812",2018,46,0.0463637540431603
"8813",2018,47,0.0465709517966197
"8814",2018,48,0.0598075012672254
"8815",2018,49,0.0530814396107131
"8816",2018,50,0.0242422295347481
"8817",2018,51,0.0180935241813083
"8818",2018,52,0.0205826925390788
"8819",2018,53,0.0316272631743003
"8820",2018,54,0.029620102363581
"8821",2018,55,0.037418636714071
"8822",2018,56,0.0492449375720971
"8823",2018,57,0.0658806149287235
"8824",2018,58,0.0646427818532571
"8825",2018,59,0.0632628688781772
"8826",2018,60,0.0677420074044343
"8827",2018,61,0.0881277055948993
"8828",2018,62,0.0873666079916208
"8829",2018,63,0.0749508858260372
"8830",2018,64,0.0656181062161553
"8831",2018,65,0.0704900584349544
"8832",2018,66,0.0772860547853688
"8833",2018,67,0.0918803031808932
"8834",2018,68,0.103440922673496
"8835",2018,69,0.0890835423198191
"8836",2018,70,0.0861817150236637
"8837",2018,71,0.0957561495370413
"8838",2018,72,0.100973568187703
"8839",2018,73,0.116390999282765
"8840",2018,74,0.133744569941488
"8841",2018,75,0.113525972930569
"8842",2018,76,0.101535920024141
"8843",2018,77,0.0975207809069776
"8844",2018,78,0.095833656018593
"8845",2018,79,0.103964009479484
"8846",2018,80,0.11411599275648
"8847",2018,81,0.130114268088401
"8848",2018,82,0.137662069144804
"8849",2018,83,0.101953010184468
"8850",2018,84,0.0999660916747645
"8851",2018,85,0.112608393797066
"8852",2018,86,0.0918701059398289
"8853",2018,87,0.122148865635102
"8854",2018,88,0.121992652873693
"8855",2018,89,0.106523929731479
"8856",2018,90,0.0851879163675866
"8857",2018,91,0.0936575969612326
"8858",2018,92,0.128970631961125
"8859",2018,93,0.106051800483247
"8860",2018,94,0.112486586157885
"8861",2018,95,0.106258587992823
"8862",2018,96,0.103502151435322
"8863",2018,97,0.122729385555666
"8864",2018,98,0.131902739035071
"8865",2018,99,0.125781924338423
"8866",2018,100,0.141107255491751
"8867",2018,101,0.162476138056886
"8868",2018,102,0.181027491496461
"8869",2018,103,0.121257695701944
"8870",2018,104,0.127773079787505
"8871",2018,105,0.135493929704733
"8872",2018,106,0.158246397975485
"8873",2018,107,0.170465040194083
"8874",2018,108,0.138616249505211
"8875",2018,109,0.148099984785363
"8876",2018,110,0.178065281381458
"8877",2018,111,0.153657299945724
"8878",2018,112,0.0509451965552468
"8879",2018,113,0.197529473932546
"8880",2018,114,0.129868503870542
"8881",2018,115,0.0538271810562313
"8882",2018,116,0.0564532012781003
"8883",2018,117,0.0584692298209889
"8884",2018,118,0.0661596338842079
"8885",2018,119,0.0709531745169034
"8886",2018,120,0.21613323169955
"8887",2018,121,0.180333163358653
"8888",2018,122,0.0672966817704367
"8889",2018,123,0.0738401497237992
"8890",2018,124,0.0776783522623784
"8891",2018,125,0.0819906775400323
"8892",2018,126,0.0875038968027589
"8893",2018,127,0.0955462992969406
"8894",2018,128,0.0896890801758702
"8895",2018,129,0.0905621181364038
"8896",2018,130,0.270575112056951
"8897",2018,131,0.241618996045982
"8898",2018,132,0.224139938901817
"8899",2018,133,0.233507596463629
"8900",2018,134,0.261614938299457
"8901",2018,135,0.244909418917738
"8902",2018,136,0.267116214116277
"8903",2018,137,0.299687335499477
"8904",2018,138,0.282470715827929
"8905",2018,139,0.244873815125034
"8906",2018,140,0.256066835211712
"8907",2018,141,0.261962478526784
"8908",2018,142,0.302051492024674
"8909",2018,143,0.305068686852305
"8910",2018,144,0.288819697096689
"8911",2018,145,0.297278540763228
"8912",2018,146,0.313659089887021
"8913",2018,147,0.337033106638448
"8914",2018,148,0.317249874941109
"8915",2018,149,0.305877934571893
"8916",2018,150,0.300153576427378
"8917",2018,151,0.317541478478296
"8918",2018,152,0.307991463472518
"8919",2018,153,0.281315831796592
"8920",2018,154,0.285972214453968
"8921",2018,155,0.172812381304242
"8922",2018,156,0.176693317149699
"8923",2018,157,0.171023698538628
"8924",2018,158,0.178674068010474
"8925",2018,159,0.178167037816265
"8926",2018,160,0.184361277714179
"8927",2018,161,0.191802012059655
"8928",2018,162,0.169848260909915
"8929",2018,163,0.163690585359887
"8930",2018,164,0.187930001049997
"8931",2018,165,0.204065369014874
"8932",2018,166,0.382101377482897
"8933",2018,167,0.354967651602921
"8934",2018,168,0.333084671648459
"8935",2018,169,0.33203112970082
"8936",2018,170,0.337722412880095
"8937",2018,171,0.340606100504475
"8938",2018,172,0.357992924432323
"8939",2018,173,0.331547498868589
"8940",2018,174,0.362701984927349
"8941",2018,175,0.313609545348909
"8942",2018,176,0.335585537449132
"8943",2018,177,0.3583529042051
"8944",2018,178,0.367043635015881
"8945",2018,179,0.361895516136309
"8946",2018,180,0.191414984567454
"8947",2018,181,0.166627925036891
"8948",2018,182,0.172061396500678
"8949",2018,183,0.186112638468585
"8950",2018,184,0.183359108414352
"8951",2018,185,0.172567384786402
"8952",2018,186,0.180738369584446
"8953",2018,187,0.197150237479081
"8954",2018,188,0.19804447574015
"8955",2018,189,0.192467499406903
"8956",2018,190,0.19667411134723
"8957",2018,191,0.195625533792355
"8958",2018,192,0.398980955290775
"8959",2018,193,0.378074086871854
"8960",2018,194,0.357429041967915
"8961",2018,195,0.369641170056871
"8962",2018,196,0.336771814329372
"8963",2018,197,0.334368392314029
"8964",2018,198,0.332736156048515
"8965",2018,199,0.341695772461141
"8966",2018,200,0.35268290851245
"8967",2018,201,0.349940093438742
"8968",2018,202,0.401440217926925
"8969",2018,203,0.345787109289255
"8970",2018,204,0.370519086714667
"8971",2018,205,0.377141617154694
"8972",2018,206,0.36260383114102
"8973",2018,207,0.352819627099609
"8974",2018,208,0.351504282637372
"8975",2018,209,0.345388116295003
"8976",2018,210,0.343401819564483
"8977",2018,211,0.314957209251641
"8978",2018,212,0.326439821249169
"8979",2018,213,0.337020579153842
"8980",2018,214,0.352073126263318
"8981",2018,215,0.342371978425106
"8982",2018,216,0.178553401315126
"8983",2018,217,0.3550368990174
"8984",2018,218,0.315592975239932
"8985",2018,219,0.324580689029592
"8986",2018,220,0.274253034928282
"8987",2018,221,0.185733189393902
"8988",2018,222,0.184779924164135
"8989",2018,223,0.190187804837585
"8990",2018,224,0.190705985998865
"8991",2018,225,0.181327856151343
"8992",2018,226,0.344754462608357
"8993",2018,227,0.317372478009091
"8994",2018,228,0.287931077376404
"8995",2018,229,0.176315245220564
"8996",2018,230,0.332817190559672
"8997",2018,231,0.302757462638911
"8998",2018,232,0.260317079480466
"8999",2018,233,0.256800265653593
"9000",2018,234,0.290920414561982
"9001",2018,235,0.279662548653557
"9002",2018,236,0.149312836918721
"9003",2018,237,0.146694344194621
"9004",2018,238,0.143250866494604
"9005",2018,239,0.130635948856559
"9006",2018,240,0.242850546269128
"9007",2018,241,0.12203654358063
"9008",2018,242,0.125190919288741
"9009",2018,243,0.123316929009326
"9010",2018,244,0.118738637561556
"9011",2018,245,0.111126784525292
"9012",2018,246,0.116573481766027
"9013",2018,247,0.106809734660126
"9014",2018,248,0.102001891647627
"9015",2018,249,0.104235755607319
"9016",2018,250,0.097971797412133
"9017",2018,251,0.09933373473957
"9018",2018,252,0.0933606212568405
"9019",2018,253,0.0912324270600612
"9020",2018,254,0.0895300622886715
"9021",2018,255,0.0908154893171204
"9022",2018,256,0.0838772863277829
"9023",2018,257,0.0797635109070648
"9024",2018,258,0.0824048507040291
"9025",2018,259,0.0794421714955274
"9026",2018,260,0.0756486914731476
"9027",2018,261,0.0689147692833823
"9028",2018,262,0.063477031881934
"9029",2018,263,0.0566519545637994
"9030",2018,264,0.0534956925736731
"9031",2018,265,0.0565018339270564
"9032",2018,266,0.0570244772533717
"9033",2018,267,0.167537142243435
"9034",2018,268,0.124852886928638
"9035",2018,269,0.126111882475955
"9036",2018,270,0.153648809482123
"9037",2018,271,0.102823390534265
"9038",2018,272,0.106180585307001
"9039",2018,273,0.129359314878474
"9040",2018,274,0.120892938427161
"9041",2018,275,0.131322001975716
"9042",2018,276,0.142612180051209
"9043",2018,277,0.0974528105970141
"9044",2018,278,0.117262735584476
"9045",2018,279,0.111032831381989
"9046",2018,280,0.105046856476728
"9047",2018,281,0.0971071946798866
"9048",2018,282,0.0686377385978623
"9049",2018,283,0.0643208654886955
"9050",2018,284,0.0660591107056664
"9051",2018,285,0.0750187901782844
"9052",2018,286,0.0880413396657852
"9053",2018,287,0.0451054262995279
"9054",2018,288,0.053377067120074
"9055",2018,289,0.0659784083882768
"9056",2018,290,0.0684783128908565
"9057",2018,291,0.0727644419068257
"9058",2018,292,0.0694560762870654
"9059",2018,293,0.0675829209598486
"9060",2018,294,0.0726659109088008
"9061",2018,295,0.0656925733765909
"9062",2018,296,0.0655160799017916
"9063",2018,297,0.0677882434445581
"9064",2018,298,0.062690279125108
"9065",2018,299,0.0601041280286408
"9066",2018,300,0.0565913266458087
"9067",2018,301,0.0191122343061357
"9068",2018,302,0.0118111064285714
"9069",2018,303,0.00748124498397716
"9070",2018,304,0.00649927469632652
"9071",2018,305,0.00632072698444913
"9072",2018,306,0.00636105924803316
"9073",2018,307,0.00534025984963406
"9074",2018,308,0.0606902281360267
"9075",2018,309,0.0358243222735713
"9076",2018,310,0.029044554314804
"9077",2018,311,0.0253440307803289
"9078",2018,312,0.032974609596811
"9079",2018,313,0.0303340798989882
"9080",2018,314,0.034127150422393
"9081",2018,315,0.0310730346786662
"9082",2018,316,0.0268565921885904
"9083",2018,317,0.038880645499047
"9084",2018,318,0.0460142578432514
"9085",2018,319,0.0404281377673597
"9086",2018,320,0.0425666053478634
"9087",2018,321,0.0291335149797073
"9088",2018,322,0.0240980046269912
"9089",2018,323,0.0302103587840229
"9090",2018,324,0.0347101493927843
"9091",2018,325,0.0378134589132266
"9092",2018,326,0.0374073332844256
"9093",2018,327,0.0356838336467663
"9094",2018,328,0.0272353223525025
"9095",2018,329,0.0240681718956695
"9096",2018,330,0.0222328949238228
"9097",2018,331,0.0275188950804279
"9098",2018,332,0.0359398993550504
"9099",2018,333,0.0348074687437454
"9100",2018,334,0.0290334281666987
"9101",2018,335,0.0252546078503564
"9102",2018,336,0.0225999296946935
"9103",2018,337,0.0199703738707332
"9104",2018,338,0.0193370474588937
"9105",2018,339,0.017724676807264
"9106",2018,340,0.0157193422645472
"9107",2018,341,0.0155971628503308
"9108",2018,342,0.0184625098758016
"9109",2018,343,0.0203605295687684
"9110",2018,344,0.021879253723834
"9111",2018,345,0.022402419243465
"9112",2018,346,0.0254521546686989
"9113",2018,347,0.0186221617660973
"9114",2018,348,0.0254378878527586
"9115",2018,349,0.0285516171226468
"9116",2018,350,0.0270926561955168
"9117",2018,351,0.0299505005279153
"9118",2018,352,0.0288929716195133
"9119",2018,353,0.0270320463757577
"9120",2018,354,0.0230042947564384
"9121",2018,355,0.0277671894139246
"9122",2018,356,0.0196340740430551
"9123",2018,357,0.0196962902403704
"9124",2018,358,0.0223656158966031
"9125",2018,359,0.0190235821326621
"9126",2018,360,0.0184004093187052
"9127",2018,361,0.0160485412479265
"9128",2018,362,0.0140859949086769
"9129",2018,363,0.0149039268951628
"9130",2018,364,0.020907626102419
"9131",2018,365,0.0131958847792303
"9132",2018,366,0.0330283471409815
"9133",2019,1,0.00846451957816782
"9134",2019,2,0.0128752866658106
"9135",2019,3,0.0209515444329557
"9136",2019,4,0.026261645801607
"9137",2019,5,0.0287815298284701
"9138",2019,6,0.0310228184048687
"9139",2019,7,0.0291743937680149
"9140",2019,8,0.0226553135569845
"9141",2019,9,0.0238240364325894
"9142",2019,10,0.0309888178854621
"9143",2019,11,0.0305198485270612
"9144",2019,12,0.0273228113970383
"9145",2019,13,0.0247120045095519
"9146",2019,14,0.0273263932868933
"9147",2019,15,0.0275678002134933
"9148",2019,16,0.0294263579545599
"9149",2019,17,0.0340100115869924
"9150",2019,18,0.0281979870254071
"9151",2019,19,0.0294581099217755
"9152",2019,20,0.0368513411099302
"9153",2019,21,0.0368835148536317
"9154",2019,22,0.0269818584352883
"9155",2019,23,0.0269094690871082
"9156",2019,24,0.0229781283555474
"9157",2019,25,0.0272253413406172
"9158",2019,26,0.0346934585939013
"9159",2019,27,0.0448099685961645
"9160",2019,28,0.0311659928441449
"9161",2019,29,0.0256938981790944
"9162",2019,30,0.0301648497150903
"9163",2019,31,0.0391708374277422
"9164",2019,32,0.050892999439604
"9165",2019,33,0.0546111125848731
"9166",2019,34,0.0467616689337804
"9167",2019,35,0.0243075283734019
"9168",2019,36,0.0256010447455421
"9169",2019,37,0.0189112486732579
"9170",2019,38,0.0150701148625001
"9171",2019,39,0.0202724848577739
"9172",2019,40,0.0228656089870709
"9173",2019,41,0.0258804990598747
"9174",2019,42,0.0329444684755306
"9175",2019,43,0.0435227461885893
"9176",2019,44,0.0558089871350894
"9177",2019,45,0.0462825263489546
"9178",2019,46,0.0458858942845751
"9179",2019,47,0.0444708621749657
"9180",2019,48,0.0282941448707239
"9181",2019,49,0.0233151099974055
"9182",2019,50,0.0311605535829467
"9183",2019,51,0.0366253676076491
"9184",2019,52,0.0336990376136523
"9185",2019,53,0.0365808483062595
"9186",2019,54,0.0408613217100835
"9187",2019,55,0.0384206010223219
"9188",2019,56,0.032000384735728
"9189",2019,57,0.0374905267176358
"9190",2019,58,0.0377352409440725
"9191",2019,59,0.0509250771560497
"9192",2019,60,0.0560834719432032
"9193",2019,61,0.0322671703645539
"9194",2019,62,0.0225233803282077
"9195",2019,63,0.0291051351955469
"9196",2019,64,0.0431152599985942
"9197",2019,65,0.0484858295031715
"9198",2019,66,0.0544961299006549
"9199",2019,67,0.0593096654485906
"9200",2019,68,0.063985468210088
"9201",2019,69,0.0597805719125764
"9202",2019,70,0.0696054798785384
"9203",2019,71,0.0889148931012433
"9204",2019,72,0.0826137993905758
"9205",2019,73,0.0734396695556771
"9206",2019,74,0.0694869633703908
"9207",2019,75,0.0770610804605256
"9208",2019,76,0.084661496378961
"9209",2019,77,0.0926404481911491
"9210",2019,78,0.0936798529753199
"9211",2019,79,0.107126574196966
"9212",2019,80,0.11351756400933
"9213",2019,81,0.110160563117424
"9214",2019,82,0.11457458532542
"9215",2019,83,0.118595870749825
"9216",2019,84,0.127892871632583
"9217",2019,85,0.136460293528629
"9218",2019,86,0.143446878325021
"9219",2019,87,0.126992788494663
"9220",2019,88,0.112914809960832
"9221",2019,89,0.116666033954649
"9222",2019,90,0.130022432943385
"9223",2019,91,0.129737219932256
"9224",2019,92,0.132501488719316
"9225",2019,93,0.143430632471444
"9226",2019,94,0.182414995916329
"9227",2019,95,0.143620532320096
"9228",2019,96,0.146218852199738
"9229",2019,97,0.144785268138141
"9230",2019,98,0.147777464382759
"9231",2019,99,0.150670660111904
"9232",2019,100,0.146111233097288
"9233",2019,101,0.116198188528469
"9234",2019,102,0.098450112627908
"9235",2019,103,0.114517819978336
"9236",2019,104,0.138074763654916
"9237",2019,105,0.149413322698346
"9238",2019,106,0.193530611329635
"9239",2019,107,0.159114862131991
"9240",2019,108,0.157314733381578
"9241",2019,109,0.172592087958884
"9242",2019,110,0.0987197708539546
"9243",2019,111,0.0528839718451968
"9244",2019,112,0.18640286716906
"9245",2019,113,0.143289315642099
"9246",2019,114,0.215982975107832
"9247",2019,115,0.132039643177779
"9248",2019,116,0.0572652277073251
"9249",2019,117,0.0565720249921229
"9250",2019,118,0.0529995196655431
"9251",2019,119,0.139545096888556
"9252",2019,120,0.137679602411908
"9253",2019,121,0.146546232465677
"9254",2019,122,0.166586861258891
"9255",2019,123,0.185090637413086
"9256",2019,124,0.199222765561174
"9257",2019,125,0.190065781823725
"9258",2019,126,0.0800446610861255
"9259",2019,127,0.0717771678513463
"9260",2019,128,0.193034492567863
"9261",2019,129,0.19811351165829
"9262",2019,130,0.187786213118011
"9263",2019,131,0.20193573593856
"9264",2019,132,0.211396485475967
"9265",2019,133,0.103879844553125
"9266",2019,134,0.105218486834546
"9267",2019,135,0.110476273898896
"9268",2019,136,0.110026056699455
"9269",2019,137,0.250805596468235
"9270",2019,138,0.21538662645794
"9271",2019,139,0.182880341434103
"9272",2019,140,0.209411712836046
"9273",2019,141,0.237041895443393
"9274",2019,142,0.216524081535849
"9275",2019,143,0.226769405246529
"9276",2019,144,0.237882345923277
"9277",2019,145,0.247816643823126
"9278",2019,146,0.301429054314909
"9279",2019,147,0.291839372725358
"9280",2019,148,0.260199100754597
"9281",2019,149,0.258176846964106
"9282",2019,150,0.268561524556545
"9283",2019,151,0.282871456545939
"9284",2019,152,0.287672721608974
"9285",2019,153,0.335503013990021
"9286",2019,154,0.318541590667943
"9287",2019,155,0.311193163535607
"9288",2019,156,0.313122070058535
"9289",2019,157,0.281371393973166
"9290",2019,158,0.178947064090392
"9291",2019,159,0.311798206146659
"9292",2019,160,0.264896837507445
"9293",2019,161,0.276047744216595
"9294",2019,162,0.279087848156942
"9295",2019,163,0.166648122304948
"9296",2019,164,0.176629205718449
"9297",2019,165,0.184275192885906
"9298",2019,166,0.354501341569269
"9299",2019,167,0.354975306233157
"9300",2019,168,0.353475355345559
"9301",2019,169,0.351856369625136
"9302",2019,170,0.36318506824121
"9303",2019,171,0.343307308466094
"9304",2019,172,0.296768733996343
"9305",2019,173,0.302895685047536
"9306",2019,174,0.307147707653873
"9307",2019,175,0.347643769479922
"9308",2019,176,0.324647022741857
"9309",2019,177,0.341077121555506
"9310",2019,178,0.353146788753043
"9311",2019,179,0.322719424856532
"9312",2019,180,0.193027250672768
"9313",2019,181,0.188221304582111
"9314",2019,182,0.17988440076033
"9315",2019,183,0.376445193862481
"9316",2019,184,0.36817189295184
"9317",2019,185,0.36707476327565
"9318",2019,186,0.328510288774485
"9319",2019,187,0.319671938755859
"9320",2019,188,0.335771846255146
"9321",2019,189,0.341247266224056
"9322",2019,190,0.18743901994001
"9323",2019,191,0.168666958228113
"9324",2019,192,0.181542349734944
"9325",2019,193,0.181407100061946
"9326",2019,194,0.17907446441593
"9327",2019,195,0.138201759712241
"9328",2019,196,0.128326062103354
"9329",2019,197,0.127183340270999
"9330",2019,198,0.16608276237976
"9331",2019,199,0.176643184122536
"9332",2019,200,0.177211997120557
"9333",2019,201,0.166208919873206
"9334",2019,202,0.165353697861255
"9335",2019,203,0.167469682394448
"9336",2019,204,0.17481998374241
"9337",2019,205,0.182443205768504
"9338",2019,206,0.176903811913746
"9339",2019,207,0.177063803096136
"9340",2019,208,0.247580118556754
"9341",2019,209,0.17618808263707
"9342",2019,210,0.172837949823944
"9343",2019,211,0.373656622305377
"9344",2019,212,0.386573626217982
"9345",2019,213,0.374091413859446
"9346",2019,214,0.349834649372453
"9347",2019,215,0.349822546203838
"9348",2019,216,0.19386291389723
"9349",2019,217,0.382227216510535
"9350",2019,218,0.356791612672118
"9351",2019,219,0.308409852381508
"9352",2019,220,0.167560920819912
"9353",2019,221,0.15911596249737
"9354",2019,222,0.157912278820906
"9355",2019,223,0.363268321435816
"9356",2019,224,0.32601520384452
"9357",2019,225,0.317091718794229
"9358",2019,226,0.317560119802897
"9359",2019,227,0.316504927679546
"9360",2019,228,0.191282365545603
"9361",2019,229,0.173103039627943
"9362",2019,230,0.165364150495937
"9363",2019,231,0.170078712997141
"9364",2019,232,0.162026108394414
"9365",2019,233,0.152423294366433
"9366",2019,234,0.153428594777258
"9367",2019,235,0.3255368172983
"9368",2019,236,0.287193875812972
"9369",2019,237,0.284964837791407
"9370",2019,238,0.258404730835303
"9371",2019,239,0.231742208780577
"9372",2019,240,0.124990792130907
"9373",2019,241,0.120002223804576
"9374",2019,242,0.119635518029689
"9375",2019,243,0.11906167559727
"9376",2019,244,0.120913850323662
"9377",2019,245,0.123639553347958
"9378",2019,246,0.106574320891883
"9379",2019,247,0.109546087323095
"9380",2019,248,0.102479959904367
"9381",2019,249,0.274698667628989
"9382",2019,250,0.223099010812264
"9383",2019,251,0.198402006983961
"9384",2019,252,0.199157524376045
"9385",2019,253,0.0843807131612728
"9386",2019,254,0.072234952451181
"9387",2019,255,0.0664751645507076
"9388",2019,256,0.0552456752531956
"9389",2019,257,0.0489827455172854
"9390",2019,258,0.0477222481002176
"9391",2019,259,0.0377208904007313
"9392",2019,260,0.0346086531734198
"9393",2019,261,0.0295520743887946
"9394",2019,262,0.0310562205486376
"9395",2019,263,0.0283782946827246
"9396",2019,264,0.0201267510271665
"9397",2019,265,0.0179563033720645
"9398",2019,266,0.0183704277837512
"9399",2019,267,0.017582316686267
"9400",2019,268,0.014570653971231
"9401",2019,269,0.0149009026519625
"9402",2019,270,0.151048786977638
"9403",2019,271,0.146767297964374
"9404",2019,272,0.137620104369034
"9405",2019,273,0.136680057844852
"9406",2019,274,0.118436139777519
"9407",2019,275,0.119029016559543
"9408",2019,276,0.0990638264782575
"9409",2019,277,0.105999299418608
"9410",2019,278,0.0992808258961092
"9411",2019,279,0.091547688130633
"9412",2019,280,0.094406530063127
"9413",2019,281,0.102210743159167
"9414",2019,282,0.0788295518471594
"9415",2019,283,0.0663766514346723
"9416",2019,284,0.0575544544384835
"9417",2019,285,0.0656207301691912
"9418",2019,286,0.0715728347614187
"9419",2019,287,0.076537730528967
"9420",2019,288,0.0666965485222827
"9421",2019,289,0.074627775278335
"9422",2019,290,0.0689599324720505
"9423",2019,291,0.0166487304681156
"9424",2019,292,0.0145017405898032
"9425",2019,293,0.0791815352999142
"9426",2019,294,0.0495190952923479
"9427",2019,295,0.0339933337025195
"9428",2019,296,0.0129769065102568
"9429",2019,297,0.0111336294104766
"9430",2019,298,0.0126279647294459
"9431",2019,299,0.070118269354547
"9432",2019,300,0.0371322058827335
"9433",2019,301,0.00898563582404666
"9434",2019,302,0.0190954388804216
"9435",2019,303,0.0195773904817103
"9436",2019,304,0.0270375705047781
"9437",2019,305,0.0297314845906755
"9438",2019,306,0.0314316611810854
"9439",2019,307,0.0339661163010717
"9440",2019,308,0.0320390675305764
"9441",2019,309,0.0373691627784916
"9442",2019,310,0.0372337351823073
"9443",2019,311,0.0388298298863336
"9444",2019,312,0.0481674128779494
"9445",2019,313,0.0538361116638763
"9446",2019,314,0.0377753359510457
"9447",2019,315,0.0192771010185902
"9448",2019,316,0.0275200618640883
"9449",2019,317,0.0342470724955499
"9450",2019,318,0.0413727147046085
"9451",2019,319,0.0432112740954898
"9452",2019,320,0.0384096562718954
"9453",2019,321,0.0380024336631112
"9454",2019,322,0.042848024778938
"9455",2019,323,0.0413525083147708
"9456",2019,324,0.0335606442006288
"9457",2019,325,0.025072348211252
"9458",2019,326,0.0250651730530482
"9459",2019,327,0.0293086930072137
"9460",2019,328,0.0357617595472534
"9461",2019,329,0.0282247221325438
"9462",2019,330,0.0219922931606833
"9463",2019,331,0.0174854063427016
"9464",2019,332,0.0189284162395974
"9465",2019,333,0.0216710201353104
"9466",2019,334,0.0197242835873462
"9467",2019,335,0.0185855550713432
"9468",2019,336,0.020733398765835
"9469",2019,337,0.0240478510488187
"9470",2019,338,0.0251080013895319
"9471",2019,339,0.0219138901397269
"9472",2019,340,0.020297533733441
"9473",2019,341,0.0244153263068672
"9474",2019,342,0.0262615691852041
"9475",2019,343,0.0166525341029189
"9476",2019,344,0.0186780450480042
"9477",2019,345,0.0219526858656213
"9478",2019,346,0.0263434561408732
"9479",2019,347,0.0215257628335124
"9480",2019,348,0.0189775230982369
"9481",2019,349,0.0169548119981602
"9482",2019,350,0.0153520445226831
"9483",2019,351,0.0173036626568916
"9484",2019,352,0.022075993025676
"9485",2019,353,0.0223389768194057
"9486",2019,354,0.0219967111712502
"9487",2019,355,0.0276724186757355
"9488",2019,356,0.0302779881212981
"9489",2019,357,0.0299898289111699
"9490",2019,358,0.0313018769745087
"9491",2019,359,0.0263600956686516
"9492",2019,360,0.0217249060189339
"9493",2019,361,0.0205582623005049
"9494",2019,362,0.0184403658490477
"9495",2019,363,0.0188349885427359
"9496",2019,364,0.0187268697057625
"9497",2019,365,0.0201842695227591
"9498",2020,1,0.0245201253925365
"9499",2020,2,0.028138918560948
"9500",2020,3,0.023393701164272
"9501",2020,4,0.0303589054826368
"9502",2020,5,0.0243488330638342
"9503",2020,6,0.0232607532113146
"9504",2020,7,0.0298462968928005
"9505",2020,8,0.0308070731327001
"9506",2020,9,0.026143223161139
"9507",2020,10,0.018255430482718
"9508",2020,11,0.0193112609216117
"9509",2020,12,0.0229649817381679
"9510",2020,13,0.0250614049685373
"9511",2020,14,0.0260989950894499
"9512",2020,15,0.0208165569963223
"9513",2020,16,0.0247590206813842
"9514",2020,17,0.0295740821528713
"9515",2020,18,0.0251104403046452
"9516",2020,19,0.0283254343837182
"9517",2020,20,0.0307314824712509
"9518",2020,21,0.0398801301087294
"9519",2020,22,0.038150226900383
"9520",2020,23,0.0341676850898383
"9521",2020,24,0.041359323521394
"9522",2020,25,0.0423807652694166
"9523",2020,26,0.0420609001660051
"9524",2020,27,0.0343945557412483
"9525",2020,28,0.0348954175808658
"9526",2020,29,0.0364901656786914
"9527",2020,30,0.0363962760645139
"9528",2020,31,0.04068669632975
"9529",2020,32,0.0511135552626778
"9530",2020,33,0.0544482065618277
"9531",2020,34,0.0355483445509646
"9532",2020,35,0.025855402651172
"9533",2020,36,0.0223368564592379
"9534",2020,37,0.0348935400729534
"9535",2020,38,0.0388365254847624
"9536",2020,39,0.0446708045781246
"9537",2020,40,0.0417632563610205
"9538",2020,41,0.040051423978302
"9539",2020,42,0.0396974553617991
"9540",2020,43,0.040946459591483
"9541",2020,44,0.0366891453669242
"9542",2020,45,0.0499297416534114
"9543",2020,46,0.0500428009542992
"9544",2020,47,0.0571210818330736
"9545",2020,48,0.0520280066682322
"9546",2020,49,0.0429850831432504
"9547",2020,50,0.0397274815667562
"9548",2020,51,0.0429779707968005
"9549",2020,52,0.0564558779007269
"9550",2020,53,0.068357135392827
"9551",2020,54,0.0675244651128785
"9552",2020,55,0.0633540066910342
"9553",2020,56,0.0519653747465311
"9554",2020,57,0.0492912535431657
"9555",2020,58,0.0655862532173034
"9556",2020,59,0.0809078430916833
"9557",2020,60,0.0893340953282082
"9558",2020,61,0.0736283610643934
"9559",2020,62,0.0717357643292339
"9560",2020,63,0.0839686584595997
"9561",2020,64,0.092722847872781
"9562",2020,65,0.0866380846002628
"9563",2020,66,0.103762496160057
"9564",2020,67,0.107370115470637
"9565",2020,68,0.0580112533772014
"9566",2020,69,0.00938101754708865
"9567",2020,70,0.00934823465205272
"9568",2020,71,0.0106061025563972
"9569",2020,72,0.054300334877359
"9570",2020,73,0.0727036284224346
"9571",2020,74,0.0819743477615477
"9572",2020,75,0.03481647310709
"9573",2020,76,0.0108315192032114
"9574",2020,77,0.0142110604124559
"9575",2020,78,0.0130419230762976
"9576",2020,79,0.010465732379601
"9577",2020,80,0.00866370034040657
"9578",2020,81,0.0117886786042699
"9579",2020,82,0.012424467974085
"9580",2020,83,0.0128497142023109
"9581",2020,84,0.0144155566136068
"9582",2020,85,0.0142991868706032
"9583",2020,86,0.0146276823788
"9584",2020,87,0.120432169783135
"9585",2020,88,0.0998111086555925
"9586",2020,89,0.104569895433275
"9587",2020,90,0.109660513168097
"9588",2020,91,0.0223443620679489
"9589",2020,92,0.0180974815067145
"9590",2020,93,0.0737184213981735
"9591",2020,94,0.0781275551958275
"9592",2020,95,0.131126299808074
"9593",2020,96,0.165250385521244
"9594",2020,97,0.137753329410814
"9595",2020,98,0.141825756681778
"9596",2020,99,0.119103176280155
"9597",2020,100,0.0257222081904068
"9598",2020,101,0.0275961118868994
"9599",2020,102,0.154155063464938
"9600",2020,103,0.11408521811832
"9601",2020,104,0.0970176853252724
"9602",2020,105,0.121479981624892
"9603",2020,106,0.0285349282892363
"9604",2020,107,0.104188766787196
"9605",2020,108,0.127220035107577
"9606",2020,109,0.173289964011216
"9607",2020,110,0.150950795350664
"9608",2020,111,0.144974663107488
"9609",2020,112,0.034806626433443
"9610",2020,113,0.0358520840005117
"9611",2020,114,0.198439418199572
"9612",2020,115,0.190289686702544
"9613",2020,116,0.161793326395078
"9614",2020,117,0.164558974308982
"9615",2020,118,0.044279862113183
"9616",2020,119,0.0319100036213728
"9617",2020,120,0.0319655969495214
"9618",2020,121,0.215901843787079
"9619",2020,122,0.199943256124727
"9620",2020,123,0.22493294239723
"9621",2020,124,0.198142438510632
"9622",2020,125,0.152664557472384
"9623",2020,126,0.0268474989049357
"9624",2020,127,0.026555791436515
"9625",2020,128,0.128986412964212
"9626",2020,129,0.0255751762000556
"9627",2020,130,0.0249751665012069
"9628",2020,131,0.0242499810240312
"9629",2020,132,0.017155421747285
"9630",2020,133,0.0189496341603903
"9631",2020,134,0.0548682250433828
"9632",2020,135,0.0232357474130026
"9633",2020,136,0.0222665317408504
"9634",2020,137,0.0207555391291934
"9635",2020,138,0.0208870606337503
"9636",2020,139,0.0223783094096867
"9637",2020,140,0.0221198229162545
"9638",2020,141,0.317415267980233
"9639",2020,142,0.261648350716505
"9640",2020,143,0.26783448857085
"9641",2020,144,0.230622839526218
"9642",2020,145,0.063768735532041
"9643",2020,146,0.0343783696539204
"9644",2020,147,0.0196779483267408
"9645",2020,148,0.0202714683083483
"9646",2020,149,0.0187352558607162
"9647",2020,150,0.0144122243461275
"9648",2020,151,0.0142532321183764
"9649",2020,152,0.0145550290529995
"9650",2020,153,0.0143058309903293
"9651",2020,154,0.0132255263397719
"9652",2020,155,0.0129839514830749
"9653",2020,156,0.0126498997785124
"9654",2020,157,0.0108969219234028
"9655",2020,158,0.290395066505723
"9656",2020,159,0.289278386485534
"9657",2020,160,0.177538039229437
"9658",2020,161,0.0410936683327543
"9659",2020,162,0.0156707118419939
"9660",2020,163,0.014227157675464
"9661",2020,164,0.0137933789884726
"9662",2020,165,0.385814915481796
"9663",2020,166,0.289685100666808
"9664",2020,167,0.198757116484732
"9665",2020,168,0.0143735276408208
"9666",2020,169,0.0109791566909946
"9667",2020,170,0.0105389154748733
"9668",2020,171,0.0102285846206962
"9669",2020,172,0.00834127236597549
"9670",2020,173,0.267534446988307
"9671",2020,174,0.158513735783653
"9672",2020,175,0.00522260773410578
"9673",2020,176,0.00475629698206119
"9674",2020,177,0.366305593905849
"9675",2020,178,0.264138542717804
"9676",2020,179,0.164250513152447
"9677",2020,180,0.00171897476443158
"9678",2020,181,0.370385201944885
"9679",2020,182,0.251971164130485
"9680",2020,183,0.176470690879969
"9681",2020,184,0.00562095021251316
"9682",2020,185,0.00530255354742017
"9683",2020,186,0.00298228938830915
"9684",2020,187,0.314870642359981
"9685",2020,188,0.180008240603974
"9686",2020,189,0.00737720767628728
"9687",2020,190,0.00631267366826527
"9688",2020,191,0.00566793164627534
"9689",2020,192,0.00556748347404876
"9690",2020,193,0.00493928375198229
"9691",2020,194,0.0048743513107344
"9692",2020,195,0.00458953819663211
"9693",2020,196,0.00157744210573363
"9694",2020,197,0.00138557596637082
"9695",2020,198,0.00141055692975329
"9696",2020,199,0.00151811740206556
"9697",2020,200,0.00140367016735732
"9698",2020,201,0.00137041064298884
"9699",2020,202,0.252544151382854
"9700",2020,203,0.105127763984569
"9701",2020,204,0.00129530491782427
"9702",2020,205,0.00133142481538336
"9703",2020,206,0.000991908676473272
"9704",2020,207,0.000763509335558836
"9705",2020,208,0.00071350412602593
"9706",2020,209,0.000715554883752095
"9707",2020,210,0.000711715275324895
"9708",2020,211,0.347997591395846
"9709",2020,212,0.265947349307883
"9710",2020,213,0.168182309307724
"9711",2020,214,0.00368808585686794
"9712",2020,215,0.0034507201531895
"9713",2020,216,0.00170262891491883
"9714",2020,217,0.000795479873075572
"9715",2020,218,0.000786851061353723
"9716",2020,219,0.000790971066786861
"9717",2020,220,0.000814183208520896
"9718",2020,221,0.000776546011702954
"9719",2020,222,0.000726813941036415
"9720",2020,223,0.000716723591749995
"9721",2020,224,0.000748711028054709
"9722",2020,225,0.000752583987146104
"9723",2020,226,0.000733220461330928
"9724",2020,227,0.000678510490549513
"9725",2020,228,0.00067060047760375
"9726",2020,229,0.000663968514074025
"9727",2020,230,0.000674457076179542
"9728",2020,231,0.000673562411649031
"9729",2020,232,0.000670720114950228
"9730",2020,233,0.000644345933692947
"9731",2020,234,0.000628484586622482
"9732",2020,235,0.000621292846768834
"9733",2020,236,0.000628728771282073
"9734",2020,237,0.000620704106903036
"9735",2020,238,0.000613199114308716
"9736",2020,239,0.00059291337049977
"9737",2020,240,0.00058380754120075
"9738",2020,241,0.000559581353167928
"9739",2020,242,0.000555661503016596
"9740",2020,243,0.000537306651887882
"9741",2020,244,0.000478764012207894
"9742",2020,245,0.000495458407342075
"9743",2020,246,0.000522130591602356
"9744",2020,247,0.000498319934600574
"9745",2020,248,0.000499285880247676
"9746",2020,249,0.000513632070043538
"9747",2020,250,0.000505215414988835
"9748",2020,251,0.215794245147706
"9749",2020,252,0.15959660751652
"9750",2020,253,0.139876740137498
"9751",2020,254,0.178782233751062
"9752",2020,255,0.18524727117077
"9753",2020,256,0.191125697979701
"9754",2020,257,0.195158986713853
"9755",2020,258,0.201154639715341
"9756",2020,259,0.19655595039367
"9757",2020,260,0.173589010275765
"9758",2020,261,0.161872548291381
"9759",2020,262,0.0661592797412692
"9760",2020,263,0.0668006532025199
"9761",2020,264,0.0601587126543004
"9762",2020,265,0.0560335966608244
"9763",2020,266,0.0562258344381381
"9764",2020,267,0.0558910191059058
"9765",2020,268,0.0554830299820797
"9766",2020,269,0.0491536737776939
"9767",2020,270,0.045195225497083
"9768",2020,271,0.0362555918662238
"9769",2020,272,0.0344734541675486
"9770",2020,273,0.0388861546631554
"9771",2020,274,0.0347917575245617
"9772",2020,275,0.0311205518461525
"9773",2020,276,0.031400927738203
"9774",2020,277,0.0284031760217896
"9775",2020,278,0.0297957431115613
"9776",2020,279,0.0273063045358752
"9777",2020,280,0.0273914238660962
"9778",2020,281,0.0256512552612107
"9779",2020,282,0.0253055371945356
"9780",2020,283,0.0234042003139504
"9781",2020,284,0.0222950915982443
"9782",2020,285,0.105408011399808
"9783",2020,286,0.0211793362610751
"9784",2020,287,0.0944337556786866
"9785",2020,288,0.0170854456520096
"9786",2020,289,0.0133758760841552
"9787",2020,290,0.0138343011902925
"9788",2020,291,0.0814877013805315
"9789",2020,292,0.0620583562005411
"9790",2020,293,0.0558031315208902
"9791",2020,294,0.0563486928374713
"9792",2020,295,0.0553783093468641
"9793",2020,296,0.0533639823498707
"9794",2020,297,0.0314863312488945
"9795",2020,298,0.0396252538500689
"9796",2020,299,0.027925660130225
"9797",2020,300,0.0234986512732643
"9798",2020,301,0.0366210914112239
"9799",2020,302,0.0494884350470415
"9800",2020,303,0.0630282339809412
"9801",2020,304,0.0654959798712327
"9802",2020,305,0.0431207974741787
"9803",2020,306,0.0418733267940714
"9804",2020,307,0.0471376201418272
"9805",2020,308,0.0505351892889406
"9806",2020,309,0.0505688434722795
"9807",2020,310,0.0461564792327743
"9808",2020,311,0.0485783725590739
"9809",2020,312,0.0494119424388383
"9810",2020,313,0.0366565414560664
"9811",2020,314,0.021925841003993
"9812",2020,315,0.0221545926635182
"9813",2020,316,0.0238555891024349
"9814",2020,317,0.0164767458907371
"9815",2020,318,0.00816877284723288
"9816",2020,319,0.00484060486186779
"9817",2020,320,0.00421016859360051
"9818",2020,321,0.00400616611090451
"9819",2020,322,0.00410211356396273
"9820",2020,323,0.00428008574873713
"9821",2020,324,0.00331609161497927
"9822",2020,325,0.00214828629231645
"9823",2020,326,0.00185086215378756
"9824",2020,327,0.00170970723898213
"9825",2020,328,0.00173946605218856
"9826",2020,329,0.00155768062240408
"9827",2020,330,0.00174115539697557
"9828",2020,331,0.00138274255268056
"9829",2020,332,0.00136119515655317
"9830",2020,333,0.00166195981143627
"9831",2020,334,0.00109824436341439
"9832",2020,335,0.00131411454546947
"9833",2020,336,0.00108260137777432
"9834",2020,337,0.00085177277199702
"9835",2020,338,0.000942250078748432
"9836",2020,339,0.0011566550052723
"9837",2020,340,0.00108718617382127
"9838",2020,341,0.00104681517304585
"9839",2020,342,0.00100490191749802
"9840",2020,343,0.00108643388977806
"9841",2020,344,0.00108777513771922
"9842",2020,345,0.00069239308619032
"9843",2020,346,0.000539303327454945
"9844",2020,347,0.000459759923459337
"9845",2020,348,0.000425875822184461
"9846",2020,349,0.01586571055006
"9847",2020,350,0.0184137272678897
"9848",2020,351,0.019751346051964
"9849",2020,352,0.0212512490126539
"9850",2020,353,0.0205059468407959
"9851",2020,354,0.0204476847994843
"9852",2020,355,0.0129209824361224
"9853",2020,356,0.000677515411968116
"9854",2020,357,0.000744407953008795
"9855",2020,358,0.000429951439312941
"9856",2020,359,0.000459693978775862
"9857",2020,360,0.000627858497370238
"9858",2020,361,0.000645647156812491
"9859",2020,362,0.0224558763231023
"9860",2020,363,0.016081238334629
"9861",2020,364,0.0170049721154978
"9862",2020,365,0.0162601764004683
"9863",2021,1,0.0191716159336177
"9864",2021,2,0.0196488793277327
"9865",2021,3,0.0219043063952826
"9866",2021,4,0.0238060725356329
"9867",2021,5,0.0253202148775399
"9868",2021,6,0.0230067621456734
"9869",2021,7,0.0225148648944568
"9870",2021,8,0.0246902457067853
"9871",2021,9,0.0246105372654357
"9872",2021,10,0.0233559077122745
"9873",2021,11,0.0260100311461971
"9874",2021,12,0.0289074333734551
"9875",2021,13,0.0364680009960773
"9876",2021,14,0.0283149018849251
"9877",2021,15,0.016951082661541
"9878",2021,16,0.000565689151115407
"9879",2021,17,0.000566131155916751
"9880",2021,18,0.000547790515185401
"9881",2021,19,0.000533795913581615
"9882",2021,20,0.000683226594818863
"9883",2021,21,0.000549404483961531
"9884",2021,22,0.000506489496947676
"9885",2021,23,0.0274641829124132
"9886",2021,24,0.0238702366500839
"9887",2021,25,0.0225445152068028
"9888",2021,26,0.0222303429757297
"9889",2021,27,0.0266899113250004
"9890",2021,28,0.0409170894471856
"9891",2021,29,0.0435480980096417
"9892",2021,30,0.000819793818855853
"9893",2021,31,0.000817614909482515
"9894",2021,32,0.000849663898393284
"9895",2021,33,0.000960193056262384
"9896",2021,34,0.000314022742354335
"9897",2021,35,0.000172294641069474
"9898",2021,36,0.0401012877838889
"9899",2021,37,0.0300078598816145
"9900",2021,38,0.0214281231877084
"9901",2021,39,0.0202232483346142
"9902",2021,40,0.0189028954162921
"9903",2021,41,0.0189399766038578
"9904",2021,42,0.0157323228594783
"9905",2021,43,0.0138176696353927
"9906",2021,44,0.0150327993037242
"9907",2021,45,0.0122758954316774
"9908",2021,46,0.0173402491057624
"9909",2021,47,0.0324826845419535
"9910",2021,48,0.0404208093012813
"9911",2021,49,0.0362274194028473
"9912",2021,50,0.0380777810611395
"9913",2021,51,0.0511805877729658
"9914",2021,52,0.0525787830188117
"9915",2021,53,0.0722233592044814
"9916",2021,54,0.0724405271483138
"9917",2021,55,0.0545442958241553
"9918",2021,56,0.0589317214076178
"9919",2021,57,0.0666297324822166
"9920",2021,58,0.0604064921919323
"9921",2021,59,0.0578057932147055
"9922",2021,60,0.0756529041389619
"9923",2021,61,0.0919259846555221
"9924",2021,62,0.0431246459892634
"9925",2021,63,0.0039904756812988
"9926",2021,64,0.00432696317774794
"9927",2021,65,0.00479849879118299
"9928",2021,66,0.00517697111461717
"9929",2021,67,0.00580593667438136
"9930",2021,68,0.102783218081628
"9931",2021,69,0.0863086782300142
"9932",2021,70,0.0666396646987895
"9933",2021,71,0.0779585200434912
"9934",2021,72,0.0864032562955105
"9935",2021,73,0.0838277232294031
"9936",2021,74,0.0773209203784755
"9937",2021,75,0.0834690465606251
"9938",2021,76,0.0876281388951567
"9939",2021,77,0.0785821048197059
"9940",2021,78,0.0991139857053528
"9941",2021,79,0.119865542909141
"9942",2021,80,0.106651880305475
"9943",2021,81,0.100877383835841
"9944",2021,82,0.104216462803582
"9945",2021,83,0.103147260502332
"9946",2021,84,0.113284976808578
"9947",2021,85,0.116429419515439
"9948",2021,86,0.121529552093303
"9949",2021,87,0.139747863122219
"9950",2021,88,0.149393844387154
"9951",2021,89,0.106803736444002
"9952",2021,90,0.122601466789881
"9953",2021,91,0.119013677959924
"9954",2021,92,0.136359006903495
"9955",2021,93,0.142595627337046
"9956",2021,94,0.147833780541456
"9957",2021,95,0.143586215706435
"9958",2021,96,0.147814438291446
"9959",2021,97,0.128053530618386
"9960",2021,98,0.13803605699546
"9961",2021,99,0.126505001456282
"9962",2021,100,0.1384551179931
"9963",2021,101,0.125607870335616
"9964",2021,102,0.0935044002121944
"9965",2021,103,0.0251495263731838
"9966",2021,104,0.0253126710067136
"9967",2021,105,0.142079277468244
"9968",2021,106,0.159142817541573
"9969",2021,107,0.133280780934073
"9970",2021,108,0.151953275782784
"9971",2021,109,0.159873336126783
"9972",2021,110,0.135598574232296
"9973",2021,111,0.0567034967188328
"9974",2021,112,0.144510443414656
"9975",2021,113,0.139024386094961
"9976",2021,114,0.151186253715966
"9977",2021,115,0.176709960380395
"9978",2021,116,0.102787335916162
"9979",2021,117,0.0537142677193304
"9980",2021,118,0.0567062505052041
"9981",2021,119,0.0605009471482365
"9982",2021,120,0.0687331730181747
"9983",2021,121,0.0701723902704875
"9984",2021,122,0.106444123427093
"9985",2021,123,0.0624870071642263
"9986",2021,124,0.0628221154553314
"9987",2021,125,0.0594871439023698
"9988",2021,126,0.0626840240157442
"9989",2021,127,0.0684057543289455
"9990",2021,128,0.0645322557005927
"9991",2021,129,0.051516438887634
"9992",2021,130,0.0438149987189612
"9993",2021,131,0.176534312947977
"9994",2021,132,0.0497024094323173
"9995",2021,133,0.0493675543950962
"9996",2021,134,0.0453206715627802
"9997",2021,135,0.255237967221812
"9998",2021,136,0.24599241881313
"9999",2021,137,0.252267115194846
"10000",2021,138,0.26534448640641
"10001",2021,139,0.149684274581158
"10002",2021,140,0.300601536364501
"10003",2021,141,0.207919066556091
"10004",2021,142,0.0800738655613646
"10005",2021,143,0.0685001976082157
"10006",2021,144,0.0507871300010911
"10007",2021,145,0.0430373495828836
"10008",2021,146,0.240262438051503
"10009",2021,147,0.169376385579475
"10010",2021,148,0.0411340453028026
"10011",2021,149,0.198267129846997
"10012",2021,150,0.0256766554555804
"10013",2021,151,0.0243850345425361
"10014",2021,152,0.0247385739361624
"10015",2021,153,0.0252192744543963
"10016",2021,154,0.0258408436360859
"10017",2021,155,0.0249220576385917
"10018",2021,156,0.0249767600575957
"10019",2021,157,0.0228894985924067
"10020",2021,158,0.0222075961089329
"10021",2021,159,0.226369908622098
"10022",2021,160,0.0239126275793546
"10023",2021,161,0.0155905376144431
"10024",2021,162,0.0122992593685715
"10025",2021,163,0.011893149943965
"10026",2021,164,0.0119254104289822
"10027",2021,165,0.0122955881049891
"10028",2021,166,0.0106367323521548
"10029",2021,167,0.00872277990194956
"10030",2021,168,0.00818495928462471
"10031",2021,169,0.00765976100421214
"10032",2021,170,0.00751435560635732
"10033",2021,171,0.00645591125493453
"10034",2021,172,0.00569019608906942
"10035",2021,173,0.00507600884998885
"10036",2021,174,0.00511963166851946
"10037",2021,175,0.389208560075405
"10038",2021,176,0.352839462224506
"10039",2021,177,0.32624314143163
"10040",2021,178,0.356558425670955
"10041",2021,179,0.330904333159421
"10042",2021,180,0.336192812813859
"10043",2021,181,0.306303229124371
"10044",2021,182,0.174989587762335
"10045",2021,183,0.176679195909872
"10046",2021,184,0.159442185722717
"10047",2021,185,0.136176002659257
"10048",2021,186,0.403427528164748
"10049",2021,187,0.355715422978812
"10050",2021,188,0.375158652472827
"10051",2021,189,0.202037775773533
"10052",2021,190,0.0636302259561971
"10053",2021,191,0.0409028177547826
"10054",2021,192,0.0229823523618182
"10055",2021,193,0.0224518879550666
"10056",2021,194,0.0208143428010623
"10057",2021,195,0.0107227956236289
"10058",2021,196,0.0109644983372408
"10059",2021,197,0.0111978616614747
"10060",2021,198,0.317713353004067
"10061",2021,199,0.19940994382658
"10062",2021,200,0.0156559154472557
"10063",2021,201,0.0143780111666714
"10064",2021,202,0.0136024192420812
"10065",2021,203,0.0118402214631886
"10066",2021,204,0.0086219258784945
"10067",2021,205,0.00717612822085173
"10068",2021,206,0.0060322595074516
"10069",2021,207,0.00409856850117659
"10070",2021,208,0.00404432596485801
"10071",2021,209,0.00387317161148143
"10072",2021,210,0.388733587197858
"10073",2021,211,0.347944022039442
"10074",2021,212,0.345373831200306
"10075",2021,213,0.338281064380117
"10076",2021,214,0.255398229529778
"10077",2021,215,0.176857086402938
"10078",2021,216,0.175033546541873
"10079",2021,217,0.174488608789384
"10080",2021,218,0.36803096825755
"10081",2021,219,0.32667207024218
"10082",2021,220,0.302395055409703
"10083",2021,221,0.130244256762666
"10084",2021,222,0.0971952506186833
"10085",2021,223,0.0822180953970354
"10086",2021,224,0.0650023805021981
"10087",2021,225,0.0507577847612556
"10088",2021,226,0.0333200910943514
"10089",2021,227,0.0232222709093837
"10090",2021,228,0.0217941478322272
"10091",2021,229,0.016592960008572
"10092",2021,230,0.349375038929686
"10093",2021,231,0.310170978714496
"10094",2021,232,0.265945043254953
"10095",2021,233,0.273751412302711
"10096",2021,234,0.289060185466778
"10097",2021,235,0.276186094973812
"10098",2021,236,0.132024654823269
"10099",2021,237,0.123983712594873
"10100",2021,238,0.118019243961712
"10101",2021,239,0.0986985497853613
"10102",2021,240,0.0741283138149808
"10103",2021,241,0.0576024580074546
"10104",2021,242,0.0440345240453764
"10105",2021,243,0.0383050813701549
"10106",2021,244,0.195667919791852
"10107",2021,245,0.259199009871721
"10108",2021,246,0.26196961391606
"10109",2021,247,0.231503696623525
"10110",2021,248,0.235212075986116
"10111",2021,249,0.237666435734677
"10112",2021,250,0.220282254627714
"10113",2021,251,0.122106497316235
"10114",2021,252,0.0970266748924278
"10115",2021,253,0.0955262710918793
"10116",2021,254,0.0937055602858504
"10117",2021,255,0.0820179977446829
"10118",2021,256,0.0748619446787382
"10119",2021,257,0.069362244540022
"10120",2021,258,0.0685151669838384
"10121",2021,259,0.0626452548117341
"10122",2021,260,0.0485095363878223
"10123",2021,261,0.0530773575486315
"10124",2021,262,0.0502613506226694
"10125",2021,263,0.161439062585997
"10126",2021,264,0.113443892312365
"10127",2021,265,0.0311416700715043
"10128",2021,266,0.0299328116831787
"10129",2021,267,0.0284089291506668
"10130",2021,268,0.0244599428434371
"10131",2021,269,0.0215735652990966
"10132",2021,270,0.0205405920902306
"10133",2021,271,0.0196329623370185
"10134",2021,272,0.139683547872862
"10135",2021,273,0.0997045471139504
"10136",2021,274,0.0935365272058495
"10137",2021,275,0.081350901445318
"10138",2021,276,0.0142554448737119
"10139",2021,277,0.0117014445694578
"10140",2021,278,0.0106220823570561
"10141",2021,279,0.0099929985197818
"10142",2021,280,0.00914306399792537
"10143",2021,281,0.00824301196110452
"10144",2021,282,0.118390082643084
"10145",2021,283,0.0877275771713552
"10146",2021,284,0.10810275290828
"10147",2021,285,0.0898716390367544
"10148",2021,286,0.0705270909553571
"10149",2021,287,0.0733142380658073
"10150",2021,288,0.0597709378231836
"10151",2021,289,0.0682696899341633
"10152",2021,290,0.0736809222588581
"10153",2021,291,0.0785217975998905
"10154",2021,292,0.0892165889290368
"10155",2021,293,0.0571132900874374
"10156",2021,294,0.0630825297476026
"10157",2021,295,0.0662223052906024
"10158",2021,296,0.0634989047094919
"10159",2021,297,0.0614387090959493
"10160",2021,298,0.0614082034480094
"10161",2021,299,0.0763196914595345
"10162",2021,300,0.0479860147961745
"10163",2021,301,0.0459414406296744
"10164",2021,302,0.052846707455588
"10165",2021,303,0.0462660563307154
"10166",2021,304,0.0367814379615867
"10167",2021,305,0.0355328102341398
"10168",2021,306,0.0353491287555908
"10169",2021,307,0.0394545792524227
"10170",2021,308,0.0439857852574401
"10171",2021,309,0.0449323361161166
"10172",2021,310,0.0454322863435398
"10173",2021,311,0.0417986508691003
"10174",2021,312,0.0364685564701848
"10175",2021,313,0.0355243965848936
"10176",2021,314,0.0320257062072459
"10177",2021,315,0.0258619966620213
"10178",2021,316,0.0154238827705673
"10179",2021,317,0.00906093272260928
"10180",2021,318,0.0066467977190259
"10181",2021,319,0.00670168909156705
"10182",2021,320,0.00516796522570338
"10183",2021,321,0.00290473121845199
"10184",2021,322,0.00276841468436486
"10185",2021,323,0.00355478830827712
"10186",2021,324,0.00299229470497704
"10187",2021,325,0.0026356009024739
"10188",2021,326,0.00299527508524201
"10189",2021,327,0.00289662073204134
"10190",2021,328,0.00207712851818148
"10191",2021,329,0.00196631407014078
"10192",2021,330,0.0021373404966383
"10193",2021,331,0.00195238862068352
"10194",2021,332,0.00205718663320678
"10195",2021,333,0.00221350234476255
"10196",2021,334,0.0018416871235302
"10197",2021,335,0.00208415058494775
"10198",2021,336,0.0021782708715904
"10199",2021,337,0.00153666532554203
"10200",2021,338,0.0013605699896539
"10201",2021,339,0.0276953882365281
"10202",2021,340,0.0159303183634173
"10203",2021,341,0.00082694967341393
"10204",2021,342,0.00415385657724992
"10205",2021,343,0.0239333579457362
"10206",2021,344,0.01733881063634
"10207",2021,345,0.0155222827493421
"10208",2021,346,0.021414449178751
"10209",2021,347,0.0286947161861192
"10210",2021,348,0.0292718773811407
"10211",2021,349,0.0224985247350191
"10212",2021,350,0.0182556632603552
"10213",2021,351,0.015621563629421
"10214",2021,352,0.0145796367155663
"10215",2021,353,0.0219235039462828
"10216",2021,354,0.0207233467303507
"10217",2021,355,0.0232298752722283
"10218",2021,356,0.0285037254083573
"10219",2021,357,0.030628642469987
"10220",2021,358,0.0292729330518077
"10221",2021,359,0.0262479928983346
"10222",2021,360,0.0264674043815745
"10223",2021,361,0.01794711826951
"10224",2021,362,0.0147017950094734
"10225",2021,363,0.0144563804207488
"10226",2021,364,0.0196974378277044
"10227",2021,365,0.0153001453413506
"10228",2022,1,0.0114477041751727
"10229",2022,2,0.0162321462232496
"10230",2022,3,0.0230044236939467
"10231",2022,4,0.0227702431024777
"10232",2022,5,0.0102538432412326
"10233",2022,6,0.0105612321323721
"10234",2022,7,0.0213789966340211
"10235",2022,8,0.0250158888378518
"10236",2022,9,0.0245119567716874
"10237",2022,10,0.0280806809524574
"10238",2022,11,0.031653094797678
"10239",2022,12,0.0352270917721775
"10240",2022,13,0.0376170457678669
"10241",2022,14,0.0300874275570637
"10242",2022,15,0.0295743256441562
"10243",2022,16,0.0294237690454419
"10244",2022,17,0.0357563077557693
"10245",2022,18,0.0347446572000478
"10246",2022,19,0.0194383158156585
"10247",2022,20,0.0229489063056968
"10248",2022,21,0.0264636314336553
"10249",2022,22,0.0311230364295828
"10250",2022,23,0.0389622562289443
"10251",2022,24,0.0370415431899424
"10252",2022,25,0.03030817876111
"10253",2022,26,0.0314240186937358
"10254",2022,27,0.0311607441450904
"10255",2022,28,0.0388044169787954
"10256",2022,29,0.0458384402655328
"10257",2022,30,0.0457687461476921
"10258",2022,31,0.0460380028955341
"10259",2022,32,0.0312740314638489
"10260",2022,33,0.0193758954391343
"10261",2022,34,0.0241224032777384
"10262",2022,35,0.0344579036382873
"10263",2022,36,0.0511802247394166
"10264",2022,37,0.0495354766232786
"10265",2022,38,0.0588563827348145
"10266",2022,39,0.0599969579393628
"10267",2022,40,0.0598489216738937
"10268",2022,41,0.066396697382123
"10269",2022,42,0.0533728390213008
"10270",2022,43,0.0489417536015743
"10271",2022,44,0.0586382227362653
"10272",2022,45,0.0638143522438387
"10273",2022,46,0.0842074379292188
"10274",2022,47,0.0496178450889799
"10275",2022,48,0.0424764274595826
"10276",2022,49,0.0614090792337807
"10277",2022,50,0.0723122475968865
"10278",2022,51,0.0770822490875282
"10279",2022,52,0.0430476166391782
"10280",2022,53,0.0202625992190928
"10281",2022,54,0.0213318578362526
"10282",2022,55,0.0299896162568882
"10283",2022,56,0.0408281504406153
"10284",2022,57,0.0497378789316589
"10285",2022,58,0.0699360859792083
"10286",2022,59,0.0875524575317828
"10287",2022,60,0.0148888877594638
"10288",2022,61,0.0753153962101169
"10289",2022,62,0.075871661744976
"10290",2022,63,0.0925888223185938
"10291",2022,64,0.0658433398120357
"10292",2022,65,0.0526031445869972
"10293",2022,66,0.0539890425210196
"10294",2022,67,0.0519432220715814
"10295",2022,68,0.0416921904132773
"10296",2022,69,0.0399070448724964
"10297",2022,70,0.0506815919948517
"10298",2022,71,0.0236234670641914
"10299",2022,72,0.0809720000782988
"10300",2022,73,0.0839826421515295
"10301",2022,74,0.0913756804764584
"10302",2022,75,0.0837050274467398
"10303",2022,76,0.0388099132922973
"10304",2022,77,0.0146113670785716
"10305",2022,78,0.0149925084752612
"10306",2022,79,0.0166853573084043
"10307",2022,80,0.0138796903632502
"10308",2022,81,0.0134878610007502
"10309",2022,82,0.0152146058010304
"10310",2022,83,0.0171432825659521
"10311",2022,84,0.016416201256773
"10312",2022,85,0.017803261357269
"10313",2022,86,0.0188253657267547
"10314",2022,87,0.0219552148165953
"10315",2022,88,0.0192878369738104
"10316",2022,89,0.0163864351727999
"10317",2022,90,0.131067488833917
"10318",2022,91,0.1033360157338
"10319",2022,92,0.121773690036808
"10320",2022,93,0.114566441342842
"10321",2022,94,0.151192641301603
"10322",2022,95,0.111296851477559
"10323",2022,96,0.100268437689934
"10324",2022,97,0.0242984710143962
"10325",2022,98,0.0276772446885078
"10326",2022,99,0.142149095000905
"10327",2022,100,0.0228081038111218
"10328",2022,101,0.023881318122509
"10329",2022,102,0.0214892854282741
"10330",2022,103,0.0163875108709246
"10331",2022,104,0.119197191527706
"10332",2022,105,0.131252713814145
"10333",2022,106,0.0476462189986407
"10334",2022,107,0.0292826023044512
"10335",2022,108,0.0331831730608745
"10336",2022,109,0.0423787621623327
"10337",2022,110,0.0409991129940885
"10338",2022,111,0.0454339193492878
"10339",2022,112,0.197587384169838
"10340",2022,113,0.164940618853826
"10341",2022,114,0.137605474963561
"10342",2022,115,0.151392911879316
"10343",2022,116,0.175875906722345
"10344",2022,117,0.185598834553169
"10345",2022,118,0.183618319209937
"10346",2022,119,0.196641101924237
"10347",2022,120,0.166518699675428
"10348",2022,121,0.0592097293342315
"10349",2022,122,0.143855716978903
"10350",2022,123,0.207272984170988
"10351",2022,124,0.207702160884095
"10352",2022,125,0.210944244861105
"10353",2022,126,0.198381422514467
"10354",2022,127,0.0790865376298062
"10355",2022,128,0.238932696377932
"10356",2022,129,0.223431280414697
"10357",2022,130,0.194927000330672
"10358",2022,131,0.249923192088115
"10359",2022,132,0.244678250385499
"10360",2022,133,0.222676006680525
"10361",2022,134,0.250305392389103
"10362",2022,135,0.230522469435987
"10363",2022,136,0.279051889999174
"10364",2022,137,0.11183315917958
"10365",2022,138,0.0936221925049946
"10366",2022,139,0.235666278071216
"10367",2022,140,0.0673401307018904
"10368",2022,141,0.0668824909627319
"10369",2022,142,0.218171638794826
"10370",2022,143,0.212133688249098
"10371",2022,144,0.0854335594819037
"10372",2022,145,0.0599287396971954
"10373",2022,146,0.0634270512774825
"10374",2022,147,0.0676390635431149
"10375",2022,148,0.0520837612907569
"10376",2022,149,0.282416983169991
"10377",2022,150,0.266688131074546
"10378",2022,151,0.240468053402346
"10379",2022,152,0.249625971470844
"10380",2022,153,0.265340345417715
"10381",2022,154,0.312908012743552
"10382",2022,155,0.331903826315916
"10383",2022,156,0.337222383776063
"10384",2022,157,0.306069111703593
"10385",2022,158,0.316896792438595
"10386",2022,159,0.292336677180376
"10387",2022,160,0.301423684061996
"10388",2022,161,0.170269788948604
"10389",2022,162,0.170510006239167
"10390",2022,163,0.153125724183968
"10391",2022,164,0.357046616552977
"10392",2022,165,0.271157569333872
"10393",2022,166,0.110851777513737
"10394",2022,167,0.0857719573028022
"10395",2022,168,0.273421143192501
"10396",2022,169,0.0720785199472112
"10397",2022,170,0.0640038164849405
"10398",2022,171,0.0480923286173609
"10399",2022,172,0.0320743159709952
"10400",2022,173,0.0329707237512199
"10401",2022,174,0.0332286411738855
"10402",2022,175,0.238397534852901
"10403",2022,176,0.0330102412394339
"10404",2022,177,0.0298364377925234
"10405",2022,178,0.0299264390598998
"10406",2022,179,0.0296404525003032
"10407",2022,180,0.028090100503681
"10408",2022,181,0.0207795769874055
"10409",2022,182,0.0152255326773117
"10410",2022,183,0.0147187363854541
"10411",2022,184,0.0145136900634761
"10412",2022,185,0.0141745428429457
"10413",2022,186,0.0123985218459763
"10414",2022,187,0.242789380117804
"10415",2022,188,0.0320298383902876
"10416",2022,189,0.0178275215527753
"10417",2022,190,0.016058385281353
"10418",2022,191,0.013960161134272
"10419",2022,192,0.0120115324565408
"10420",2022,193,0.0116050618315431
"10421",2022,194,0.0113047807965925
"10422",2022,195,0.0103332418608177
"10423",2022,196,0.221468139449455
"10424",2022,197,0.00747291539320872
"10425",2022,198,0.00634591283589167
"10426",2022,199,0.00517881028782564
"10427",2022,200,0.00470476106563635
"10428",2022,201,0.00460519522635193
"10429",2022,202,0.00449658305454854
"10430",2022,203,0.00450187959597095
"10431",2022,204,0.00430493768162347
"10432",2022,205,0.276531240067094
"10433",2022,206,0.175841903684281
"10434",2022,207,0.346244589147818
"10435",2022,208,0.274257657453327
"10436",2022,209,0.172168132037308
"10437",2022,210,0.00752154510798702
"10438",2022,211,0.00736594688572872
"10439",2022,212,0.00605604499450892
"10440",2022,213,0.00387230130646289
"10441",2022,214,0.00189838558125404
"10442",2022,215,0.00140469778278558
"10443",2022,216,0.00145254425707718
"10444",2022,217,0.324161856682734
"10445",2022,218,0.356259422812243
"10446",2022,219,0.312498670777485
"10447",2022,220,0.261808489309635
"10448",2022,221,0.0378767121624555
"10449",2022,222,0.0211978827098044
"10450",2022,223,0.0132774100776385
"10451",2022,224,0.384314186809658
"10452",2022,225,0.38832536855237
"10453",2022,226,0.380383604648112
"10454",2022,227,0.367032642486461
"10455",2022,228,0.335912922543614
"10456",2022,229,0.336845374388656
"10457",2022,230,0.310927457341111
"10458",2022,231,0.162237923152762
"10459",2022,232,0.156851720438009
"10460",2022,233,0.152681098313118
"10461",2022,234,0.142325907743547
"10462",2022,235,0.125152120748929
"10463",2022,236,0.108505021310261
"10464",2022,237,0.275778728893048
"10465",2022,238,0.287436110062278
"10466",2022,239,0.222168548418508
"10467",2022,240,0.0574622908533134
"10468",2022,241,0.0496260205758026
"10469",2022,242,0.0410460664034029
"10470",2022,243,0.033063959880394
"10471",2022,244,0.0182641911713987
"10472",2022,245,0.0169447706396584
"10473",2022,246,0.0162469744328888
"10474",2022,247,0.0140294028156928
"10475",2022,248,0.00928720075439653
"10476",2022,249,0.00874873775800456
"10477",2022,250,0.00841684137571175
"10478",2022,251,0.180632652698797
"10479",2022,252,0.199472042144256
"10480",2022,253,0.162347862433736
"10481",2022,254,0.154427796319272
"10482",2022,255,0.132399031940844
"10483",2022,256,0.0374887158676431
"10484",2022,257,0.196192906969972
"10485",2022,258,0.134439431511348
"10486",2022,259,0.111649624296022
"10487",2022,260,0.00446876480271892
"10488",2022,261,0.0043535281576044
"10489",2022,262,0.00440016492250755
"10490",2022,263,0.003772304359458
"10491",2022,264,0.00327632195394742
"10492",2022,265,0.126784286958482
"10493",2022,266,0.0171091699213293
"10494",2022,267,0.00827360276151114
"10495",2022,268,0.00644226661951675
"10496",2022,269,0.0057007718256788
"10497",2022,270,0.0049893279410056
"10498",2022,271,0.00486069126923521
"10499",2022,272,0.00443136993545146
"10500",2022,273,0.129725663463038
"10501",2022,274,0.0824970577886107
"10502",2022,275,0.00381199138201844
"10503",2022,276,0.00332980194175161
"10504",2022,277,0.00304351680703755
"10505",2022,278,0.00283661960491472
"10506",2022,279,0.00248289974195599
"10507",2022,280,0.00222119197609828
"10508",2022,281,0.00211056926021535
"10509",2022,282,0.00204329376490369
"10510",2022,283,0.00202228672194264
"10511",2022,284,0.00172722180487085
"10512",2022,285,0.00147509310605023
"10513",2022,286,0.00149950289004411
"10514",2022,287,0.00155605000840617
"10515",2022,288,0.00139693270681548
"10516",2022,289,0.0012189986664985
"10517",2022,290,0.000723818646116783
"10518",2022,291,0.000291750142855335
"10519",2022,292,0.000294572246245725
"10520",2022,293,0.000301370149546824
"10521",2022,294,0.000285486869897162
"10522",2022,295,0.000281413488358198
"10523",2022,296,0.000238365730428443
"10524",2022,297,0.000200438974688933
"10525",2022,298,0.000186049836149077
"10526",2022,299,0.000181096730680805
"10527",2022,300,0.000178014329864534
"10528",2022,301,0.000188812304898019
"10529",2022,302,0.000181727049536843
"10530",2022,303,0.000182712486346108
"10531",2022,304,0.000175903624020919
"10532",2022,305,0.000185835075396772
"10533",2022,306,0.000191372321137039
"10534",2022,307,0.0535754186230112
"10535",2022,308,0.0082777625963169
"10536",2022,309,0.0572186883599278
"10537",2022,310,0.0317826277726306
"10538",2022,311,0.0326085840902054
"10539",2022,312,0.0261432873465414
"10540",2022,313,0.0192586514229834
"10541",2022,314,0.0170757083245758
"10542",2022,315,0.0168145969569712
"10543",2022,316,0.0122419136236034
"10544",2022,317,0.00444535324086166
"10545",2022,318,0.00308414460202062
"10546",2022,319,0.00238452468379922
"10547",2022,320,0.00214735064525211
"10548",2022,321,0.0015486435691097
"10549",2022,322,0.00115338586505647
"10550",2022,323,0.00143418902494738
"10551",2022,324,0.00166621720029416
"10552",2022,325,0.00160191493681242
"10553",2022,326,0.00166486613155488
"10554",2022,327,0.00138416411470023
"10555",2022,328,0.00129894019334051
"10556",2022,329,0.00154038521354447
"10557",2022,330,0.00130114368817185
"10558",2022,331,0.00116317268052194
"10559",2022,332,0.0009238022581872
"10560",2022,333,0.000580338314971831
"10561",2022,334,0.000619365688757284
"10562",2022,335,0.000873347683126343
"10563",2022,336,0.0222555610850216
"10564",2022,337,0.0193639624672166
"10565",2022,338,0.022362962383726
"10566",2022,339,0.0150848856221715
"10567",2022,340,0.000715597576612759
"10568",2022,341,0.000692074097627929
"10569",2022,342,0.000619709054226002
"10570",2022,343,0.00066431518780911
"10571",2022,344,0.00064026860980683
"10572",2022,345,0.000843165065352387
"10573",2022,346,0.0201757535581293
"10574",2022,347,0.0135438990831425
"10575",2022,348,0.0146506789589619
"10576",2022,349,0.0145548870479947
"10577",2022,350,0.014470286149422
"10578",2022,351,0.0155743380460597
"10579",2022,352,0.0131614005915011
"10580",2022,353,0.0108639222619138
"10581",2022,354,0.0114817071751904
"10582",2022,355,0.00822649493089337
"10583",2022,356,0.00500336501621265
"10584",2022,357,0.00649225316239307
"10585",2022,358,0.0136185454279752
"10586",2022,359,0.0202102081050245
"10587",2022,360,0.0218626931528666
"10588",2022,361,0.0284498774381532
"10589",2022,362,0.0302236762101132
"10590",2022,363,0.0234406059453428
"10591",2022,364,0.0225101925893777
"10592",2022,365,0.0223634399797574
"10593",2022,366,0.0238096639997045
"10594",2023,1,0.0224447290588368
"10595",2023,2,0.0222950554553078
"10596",2023,3,0.0199074743295954
"10597",2023,4,0.0174520101508023
"10598",2023,5,0.0157520308344307
"10599",2023,6,0.0192862300625494
"10600",2023,7,0.0221376472801131
"10601",2023,8,0.0235298947335149
"10602",2023,9,0.0265370699606141
"10603",2023,10,0.0305529781069009
"10604",2023,11,0.0262028731836283
"10605",2023,12,0.0243736705439454
"10606",2023,13,0.0275180768388522
"10607",2023,14,0.0330422385978634
"10608",2023,15,0.0328728627689936
"10609",2023,16,0.0306978443959683
"10610",2023,17,0.0287549476794629
"10611",2023,18,0.0279366544747439
"10612",2023,19,0.0258144609125044
"10613",2023,20,0.0263144678953412
"10614",2023,21,0.0280595122242177
"10615",2023,22,0.0327184440175053
"10616",2023,23,0.0300934048442945
"10617",2023,24,0.0301857294779212
"10618",2023,25,0.0308507052914724
"10619",2023,26,0.0341839316742292
"10620",2023,27,0.0368837512582465
"10621",2023,28,0.0269559678200494
"10622",2023,29,0.0146074981585028
"10623",2023,30,0.00943223775683921
"10624",2023,31,0.0174336778742359
"10625",2023,32,0.0272387630886687
"10626",2023,33,0.0318791254146092
"10627",2023,34,0.0436156665721559
"10628",2023,35,0.0474757183264487
"10629",2023,36,0.0513025428760785
"10630",2023,37,0.046098849236438
"10631",2023,38,0.0484277511207465
"10632",2023,39,0.0485171192520897
"10633",2023,40,0.0423817408623214
"10634",2023,41,0.0449399725250054
"10635",2023,42,0.0510106310186705
"10636",2023,43,0.0547778909423538
"10637",2023,44,0.0587263906719387
"10638",2023,45,0.0531972579794991
"10639",2023,46,0.0342328330156571
"10640",2023,47,0.0376262309055064
"10641",2023,48,0.0494579932339949
"10642",2023,49,0.0554563209608626
"10643",2023,50,0.05629942417486
"10644",2023,51,0.0624180515748103
"10645",2023,52,0.0572925619573566
"10646",2023,53,0.0268788480438329
"10647",2023,54,0.0165395461056858
"10648",2023,55,0.0262934338602964
"10649",2023,56,0.0481245055478644
"10650",2023,57,0.0698509677050732
"10651",2023,58,0.0750288950688308
"10652",2023,59,0.0734493216679192
"10653",2023,60,0.0612181448527421
"10654",2023,61,0.0618944624298211
"10655",2023,62,0.0685705406758284
"10656",2023,63,0.0613292949474793
"10657",2023,64,0.0609494063618558
"10658",2023,65,0.0617409221104849
"10659",2023,66,0.0665011037984014
"10660",2023,67,0.0617383404591757
"10661",2023,68,0.0658597921865595
"10662",2023,69,0.0809502888933021
"10663",2023,70,0.0763875983484445
"10664",2023,71,0.0702513406985985
"10665",2023,72,0.0814990166652771
"10666",2023,73,0.0995790266360147
"10667",2023,74,0.111262351487315
"10668",2023,75,0.0833803987598879
"10669",2023,76,0.0776488754828828
"10670",2023,77,0.0854693961793337
"10671",2023,78,0.0930755007342426
"10672",2023,79,0.0946633321931206
"10673",2023,80,0.0943339759603537
"10674",2023,81,0.0887731215059607
"10675",2023,82,0.0977533045647725
"10676",2023,83,0.108672866140163
"10677",2023,84,0.0990847902268868
"10678",2023,85,0.102793864156392
"10679",2023,86,0.0906526648552292
"10680",2023,87,0.103915508846787
"10681",2023,88,0.101179358859803
"10682",2023,89,0.140794884152052
"10683",2023,90,0.110846015591048
"10684",2023,91,0.129469751689585
"10685",2023,92,0.132660931784182
"10686",2023,93,0.114299276811767
"10687",2023,94,0.0984366009778866
"10688",2023,95,0.0898179833551105
"10689",2023,96,0.0961632599580194
"10690",2023,97,0.12077315324059
"10691",2023,98,0.142494265840488
"10692",2023,99,0.156249996679521
"10693",2023,100,0.17535341432966
"10694",2023,101,0.225903108129098
"10695",2023,102,0.168107482682595
"10696",2023,103,0.161891548983889
"10697",2023,104,0.12998122995296
"10698",2023,105,0.129757645214972
"10699",2023,106,0.148635669235127
"10700",2023,107,0.166774264897245
"10701",2023,108,0.14842994275428
"10702",2023,109,0.167940411336174
"10703",2023,110,0.124174163838629
"10704",2023,111,0.033485590384102
"10705",2023,112,0.0339720436125169
"10706",2023,113,0.0397375708639404
"10707",2023,114,0.0447440118354544
"10708",2023,115,0.0463293646765089
"10709",2023,116,0.0521376321103545
"10710",2023,117,0.197333078430311
"10711",2023,118,0.069206284712658
"10712",2023,119,0.0608156072413065
"10713",2023,120,0.0592119923503863
"10714",2023,121,0.0595199106607482
"10715",2023,122,0.0581624598690224
"10716",2023,123,0.0623189263491569
"10717",2023,124,0.061037624835615
"10718",2023,125,0.0611464119421081
"10719",2023,126,0.0585962133340546
"10720",2023,127,0.0474257570246619
"10721",2023,128,0.205542225322362
"10722",2023,129,0.0515639042042576
"10723",2023,130,0.267359475731915
"10724",2023,131,0.257603985087764
"10725",2023,132,0.244725551545211
"10726",2023,133,0.246012768805111
"10727",2023,134,0.249069602104443
"10728",2023,135,0.245051025856345
"10729",2023,136,0.256620725247499
"10730",2023,137,0.286143589389375
"10731",2023,138,0.247921452987993
"10732",2023,139,0.243561297082782
"10733",2023,140,0.263497261872258
"10734",2023,141,0.265494674168146
"10735",2023,142,0.130684614496216
"10736",2023,143,0.133682903815427
"10737",2023,144,0.133788913996085
"10738",2023,145,0.326439126496949
"10739",2023,146,0.32214452059447
"10740",2023,147,0.318300614182732
"10741",2023,148,0.289674399982777
"10742",2023,149,0.291202795014521
"10743",2023,150,0.329778202725152
"10744",2023,151,0.305247973236615
"10745",2023,152,0.328383019975679
"10746",2023,153,0.322968219047935
"10747",2023,154,0.300828403501923
"10748",2023,155,0.310716645311394
"10749",2023,156,0.314453387126304
"10750",2023,157,0.321167576799901
"10751",2023,158,0.234902413818685
"10752",2023,159,0.175301565701883
"10753",2023,160,0.353173027055621
"10754",2023,161,0.334633821741306
"10755",2023,162,0.307850569256853
"10756",2023,163,0.341871915167429
"10757",2023,164,0.319359383763413
"10758",2023,165,0.35586803966132
"10759",2023,166,0.341203525622337
"10760",2023,167,0.321446439239564
"10761",2023,168,0.314309699893368
"10762",2023,169,0.333077504796496
"10763",2023,170,0.353168479181482
"10764",2023,171,0.373233635754391
"10765",2023,172,0.353989188956924
"10766",2023,173,0.34356379801413
"10767",2023,174,0.35357302194753
"10768",2023,175,0.308461924383014
"10769",2023,176,0.343731557518433
"10770",2023,177,0.324979504752665
"10771",2023,178,0.339626234004602
"10772",2023,179,0.367950816533993
"10773",2023,180,0.360866781624965
"10774",2023,181,0.327289448348885
"10775",2023,182,0.341695229702428
"10776",2023,183,0.340610769690087
"10777",2023,184,0.383051504158448
"10778",2023,185,0.300638567256782
"10779",2023,186,0.337056088113476
"10780",2023,187,0.345091658242029
"10781",2023,188,0.314955276411468
"10782",2023,189,0.32863564328149
"10783",2023,190,0.328517140475776
"10784",2023,191,0.17673174711175
"10785",2023,192,0.175076241493924
"10786",2023,193,0.169850088414346
"10787",2023,194,0.373877661305712
"10788",2023,195,0.265191697649037
"10789",2023,196,0.110340542395353
"10790",2023,197,0.116774195201253
"10791",2023,198,0.152346414587816
"10792",2023,199,0.142850774763407
"10793",2023,200,0.124182873500834
"10794",2023,201,0.0967903364754404
"10795",2023,202,0.0904219037021363
"10796",2023,203,0.0819535338021717
"10797",2023,204,0.0769865251960599
"10798",2023,205,0.0658696977226153
"10799",2023,206,0.063035749736015
"10800",2023,207,0.0602967784064185
"10801",2023,208,0.237503779328925
"10802",2023,209,0.298704736024907
"10803",2023,210,0.184913207133198
"10804",2023,211,0.394730453566282
"10805",2023,212,0.38997602131995
"10806",2023,213,0.354947577402534
"10807",2023,214,0.347155629540525
"10808",2023,215,0.37118806742721
"10809",2023,216,0.326313439843068
"10810",2023,217,0.338436232128654
"10811",2023,218,0.344452038593512
"10812",2023,219,0.289040752105649
"10813",2023,220,0.320790845324543
"10814",2023,221,0.208591872357554
"10815",2023,222,0.0370610769869666
"10816",2023,223,0.0259158679696775
"10817",2023,224,0.0258915882260872
"10818",2023,225,0.023188584968485
"10819",2023,226,0.0227291940560787
"10820",2023,227,0.0233677507639472
"10821",2023,228,0.0228815131095284
"10822",2023,229,0.022029398638084
"10823",2023,230,0.0217032313953773
"10824",2023,231,0.014093755392416
"10825",2023,232,0.0108575130823871
"10826",2023,233,0.0109594938790168
"10827",2023,234,0.0103592130181208
"10828",2023,235,0.00980859021777037
"10829",2023,236,0.0094421578453981
"10830",2023,237,0.00856361224403504
"10831",2023,238,0.00763790177252002
"10832",2023,239,0.295674181950131
"10833",2023,240,0.263261158107757
"10834",2023,241,0.228767455283362
"10835",2023,242,0.141509363896358
"10836",2023,243,0.0135003133181741
"10837",2023,244,0.00743865055438726
"10838",2023,245,0.00736495754779303
"10839",2023,246,0.0072135984111846
"10840",2023,247,0.214820479026949
"10841",2023,248,0.139434754792791
"10842",2023,249,0.0260834772035583
"10843",2023,250,0.0136245417218444
"10844",2023,251,0.0116494329350192
"10845",2023,252,0.239305665351104
"10846",2023,253,0.225904189384296
"10847",2023,254,0.193739266779786
"10848",2023,255,0.200775850262545
"10849",2023,256,0.22595835846797
"10850",2023,257,0.207285932502757
"10851",2023,258,0.184702951798955
"10852",2023,259,0.183252574447611
"10853",2023,260,0.178385011395261
"10854",2023,261,0.0748209625212673
"10855",2023,262,0.0656540429404603
"10856",2023,263,0.0594977668898485
"10857",2023,264,0.194947535207428
"10858",2023,265,0.183300396976067
"10859",2023,266,0.145189419522188
"10860",2023,267,0.14601220061021
"10861",2023,268,0.147018725471529
"10862",2023,269,0.145187576533897
"10863",2023,270,0.126208329105479
"10864",2023,271,0.0380700948853542
"10865",2023,272,0.0376071306233704
"10866",2023,273,0.0380611364051961
"10867",2023,274,0.110786014015791
"10868",2023,275,0.142403532477828
"10869",2023,276,0.131636051973234
"10870",2023,277,0.100538053221102
"10871",2023,278,0.0947500875351187
"10872",2023,279,0.0884568695064439
"10873",2023,280,0.0862646332674417
"10874",2023,281,0.0231703568898285
"10875",2023,282,0.0173432602326165
"10876",2023,283,0.0155148688303637
"10877",2023,284,0.117835856972103
"10878",2023,285,0.101537627782587
"10879",2023,286,0.072379968196358
"10880",2023,287,0.0725938706452278
"10881",2023,288,0.0766368749076501
"10882",2023,289,0.0821357509390322
"10883",2023,290,0.0824844560582404
"10884",2023,291,0.0775854550886109
"10885",2023,292,0.0801736654393462
"10886",2023,293,0.0767528011742285
"10887",2023,294,0.0714363388706711
"10888",2023,295,0.0671342232818122
"10889",2023,296,0.0560338689115879
"10890",2023,297,0.0522461994781564
"10891",2023,298,0.0416238644961243
"10892",2023,299,0.0065003794189147
"10893",2023,300,0.0263699013536644
"10894",2023,301,0.0274286646861577
"10895",2023,302,0.0279220581852086
"10896",2023,303,0.0309672223927837
"10897",2023,304,0.0342706127605573
"10898",2023,305,0.0365494282643821
"10899",2023,306,0.0277020117006567
"10900",2023,307,0.0112612883246377
"10901",2023,308,0.00906313604614257
"10902",2023,309,0.00810832622149506
"10903",2023,310,0.00702409732918593
"10904",2023,311,0.00596277292815451
"10905",2023,312,0.0046686271824599
"10906",2023,313,0.0041041394743558
"10907",2023,314,0.00403099156528481
"10908",2023,315,0.00415779568748985
"10909",2023,316,0.00416696195971165
"10910",2023,317,0.00420032397252286
"10911",2023,318,0.00396307190983352
"10912",2023,319,0.00350872798090658
"10913",2023,320,0.00315044634149812
"10914",2023,321,0.0029499112184736
"10915",2023,322,0.00286236320632343
"10916",2023,323,0.0025475393954824
"10917",2023,324,0.00245205780249639
"10918",2023,325,0.00236313274944095
"10919",2023,326,0.050264072213631
"10920",2023,327,0.0237047710257897
"10921",2023,328,0.017190604106629
"10922",2023,329,0.0169752182195959
"10923",2023,330,0.0215316976871368
"10924",2023,331,0.0220836932071057
"10925",2023,332,0.0247508423815255
"10926",2023,333,0.0232129153734677
"10927",2023,334,0.0205226259659034
"10928",2023,335,0.0206839329877365
"10929",2023,336,0.0229348913092781
"10930",2023,337,0.0226493638073431
"10931",2023,338,0.0247631231296238
"10932",2023,339,0.0311539724762429
"10933",2023,340,0.0354642009748714
"10934",2023,341,0.0327348960799306
"10935",2023,342,0.0242442071093893
"10936",2023,343,0.0215549838269172
"10937",2023,344,0.0259850165304373
"10938",2023,345,0.0262271545088604
"10939",2023,346,0.0209318174271281
"10940",2023,347,0.0221722340486872
"10941",2023,348,0.0251839262131535
"10942",2023,349,0.0258262064413102
"10943",2023,350,0.0281676673061921
"10944",2023,351,0.0260862847768034
"10945",2023,352,0.0259149019579392
"10946",2023,353,0.0305664483724483
"10947",2023,354,0.0306875658743105
"10948",2023,355,0.030777114808448
"10949",2023,356,0.0293145061052869
"10950",2023,357,0.0272355507510963
"10951",2023,358,0.0178192567693223
"10952",2023,359,0.0156518929452569
"10953",2023,360,0.0195208840808693
"10954",2023,361,0.0230499771949417
"10955",2023,362,0.0230906235417064
"10956",2023,363,0.0245038833560396
"10957",2023,364,0.0276235040663251
"10958",2023,365,0.0232254451114644
"10959",2024,1,0.0250915688845899
"10960",2024,2,0.0236006609168193
"10961",2024,3,0.021551360892312
"10962",2024,4,0.0209039482890454
"10963",2024,5,0.0105843998883389
"10964",2024,6,0.0168369102065343
"10965",2024,7,0.021344598868733
"10966",2024,8,0.0175604464919571
"10967",2024,9,0.0178782769746495
"10968",2024,10,0.0208097546348979
"10969",2024,11,0.0155869421367473
"10970",2024,12,0.00876668806161594
"10971",2024,13,0.00500554110053815
"10972",2024,14,0.0071109572340087
"10973",2024,15,0.00651997860357357
"10974",2024,16,0.0117241336866208
"10975",2024,17,0.0193234090222694
"10976",2024,18,0.0191406664573303
"10977",2024,19,0.0135323056426306
"10978",2024,20,0.020981384165134
"10979",2024,21,0.0337513040476813
"10980",2024,22,0.0403344252048578
"10981",2024,23,0.040797243949869
"10982",2024,24,0.0412939426940194
"10983",2024,25,0.0409659465678978
"10984",2024,26,0.0381772837927895
"10985",2024,27,0.0421959171750043
"10986",2024,28,0.0138366210992044
"10987",2024,29,0.0403591217607779
"10988",2024,30,0.0414670178748252
"10989",2024,31,0.022676841769139
"10990",2024,32,0.00597159403998898
"10991",2024,33,0.00461030823928105
"10992",2024,34,0.0634721897913694
"10993",2024,35,0.0425564292765994
"10994",2024,36,0.0454399244412015
"10995",2024,37,0.0490445947076204
"10996",2024,38,0.0727071190059656
"10997",2024,39,0.0444386118356716
"10998",2024,40,0.0510853326568294
"10999",2024,41,0.0457362001455481
"11000",2024,42,0.0464404893461184
"11001",2024,43,0.0539192161555124
"11002",2024,44,0.0611253051553842
"11003",2024,45,0.0559185503084932
"11004",2024,46,0.0472959071044854
"11005",2024,47,0.0351409994656958
"11006",2024,48,0.033973414385728
"11007",2024,49,0.0456342321454218
"11008",2024,50,0.0640806295346156
"11009",2024,51,0.0800351566405424
"11010",2024,52,0.0799462212330692
"11011",2024,53,0.0795000988099728
"11012",2024,54,0.0791217347203444
"11013",2024,55,0.0837792911144166
"11014",2024,56,0.0931404151138455
"11015",2024,57,0.0424412412812394
"11016",2024,58,0.0450093655845095
"11017",2024,59,0.0455260688455429
"11018",2024,60,0.0664314188749054
"11019",2024,61,0.0792489389578617
"11020",2024,62,0.0604186972038185
"11021",2024,63,0.00861635257045096
"11022",2024,64,0.00757455940309632
"11023",2024,65,0.00790223585607346
"11024",2024,66,0.00822933634471911
"11025",2024,67,0.0075102424501956
"11026",2024,68,0.0080567153111522
"11027",2024,69,0.0090289736842363
"11028",2024,70,0.0105422145632239
"11029",2024,71,0.0114849499940123
"11030",2024,72,0.0113461577376419
"11031",2024,73,0.10678178254367
"11032",2024,74,0.0762764363315113
"11033",2024,75,0.0788244571416532
"11034",2024,76,0.0819482379169539
"11035",2024,77,0.0820120352862845
"11036",2024,78,0.0958914504489887
"11037",2024,79,0.0995203086922207
"11038",2024,80,0.098125304045375
"11039",2024,81,0.0245928388667479
"11040",2024,82,0.0180964779276782
"11041",2024,83,0.0188213735576218
"11042",2024,84,0.0213944856702062
"11043",2024,85,0.0672593030862235
"11044",2024,86,0.0769252755247236
"11045",2024,87,0.0892162822223606
"11046",2024,88,0.0978494734796084
"11047",2024,89,0.0204554536660619
"11048",2024,90,0.125839527050815
"11049",2024,91,0.125376951783392
"11050",2024,92,0.102341059273454
"11051",2024,93,0.121336148203162
"11052",2024,94,0.140156997497298
"11053",2024,95,0.1474422758982
"11054",2024,96,0.144775665317854
"11055",2024,97,0.15357476541628
"11056",2024,98,0.133399215880987
"11057",2024,99,0.113017343915635
"11058",2024,100,0.125034197639167
"11059",2024,101,0.123015273609525
"11060",2024,102,0.134425769188061
"11061",2024,103,0.157673100644457
"11062",2024,104,0.172509527575549
"11063",2024,105,0.16878676890812
"11064",2024,106,0.199780740902518
"11065",2024,107,0.142752947735197
"11066",2024,108,0.0343662738980118
"11067",2024,109,0.032032799015559
"11068",2024,110,0.032526017645972
"11069",2024,111,0.0336761166380939
"11070",2024,112,0.0421325232745099
"11071",2024,113,0.0464637196633046
"11072",2024,114,0.0476930170657082
"11073",2024,115,0.0542187632368738
"11074",2024,116,0.0581592567948429
"11075",2024,117,0.0585876886399563
"11076",2024,118,0.0536444803414592
"11077",2024,119,0.0548172671677034
"11078",2024,120,0.0580262147491505
"11079",2024,121,0.0571373179919293
"11080",2024,122,0.200996768115647
"11081",2024,123,0.0657665670593562
"11082",2024,124,0.0593962265898096
"11083",2024,125,0.0663351959951676
"11084",2024,126,0.241743765623176
"11085",2024,127,0.226020468083993
"11086",2024,128,0.197549124682834
"11087",2024,129,0.216243843300625
"11088",2024,130,0.221776889378892
"11089",2024,131,0.218705425382002
"11090",2024,132,0.231509203167213
"11091",2024,133,0.267088043856501
"11092",2024,134,0.252478637769812
"11093",2024,135,0.263774233950194
"11094",2024,136,0.264451799992436
"11095",2024,137,0.253934381551644
"11096",2024,138,0.267194811413437
"11097",2024,139,0.241829968265647
"11098",2024,140,0.117417966207344
"11099",2024,141,0.256743686586244
"11100",2024,142,0.240084328233882
"11101",2024,143,0.234473637962839
"11102",2024,144,0.237638265602709
"11103",2024,145,0.243520775979884
"11104",2024,146,0.257533215784606
"11105",2024,147,0.260699519352675
"11106",2024,148,0.165896713150031
"11107",2024,149,0.138031679568907
"11108",2024,150,0.148709404779522
"11109",2024,151,0.14003349811933
"11110",2024,152,0.136009554302868
"11111",2024,153,0.145264532784728
"11112",2024,154,0.151215319975606
"11113",2024,155,0.155839070494141
"11114",2024,156,0.15338664151416
"11115",2024,157,0.158412934708241
"11116",2024,158,0.161623800259583
"11117",2024,159,0.169612719354473
"11118",2024,160,0.331469048751266
"11119",2024,161,0.166619081881821
"11120",2024,162,0.179118637504555
"11121",2024,163,0.181113862294016
"11122",2024,164,0.186682367509242
"11123",2024,165,0.179772363217408
"11124",2024,166,0.184013902737448
"11125",2024,167,0.179930519661064
"11126",2024,168,0.149879630924267
"11127",2024,169,0.124222146212782
"11128",2024,170,0.103046625181316
"11129",2024,171,0.264238457553023
"11130",2024,172,0.259318488882699
"11131",2024,173,0.279371541413402
"11132",2024,174,0.109980669190922
"11133",2024,175,0.0751805729905829
"11134",2024,176,0.0725949596118438
"11135",2024,177,0.0665497154284571
"11136",2024,178,0.0447812244262022
"11137",2024,179,0.0411380622421819
"11138",2024,180,0.0371699432759883
"11139",2024,181,0.033270177892724
"11140",2024,182,0.393712870508455
"11141",2024,183,0.381221893948559
"11142",2024,184,0.331213617489296
"11143",2024,185,0.321144180953519
"11144",2024,186,0.153926691565235
"11145",2024,187,0.113556140194531
"11146",2024,188,0.0557817420639345
"11147",2024,189,0.0305444902120938
"11148",2024,190,0.0307382225316144
"11149",2024,191,0.0307241445677346
"11150",2024,192,0.0308627450081533
"11151",2024,193,0.0313115383351387
"11152",2024,194,0.0296864708386456
"11153",2024,195,0.024531983538469
"11154",2024,196,0.0223449656771112
"11155",2024,197,0.0138246539736529
"11156",2024,198,0.0145685501082445
"11157",2024,199,0.0123447971920925
"11158",2024,200,0.0121678170504525
"11159",2024,201,0.0104911062088052
"11160",2024,202,0.00991775671380497
"11161",2024,203,0.00944917066224663
"11162",2024,204,0.0091704808247539
"11163",2024,205,0.00906309959610314
"11164",2024,206,0.00834898286967761
"11165",2024,207,0.00837555265182434
"11166",2024,208,0.00766795754633475
"11167",2024,209,0.0073545555954514
"11168",2024,210,0.00691757758804138
"11169",2024,211,0.00678848203004123
"11170",2024,212,0.00590481059656737
"11171",2024,213,0.00518617276437605
"11172",2024,214,0.00521432820387601
"11173",2024,215,0.0053192813075732
"11174",2024,216,0.0052680297351383
"11175",2024,217,0.00521080524790697
"11176",2024,218,0.00489933256671069
"11177",2024,219,0.00469955263855675
"11178",2024,220,0.301760148197367
"11179",2024,221,0.292626471259205
"11180",2024,222,0.207030528646329
"11181",2024,223,0.14862871497218
"11182",2024,224,0.00854792179061972
"11183",2024,225,0.00800729798473619
"11184",2024,226,0.00781626297215712
"11185",2024,227,0.00729743725947361
"11186",2024,228,0.00683013304182714
"11187",2024,229,0.0065154196478842
"11188",2024,230,0.00624385409255757
"11189",2024,231,0.00625082323319507
"11190",2024,232,0.0045891775019083
"11191",2024,233,0.00332439207098913
"11192",2024,234,0.00321441550351932
"11193",2024,235,0.00196382255111192
"11194",2024,236,0.000941381379947424
"11195",2024,237,0.000913627429234344
"11196",2024,238,0.00091263614071697
"11197",2024,239,0.227040870806145
"11198",2024,240,0.136786271795822
"11199",2024,241,0.0063024463577244
"11200",2024,242,0.00523764566311664
"11201",2024,243,0.00478608803717262
"11202",2024,244,0.00448056321662381
"11203",2024,245,0.00417561032382794
"11204",2024,246,0.00396359861797524
"11205",2024,247,0.00375309129262063
"11206",2024,248,0.155237086215713
"11207",2024,249,0.00323041380170977
"11208",2024,250,0.00305815073949869
"11209",2024,251,0.00295977581341898
"11210",2024,252,0.00162845399030693
"11211",2024,253,0.000658465934696529
"11212",2024,254,0.000643992582233633
"11213",2024,255,0.000633068014789621
"11214",2024,256,0.000620185889080589
"11215",2024,257,0.000572959333258193
"11216",2024,258,0.000551728237258938
"11217",2024,259,0.194944435784089
"11218",2024,260,0.158720897237208
"11219",2024,261,0.202138984297838
"11220",2024,262,0.155897939648211
"11221",2024,263,0.138402725501446
"11222",2024,264,0.122156250830119
"11223",2024,265,0.0825209097528667
"11224",2024,266,0.00291550150057747
"11225",2024,267,0.00278791320112137
"11226",2024,268,0.00278937172437812
"11227",2024,269,0.00286332473730596
"11228",2024,270,0.00276749966384623
"11229",2024,271,0.00249576328460608
"11230",2024,272,0.00238608482830113
"11231",2024,273,0.00236194955597736
"11232",2024,274,0.00122173020735543
"11233",2024,275,0.000304402419587951
"11234",2024,276,0.000318380102138429
"11235",2024,277,0.000278497726896331
"11236",2024,278,0.000300651342019392
"11237",2024,279,0.000267739407069227
"11238",2024,280,0.000253758175339367
"11239",2024,281,0.000252694803660786
"11240",2024,282,0.000248372344416243
"11241",2024,283,0.000240309693288747
"11242",2024,284,0.0002346549852435
"11243",2024,285,0.000218643946100845
"11244",2024,286,0.000213450991641947
"11245",2024,287,0.0001836288505473
"11246",2024,288,0.000186994864725715
"11247",2024,289,0.000169642615761337
"11248",2024,290,0.000190184270791511
"11249",2024,291,0.0961221616763239
"11250",2024,292,0.0555910377149876
"11251",2024,293,0.0625505366412634
"11252",2024,294,0.0630021173633668
"11253",2024,295,0.0591568274156324
"11254",2024,296,0.0520727484144607
"11255",2024,297,0.0496990073775035
"11256",2024,298,0.0159131995486256
"11257",2024,299,0.0053080245175824
"11258",2024,300,0.00440489074574255
"11259",2024,301,0.00352292665743654
"11260",2024,302,0.00300191883568286
"11261",2024,303,0.0656945693203685
"11262",2024,304,0.0473178103410775
"11263",2024,305,0.0500141774139728
"11264",2024,306,0.0372624563937574
"11265",2024,307,0.0406614318037258
"11266",2024,308,0.0387960754985752
"11267",2024,309,0.0592610598189811
"11268",2024,310,0.0333586320025637
"11269",2024,311,0.0267555509105152
"11270",2024,312,0.0282010136201976
"11271",2024,313,0.0546276370943425
"11272",2024,314,0.0564138900716968
"11273",2024,315,0.0367213010001223
"11274",2024,316,0.0359617711759651
"11275",2024,317,0.0336533925242799
"11276",2024,318,0.030614421915673
"11277",2024,319,0.032341164883333
"11278",2024,320,0.0305763255199389
"11279",2024,321,0.0270576652885623
"11280",2024,322,0.027995144282666
"11281",2024,323,0.0264336704779153
"11282",2024,324,0.0216546800362918
"11283",2024,325,0.0216701096833839
"11284",2024,326,0.025435295510733
"11285",2024,327,0.0285869403425849
"11286",2024,328,0.0269730798106978
"11287",2024,329,0.0278900951907013
"11288",2024,330,0.0228773547705521
"11289",2024,331,0.0245938030407213
"11290",2024,332,0.0234557622365825
"11291",2024,333,0.011002589629252
"11292",2024,334,0.0168618051995859
"11293",2024,335,0.0169655116449844
"11294",2024,336,0.0181238323355851
"11295",2024,337,0.0176619751587056
"11296",2024,338,0.023471623259743
"11297",2024,339,0.0213650318314187
"11298",2024,340,0.0214984593552798
"11299",2024,341,0.0222657025139173
"11300",2024,342,0.022434779979796
"11301",2024,343,0.0210027773674577
"11302",2024,344,0.0140241499399813
"11303",2024,345,0.0123432532928197
"11304",2024,346,0.00967894950910932
"11305",2024,347,0.00530252883007864
"11306",2024,348,0.00315763394875265
"11307",2024,349,0.00301392797170496
"11308",2024,350,0.0328025799920037
"11309",2024,351,0.0253204345928084
"11310",2024,352,0.0147436033174518
"11311",2024,353,0.0158313991403769
"11312",2024,354,0.0149608279285373
"11313",2024,355,0.0147810173189402
"11314",2024,356,0.00587929131872674
"11315",2024,357,0.00387916597397726
"11316",2024,358,0.00301375768411033
"11317",2024,359,0.00244686713803234
"11318",2024,360,0.00217803129145074
"11319",2024,361,0.00189797532051601
"11320",2024,362,0.00160921730671932
"11321",2024,363,0.00169029331392926
"11322",2024,364,0.0268288012848448
"11323",2024,365,0.0222101452633874
