"","year","DOY","evapotr_cm"
"1",1994,1,0.0239956156748531
"2",1994,2,0.0206862962305229
"3",1994,3,0.0282082378724717
"4",1994,4,0.0198179040748181
"5",1994,5,0.0136437234632294
"6",1994,6,0.00767365980683965
"7",1994,7,0.0122260236795554
"8",1994,8,0.0133405153848437
"9",1994,9,0.0085856297795234
"10",1994,10,0.0121938144048944
"11",1994,11,0.0141017301811387
"12",1994,12,0.0178670319242561
"13",1994,13,0.0137192041329825
"14",1994,14,0.0132021402377189
"15",1994,15,0.0159580396533154
"16",1994,16,0.0134073946279718
"17",1994,17,0.00993668866275605
"18",1994,18,0.0128781062107969
"19",1994,19,0.0167945670318529
"20",1994,20,0.0206379791426941
"21",1994,21,0.0288435319619569
"22",1994,22,0.0394803901880456
"23",1994,23,0.0405024458900706
"24",1994,24,0.0317511653665363
"25",1994,25,0.0276711754778663
"26",1994,26,0.0274275592898767
"27",1994,27,0.0298360166983936
"28",1994,28,0.0346057779846707
"29",1994,29,0.0357065234855641
"30",1994,30,0.0283838066903878
"31",1994,31,0.0314590751865377
"32",1994,32,0.0325234101537305
"33",1994,33,0.0333964385710326
"34",1994,34,0.0246182586829657
"35",1994,35,0.023932526889211
"36",1994,36,0.035277481035157
"37",1994,37,0.0234858713158655
"38",1994,38,0.0108018050405619
"39",1994,39,0.00816339143571083
"40",1994,40,0.0181266456721557
"41",1994,41,0.0353840219501923
"42",1994,42,0.0353359042890857
"43",1994,43,0.0442504812093108
"44",1994,44,0.0580378204742219
"45",1994,45,0.0613386893658081
"46",1994,46,0.0582894702446221
"47",1994,47,0.0643736831122205
"48",1994,48,0.0718777429783965
"49",1994,49,0.0541101486499396
"50",1994,50,0.034135680291284
"51",1994,51,0.0275744899051652
"52",1994,52,0.024162432654718
"53",1994,53,0.0274442412609884
"54",1994,54,0.0346306827183369
"55",1994,55,0.0234951469376826
"56",1994,56,0.0225151546013151
"57",1994,57,0.0370195108634954
"58",1994,58,0.0506452503243926
"59",1994,59,0.0668007087830235
"60",1994,60,0.039178217652002
"61",1994,61,0.0813181808345105
"62",1994,62,0.0151607600676004
"63",1994,63,0.0118508201458575
"64",1994,64,0.00990100444230314
"65",1994,65,0.00860636315416983
"66",1994,66,0.00754146372463868
"67",1994,67,0.0073181001943423
"68",1994,68,0.00825375936823058
"69",1994,69,0.00976697660814762
"70",1994,70,0.00975103276743134
"71",1994,71,0.010949665683496
"72",1994,72,0.0120185898808028
"73",1994,73,0.0114438417364726
"74",1994,74,0.0111909333072691
"75",1994,75,0.013251030668132
"76",1994,76,0.0124897789277487
"77",1994,77,0.0136502012744551
"78",1994,78,0.0126907318723304
"79",1994,79,0.012844800516914
"80",1994,80,0.0140001780303613
"81",1994,81,0.0126353712937601
"82",1994,82,0.011728730720768
"83",1994,83,0.0123310701540606
"84",1994,84,0.0130161748280072
"85",1994,85,0.0142092899492995
"86",1994,86,0.0144805045701663
"87",1994,87,0.0156256543707685
"88",1994,88,0.0161297097807482
"89",1994,89,0.0182832696396097
"90",1994,90,0.0206279756432606
"91",1994,91,0.0198110216832452
"92",1994,92,0.0198199835194661
"93",1994,93,0.0200723918859915
"94",1994,94,0.0191121534972812
"95",1994,95,0.0181315132745494
"96",1994,96,0.128472036894981
"97",1994,97,0.135959737151122
"98",1994,98,0.123401566792061
"99",1994,99,0.138794348517814
"100",1994,100,0.153016222969855
"101",1994,101,0.159486077793212
"102",1994,102,0.149553279548779
"103",1994,103,0.0320460716293154
"104",1994,104,0.0272709673929023
"105",1994,105,0.0292635879469338
"106",1994,106,0.0354703388500523
"107",1994,107,0.0387021330261748
"108",1994,108,0.0372479575120437
"109",1994,109,0.0375193058927266
"110",1994,110,0.0389993715462545
"111",1994,111,0.0357783903980481
"112",1994,112,0.03527115419116
"113",1994,113,0.0349473089626327
"114",1994,114,0.210625856512814
"115",1994,115,0.172748949072326
"116",1994,116,0.134494685118693
"117",1994,117,0.136978508796833
"118",1994,118,0.144980663661779
"119",1994,119,0.153527879513786
"120",1994,120,0.17540598153929
"121",1994,121,0.196452305993755
"122",1994,122,0.0774515540491548
"123",1994,123,0.0753862198787964
"124",1994,124,0.0721461490070807
"125",1994,125,0.238536656172341
"126",1994,126,0.211267316791389
"127",1994,127,0.212377020091807
"128",1994,128,0.0838611020453966
"129",1994,129,0.0853583113609685
"130",1994,130,0.0855120181641181
"131",1994,131,0.0838790095470255
"132",1994,132,0.0855233412440665
"133",1994,133,0.283438057758877
"134",1994,134,0.226947345014435
"135",1994,135,0.211008349895616
"136",1994,136,0.291618242674824
"137",1994,137,0.284717123231342
"138",1994,138,0.247208403265521
"139",1994,139,0.271912900303886
"140",1994,140,0.289447443048857
"141",1994,141,0.288120341829781
"142",1994,142,0.309755253916181
"143",1994,143,0.322521100582469
"144",1994,144,0.298189096225837
"145",1994,145,0.291527537365382
"146",1994,146,0.300108405418698
"147",1994,147,0.311607302976992
"148",1994,148,0.33467128884489
"149",1994,149,0.295372341271418
"150",1994,150,0.27574998642135
"151",1994,151,0.141264360289511
"152",1994,152,0.333008769587497
"153",1994,153,0.301238944777465
"154",1994,154,0.309154291935449
"155",1994,155,0.365556306724448
"156",1994,156,0.33200954430263
"157",1994,157,0.339452285094415
"158",1994,158,0.343364501768689
"159",1994,159,0.291794808337436
"160",1994,160,0.309092241632345
"161",1994,161,0.317468832356219
"162",1994,162,0.332632360009837
"163",1994,163,0.382943509219448
"164",1994,164,0.380769622570413
"165",1994,165,0.320710307235521
"166",1994,166,0.292310740642596
"167",1994,167,0.31759203663974
"168",1994,168,0.309763345874902
"169",1994,169,0.321299882129346
"170",1994,170,0.189687235079062
"171",1994,171,0.187640377124113
"172",1994,172,0.180475248389657
"173",1994,173,0.152364610694532
"174",1994,174,0.133798111954868
"175",1994,175,0.101025695530133
"176",1994,176,0.0934537411543108
"177",1994,177,0.0766777601626109
"178",1994,178,0.0666691349668966
"179",1994,179,0.0668583182023518
"180",1994,180,0.0635393110011371
"181",1994,181,0.0434392116872733
"182",1994,182,0.035686530343882
"183",1994,183,0.0338423350265734
"184",1994,184,0.0303167339502303
"185",1994,185,0.0282388195381732
"186",1994,186,0.0263820519491327
"187",1994,187,0.301304696027582
"188",1994,188,0.20629118033042
"189",1994,189,0.065662558112935
"190",1994,190,0.0357267829942034
"191",1994,191,0.0318178966293272
"192",1994,192,0.0266721576043764
"193",1994,193,0.0251052782302424
"194",1994,194,0.0157655422863386
"195",1994,195,0.0147407316593946
"196",1994,196,0.0144552340606327
"197",1994,197,0.0133461006793899
"198",1994,198,0.0130609238096642
"199",1994,199,0.012748525695297
"200",1994,200,0.0116217619694104
"201",1994,201,0.0112142413286021
"202",1994,202,0.00848328640423701
"203",1994,203,0.00841363369778784
"204",1994,204,0.00798135299398222
"205",1994,205,0.00807815550088889
"206",1994,206,0.039041136959022
"207",1994,207,0.00917952537000363
"208",1994,208,0.00753090412065286
"209",1994,209,0.0075391194914825
"210",1994,210,0.00726679872206885
"211",1994,211,0.00693324392705104
"212",1994,212,0.00627572697497405
"213",1994,213,0.00541527919552709
"214",1994,214,0.00527492224762839
"215",1994,215,0.00500953421631706
"216",1994,216,0.00486669103715297
"217",1994,217,0.00502148888014772
"218",1994,218,0.00481300242943258
"219",1994,219,0.00440396533554712
"220",1994,220,0.00412944888562908
"221",1994,221,0.0042246824628343
"222",1994,222,0.00428713565163411
"223",1994,223,0.00438938914173669
"224",1994,224,0.00426981064047509
"225",1994,225,0.00400289591283821
"226",1994,226,0.00311846260153907
"227",1994,227,0.00127140943424307
"228",1994,228,0.00121051705395139
"229",1994,229,0.00113267487910484
"230",1994,230,0.00105873798084923
"231",1994,231,0.00106361686242332
"232",1994,232,0.00102690143899762
"233",1994,233,0.00102676430112357
"234",1994,234,0.000998999250374651
"235",1994,235,0.000973926039053336
"236",1994,236,0.000950808116971926
"237",1994,237,0.000940369930007493
"238",1994,238,0.00091958868522335
"239",1994,239,0.000912886345695437
"240",1994,240,0.000893649303160766
"241",1994,241,0.000876773600313537
"242",1994,242,0.0449225614485464
"243",1994,243,0.00929571690322382
"244",1994,244,0.00739151472255712
"245",1994,245,0.00655045277474438
"246",1994,246,0.00602638325016968
"247",1994,247,0.00533172132998041
"248",1994,248,0.00487729571504871
"249",1994,249,0.00466102056145978
"250",1994,250,0.00461254182111504
"251",1994,251,0.00443134178236356
"252",1994,252,0.0040929760941765
"253",1994,253,0.00350168303887218
"254",1994,254,0.00325509657454967
"255",1994,255,0.00311722069317378
"256",1994,256,0.00303683460298402
"257",1994,257,0.00297085008079101
"258",1994,258,0.00273012103560975
"259",1994,259,0.001766055968516
"260",1994,260,0.000597039563153583
"261",1994,261,0.000581541805605757
"262",1994,262,0.000568262049914602
"263",1994,263,0.000502649336375476
"264",1994,264,0.127429306759802
"265",1994,265,0.0432503018316565
"266",1994,266,0.0068886604616675
"267",1994,267,0.00600765138367558
"268",1994,268,0.00503115254689616
"269",1994,269,0.0046222534464152
"270",1994,270,0.00396507945874621
"271",1994,271,0.00365593027402266
"272",1994,272,0.00310747642868473
"273",1994,273,0.00296120950782287
"274",1994,274,0.00277708154738974
"275",1994,275,0.127639497042779
"276",1994,276,0.081032281243571
"277",1994,277,0.0881549904635677
"278",1994,278,0.0933942437602582
"279",1994,279,0.0862632210120121
"280",1994,280,0.0663408148757011
"281",1994,281,0.0172324759542592
"282",1994,282,0.00769096382715248
"283",1994,283,0.00635713367534202
"284",1994,284,0.00480440873458211
"285",1994,285,0.0930584474893819
"286",1994,286,0.0602583808872194
"287",1994,287,0.0602354153551549
"288",1994,288,0.0507693537304688
"289",1994,289,0.0934863281066926
"290",1994,290,0.0664227370460704
"291",1994,291,0.0950705115212776
"292",1994,292,0.0688139668636455
"293",1994,293,0.0707810770677022
"294",1994,294,0.0683416341266381
"295",1994,295,0.0583383159322419
"296",1994,296,0.0511104444381615
"297",1994,297,0.0520207847259358
"298",1994,298,0.0558444958354786
"299",1994,299,0.0629448456623012
"300",1994,300,0.0596704075312496
"301",1994,301,0.048369408010211
"302",1994,302,0.0418728859730567
"303",1994,303,0.0268933011164539
"304",1994,304,0.0063643222448194
"305",1994,305,0.0689927441922462
"306",1994,306,0.0359328513093586
"307",1994,307,0.0325162221616109
"308",1994,308,0.036763542693521
"309",1994,309,0.03761970576311
"310",1994,310,0.0362159079199289
"311",1994,311,0.0374382415520187
"312",1994,312,0.0346648014755659
"313",1994,313,0.0337422917134193
"314",1994,314,0.0367828231014084
"315",1994,315,0.03646156892474
"316",1994,316,0.0338204421698344
"317",1994,317,0.030659539752506
"318",1994,318,0.0243172493720145
"319",1994,319,0.0175626702761432
"320",1994,320,0.00591356691539683
"321",1994,321,0.00341170060951342
"322",1994,322,0.00210616923168932
"323",1994,323,0.00236054069175559
"324",1994,324,0.00275724215305851
"325",1994,325,0.00176021290249787
"326",1994,326,0.00180051118498386
"327",1994,327,0.00218552209841446
"328",1994,328,0.00204819243410143
"329",1994,329,0.00157994821972108
"330",1994,330,0.00125593669770838
"331",1994,331,0.00104680688203537
"332",1994,332,0.00104185163647629
"333",1994,333,0.00110536198470335
"334",1994,334,0.00157511620372667
"335",1994,335,0.00168168256460473
"336",1994,336,0.00141656308250504
"337",1994,337,0.0175913438358816
"338",1994,338,0.00973645128902233
"339",1994,339,0.0104208562785244
"340",1994,340,0.0120866700332327
"341",1994,341,0.0168305451088344
"342",1994,342,0.018480610783908
"343",1994,343,0.01817100385758
"344",1994,344,0.0140933034639428
"345",1994,345,0.0189158500226064
"346",1994,346,0.0195613521647977
"347",1994,347,0.0177361605617506
"348",1994,348,0.0172280225466703
"349",1994,349,0.0186461137676637
"350",1994,350,0.0213494807121312
"351",1994,351,0.0210739434756725
"352",1994,352,0.0291202699199377
"353",1994,353,0.0304945176773003
"354",1994,354,0.0320644813575048
"355",1994,355,0.0341349609185708
"356",1994,356,0.0308945167658653
"357",1994,357,0.0309637613262127
"358",1994,358,0.029818783319248
"359",1994,359,0.0303738164249882
"360",1994,360,0.0294495614291324
"361",1994,361,0.0288527255763461
"362",1994,362,0.028042130768486
"363",1994,363,0.0216810098310717
"364",1994,364,0.0158703525237001
"365",1994,365,0.0134602966540593
"366",1994,366,0.0247248327370053
"367",1995,1,0.0126480131503357
"368",1995,2,0.0140653685808958
"369",1995,3,0.0107749226529768
"370",1995,4,0.0123314735479564
"371",1995,5,0.0123590707717299
"372",1995,6,0.0145187026368647
"373",1995,7,0.0148592134540807
"374",1995,8,0.01647960597312
"375",1995,9,0.022589953793719
"376",1995,10,0.0326533036485687
"377",1995,11,0.0354196785948644
"378",1995,12,0.0312499088697788
"379",1995,13,0.0251623694768706
"380",1995,14,0.0257539860726783
"381",1995,15,0.0258011828068825
"382",1995,16,0.0235417878844207
"383",1995,17,0.0229310415384024
"384",1995,18,0.0286829862737048
"385",1995,19,0.0358167569183164
"386",1995,20,0.0308062223755288
"387",1995,21,0.0270685321298364
"388",1995,22,0.0270483363821573
"389",1995,23,0.0324872382247546
"390",1995,24,0.0207747117394393
"391",1995,25,0.00117217420170108
"392",1995,26,0.00124680360945236
"393",1995,27,0.00113325621980837
"394",1995,28,0.00109902492215835
"395",1995,29,0.0011713676338225
"396",1995,30,0.00155075883591753
"397",1995,31,0.00168195823881592
"398",1995,32,0.00177710289608533
"399",1995,33,0.00162183568644793
"400",1995,34,0.00134993026845028
"401",1995,35,0.00144801016504483
"402",1995,36,0.00127360753905169
"403",1995,37,0.00108431237108329
"404",1995,38,0.000965658001106584
"405",1995,39,0.00116538393398319
"406",1995,40,0.00122220414024601
"407",1995,41,0.000815784809823744
"408",1995,42,0.000509576120161883
"409",1995,43,0.000458742334467209
"410",1995,44,0.000436683885341079
"411",1995,45,0.000517983835574802
"412",1995,46,0.000687137670934379
"413",1995,47,0.00114077957578066
"414",1995,48,0.00132261302563041
"415",1995,49,0.00169899124781478
"416",1995,50,0.00195724043225699
"417",1995,51,0.00203858110969918
"418",1995,52,0.00212185933522638
"419",1995,53,0.00184041733712831
"420",1995,54,0.00130248851554085
"421",1995,55,0.00165858949397891
"422",1995,56,0.00159407488111645
"423",1995,57,0.000505346907267253
"424",1995,58,0.0383306493179625
"425",1995,59,0.0344248011850869
"426",1995,60,0.035142976066066
"427",1995,61,0.0468290900241124
"428",1995,62,0.0185261104467143
"429",1995,63,0.0416934158050187
"430",1995,64,0.0270746676966055
"431",1995,65,0.0270123846538445
"432",1995,66,0.0299114557621353
"433",1995,67,0.048594294465199
"434",1995,68,0.0973771684543728
"435",1995,69,0.0559523751460079
"436",1995,70,0.000602566810645219
"437",1995,71,0.000557203016290292
"438",1995,72,0.00051354433104518
"439",1995,73,0.000553180718663727
"440",1995,74,0.000604272811798773
"441",1995,75,0.000598155630959901
"442",1995,76,0.000567465760978494
"443",1995,77,0.000608390759571951
"444",1995,78,0.000599471930593215
"445",1995,79,0.000592991833906761
"446",1995,80,0.000644076359726396
"447",1995,81,0.120783770392143
"448",1995,82,0.0837634334446851
"449",1995,83,0.121681990082196
"450",1995,84,0.108873541203855
"451",1995,85,0.0949324753110869
"452",1995,86,0.0640102767896837
"453",1995,87,0.095293781908049
"454",1995,88,0.104277155450997
"455",1995,89,0.0792036506174333
"456",1995,90,0.0984659588945934
"457",1995,91,0.0491068202761434
"458",1995,92,0.00582883111871344
"459",1995,93,0.00453492523893304
"460",1995,94,0.00395664236081497
"461",1995,95,0.0040439517555565
"462",1995,96,0.0320785446780036
"463",1995,97,0.0142757857789769
"464",1995,98,0.140525610920343
"465",1995,99,0.0663578605098688
"466",1995,100,0.0940662872870122
"467",1995,101,0.108588929866096
"468",1995,102,0.125551918037536
"469",1995,103,0.138708342995088
"470",1995,104,0.124691839252184
"471",1995,105,0.0150062741857743
"472",1995,106,0.00842566187116226
"473",1995,107,0.00698713044555137
"474",1995,108,0.00603922976379572
"475",1995,109,0.00544810942948681
"476",1995,110,0.00494549529100475
"477",1995,111,0.00468214789657637
"478",1995,112,0.140663697195492
"479",1995,113,0.0776574090438481
"480",1995,114,0.00633836795550756
"481",1995,115,0.00532019337244322
"482",1995,116,0.0048953555635605
"483",1995,117,0.00460706814015311
"484",1995,118,0.00418206190295075
"485",1995,119,0.00416332338964829
"486",1995,120,0.003963927670154
"487",1995,121,0.003742490864815
"488",1995,122,0.00390021717489105
"489",1995,123,0.00347152865858893
"490",1995,124,0.00346894276888548
"491",1995,125,0.0033657684672425
"492",1995,126,0.193959532938142
"493",1995,127,0.220258404010737
"494",1995,128,0.164322118837155
"495",1995,129,0.225191213334076
"496",1995,130,0.183322877184237
"497",1995,131,0.155857781557423
"498",1995,132,0.247619822278189
"499",1995,133,0.197249453248856
"500",1995,134,0.206037178430945
"501",1995,135,0.187539781514443
"502",1995,136,0.0414816541000204
"503",1995,137,0.0299930401497517
"504",1995,138,0.0231301306426728
"505",1995,139,0.0135303872760439
"506",1995,140,0.012486264218982
"507",1995,141,0.0111843626083264
"508",1995,142,0.0101863200170026
"509",1995,143,0.00928779941136017
"510",1995,144,0.00837952913135529
"511",1995,145,0.00816245467262756
"512",1995,146,0.219983412529696
"513",1995,147,0.154541096128152
"514",1995,148,0.0236898156811834
"515",1995,149,0.0135864563483572
"516",1995,150,0.0112968334503059
"517",1995,151,0.0103251617582315
"518",1995,152,0.00910386495026171
"519",1995,153,0.00789830003128632
"520",1995,154,0.360058926665676
"521",1995,155,0.265123663243167
"522",1995,156,0.181547986871493
"523",1995,157,0.357701696608721
"524",1995,158,0.297653047855837
"525",1995,159,0.264552692305929
"526",1995,160,0.282815002523758
"527",1995,161,0.302131686156908
"528",1995,162,0.292186689240826
"529",1995,163,0.14322716670274
"530",1995,164,0.124253058755049
"531",1995,165,0.0253104236186078
"532",1995,166,0.0128664606607115
"533",1995,167,0.0104582180239006
"534",1995,168,0.00953631600034779
"535",1995,169,0.357721782125552
"536",1995,170,0.238314277375301
"537",1995,171,0.160938713152935
"538",1995,172,0.00923669936487271
"539",1995,173,0.325654083996124
"540",1995,174,0.361405861965814
"541",1995,175,0.338229414623348
"542",1995,176,0.348034499391182
"543",1995,177,0.346709343736471
"544",1995,178,0.364891840329892
"545",1995,179,0.336021089800243
"546",1995,180,0.313658967515826
"547",1995,181,0.320196853083695
"548",1995,182,0.337115637550819
"549",1995,183,0.394173694476261
"550",1995,184,0.363343299955446
"551",1995,185,0.347422991453445
"552",1995,186,0.333122806969827
"553",1995,187,0.352784837412889
"554",1995,188,0.361467584577436
"555",1995,189,0.189662993125063
"556",1995,190,0.182756662759561
"557",1995,191,0.427366729912756
"558",1995,192,0.402554165530236
"559",1995,193,0.392602633890073
"560",1995,194,0.374214880006945
"561",1995,195,0.334132876685345
"562",1995,196,0.366904615884476
"563",1995,197,0.335228583741163
"564",1995,198,0.340881079380036
"565",1995,199,0.337746618606512
"566",1995,200,0.165249022554683
"567",1995,201,0.382021778268017
"568",1995,202,0.338258435139003
"569",1995,203,0.299633464049896
"570",1995,204,0.150842487259087
"571",1995,205,0.345600842762802
"572",1995,206,0.226993924319683
"573",1995,207,0.110691852212882
"574",1995,208,0.0909257032029246
"575",1995,209,0.0747701013398355
"576",1995,210,0.274250669464601
"577",1995,211,0.247711808948544
"578",1995,212,0.0543487960654686
"579",1995,213,0.0327067835645682
"580",1995,214,0.027969294282099
"581",1995,215,0.0260186739420528
"582",1995,216,0.0267238008730661
"583",1995,217,0.0205202673693238
"584",1995,218,0.0172805195243825
"585",1995,219,0.0165195305569371
"586",1995,220,0.325833715657904
"587",1995,221,0.236969017281859
"588",1995,222,0.165644441867149
"589",1995,223,0.0172145280983097
"590",1995,224,0.0132788854391206
"591",1995,225,0.0105022995779287
"592",1995,226,0.0096711896311139
"593",1995,227,0.00947021195863396
"594",1995,228,0.00854843036231404
"595",1995,229,0.00791061201521733
"596",1995,230,0.278027477102879
"597",1995,231,0.190981116236044
"598",1995,232,0.143324306325294
"599",1995,233,0.00635802470302624
"600",1995,234,0.00636639335700496
"601",1995,235,0.00585192525042291
"602",1995,236,0.303026280304426
"603",1995,237,0.214995818227268
"604",1995,238,0.163032061585291
"605",1995,239,0.00988767937081684
"606",1995,240,0.00870060136143008
"607",1995,241,0.0078832028099256
"608",1995,242,0.00647897405566305
"609",1995,243,0.00609616295326778
"610",1995,244,0.00596200099573404
"611",1995,245,0.0056527302286459
"612",1995,246,0.00540214819914416
"613",1995,247,0.00503436504218298
"614",1995,248,0.00459662359811261
"615",1995,249,0.00408554709864485
"616",1995,250,0.00376436472039183
"617",1995,251,0.00356210413060857
"618",1995,252,0.00356674088587819
"619",1995,253,0.00333122303826773
"620",1995,254,0.00137679238745079
"621",1995,255,0.00136549975007018
"622",1995,256,0.00109227544844719
"623",1995,257,0.0010032392105443
"624",1995,258,0.000952486782663951
"625",1995,259,0.000854171316742884
"626",1995,260,0.000819595991255353
"627",1995,261,0.128185215568789
"628",1995,262,0.0740022561183476
"629",1995,263,0.00386402625736316
"630",1995,264,0.00353454573034766
"631",1995,265,0.00415428276464623
"632",1995,266,0.00364672306601138
"633",1995,267,0.0035804915101177
"634",1995,268,0.00360184093096058
"635",1995,269,0.00355608593913627
"636",1995,270,0.00340437192234783
"637",1995,271,0.00307304681733307
"638",1995,272,0.00284463804680318
"639",1995,273,0.00264714761111809
"640",1995,274,0.00227365983793468
"641",1995,275,0.00210836817161931
"642",1995,276,0.00200002696627376
"643",1995,277,0.115337985078296
"644",1995,278,0.0838256778994586
"645",1995,279,0.075830730386197
"646",1995,280,0.0754561834525174
"647",1995,281,0.068869680125243
"648",1995,282,0.0266146111979029
"649",1995,283,0.0070837350346697
"650",1995,284,0.00622629792982857
"651",1995,285,0.0990318834914446
"652",1995,286,0.100650060360266
"653",1995,287,0.0804427757962974
"654",1995,288,0.0881372523626794
"655",1995,289,0.0805936510697674
"656",1995,290,0.0721148668738008
"657",1995,291,0.0670816936822962
"658",1995,292,0.0885057202018249
"659",1995,293,0.0614710797643534
"660",1995,294,0.0591412714983445
"661",1995,295,0.0519188109823873
"662",1995,296,0.0476922016591771
"663",1995,297,0.0492745973052946
"664",1995,298,0.0437898268458262
"665",1995,299,0.00718884734808944
"666",1995,300,0.004696427176172
"667",1995,301,0.00351555541859789
"668",1995,302,0.00259887720179405
"669",1995,303,0.00212549009982015
"670",1995,304,0.00182926654631865
"671",1995,305,0.00140794105810575
"672",1995,306,0.00110096070844133
"673",1995,307,0.00129237582517568
"674",1995,308,0.0016595927168208
"675",1995,309,0.0019292043999478
"676",1995,310,0.0368929955483451
"677",1995,311,0.0303367793966304
"678",1995,312,0.0371864374269469
"679",1995,313,0.0351104583329763
"680",1995,314,0.0187532567660792
"681",1995,315,0.0250286896750454
"682",1995,316,0.039966192276373
"683",1995,317,0.0409223970249296
"684",1995,318,0.0534444136279029
"685",1995,319,0.0500537686282955
"686",1995,320,0.0460511545912402
"687",1995,321,0.035109970828648
"688",1995,322,0.0381978292123527
"689",1995,323,0.0309969226564081
"690",1995,324,0.0254033140032625
"691",1995,325,0.0263272226700796
"692",1995,326,0.0489164601373305
"693",1995,327,0.0262622675407151
"694",1995,328,0.0289014060446844
"695",1995,329,0.0281134034001864
"696",1995,330,0.0211192420831429
"697",1995,331,0.0167341332618119
"698",1995,332,0.016734465757596
"699",1995,333,0.0225585010580163
"700",1995,334,0.0254867842275195
"701",1995,335,0.048019409989622
"702",1995,336,0.0266993392545138
"703",1995,337,0.0223815684394843
"704",1995,338,0.0213142724302376
"705",1995,339,0.0143441044992538
"706",1995,340,0.0129501000056294
"707",1995,341,0.00926044495786108
"708",1995,342,0.0054209386407433
"709",1995,343,0.00752416649708436
"710",1995,344,0.00998750459431525
"711",1995,345,0.0115047912112981
"712",1995,346,0.0121702085578579
"713",1995,347,0.0195895541999231
"714",1995,348,0.0168433472346363
"715",1995,349,0.0162434482811463
"716",1995,350,0.0159237409949063
"717",1995,351,0.0126838444508311
"718",1995,352,0.015099734990645
"719",1995,353,0.0172403979067277
"720",1995,354,0.0160643586890943
"721",1995,355,0.0164523172259484
"722",1995,356,0.0152758976072628
"723",1995,357,0.0150939331006831
"724",1995,358,0.0174860266027716
"725",1995,359,0.0196585502449339
"726",1995,360,0.0187923453122261
"727",1995,361,0.0166737174896737
"728",1995,362,0.0154315470860694
"729",1995,363,0.0189844957561178
"730",1995,364,0.0224933337202139
"731",1995,365,0.0226494138484473
"732",1996,1,0.0182749841484294
"733",1996,2,0.0160278853011551
"734",1996,3,0.017925800469943
"735",1996,4,0.0110316132492872
"736",1996,5,0.00812326551914894
"737",1996,6,0.00837563438037506
"738",1996,7,0.019142761301879
"739",1996,8,0.0323040907556973
"740",1996,9,0.030577139356884
"741",1996,10,0.032907406644944
"742",1996,11,0.0372478498421721
"743",1996,12,0.0425975377248364
"744",1996,13,0.0387817540032792
"745",1996,14,0.0215379228557634
"746",1996,15,0.0241349879619791
"747",1996,16,0.0233830195426943
"748",1996,17,0.00969470845457965
"749",1996,18,0.00685474810357809
"750",1996,19,0.00738466678988717
"751",1996,20,0.0109920558348327
"752",1996,21,0.0132577769174162
"753",1996,22,0.014040148936511
"754",1996,23,0.0153717531835943
"755",1996,24,0.0145217852908579
"756",1996,25,0.01234301123918
"757",1996,26,0.0117720753869534
"758",1996,27,0.00950106891440399
"759",1996,28,0.00844736322324358
"760",1996,29,0.00697534215380692
"761",1996,30,0.00788596169932936
"762",1996,31,0.014332802878738
"763",1996,32,0.00921668952967928
"764",1996,33,0.00773266423449418
"765",1996,34,0.00987172855983183
"766",1996,35,0.0154734566243342
"767",1996,36,0.0446828063728104
"768",1996,37,0.0603105947092738
"769",1996,38,0.065340219711739
"770",1996,39,0.0675524611966007
"771",1996,40,0.0678362942718897
"772",1996,41,0.0596692986192414
"773",1996,42,0.0610146754101694
"774",1996,43,0.0665173078032134
"775",1996,44,0.0740347790698259
"776",1996,45,0.071376668704664
"777",1996,46,0.0465606232481565
"778",1996,47,0.0664676396969613
"779",1996,48,0.0693462897773634
"780",1996,49,0.082232748027339
"781",1996,50,0.0874104173600986
"782",1996,51,0.0861840504979325
"783",1996,52,0.0928125263201646
"784",1996,53,0.0807076559796666
"785",1996,54,0.0757826488328556
"786",1996,55,0.0347252915853301
"787",1996,56,0.0463564824701508
"788",1996,57,0.031290340338927
"789",1996,58,0.0304045499456944
"790",1996,59,0.0267481405973091
"791",1996,60,0.0337994247373894
"792",1996,61,0.0607520078299985
"793",1996,62,0.0625449025512465
"794",1996,63,0.0570389897126485
"795",1996,64,0.0415889982417495
"796",1996,65,0.0336193493355965
"797",1996,66,0.0236151834394601
"798",1996,67,0.0242513067785073
"799",1996,68,0.0319926722058658
"800",1996,69,0.0658688278765867
"801",1996,70,0.104758408905875
"802",1996,71,0.112452725176647
"803",1996,72,0.110723581473479
"804",1996,73,0.1050892977819
"805",1996,74,0.10921179735464
"806",1996,75,0.120855599710264
"807",1996,76,0.111520807200391
"808",1996,77,0.106059509148466
"809",1996,78,0.106222362310684
"810",1996,79,0.101267472921847
"811",1996,80,0.112458228783032
"812",1996,81,0.104109312805
"813",1996,82,0.100543281694852
"814",1996,83,0.0825178029627812
"815",1996,84,0.0526687571987489
"816",1996,85,0.0500872509359557
"817",1996,86,0.0807054304194035
"818",1996,87,0.0791635994971917
"819",1996,88,0.0675829643197656
"820",1996,89,0.0808677806744319
"821",1996,90,0.084984542564314
"822",1996,91,0.0956298066505493
"823",1996,92,0.113299528825927
"824",1996,93,0.111705453374263
"825",1996,94,0.117721557490793
"826",1996,95,0.123836279826829
"827",1996,96,0.148389977198776
"828",1996,97,0.177498981145403
"829",1996,98,0.188430462661313
"830",1996,99,0.205709909042682
"831",1996,100,0.178588754336993
"832",1996,101,0.152395842688985
"833",1996,102,0.1558191726769
"834",1996,103,0.130545682471326
"835",1996,104,0.136533082287099
"836",1996,105,0.141186185206031
"837",1996,106,0.156832462673649
"838",1996,107,0.173618394868803
"839",1996,108,0.0347996113553706
"840",1996,109,0.0319904672140405
"841",1996,110,0.0316062969850487
"842",1996,111,0.0289725255151868
"843",1996,112,0.0252294212969569
"844",1996,113,0.0121888395965556
"845",1996,114,0.0101127514527571
"846",1996,115,0.00651281007521142
"847",1996,116,0.0064914774309224
"848",1996,117,0.0062564458914332
"849",1996,118,0.167943770819135
"850",1996,119,0.114444684363216
"851",1996,120,0.00800655525336162
"852",1996,121,0.0292287820748943
"853",1996,122,0.163097400172205
"854",1996,123,0.107498296158502
"855",1996,124,0.199626763743104
"856",1996,125,0.202537415462254
"857",1996,126,0.188835794439324
"858",1996,127,0.200076445827121
"859",1996,128,0.238058762207259
"860",1996,129,0.209750576315883
"861",1996,130,0.167344272947502
"862",1996,131,0.174348312607289
"863",1996,132,0.20303308987795
"864",1996,133,0.212667891237598
"865",1996,134,0.264525749933349
"866",1996,135,0.291845353502212
"867",1996,136,0.294339667388351
"868",1996,137,0.28635638064664
"869",1996,138,0.262120978771262
"870",1996,139,0.268826809275195
"871",1996,140,0.176239432519564
"872",1996,141,0.019511953601654
"873",1996,142,0.0161403581039722
"874",1996,143,0.0144803957799872
"875",1996,144,0.263580954052653
"876",1996,145,0.265453186183517
"877",1996,146,0.255337955522444
"878",1996,147,0.258902424441031
"879",1996,148,0.290690699661313
"880",1996,149,0.260159119999848
"881",1996,150,0.2790973685192
"882",1996,151,0.326474701924761
"883",1996,152,0.293446598306036
"884",1996,153,0.327852191826865
"885",1996,154,0.291508188930972
"886",1996,155,0.215681872499022
"887",1996,156,0.0294402361391927
"888",1996,157,0.0081194110922475
"889",1996,158,0.00798131185592953
"890",1996,159,0.00824063320369037
"891",1996,160,0.00879773348143116
"892",1996,161,0.245393685057543
"893",1996,162,0.0155059811577243
"894",1996,163,0.0134695284775006
"895",1996,164,0.0122231077136607
"896",1996,165,0.0123723094860425
"897",1996,166,0.0118006752017969
"898",1996,167,0.011064996497248
"899",1996,168,0.0112298084159932
"900",1996,169,0.0110943235670941
"901",1996,170,0.00824804524477115
"902",1996,171,0.00786636949380455
"903",1996,172,0.00764495286214452
"904",1996,173,0.00741830520360411
"905",1996,174,0.00595450298604309
"906",1996,175,0.00456515402141938
"907",1996,176,0.00370097337091574
"908",1996,177,0.00377768813210089
"909",1996,178,0.00387290981995669
"910",1996,179,0.236606735728962
"911",1996,180,0.0131412965574249
"912",1996,181,0.0105948335674121
"913",1996,182,0.00914201301373927
"914",1996,183,0.0085297359378334
"915",1996,184,0.00833080541569528
"916",1996,185,0.00808158252811886
"917",1996,186,0.00774178709069735
"918",1996,187,0.00665098015784887
"919",1996,188,0.00559691068545881
"920",1996,189,0.00533449649510613
"921",1996,190,0.00500002128291435
"922",1996,191,0.00518347101850231
"923",1996,192,0.00238217127580667
"924",1996,193,0.00136114724165425
"925",1996,194,0.00132092305664134
"926",1996,195,0.00131966461362719
"927",1996,196,0.00134787886373197
"928",1996,197,0.00144285889900565
"929",1996,198,0.0014760537546666
"930",1996,199,0.00138494781608861
"931",1996,200,0.0463507969119191
"932",1996,201,0.231065223295968
"933",1996,202,0.0148275861301228
"934",1996,203,0.0103180072346661
"935",1996,204,0.00847769154562424
"936",1996,205,0.00750352250546723
"937",1996,206,0.0065906730801914
"938",1996,207,0.0060505886809034
"939",1996,208,0.00541807083324986
"940",1996,209,0.00536630149721149
"941",1996,210,0.00498596831177082
"942",1996,211,0.004535866106625
"943",1996,212,0.00424829458270168
"944",1996,213,0.00422693020510568
"945",1996,214,0.00422069043540864
"946",1996,215,0.00404895417707682
"947",1996,216,0.00102462353985057
"948",1996,217,0.000950840658916435
"949",1996,218,0.000945432207263022
"950",1996,219,0.000944911958799656
"951",1996,220,0.000921512077142814
"952",1996,221,0.000947800883372376
"953",1996,222,0.000981848180998899
"954",1996,223,0.00099917000231537
"955",1996,224,0.00100684911873053
"956",1996,225,0.000978680296748837
"957",1996,226,0.000924889096374607
"958",1996,227,0.000920948250894544
"959",1996,228,0.000919845753613227
"960",1996,229,0.000597759005774422
"961",1996,230,0.361630646653325
"962",1996,231,0.239125476072088
"963",1996,232,0.156666634539498
"964",1996,233,0.0138007492148304
"965",1996,234,0.00938574851979833
"966",1996,235,0.00749741028656447
"967",1996,236,0.00669605980332383
"968",1996,237,0.006065718734662
"969",1996,238,0.00533679812936077
"970",1996,239,0.00496997570165609
"971",1996,240,0.00467507996748284
"972",1996,241,0.00432298264208097
"973",1996,242,0.00399341807899862
"974",1996,243,0.00376458469819364
"975",1996,244,0.00351077276411036
"976",1996,245,0.0030708386497407
"977",1996,246,0.00284144414476019
"978",1996,247,0.00275411391988785
"979",1996,248,0.00104566822321293
"980",1996,249,0.000491373460015356
"981",1996,250,0.000467955244990603
"982",1996,251,0.000466931399144214
"983",1996,252,0.000477297038647416
"984",1996,253,0.00048010988333978
"985",1996,254,0.000456794321486498
"986",1996,255,0.000443507124894645
"987",1996,256,0.000449860741303486
"988",1996,257,0.00046125142331183
"989",1996,258,0.215633128086153
"990",1996,259,0.227660665343835
"991",1996,260,0.17508778026997
"992",1996,261,0.184553877674211
"993",1996,262,0.149303660474817
"994",1996,263,0.158035868161441
"995",1996,264,0.155939115086189
"996",1996,265,0.144105983736001
"997",1996,266,0.157042698893526
"998",1996,267,0.131158502971256
"999",1996,268,0.123754122138985
"1000",1996,269,0.122005753416183
"1001",1996,270,0.138683378675083
"1002",1996,271,0.113367583445369
"1003",1996,272,0.12376868525765
"1004",1996,273,0.0887610425794651
"1005",1996,274,0.038950268823098
"1006",1996,275,0.0310438213681013
"1007",1996,276,0.0281268451737564
"1008",1996,277,0.0329893602226436
"1009",1996,278,0.0366837031276749
"1010",1996,279,0.0326884013557263
"1011",1996,280,0.028921616040913
"1012",1996,281,0.0279987947689937
"1013",1996,282,0.0272703171887095
"1014",1996,283,0.0247711998155181
"1015",1996,284,0.0256979070200364
"1016",1996,285,0.0256664529180047
"1017",1996,286,0.0234075001200076
"1018",1996,287,0.0215072138544914
"1019",1996,288,0.0186934526943929
"1020",1996,289,0.0158231647904256
"1021",1996,290,0.0125574573096507
"1022",1996,291,0.0111739240812131
"1023",1996,292,0.011358004571253
"1024",1996,293,0.0108518410856065
"1025",1996,294,0.0764522400688977
"1026",1996,295,0.0487087536521656
"1027",1996,296,0.0559927718159773
"1028",1996,297,0.0583358695096162
"1029",1996,298,0.0574759620252186
"1030",1996,299,0.052341133290918
"1031",1996,300,0.0410020688651048
"1032",1996,301,0.0462163770883691
"1033",1996,302,0.0568657713606717
"1034",1996,303,0.0361081117223662
"1035",1996,304,0.0154077083687635
"1036",1996,305,0.0097923245809972
"1037",1996,306,0.00967817633111023
"1038",1996,307,0.0102967716265289
"1039",1996,308,0.00974356650394962
"1040",1996,309,0.00820259062387299
"1041",1996,310,0.0068931759815552
"1042",1996,311,0.00606348221128051
"1043",1996,312,0.0432290990046113
"1044",1996,313,0.0435244539653106
"1045",1996,314,0.0336709674846595
"1046",1996,315,0.0276978619857244
"1047",1996,316,0.02421581418819
"1048",1996,317,0.023019852413107
"1049",1996,318,0.0225804041257749
"1050",1996,319,0.0221003395630415
"1051",1996,320,0.0189458137977479
"1052",1996,321,0.0135490274864151
"1053",1996,322,0.0116261198216071
"1054",1996,323,0.0169494626531819
"1055",1996,324,0.0159924278928521
"1056",1996,325,0.0136023763110113
"1057",1996,326,0.00997977203817465
"1058",1996,327,0.0106534978222905
"1059",1996,328,0.0121414290945953
"1060",1996,329,0.0102185537646318
"1061",1996,330,0.012100935827322
"1062",1996,331,0.014762389619776
"1063",1996,332,0.018652169055727
"1064",1996,333,0.0250003400187744
"1065",1996,334,0.0249458599476956
"1066",1996,335,0.0193688170593189
"1067",1996,336,0.0198689920892104
"1068",1996,337,0.0207051414895182
"1069",1996,338,0.0187390048121775
"1070",1996,339,0.0175566399478471
"1071",1996,340,0.0222074232887903
"1072",1996,341,0.0227102944199317
"1073",1996,342,0.0218952646243092
"1074",1996,343,0.0224601895075481
"1075",1996,344,0.0265410875305839
"1076",1996,345,0.0231921595380227
"1077",1996,346,0.0256809485856513
"1078",1996,347,0.0205437783589423
"1079",1996,348,0.0178797337765492
"1080",1996,349,0.0155985934088744
"1081",1996,350,0.0180436679796633
"1082",1996,351,0.0162750625695
"1083",1996,352,0.0110956933258407
"1084",1996,353,0.00970916854745595
"1085",1996,354,0.0142173776599915
"1086",1996,355,0.0195022718892859
"1087",1996,356,0.0135395105539402
"1088",1996,357,0.00817317556187211
"1089",1996,358,0.00633202870827325
"1090",1996,359,0.00547779965679745
"1091",1996,360,0.00500478907333752
"1092",1996,361,0.0057600908037568
"1093",1996,362,0.00667561411691799
"1094",1996,363,0.00692784702542326
"1095",1996,364,0.00591393275802153
"1096",1996,365,0.0132530905081795
"1097",1997,1,0.0351225638386127
"1098",1997,2,0.0351224610615043
"1099",1997,3,0.030874335445209
"1100",1997,4,0.0211985842423016
"1101",1997,5,0.0176593607664372
"1102",1997,6,0.0183711190697415
"1103",1997,7,0.0243377156589183
"1104",1997,8,0.023726526276025
"1105",1997,9,0.0157843396081151
"1106",1997,10,0.00638422537017565
"1107",1997,11,0.00500453342269797
"1108",1997,12,0.00618345318458443
"1109",1997,13,0.00867873583401325
"1110",1997,14,0.0133683293949418
"1111",1997,15,0.015170024638559
"1112",1997,16,0.010863958817224
"1113",1997,17,0.0136802000318954
"1114",1997,18,0.0266445922342105
"1115",1997,19,0.0392459616311122
"1116",1997,20,0.0397238461384426
"1117",1997,21,0.0292495748146605
"1118",1997,22,0.0186631114302504
"1119",1997,23,0.0177913611973127
"1120",1997,24,0.0123143959856705
"1121",1997,25,0.0071730321307182
"1122",1997,26,0.00826803622147205
"1123",1997,27,0.0104297020465488
"1124",1997,28,0.0182485371783452
"1125",1997,29,0.0287777607215085
"1126",1997,30,0.0527152486061608
"1127",1997,31,0.0561573093383479
"1128",1997,32,0.0503824048345184
"1129",1997,33,0.0493571665859627
"1130",1997,34,0.0468716918495926
"1131",1997,35,0.0428183555883286
"1132",1997,36,0.0392370846333454
"1133",1997,37,0.0365197466065941
"1134",1997,38,0.0434659078206532
"1135",1997,39,0.0465212486352195
"1136",1997,40,0.0443776129083986
"1137",1997,41,0.0477027848711784
"1138",1997,42,0.0478470666394541
"1139",1997,43,0.0493654292818888
"1140",1997,44,0.0613113003805333
"1141",1997,45,0.0615676732602544
"1142",1997,46,0.0659482496075737
"1143",1997,47,0.0804578991201384
"1144",1997,48,0.088192639079301
"1145",1997,49,0.0756077665251797
"1146",1997,50,0.087757329472854
"1147",1997,51,0.0781424383344842
"1148",1997,52,0.0752986192473349
"1149",1997,53,0.0613124167833536
"1150",1997,54,0.0512670206805625
"1151",1997,55,0.0699137397235749
"1152",1997,56,0.0823111702347123
"1153",1997,57,0.0705634127258393
"1154",1997,58,0.0632985379585143
"1155",1997,59,0.0557421231962408
"1156",1997,60,0.0610958873005302
"1157",1997,61,0.0756315651281817
"1158",1997,62,0.0598112262978616
"1159",1997,63,0.0520277994926912
"1160",1997,64,0.0576397933308849
"1161",1997,65,0.0533787434361899
"1162",1997,66,0.0783979768450228
"1163",1997,67,0.0746287449448621
"1164",1997,68,0.0685836685764575
"1165",1997,69,0.0212820542144895
"1166",1997,70,0.0981085871469069
"1167",1997,71,0.0565787658511245
"1168",1997,72,0.0354827164437225
"1169",1997,73,0.0267542161804645
"1170",1997,74,0.0251741134322312
"1171",1997,75,0.0164024216490153
"1172",1997,76,0.0929978923136292
"1173",1997,77,0.108911570635945
"1174",1997,78,0.15046259993471
"1175",1997,79,0.0738330595088503
"1176",1997,80,0.0153987626255146
"1177",1997,81,0.0135749900695037
"1178",1997,82,0.0130226323821486
"1179",1997,83,0.0123480543692403
"1180",1997,84,0.0129842063567703
"1181",1997,85,0.0157418893058158
"1182",1997,86,0.145396635535864
"1183",1997,87,0.102414529614605
"1184",1997,88,0.106379005804435
"1185",1997,89,0.110838538228622
"1186",1997,90,0.0193247328236664
"1187",1997,91,0.133541325319298
"1188",1997,92,0.100888453234774
"1189",1997,93,0.0186091421710998
"1190",1997,94,0.140056042339667
"1191",1997,95,0.0883319348207289
"1192",1997,96,0.0800417194822042
"1193",1997,97,0.0745943423796586
"1194",1997,98,0.0744515032130044
"1195",1997,99,0.0781072983805021
"1196",1997,100,0.0785985781963798
"1197",1997,101,0.0628767540645943
"1198",1997,102,0.0134023018178339
"1199",1997,103,0.0154572609883218
"1200",1997,104,0.0171266153561358
"1201",1997,105,0.0161823966290905
"1202",1997,106,0.0192827303993351
"1203",1997,107,0.0213107752632577
"1204",1997,108,0.0204577023876928
"1205",1997,109,0.020942583818157
"1206",1997,110,0.197840953998786
"1207",1997,111,0.191294402272002
"1208",1997,112,0.155686452206462
"1209",1997,113,0.15094690595094
"1210",1997,114,0.152043782406021
"1211",1997,115,0.136467128086484
"1212",1997,116,0.0249214992681154
"1213",1997,117,0.0239858475037476
"1214",1997,118,0.0170353643926715
"1215",1997,119,0.0137445303732183
"1216",1997,120,0.0138757542376558
"1217",1997,121,0.0130881203018333
"1218",1997,122,0.0123868496981492
"1219",1997,123,0.0121889881356139
"1220",1997,124,0.00978055933113016
"1221",1997,125,0.00904141186678027
"1222",1997,126,0.00937351196586673
"1223",1997,127,0.132160735093335
"1224",1997,128,0.00901178821208763
"1225",1997,129,0.00879250345835789
"1226",1997,130,0.0082889169155435
"1227",1997,131,0.00779244408337344
"1228",1997,132,0.00802500678576859
"1229",1997,133,0.00745959343413094
"1230",1997,134,0.00560995677034313
"1231",1997,135,0.00579506628240867
"1232",1997,136,0.00526629215503862
"1233",1997,137,0.004423310893382
"1234",1997,138,0.00418216252204033
"1235",1997,139,0.00394343607622529
"1236",1997,140,0.00414930404762405
"1237",1997,141,0.00419667898475289
"1238",1997,142,0.213612972928228
"1239",1997,143,0.242257768655042
"1240",1997,144,0.289518283463419
"1241",1997,145,0.281615190404023
"1242",1997,146,0.289809349658051
"1243",1997,147,0.26801792235641
"1244",1997,148,0.272940664605506
"1245",1997,149,0.276319548869983
"1246",1997,150,0.307281832119247
"1247",1997,151,0.316709287053262
"1248",1997,152,0.167867231106023
"1249",1997,153,0.157252148981701
"1250",1997,154,0.162003401193227
"1251",1997,155,0.175965461237559
"1252",1997,156,0.179153985307059
"1253",1997,157,0.386669198613061
"1254",1997,158,0.3820487224957
"1255",1997,159,0.384929203159871
"1256",1997,160,0.372028390124245
"1257",1997,161,0.383286574728238
"1258",1997,162,0.361383910588697
"1259",1997,163,0.363056362841216
"1260",1997,164,0.355902023923325
"1261",1997,165,0.203905166167795
"1262",1997,166,0.196838745587306
"1263",1997,167,0.195993450991926
"1264",1997,168,0.188264213830332
"1265",1997,169,0.171218831148398
"1266",1997,170,0.133979874953245
"1267",1997,171,0.110526464085328
"1268",1997,172,0.0862120690812186
"1269",1997,173,0.083625386456146
"1270",1997,174,0.0710963123481029
"1271",1997,175,0.227427491196657
"1272",1997,176,0.055280811410073
"1273",1997,177,0.0517817168102524
"1274",1997,178,0.0327352471870193
"1275",1997,179,0.0308252801729614
"1276",1997,180,0.38887703792816
"1277",1997,181,0.354293766282445
"1278",1997,182,0.32566046192803
"1279",1997,183,0.303711083756286
"1280",1997,184,0.324218823938924
"1281",1997,185,0.344173265012342
"1282",1997,186,0.337047730947311
"1283",1997,187,0.191202976713084
"1284",1997,188,0.180739323101855
"1285",1997,189,0.182824773716368
"1286",1997,190,0.188487964516904
"1287",1997,191,0.403596207116947
"1288",1997,192,0.302615696011391
"1289",1997,193,0.13129633554058
"1290",1997,194,0.124654719204396
"1291",1997,195,0.100700498722359
"1292",1997,196,0.0842389768396575
"1293",1997,197,0.0718756276076725
"1294",1997,198,0.399526927820108
"1295",1997,199,0.390026889811315
"1296",1997,200,0.364100646737297
"1297",1997,201,0.38480069092928
"1298",1997,202,0.358085549843457
"1299",1997,203,0.384396174374873
"1300",1997,204,0.36622169639086
"1301",1997,205,0.176484948522679
"1302",1997,206,0.367192387753591
"1303",1997,207,0.13534097529943
"1304",1997,208,0.0906261110385245
"1305",1997,209,0.0470104162212854
"1306",1997,210,0.0250924386464973
"1307",1997,211,0.0249244404664986
"1308",1997,212,0.0244436902310394
"1309",1997,213,0.0238713635767238
"1310",1997,214,0.0185880578414469
"1311",1997,215,0.0121182559884943
"1312",1997,216,0.0124323367429785
"1313",1997,217,0.0121183967071033
"1314",1997,218,0.0114883071419282
"1315",1997,219,0.0114192148963102
"1316",1997,220,0.0102624015530136
"1317",1997,221,0.00927519893643996
"1318",1997,222,0.00902735014609275
"1319",1997,223,0.00902281569631695
"1320",1997,224,0.00777461340100995
"1321",1997,225,0.00489870028743141
"1322",1997,226,0.296534484558265
"1323",1997,227,0.337991281011671
"1324",1997,228,0.326959850028053
"1325",1997,229,0.286809010085524
"1326",1997,230,0.308905379758977
"1327",1997,231,0.302997314600029
"1328",1997,232,0.223266261439213
"1329",1997,233,0.109678895906809
"1330",1997,234,0.0631662527667504
"1331",1997,235,0.0257530683298194
"1332",1997,236,0.0081735589881918
"1333",1997,237,0.00742956348287526
"1334",1997,238,0.00737188751604514
"1335",1997,239,0.00728232117772639
"1336",1997,240,0.324597758051935
"1337",1997,241,0.283006110139421
"1338",1997,242,0.261126810303441
"1339",1997,243,0.222685367295334
"1340",1997,244,0.0237216291157576
"1341",1997,245,0.0224159145012233
"1342",1997,246,0.00699743621472983
"1343",1997,247,0.00671584705356879
"1344",1997,248,0.00610144396460414
"1345",1997,249,0.0059783974221429
"1346",1997,250,0.00552813100906191
"1347",1997,251,0.00513967358238965
"1348",1997,252,0.00495842168338838
"1349",1997,253,0.00334804792792172
"1350",1997,254,0.00282082842678502
"1351",1997,255,0.235476347493789
"1352",1997,256,0.173619167545644
"1353",1997,257,0.14795478853244
"1354",1997,258,0.122317461007347
"1355",1997,259,0.00666232288479213
"1356",1997,260,0.0060821719474727
"1357",1997,261,0.00515664929725627
"1358",1997,262,0.00422235126759822
"1359",1997,263,0.00432732950258096
"1360",1997,264,0.00426870077594295
"1361",1997,265,0.00425259205816915
"1362",1997,266,0.0042087630528301
"1363",1997,267,0.00417882390440166
"1364",1997,268,0.00404221898724908
"1365",1997,269,0.00375889383971304
"1366",1997,270,0.00311387361173506
"1367",1997,271,0.00304064673212593
"1368",1997,272,0.00295593965233987
"1369",1997,273,0.0029729359190843
"1370",1997,274,0.00281334055704077
"1371",1997,275,0.00108908350367641
"1372",1997,276,0.000891776437339191
"1373",1997,277,0.000837319344980699
"1374",1997,278,0.000759500233340419
"1375",1997,279,0.000684919852469938
"1376",1997,280,0.000647868763838677
"1377",1997,281,0.000492154382939179
"1378",1997,282,0.000484812746062841
"1379",1997,283,0.000526494236016564
"1380",1997,284,0.105503263787933
"1381",1997,285,0.0957671721560927
"1382",1997,286,0.0909462445646911
"1383",1997,287,0.0771219217280608
"1384",1997,288,0.0822079468506232
"1385",1997,289,0.09458665099793
"1386",1997,290,0.0889214601373804
"1387",1997,291,0.0696900538493074
"1388",1997,292,0.063446000708861
"1389",1997,293,0.0614648811952553
"1390",1997,294,0.0611516226535724
"1391",1997,295,0.061528435149265
"1392",1997,296,0.0526507061361935
"1393",1997,297,0.0430847489280294
"1394",1997,298,0.041856917430553
"1395",1997,299,0.0194324580575429
"1396",1997,300,0.015568879904746
"1397",1997,301,0.0125058441713513
"1398",1997,302,0.0134186339460135
"1399",1997,303,0.0127083855975696
"1400",1997,304,0.0121721868038158
"1401",1997,305,0.0103789523149061
"1402",1997,306,0.00900996372405887
"1403",1997,307,0.00909421031496431
"1404",1997,308,0.00868421549373527
"1405",1997,309,0.00863853314245197
"1406",1997,310,0.00971935246670093
"1407",1997,311,0.00735993554845486
"1408",1997,312,0.00575279970012185
"1409",1997,313,0.00436772084395489
"1410",1997,314,0.00379183797301242
"1411",1997,315,0.00352192245067421
"1412",1997,316,0.00424079203233401
"1413",1997,317,0.00303531380051364
"1414",1997,318,0.00142344404832377
"1415",1997,319,0.00156453618549741
"1416",1997,320,0.00177968086554856
"1417",1997,321,0.0016472731984386
"1418",1997,322,0.00207804711776992
"1419",1997,323,0.00171130133261064
"1420",1997,324,0.00144751126019745
"1421",1997,325,0.0014200285562323
"1422",1997,326,0.00148063394284919
"1423",1997,327,0.00145086477414861
"1424",1997,328,0.00188752702276356
"1425",1997,329,0.00154276365930191
"1426",1997,330,0.00140904949661669
"1427",1997,331,0.00142146744543705
"1428",1997,332,0.00165040125716776
"1429",1997,333,0.00141357986740724
"1430",1997,334,0.00130286631573973
"1431",1997,335,0.00115895743992929
"1432",1997,336,0.000848344461202458
"1433",1997,337,0.00076218058585902
"1434",1997,338,0.000529278362791314
"1435",1997,339,0.000497008668335241
"1436",1997,340,0.000546584824649697
"1437",1997,341,0.000495199183441522
"1438",1997,342,0.000459588327770609
"1439",1997,343,0.000516553874069259
"1440",1997,344,0.000567164788126268
"1441",1997,345,0.000548266049354093
"1442",1997,346,0.000679359570042606
"1443",1997,347,0.000740160340960539
"1444",1997,348,0.000831807730603514
"1445",1997,349,0.000587013035377141
"1446",1997,350,0.000557778592092566
"1447",1997,351,0.000652460184930161
"1448",1997,352,0.000437429141947485
"1449",1997,353,0.000363928378257286
"1450",1997,354,0.000445727952043948
"1451",1997,355,0.000451733298925196
"1452",1997,356,0.000388875322105404
"1453",1997,357,0.000413559300031937
"1454",1997,358,0.000402909105646537
"1455",1997,359,0.000398484334069752
"1456",1997,360,0.000447634992127414
"1457",1997,361,0.000509912505216217
"1458",1997,362,0.000493562174421488
"1459",1997,363,0.000583183240229096
"1460",1997,364,0.000526943615112308
"1461",1997,365,0.000569777744473227
"1462",1998,1,0.000518326781797759
"1463",1998,2,0.000227295924297934
"1464",1998,3,0.000158994645745301
"1465",1998,4,0.000237344957024353
"1466",1998,5,0.000282543312564115
"1467",1998,6,0.000428174923312093
"1468",1998,7,0.000321076169051401
"1469",1998,8,0.0101517957898597
"1470",1998,9,0.00752095444340301
"1471",1998,10,0.00545971889973943
"1472",1998,11,0.0052888767336307
"1473",1998,12,0.00608913491197621
"1474",1998,13,0.0118607360683467
"1475",1998,14,0.0196295937914535
"1476",1998,15,0.026900558516779
"1477",1998,16,0.0190647467728703
"1478",1998,17,0.0211355766447459
"1479",1998,18,0.0247382513222097
"1480",1998,19,0.0247367693815386
"1481",1998,20,0.0246622343211958
"1482",1998,21,0.0236486277205693
"1483",1998,22,0.0238804649652212
"1484",1998,23,0.0236680443857435
"1485",1998,24,0.0407143122574596
"1486",1998,25,0.0413115455498007
"1487",1998,26,0.0466512109197132
"1488",1998,27,0.045594942733894
"1489",1998,28,0.0473837426127048
"1490",1998,29,0.0510954858438028
"1491",1998,30,0.0533506168003612
"1492",1998,31,0.0532231469389911
"1493",1998,32,0.041988999752819
"1494",1998,33,0.043415225833366
"1495",1998,34,0.0177788911982577
"1496",1998,35,0.000258207082460435
"1497",1998,36,0.000228806112266706
"1498",1998,37,0.00026664256493243
"1499",1998,38,0.000305080035514695
"1500",1998,39,0.0521725439057887
"1501",1998,40,0.0587199718620173
"1502",1998,41,0.0283544291298123
"1503",1998,42,0.000324594520955097
"1504",1998,43,0.000353919356550914
"1505",1998,44,0.000392003707383029
"1506",1998,45,0.000372244013425439
"1507",1998,46,0.000372606801826006
"1508",1998,47,0.000845323290408218
"1509",1998,48,0.000858198546573662
"1510",1998,49,0.000898236246763253
"1511",1998,50,0.00122860654781756
"1512",1998,51,0.00153335940641357
"1513",1998,52,0.00185575392914637
"1514",1998,53,0.00205449882421132
"1515",1998,54,0.0021343518784121
"1516",1998,55,0.00223629126327212
"1517",1998,56,0.00234390544950181
"1518",1998,57,0.00235564803726894
"1519",1998,58,0.00248081775930994
"1520",1998,59,0.00267864977131968
"1521",1998,60,0.00285439804518911
"1522",1998,61,0.00298856473379717
"1523",1998,62,0.00275409773820189
"1524",1998,63,0.00243643936392395
"1525",1998,64,0.00287781513736248
"1526",1998,65,0.00336901992827883
"1527",1998,66,0.00355960992264797
"1528",1998,67,0.00297950305055553
"1529",1998,68,0.0449124751246927
"1530",1998,69,0.0379972747622108
"1531",1998,70,0.0130102502628741
"1532",1998,71,0.00647150676933131
"1533",1998,72,0.00637454502846552
"1534",1998,73,0.00619181290911029
"1535",1998,74,0.00683394161929193
"1536",1998,75,0.00834915115882388
"1537",1998,76,0.100798343737753
"1538",1998,77,0.0715341895120437
"1539",1998,78,0.0808245914716178
"1540",1998,79,0.0900636861475781
"1541",1998,80,0.0928804562479305
"1542",1998,81,0.112991168793563
"1543",1998,82,0.115683669043493
"1544",1998,83,0.142285147154067
"1545",1998,84,0.121398497057891
"1546",1998,85,0.121585396492026
"1547",1998,86,0.113942283426737
"1548",1998,87,0.122584172485352
"1549",1998,88,0.104763092878105
"1550",1998,89,0.110043940046585
"1551",1998,90,0.119775474908104
"1552",1998,91,0.0483932213949299
"1553",1998,92,0.0305682826578374
"1554",1998,93,0.0305018125743865
"1555",1998,94,0.0295884472970568
"1556",1998,95,0.0282819066348003
"1557",1998,96,0.15199789053195
"1558",1998,97,0.123843627630606
"1559",1998,98,0.136196047494891
"1560",1998,99,0.0520435563781757
"1561",1998,100,0.0349786595448686
"1562",1998,101,0.0379847670152081
"1563",1998,102,0.0353723283178227
"1564",1998,103,0.0326904727004556
"1565",1998,104,0.0309542757476845
"1566",1998,105,0.0308473720648829
"1567",1998,106,0.033808610393577
"1568",1998,107,0.035697131597712
"1569",1998,108,0.0333697929979889
"1570",1998,109,0.0312196220760734
"1571",1998,110,0.037751049522645
"1572",1998,111,0.0418438256713517
"1573",1998,112,0.0465449145299909
"1574",1998,113,0.0495290115432765
"1575",1998,114,0.0454077887236386
"1576",1998,115,0.20079411990603
"1577",1998,116,0.183172616493624
"1578",1998,117,0.202624999533941
"1579",1998,118,0.221670424924519
"1580",1998,119,0.236560985953249
"1581",1998,120,0.222586263581608
"1582",1998,121,0.070929676003643
"1583",1998,122,0.0741025002016913
"1584",1998,123,0.0863037841698534
"1585",1998,124,0.0823794344292798
"1586",1998,125,0.0849958931923422
"1587",1998,126,0.0749196538454314
"1588",1998,127,0.073777605447578
"1589",1998,128,0.0740427515254619
"1590",1998,129,0.0799171041589691
"1591",1998,130,0.0815308201580832
"1592",1998,131,0.0881280219195777
"1593",1998,132,0.0928454498979131
"1594",1998,133,0.0929130781415265
"1595",1998,134,0.256007477871748
"1596",1998,135,0.0884190378208789
"1597",1998,136,0.0887107382849236
"1598",1998,137,0.0772862193976681
"1599",1998,138,0.0693854873669108
"1600",1998,139,0.0706729921666221
"1601",1998,140,0.0626287981061836
"1602",1998,141,0.295965348658744
"1603",1998,142,0.245032465076573
"1604",1998,143,0.202792762316458
"1605",1998,144,0.0474120888019663
"1606",1998,145,0.0433767114568376
"1607",1998,146,0.0462503151770523
"1608",1998,147,0.0431050272320304
"1609",1998,148,0.0308347543601169
"1610",1998,149,0.0236325678252624
"1611",1998,150,0.29530586031756
"1612",1998,151,0.24101807582547
"1613",1998,152,0.187882260935703
"1614",1998,153,0.0343288015498258
"1615",1998,154,0.0272340081656139
"1616",1998,155,0.0254041686720584
"1617",1998,156,0.0242199771785905
"1618",1998,157,0.0236323290072322
"1619",1998,158,0.301872504953612
"1620",1998,159,0.306203168833729
"1621",1998,160,0.299615995536087
"1622",1998,161,0.328694070032276
"1623",1998,162,0.34084402921651
"1624",1998,163,0.384509046515309
"1625",1998,164,0.372155117725049
"1626",1998,165,0.356644414384232
"1627",1998,166,0.357369812565509
"1628",1998,167,0.344042594225143
"1629",1998,168,0.356223941533641
"1630",1998,169,0.329769970007515
"1631",1998,170,0.333283128417879
"1632",1998,171,0.348196621333036
"1633",1998,172,0.334106856675285
"1634",1998,173,0.364552458338106
"1635",1998,174,0.363122556818062
"1636",1998,175,0.239181968497527
"1637",1998,176,0.197543564332576
"1638",1998,177,0.370389606554154
"1639",1998,178,0.338487926352519
"1640",1998,179,0.342382200571903
"1641",1998,180,0.341476327750685
"1642",1998,181,0.365680192171757
"1643",1998,182,0.408864978131538
"1644",1998,183,0.367072372060105
"1645",1998,184,0.36388213203031
"1646",1998,185,0.400869016826979
"1647",1998,186,0.378266325182998
"1648",1998,187,0.39346943787651
"1649",1998,188,0.380386014606312
"1650",1998,189,0.394919809007276
"1651",1998,190,0.430404481814453
"1652",1998,191,0.406551588866952
"1653",1998,192,0.414376115149123
"1654",1998,193,0.367742456357508
"1655",1998,194,0.376628486678009
"1656",1998,195,0.355105133827124
"1657",1998,196,0.178783201114613
"1658",1998,197,0.189171721346794
"1659",1998,198,0.197529429376127
"1660",1998,199,0.196527897478674
"1661",1998,200,0.195801682602265
"1662",1998,201,0.184901010839605
"1663",1998,202,0.170642924483109
"1664",1998,203,0.173266769759579
"1665",1998,204,0.178673963829762
"1666",1998,205,0.185679451078457
"1667",1998,206,0.189506678135996
"1668",1998,207,0.193712221343171
"1669",1998,208,0.198676140185643
"1670",1998,209,0.184751228259857
"1671",1998,210,0.16314605606494
"1672",1998,211,0.170669039071989
"1673",1998,212,0.174265438624313
"1674",1998,213,0.143479151829049
"1675",1998,214,0.11807254248722
"1676",1998,215,0.371544905364521
"1677",1998,216,0.360043739299378
"1678",1998,217,0.363271185505815
"1679",1998,218,0.164725344547651
"1680",1998,219,0.269549843820356
"1681",1998,220,0.0747350797289421
"1682",1998,221,0.0700458684993396
"1683",1998,222,0.0668268293483323
"1684",1998,223,0.0656500059447154
"1685",1998,224,0.0511088157656123
"1686",1998,225,0.036164730873862
"1687",1998,226,0.0330149566482593
"1688",1998,227,0.0329922435779707
"1689",1998,228,0.0302514547838764
"1690",1998,229,0.029544488697307
"1691",1998,230,0.0269127631842497
"1692",1998,231,0.0252424095839206
"1693",1998,232,0.0255721602750746
"1694",1998,233,0.0240545273831515
"1695",1998,234,0.0226867285467344
"1696",1998,235,0.0210542734596624
"1697",1998,236,0.0190024680416305
"1698",1998,237,0.0184167892831004
"1699",1998,238,0.0158666103711858
"1700",1998,239,0.00900145665546985
"1701",1998,240,0.0088394295271781
"1702",1998,241,0.00868566066113892
"1703",1998,242,0.00846334542949616
"1704",1998,243,0.00731577663398102
"1705",1998,244,0.00705835043167529
"1706",1998,245,0.0070607998804237
"1707",1998,246,0.00681685043366029
"1708",1998,247,0.00656438741503973
"1709",1998,248,0.00616529121867879
"1710",1998,249,0.00595461678623502
"1711",1998,250,0.00590487108625691
"1712",1998,251,0.249046683346272
"1713",1998,252,0.176711487892478
"1714",1998,253,0.0250938479967284
"1715",1998,254,0.0142671384832241
"1716",1998,255,0.0115464068864071
"1717",1998,256,0.0104334926895842
"1718",1998,257,0.00919250642363195
"1719",1998,258,0.00927869581752144
"1720",1998,259,0.00874938584617016
"1721",1998,260,0.0080942114552151
"1722",1998,261,0.211039271028499
"1723",1998,262,0.149002121036518
"1724",1998,263,0.116420014378131
"1725",1998,264,0.112658013916647
"1726",1998,265,0.098295160786281
"1727",1998,266,0.00650663859223682
"1728",1998,267,0.00621497884290905
"1729",1998,268,0.00567813129746826
"1730",1998,269,0.00503393195370037
"1731",1998,270,0.00503391235030535
"1732",1998,271,0.0049129659671243
"1733",1998,272,0.00435525306004378
"1734",1998,273,0.00393350548850843
"1735",1998,274,0.00382472348371001
"1736",1998,275,0.00352555418354656
"1737",1998,276,0.00311303949530466
"1738",1998,277,0.00298524373297691
"1739",1998,278,0.0028156056114002
"1740",1998,279,0.0028426796112218
"1741",1998,280,0.00309247953602411
"1742",1998,281,0.00312245893072933
"1743",1998,282,0.00269885403667017
"1744",1998,283,0.111302520082793
"1745",1998,284,0.0746604101361973
"1746",1998,285,0.0717984315454393
"1747",1998,286,0.0754519058106584
"1748",1998,287,0.0804626239126453
"1749",1998,288,0.0955871695161117
"1750",1998,289,0.0931952551890637
"1751",1998,290,0.0726815825159191
"1752",1998,291,0.0653982764185566
"1753",1998,292,0.0661376922922279
"1754",1998,293,0.0696616712113487
"1755",1998,294,0.0731275422190762
"1756",1998,295,0.0748629016476414
"1757",1998,296,0.0757080993586978
"1758",1998,297,0.0692293858659357
"1759",1998,298,0.0648013978647781
"1760",1998,299,0.0661363392724396
"1761",1998,300,0.0624883192244195
"1762",1998,301,0.083432557031192
"1763",1998,302,0.051197081834207
"1764",1998,303,0.0507233712984276
"1765",1998,304,0.048753910444902
"1766",1998,305,0.0493139370167083
"1767",1998,306,0.0697679567202107
"1768",1998,307,0.0657796025120928
"1769",1998,308,0.0631410338280975
"1770",1998,309,0.0371714722685196
"1771",1998,310,0.0316788723251292
"1772",1998,311,0.0295672242608991
"1773",1998,312,0.0292548864806426
"1774",1998,313,0.0345932483372008
"1775",1998,314,0.0322968482186157
"1776",1998,315,0.0326415599308033
"1777",1998,316,0.036021622449448
"1778",1998,317,0.0378850164897491
"1779",1998,318,0.0329586083198156
"1780",1998,319,0.0372471657123714
"1781",1998,320,0.0323830436262532
"1782",1998,321,0.0281660924108062
"1783",1998,322,0.0274513200789529
"1784",1998,323,0.0251774150452879
"1785",1998,324,0.0342804999237949
"1786",1998,325,0.0222663149351161
"1787",1998,326,0.0321004565297453
"1788",1998,327,0.0276368058077875
"1789",1998,328,0.0299610731152501
"1790",1998,329,0.0306912455059148
"1791",1998,330,0.036989561924155
"1792",1998,331,0.0300318487883123
"1793",1998,332,0.0275070282528577
"1794",1998,333,0.0434942197882026
"1795",1998,334,0.0311259904257665
"1796",1998,335,0.0292669464963188
"1797",1998,336,0.0285882481598289
"1798",1998,337,0.0262745304273249
"1799",1998,338,0.0251359280636328
"1800",1998,339,0.0198842999242913
"1801",1998,340,0.0189232452311212
"1802",1998,341,0.0198546699549688
"1803",1998,342,0.0226375643718511
"1804",1998,343,0.0209913948047473
"1805",1998,344,0.0226612173753643
"1806",1998,345,0.0284026313528976
"1807",1998,346,0.0308411460040991
"1808",1998,347,0.0334884126089981
"1809",1998,348,0.0319552868853892
"1810",1998,349,0.0258420151069774
"1811",1998,350,0.0279574762780923
"1812",1998,351,0.033031934448993
"1813",1998,352,0.0149635267791866
"1814",1998,353,0.00842186878039503
"1815",1998,354,0.00659609183569384
"1816",1998,355,0.00716780248624181
"1817",1998,356,0.0105327568679887
"1818",1998,357,0.0104544027447397
"1819",1998,358,0.0125422432943559
"1820",1998,359,0.0128602691878466
"1821",1998,360,0.0163511423636727
"1822",1998,361,0.0192645601109025
"1823",1998,362,0.0164767590555391
"1824",1998,363,0.0129772871706622
"1825",1998,364,0.0131014491181517
"1826",1998,365,0.0129488069788742
"1827",1998,366,0.0176441094667818
"1828",1999,1,0.0136288049036435
"1829",1999,2,0.00975723852084809
"1830",1999,3,0.0101814331576646
"1831",1999,4,0.0165599711875154
"1832",1999,5,0.0217068268054765
"1833",1999,6,0.0127289854689386
"1834",1999,7,0.0130028012417763
"1835",1999,8,0.0113539315188779
"1836",1999,9,0.0181233843017134
"1837",1999,10,0.0200104135047829
"1838",1999,11,0.0272348870325892
"1839",1999,12,0.0196732471195007
"1840",1999,13,0.0262210303492223
"1841",1999,14,0.0345477203303848
"1842",1999,15,0.0366550903676851
"1843",1999,16,0.0291640065934657
"1844",1999,17,0.029350072468374
"1845",1999,18,0.0321863162440366
"1846",1999,19,0.0387016285706023
"1847",1999,20,0.0361308329198974
"1848",1999,21,0.0276237685641216
"1849",1999,22,0.030404259962709
"1850",1999,23,0.0202287661786574
"1851",1999,24,0.0149527577097408
"1852",1999,25,0.0253579203853428
"1853",1999,26,0.0256383604401635
"1854",1999,27,0.0323742469514882
"1855",1999,28,0.042955243222263
"1856",1999,29,0.0488709306167076
"1857",1999,30,0.0496328623429695
"1858",1999,31,0.0435976795650906
"1859",1999,32,0.0445907198767902
"1860",1999,33,0.0530827225476218
"1861",1999,34,0.0522160284696966
"1862",1999,35,0.0101479144291762
"1863",1999,36,0.0429301470510295
"1864",1999,37,0.0473635095389706
"1865",1999,38,0.0528709987507203
"1866",1999,39,0.0493634526769687
"1867",1999,40,0.0443283556842485
"1868",1999,41,0.0450748793453616
"1869",1999,42,0.0310528155949025
"1870",1999,43,0.0406319358218697
"1871",1999,44,0.0550686444607372
"1872",1999,45,0.0460674228932221
"1873",1999,46,0.00953383969445512
"1874",1999,47,0.00664710172804596
"1875",1999,48,0.00562602298154962
"1876",1999,49,0.00568101925546654
"1877",1999,50,0.00515771133909297
"1878",1999,51,0.00496509220345975
"1879",1999,52,0.064062529445779
"1880",1999,53,0.0729485988898962
"1881",1999,54,0.0305191586272944
"1882",1999,55,0.00693253215898296
"1883",1999,56,0.00736768882908608
"1884",1999,57,0.00609540790022303
"1885",1999,58,0.00622924472040817
"1886",1999,59,0.00728383824167145
"1887",1999,60,0.00675209973693088
"1888",1999,61,0.00618780552550554
"1889",1999,62,0.00679968896695824
"1890",1999,63,0.00689841565956127
"1891",1999,64,0.00558962387170182
"1892",1999,65,0.00576162868466613
"1893",1999,66,0.0638463261582339
"1894",1999,67,0.0711757395836022
"1895",1999,68,0.0820069722218389
"1896",1999,69,0.0902502920449785
"1897",1999,70,0.0930050302231815
"1898",1999,71,0.0362212748270491
"1899",1999,72,0.0113889016961211
"1900",1999,73,0.0136054877265425
"1901",1999,74,0.01294088446102
"1902",1999,75,0.0112030625827055
"1903",1999,76,0.0111898027300196
"1904",1999,77,0.013916717422
"1905",1999,78,0.0149267267274548
"1906",1999,79,0.0136464303690572
"1907",1999,80,0.0149463697550529
"1908",1999,81,0.0151498409348839
"1909",1999,82,0.0167362461573451
"1910",1999,83,0.017581793169506
"1911",1999,84,0.0205991270298042
"1912",1999,85,0.0209998538717038
"1913",1999,86,0.0174030911913731
"1914",1999,87,0.0173050610151706
"1915",1999,88,0.0179644827692641
"1916",1999,89,0.0184430622747607
"1917",1999,90,0.124328111804655
"1918",1999,91,0.0906948213074941
"1919",1999,92,0.0917604767095942
"1920",1999,93,0.121046416353837
"1921",1999,94,0.100739533197722
"1922",1999,95,0.121800410939361
"1923",1999,96,0.128324431054329
"1924",1999,97,0.0439311549967516
"1925",1999,98,0.0385553434261581
"1926",1999,99,0.0353352585546262
"1927",1999,100,0.166576770081416
"1928",1999,101,0.136238853560438
"1929",1999,102,0.158944578229642
"1930",1999,103,0.13059309156241
"1931",1999,104,0.0306480508291484
"1932",1999,105,0.0319102970192747
"1933",1999,106,0.032792594229614
"1934",1999,107,0.0409784597700627
"1935",1999,108,0.0469452081565657
"1936",1999,109,0.0473599725266085
"1937",1999,110,0.0469200074046932
"1938",1999,111,0.188990434501451
"1939",1999,112,0.194074494951511
"1940",1999,113,0.16692590771397
"1941",1999,114,0.180092215002507
"1942",1999,115,0.195303704934726
"1943",1999,116,0.220165312977558
"1944",1999,117,0.202391726149745
"1945",1999,118,0.183216441100408
"1946",1999,119,0.205611118381544
"1947",1999,120,0.219613592249587
"1948",1999,121,0.226290821909962
"1949",1999,122,0.213102979920785
"1950",1999,123,0.245914977988104
"1951",1999,124,0.211847748103546
"1952",1999,125,0.201188333359988
"1953",1999,126,0.204992519875614
"1954",1999,127,0.202938633929098
"1955",1999,128,0.0733284711761501
"1956",1999,129,0.218049672615941
"1957",1999,130,0.211434245828534
"1958",1999,131,0.196366498760243
"1959",1999,132,0.246344850227115
"1960",1999,133,0.244639953598823
"1961",1999,134,0.231139380385391
"1962",1999,135,0.223233713587696
"1963",1999,136,0.228050725453039
"1964",1999,137,0.24411777167784
"1965",1999,138,0.269027597317063
"1966",1999,139,0.258330906303384
"1967",1999,140,0.119487847775699
"1968",1999,141,0.128020076092083
"1969",1999,142,0.125010050294152
"1970",1999,143,0.13247288345368
"1971",1999,144,0.143201029682217
"1972",1999,145,0.148340757124727
"1973",1999,146,0.139316732037547
"1974",1999,147,0.146961540084762
"1975",1999,148,0.152898127236803
"1976",1999,149,0.300370910099593
"1977",1999,150,0.293872400023076
"1978",1999,151,0.314283254963934
"1979",1999,152,0.296895673193583
"1980",1999,153,0.320089681972653
"1981",1999,154,0.340164638236083
"1982",1999,155,0.342042191106418
"1983",1999,156,0.35675134142237
"1984",1999,157,0.325654105611629
"1985",1999,158,0.338982914739837
"1986",1999,159,0.332346107468627
"1987",1999,160,0.328093982482318
"1988",1999,161,0.30590501404392
"1989",1999,162,0.311776956354621
"1990",1999,163,0.314625197051274
"1991",1999,164,0.332767052463492
"1992",1999,165,0.324987542670834
"1993",1999,166,0.189913440970282
"1994",1999,167,0.187465269346028
"1995",1999,168,0.195318089498758
"1996",1999,169,0.210981178638884
"1997",1999,170,0.208690265522367
"1998",1999,171,0.209182300513105
"1999",1999,172,0.217793589014387
"2000",1999,173,0.382104751500926
"2001",1999,174,0.34919849989615
"2002",1999,175,0.349891536057376
"2003",1999,176,0.244822325098439
"2004",1999,177,0.161068185275652
"2005",1999,178,0.328634650770829
"2006",1999,179,0.323254033285453
"2007",1999,180,0.310823551975206
"2008",1999,181,0.32524744558339
"2009",1999,182,0.147716298985744
"2010",1999,183,0.149384432548702
"2011",1999,184,0.350621035614297
"2012",1999,185,0.334428676605492
"2013",1999,186,0.294654850115846
"2014",1999,187,0.278915377697691
"2015",1999,188,0.319584958935884
"2016",1999,189,0.135028084742497
"2017",1999,190,0.0727366245902054
"2018",1999,191,0.0663617695738048
"2019",1999,192,0.0700463439129987
"2020",1999,193,0.0691145216198169
"2021",1999,194,0.0644101241380987
"2022",1999,195,0.0589001012096256
"2023",1999,196,0.0328404265996329
"2024",1999,197,0.031189741792134
"2025",1999,198,0.0340227899487137
"2026",1999,199,0.34000967653951
"2027",1999,200,0.25698295858421
"2028",1999,201,0.401910374425241
"2029",1999,202,0.383173791851193
"2030",1999,203,0.372243370571533
"2031",1999,204,0.320977596008327
"2032",1999,205,0.10808715496538
"2033",1999,206,0.032476001569375
"2034",1999,207,0.0288061400228229
"2035",1999,208,0.0306258145443392
"2036",1999,209,0.0319928951473418
"2037",1999,210,0.0308148417057247
"2038",1999,211,0.0263726021571679
"2039",1999,212,0.0233827372660005
"2040",1999,213,0.0229173581806203
"2041",1999,214,0.0227544760306879
"2042",1999,215,0.014242367085054
"2043",1999,216,0.0143657236844494
"2044",1999,217,0.01417374961702
"2045",1999,218,0.0137371639821086
"2046",1999,219,0.0128434317405106
"2047",1999,220,0.0130725765829563
"2048",1999,221,0.012490892691962
"2049",1999,222,0.011542054951964
"2050",1999,223,0.00982722874668296
"2051",1999,224,0.00960365587230386
"2052",1999,225,0.00931012174203822
"2053",1999,226,0.00855556112785842
"2054",1999,227,0.33245674054168
"2055",1999,228,0.27248063977895
"2056",1999,229,0.216651684517908
"2057",1999,230,0.0771135445135435
"2058",1999,231,0.0166916130137097
"2059",1999,232,0.0154392775786873
"2060",1999,233,0.0144371060750591
"2061",1999,234,0.01286077334292
"2062",1999,235,0.0121952073641262
"2063",1999,236,0.0115506877290862
"2064",1999,237,0.0107928152187434
"2065",1999,238,0.0101399500407518
"2066",1999,239,0.00878010403758003
"2067",1999,240,0.313895201916345
"2068",1999,241,0.28486017355986
"2069",1999,242,0.311948285762293
"2070",1999,243,0.26449917752233
"2071",1999,244,0.189207134753423
"2072",1999,245,0.0885133057060336
"2073",1999,246,0.231408531138156
"2074",1999,247,0.242755395736344
"2075",1999,248,0.230766436436022
"2076",1999,249,0.237983863825756
"2077",1999,250,0.204220297004584
"2078",1999,251,0.177813571624615
"2079",1999,252,0.0755397445684838
"2080",1999,253,0.0700629899066071
"2081",1999,254,0.208400002784679
"2082",1999,255,0.15752551554989
"2083",1999,256,0.140569756249703
"2084",1999,257,0.0382540762810295
"2085",1999,258,0.0199590614284964
"2086",1999,259,0.0168682752267944
"2087",1999,260,0.00956264110224924
"2088",1999,261,0.172300758143286
"2089",1999,262,0.125146974544477
"2090",1999,263,0.122140126985442
"2091",1999,264,0.109969643336249
"2092",1999,265,0.00681261223839246
"2093",1999,266,0.00659789523035432
"2094",1999,267,0.0053342727905902
"2095",1999,268,0.122121670333071
"2096",1999,269,0.0614645604682379
"2097",1999,270,0.00533060799072413
"2098",1999,271,0.0051048476156059
"2099",1999,272,0.00531878101013429
"2100",1999,273,0.00433156188557303
"2101",1999,274,0.0037058768198177
"2102",1999,275,0.00317056729926155
"2103",1999,276,0.00333105368091059
"2104",1999,277,0.0039932328580414
"2105",1999,278,0.0037311283747617
"2106",1999,279,0.00330611455546549
"2107",1999,280,0.00333127819863547
"2108",1999,281,0.0033986548359346
"2109",1999,282,0.00293656379344259
"2110",1999,283,0.00261649157961964
"2111",1999,284,0.00253709386244867
"2112",1999,285,0.0985655092939476
"2113",1999,286,0.0805667089675775
"2114",1999,287,0.0704021120477281
"2115",1999,288,0.0545260728091093
"2116",1999,289,0.0462276700623474
"2117",1999,290,0.0835812573361216
"2118",1999,291,0.0606393910387917
"2119",1999,292,0.0626993509924661
"2120",1999,293,0.068722358457321
"2121",1999,294,0.0666781325757732
"2122",1999,295,0.0593328897173808
"2123",1999,296,0.0518795952276247
"2124",1999,297,0.00550122789121813
"2125",1999,298,0.00405082350731747
"2126",1999,299,0.00394507788439551
"2127",1999,300,0.0645505872744897
"2128",1999,301,0.06711278151072
"2129",1999,302,0.0402685721270429
"2130",1999,303,0.0060078369958378
"2131",1999,304,0.0050125211151324
"2132",1999,305,0.00276682462246383
"2133",1999,306,0.00261133688931132
"2134",1999,307,0.00280064450020461
"2135",1999,308,0.00239504477400082
"2136",1999,309,0.00192674679951887
"2137",1999,310,0.00250021560986157
"2138",1999,311,0.00263439687627273
"2139",1999,312,0.00238827139254954
"2140",1999,313,0.00192576848988851
"2141",1999,314,0.0017536672020175
"2142",1999,315,0.00170825706989872
"2143",1999,316,0.00212840398084574
"2144",1999,317,0.00150495996552948
"2145",1999,318,0.00153003054406038
"2146",1999,319,0.00137030296296958
"2147",1999,320,0.00129256209132232
"2148",1999,321,0.00100278393991511
"2149",1999,322,0.000855165891007002
"2150",1999,323,0.000896638304766385
"2151",1999,324,0.00102169928987991
"2152",1999,325,0.000845075900990327
"2153",1999,326,0.000689942385119605
"2154",1999,327,0.000674119207400696
"2155",1999,328,0.000772597667870663
"2156",1999,329,0.000794304396296991
"2157",1999,330,0.0279062208387474
"2158",1999,331,0.0237821569463984
"2159",1999,332,0.0230580051846533
"2160",1999,333,0.0259854220929727
"2161",1999,334,0.0348919468747781
"2162",1999,335,0.0320836039870884
"2163",1999,336,0.0294173698475482
"2164",1999,337,0.0282036356923577
"2165",1999,338,0.0176817706357646
"2166",1999,339,0.0207702260405414
"2167",1999,340,0.0221980438180856
"2168",1999,341,0.0209268368893774
"2169",1999,342,0.0158208557978951
"2170",1999,343,0.014976915951695
"2171",1999,344,0.0164919115886092
"2172",1999,345,0.00979978683911128
"2173",1999,346,0.00477010558906986
"2174",1999,347,0.0034621638685917
"2175",1999,348,0.00225435773113272
"2176",1999,349,0.00199901372546314
"2177",1999,350,0.00265812400921308
"2178",1999,351,0.00223359441838087
"2179",1999,352,0.00207201097030613
"2180",1999,353,0.00115605927749635
"2181",1999,354,0.00100020213362014
"2182",1999,355,0.0192317615019615
"2183",1999,356,0.0261290622588114
"2184",1999,357,0.0307923831593235
"2185",1999,358,0.0327444707588928
"2186",1999,359,0.0299052117725057
"2187",1999,360,0.028661834116799
"2188",1999,361,0.0327500977453034
"2189",1999,362,0.0368742149639175
"2190",1999,363,0.00752103231965637
"2191",1999,364,0.0039069165190545
"2192",1999,365,0.00275757884292558
"2193",2000,1,0.0028358365262613
"2194",2000,2,0.0176523113739359
"2195",2000,3,0.0114307230019558
"2196",2000,4,0.0163616999578681
"2197",2000,5,0.0226391240348457
"2198",2000,6,0.0243153226328174
"2199",2000,7,0.026787923791762
"2200",2000,8,0.0297304326296509
"2201",2000,9,0.0309502242859824
"2202",2000,10,0.0258907119366759
"2203",2000,11,0.0203283343338755
"2204",2000,12,0.0199782462265717
"2205",2000,13,0.0101567477987267
"2206",2000,14,0.00144740396888581
"2207",2000,15,0.00133175972060986
"2208",2000,16,0.00170176414192
"2209",2000,17,0.00237215545659736
"2210",2000,18,0.00163273781348356
"2211",2000,19,0.001220370595421
"2212",2000,20,0.00109721074301539
"2213",2000,21,0.00153956910726077
"2214",2000,22,0.00126509647605278
"2215",2000,23,0.00127879421198724
"2216",2000,24,0.0013357867272085
"2217",2000,25,0.00126671772888223
"2218",2000,26,0.00170159439812428
"2219",2000,27,0.00160731995955548
"2220",2000,28,0.00139344562054221
"2221",2000,29,0.00134826427585436
"2222",2000,30,0.00135461498670471
"2223",2000,31,0.001352308917045
"2224",2000,32,0.00151790613703138
"2225",2000,33,0.00185094536331728
"2226",2000,34,0.0447845288621404
"2227",2000,35,0.0385001549556174
"2228",2000,36,0.0444936228975205
"2229",2000,37,0.0471199033362389
"2230",2000,38,0.00535256511725948
"2231",2000,39,0.00230311859334033
"2232",2000,40,0.00191892663833911
"2233",2000,41,0.000977050263581239
"2234",2000,42,0.000773834271225545
"2235",2000,43,0.0349518727026556
"2236",2000,44,0.0369015885859864
"2237",2000,45,0.0319541360843178
"2238",2000,46,0.0360953729206399
"2239",2000,47,0.0403884813742561
"2240",2000,48,0.0314899917474316
"2241",2000,49,0.0319564934404046
"2242",2000,50,0.0475481608900519
"2243",2000,51,0.0615561620381181
"2244",2000,52,0.0743167033532932
"2245",2000,53,0.0850201904965505
"2246",2000,54,0.0864504044299067
"2247",2000,55,0.0813102610566937
"2248",2000,56,0.0212258888017227
"2249",2000,57,0.00211138658565318
"2250",2000,58,0.00217530639671062
"2251",2000,59,0.00238119160916914
"2252",2000,60,0.00215387413058423
"2253",2000,61,0.00217240677836275
"2254",2000,62,0.00228105860191858
"2255",2000,63,0.00232010172704366
"2256",2000,64,0.00245934344964138
"2257",2000,65,0.00211365971073799
"2258",2000,66,0.00186220174550381
"2259",2000,67,0.00171063755623784
"2260",2000,68,0.00141170569683446
"2261",2000,69,0.00136411928897099
"2262",2000,70,0.00162982607597407
"2263",2000,71,0.00149220946220714
"2264",2000,72,0.00164048015178295
"2265",2000,73,0.00176192724406546
"2266",2000,74,0.00147108703775008
"2267",2000,75,0.00113473361499966
"2268",2000,76,0.000829441137435889
"2269",2000,77,0.000541200452284399
"2270",2000,78,0.000573436473554882
"2271",2000,79,0.000579720252332833
"2272",2000,80,0.000521847910952438
"2273",2000,81,0.000600915750499993
"2274",2000,82,0.000702398182146823
"2275",2000,83,0.000767855565798717
"2276",2000,84,0.000695487673228159
"2277",2000,85,0.000751218325697171
"2278",2000,86,0.000782060771742142
"2279",2000,87,0.000863007575305355
"2280",2000,88,0.133154121603494
"2281",2000,89,0.0914152584657288
"2282",2000,90,0.0930066746612557
"2283",2000,91,0.0045337273940088
"2284",2000,92,0.00450437647116964
"2285",2000,93,0.0745054733165981
"2286",2000,94,0.00582560553598879
"2287",2000,95,0.00667272251775346
"2288",2000,96,0.0054454286600587
"2289",2000,97,0.00456512973228521
"2290",2000,98,0.00438771311803878
"2291",2000,99,0.00473663787334282
"2292",2000,100,0.00471925482362281
"2293",2000,101,0.00392919765615038
"2294",2000,102,0.00394677730728777
"2295",2000,103,0.00438571163949639
"2296",2000,104,0.13790069145454
"2297",2000,105,0.115845292655224
"2298",2000,106,0.152338298514132
"2299",2000,107,9.81075033607387e-05
"2300",2000,108,0.181341022550363
"2301",2000,109,0.172694961894113
"2302",2000,110,0.181073393322814
"2303",2000,111,0.193176781289995
"2304",2000,112,0.200153350195653
"2305",2000,113,0.0631671100357008
"2306",2000,114,0.221363336004673
"2307",2000,115,0.191409470444124
"2308",2000,116,0.182074505891501
"2309",2000,117,0.174716041775995
"2310",2000,118,0.0437239648852669
"2311",2000,119,0.046697830389855
"2312",2000,120,0.205998185995699
"2313",2000,121,0.163466928667837
"2314",2000,122,0.0244530868121873
"2315",2000,123,0.0154543813453426
"2316",2000,124,0.0132369272707873
"2317",2000,125,0.0121443193239479
"2318",2000,126,0.23544711292238
"2319",2000,127,0.192939645570947
"2320",2000,128,0.162491551286698
"2321",2000,129,0.139396400958033
"2322",2000,130,0.0104333868237874
"2323",2000,131,0.0101498274338862
"2324",2000,132,0.217201766850166
"2325",2000,133,0.21881443171461
"2326",2000,134,0.218124919035548
"2327",2000,135,0.239241250599623
"2328",2000,136,0.245066134780117
"2329",2000,137,0.171068733233816
"2330",2000,138,0.0564531613218867
"2331",2000,139,0.0247973650121125
"2332",2000,140,0.0116919731412592
"2333",2000,141,0.0115123561389891
"2334",2000,142,0.0114459874194952
"2335",2000,143,0.011165051072248
"2336",2000,144,0.0084726071576648
"2337",2000,145,0.00830758650204881
"2338",2000,146,0.0083028358277283
"2339",2000,147,0.298964362432168
"2340",2000,148,0.267290951682607
"2341",2000,149,0.218392424756375
"2342",2000,150,0.123580598953733
"2343",2000,151,0.010837408480838
"2344",2000,152,0.276503782238235
"2345",2000,153,0.279369458912613
"2346",2000,154,0.280922193827316
"2347",2000,155,0.290013819270131
"2348",2000,156,0.273879379514555
"2349",2000,157,0.120347536985736
"2350",2000,158,0.076622252869125
"2351",2000,159,0.0176122065952449
"2352",2000,160,0.0153886074217283
"2353",2000,161,0.330135717672668
"2354",2000,162,0.226649991270761
"2355",2000,163,0.156493655494564
"2356",2000,164,0.0105745808493708
"2357",2000,165,0.298638283248383
"2358",2000,166,0.199918947444706
"2359",2000,167,0.269940874675341
"2360",2000,168,0.270436025445975
"2361",2000,169,0.312752292404496
"2362",2000,170,0.259980776938669
"2363",2000,171,0.294387097092196
"2364",2000,172,0.184116372342737
"2365",2000,173,0.082792613844828
"2366",2000,174,0.0118893069952851
"2367",2000,175,0.0109399131444665
"2368",2000,176,0.0107074702528643
"2369",2000,177,0.0099259991372958
"2370",2000,178,0.208554172951242
"2371",2000,179,0.0437617436351826
"2372",2000,180,0.0141664850358829
"2373",2000,181,0.0128991942127112
"2374",2000,182,0.0122428674619502
"2375",2000,183,0.0102163524481155
"2376",2000,184,0.375218548930237
"2377",2000,185,0.39492360302783
"2378",2000,186,0.340975182357159
"2379",2000,187,0.331152314830829
"2380",2000,188,0.383476111820373
"2381",2000,189,0.346709784749614
"2382",2000,190,0.325874301271211
"2383",2000,191,0.385613711576765
"2384",2000,192,0.361036637990366
"2385",2000,193,0.362081631629078
"2386",2000,194,0.300493158479646
"2387",2000,195,0.0743811929257889
"2388",2000,196,0.0103672154802371
"2389",2000,197,0.00937277850163767
"2390",2000,198,0.00833470734545328
"2391",2000,199,0.0468621964671284
"2392",2000,200,0.0145578889921863
"2393",2000,201,0.0134192995876237
"2394",2000,202,0.0117980557809739
"2395",2000,203,0.0116694429767049
"2396",2000,204,0.0115764679075404
"2397",2000,205,0.0112812710417359
"2398",2000,206,0.0100792797434416
"2399",2000,207,0.00980380241449421
"2400",2000,208,0.0100203126286856
"2401",2000,209,0.00994356884807893
"2402",2000,210,0.00748649958791511
"2403",2000,211,0.00641238834453561
"2404",2000,212,0.00531440105429747
"2405",2000,213,0.0048208733896249
"2406",2000,214,0.0045536214333392
"2407",2000,215,0.00435852951381779
"2408",2000,216,0.00406014128019884
"2409",2000,217,0.0034691690745949
"2410",2000,218,0.00306719917586691
"2411",2000,219,0.00309578881533513
"2412",2000,220,0.00299582227863736
"2413",2000,221,0.00296374573176547
"2414",2000,222,0.00303424301905213
"2415",2000,223,0.00303677661846363
"2416",2000,224,0.00278820772855992
"2417",2000,225,0.00207254130223966
"2418",2000,226,0.0020259329855317
"2419",2000,227,0.00190564730165239
"2420",2000,228,0.00186116048024038
"2421",2000,229,0.00177915231542816
"2422",2000,230,0.00176515413072841
"2423",2000,231,0.00171510995214155
"2424",2000,232,0.00163127650992034
"2425",2000,233,0.0016418487152494
"2426",2000,234,0.00162340467665077
"2427",2000,235,0.00155703015182152
"2428",2000,236,0.00145704329181964
"2429",2000,237,0.00144308555548187
"2430",2000,238,0.00139393726133801
"2431",2000,239,0.00136581109910435
"2432",2000,240,0.00138585126055446
"2433",2000,241,0.00136394955883157
"2434",2000,242,0.00132965663799835
"2435",2000,243,0.00127318135284769
"2436",2000,244,0.00125175191179051
"2437",2000,245,0.00105200844509763
"2438",2000,246,0.000801567622830123
"2439",2000,247,0.000782743874352281
"2440",2000,248,0.187203355714295
"2441",2000,249,0.129223608121284
"2442",2000,250,0.00474544203019701
"2443",2000,251,0.00445592087154546
"2444",2000,252,0.00443168977840052
"2445",2000,253,0.00374306642857592
"2446",2000,254,0.00347667198265123
"2447",2000,255,0.00320171575922019
"2448",2000,256,0.00331575012888304
"2449",2000,257,0.00322837126281757
"2450",2000,258,0.00305783185920654
"2451",2000,259,0.00317328784469469
"2452",2000,260,0.00307319870557336
"2453",2000,261,0.00263416595231528
"2454",2000,262,0.000544186423041428
"2455",2000,263,0.122883186763202
"2456",2000,264,0.0446213462849656
"2457",2000,265,0.147593087779567
"2458",2000,266,0.131853516372476
"2459",2000,267,0.109987403814444
"2460",2000,268,0.124890788914762
"2461",2000,269,0.136793678539073
"2462",2000,270,0.144541854202725
"2463",2000,271,0.143244899850104
"2464",2000,272,0.136907726966991
"2465",2000,273,0.0628685202128823
"2466",2000,274,0.163002682765151
"2467",2000,275,0.120557382030211
"2468",2000,276,0.108120643900943
"2469",2000,277,0.0866491183213104
"2470",2000,278,0.0513109768820722
"2471",2000,279,0.016122949345401
"2472",2000,280,0.0160537427885072
"2473",2000,281,0.016637607778648
"2474",2000,282,0.0193935054648038
"2475",2000,283,0.0207278854725124
"2476",2000,284,0.0184706532781008
"2477",2000,285,0.102412113070484
"2478",2000,286,0.102501216634965
"2479",2000,287,0.0650485849315902
"2480",2000,288,0.01889363780731
"2481",2000,289,0.0147327621178424
"2482",2000,290,0.0133278270501336
"2483",2000,291,0.0137256341556241
"2484",2000,292,0.0136923964915218
"2485",2000,293,0.0107669736035223
"2486",2000,294,0.0101255761055816
"2487",2000,295,0.00876903868938556
"2488",2000,296,0.00741270143457011
"2489",2000,297,0.00541819015317781
"2490",2000,298,0.00483689527945695
"2491",2000,299,0.0787756601901178
"2492",2000,300,0.0524642612060398
"2493",2000,301,0.0548443182928643
"2494",2000,302,0.0566637314111246
"2495",2000,303,0.0507853245971989
"2496",2000,304,0.0689493791368507
"2497",2000,305,0.0409821554365518
"2498",2000,306,0.0392537944816092
"2499",2000,307,0.035518716167052
"2500",2000,308,0.0295374573708619
"2501",2000,309,0.00742338605127823
"2502",2000,310,0.0311372945950416
"2503",2000,311,0.0288414151841817
"2504",2000,312,0.0198234235328878
"2505",2000,313,0.0156289593816696
"2506",2000,314,0.015268031653272
"2507",2000,315,0.0140463452922311
"2508",2000,316,0.00842960686025408
"2509",2000,317,0.00451191058362891
"2510",2000,318,0.00395893176431924
"2511",2000,319,0.0035259893298313
"2512",2000,320,0.00266000258800555
"2513",2000,321,0.00233107600591904
"2514",2000,322,0.0263817572484391
"2515",2000,323,0.0285933458335561
"2516",2000,324,0.0266823785049653
"2517",2000,325,0.024043936037111
"2518",2000,326,0.0281158388890353
"2519",2000,327,0.0291646770387364
"2520",2000,328,0.0106879452780664
"2521",2000,329,0.00270592096059404
"2522",2000,330,0.00230436822952107
"2523",2000,331,0.00224455882938679
"2524",2000,332,0.00192107833800043
"2525",2000,333,0.00169871356257898
"2526",2000,334,0.001290763070224
"2527",2000,335,0.0218817955399876
"2528",2000,336,0.0179661693256038
"2529",2000,337,0.0213147006784062
"2530",2000,338,0.0279424707113203
"2531",2000,339,0.0223431763221881
"2532",2000,340,0.0207556460456979
"2533",2000,341,0.0109512420525677
"2534",2000,342,0.00159334669273222
"2535",2000,343,0.0218114337521665
"2536",2000,344,0.0116566716594701
"2537",2000,345,0.00636676338508791
"2538",2000,346,0.00612649534007246
"2539",2000,347,0.00625501474332488
"2540",2000,348,0.00823436956727616
"2541",2000,349,0.00820499118456836
"2542",2000,350,0.00991351537090872
"2543",2000,351,0.00874519316985359
"2544",2000,352,0.0169362047445196
"2545",2000,353,0.0164420924807214
"2546",2000,354,0.0207449062750347
"2547",2000,355,0.0116313045796643
"2548",2000,356,0.00869245795481687
"2549",2000,357,0.0100738561906722
"2550",2000,358,0.0107279481033294
"2551",2000,359,0.0112841202176432
"2552",2000,360,0.0134584629245209
"2553",2000,361,0.00188813951224776
"2554",2000,362,0.0012433335753051
"2555",2000,363,0.000979548664969262
"2556",2000,364,0.000752043345885198
"2557",2000,365,0.00063106457178237
"2558",2001,1,0.000906482541475938
"2559",2001,2,0.00111626930616647
"2560",2001,3,0.00130108246304496
"2561",2001,4,0.00125711659503052
"2562",2001,5,0.00134933865079426
"2563",2001,6,0.00113166769286982
"2564",2001,7,0.00104401688781257
"2565",2001,8,0.00103047672934447
"2566",2001,9,0.0010699284752228
"2567",2001,10,0.00107669348483528
"2568",2001,11,0.000998372855328803
"2569",2001,12,0.000764267974322211
"2570",2001,13,0.000662352877077509
"2571",2001,14,0.0206673816924851
"2572",2001,15,0.0207055941052681
"2573",2001,16,0.0230558555241623
"2574",2001,17,0.025145952479616
"2575",2001,18,0.0257200690554422
"2576",2001,19,0.0299938735615627
"2577",2001,20,0.0338689388365056
"2578",2001,21,0.000999888480346542
"2579",2001,22,0.00105102619545004
"2580",2001,23,0.000862739775204713
"2581",2001,24,0.000843586206311977
"2582",2001,25,0.00080083202544564
"2583",2001,26,0.000708742142598977
"2584",2001,27,0.000839603072453013
"2585",2001,28,0.000957125595577792
"2586",2001,29,0.00109978744052494
"2587",2001,30,0.00102032265644494
"2588",2001,31,0.000852875369712102
"2589",2001,32,0.000773092692037508
"2590",2001,33,0.00117202196472694
"2591",2001,34,0.00119117674402873
"2592",2001,35,0.00114654079510078
"2593",2001,36,0.000984086918407705
"2594",2001,37,0.000731916665575963
"2595",2001,38,0.000579254759160862
"2596",2001,39,0.000522372555989767
"2597",2001,40,0.000470090610979174
"2598",2001,41,0.000651137811521834
"2599",2001,42,0.00057780605000988
"2600",2001,43,0.000710195434272765
"2601",2001,44,0.000590426748004279
"2602",2001,45,0.000629768689839779
"2603",2001,46,0.000569418535411217
"2604",2001,47,0.000532600032307406
"2605",2001,48,0.000714846424325703
"2606",2001,49,0.000929826176264589
"2607",2001,50,0.000795301773030406
"2608",2001,51,0.000757022179364625
"2609",2001,52,0.000976651196692526
"2610",2001,53,0.000899070693148343
"2611",2001,54,0.000931556891459323
"2612",2001,55,0.000885080954050689
"2613",2001,56,0.0343593881243926
"2614",2001,57,0.0260178352505465
"2615",2001,58,0.0412598864002234
"2616",2001,59,0.0437135438335657
"2617",2001,60,0.00145298804635998
"2618",2001,61,0.00153792890015541
"2619",2001,62,0.00126555380114181
"2620",2001,63,0.00038838319582545
"2621",2001,64,0.000390895498280856
"2622",2001,65,0.000434799380332215
"2623",2001,66,0.000459994883163294
"2624",2001,67,0.000540870983819107
"2625",2001,68,0.000459722197709322
"2626",2001,69,0.000415074715837664
"2627",2001,70,0.000508649455339572
"2628",2001,71,0.000596067763955038
"2629",2001,72,0.000621872796756814
"2630",2001,73,0.100501066697777
"2631",2001,74,0.0736086474255178
"2632",2001,75,0.0791765575522723
"2633",2001,76,0.0743590106902545
"2634",2001,77,0.00912122223011969
"2635",2001,78,0.00769848779030822
"2636",2001,79,0.00557734322788779
"2637",2001,80,0.00455711933369991
"2638",2001,81,0.00351527364253737
"2639",2001,82,0.00314581824702599
"2640",2001,83,0.00284436728515472
"2641",2001,84,0.00347190037723443
"2642",2001,85,0.00374290497765927
"2643",2001,86,0.00374691416876623
"2644",2001,87,0.00366485566626099
"2645",2001,88,0.00378234915652762
"2646",2001,89,0.003369289737642
"2647",2001,90,0.00308691254433437
"2648",2001,91,0.00359344712476378
"2649",2001,92,0.0032994295677174
"2650",2001,93,0.125269463393373
"2651",2001,94,0.0611372533325662
"2652",2001,95,0.00564523656501177
"2653",2001,96,0.00552714346010251
"2654",2001,97,0.00506331655841721
"2655",2001,98,0.13272718041557
"2656",2001,99,0.148303701251271
"2657",2001,100,0.124489773130465
"2658",2001,101,0.112335278783646
"2659",2001,102,0.100419130209718
"2660",2001,103,0.0837333049830713
"2661",2001,104,0.00481323562408019
"2662",2001,105,0.00380843534183545
"2663",2001,106,0.00394615579823664
"2664",2001,107,0.00516880224457632
"2665",2001,108,0.00573135880345893
"2666",2001,109,0.00522327408517252
"2667",2001,110,0.00451372209620578
"2668",2001,111,0.00419215911654279
"2669",2001,112,0.00486436072634468
"2670",2001,113,0.00477453320208535
"2671",2001,114,0.00501945067051883
"2672",2001,115,0.0045851240916862
"2673",2001,116,0.00298965999707999
"2674",2001,117,0.00318260546454636
"2675",2001,118,0.00332990423822404
"2676",2001,119,0.00332346706076694
"2677",2001,120,0.00339676957399035
"2678",2001,121,0.00341209851154331
"2679",2001,122,0.00343045588660455
"2680",2001,123,0.00370125416680895
"2681",2001,124,0.00416696539283421
"2682",2001,125,0.00445520356146236
"2683",2001,126,0.00432614682453198
"2684",2001,127,0.00457594029226243
"2685",2001,128,0.0048083024065866
"2686",2001,129,0.206947090780735
"2687",2001,130,0.250854854373983
"2688",2001,131,0.247292908788944
"2689",2001,132,0.274104083317632
"2690",2001,133,0.223437555298293
"2691",2001,134,0.235528744364795
"2692",2001,135,0.0130506864526177
"2693",2001,136,0.012108397242594
"2694",2001,137,0.0118340462536644
"2695",2001,138,0.0115487950965871
"2696",2001,139,0.0110581464704815
"2697",2001,140,0.0101344976399563
"2698",2001,141,0.00998360415462115
"2699",2001,142,0.00939115057936356
"2700",2001,143,0.00894593008411336
"2701",2001,144,0.00643650578187564
"2702",2001,145,0.00623915899656904
"2703",2001,146,0.00612265320202194
"2704",2001,147,0.00602268405000601
"2705",2001,148,0.00597426268355454
"2706",2001,149,0.240136261271893
"2707",2001,150,0.14982887135753
"2708",2001,151,0.00811676027864217
"2709",2001,152,0.00778915579979997
"2710",2001,153,0.00747584005623931
"2711",2001,154,0.28164107385186
"2712",2001,155,0.301283784945537
"2713",2001,156,0.308796756683152
"2714",2001,157,0.33287604404009
"2715",2001,158,0.320541561414396
"2716",2001,159,0.343984636943602
"2717",2001,160,0.380962917448048
"2718",2001,161,0.387838887290146
"2719",2001,162,0.356203372975714
"2720",2001,163,0.327070091759724
"2721",2001,164,0.311535433416884
"2722",2001,165,0.345464784760963
"2723",2001,166,0.326191446597913
"2724",2001,167,0.335298455911195
"2725",2001,168,0.378230855237271
"2726",2001,169,0.350242352103815
"2727",2001,170,0.335735033538596
"2728",2001,171,0.35057260490596
"2729",2001,172,0.369572867746051
"2730",2001,173,0.247559366143447
"2731",2001,174,0.220030871010147
"2732",2001,175,0.208151206943504
"2733",2001,176,0.191695323821846
"2734",2001,177,0.223585760393066
"2735",2001,178,0.368366903025923
"2736",2001,179,0.19357997058161
"2737",2001,180,0.168560461731559
"2738",2001,181,0.135710937490164
"2739",2001,182,0.11962252444009
"2740",2001,183,0.11362335557531
"2741",2001,184,0.0918909507396033
"2742",2001,185,0.0876602850792545
"2743",2001,186,0.069740113638424
"2744",2001,187,0.0606566055403654
"2745",2001,188,0.0579067786798266
"2746",2001,189,0.0443787003038041
"2747",2001,190,0.0332450442881751
"2748",2001,191,0.0276091622854618
"2749",2001,192,0.027371208955994
"2750",2001,193,0.0236784286766431
"2751",2001,194,0.0222452629470574
"2752",2001,195,0.022418361765968
"2753",2001,196,0.0209393200932073
"2754",2001,197,0.288605120959696
"2755",2001,198,0.30786789360425
"2756",2001,199,0.200408973615508
"2757",2001,200,0.0167637941347422
"2758",2001,201,0.0155617597793179
"2759",2001,202,0.284017668523977
"2760",2001,203,0.155136306744264
"2761",2001,204,0.0078789261375081
"2762",2001,205,0.00799214854176562
"2763",2001,206,0.00771115616015938
"2764",2001,207,0.00620868772028281
"2765",2001,208,0.0064852415190805
"2766",2001,209,0.00310295717961644
"2767",2001,210,0.00271696993887322
"2768",2001,211,0.349728964186695
"2769",2001,212,0.351846072322311
"2770",2001,213,0.33366922021027
"2771",2001,214,0.363076826165093
"2772",2001,215,0.346792635193002
"2773",2001,216,0.0759235264867597
"2774",2001,217,0.021429635300692
"2775",2001,218,0.0100081123126117
"2776",2001,219,0.00793379733369974
"2777",2001,220,0.00664550702121451
"2778",2001,221,0.00617842237414632
"2779",2001,222,0.0061908190973149
"2780",2001,223,0.00644105168116971
"2781",2001,224,0.00649362043370233
"2782",2001,225,0.00665405403535538
"2783",2001,226,0.00567448891739382
"2784",2001,227,0.00512942722632136
"2785",2001,228,0.00501845124387812
"2786",2001,229,0.00493472688821777
"2787",2001,230,0.00477960413468204
"2788",2001,231,0.00455833989998572
"2789",2001,232,0.00435749214107543
"2790",2001,233,0.00411023636557578
"2791",2001,234,0.00414167924957786
"2792",2001,235,0.00415925786556582
"2793",2001,236,0.00370369737191581
"2794",2001,237,0.0036115862900187
"2795",2001,238,0.00350020628173854
"2796",2001,239,0.00335481352895222
"2797",2001,240,0.00325573631408312
"2798",2001,241,0.00321517269567124
"2799",2001,242,0.00254142136157778
"2800",2001,243,0.00245370138602515
"2801",2001,244,0.00238314135327949
"2802",2001,245,0.00231770967102968
"2803",2001,246,0.00226121402565797
"2804",2001,247,0.00220274231995641
"2805",2001,248,0.00211650596425743
"2806",2001,249,0.174214214638464
"2807",2001,250,0.154397999381158
"2808",2001,251,0.0478876212873792
"2809",2001,252,0.00728365269126424
"2810",2001,253,0.00662302848836342
"2811",2001,254,0.00570633382733737
"2812",2001,255,0.00522387185844968
"2813",2001,256,0.00452020033453163
"2814",2001,257,0.00436976143606318
"2815",2001,258,0.00403790399641462
"2816",2001,259,0.0039118279802767
"2817",2001,260,0.00376454606036049
"2818",2001,261,0.00376777812257227
"2819",2001,262,0.00351317513561459
"2820",2001,263,0.00315249062441622
"2821",2001,264,0.00317723426281125
"2822",2001,265,0.0028489455668506
"2823",2001,266,0.00277112594219245
"2824",2001,267,0.00296467173082696
"2825",2001,268,0.00180689841074465
"2826",2001,269,0.00083737045198126
"2827",2001,270,0.000834696753368034
"2828",2001,271,0.000768672406694648
"2829",2001,272,0.000724542275667712
"2830",2001,273,0.000630359671783229
"2831",2001,274,0.000581742478032755
"2832",2001,275,0.000459134852179564
"2833",2001,276,0.000420775425193008
"2834",2001,277,0.000346427356986003
"2835",2001,278,0.000340381590304537
"2836",2001,279,0.000381107891622895
"2837",2001,280,0.000378875122424052
"2838",2001,281,0.000367769934512544
"2839",2001,282,0.000331853816195108
"2840",2001,283,0.000311203581923851
"2841",2001,284,0.098516020923085
"2842",2001,285,0.0634762264959745
"2843",2001,286,0.0922528082693947
"2844",2001,287,0.0599038440823903
"2845",2001,288,0.0560075502809528
"2846",2001,289,0.0600116018442068
"2847",2001,290,0.0450138309746835
"2848",2001,291,0.00462677347164019
"2849",2001,292,0.00419722870908221
"2850",2001,293,0.00344232103153138
"2851",2001,294,0.00314413127030892
"2852",2001,295,0.080619754405407
"2853",2001,296,0.0450211985836769
"2854",2001,297,0.0107897009695033
"2855",2001,298,0.00588497139633475
"2856",2001,299,0.00508682523766949
"2857",2001,300,0.00569857394657936
"2858",2001,301,0.00360517347153422
"2859",2001,302,0.0031997143243249
"2860",2001,303,0.00318208613951737
"2861",2001,304,0.00294088554031762
"2862",2001,305,0.00233658464169121
"2863",2001,306,0.00225417795503947
"2864",2001,307,0.00222513156187411
"2865",2001,308,0.00222514785973935
"2866",2001,309,0.00199333007929713
"2867",2001,310,0.00140364355665751
"2868",2001,311,0.00133843292916072
"2869",2001,312,0.00145420210946041
"2870",2001,313,0.00171675141101579
"2871",2001,314,0.00150000721807827
"2872",2001,315,0.00126914405448345
"2873",2001,316,0.00129601023114572
"2874",2001,317,0.00126708926651394
"2875",2001,318,0.00130282472358966
"2876",2001,319,0.00131493264886131
"2877",2001,320,0.00128608735974238
"2878",2001,321,0.00102396790654116
"2879",2001,322,0.000770402584012923
"2880",2001,323,0.000771813295182177
"2881",2001,324,0.000931146422608746
"2882",2001,325,0.000937098899087682
"2883",2001,326,0.000785667889019629
"2884",2001,327,0.000685720180413633
"2885",2001,328,0.000511353160047679
"2886",2001,329,0.0259719273511326
"2887",2001,330,0.0208398085935588
"2888",2001,331,0.0160476892805191
"2889",2001,332,0.0167871851069569
"2890",2001,333,0.0192994760325675
"2891",2001,334,0.0181353686762165
"2892",2001,335,0.0211454637577402
"2893",2001,336,0.0300714428061318
"2894",2001,337,0.0302475763461021
"2895",2001,338,0.0204496630916696
"2896",2001,339,0.0211579940257562
"2897",2001,340,0.0205583708673724
"2898",2001,341,0.010113856713233
"2899",2001,342,0.000841994644869484
"2900",2001,343,0.000805796815375222
"2901",2001,344,0.000536318254072137
"2902",2001,345,0.000464629737133078
"2903",2001,346,0.000477172653774721
"2904",2001,347,0.000673651218296436
"2905",2001,348,0.000770357357584502
"2906",2001,349,0.00065274341401498
"2907",2001,350,0.000640564680052725
"2908",2001,351,0.000751155082555747
"2909",2001,352,0.000536867444054134
"2910",2001,353,0.000614409296090316
"2911",2001,354,0.000433108647124624
"2912",2001,355,0.000398616455759215
"2913",2001,356,0.000341351418608823
"2914",2001,357,0.000362151727731156
"2915",2001,358,0.000425357794460721
"2916",2001,359,0.000455952912814172
"2917",2001,360,0.000494259199338308
"2918",2001,361,0.000455813313290801
"2919",2001,362,0.000322991777800096
"2920",2001,363,0.000266725348877278
"2921",2001,364,0.000269990029351961
"2922",2001,365,0.000229371664626119
"2923",2002,1,0.000256394140165844
"2924",2002,2,0.000411908475442549
"2925",2002,3,0.000627568264375142
"2926",2002,4,0.000651019951994
"2927",2002,5,0.000600501815782283
"2928",2002,6,0.000543047239884786
"2929",2002,7,0.000813532722397422
"2930",2002,8,0.000911839330277709
"2931",2002,9,0.00064979045851677
"2932",2002,10,0.000648355073577816
"2933",2002,11,0.000656667237861956
"2934",2002,12,0.0508208439599652
"2935",2002,13,0.0264307635753601
"2936",2002,14,0.0191700596229688
"2937",2002,15,0.0178319926197813
"2938",2002,16,0.0181140877487894
"2939",2002,17,0.0163241666742613
"2940",2002,18,0.0170174210199282
"2941",2002,19,0.0223531037709596
"2942",2002,20,0.0240879689645387
"2943",2002,21,0.0216565281228509
"2944",2002,22,0.00406865686044522
"2945",2002,23,0.00307205703786671
"2946",2002,24,0.00421367629346439
"2947",2002,25,0.00381253991410554
"2948",2002,26,0.0239237433394161
"2949",2002,27,0.0161195169730099
"2950",2002,28,0.0147477117228284
"2951",2002,29,0.0155824196403605
"2952",2002,30,0.017474851567701
"2953",2002,31,0.026382721591595
"2954",2002,32,0.0388040613118817
"2955",2002,33,0.0402773298628877
"2956",2002,34,0.0401704343400209
"2957",2002,35,0.0438252405114935
"2958",2002,36,0.0530749135586915
"2959",2002,37,0.0616802692811367
"2960",2002,38,0.0658347523165348
"2961",2002,39,0.0550711167370946
"2962",2002,40,0.0460729635695735
"2963",2002,41,0.0565526406241452
"2964",2002,42,0.00669354444204851
"2965",2002,43,0.00347080770583786
"2966",2002,44,0.00374836863238659
"2967",2002,45,0.00321978933760861
"2968",2002,46,0.00347164296023146
"2969",2002,47,0.00338429614851845
"2970",2002,48,0.0031966431045145
"2971",2002,49,0.00279736029856585
"2972",2002,50,0.00264738661574507
"2973",2002,51,0.00255471624817892
"2974",2002,52,0.00230490589422924
"2975",2002,53,0.00285758290452205
"2976",2002,54,0.0567788889344601
"2977",2002,55,0.0319899797168526
"2978",2002,56,0.000837777028982986
"2979",2002,57,0.00107021794612399
"2980",2002,58,0.0562353497612906
"2981",2002,59,0.0441735215582942
"2982",2002,60,0.00270540756372192
"2983",2002,61,0.000855438027059212
"2984",2002,62,0.00129315567051185
"2985",2002,63,0.0020882123603859
"2986",2002,64,0.0530468835150581
"2987",2002,65,0.031653574629045
"2988",2002,66,0.0317923091604522
"2989",2002,67,0.0284021254022211
"2990",2002,68,0.0263746598583358
"2991",2002,69,0.0458680968183122
"2992",2002,70,0.0720682620374285
"2993",2002,71,0.0892864555213752
"2994",2002,72,0.0851710458248012
"2995",2002,73,0.0742849177006374
"2996",2002,74,0.0752878150479342
"2997",2002,75,0.0696359021442222
"2998",2002,76,0.0538618544526003
"2999",2002,77,0.0508605377124768
"3000",2002,78,0.044205908171162
"3001",2002,79,0.0372667401825708
"3002",2002,80,0.0339488911066293
"3003",2002,81,0.0481691457692068
"3004",2002,82,0.059548766885487
"3005",2002,83,0.0707879548401446
"3006",2002,84,0.0794253093485146
"3007",2002,85,0.104728736952354
"3008",2002,86,0.116081450913725
"3009",2002,87,0.121360054451469
"3010",2002,88,0.115824365780314
"3011",2002,89,0.108345210952755
"3012",2002,90,0.135194616414812
"3013",2002,91,0.0250339584488269
"3014",2002,92,0.00182561588418047
"3015",2002,93,0.00228198922678707
"3016",2002,94,0.00291473425962145
"3017",2002,95,0.00309453326518159
"3018",2002,96,0.00333492280503385
"3019",2002,97,0.0029123200547738
"3020",2002,98,0.0028190773469574
"3021",2002,99,0.139747542890195
"3022",2002,100,0.12020645136792
"3023",2002,101,0.0468707284537274
"3024",2002,102,0.00752592142475418
"3025",2002,103,0.00682602299538966
"3026",2002,104,0.00626792614070636
"3027",2002,105,0.15610867323194
"3028",2002,106,0.127788617164187
"3029",2002,107,0.1202508249335
"3030",2002,108,0.0101593266210152
"3031",2002,109,0.00755966555429499
"3032",2002,110,0.00667966168154296
"3033",2002,111,0.0062856813815197
"3034",2002,112,0.00650532914302775
"3035",2002,113,0.0050960682547953
"3036",2002,114,0.00420049336969192
"3037",2002,115,0.00391429874241925
"3038",2002,116,0.00426271059418166
"3039",2002,117,0.00390035655051519
"3040",2002,118,0.00401131508969359
"3041",2002,119,0.00386328718543335
"3042",2002,120,0.00346300808492778
"3043",2002,121,0.00323856387728037
"3044",2002,122,0.00384233721743582
"3045",2002,123,0.00333036628641559
"3046",2002,124,0.00329492711434795
"3047",2002,125,0.189384868148203
"3048",2002,126,0.140755670432514
"3049",2002,127,0.195865788396959
"3050",2002,128,0.209770335432858
"3051",2002,129,0.179538946418603
"3052",2002,130,0.198052444466893
"3053",2002,131,0.210666570959888
"3054",2002,132,0.22176041858646
"3055",2002,133,0.209022033561901
"3056",2002,134,0.0535521378380754
"3057",2002,135,0.0156009196793289
"3058",2002,136,0.00780554910748966
"3059",2002,137,0.00787894386863471
"3060",2002,138,0.00833315309922892
"3061",2002,139,0.00841710005888287
"3062",2002,140,0.00826880706832767
"3063",2002,141,0.00807187063517286
"3064",2002,142,0.229443464173271
"3065",2002,143,0.164696071754734
"3066",2002,144,0.148989912817904
"3067",2002,145,0.0284370087802876
"3068",2002,146,0.0161553015758379
"3069",2002,147,0.0138076516180551
"3070",2002,148,0.0122993114372181
"3071",2002,149,0.0112209536020146
"3072",2002,150,0.0103829299068557
"3073",2002,151,0.336747022268494
"3074",2002,152,0.305393955252662
"3075",2002,153,0.218300043017697
"3076",2002,154,0.149518723738854
"3077",2002,155,0.0140699560297712
"3078",2002,156,0.0121738972070402
"3079",2002,157,0.010627744731595
"3080",2002,158,0.0097084914410965
"3081",2002,159,0.334675443914982
"3082",2002,160,0.308512628453639
"3083",2002,161,0.31107173845087
"3084",2002,162,0.270515752693656
"3085",2002,163,0.297069139813388
"3086",2002,164,0.323672912766034
"3087",2002,165,0.330872088154412
"3088",2002,166,0.18966376428086
"3089",2002,167,0.191429471158429
"3090",2002,168,0.17841852083615
"3091",2002,169,0.355331144511793
"3092",2002,170,0.330310938844493
"3093",2002,171,0.310622549730052
"3094",2002,172,0.248675343452203
"3095",2002,173,0.413709733121128
"3096",2002,174,0.396511851259368
"3097",2002,175,0.379561998554544
"3098",2002,176,0.38765842686235
"3099",2002,177,0.399295319545696
"3100",2002,178,0.2799480282608
"3101",2002,179,0.263282150486844
"3102",2002,180,0.358444627396891
"3103",2002,181,0.212026944278795
"3104",2002,182,0.15139947795858
"3105",2002,183,0.144684094833885
"3106",2002,184,0.109381337827612
"3107",2002,185,0.0871452658401481
"3108",2002,186,0.0702203843877243
"3109",2002,187,0.361542797305712
"3110",2002,188,0.418882226316612
"3111",2002,189,0.424746656394268
"3112",2002,190,0.347326954931682
"3113",2002,191,0.343251819538133
"3114",2002,192,0.366436630124361
"3115",2002,193,0.191031989876617
"3116",2002,194,0.183815591106942
"3117",2002,195,0.15975490676886
"3118",2002,196,0.427345321433384
"3119",2002,197,0.393991352273496
"3120",2002,198,0.315126087753571
"3121",2002,199,0.0651426635215291
"3122",2002,200,0.0263077730636559
"3123",2002,201,0.23206516944627
"3124",2002,202,0.00979545154775918
"3125",2002,203,0.00678863647282818
"3126",2002,204,0.0072513278493917
"3127",2002,205,0.00730792477762375
"3128",2002,206,0.0074631966956662
"3129",2002,207,0.00725044722728232
"3130",2002,208,0.00634098327085327
"3131",2002,209,0.00628787382238254
"3132",2002,210,0.00636355625959854
"3133",2002,211,0.00635509946842017
"3134",2002,212,0.00573809050268053
"3135",2002,213,0.00546182549843796
"3136",2002,214,0.00539919569104201
"3137",2002,215,0.00435695890948393
"3138",2002,216,0.325304270064276
"3139",2002,217,0.26313765214065
"3140",2002,218,0.374755120439493
"3141",2002,219,0.37202793481481
"3142",2002,220,0.329820440429356
"3143",2002,221,0.349624959849799
"3144",2002,222,0.344240641481303
"3145",2002,223,0.317882806465189
"3146",2002,224,0.30645420152301
"3147",2002,225,0.310560917362275
"3148",2002,226,0.180131681254092
"3149",2002,227,0.169341811142292
"3150",2002,228,0.307696683263142
"3151",2002,229,0.147362096604939
"3152",2002,230,0.14889766020412
"3153",2002,231,0.145632599551289
"3154",2002,232,0.132112514491998
"3155",2002,233,0.107969294594188
"3156",2002,234,0.092020849563273
"3157",2002,235,0.0691073434685261
"3158",2002,236,0.0581005827425171
"3159",2002,237,0.0498597358666473
"3160",2002,238,0.0353852013986231
"3161",2002,239,0.0218820922510961
"3162",2002,240,0.0161637150730939
"3163",2002,241,0.0154778385004857
"3164",2002,242,0.0147133331089797
"3165",2002,243,0.0136747325047531
"3166",2002,244,0.00672982728160211
"3167",2002,245,0.0062711100550792
"3168",2002,246,0.00656829017514221
"3169",2002,247,0.00631772307663183
"3170",2002,248,0.153698122858464
"3171",2002,249,0.254269185523896
"3172",2002,250,0.232207171609806
"3173",2002,251,0.220662496795313
"3174",2002,252,0.210202494125172
"3175",2002,253,0.207687896522958
"3176",2002,254,0.0888839296843204
"3177",2002,255,0.0720322006091221
"3178",2002,256,0.0608541572292113
"3179",2002,257,0.0303468115459379
"3180",2002,258,0.00804136624792988
"3181",2002,259,0.00668439353464878
"3182",2002,260,0.00531343654896586
"3183",2002,261,0.00470363127842113
"3184",2002,262,0.00472465753964984
"3185",2002,263,0.00390985419289469
"3186",2002,264,0.00348113203578409
"3187",2002,265,0.00342422266670457
"3188",2002,266,0.00311226336102794
"3189",2002,267,0.00290167594260572
"3190",2002,268,0.00284000234082284
"3191",2002,269,0.00274725969721342
"3192",2002,270,0.00256905625799573
"3193",2002,271,0.00253653139771671
"3194",2002,272,0.0016444829744016
"3195",2002,273,0.00101357212852197
"3196",2002,274,0.000886514652213733
"3197",2002,275,0.000813543661806355
"3198",2002,276,0.000764520251664498
"3199",2002,277,0.112546737190059
"3200",2002,278,0.117453099710957
"3201",2002,279,0.0990472190143617
"3202",2002,280,0.128493190369902
"3203",2002,281,0.094874634254863
"3204",2002,282,0.0994608661478717
"3205",2002,283,0.0954652591660277
"3206",2002,284,0.067302314991982
"3207",2002,285,0.060194256069568
"3208",2002,286,0.0705973381124215
"3209",2002,287,0.0599282106970525
"3210",2002,288,0.0141584251907159
"3211",2002,289,0.00901722025359343
"3212",2002,290,0.00871821487269353
"3213",2002,291,0.00675552733764906
"3214",2002,292,0.00622679459876957
"3215",2002,293,0.00486906945544755
"3216",2002,294,0.0743584417790706
"3217",2002,295,0.0322251633560198
"3218",2002,296,0.035487507684951
"3219",2002,297,0.0417889300150733
"3220",2002,298,0.0373877703638427
"3221",2002,299,0.0286467401130137
"3222",2002,300,0.00669552570409508
"3223",2002,301,0.00477024612456697
"3224",2002,302,0.00307662245231233
"3225",2002,303,0.00237713899632141
"3226",2002,304,0.00257311368464887
"3227",2002,305,0.00280791492041211
"3228",2002,306,0.00294813972878745
"3229",2002,307,0.00318192818023032
"3230",2002,308,0.00215371118656236
"3231",2002,309,0.00219719308600975
"3232",2002,310,0.00240355288939363
"3233",2002,311,0.00254706810986503
"3234",2002,312,0.00194009594728891
"3235",2002,313,0.0380474798424623
"3236",2002,314,0.0229573333460793
"3237",2002,315,0.0253496370135918
"3238",2002,316,0.00806389205806793
"3239",2002,317,0.00511864619423646
"3240",2002,318,0.00377567278637052
"3241",2002,319,0.00311556294645293
"3242",2002,320,0.00283239194522807
"3243",2002,321,0.00257108042990891
"3244",2002,322,0.00242493108290258
"3245",2002,323,0.00232955227747759
"3246",2002,324,0.00241616687474014
"3247",2002,325,0.00196894680969927
"3248",2002,326,0.00167832226185647
"3249",2002,327,0.00107808581876088
"3250",2002,328,0.000807339420651139
"3251",2002,329,0.000800260696863502
"3252",2002,330,0.000781372209176387
"3253",2002,331,0.00114608638151369
"3254",2002,332,0.00151297143056791
"3255",2002,333,0.0010901669847513
"3256",2002,334,0.00104983119348123
"3257",2002,335,0.00115377844160078
"3258",2002,336,0.00098964329115293
"3259",2002,337,0.000515730332907526
"3260",2002,338,0.000439534811297662
"3261",2002,339,0.000626327229419238
"3262",2002,340,0.000879242149935858
"3263",2002,341,0.00064454346374462
"3264",2002,342,0.000644666258658764
"3265",2002,343,0.000833865298013001
"3266",2002,344,0.000909850342743695
"3267",2002,345,0.00080277780812665
"3268",2002,346,0.000703552542715082
"3269",2002,347,0.000826233631175427
"3270",2002,348,0.000851442555784728
"3271",2002,349,0.000909529933052188
"3272",2002,350,0.000735794245462583
"3273",2002,351,0.00068634595419087
"3274",2002,352,0.000647972066523716
"3275",2002,353,0.00052534225951751
"3276",2002,354,0.000434111562103601
"3277",2002,355,0.000379515095539106
"3278",2002,356,0.000356374451202531
"3279",2002,357,0.000362211448385295
"3280",2002,358,0.000372746725881764
"3281",2002,359,0.000434385321292944
"3282",2002,360,0.000477338558822487
"3283",2002,361,0.000547878699406585
"3284",2002,362,0.000621882032091286
"3285",2002,363,0.000597767316138016
"3286",2002,364,0.000441142265120499
"3287",2002,365,0.000527429014106185
"3288",2002,366,0.000357577756193061
"3289",2003,1,0.000612391861946131
"3290",2003,2,0.000675521561277927
"3291",2003,3,0.000745017951503898
"3292",2003,4,0.0434035655917968
"3293",2003,5,0.0163311211976846
"3294",2003,6,0.00521184201274486
"3295",2003,7,0.00442731550864993
"3296",2003,8,0.0032696935200677
"3297",2003,9,0.00177790548988012
"3298",2003,10,0.00128932771717344
"3299",2003,11,0.00128807469238339
"3300",2003,12,0.00125550668505405
"3301",2003,13,0.00106822634722795
"3302",2003,14,0.014604904823372
"3303",2003,15,0.0158957481449638
"3304",2003,16,0.0162872826616872
"3305",2003,17,0.0217170651558836
"3306",2003,18,0.0281957186730241
"3307",2003,19,0.0358136643778969
"3308",2003,20,0.0227751533332792
"3309",2003,21,0.0155865364157181
"3310",2003,22,0.0091580875691608
"3311",2003,23,0.017180856980178
"3312",2003,24,0.0220028750805362
"3313",2003,25,0.0155733555759635
"3314",2003,26,0.0316064339278363
"3315",2003,27,0.0437399324400296
"3316",2003,28,0.0342534430657008
"3317",2003,29,0.035510483706167
"3318",2003,30,0.0482888132068331
"3319",2003,31,0.0549667800502003
"3320",2003,32,0.0555686909594272
"3321",2003,33,0.043844683873531
"3322",2003,34,0.0398892278633184
"3323",2003,35,0.039239702848919
"3324",2003,36,0.0394476350786797
"3325",2003,37,0.0347912473253159
"3326",2003,38,0.0420498326918714
"3327",2003,39,0.0403093599480331
"3328",2003,40,0.0442340137276919
"3329",2003,41,0.0453460861041899
"3330",2003,42,0.0469516410349253
"3331",2003,43,0.0512063219627375
"3332",2003,44,0.0545999163685074
"3333",2003,45,0.0435339103943332
"3334",2003,46,0.0529077150600436
"3335",2003,47,0.0644047957591469
"3336",2003,48,0.0529709814767504
"3337",2003,49,0.0557838260771801
"3338",2003,50,0.0671185918714075
"3339",2003,51,0.0608063883295256
"3340",2003,52,0.0336032969358338
"3341",2003,53,0.0258941549071507
"3342",2003,54,0.0197065730038745
"3343",2003,55,0.0239061871822922
"3344",2003,56,0.0404153749117235
"3345",2003,57,0.0539416542767419
"3346",2003,58,0.0529664596130484
"3347",2003,59,0.0633432992121935
"3348",2003,60,0.0442049340715123
"3349",2003,61,0.0531454724539182
"3350",2003,62,0.0470589543385517
"3351",2003,63,0.0307439529187368
"3352",2003,64,0.0510196817580867
"3353",2003,65,0.0399996002404419
"3354",2003,66,0.0282702619550176
"3355",2003,67,0.0212089205948188
"3356",2003,68,0.0250854366354471
"3357",2003,69,0.0543900435878409
"3358",2003,70,0.0475378595124679
"3359",2003,71,0.0691215490288779
"3360",2003,72,0.110447232862145
"3361",2003,73,0.124948182177451
"3362",2003,74,0.125750798303788
"3363",2003,75,0.121372490710431
"3364",2003,76,0.11740595497691
"3365",2003,77,0.0442402447222953
"3366",2003,78,0.00502047196030399
"3367",2003,79,0.00470497340190673
"3368",2003,80,0.00448099857829438
"3369",2003,81,0.0046238149097545
"3370",2003,82,0.00397840143193117
"3371",2003,83,0.00359222081927238
"3372",2003,84,0.00334569272771906
"3373",2003,85,0.00340102401753095
"3374",2003,86,0.00296707303963238
"3375",2003,87,0.00279848126938289
"3376",2003,88,0.00315377849829954
"3377",2003,89,0.00387147830838083
"3378",2003,90,0.00400059364524316
"3379",2003,91,0.135108148298732
"3380",2003,92,0.0860146432321229
"3381",2003,93,0.0885223530413021
"3382",2003,94,0.0988234460041282
"3383",2003,95,0.103782504261806
"3384",2003,96,0.102324683688797
"3385",2003,97,0.0937183580813792
"3386",2003,98,0.00538189279975601
"3387",2003,99,0.00563116105940507
"3388",2003,100,0.004838584613836
"3389",2003,101,0.00540303320177796
"3390",2003,102,0.00516870137192052
"3391",2003,103,0.00482043950986658
"3392",2003,104,0.182035617237828
"3393",2003,105,0.180659175861341
"3394",2003,106,0.161146713520753
"3395",2003,107,0.161992879697064
"3396",2003,108,0.184634880308569
"3397",2003,109,0.17670224733052
"3398",2003,110,0.182243675819884
"3399",2003,111,0.185172128415647
"3400",2003,112,0.160991935004091
"3401",2003,113,0.0161441028153819
"3402",2003,114,0.0150623064992404
"3403",2003,115,0.194371302190778
"3404",2003,116,0.20666056124573
"3405",2003,117,0.158040081443506
"3406",2003,118,0.135112499843989
"3407",2003,119,0.117037169052731
"3408",2003,120,0.0073628255347962
"3409",2003,121,0.00733252244586708
"3410",2003,122,0.00763388168656302
"3411",2003,123,0.00789164253871509
"3412",2003,124,0.227130287282486
"3413",2003,125,0.199795199902689
"3414",2003,126,0.203695453001263
"3415",2003,127,0.218007447930301
"3416",2003,128,0.182348182403668
"3417",2003,129,0.223153078647262
"3418",2003,130,0.209340707151194
"3419",2003,131,0.216234320569786
"3420",2003,132,0.266742356049102
"3421",2003,133,0.249480730008158
"3422",2003,134,0.262293140494147
"3423",2003,135,0.305455398521135
"3424",2003,136,0.246475575288013
"3425",2003,137,0.240496928171042
"3426",2003,138,0.235544456867977
"3427",2003,139,0.221616042583024
"3428",2003,140,0.230157873875591
"3429",2003,141,0.112326513300628
"3430",2003,142,0.120243705474835
"3431",2003,143,0.121898256251266
"3432",2003,144,0.111951790654416
"3433",2003,145,0.10860288907072
"3434",2003,146,0.0881927364790264
"3435",2003,147,0.0763028759745805
"3436",2003,148,0.0649781521152917
"3437",2003,149,0.0646988303257152
"3438",2003,150,0.0448647718412401
"3439",2003,151,0.278436459394896
"3440",2003,152,0.313312853840104
"3441",2003,153,0.272538276133259
"3442",2003,154,0.267230975445699
"3443",2003,155,0.208054615325231
"3444",2003,156,0.211631269442709
"3445",2003,157,0.299126203264737
"3446",2003,158,0.26028359503457
"3447",2003,159,0.273229385610029
"3448",2003,160,0.254185762723439
"3449",2003,161,0.247767481487257
"3450",2003,162,0.258782643008367
"3451",2003,163,0.163535074994923
"3452",2003,164,0.0123002342665164
"3453",2003,165,0.236508124048191
"3454",2003,166,0.111342694167365
"3455",2003,167,0.00968995641430311
"3456",2003,168,0.00934341991441631
"3457",2003,169,0.00936209419946479
"3458",2003,170,0.00828120816986174
"3459",2003,171,0.169362181671955
"3460",2003,172,0.00409261585974733
"3461",2003,173,0.00406796702250325
"3462",2003,174,0.00398959406167049
"3463",2003,175,0.00396932702121072
"3464",2003,176,0.00385434052006669
"3465",2003,177,0.0471123584055235
"3466",2003,178,0.199464511842351
"3467",2003,179,0.00956887633433766
"3468",2003,180,0.008786727236029
"3469",2003,181,0.00904139453902942
"3470",2003,182,0.00821133468132639
"3471",2003,183,0.00737399427808497
"3472",2003,184,0.00646596591796277
"3473",2003,185,0.00628366349333288
"3474",2003,186,0.00603932605074601
"3475",2003,187,0.00544553858731223
"3476",2003,188,0.00530478883651093
"3477",2003,189,0.294348633095503
"3478",2003,190,0.196444098382574
"3479",2003,191,0.0271888074166769
"3480",2003,192,0.0133236340943626
"3481",2003,193,0.01175697260406
"3482",2003,194,0.00889336791020942
"3483",2003,195,0.00720324401460607
"3484",2003,196,0.00692851768364531
"3485",2003,197,0.00652319780399673
"3486",2003,198,0.00644855439904604
"3487",2003,199,0.00587661810377032
"3488",2003,200,0.00554275796797365
"3489",2003,201,0.00482620916518343
"3490",2003,202,0.0045438251216077
"3491",2003,203,0.00368423036533645
"3492",2003,204,0.00142821379646103
"3493",2003,205,0.00141576807102499
"3494",2003,206,0.00128616593569337
"3495",2003,207,0.00119524260597834
"3496",2003,208,0.00125529431631889
"3497",2003,209,0.00127627162598448
"3498",2003,210,0.00118115519682625
"3499",2003,211,0.00117514763541071
"3500",2003,212,0.00112559803313281
"3501",2003,213,0.00110610027265282
"3502",2003,214,0.0011550035609322
"3503",2003,215,0.00113546997589714
"3504",2003,216,0.052634375803751
"3505",2003,217,0.0117101574404024
"3506",2003,218,0.422991551622329
"3507",2003,219,0.405010038158742
"3508",2003,220,0.379009039188993
"3509",2003,221,0.378254276606982
"3510",2003,222,0.394740508698439
"3511",2003,223,0.32008187081381
"3512",2003,224,0.210100473572625
"3513",2003,225,0.215419349793878
"3514",2003,226,0.207068975645344
"3515",2003,227,0.177441651994738
"3516",2003,228,0.146488535837669
"3517",2003,229,0.0885318364549076
"3518",2003,230,0.064069311620941
"3519",2003,231,0.0543192719281552
"3520",2003,232,0.017604657953834
"3521",2003,233,0.0114241620108488
"3522",2003,234,0.00543720139605126
"3523",2003,235,0.00492845107627966
"3524",2003,236,0.00432993636666416
"3525",2003,237,0.00412146099077284
"3526",2003,238,0.00401074719499941
"3527",2003,239,0.003833904135128
"3528",2003,240,0.00356616456653629
"3529",2003,241,0.00335843266651577
"3530",2003,242,0.00331339755139075
"3531",2003,243,0.00332127673846402
"3532",2003,244,0.00328742547957601
"3533",2003,245,0.00306706873078568
"3534",2003,246,0.0030356514268105
"3535",2003,247,0.00304433186950827
"3536",2003,248,0.00300403445300299
"3537",2003,249,0.00290116116315102
"3538",2003,250,0.00282381328951849
"3539",2003,251,0.00619605011578142
"3540",2003,252,0.00236617189245336
"3541",2003,253,0.00218855537340829
"3542",2003,254,0.00216494150956385
"3543",2003,255,0.0353769309424982
"3544",2003,256,0.00718556051670033
"3545",2003,257,0.0067474961999876
"3546",2003,258,0.00588243432231143
"3547",2003,259,0.168176630780306
"3548",2003,260,0.126829126874266
"3549",2003,261,0.126165469148416
"3550",2003,262,0.182193343110202
"3551",2003,263,0.174972521345003
"3552",2003,264,0.132432474088082
"3553",2003,265,0.135386236750889
"3554",2003,266,0.112541171570544
"3555",2003,267,0.102992802455165
"3556",2003,268,0.100031281659762
"3557",2003,269,0.0051817247073454
"3558",2003,270,0.00449993795311995
"3559",2003,271,0.00395869623665007
"3560",2003,272,0.00345289890396624
"3561",2003,273,0.00328881419602379
"3562",2003,274,0.00329555890485208
"3563",2003,275,0.00319963086229788
"3564",2003,276,0.00308206869787406
"3565",2003,277,0.00313128321129892
"3566",2003,278,0.00295508772018149
"3567",2003,279,0.0028829583705993
"3568",2003,280,0.029983988228464
"3569",2003,281,0.00374257204915909
"3570",2003,282,0.00323413507319559
"3571",2003,283,0.00271572717349371
"3572",2003,284,0.00243460628575072
"3573",2003,285,0.00237634985010444
"3574",2003,286,0.00212245071820636
"3575",2003,287,0.0843657005667783
"3576",2003,288,0.0528589296923857
"3577",2003,289,0.0469298849286633
"3578",2003,290,0.00650313216179256
"3579",2003,291,0.00564746238204869
"3580",2003,292,0.00477179191449629
"3581",2003,293,0.00371997125114487
"3582",2003,294,0.00392090836928084
"3583",2003,295,0.00308198573037243
"3584",2003,296,0.00246922362188275
"3585",2003,297,0.00192853353985325
"3586",2003,298,0.00177928552293821
"3587",2003,299,0.0020672259633252
"3588",2003,300,0.00206846279307733
"3589",2003,301,0.0789848039083567
"3590",2003,302,0.0415866379988405
"3591",2003,303,0.0325116457053547
"3592",2003,304,0.026451898091958
"3593",2003,305,0.0268905274397078
"3594",2003,306,0.0284059711376377
"3595",2003,307,0.0366864428813063
"3596",2003,308,0.0263810988871697
"3597",2003,309,0.0232516425684621
"3598",2003,310,0.0292305757029354
"3599",2003,311,0.0300617130891367
"3600",2003,312,0.0306519146317142
"3601",2003,313,0.00485529260572672
"3602",2003,314,0.0321142066312155
"3603",2003,315,0.0318762683440113
"3604",2003,316,0.0288659953358725
"3605",2003,317,0.0314423703420796
"3606",2003,318,0.0302164462211585
"3607",2003,319,0.0277794513999725
"3608",2003,320,0.0290698732722704
"3609",2003,321,0.0306055998089211
"3610",2003,322,0.0356313063181053
"3611",2003,323,0.0360994537904651
"3612",2003,324,0.0208143732509811
"3613",2003,325,0.0160460951415071
"3614",2003,326,0.0127055764924339
"3615",2003,327,0.013972936157424
"3616",2003,328,0.0230950901941858
"3617",2003,329,0.0242968911526886
"3618",2003,330,0.0254313882396774
"3619",2003,331,0.0229987792449816
"3620",2003,332,0.0268034459788482
"3621",2003,333,0.0369560988969497
"3622",2003,334,0.030975957949408
"3623",2003,335,0.0256389335171182
"3624",2003,336,0.0313805457064307
"3625",2003,337,0.0320253310456317
"3626",2003,338,0.0208523290490044
"3627",2003,339,0.00196426238084863
"3628",2003,340,0.0239497645283532
"3629",2003,341,0.0370557936624797
"3630",2003,342,0.0235758557349889
"3631",2003,343,0.0131398468412818
"3632",2003,344,0.011268157074852
"3633",2003,345,0.0112746449971753
"3634",2003,346,0.0131253673177363
"3635",2003,347,0.0169014320372903
"3636",2003,348,0.0196607470822446
"3637",2003,349,0.01605811265365
"3638",2003,350,0.0189371927743246
"3639",2003,351,0.0201149421340807
"3640",2003,352,0.0173200649739282
"3641",2003,353,0.0121269022915736
"3642",2003,354,0.00575574490547663
"3643",2003,355,0.00372408329169026
"3644",2003,356,0.00279927500103151
"3645",2003,357,0.00261316284581784
"3646",2003,358,0.00235387355793996
"3647",2003,359,0.00231650492770596
"3648",2003,360,0.0224139591320565
"3649",2003,361,0.0203877702305786
"3650",2003,362,0.0167599505327503
"3651",2003,363,0.0121827309662183
"3652",2003,364,0.012050106449334
"3653",2003,365,0.0151302443240912
"3654",2004,1,0.0157244504697186
"3655",2004,2,0.010454151744731
"3656",2004,3,0.00679714260871721
"3657",2004,4,0.00566221558217062
"3658",2004,5,0.00660622510875436
"3659",2004,6,0.00970405416621595
"3660",2004,7,0.0141167812392816
"3661",2004,8,0.0217747466506805
"3662",2004,9,0.0256423395616905
"3663",2004,10,0.0316827601452132
"3664",2004,11,0.0325698631363375
"3665",2004,12,0.0266366069173476
"3666",2004,13,0.0272898503757241
"3667",2004,14,0.0335650002483017
"3668",2004,15,0.0370963742409283
"3669",2004,16,0.0358283587532618
"3670",2004,17,0.0290308893245997
"3671",2004,18,0.0255246855231992
"3672",2004,19,0.0283318578683304
"3673",2004,20,0.0322282698428853
"3674",2004,21,0.0272536906514262
"3675",2004,22,0.0325951500873364
"3676",2004,23,0.0390485456101874
"3677",2004,24,0.0297696811679357
"3678",2004,25,0.0167183489132483
"3679",2004,26,0.0137283417163215
"3680",2004,27,0.00941204294522215
"3681",2004,28,0.00873500583940863
"3682",2004,29,0.0108356713503756
"3683",2004,30,0.0186630553241423
"3684",2004,31,0.0177710374820849
"3685",2004,32,0.0152319223237066
"3686",2004,33,0.0172357225169462
"3687",2004,34,0.0179586632247082
"3688",2004,35,0.0230530856751515
"3689",2004,36,0.0258513255299571
"3690",2004,37,0.0273278100977512
"3691",2004,38,0.0411577516885909
"3692",2004,39,0.0442727980677496
"3693",2004,40,0.0410033467875596
"3694",2004,41,0.0395311161577808
"3695",2004,42,0.0331270025284068
"3696",2004,43,0.0408775043348343
"3697",2004,44,0.0485143914178435
"3698",2004,45,0.0428665798060416
"3699",2004,46,0.0547384355279521
"3700",2004,47,0.0616022609385374
"3701",2004,48,0.0686981836605046
"3702",2004,49,0.0744035440501048
"3703",2004,50,0.071542365290715
"3704",2004,51,0.0671824005248181
"3705",2004,52,0.063823018885186
"3706",2004,53,0.0624857354278608
"3707",2004,54,0.0611387394815366
"3708",2004,55,0.0708096105088532
"3709",2004,56,0.0756062947773555
"3710",2004,57,0.0773708435821512
"3711",2004,58,0.0783409356083159
"3712",2004,59,0.0687461042992486
"3713",2004,60,0.0660061923898855
"3714",2004,61,0.0624204149897757
"3715",2004,62,0.0651962020829114
"3716",2004,63,0.0617390555685369
"3717",2004,64,0.0768846791801285
"3718",2004,65,0.0766620372053737
"3719",2004,66,0.085443342111589
"3720",2004,67,0.0953646747105944
"3721",2004,68,0.107777178119468
"3722",2004,69,0.114022525163957
"3723",2004,70,0.0897028095782146
"3724",2004,71,0.092296724857412
"3725",2004,72,0.109804961319447
"3726",2004,73,0.0908055825453085
"3727",2004,74,0.0920822959138855
"3728",2004,75,0.1093554035522
"3729",2004,76,0.108126817715325
"3730",2004,77,0.209820195513507
"3731",2004,78,0.190593988342827
"3732",2004,79,0.102919296211813
"3733",2004,80,0.0905255651518402
"3734",2004,81,0.0884009115911836
"3735",2004,82,0.0966268292402367
"3736",2004,83,0.117505655619502
"3737",2004,84,0.131487864112085
"3738",2004,85,0.119406397178203
"3739",2004,86,0.141153845569257
"3740",2004,87,0.118625161260388
"3741",2004,88,0.113653822983774
"3742",2004,89,0.0291607643256947
"3743",2004,90,0.0307258718036504
"3744",2004,91,0.0296166127741765
"3745",2004,92,0.0251842805437941
"3746",2004,93,0.0258009395785241
"3747",2004,94,0.0262956131736404
"3748",2004,95,0.0315212810248387
"3749",2004,96,0.032031227567815
"3750",2004,97,0.0328266675343892
"3751",2004,98,0.03009445993598
"3752",2004,99,0.0299844922694963
"3753",2004,100,0.0273158162359149
"3754",2004,101,0.0288272689202573
"3755",2004,102,0.0277655913298517
"3756",2004,103,0.03451727190843
"3757",2004,104,0.0379831970262504
"3758",2004,105,0.186708777457981
"3759",2004,106,0.193986756208378
"3760",2004,107,0.150573838171019
"3761",2004,108,0.151938167854807
"3762",2004,109,0.157431086982677
"3763",2004,110,0.0492367184952134
"3764",2004,111,0.0435019233167996
"3765",2004,112,0.0427556134156642
"3766",2004,113,0.0445311755335502
"3767",2004,114,0.0464086035810527
"3768",2004,115,0.0465384004862786
"3769",2004,116,0.0461450201278819
"3770",2004,117,0.0530182599770914
"3771",2004,118,0.0471221390223755
"3772",2004,119,0.195619846672942
"3773",2004,120,0.14863540749541
"3774",2004,121,0.0379773489210493
"3775",2004,122,0.0407982368737439
"3776",2004,123,0.0364264460559376
"3777",2004,124,0.0370453903221073
"3778",2004,125,0.0808203301585698
"3779",2004,126,0.0407323854336436
"3780",2004,127,0.0387806371679287
"3781",2004,128,0.0346574857450563
"3782",2004,129,0.0342587453707008
"3783",2004,130,0.0304871948693395
"3784",2004,131,0.175722150705772
"3785",2004,132,0.187490642578506
"3786",2004,133,0.146691514894308
"3787",2004,134,0.15767479333515
"3788",2004,135,0.14356099941639
"3789",2004,136,0.0232271948248075
"3790",2004,137,0.0216426500327526
"3791",2004,138,0.0217426434638486
"3792",2004,139,0.233569004037717
"3793",2004,140,0.281106052737069
"3794",2004,141,0.29882538991051
"3795",2004,142,0.277378680802628
"3796",2004,143,0.257726265589152
"3797",2004,144,0.257305609891576
"3798",2004,145,0.255385225393097
"3799",2004,146,0.283135607192498
"3800",2004,147,0.30265057856422
"3801",2004,148,0.319054531668622
"3802",2004,149,0.333287988436624
"3803",2004,150,0.286950572609826
"3804",2004,151,0.287629957701657
"3805",2004,152,0.288727542317938
"3806",2004,153,0.2862982227983
"3807",2004,154,0.239513509761159
"3808",2004,155,0.174534996744861
"3809",2004,156,0.175856207024508
"3810",2004,157,0.38227348651301
"3811",2004,158,0.329831331592243
"3812",2004,159,0.304495572894089
"3813",2004,160,0.309323513668879
"3814",2004,161,0.306598950151702
"3815",2004,162,0.325453174102565
"3816",2004,163,0.335964189976838
"3817",2004,164,0.320649733446018
"3818",2004,165,0.314894724925773
"3819",2004,166,0.32441725396621
"3820",2004,167,0.294283695620693
"3821",2004,168,0.172549969111468
"3822",2004,169,0.161541653412269
"3823",2004,170,0.155804835859029
"3824",2004,171,0.161488338941129
"3825",2004,172,0.16414664235534
"3826",2004,173,0.164254257922803
"3827",2004,174,0.334460700706872
"3828",2004,175,0.144640962972303
"3829",2004,176,0.112519337573737
"3830",2004,177,0.0950784418455693
"3831",2004,178,0.0820773705909937
"3832",2004,179,0.0794617596934939
"3833",2004,180,0.0659784833484924
"3834",2004,181,0.0674984037161426
"3835",2004,182,0.0601994849003769
"3836",2004,183,0.0578251171195315
"3837",2004,184,0.0416339931465221
"3838",2004,185,0.377159949211476
"3839",2004,186,0.359252973455522
"3840",2004,187,0.350298669925155
"3841",2004,188,0.358194658916492
"3842",2004,189,0.385273638110865
"3843",2004,190,0.255962052923168
"3844",2004,191,0.0500987747918506
"3845",2004,192,0.0331739501503985
"3846",2004,193,0.21575169072531
"3847",2004,194,0.024834862792329
"3848",2004,195,0.0252652657402049
"3849",2004,196,0.0259444550692313
"3850",2004,197,0.0245119252953289
"3851",2004,198,0.0246104886188723
"3852",2004,199,0.0247775859356627
"3853",2004,200,0.0161595160874843
"3854",2004,201,0.0138933330964087
"3855",2004,202,0.0129710953577024
"3856",2004,203,0.0107646701743018
"3857",2004,204,0.00961787417773501
"3858",2004,205,0.00910995930559046
"3859",2004,206,0.00983051943735274
"3860",2004,207,0.00934069510715445
"3861",2004,208,0.00889326240154721
"3862",2004,209,0.0075790110001136
"3863",2004,210,0.00701249827888314
"3864",2004,211,0.247010819427248
"3865",2004,212,0.171527302332741
"3866",2004,213,0.00931116647749061
"3867",2004,214,0.00620514203765452
"3868",2004,215,0.335343201846093
"3869",2004,216,0.369318609009987
"3870",2004,217,0.345840592376654
"3871",2004,218,0.388660294977672
"3872",2004,219,0.392974843961156
"3873",2004,220,0.336317062990486
"3874",2004,221,0.31204226154924
"3875",2004,222,0.282784538669553
"3876",2004,223,0.140662141482254
"3877",2004,224,0.111082730245455
"3878",2004,225,0.0583602820175377
"3879",2004,226,0.0136122925589972
"3880",2004,227,0.0125991486368818
"3881",2004,228,0.0104399778552735
"3882",2004,229,0.00579522678242309
"3883",2004,230,0.00543860164871541
"3884",2004,231,0.00513117549586183
"3885",2004,232,0.00504970017992525
"3886",2004,233,0.00490277556798609
"3887",2004,234,0.00428758169368181
"3888",2004,235,0.247052185281633
"3889",2004,236,0.285111904054475
"3890",2004,237,0.2510275681854
"3891",2004,238,0.205815868086589
"3892",2004,239,0.232811782315032
"3893",2004,240,0.179050492966829
"3894",2004,241,0.13572566729877
"3895",2004,242,0.0065960821786673
"3896",2004,243,0.00677561032523524
"3897",2004,244,0.00657216445598133
"3898",2004,245,0.00642373463722835
"3899",2004,246,0.00560835052795571
"3900",2004,247,0.00482356958093093
"3901",2004,248,0.00346301350804204
"3902",2004,249,0.00292195031077304
"3903",2004,250,0.0027160887740539
"3904",2004,251,0.00261679561217423
"3905",2004,252,0.00267977255518559
"3906",2004,253,0.00251654347687764
"3907",2004,254,0.00212148127242113
"3908",2004,255,0.00223712890304847
"3909",2004,256,0.0329714878507187
"3910",2004,257,0.178033807490473
"3911",2004,258,0.193330787256647
"3912",2004,259,0.165477648948189
"3913",2004,260,0.156542474706807
"3914",2004,261,0.150032825185677
"3915",2004,262,0.122301090819487
"3916",2004,263,0.173341886948499
"3917",2004,264,0.11678063233809
"3918",2004,265,0.11196938763887
"3919",2004,266,0.106331330796835
"3920",2004,267,0.0949990259137719
"3921",2004,268,0.0056014630937798
"3922",2004,269,0.00534246928143086
"3923",2004,270,0.00454653249150353
"3924",2004,271,0.00410139864423137
"3925",2004,272,0.00381866659707625
"3926",2004,273,0.00355074319498662
"3927",2004,274,0.00301618105769262
"3928",2004,275,0.00227426027569708
"3929",2004,276,0.00272088719569832
"3930",2004,277,0.00241467662899293
"3931",2004,278,0.00250518436827785
"3932",2004,279,0.00260507464312907
"3933",2004,280,0.00253544575761005
"3934",2004,281,0.00227471804466464
"3935",2004,282,0.00216298477279737
"3936",2004,283,0.00221366708857468
"3937",2004,284,0.00181630382871568
"3938",2004,285,0.00170400655543244
"3939",2004,286,0.00164830085997606
"3940",2004,287,0.000470575188483028
"3941",2004,288,0.000435987189417288
"3942",2004,289,0.0868097829839846
"3943",2004,290,0.0870721960148947
"3944",2004,291,0.0813658739104447
"3945",2004,292,0.0813035725832192
"3946",2004,293,0.0777246534312479
"3947",2004,294,0.0761620605284666
"3948",2004,295,0.0815211657065823
"3949",2004,296,0.0629314580339443
"3950",2004,297,0.0605507145771196
"3951",2004,298,0.052252974160062
"3952",2004,299,0.052086799989619
"3953",2004,300,0.0541978104547124
"3954",2004,301,0.0527012876381554
"3955",2004,302,0.0504207042232523
"3956",2004,303,0.0464480328504034
"3957",2004,304,0.050127537179646
"3958",2004,305,0.0442201449423484
"3959",2004,306,0.0409187415871039
"3960",2004,307,0.0485467608766885
"3961",2004,308,0.0436332274073443
"3962",2004,309,0.0411665202061497
"3963",2004,310,0.0364639171563628
"3964",2004,311,0.0076247082896816
"3965",2004,312,0.00530869931601222
"3966",2004,313,0.0054297960279855
"3967",2004,314,0.00467445458905196
"3968",2004,315,0.00365473825647835
"3969",2004,316,0.00340138155595674
"3970",2004,317,0.0032419631824581
"3971",2004,318,0.00338815154064219
"3972",2004,319,0.00321832070119955
"3973",2004,320,0.00339706334148278
"3974",2004,321,0.00337225457032294
"3975",2004,322,0.00287560394419117
"3976",2004,323,0.00253733816231733
"3977",2004,324,0.00213683927325247
"3978",2004,325,0.00164221272673624
"3979",2004,326,0.00191375362083158
"3980",2004,327,0.00160527820298726
"3981",2004,328,0.00130404618990386
"3982",2004,329,0.00150134193795398
"3983",2004,330,0.0512222424017323
"3984",2004,331,0.025556962126284
"3985",2004,332,0.0227190285345054
"3986",2004,333,0.0213305930218943
"3987",2004,334,0.0229757116870101
"3988",2004,335,0.0256842834643792
"3989",2004,336,0.0280201468309118
"3990",2004,337,0.0286969718799959
"3991",2004,338,0.0347856150230356
"3992",2004,339,0.0333704468507148
"3993",2004,340,0.0228092717127582
"3994",2004,341,0.0193777285697412
"3995",2004,342,0.0204037651055828
"3996",2004,343,0.0226676485036281
"3997",2004,344,0.0289387096699668
"3998",2004,345,0.0308201161784262
"3999",2004,346,0.0356373572095487
"4000",2004,347,0.0174908920945548
"4001",2004,348,0.0157084160384939
"4002",2004,349,0.0229948766956098
"4003",2004,350,0.0233656657889363
"4004",2004,351,0.0212489828174446
"4005",2004,352,0.0230338342066131
"4006",2004,353,0.0197430758816248
"4007",2004,354,0.0242152083930526
"4008",2004,355,0.0160211041334688
"4009",2004,356,0.00847176355343662
"4010",2004,357,0.00688965519208243
"4011",2004,358,0.00633475506804966
"4012",2004,359,0.00836447133649012
"4013",2004,360,0.0068920747270512
"4014",2004,361,0.00286617912164654
"4015",2004,362,0.00186920748673913
"4016",2004,363,0.00259400016485861
"4017",2004,364,0.0241413411455016
"4018",2004,365,0.0173395864002889
"4019",2005,1,0.00895060710143742
"4020",2005,2,0.00866501287635529
"4021",2005,3,0.00754003629324401
"4022",2005,4,0.00773081590358725
"4023",2005,5,0.00704560974433766
"4024",2005,6,0.0122823156164563
"4025",2005,7,0.0135120229580868
"4026",2005,8,0.0127304538523803
"4027",2005,9,0.0113762829478367
"4028",2005,10,0.0129989008487819
"4029",2005,11,0.0158471197084371
"4030",2005,12,0.0138456038106598
"4031",2005,13,0.00654880685619499
"4032",2005,14,0.00602522207403109
"4033",2005,15,0.00699396156192785
"4034",2005,16,0.0105433029716797
"4035",2005,17,0.0248507757360094
"4036",2005,18,0.041372852052475
"4037",2005,19,0.0498026755966189
"4038",2005,20,0.0492917680555063
"4039",2005,21,0.0330003054884613
"4040",2005,22,0.0278343297327423
"4041",2005,23,0.0510815084981162
"4042",2005,24,0.061036252137289
"4043",2005,25,0.0490327332349934
"4044",2005,26,0.042022162767187
"4045",2005,27,0.0449604680191704
"4046",2005,28,0.0459021037758446
"4047",2005,29,0.0400835486691301
"4048",2005,30,0.048682982176362
"4049",2005,31,0.0552083218555338
"4050",2005,32,0.0467357965887172
"4051",2005,33,0.00460878912145359
"4052",2005,34,0.00431993758940374
"4053",2005,35,0.00354680385422065
"4054",2005,36,0.00216898645195404
"4055",2005,37,0.00117952806914736
"4056",2005,38,0.00125011132354152
"4057",2005,39,0.0018607901190629
"4058",2005,40,0.00246658286465299
"4059",2005,41,0.00273111258306978
"4060",2005,42,0.00293094601506718
"4061",2005,43,0.00253861770836795
"4062",2005,44,0.0023059906941203
"4063",2005,45,0.00172434679764091
"4064",2005,46,0.00147628923864821
"4065",2005,47,0.00203872386148058
"4066",2005,48,0.00216649187986821
"4067",2005,49,0.0020487519512804
"4068",2005,50,0.00192716524367735
"4069",2005,51,0.00188009619316009
"4070",2005,52,0.00244097280339913
"4071",2005,53,0.00295210916988292
"4072",2005,54,0.00346527395719823
"4073",2005,55,0.00445602805121272
"4074",2005,56,0.00435059383734718
"4075",2005,57,0.00429883694661607
"4076",2005,58,0.00403861542550363
"4077",2005,59,0.00444598856628763
"4078",2005,60,0.00531435464456606
"4079",2005,61,0.00588718038680167
"4080",2005,62,0.00630066085220032
"4081",2005,63,0.00677269964980628
"4082",2005,64,0.00731301965873971
"4083",2005,65,0.00727934849181081
"4084",2005,66,0.00684644433519636
"4085",2005,67,0.00772718113341587
"4086",2005,68,0.00869784364120302
"4087",2005,69,0.0074200861698032
"4088",2005,70,0.118181597567187
"4089",2005,71,0.0119586331026487
"4090",2005,72,0.00957631129928635
"4091",2005,73,0.054755295881612
"4092",2005,74,0.00963281437601959
"4093",2005,75,0.0106141477668947
"4094",2005,76,0.0842638949876985
"4095",2005,77,0.0840518618842352
"4096",2005,78,0.0951266946434402
"4097",2005,79,0.104524475722527
"4098",2005,80,0.0935760896674243
"4099",2005,81,0.115028838627941
"4100",2005,82,0.0945011108218247
"4101",2005,83,0.079096683600948
"4102",2005,84,0.0905754281636022
"4103",2005,85,0.121687658423205
"4104",2005,86,0.000386620500171064
"4105",2005,87,0.131235792708584
"4106",2005,88,0.118637829999858
"4107",2005,89,0.113845493665614
"4108",2005,90,0.11588503436947
"4109",2005,91,0.133477839363065
"4110",2005,92,0.132108741666875
"4111",2005,93,0.136829137103367
"4112",2005,94,0.0415083985689534
"4113",2005,95,0.0340729827626207
"4114",2005,96,0.034717681240818
"4115",2005,97,0.0388126116839338
"4116",2005,98,0.0346564005784296
"4117",2005,99,0.159886330039585
"4118",2005,100,0.140510323138936
"4119",2005,101,0.147608930719986
"4120",2005,102,0.162283374730845
"4121",2005,103,0.180972096692081
"4122",2005,104,0.161036741482273
"4123",2005,105,0.150712546856384
"4124",2005,106,0.0534372056411063
"4125",2005,107,0.0536960187835835
"4126",2005,108,0.18858717036724
"4127",2005,109,0.166718953154905
"4128",2005,110,0.160251951435793
"4129",2005,111,0.169111945994341
"4130",2005,112,0.0506476124590696
"4131",2005,113,0.0541211018368148
"4132",2005,114,0.0569427135498813
"4133",2005,115,0.198065029524429
"4134",2005,116,0.193144371123917
"4135",2005,117,0.163261398510956
"4136",2005,118,0.0606318885107569
"4137",2005,119,0.0499431885153288
"4138",2005,120,0.0480065576862385
"4139",2005,121,0.0497016497043747
"4140",2005,122,0.0509260837435836
"4141",2005,123,0.058849916729535
"4142",2005,124,0.0679362741761973
"4143",2005,125,0.0708546450492934
"4144",2005,126,0.0810973546354442
"4145",2005,127,0.0774363877349113
"4146",2005,128,0.0728183370489751
"4147",2005,129,0.061487062890623
"4148",2005,130,0.0566033750012582
"4149",2005,131,0.200973098498168
"4150",2005,132,0.195529216736024
"4151",2005,133,0.210165658331378
"4152",2005,134,0.192335534861794
"4153",2005,135,0.20902290520459
"4154",2005,136,0.288050293342915
"4155",2005,137,0.289431755800959
"4156",2005,138,0.271997217309841
"4157",2005,139,0.281574823256192
"4158",2005,140,0.264588808733208
"4159",2005,141,0.108424060361408
"4160",2005,142,0.308115602180955
"4161",2005,143,0.227775697348422
"4162",2005,144,0.163966093346189
"4163",2005,145,0.0419033347037785
"4164",2005,146,0.0394765345214461
"4165",2005,147,0.039945741185493
"4166",2005,148,0.03703966022198
"4167",2005,149,0.0280166162058429
"4168",2005,150,0.234854770978913
"4169",2005,151,0.275419945869929
"4170",2005,152,0.263740680194267
"4171",2005,153,0.195581463847577
"4172",2005,154,0.128393053230045
"4173",2005,155,0.0572756369107883
"4174",2005,156,0.0279175443061837
"4175",2005,157,0.320845559993604
"4176",2005,158,0.331119820883311
"4177",2005,159,0.319942306505669
"4178",2005,160,0.328890390183989
"4179",2005,161,0.3395307051728
"4180",2005,162,0.353873005718902
"4181",2005,163,0.344853574145773
"4182",2005,164,0.318944655201608
"4183",2005,165,0.335534271969055
"4184",2005,166,0.352334688394573
"4185",2005,167,0.398696907967539
"4186",2005,168,0.40744014642468
"4187",2005,169,0.384784399359163
"4188",2005,170,0.359585742769253
"4189",2005,171,0.38693702133544
"4190",2005,172,0.387070318733963
"4191",2005,173,0.219922576597886
"4192",2005,174,0.185630819310083
"4193",2005,175,0.171528515253556
"4194",2005,176,0.386853569531181
"4195",2005,177,0.367411777182302
"4196",2005,178,0.374122964614319
"4197",2005,179,0.377158820892512
"4198",2005,180,0.329418860019196
"4199",2005,181,0.341363081789198
"4200",2005,182,0.365967869124642
"4201",2005,183,0.191318222169195
"4202",2005,184,0.170878949655648
"4203",2005,185,0.171464238252871
"4204",2005,186,0.174492726446564
"4205",2005,187,0.158929159951827
"4206",2005,188,0.116486244440506
"4207",2005,189,0.0883032671500998
"4208",2005,190,0.0760009782628722
"4209",2005,191,0.268501594219413
"4210",2005,192,0.0679609129203987
"4211",2005,193,0.0399726614054818
"4212",2005,194,0.39481947995079
"4213",2005,195,0.260410743156675
"4214",2005,196,0.208988101545638
"4215",2005,197,0.026920688592443
"4216",2005,198,0.0224270011254754
"4217",2005,199,0.0231505536602971
"4218",2005,200,0.0236551263120034
"4219",2005,201,0.0143989294263606
"4220",2005,202,0.0112923720130883
"4221",2005,203,0.0107395873911048
"4222",2005,204,0.0112152112369594
"4223",2005,205,0.0103675899469051
"4224",2005,206,0.00805128129505877
"4225",2005,207,0.00772608977818559
"4226",2005,208,0.00818759201769441
"4227",2005,209,0.00822953927965908
"4228",2005,210,0.00834942883113816
"4229",2005,211,0.00829169575619966
"4230",2005,212,0.00833923691936151
"4231",2005,213,0.00810910550457527
"4232",2005,214,0.00366300100137693
"4233",2005,215,0.00250892362826552
"4234",2005,216,0.00251735803781121
"4235",2005,217,0.00267101851267846
"4236",2005,218,0.00265762864417403
"4237",2005,219,0.00264310900707002
"4238",2005,220,0.00232404045005097
"4239",2005,221,0.315182896088743
"4240",2005,222,0.216431051479858
"4241",2005,223,0.14068418837111
"4242",2005,224,0.0055751057056853
"4243",2005,225,0.00529167873298329
"4244",2005,226,0.00526771966832375
"4245",2005,227,0.00514773637976657
"4246",2005,228,0.0050508319145241
"4247",2005,229,0.204436413970955
"4248",2005,230,0.0259219408815719
"4249",2005,231,0.0112302921054301
"4250",2005,232,0.00929070896615511
"4251",2005,233,0.00850448316440177
"4252",2005,234,0.00768840624398272
"4253",2005,235,0.00647882811826299
"4254",2005,236,0.00552178777877499
"4255",2005,237,0.0051740121408698
"4256",2005,238,0.00501489812553298
"4257",2005,239,0.00455803753981906
"4258",2005,240,0.00421764330193722
"4259",2005,241,0.00410993175527661
"4260",2005,242,0.147913655018159
"4261",2005,243,0.00385576398122147
"4262",2005,244,0.0037471988855596
"4263",2005,245,0.00377663661174992
"4264",2005,246,0.00374155732794772
"4265",2005,247,0.00348264049005714
"4266",2005,248,0.00310184869204924
"4267",2005,249,0.00281405747347318
"4268",2005,250,0.00118747694046097
"4269",2005,251,0.000689183774229913
"4270",2005,252,0.000679313430812526
"4271",2005,253,0.0927262762745915
"4272",2005,254,0.00490518529549644
"4273",2005,255,0.00432357241894826
"4274",2005,256,0.00414673164638028
"4275",2005,257,0.00404725823594585
"4276",2005,258,0.00386765180437025
"4277",2005,259,0.00344145053190809
"4278",2005,260,0.00310648168427096
"4279",2005,261,0.00303428331817913
"4280",2005,262,0.00305404789015213
"4281",2005,263,0.00295497678025604
"4282",2005,264,0.00248288666802679
"4283",2005,265,0.00243508591619244
"4284",2005,266,0.00205004292381079
"4285",2005,267,0.00185164977474108
"4286",2005,268,0.00201958071663168
"4287",2005,269,0.0020905824682766
"4288",2005,270,0.00032016734755927
"4289",2005,271,0.000303446014446965
"4290",2005,272,0.000360299660505948
"4291",2005,273,0.00036559964067461
"4292",2005,274,0.00032789881835695
"4293",2005,275,0.000274738259049947
"4294",2005,276,0.119814391131786
"4295",2005,277,0.11037704900533
"4296",2005,278,0.0886650586028064
"4297",2005,279,0.091674878910964
"4298",2005,280,0.106807011839064
"4299",2005,281,0.0923971819428976
"4300",2005,282,0.11625588760931
"4301",2005,283,0.0862405033890531
"4302",2005,284,0.0914152929326387
"4303",2005,285,0.0892935733640614
"4304",2005,286,0.0941465227238583
"4305",2005,287,0.0854693509704866
"4306",2005,288,0.0876186362193751
"4307",2005,289,0.0267856577280878
"4308",2005,290,0.0248213145507837
"4309",2005,291,0.0193227287903939
"4310",2005,292,0.101601334327734
"4311",2005,293,0.0935701309253999
"4312",2005,294,0.0609887061246833
"4313",2005,295,0.0542350129178927
"4314",2005,296,0.0582525845755019
"4315",2005,297,0.0672817556242645
"4316",2005,298,0.0694996896763984
"4317",2005,299,0.0646906443764482
"4318",2005,300,0.0171378200226368
"4319",2005,301,0.0781235374079364
"4320",2005,302,0.0544659411764414
"4321",2005,303,0.0507161127055605
"4322",2005,304,0.0464382120285963
"4323",2005,305,0.0514966914025765
"4324",2005,306,0.0729906705179832
"4325",2005,307,0.039984094640904
"4326",2005,308,0.0445063969526904
"4327",2005,309,0.0405307188052795
"4328",2005,310,0.0422400884894794
"4329",2005,311,0.0355795956509496
"4330",2005,312,0.0343021238504029
"4331",2005,313,0.0346044073197969
"4332",2005,314,0.0471161347233522
"4333",2005,315,0.0429052633883479
"4334",2005,316,0.0350176302376117
"4335",2005,317,0.0285341921564955
"4336",2005,318,0.0250549947938516
"4337",2005,319,0.0204598498145945
"4338",2005,320,0.0228159270318913
"4339",2005,321,0.0295249649324167
"4340",2005,322,0.0318872735345154
"4341",2005,323,0.0282323916409608
"4342",2005,324,0.0126318587666169
"4343",2005,325,0.00585773402073581
"4344",2005,326,0.00570957237504729
"4345",2005,327,0.00475756947259172
"4346",2005,328,0.00338479673411488
"4347",2005,329,0.00347918885913267
"4348",2005,330,0.0474964083633283
"4349",2005,331,0.0213573418850534
"4350",2005,332,0.0159442882409444
"4351",2005,333,0.0120619387239278
"4352",2005,334,0.0105053382504233
"4353",2005,335,0.00845453408383029
"4354",2005,336,0.00863687410263947
"4355",2005,337,0.00828885616363691
"4356",2005,338,0.00940291981370455
"4357",2005,339,0.00822554384727953
"4358",2005,340,0.00809199050237316
"4359",2005,341,0.00756337955392942
"4360",2005,342,0.0134606279238678
"4361",2005,343,0.0214183884248179
"4362",2005,344,0.0266860733612778
"4363",2005,345,0.0293262118038378
"4364",2005,346,0.0263517710975236
"4365",2005,347,0.0227902992669505
"4366",2005,348,0.0215167999361089
"4367",2005,349,0.0168524135437895
"4368",2005,350,0.0130096607011306
"4369",2005,351,0.00926532440697793
"4370",2005,352,0.0093874089225739
"4371",2005,353,0.0121619915651419
"4372",2005,354,0.0186153134405718
"4373",2005,355,0.0286047685583835
"4374",2005,356,0.0328004133252748
"4375",2005,357,0.0316179545304387
"4376",2005,358,0.00616463233951562
"4377",2005,359,0.027236732553156
"4378",2005,360,0.024450123902964
"4379",2005,361,0.0249496407626852
"4380",2005,362,0.0236711058500854
"4381",2005,363,0.0269425709798585
"4382",2005,364,0.0229400969740493
"4383",2005,365,0.0278811942748959
"4384",2006,1,0.027882509494801
"4385",2006,2,0.0294182323843162
"4386",2006,3,0.0303271789881367
"4387",2006,4,0.031042665592082
"4388",2006,5,0.032102849174501
"4389",2006,6,0.0375038623761063
"4390",2006,7,0.0331025002287529
"4391",2006,8,0.0267557524346694
"4392",2006,9,0.0317221995605687
"4393",2006,10,0.0367596430327291
"4394",2006,11,0.0380315095234361
"4395",2006,12,0.0330667986296711
"4396",2006,13,0.0338290326681951
"4397",2006,14,0.0220869370707182
"4398",2006,15,0.0276846671590728
"4399",2006,16,0.0217436346498002
"4400",2006,17,0.0264005989975576
"4401",2006,18,0.0275797867678344
"4402",2006,19,0.0235364178820108
"4403",2006,20,0.0242950549136601
"4404",2006,21,0.0224426919994712
"4405",2006,22,0.0255092670374215
"4406",2006,23,0.0343183172234822
"4407",2006,24,0.0346280495481804
"4408",2006,25,0.0377909844248867
"4409",2006,26,0.0142102623099888
"4410",2006,27,0.00560678467819537
"4411",2006,28,0.00398263319046305
"4412",2006,29,0.00367463081831925
"4413",2006,30,0.00360769817031332
"4414",2006,31,0.0032317629631923
"4415",2006,32,0.00314598072365097
"4416",2006,33,0.00262554042459777
"4417",2006,34,0.0025515395432795
"4418",2006,35,0.0025242283520782
"4419",2006,36,0.00238609440965367
"4420",2006,37,0.0019651407720703
"4421",2006,38,0.00193671009145537
"4422",2006,39,0.00210488371684539
"4423",2006,40,0.00200267953431458
"4424",2006,41,0.00154551305417613
"4425",2006,42,0.00171502469925744
"4426",2006,43,0.00218541328818858
"4427",2006,44,0.00207349935949732
"4428",2006,45,0.00153939057659202
"4429",2006,46,0.000928228492250056
"4430",2006,47,0.000806726667384617
"4431",2006,48,0.000545246503062205
"4432",2006,49,0.000970991123431699
"4433",2006,50,0.00164677173055233
"4434",2006,51,0.0022212344826832
"4435",2006,52,0.0668061224131427
"4436",2006,53,0.0525317320489488
"4437",2006,54,0.0580174898437522
"4438",2006,55,0.0553854617646123
"4439",2006,56,0.0448477512557592
"4440",2006,57,0.0559241851813542
"4441",2006,58,0.0386688269360897
"4442",2006,59,0.0901203970551714
"4443",2006,60,0.0538193939646738
"4444",2006,61,0.0405719937551542
"4445",2006,62,0.0495289524143132
"4446",2006,63,0.0462785618556997
"4447",2006,64,0.0637872413689262
"4448",2006,65,0.0830087569381276
"4449",2006,66,0.0973104874634565
"4450",2006,67,0.0993990747887795
"4451",2006,68,0.0948329622544479
"4452",2006,69,0.0930501702667547
"4453",2006,70,0.0109529789692317
"4454",2006,71,0.0530228063996833
"4455",2006,72,0.063991962278441
"4456",2006,73,0.0732911038336689
"4457",2006,74,0.0674428290219642
"4458",2006,75,0.0765690792258704
"4459",2006,76,0.0837744780648463
"4460",2006,77,0.0548435643680255
"4461",2006,78,0.092270315086531
"4462",2006,79,0.0927474810681143
"4463",2006,80,0.0997245890585354
"4464",2006,81,0.0990122347775403
"4465",2006,82,0.111178889484221
"4466",2006,83,0.130107446258812
"4467",2006,84,0.0940103672913052
"4468",2006,85,0.0179829316013269
"4469",2006,86,0.0196022372958145
"4470",2006,87,0.0212673300671989
"4471",2006,88,0.0219774628257604
"4472",2006,89,0.0189807558125146
"4473",2006,90,0.0205915723374372
"4474",2006,91,0.024005079136352
"4475",2006,92,0.0215762661767136
"4476",2006,93,0.022898332261408
"4477",2006,94,0.0266554737149558
"4478",2006,95,0.182941174395489
"4479",2006,96,0.162454581819865
"4480",2006,97,0.132027160651681
"4481",2006,98,0.153663274144753
"4482",2006,99,0.157104354035041
"4483",2006,100,0.145596263317458
"4484",2006,101,0.152026204687715
"4485",2006,102,0.159092974715226
"4486",2006,103,0.15196407968288
"4487",2006,104,0.0440151082092161
"4488",2006,105,0.0437132860824326
"4489",2006,106,0.196825728732773
"4490",2006,107,0.170287955401203
"4491",2006,108,0.156803187390156
"4492",2006,109,0.164142875576667
"4493",2006,110,0.175016803115484
"4494",2006,111,0.193351372930765
"4495",2006,112,0.195531443018846
"4496",2006,113,0.151688819187208
"4497",2006,114,0.139710889304581
"4498",2006,115,0.0549674891515529
"4499",2006,116,0.0610720373433343
"4500",2006,117,0.0634281990466745
"4501",2006,118,0.065229868901218
"4502",2006,119,0.0706482929579704
"4503",2006,120,0.0667596696276301
"4504",2006,121,0.199176289712718
"4505",2006,122,0.0781807743913302
"4506",2006,123,0.0589887369184917
"4507",2006,124,0.0659427005959283
"4508",2006,125,0.0744498453762402
"4509",2006,126,0.0857330540096414
"4510",2006,127,0.0848651238733528
"4511",2006,128,0.0831320562715512
"4512",2006,129,0.227087947041989
"4513",2006,130,0.234230511164424
"4514",2006,131,0.225200137580543
"4515",2006,132,0.250830511536779
"4516",2006,133,0.243750055983505
"4517",2006,134,0.240944522028967
"4518",2006,135,0.104917888008644
"4519",2006,136,0.116165542568931
"4520",2006,137,0.125418976551831
"4521",2006,138,0.136057497071987
"4522",2006,139,0.130342455385463
"4523",2006,140,0.122234591619484
"4524",2006,141,0.128914870536961
"4525",2006,142,0.358393912963637
"4526",2006,143,0.262057898386905
"4527",2006,144,0.124130416405328
"4528",2006,145,0.118775475428434
"4529",2006,146,0.313132221746922
"4530",2006,147,0.286495758569438
"4531",2006,148,0.300726956881792
"4532",2006,149,0.297438487413462
"4533",2006,150,0.286492295971006
"4534",2006,151,0.306236685383336
"4535",2006,152,0.327629963669777
"4536",2006,153,0.332663471238124
"4537",2006,154,0.164474907459227
"4538",2006,155,0.16368015793931
"4539",2006,156,0.159138680423013
"4540",2006,157,0.165874922106282
"4541",2006,158,0.166357785886659
"4542",2006,159,0.153758954856898
"4543",2006,160,0.326524587044232
"4544",2006,161,0.319179281114554
"4545",2006,162,0.304337540030751
"4546",2006,163,0.278909134336983
"4547",2006,164,0.113776017020815
"4548",2006,165,0.0919585136472496
"4549",2006,166,0.0850666499117238
"4550",2006,167,0.0686713992875396
"4551",2006,168,0.0654772361360699
"4552",2006,169,0.0628198089640715
"4553",2006,170,0.0500768649501988
"4554",2006,171,0.0365003341190105
"4555",2006,172,0.035732011940894
"4556",2006,173,0.0369299509141776
"4557",2006,174,0.0349471432710713
"4558",2006,175,0.0323033021606287
"4559",2006,176,0.0324905606392737
"4560",2006,177,0.0320806849718336
"4561",2006,178,0.0315309751715538
"4562",2006,179,0.0298090949337598
"4563",2006,180,0.0270444302963057
"4564",2006,181,0.0233491122401573
"4565",2006,182,0.0165167692861612
"4566",2006,183,0.0124476105561079
"4567",2006,184,0.0120232127915119
"4568",2006,185,0.0102859395887447
"4569",2006,186,0.0106286542889736
"4570",2006,187,0.0105396850514022
"4571",2006,188,0.00977889880267692
"4572",2006,189,0.00921081550416179
"4573",2006,190,0.00903756859166562
"4574",2006,191,0.00926639553522937
"4575",2006,192,0.00859732277785824
"4576",2006,193,0.00851834344865412
"4577",2006,194,0.0075865698635169
"4578",2006,195,0.00775250489042707
"4579",2006,196,0.00782913210207429
"4580",2006,197,0.00608989163009534
"4581",2006,198,0.00554889895137845
"4582",2006,199,0.0054591862236025
"4583",2006,200,0.00514250181653236
"4584",2006,201,0.00521992223456445
"4585",2006,202,0.00486141402573193
"4586",2006,203,0.00525818369821067
"4587",2006,204,0.00544450869954572
"4588",2006,205,0.00509170669830444
"4589",2006,206,0.00485204380732884
"4590",2006,207,0.00483881410146184
"4591",2006,208,0.00485031407202788
"4592",2006,209,0.00482855755642732
"4593",2006,210,0.00452678905576979
"4594",2006,211,0.00454987392494582
"4595",2006,212,0.00390232724508833
"4596",2006,213,0.00387018401013117
"4597",2006,214,0.00384539446280499
"4598",2006,215,0.00212183558655768
"4599",2006,216,0.00133091172365985
"4600",2006,217,0.00120622180222681
"4601",2006,218,0.0012131516912626
"4602",2006,219,0.00132274809293642
"4603",2006,220,0.00134184887227615
"4604",2006,221,0.00129378953183342
"4605",2006,222,0.00120468262779781
"4606",2006,223,0.00116101150698807
"4607",2006,224,0.00108419438651423
"4608",2006,225,0.0010690128209803
"4609",2006,226,0.00109285266090237
"4610",2006,227,0.001093075337977
"4611",2006,228,0.00102811488352223
"4612",2006,229,0.332811475822268
"4613",2006,230,0.305051017947365
"4614",2006,231,0.302909779658183
"4615",2006,232,0.21283274212284
"4616",2006,233,0.0304205598550685
"4617",2006,234,0.0175138200620416
"4618",2006,235,0.00843164898027117
"4619",2006,236,0.00756494202657774
"4620",2006,237,0.0070831322920364
"4621",2006,238,0.00691749722164918
"4622",2006,239,0.00678692478645072
"4623",2006,240,0.00657976490644023
"4624",2006,241,0.00408821316457187
"4625",2006,242,0.00379369317295301
"4626",2006,243,0.00340596892362211
"4627",2006,244,0.0033108243356884
"4628",2006,245,0.00296507001537507
"4629",2006,246,0.00293821747461148
"4630",2006,247,0.00290549427834411
"4631",2006,248,0.00282318293687418
"4632",2006,249,0.00274266699939702
"4633",2006,250,0.00263637308806432
"4634",2006,251,0.00248215514673563
"4635",2006,252,0.00244923588046021
"4636",2006,253,0.00237886560007104
"4637",2006,254,0.00226746897843235
"4638",2006,255,0.00224228015994958
"4639",2006,256,0.00213728426602045
"4640",2006,257,0.211581263554055
"4641",2006,258,0.195001478832201
"4642",2006,259,0.167212993820708
"4643",2006,260,0.160119392689851
"4644",2006,261,0.145889053494483
"4645",2006,262,0.151444277054983
"4646",2006,263,0.16922039718413
"4647",2006,264,0.155510912218167
"4648",2006,265,0.165230399038737
"4649",2006,266,0.146968015788865
"4650",2006,267,0.15576791077446
"4651",2006,268,0.16130091402444
"4652",2006,269,0.143176045560951
"4653",2006,270,0.127443666788075
"4654",2006,271,0.137091425193377
"4655",2006,272,0.146888304794835
"4656",2006,273,0.141977018813858
"4657",2006,274,0.04782609316035
"4658",2006,275,0.0390751919332936
"4659",2006,276,0.0361790633249916
"4660",2006,277,0.0348359804425728
"4661",2006,278,0.036623512553788
"4662",2006,279,0.154127160519753
"4663",2006,280,0.125794815966714
"4664",2006,281,0.085527251550145
"4665",2006,282,0.0827701807325517
"4666",2006,283,0.10217596398453
"4667",2006,284,0.0630810488688751
"4668",2006,285,0.0637759468569445
"4669",2006,286,0.0695874211828102
"4670",2006,287,0.0755968526913121
"4671",2006,288,0.0816272866434685
"4672",2006,289,0.0918319388660234
"4673",2006,290,0.0550808343021488
"4674",2006,291,0.0601116038683495
"4675",2006,292,0.0933295560949094
"4676",2006,293,0.0823618392866984
"4677",2006,294,0.0807695768000621
"4678",2006,295,0.056931608099052
"4679",2006,296,0.0612365533940705
"4680",2006,297,0.0596647669336433
"4681",2006,298,0.0554130211371715
"4682",2006,299,0.0568029186174451
"4683",2006,300,0.0564508024209958
"4684",2006,301,0.0622042559817217
"4685",2006,302,0.0730701568702204
"4686",2006,303,0.0278788638973446
"4687",2006,304,0.0268143848078615
"4688",2006,305,0.0289007959669596
"4689",2006,306,0.0276142184500386
"4690",2006,307,0.0380308277226384
"4691",2006,308,0.0511412086315254
"4692",2006,309,0.0507051684645276
"4693",2006,310,0.05178828608462
"4694",2006,311,0.05368864856026
"4695",2006,312,0.0428644997505626
"4696",2006,313,0.0311658114558014
"4697",2006,314,0.0325893442767921
"4698",2006,315,0.035370980277713
"4699",2006,316,0.0309233323754534
"4700",2006,317,0.0327019756327515
"4701",2006,318,0.0210365158959466
"4702",2006,319,0.0166863086668261
"4703",2006,320,0.0114680222433077
"4704",2006,321,0.00686836989219333
"4705",2006,322,0.00584198237813108
"4706",2006,323,0.00512535158328284
"4707",2006,324,0.00574640663230046
"4708",2006,325,0.00485481653538518
"4709",2006,326,0.00458426553479272
"4710",2006,327,0.00352914244269332
"4711",2006,328,0.0293951162525524
"4712",2006,329,0.0148406529771166
"4713",2006,330,0.0124960319592432
"4714",2006,331,0.013416665093253
"4715",2006,332,0.00945959386650488
"4716",2006,333,0.0111349852024656
"4717",2006,334,0.0181591511777868
"4718",2006,335,0.0174224275144595
"4719",2006,336,0.0123200369931033
"4720",2006,337,0.0162701695994399
"4721",2006,338,0.0251350766842561
"4722",2006,339,0.0279516714794092
"4723",2006,340,0.0179696578793784
"4724",2006,341,0.020539872939884
"4725",2006,342,0.0302759313253719
"4726",2006,343,0.028730752407145
"4727",2006,344,0.0232764904819287
"4728",2006,345,0.0260174427322733
"4729",2006,346,0.0292617748481271
"4730",2006,347,0.0283655584334583
"4731",2006,348,0.0276890781509542
"4732",2006,349,0.0287393799492866
"4733",2006,350,0.0213230116317471
"4734",2006,351,0.0143410057592034
"4735",2006,352,0.0136956962944094
"4736",2006,353,0.018463704964169
"4737",2006,354,0.0145621308964894
"4738",2006,355,0.0143930708057029
"4739",2006,356,0.00871474403144864
"4740",2006,357,0.00522344962299481
"4741",2006,358,0.00405666540610012
"4742",2006,359,0.00402522755972388
"4743",2006,360,0.00368792210147653
"4744",2006,361,0.00313803329465398
"4745",2006,362,0.0216029283229887
"4746",2006,363,0.0175622450097185
"4747",2006,364,0.0156041131514267
"4748",2006,365,0.0168785007212181
"4749",2006,366,0.0124261134811635
"4750",2007,1,0.0212603621248259
"4751",2007,2,0.0332363017457463
"4752",2007,3,0.0419568813727324
"4753",2007,4,0.0261407745528756
"4754",2007,5,0.0198883680866339
"4755",2007,6,0.0228056839622794
"4756",2007,7,0.0207707858422331
"4757",2007,8,0.0196377981349838
"4758",2007,9,0.02062977064433
"4759",2007,10,0.0200714816301967
"4760",2007,11,0.00806420971166907
"4761",2007,12,0.00857064317648502
"4762",2007,13,0.0113307906034033
"4763",2007,14,0.00970058946442129
"4764",2007,15,0.0133275791474068
"4765",2007,16,0.0213248101278254
"4766",2007,17,0.0180715696272805
"4767",2007,18,0.0168958201354824
"4768",2007,19,0.0157748549724956
"4769",2007,20,0.00807069448076881
"4770",2007,21,0.00490483030278179
"4771",2007,22,0.00516466457518928
"4772",2007,23,0.00478335169907833
"4773",2007,24,0.00432706386394702
"4774",2007,25,0.00390270111372472
"4775",2007,26,0.00272333240400839
"4776",2007,27,0.00189979739234097
"4777",2007,28,0.00223760161049041
"4778",2007,29,0.00176460198868762
"4779",2007,30,0.02694542294014
"4780",2007,31,0.0274855425382899
"4781",2007,32,0.0206686075756568
"4782",2007,33,0.00107281810258851
"4783",2007,34,0.00125806854511589
"4784",2007,35,0.00162627225879082
"4785",2007,36,0.00242247877982064
"4786",2007,37,0.0020651783305779
"4787",2007,38,0.00149452092455099
"4788",2007,39,0.0290259368432883
"4789",2007,40,0.0282862120837637
"4790",2007,41,0.0352172549535036
"4791",2007,42,0.031501223795217
"4792",2007,43,0.0254341879958031
"4793",2007,44,0.0213801048382125
"4794",2007,45,0.0176550395734022
"4795",2007,46,0.0389923328329659
"4796",2007,47,0.0651698843932719
"4797",2007,48,0.0701061554385919
"4798",2007,49,0.0792355255489602
"4799",2007,50,0.0714106971813657
"4800",2007,51,0.0838055043608053
"4801",2007,52,0.077499697869381
"4802",2007,53,0.0726049691073808
"4803",2007,54,0.0243133365311422
"4804",2007,55,0.00464295965521275
"4805",2007,56,0.00465190844362151
"4806",2007,57,0.00417691103623892
"4807",2007,58,0.00448650180502884
"4808",2007,59,0.00446112540191858
"4809",2007,60,0.00448525240461788
"4810",2007,61,0.00426921702856787
"4811",2007,62,0.00540614456474917
"4812",2007,63,0.00780300977085524
"4813",2007,64,0.0082746469102922
"4814",2007,65,0.00854605108942095
"4815",2007,66,0.00985782644158234
"4816",2007,67,0.00959748516906462
"4817",2007,68,0.00985391070661576
"4818",2007,69,0.0105283870904396
"4819",2007,70,0.0127235156286325
"4820",2007,71,0.0139043246950471
"4821",2007,72,0.0103506053860811
"4822",2007,73,0.0100937072185068
"4823",2007,74,0.00958607286123097
"4824",2007,75,0.0106741878149997
"4825",2007,76,0.0150618236554234
"4826",2007,77,0.0138270389469819
"4827",2007,78,0.0134477900497078
"4828",2007,79,0.0167715780108495
"4829",2007,80,0.0141960716848941
"4830",2007,81,0.0161052731278127
"4831",2007,82,0.0189211760727393
"4832",2007,83,0.0212978820955617
"4833",2007,84,0.0217431941113102
"4834",2007,85,0.018213476393702
"4835",2007,86,0.0221319820681618
"4836",2007,87,0.0171957488350084
"4837",2007,88,0.0165262682337055
"4838",2007,89,0.0165058491975142
"4839",2007,90,0.0214851756334176
"4840",2007,91,0.0195916541973193
"4841",2007,92,0.121593311468232
"4842",2007,93,0.0470565559395531
"4843",2007,94,0.0254605853327388
"4844",2007,95,0.0250953692989673
"4845",2007,96,0.0209394369066256
"4846",2007,97,0.0230076470414729
"4847",2007,98,0.0267044430435561
"4848",2007,99,0.114075674570231
"4849",2007,100,0.0316310717528238
"4850",2007,101,0.0269861712301706
"4851",2007,102,0.0301735268960925
"4852",2007,103,0.0350937677693731
"4853",2007,104,0.0415984197136976
"4854",2007,105,0.0418599482527893
"4855",2007,106,0.0412872916001756
"4856",2007,107,0.0467515595379476
"4857",2007,108,0.209155208278517
"4858",2007,109,0.175465702505838
"4859",2007,110,0.166320570646945
"4860",2007,111,0.174088536967604
"4861",2007,112,0.181181592059281
"4862",2007,113,0.193808566109594
"4863",2007,114,0.193016236521087
"4864",2007,115,0.232478513560971
"4865",2007,116,0.204423961400273
"4866",2007,117,0.205399066425293
"4867",2007,118,0.229382171083425
"4868",2007,119,0.102905646671605
"4869",2007,120,0.0783346738093996
"4870",2007,121,0.0811557498408703
"4871",2007,122,0.0880528212757694
"4872",2007,123,0.259025140935732
"4873",2007,124,0.213589742868961
"4874",2007,125,0.209433545114362
"4875",2007,126,0.226079991447572
"4876",2007,127,0.238066939447302
"4877",2007,128,0.257386523965109
"4878",2007,129,0.107243263659771
"4879",2007,130,0.249719478209788
"4880",2007,131,0.256027797171404
"4881",2007,132,0.277831160886008
"4882",2007,133,0.293227742914109
"4883",2007,134,0.226759604429138
"4884",2007,135,0.241595536858891
"4885",2007,136,0.257934551336785
"4886",2007,137,0.298937489391997
"4887",2007,138,0.161005252059891
"4888",2007,139,0.287123131902809
"4889",2007,140,0.303592923833313
"4890",2007,141,0.296132879482637
"4891",2007,142,0.260716758285011
"4892",2007,143,0.275185031682603
"4893",2007,144,0.271019709295986
"4894",2007,145,0.276498429770812
"4895",2007,146,0.258774909121073
"4896",2007,147,0.327983176988223
"4897",2007,148,0.293416161590818
"4898",2007,149,0.272612013441448
"4899",2007,150,0.290588996107151
"4900",2007,151,0.299063904532628
"4901",2007,152,0.300967279268268
"4902",2007,153,0.320992647300027
"4903",2007,154,0.342660451169066
"4904",2007,155,0.335307734931436
"4905",2007,156,0.342173516892753
"4906",2007,157,0.345560979917368
"4907",2007,158,0.300489750189088
"4908",2007,159,0.323629303309834
"4909",2007,160,0.340097932421796
"4910",2007,161,0.355496232457708
"4911",2007,162,0.203255740586773
"4912",2007,163,0.198470729991177
"4913",2007,164,0.372317125888541
"4914",2007,165,0.341068840779287
"4915",2007,166,0.328614706455033
"4916",2007,167,0.382878168407328
"4917",2007,168,0.36817610279572
"4918",2007,169,0.32987094141141
"4919",2007,170,0.344356990157002
"4920",2007,171,0.373362188067707
"4921",2007,172,0.391210553915296
"4922",2007,173,0.389439377647986
"4923",2007,174,0.215090544339873
"4924",2007,175,0.387360436880844
"4925",2007,176,0.326972120846066
"4926",2007,177,0.180815481788967
"4927",2007,178,0.187271817092864
"4928",2007,179,0.201952474059557
"4929",2007,180,0.216122714889312
"4930",2007,181,0.419355362981303
"4931",2007,182,0.406472933793636
"4932",2007,183,0.419312124231318
"4933",2007,184,0.371507363185759
"4934",2007,185,0.205638717211705
"4935",2007,186,0.20446286898158
"4936",2007,187,0.221704860528016
"4937",2007,188,0.423728349285651
"4938",2007,189,0.391373425817398
"4939",2007,190,0.367316416226739
"4940",2007,191,0.330918492659253
"4941",2007,192,0.345744184410237
"4942",2007,193,0.189083134961221
"4943",2007,194,0.193829603284393
"4944",2007,195,0.194011840992768
"4945",2007,196,0.192384332811974
"4946",2007,197,0.200036479736548
"4947",2007,198,0.190394285127127
"4948",2007,199,0.191063535462416
"4949",2007,200,0.202083815372906
"4950",2007,201,0.204783311656473
"4951",2007,202,0.203382548578241
"4952",2007,203,0.20941094023634
"4953",2007,204,0.21201044004751
"4954",2007,205,0.210290130532516
"4955",2007,206,0.190973707510128
"4956",2007,207,0.180262103530019
"4957",2007,208,0.18997584981394
"4958",2007,209,0.200908275276711
"4959",2007,210,0.207321017834512
"4960",2007,211,0.205640020619918
"4961",2007,212,0.183340512183173
"4962",2007,213,0.144880876773535
"4963",2007,214,0.13307107549723
"4964",2007,215,0.118075359898403
"4965",2007,216,0.11014104350728
"4966",2007,217,0.0842136596504366
"4967",2007,218,0.0776527139209773
"4968",2007,219,0.0774250406935562
"4969",2007,220,0.0701394693572861
"4970",2007,221,0.0657983016504011
"4971",2007,222,0.0467496824638765
"4972",2007,223,0.0341134949526317
"4973",2007,224,0.037180645919433
"4974",2007,225,0.035401113503436
"4975",2007,226,0.0337327485093008
"4976",2007,227,0.031917987109504
"4977",2007,228,0.0304194154728186
"4978",2007,229,0.0308029831362468
"4979",2007,230,0.0291140741373296
"4980",2007,231,0.166533798028421
"4981",2007,232,0.026959464847285
"4982",2007,233,0.0256154482248324
"4983",2007,234,0.0238042317125641
"4984",2007,235,0.299083224230504
"4985",2007,236,0.271213166688931
"4986",2007,237,0.249284831197929
"4987",2007,238,0.184661276570671
"4988",2007,239,0.0842577277063714
"4989",2007,240,0.0247904457569764
"4990",2007,241,0.0189157137257803
"4991",2007,242,0.0164843867455078
"4992",2007,243,0.0155364687989494
"4993",2007,244,0.0143685713799854
"4994",2007,245,0.0133563888863024
"4995",2007,246,0.0130255905033099
"4996",2007,247,0.012478705391341
"4997",2007,248,0.0110745483739717
"4998",2007,249,0.0402282432429267
"4999",2007,250,0.236211181235208
"5000",2007,251,0.222397431637485
"5001",2007,252,0.192719268617968
"5002",2007,253,0.21128145014205
"5003",2007,254,0.221693731329938
"5004",2007,255,0.174601831671653
"5005",2007,256,0.0744774812970457
"5006",2007,257,0.0659314408624982
"5007",2007,258,0.0640537898040267
"5008",2007,259,0.0584998683874727
"5009",2007,260,0.0459186333707349
"5010",2007,261,0.0204954869339793
"5011",2007,262,0.159389276642745
"5012",2007,263,0.179256689842528
"5013",2007,264,0.158954937694861
"5014",2007,265,0.158626055255318
"5015",2007,266,0.161304666554212
"5016",2007,267,0.115077950531768
"5017",2007,268,0.114188453500756
"5018",2007,269,0.103211739748937
"5019",2007,270,0.0317719362998947
"5020",2007,271,0.019308107395216
"5021",2007,272,0.0133615060342465
"5022",2007,273,0.0118580438515594
"5023",2007,274,0.01011553274503
"5024",2007,275,0.00583204394958732
"5025",2007,276,0.00509389122901247
"5026",2007,277,0.12310791515769
"5027",2007,278,0.11324154913612
"5028",2007,279,0.111987469064443
"5029",2007,280,0.0917640523818839
"5030",2007,281,0.103165650061852
"5031",2007,282,0.0924305823800358
"5032",2007,283,0.092115572980355
"5033",2007,284,0.0937162598724857
"5034",2007,285,0.0894071662382306
"5035",2007,286,0.0843430747596991
"5036",2007,287,0.0823122121491368
"5037",2007,288,0.0781242221613867
"5038",2007,289,0.0727625338167326
"5039",2007,290,0.0669179996007075
"5040",2007,291,0.0561092146458672
"5041",2007,292,0.0210983943542986
"5042",2007,293,0.0183321620803851
"5043",2007,294,0.0161167066341595
"5044",2007,295,0.0172672129563677
"5045",2007,296,0.0197018564004522
"5046",2007,297,0.0193334788202144
"5047",2007,298,0.0142215911334359
"5048",2007,299,0.0127595578924105
"5049",2007,300,0.0103486222904919
"5050",2007,301,0.0123563823944767
"5051",2007,302,0.0134209728825221
"5052",2007,303,0.0102822667951878
"5053",2007,304,0.00945828732416436
"5054",2007,305,0.00945599104593861
"5055",2007,306,0.00790785357372218
"5056",2007,307,0.0090813213379541
"5057",2007,308,0.00920187672939092
"5058",2007,309,0.00643373490112616
"5059",2007,310,0.00357342571954049
"5060",2007,311,0.0039537774812587
"5061",2007,312,0.00400275357626218
"5062",2007,313,0.00347223492078031
"5063",2007,314,0.00365146639355824
"5064",2007,315,0.00302961229471221
"5065",2007,316,0.00303177460734444
"5066",2007,317,0.00300036488127231
"5067",2007,318,0.0023495168988794
"5068",2007,319,0.00247342149950329
"5069",2007,320,0.00289390491100424
"5070",2007,321,0.00244404680802807
"5071",2007,322,0.00238079608689129
"5072",2007,323,0.00175274529388458
"5073",2007,324,0.00133002442177258
"5074",2007,325,0.00104468588104012
"5075",2007,326,0.0009931634737471
"5076",2007,327,0.00117838350536048
"5077",2007,328,0.00125694725707609
"5078",2007,329,0.00139195716582744
"5079",2007,330,0.000925346146676073
"5080",2007,331,0.000896622309622964
"5081",2007,332,0.000821644801463562
"5082",2007,333,0.000580706838163347
"5083",2007,334,0.000520999390539451
"5084",2007,335,0.000506738167358253
"5085",2007,336,0.000613579349926532
"5086",2007,337,0.00111834588332408
"5087",2007,338,0.0133203873423593
"5088",2007,339,0.000572835681856475
"5089",2007,340,0.000469099584835834
"5090",2007,341,0.000412664218801019
"5091",2007,342,0.000373934378347023
"5092",2007,343,0.000414206761796144
"5093",2007,344,0.000456793016238589
"5094",2007,345,0.000431879002822925
"5095",2007,346,0.000497232652159541
"5096",2007,347,0.000448835267665178
"5097",2007,348,0.000420416105878796
"5098",2007,349,0.000374181085786753
"5099",2007,350,0.00050681989980682
"5100",2007,351,0.000491726316523761
"5101",2007,352,0.000534584480116029
"5102",2007,353,0.000570086066093968
"5103",2007,354,0.000571868970382731
"5104",2007,355,0.000341929036494924
"5105",2007,356,0.000311819927209631
"5106",2007,357,0.000410584353012835
"5107",2007,358,0.000482358232304594
"5108",2007,359,0.000404125208197603
"5109",2007,360,0.0003620820281213
"5110",2007,361,0.000368470964968259
"5111",2007,362,0.000342700253367671
"5112",2007,363,0.000390782259082175
"5113",2007,364,0.000329974343329132
"5114",2007,365,0.000277389113511711
"5115",2008,1,0.000291899447546581
"5116",2008,2,0.00036725698603058
"5117",2008,3,0.000549472187556059
"5118",2008,4,0.000645546831009953
"5119",2008,5,0.00063967721363648
"5120",2008,6,0.000529483720992249
"5121",2008,7,0.000440967916027839
"5122",2008,8,0.000397609680200066
"5123",2008,9,0.00044488872957589
"5124",2008,10,0.000430029786254003
"5125",2008,11,0.000225059988162268
"5126",2008,12,0.000203554036019379
"5127",2008,13,0.000231920835140152
"5128",2008,14,0.000248972076150651
"5129",2008,15,0.000219987800269757
"5130",2008,16,0.000147789947923017
"5131",2008,17,0.0249286696633068
"5132",2008,18,0.0146599962315371
"5133",2008,19,0.0141390569951197
"5134",2008,20,0.0134383087796403
"5135",2008,21,0.0145238774810833
"5136",2008,22,0.0227903201105315
"5137",2008,23,0.017601217688538
"5138",2008,24,0.0226463679339492
"5139",2008,25,0.0241716627185172
"5140",2008,26,0.0433345799506877
"5141",2008,27,0.0469841908461396
"5142",2008,28,0.0162652532023137
"5143",2008,29,0.00785511388171706
"5144",2008,30,0.0135581780019752
"5145",2008,31,0.0291009574074562
"5146",2008,32,0.0308386137148561
"5147",2008,33,0.0276342014338301
"5148",2008,34,0.000212203792136807
"5149",2008,35,0.000166757382250694
"5150",2008,36,0.000251643244278088
"5151",2008,37,0.000323465577082604
"5152",2008,38,0.000330115436261999
"5153",2008,39,0.000291349885925318
"5154",2008,40,0.0171789186546438
"5155",2008,41,0.0228349171555271
"5156",2008,42,0.0377658700567992
"5157",2008,43,0.0572157434317601
"5158",2008,44,0.0475233844476205
"5159",2008,45,0.0218084951188078
"5160",2008,46,0.000424771727834964
"5161",2008,47,0.000993268207687263
"5162",2008,48,0.000879998730641592
"5163",2008,49,0.000960317934770093
"5164",2008,50,0.000941568272885834
"5165",2008,51,0.000899426457767811
"5166",2008,52,0.00142281109730686
"5167",2008,53,0.00184304029504957
"5168",2008,54,0.00218234249646715
"5169",2008,55,0.00208884525069744
"5170",2008,56,0.00215965311071371
"5171",2008,57,0.00268685447986069
"5172",2008,58,0.00365331468064134
"5173",2008,59,0.0037823439134697
"5174",2008,60,0.00435084878585942
"5175",2008,61,0.00497312571467847
"5176",2008,62,0.00410452249460773
"5177",2008,63,0.00432754109838922
"5178",2008,64,0.00425581600768672
"5179",2008,65,0.00388760205337294
"5180",2008,66,0.00422215132607737
"5181",2008,67,0.00577738191760246
"5182",2008,68,0.00647372901488395
"5183",2008,69,0.00767863438673518
"5184",2008,70,0.00853539723201638
"5185",2008,71,0.00971120893969788
"5186",2008,72,0.00907860826310482
"5187",2008,73,0.00819131345157788
"5188",2008,74,0.00775933389578921
"5189",2008,75,0.0089868618327975
"5190",2008,76,0.00963110905675973
"5191",2008,77,0.0100606060019568
"5192",2008,78,0.011402501214806
"5193",2008,79,0.0119020243268819
"5194",2008,80,0.0119763755631525
"5195",2008,81,0.011334005672356
"5196",2008,82,0.0122767596861183
"5197",2008,83,0.0138202116527801
"5198",2008,84,0.0149516169824143
"5199",2008,85,0.0137746527162694
"5200",2008,86,0.0144389151685442
"5201",2008,87,0.0143652818929373
"5202",2008,88,0.0157198146372616
"5203",2008,89,0.116480052167864
"5204",2008,90,0.0779158391109771
"5205",2008,91,0.0624618819155003
"5206",2008,92,0.0206831558217681
"5207",2008,93,0.0221377395690806
"5208",2008,94,0.0240919498043947
"5209",2008,95,0.0264087710420382
"5210",2008,96,0.0228982700281081
"5211",2008,97,0.0255238059292351
"5212",2008,98,0.0279917436146133
"5213",2008,99,0.0262669900837004
"5214",2008,100,0.0283461043268038
"5215",2008,101,0.0307785548172819
"5216",2008,102,0.0305045826697886
"5217",2008,103,0.0318821503590441
"5218",2008,104,0.038852324575803
"5219",2008,105,0.0464792390129852
"5220",2008,106,0.181412462228459
"5221",2008,107,0.0402682853986163
"5222",2008,108,0.043618383380777
"5223",2008,109,0.0467893370283944
"5224",2008,110,0.0382759961665235
"5225",2008,111,0.0573211703335208
"5226",2008,112,0.0311689077963253
"5227",2008,113,0.0381020501725808
"5228",2008,114,0.0340838750456003
"5229",2008,115,0.0396721998124481
"5230",2008,116,0.0413566104758618
"5231",2008,117,0.0409963757877107
"5232",2008,118,0.0491249712131645
"5233",2008,119,0.0576057748254223
"5234",2008,120,0.0577378945369864
"5235",2008,121,0.044532131578783
"5236",2008,122,0.200603375951183
"5237",2008,123,0.183142759266674
"5238",2008,124,0.203902099540332
"5239",2008,125,0.218762376866513
"5240",2008,126,0.238586016799976
"5241",2008,127,0.214976182789337
"5242",2008,128,0.0779878309290951
"5243",2008,129,0.245521546363328
"5244",2008,130,0.222701822035769
"5245",2008,131,0.202614256948804
"5246",2008,132,0.238875258460865
"5247",2008,133,0.217608908124028
"5248",2008,134,0.211909806520847
"5249",2008,135,0.0976682083204271
"5250",2008,136,0.100841525798878
"5251",2008,137,0.113688070892006
"5252",2008,138,0.103286142331294
"5253",2008,139,0.0979063862976767
"5254",2008,140,0.0753974174089925
"5255",2008,141,0.0615509094387976
"5256",2008,142,0.295344142215745
"5257",2008,143,0.282778185778756
"5258",2008,144,0.286975954708099
"5259",2008,145,0.280314871221542
"5260",2008,146,0.285589595675885
"5261",2008,147,0.243150263635337
"5262",2008,148,0.249421852091735
"5263",2008,149,0.280764022768497
"5264",2008,150,0.298353061302393
"5265",2008,151,0.298313190408661
"5266",2008,152,0.164015677828442
"5267",2008,153,0.162268205058393
"5268",2008,154,0.331641231623066
"5269",2008,155,0.320094413496828
"5270",2008,156,0.317925653027399
"5271",2008,157,0.298492787538686
"5272",2008,158,0.328446820726387
"5273",2008,159,0.316520612127393
"5274",2008,160,0.303222721305136
"5275",2008,161,0.331343042275987
"5276",2008,162,0.321369089825871
"5277",2008,163,0.296888530228498
"5278",2008,164,0.292612147520492
"5279",2008,165,0.350272172516807
"5280",2008,166,0.326307777926257
"5281",2008,167,0.322092062500007
"5282",2008,168,0.345363116812426
"5283",2008,169,0.36902501474359
"5284",2008,170,0.356690966845573
"5285",2008,171,0.251203443730316
"5286",2008,172,0.203177461807755
"5287",2008,173,0.209567538473447
"5288",2008,174,0.206519531643646
"5289",2008,175,0.194619747885258
"5290",2008,176,0.194118560683316
"5291",2008,177,0.19649843909066
"5292",2008,178,0.196006918554888
"5293",2008,179,0.179912916808414
"5294",2008,180,0.184940668658743
"5295",2008,181,0.194885530201555
"5296",2008,182,0.209666822451606
"5297",2008,183,0.198676568884754
"5298",2008,184,0.380306614576819
"5299",2008,185,0.337707555535072
"5300",2008,186,0.204914940318826
"5301",2008,187,0.187682121009685
"5302",2008,188,0.188200044888482
"5303",2008,189,0.177596415844617
"5304",2008,190,0.37772587687335
"5305",2008,191,0.368287350922361
"5306",2008,192,0.365885966942903
"5307",2008,193,0.161138196952688
"5308",2008,194,0.162293438923958
"5309",2008,195,0.170480693831399
"5310",2008,196,0.174428012083198
"5311",2008,197,0.170113457671073
"5312",2008,198,0.385081445071715
"5313",2008,199,0.338415442726101
"5314",2008,200,0.344078031002399
"5315",2008,201,0.16831366272891
"5316",2008,202,0.177224623988014
"5317",2008,203,0.18800626393693
"5318",2008,204,0.192792383455215
"5319",2008,205,0.177813073289873
"5320",2008,206,0.168569087478857
"5321",2008,207,0.170166694394315
"5322",2008,208,0.406071232384054
"5323",2008,209,0.365481742251126
"5324",2008,210,0.297971219234046
"5325",2008,211,0.160463220756701
"5326",2008,212,0.147795024297175
"5327",2008,213,0.122870369251392
"5328",2008,214,0.105939764478541
"5329",2008,215,0.343130739742668
"5330",2008,216,0.251886578358697
"5331",2008,217,0.0741284359467352
"5332",2008,218,0.0724694029529485
"5333",2008,219,0.069498650070132
"5334",2008,220,0.0704013294160435
"5335",2008,221,0.069476585490194
"5336",2008,222,0.04656727437124
"5337",2008,223,0.267552599431705
"5338",2008,224,0.134138577671333
"5339",2008,225,0.0341329262872838
"5340",2008,226,0.146788362678682
"5341",2008,227,0.28836786291223
"5342",2008,228,0.209951842243202
"5343",2008,229,0.153324665174757
"5344",2008,230,0.0322259073063443
"5345",2008,231,0.0306515615623217
"5346",2008,232,0.0290474063631714
"5347",2008,233,0.0255010447558642
"5348",2008,234,0.162575569285549
"5349",2008,235,0.192369769753697
"5350",2008,236,0.0394817669523029
"5351",2008,237,0.0291482270691436
"5352",2008,238,0.0279700649768614
"5353",2008,239,0.0186366198440479
"5354",2008,240,0.0126600878260845
"5355",2008,241,0.0125243059011352
"5356",2008,242,0.0124765884775487
"5357",2008,243,0.012281932250539
"5358",2008,244,0.27012309389918
"5359",2008,245,0.220370284931031
"5360",2008,246,0.207348426324195
"5361",2008,247,0.239336855253089
"5362",2008,248,0.204764036756277
"5363",2008,249,0.201402331318156
"5364",2008,250,0.193458359954595
"5365",2008,251,0.182293599596455
"5366",2008,252,0.179298406110272
"5367",2008,253,0.0872502575464134
"5368",2008,254,0.0756645655444252
"5369",2008,255,0.075342270697672
"5370",2008,256,0.0786174477007391
"5371",2008,257,0.207192921597057
"5372",2008,258,0.181527836440323
"5373",2008,259,0.193695626373385
"5374",2008,260,0.109935799739011
"5375",2008,261,0.0600845425111203
"5376",2008,262,0.0580596144337382
"5377",2008,263,0.0463629429496354
"5378",2008,264,0.0391714207637702
"5379",2008,265,0.0355241974152295
"5380",2008,266,0.162970305869752
"5381",2008,267,0.150148313292052
"5382",2008,268,0.124236770874777
"5383",2008,269,0.132169198124819
"5384",2008,270,0.115959298735167
"5385",2008,271,0.103117382055204
"5386",2008,272,0.0124893493435092
"5387",2008,273,0.0101710801891479
"5388",2008,274,0.00572731958226725
"5389",2008,275,0.00547488983674347
"5390",2008,276,0.00527375340043474
"5391",2008,277,0.00493152128992402
"5392",2008,278,0.156376269012636
"5393",2008,279,0.141873346339631
"5394",2008,280,0.100190068808039
"5395",2008,281,0.102411803031644
"5396",2008,282,0.0927161332944587
"5397",2008,283,0.0749754343853737
"5398",2008,284,0.0720348909917665
"5399",2008,285,0.064538189274045
"5400",2008,286,0.0730309886625888
"5401",2008,287,0.0893874859802812
"5402",2008,288,0.0700118883827839
"5403",2008,289,0.0644424676613288
"5404",2008,290,0.0667595849941921
"5405",2008,291,0.0800576561254622
"5406",2008,292,0.0838779354277496
"5407",2008,293,0.0663699808398729
"5408",2008,294,0.0660299023989858
"5409",2008,295,0.0876881364623566
"5410",2008,296,0.05844095676403
"5411",2008,297,0.0625539316167164
"5412",2008,298,0.0587137471571801
"5413",2008,299,0.0568330411501432
"5414",2008,300,0.0422436561280148
"5415",2008,301,0.0475982211040506
"5416",2008,302,0.0588012454760894
"5417",2008,303,0.0647385172379491
"5418",2008,304,0.0562763902778963
"5419",2008,305,0.0542837344284174
"5420",2008,306,0.0495021846897836
"5421",2008,307,0.0133928210887028
"5422",2008,308,0.0112179674197501
"5423",2008,309,0.00559218013859388
"5424",2008,310,0.061473700846926
"5425",2008,311,0.0298156740260313
"5426",2008,312,0.0330892199283299
"5427",2008,313,0.0325377518540851
"5428",2008,314,0.03265029972783
"5429",2008,315,0.0308713263741989
"5430",2008,316,0.0319107990769322
"5431",2008,317,0.0159362905459038
"5432",2008,318,0.00725696896647168
"5433",2008,319,0.0047845267194454
"5434",2008,320,0.00482123044122803
"5435",2008,321,0.00388365828704603
"5436",2008,322,0.00361024678208673
"5437",2008,323,0.00452284882668889
"5438",2008,324,0.00300501086787439
"5439",2008,325,0.0228724188748117
"5440",2008,326,0.0304548116612976
"5441",2008,327,0.0332929313230504
"5442",2008,328,0.0244489455613692
"5443",2008,329,0.0249751780477122
"5444",2008,330,0.0293152928297971
"5445",2008,331,0.0227375211819825
"5446",2008,332,0.0196637340636852
"5447",2008,333,0.0147004643552327
"5448",2008,334,0.00670429267396899
"5449",2008,335,0.0048915040067243
"5450",2008,336,0.00427155664653629
"5451",2008,337,0.0030592971841647
"5452",2008,338,0.00178136060019965
"5453",2008,339,0.00138191006087266
"5454",2008,340,0.00190354486523279
"5455",2008,341,0.00228506289719998
"5456",2008,342,0.00218551011093646
"5457",2008,343,0.00133388814922051
"5458",2008,344,0.00134704506844294
"5459",2008,345,0.00188573771385498
"5460",2008,346,0.00137349820815425
"5461",2008,347,0.00123662255466573
"5462",2008,348,0.0127032908895515
"5463",2008,349,0.00500519334241526
"5464",2008,350,0.00500519525822303
"5465",2008,351,0.0063426557737245
"5466",2008,352,0.0103209285269177
"5467",2008,353,0.0075724132006425
"5468",2008,354,0.00671444966725343
"5469",2008,355,0.00606568228641453
"5470",2008,356,0.00580586995431003
"5471",2008,357,0.00838720061628866
"5472",2008,358,0.00867902567503062
"5473",2008,359,0.0115433204337164
"5474",2008,360,0.0149687484851907
"5475",2008,361,0.0131181583547555
"5476",2008,362,0.0159522446689781
"5477",2008,363,0.0234802984202857
"5478",2008,364,0.0168338452646749
"5479",2008,365,0.0167588094946942
"5480",2009,1,0.019351457238161
"5481",2009,2,0.0138478523937965
"5482",2009,3,0.00767929841806193
"5483",2009,4,0.0111728158349309
"5484",2009,5,0.0188930833967867
"5485",2009,6,0.0223605376102454
"5486",2009,7,0.0213998974174523
"5487",2009,8,0.0240776508308031
"5488",2009,9,0.0183054800552601
"5489",2009,10,0.0239193509961221
"5490",2009,11,0.0266020368202352
"5491",2009,12,0.0216818273602561
"5492",2009,13,0.0246783486723002
"5493",2009,14,0.0153871363494889
"5494",2009,15,0.0214185172500721
"5495",2009,16,0.0348908429074872
"5496",2009,17,0.0359480963433634
"5497",2009,18,0.0395259249136267
"5498",2009,19,0.0402378648099681
"5499",2009,20,0.0377131424420443
"5500",2009,21,0.0346291067041838
"5501",2009,22,0.0269167584469173
"5502",2009,23,0.0145082681313388
"5503",2009,24,0.0117676400250434
"5504",2009,25,0.0137160517189024
"5505",2009,26,0.0123505252281315
"5506",2009,27,0.0235102705614342
"5507",2009,28,0.0360072929588337
"5508",2009,29,0.0393605773495777
"5509",2009,30,0.0537560391766164
"5510",2009,31,0.0509442271973246
"5511",2009,32,0.0393095747793108
"5512",2009,33,0.0380182031515778
"5513",2009,34,0.0504837869436115
"5514",2009,35,0.0594431398813989
"5515",2009,36,0.0637453880580756
"5516",2009,37,0.058904409094434
"5517",2009,38,0.0544729461908642
"5518",2009,39,0.0569904252803276
"5519",2009,40,0.0564987389156959
"5520",2009,41,0.0539698177786649
"5521",2009,42,0.0491184809235707
"5522",2009,43,0.0449700733150339
"5523",2009,44,0.0282088972386619
"5524",2009,45,0.00148176692579857
"5525",2009,46,0.00152854150524514
"5526",2009,47,0.0019618022249552
"5527",2009,48,0.00178190185662551
"5528",2009,49,0.00202842605149082
"5529",2009,50,0.00270116591557422
"5530",2009,51,0.00242138941634999
"5531",2009,52,0.00270277951332345
"5532",2009,53,0.00298333229869621
"5533",2009,54,0.00363965142147257
"5534",2009,55,0.00333542020078048
"5535",2009,56,0.00232978846643505
"5536",2009,57,0.0311372871602057
"5537",2009,58,0.0351256968870397
"5538",2009,59,0.0402736085513138
"5539",2009,60,0.0184629047725548
"5540",2009,61,0.00615948128212354
"5541",2009,62,0.00692010493323704
"5542",2009,63,0.00695010564531619
"5543",2009,64,0.00555336754196693
"5544",2009,65,0.0039849426497576
"5545",2009,66,0.00595819914404309
"5546",2009,67,0.00520333517772084
"5547",2009,68,0.00304013323087968
"5548",2009,69,0.00224024505558264
"5549",2009,70,0.00331028490394616
"5550",2009,71,0.0057192903870404
"5551",2009,72,0.00931096545679784
"5552",2009,73,0.0116282187746399
"5553",2009,74,0.0117585998890194
"5554",2009,75,0.0107114167873184
"5555",2009,76,0.0112301959057358
"5556",2009,77,0.011191491164509
"5557",2009,78,0.0131030869799087
"5558",2009,79,0.0150309643218533
"5559",2009,80,0.0160496741436821
"5560",2009,81,0.122660741713985
"5561",2009,82,0.0829392714510661
"5562",2009,83,0.079401010883219
"5563",2009,84,0.068456725487025
"5564",2009,85,0.0738567163630328
"5565",2009,86,0.0886731507400368
"5566",2009,87,0.0295758043732713
"5567",2009,88,0.116626926537399
"5568",2009,89,0.115281739821796
"5569",2009,90,0.133956544678944
"5570",2009,91,0.138890219510773
"5571",2009,92,0.147878700212014
"5572",2009,93,0.148230883038442
"5573",2009,94,0.136224852634549
"5574",2009,95,0.14599449939153
"5575",2009,96,0.128422289727823
"5576",2009,97,0.0986139298897202
"5577",2009,98,0.0291686173347017
"5578",2009,99,0.0256517360172407
"5579",2009,100,0.0318643623801851
"5580",2009,101,0.0308706003837873
"5581",2009,102,0.0316498726108349
"5582",2009,103,0.0327394028450495
"5583",2009,104,0.16644754919364
"5584",2009,105,0.150382671211971
"5585",2009,106,0.141775194754587
"5586",2009,107,0.150614903607106
"5587",2009,108,0.165127481688109
"5588",2009,109,0.171326770118302
"5589",2009,110,0.187724872281472
"5590",2009,111,0.200960694824237
"5591",2009,112,0.0651414854146918
"5592",2009,113,0.0502127571909504
"5593",2009,114,0.0445349309519918
"5594",2009,115,0.0499413803195659
"5595",2009,116,0.194930738186885
"5596",2009,117,0.193122233125248
"5597",2009,118,0.196837077666948
"5598",2009,119,0.181219586074145
"5599",2009,120,0.160908617803068
"5600",2009,121,0.170836223114782
"5601",2009,122,0.18810204564184
"5602",2009,123,0.197747326471699
"5603",2009,124,0.227776723195724
"5604",2009,125,0.226844756124447
"5605",2009,126,0.219431219231032
"5606",2009,127,0.245697441705185
"5607",2009,128,0.236959612223538
"5608",2009,129,0.214665782096815
"5609",2009,130,0.21135689329466
"5610",2009,131,0.202402905597058
"5611",2009,132,0.0916872036346288
"5612",2009,133,0.225149638775302
"5613",2009,134,0.230518383786719
"5614",2009,135,0.192063592022211
"5615",2009,136,0.0994466548980958
"5616",2009,137,0.117157618928256
"5617",2009,138,0.11328541572406
"5618",2009,139,0.114318470520156
"5619",2009,140,0.108686224474322
"5620",2009,141,0.106441091355848
"5621",2009,142,0.111728152833775
"5622",2009,143,0.118967294156017
"5623",2009,144,0.127823019572876
"5624",2009,145,0.131116650187735
"5625",2009,146,0.131558854571811
"5626",2009,147,0.14051565273351
"5627",2009,148,0.141480576965677
"5628",2009,149,0.144943991279579
"5629",2009,150,0.151327550000061
"5630",2009,151,0.149238954834596
"5631",2009,152,0.127301846714964
"5632",2009,153,0.11081563778916
"5633",2009,154,0.105396245563244
"5634",2009,155,0.102931967690594
"5635",2009,156,0.0837418472382466
"5636",2009,157,0.226463718079542
"5637",2009,158,0.160186229128109
"5638",2009,159,0.265055429733162
"5639",2009,160,0.221889805743811
"5640",2009,161,0.183462745632993
"5641",2009,162,0.0641270013892293
"5642",2009,163,0.0660475057203633
"5643",2009,164,0.068260191540587
"5644",2009,165,0.0668208286117954
"5645",2009,166,0.230652312288762
"5646",2009,167,0.042661786864448
"5647",2009,168,0.0429004831013659
"5648",2009,169,0.0392185399337521
"5649",2009,170,0.0378050040484902
"5650",2009,171,0.381207071451881
"5651",2009,172,0.372110156480189
"5652",2009,173,0.33458816321601
"5653",2009,174,0.334102707228955
"5654",2009,175,0.322249756189285
"5655",2009,176,0.106191893986183
"5656",2009,177,0.034716777159871
"5657",2009,178,0.0318988770165445
"5658",2009,179,0.0332238675580539
"5659",2009,180,0.0332360280903091
"5660",2009,181,0.0294727770867155
"5661",2009,182,0.0272350044619899
"5662",2009,183,0.025005997619139
"5663",2009,184,0.0155322214187164
"5664",2009,185,0.0148497215677556
"5665",2009,186,0.0152275273533306
"5666",2009,187,0.0145475935500485
"5667",2009,188,0.370361167873067
"5668",2009,189,0.365192238775513
"5669",2009,190,0.32814827984176
"5670",2009,191,0.34385459179669
"5671",2009,192,0.343995883209635
"5672",2009,193,0.173227353307456
"5673",2009,194,0.167712553825873
"5674",2009,195,0.146445472971053
"5675",2009,196,0.104184410526598
"5676",2009,197,0.123710699567609
"5677",2009,198,0.0691408052661966
"5678",2009,199,0.0360253774444547
"5679",2009,200,0.0202165147767087
"5680",2009,201,0.0174182299485645
"5681",2009,202,0.0171766410056251
"5682",2009,203,0.017650151158673
"5683",2009,204,0.0173233707411074
"5684",2009,205,0.0153462027773975
"5685",2009,206,0.0134640203921945
"5686",2009,207,0.0129887695386536
"5687",2009,208,0.0114790787869604
"5688",2009,209,0.0105434004891459
"5689",2009,210,0.0101838190432401
"5690",2009,211,0.190313050690214
"5691",2009,212,0.0129781555032772
"5692",2009,213,0.0126279250953443
"5693",2009,214,0.0120386121191657
"5694",2009,215,0.295110629787753
"5695",2009,216,0.18206261584895
"5696",2009,217,0.0429002310836509
"5697",2009,218,0.371327452183265
"5698",2009,219,0.328257965751859
"5699",2009,220,0.312815862598306
"5700",2009,221,0.318860404229627
"5701",2009,222,0.167422488893061
"5702",2009,223,0.143362785360402
"5703",2009,224,0.0931231303810211
"5704",2009,225,0.330328182817682
"5705",2009,226,0.327441825121355
"5706",2009,227,0.26899101416237
"5707",2009,228,0.300169249098497
"5708",2009,229,0.323418822828343
"5709",2009,230,0.315323927504547
"5710",2009,231,0.2836159319738
"5711",2009,232,0.199673789701572
"5712",2009,233,0.0310532457400211
"5713",2009,234,0.00850469814426429
"5714",2009,235,0.208327790056845
"5715",2009,236,0.0242564833742327
"5716",2009,237,0.0142750427447666
"5717",2009,238,0.0115658148669123
"5718",2009,239,0.00993746724722157
"5719",2009,240,0.00849706216897237
"5720",2009,241,0.00781335755095593
"5721",2009,242,0.00740233386473768
"5722",2009,243,0.00721966591883241
"5723",2009,244,0.00692517386972673
"5724",2009,245,0.0066891228645947
"5725",2009,246,0.00639955488394709
"5726",2009,247,0.00605678730908509
"5727",2009,248,0.00571846320580391
"5728",2009,249,0.0404113200268067
"5729",2009,250,0.166502468277789
"5730",2009,251,0.0124608250998979
"5731",2009,252,0.00987943493111802
"5732",2009,253,0.00842062729209152
"5733",2009,254,0.00699241952711617
"5734",2009,255,0.00640432189771647
"5735",2009,256,0.00596512187812022
"5736",2009,257,0.00592694903143206
"5737",2009,258,0.00574867849581265
"5738",2009,259,0.00543841826368838
"5739",2009,260,0.00538496816513849
"5740",2009,261,0.0048872297451767
"5741",2009,262,0.00476043795794902
"5742",2009,263,0.00379755963147195
"5743",2009,264,0.00324731578343335
"5744",2009,265,0.00333433734023295
"5745",2009,266,0.00355219116789307
"5746",2009,267,0.0033139582269155
"5747",2009,268,0.00131145734371547
"5748",2009,269,0.00126296829404861
"5749",2009,270,0.000988480840527379
"5750",2009,271,0.000922393667713014
"5751",2009,272,0.000954926921752957
"5752",2009,273,0.000826871517551298
"5753",2009,274,0.000773579518994817
"5754",2009,275,0.000700070018951203
"5755",2009,276,0.000627898306588737
"5756",2009,277,0.09491979270652
"5757",2009,278,0.0550203390907883
"5758",2009,279,0.00539442724124999
"5759",2009,280,0.0041759630129558
"5760",2009,281,0.00341913419616948
"5761",2009,282,0.00254027336633966
"5762",2009,283,0.00223711314940649
"5763",2009,284,0.0020966721711783
"5764",2009,285,0.00208254300605899
"5765",2009,286,0.0701548598108997
"5766",2009,287,0.0881647231172416
"5767",2009,288,0.0673820168251515
"5768",2009,289,0.0722992120445231
"5769",2009,290,0.0862363838748107
"5770",2009,291,0.0775465365981558
"5771",2009,292,0.0844671949380107
"5772",2009,293,0.0576556407421962
"5773",2009,294,0.0605598943975134
"5774",2009,295,0.0627568222709671
"5775",2009,296,0.0626811027661303
"5776",2009,297,0.059341622149937
"5777",2009,298,0.0558364934056261
"5778",2009,299,0.0570600123616793
"5779",2009,300,0.053794594147298
"5780",2009,301,0.047900049041172
"5781",2009,302,0.0449705417216075
"5782",2009,303,0.0477808104673504
"5783",2009,304,0.0578393604734515
"5784",2009,305,0.0470122940437881
"5785",2009,306,0.042730935853418
"5786",2009,307,0.0333626681315477
"5787",2009,308,0.00839000409210617
"5788",2009,309,0.00817861286204075
"5789",2009,310,0.00730643831784227
"5790",2009,311,0.00555624164378003
"5791",2009,312,0.00504467699608907
"5792",2009,313,0.00452487497339145
"5793",2009,314,0.0048185981697749
"5794",2009,315,0.00384896090733597
"5795",2009,316,0.00315591411241054
"5796",2009,317,0.00287780471455393
"5797",2009,318,0.00277260755170334
"5798",2009,319,0.00262775110443847
"5799",2009,320,0.00306976201294976
"5800",2009,321,0.00343590735018068
"5801",2009,322,0.00267133101653941
"5802",2009,323,0.00241717607156334
"5803",2009,324,0.00268052324308816
"5804",2009,325,0.00228850764451078
"5805",2009,326,0.00184440320111425
"5806",2009,327,0.00196943203942614
"5807",2009,328,0.00186147814901932
"5808",2009,329,0.00167445743210181
"5809",2009,330,0.001998168757833
"5810",2009,331,0.00168943283214666
"5811",2009,332,0.00137668559355189
"5812",2009,333,0.00141946854316805
"5813",2009,334,0.00158114704799603
"5814",2009,335,0.000975173147603803
"5815",2009,336,0.000690862107950904
"5816",2009,337,0.000587234679608837
"5817",2009,338,0.000608684052077789
"5818",2009,339,0.0139964340958274
"5819",2009,340,0.00992302067594828
"5820",2009,341,0.00725189277414553
"5821",2009,342,0.00724665215647034
"5822",2009,343,0.00812243479903276
"5823",2009,344,0.0127623130100767
"5824",2009,345,0.0145906126537495
"5825",2009,346,0.00840893286953288
"5826",2009,347,0.00571945865459996
"5827",2009,348,0.00558261579182584
"5828",2009,349,0.00953843574166546
"5829",2009,350,0.0199910395825304
"5830",2009,351,0.0217843089887088
"5831",2009,352,0.0220485845588223
"5832",2009,353,0.0206424272014621
"5833",2009,354,0.0190667430095446
"5834",2009,355,0.0168730594570842
"5835",2009,356,0.0161459374495366
"5836",2009,357,0.010305173256195
"5837",2009,358,0.00710057669633671
"5838",2009,359,0.0070381588610483
"5839",2009,360,0.0107844301898952
"5840",2009,361,0.0117742258154769
"5841",2009,362,0.0144921698384557
"5842",2009,363,0.0161131264751869
"5843",2009,364,0.0117729958561879
"5844",2009,365,0.0101242378862928
"5845",2010,1,0.0116491614232279
"5846",2010,2,0.0195503797626369
"5847",2010,3,0.0146328820317773
"5848",2010,4,0.0132417113031249
"5849",2010,5,0.0140152347959246
"5850",2010,6,0.00807033938887988
"5851",2010,7,0.00629155673435788
"5852",2010,8,0.0111959490651569
"5853",2010,9,0.0223068331911457
"5854",2010,10,0.0316416845424348
"5855",2010,11,0.0305087817540132
"5856",2010,12,0.0370753573487537
"5857",2010,13,0.036064226997862
"5858",2010,14,0.0330118713675628
"5859",2010,15,0.0365925696006209
"5860",2010,16,0.0372623614965781
"5861",2010,17,0.0305135149790652
"5862",2010,18,0.0348482853948585
"5863",2010,19,0.0326908058114223
"5864",2010,20,0.0311024655911289
"5865",2010,21,0.0273467301181764
"5866",2010,22,0.0286921850699309
"5867",2010,23,0.0292886141993951
"5868",2010,24,0.0277819243351605
"5869",2010,25,0.0209394131346154
"5870",2010,26,0.0202379730811782
"5871",2010,27,0.0188917625424488
"5872",2010,28,0.0195961357995673
"5873",2010,29,0.0233899229611071
"5874",2010,30,0.0237281146054343
"5875",2010,31,0.0226722850343651
"5876",2010,32,0.0245559623708445
"5877",2010,33,0.0311257264695727
"5878",2010,34,0.0353180871783366
"5879",2010,35,0.0320479758021565
"5880",2010,36,0.0363931567385774
"5881",2010,37,0.0404049949744152
"5882",2010,38,0.0321200350926542
"5883",2010,39,0.0167725142671033
"5884",2010,40,0.0237168133245983
"5885",2010,41,0.0383341775870959
"5886",2010,42,0.0417372990859845
"5887",2010,43,0.0455835259981348
"5888",2010,44,0.0310789471580378
"5889",2010,45,0.0242247649499798
"5890",2010,46,0.0349034678401402
"5891",2010,47,0.048630119084251
"5892",2010,48,0.0534302839768267
"5893",2010,49,0.0487979047854428
"5894",2010,50,0.0499501920647163
"5895",2010,51,0.0488630432779411
"5896",2010,52,0.0408156438747182
"5897",2010,53,0.0396347552459266
"5898",2010,54,0.0482883119691758
"5899",2010,55,0.0612784566588826
"5900",2010,56,0.0744492432069366
"5901",2010,57,0.0749823467763783
"5902",2010,58,0.068384447330371
"5903",2010,59,0.0672606888753034
"5904",2010,60,0.0696453913984042
"5905",2010,61,0.0741785779995799
"5906",2010,62,0.075444710192027
"5907",2010,63,0.0766200606531327
"5908",2010,64,0.0743121972627766
"5909",2010,65,0.0804917191646596
"5910",2010,66,0.0848876279723902
"5911",2010,67,0.0918029036719468
"5912",2010,68,0.079530096274757
"5913",2010,69,0.0805834439625631
"5914",2010,70,0.0893980152392806
"5915",2010,71,0.103287263420997
"5916",2010,72,0.108542318436456
"5917",2010,73,0.0947958939761409
"5918",2010,74,0.105177947985837
"5919",2010,75,0.123461107675013
"5920",2010,76,0.137101211693202
"5921",2010,77,0.000978914539276926
"5922",2010,78,0.0759039883304468
"5923",2010,79,0.089829570798187
"5924",2010,80,0.109454888943272
"5925",2010,81,0.129077767003869
"5926",2010,82,0.0992083312441547
"5927",2010,83,0.103873676584727
"5928",2010,84,0.100294088028196
"5929",2010,85,0.10456975191997
"5930",2010,86,0.107404983415734
"5931",2010,87,0.0249063172549518
"5932",2010,88,0.163467483971335
"5933",2010,89,0.121652603759265
"5934",2010,90,0.022383861279538
"5935",2010,91,0.0213375357523681
"5936",2010,92,0.0228393640688208
"5937",2010,93,0.023363311111183
"5938",2010,94,0.0226946421207693
"5939",2010,95,0.0242130990229552
"5940",2010,96,0.0249838657481423
"5941",2010,97,0.0269882182936272
"5942",2010,98,0.0284466527645314
"5943",2010,99,0.0257051239505566
"5944",2010,100,0.0256572220858264
"5945",2010,101,0.0253806912707668
"5946",2010,102,0.1556931982658
"5947",2010,103,0.15331219337935
"5948",2010,104,0.135625706805076
"5949",2010,105,0.1578337470277
"5950",2010,106,0.164506440668192
"5951",2010,107,0.177662515423635
"5952",2010,108,0.187415707129492
"5953",2010,109,0.184538800927572
"5954",2010,110,0.052824678569004
"5955",2010,111,0.0538223193695289
"5956",2010,112,0.055174312569256
"5957",2010,113,0.0505017605174722
"5958",2010,114,0.0525977625918746
"5959",2010,115,0.045478367613992
"5960",2010,116,0.0456967387422213
"5961",2010,117,0.0553599729703735
"5962",2010,118,0.221255518434164
"5963",2010,119,0.193109680249508
"5964",2010,120,0.194224407894
"5965",2010,121,0.201553314509331
"5966",2010,122,0.205829890713717
"5967",2010,123,0.234225541684155
"5968",2010,124,0.200490856534043
"5969",2010,125,0.188567592279026
"5970",2010,126,0.190775631182295
"5971",2010,127,0.203662002145617
"5972",2010,128,0.187261942952851
"5973",2010,129,0.20537651556046
"5974",2010,130,0.207087913903172
"5975",2010,131,0.206483056008777
"5976",2010,132,0.212985866631951
"5977",2010,133,0.225763565979898
"5978",2010,134,0.221397177833964
"5979",2010,135,0.114497904867851
"5980",2010,136,0.117665596890447
"5981",2010,137,0.123791049009135
"5982",2010,138,0.128594312788358
"5983",2010,139,0.126767782339659
"5984",2010,140,0.307632478677201
"5985",2010,141,0.279311158687009
"5986",2010,142,0.260203802030263
"5987",2010,143,0.238987987370425
"5988",2010,144,0.26339493705149
"5989",2010,145,0.278954592651862
"5990",2010,146,0.298136967578141
"5991",2010,147,0.298828887169946
"5992",2010,148,0.277666186517733
"5993",2010,149,0.246485940523627
"5994",2010,150,0.261006387392782
"5995",2010,151,0.271599242092008
"5996",2010,152,0.271718624986455
"5997",2010,153,0.299963787214495
"5998",2010,154,0.304995874860328
"5999",2010,155,0.157705346998808
"6000",2010,156,0.161336433011342
"6001",2010,157,0.163630044993483
"6002",2010,158,0.172107727960729
"6003",2010,159,0.163140538544026
"6004",2010,160,0.336483703468646
"6005",2010,161,0.342746055419596
"6006",2010,162,0.326406901416918
"6007",2010,163,0.304438979352756
"6008",2010,164,0.317357622653686
"6009",2010,165,0.32933279752829
"6010",2010,166,0.370351075456989
"6011",2010,167,0.377470485859677
"6012",2010,168,0.324160149103431
"6013",2010,169,0.322712986056531
"6014",2010,170,0.318275118524748
"6015",2010,171,0.373862600386177
"6016",2010,172,0.338007272948804
"6017",2010,173,0.335518817520208
"6018",2010,174,0.351131829508193
"6019",2010,175,0.370074412495547
"6020",2010,176,0.334847913680157
"6021",2010,177,0.200312355899667
"6022",2010,178,0.194182485295868
"6023",2010,179,0.20438424152039
"6024",2010,180,0.21523245441629
"6025",2010,181,0.206200629830246
"6026",2010,182,0.390813179392283
"6027",2010,183,0.197378010377561
"6028",2010,184,0.177675088198076
"6029",2010,185,0.177098815990172
"6030",2010,186,0.171179949616446
"6031",2010,187,0.341006252751045
"6032",2010,188,0.277110738920401
"6033",2010,189,0.17965776951842
"6034",2010,190,0.191119011165193
"6035",2010,191,0.404694743312674
"6036",2010,192,0.370405851653338
"6037",2010,193,0.368197204523227
"6038",2010,194,0.32320904757643
"6039",2010,195,0.320388801153099
"6040",2010,196,0.191278717837114
"6041",2010,197,0.14271097378073
"6042",2010,198,0.177315710336625
"6043",2010,199,0.175437419465724
"6044",2010,200,0.354071896797583
"6045",2010,201,0.324839955796171
"6046",2010,202,0.18630140519869
"6047",2010,203,0.371986954817849
"6048",2010,204,0.36070232833354
"6049",2010,205,0.341062208738188
"6050",2010,206,0.370729353155905
"6051",2010,207,0.365867962722161
"6052",2010,208,0.304884524172667
"6053",2010,209,0.185243739709458
"6054",2010,210,0.194395955283552
"6055",2010,211,0.191796513621153
"6056",2010,212,0.198359548326965
"6057",2010,213,0.18563367356634
"6058",2010,214,0.181661791214001
"6059",2010,215,0.17140632503114
"6060",2010,216,0.169215469210433
"6061",2010,217,0.175049659768865
"6062",2010,218,0.186446417132095
"6063",2010,219,0.181752250967761
"6064",2010,220,0.171975119664552
"6065",2010,221,0.147582389407999
"6066",2010,222,0.12525816024819
"6067",2010,223,0.101737195050613
"6068",2010,224,0.0917416890231371
"6069",2010,225,0.0720571591531313
"6070",2010,226,0.0637210764049173
"6071",2010,227,0.0587986175488521
"6072",2010,228,0.059596903992272
"6073",2010,229,0.0581609819753893
"6074",2010,230,0.0553214876636194
"6075",2010,231,0.0360338534975152
"6076",2010,232,0.0320404700407654
"6077",2010,233,0.0325784109704077
"6078",2010,234,0.353023654174899
"6079",2010,235,0.283278186844141
"6080",2010,236,0.272965048200261
"6081",2010,237,0.248578200011311
"6082",2010,238,0.0546919323966309
"6083",2010,239,0.0341941754837236
"6084",2010,240,0.290121390625545
"6085",2010,241,0.2695168318759
"6086",2010,242,0.24989697081305
"6087",2010,243,0.262741713989166
"6088",2010,244,0.236252594029617
"6089",2010,245,0.232242109770017
"6090",2010,246,0.242994008911386
"6091",2010,247,0.248227302718715
"6092",2010,248,0.240499978399758
"6093",2010,249,0.206032632427379
"6094",2010,250,0.211146350474234
"6095",2010,251,0.243342505675683
"6096",2010,252,0.228253101259611
"6097",2010,253,0.229219409174463
"6098",2010,254,0.201660302225316
"6099",2010,255,0.199850450251932
"6100",2010,256,0.200041496136777
"6101",2010,257,0.181617450850872
"6102",2010,258,0.181831638567329
"6103",2010,259,0.203986109099441
"6104",2010,260,0.165362533557101
"6105",2010,261,0.161944431288075
"6106",2010,262,0.157292507748561
"6107",2010,263,0.184281339513683
"6108",2010,264,0.167061924860833
"6109",2010,265,0.132496660674665
"6110",2010,266,0.148283193167687
"6111",2010,267,0.149206720983755
"6112",2010,268,0.154522729152538
"6113",2010,269,0.180405752183042
"6114",2010,270,0.158078883840234
"6115",2010,271,0.167018335034457
"6116",2010,272,0.0885235114943399
"6117",2010,273,0.054341120340279
"6118",2010,274,0.0449975413421611
"6119",2010,275,0.0463746886501386
"6120",2010,276,0.0470644109517987
"6121",2010,277,0.0445434587644718
"6122",2010,278,0.0365131483342864
"6123",2010,279,0.0349058772935357
"6124",2010,280,0.0386542794255213
"6125",2010,281,0.106216416646979
"6126",2010,282,0.0367222021486318
"6127",2010,283,0.0341284349744968
"6128",2010,284,0.118452711481
"6129",2010,285,0.0840372537864141
"6130",2010,286,0.085404397374205
"6131",2010,287,0.0930365907322041
"6132",2010,288,0.0809956389027284
"6133",2010,289,0.0634459247700262
"6134",2010,290,0.0634179296638016
"6135",2010,291,0.0356136521419477
"6136",2010,292,0.0235145924427136
"6137",2010,293,0.0215711460828404
"6138",2010,294,0.0209245612753472
"6139",2010,295,0.0185846742093552
"6140",2010,296,0.0166316310922463
"6141",2010,297,0.0153953192729427
"6142",2010,298,0.0135787582665438
"6143",2010,299,0.0113292644442454
"6144",2010,300,0.0113802993049709
"6145",2010,301,0.010919875768511
"6146",2010,302,0.0121176082496731
"6147",2010,303,0.010854638410627
"6148",2010,304,0.0118976299631381
"6149",2010,305,0.0110550416881758
"6150",2010,306,0.0114265202928142
"6151",2010,307,0.00934851243641544
"6152",2010,308,0.00889061713288768
"6153",2010,309,0.00557330722790376
"6154",2010,310,0.00569845129311503
"6155",2010,311,0.00520944979522518
"6156",2010,312,0.00384333733915583
"6157",2010,313,0.00318980811685877
"6158",2010,314,0.00270629223546809
"6159",2010,315,0.00275456362245502
"6160",2010,316,0.00286285036845252
"6161",2010,317,0.00273803557070653
"6162",2010,318,0.0552972692022095
"6163",2010,319,0.0553197653027706
"6164",2010,320,0.0320931540674192
"6165",2010,321,0.0236708451200698
"6166",2010,322,0.0260131874168084
"6167",2010,323,0.0154652177494821
"6168",2010,324,0.0154622824856106
"6169",2010,325,0.0116276858336962
"6170",2010,326,0.0109870963958502
"6171",2010,327,0.00941007301570773
"6172",2010,328,0.0102262612998844
"6173",2010,329,0.0171253625228894
"6174",2010,330,0.0262239451730727
"6175",2010,331,0.0255741614680851
"6176",2010,332,0.0218799057347998
"6177",2010,333,0.0189568437823439
"6178",2010,334,0.0161214567443625
"6179",2010,335,0.02397680292881
"6180",2010,336,0.0205855326486731
"6181",2010,337,0.0181527936528284
"6182",2010,338,0.0177725273368301
"6183",2010,339,0.0161998249276913
"6184",2010,340,0.0140776371925973
"6185",2010,341,0.0156384113202852
"6186",2010,342,0.0231635225407532
"6187",2010,343,0.0286539287294431
"6188",2010,344,0.0183369005821872
"6189",2010,345,0.0118595955731153
"6190",2010,346,0.0172588311623692
"6191",2010,347,0.0258376125117677
"6192",2010,348,0.0255579924564268
"6193",2010,349,0.0213684776478859
"6194",2010,350,0.0155166332047267
"6195",2010,351,0.0142520535340594
"6196",2010,352,0.0117290647356083
"6197",2010,353,0.0111569977718714
"6198",2010,354,0.0106274191402274
"6199",2010,355,0.0103256413725732
"6200",2010,356,0.0130636957610921
"6201",2010,357,0.0139399303240158
"6202",2010,358,0.0153379288429473
"6203",2010,359,0.0192711917881999
"6204",2010,360,0.022482011181688
"6205",2010,361,0.0222355655910838
"6206",2010,362,0.0222917014301595
"6207",2010,363,0.0183131283925223
"6208",2010,364,0.00975113650586633
"6209",2010,365,0.0083347419014994
"6210",2010,366,0.0246061106156258
"6211",2011,1,0.00995152792388062
"6212",2011,2,0.0173541267217961
"6213",2011,3,0.0165786419127606
"6214",2011,4,0.0196237218098744
"6215",2011,5,0.0299297131315239
"6216",2011,6,0.0324215907166263
"6217",2011,7,0.0244469934910837
"6218",2011,8,0.0223901584717102
"6219",2011,9,0.0135971635763221
"6220",2011,10,0.0111959472605427
"6221",2011,11,0.0107592032457105
"6222",2011,12,0.0146519183022529
"6223",2011,13,0.0156362899645173
"6224",2011,14,0.0135655734590047
"6225",2011,15,0.0137497885950129
"6226",2011,16,0.0210633127695664
"6227",2011,17,0.0162452109757093
"6228",2011,18,0.0158738800022377
"6229",2011,19,0.0176595140976306
"6230",2011,20,0.0214158046267544
"6231",2011,21,0.0320268517695621
"6232",2011,22,0.0331149671774884
"6233",2011,23,0.0365040996156432
"6234",2011,24,0.0342431726870323
"6235",2011,25,0.0423504626765365
"6236",2011,26,0.0438340133809947
"6237",2011,27,0.0495248053027478
"6238",2011,28,0.0459111298367574
"6239",2011,29,0.027826617717713
"6240",2011,30,0.0149983493118141
"6241",2011,31,0.00945369339101421
"6242",2011,32,0.0112153824157795
"6243",2011,33,0.023304058555726
"6244",2011,34,0.0460542264640025
"6245",2011,35,0.0568106527016115
"6246",2011,36,0.0522079607999276
"6247",2011,37,0.0374582737514308
"6248",2011,38,0.0205298269766007
"6249",2011,39,0.0174406254867271
"6250",2011,40,0.0279649326311674
"6251",2011,41,0.048190120024391
"6252",2011,42,0.0670365907825663
"6253",2011,43,0.0729691403456251
"6254",2011,44,0.0698864376107216
"6255",2011,45,0.0702094397147393
"6256",2011,46,0.0766724854321632
"6257",2011,47,0.0781916098229152
"6258",2011,48,0.039181436604871
"6259",2011,49,0.0253822135696121
"6260",2011,50,0.0228986432488373
"6261",2011,51,0.0231620044348953
"6262",2011,52,0.0311624114633856
"6263",2011,53,0.0473612346226803
"6264",2011,54,0.0333403678321335
"6265",2011,55,0.0223523196210466
"6266",2011,56,0.0180843010922258
"6267",2011,57,0.0303797180780586
"6268",2011,58,0.0580804646678635
"6269",2011,59,0.0581733560264786
"6270",2011,60,0.0291089810472275
"6271",2011,61,0.0320371565558403
"6272",2011,62,0.0462694920384764
"6273",2011,63,0.0433297113750287
"6274",2011,64,0.0410266795308122
"6275",2011,65,0.0398636598641095
"6276",2011,66,0.038849257491987
"6277",2011,67,0.0493779633768325
"6278",2011,68,0.0111887909907755
"6279",2011,69,0.00257657092496476
"6280",2011,70,0.0635946155074432
"6281",2011,71,0.0560942240636315
"6282",2011,72,0.0763385669555479
"6283",2011,73,0.0858172451230669
"6284",2011,74,0.0873097900578591
"6285",2011,75,0.0900285676239052
"6286",2011,76,0.0868674284503079
"6287",2011,77,0.0839765412145533
"6288",2011,78,0.0779088431166284
"6289",2011,79,0.0770125916857995
"6290",2011,80,0.0163613854262572
"6291",2011,81,0.103726391601159
"6292",2011,82,0.0982493987492941
"6293",2011,83,0.0900492070083379
"6294",2011,84,0.0985590647992448
"6295",2011,85,0.108989105934465
"6296",2011,86,0.0231661005653285
"6297",2011,87,0.0178392450887835
"6298",2011,88,0.020272135075035
"6299",2011,89,0.0213914350809536
"6300",2011,90,0.134999386337775
"6301",2011,91,0.0949402619159638
"6302",2011,92,0.0233128680320606
"6303",2011,93,0.130447094152106
"6304",2011,94,0.110832370989245
"6305",2011,95,0.148816448479943
"6306",2011,96,0.126273624650978
"6307",2011,97,0.123808835220584
"6308",2011,98,0.144422697467464
"6309",2011,99,0.132858096554551
"6310",2011,100,0.139407318245434
"6311",2011,101,0.159274323105786
"6312",2011,102,0.142003444182721
"6313",2011,103,0.142150950861974
"6314",2011,104,0.156318010764834
"6315",2011,105,0.140507793774494
"6316",2011,106,0.141171146385781
"6317",2011,107,0.131205067142846
"6318",2011,108,0.128600408552376
"6319",2011,109,0.131536008447132
"6320",2011,110,0.0451615824560387
"6321",2011,111,0.0481081674907506
"6322",2011,112,0.181087742161038
"6323",2011,113,0.162418611593636
"6324",2011,114,0.180993501040352
"6325",2011,115,0.189847557494145
"6326",2011,116,0.180764111450619
"6327",2011,117,0.176955614017121
"6328",2011,118,0.0587606618440398
"6329",2011,119,0.0544727578788577
"6330",2011,120,0.0585365188378478
"6331",2011,121,0.063196681337698
"6332",2011,122,0.066757021674708
"6333",2011,123,0.0698888029229264
"6334",2011,124,0.071394995622558
"6335",2011,125,0.0756071683794275
"6336",2011,126,0.0777774640869836
"6337",2011,127,0.0793453050364372
"6338",2011,128,0.0786470613151178
"6339",2011,129,0.234366039961494
"6340",2011,130,0.238676816004582
"6341",2011,131,0.218422724996853
"6342",2011,132,0.229443829879503
"6343",2011,133,0.223931101766935
"6344",2011,134,0.217669527479513
"6345",2011,135,0.234019260279523
"6346",2011,136,0.237844428246901
"6347",2011,137,0.265767257421894
"6348",2011,138,0.260440036965056
"6349",2011,139,0.243382430627528
"6350",2011,140,0.281051955898754
"6351",2011,141,0.289333898412102
"6352",2011,142,0.30746926614413
"6353",2011,143,0.315687094169704
"6354",2011,144,0.293779748595809
"6355",2011,145,0.267045101715722
"6356",2011,146,0.291145792664932
"6357",2011,147,0.243790836849363
"6358",2011,148,0.252711277774937
"6359",2011,149,0.278104401844987
"6360",2011,150,0.27469154752315
"6361",2011,151,0.301436673634979
"6362",2011,152,0.291332588478212
"6363",2011,153,0.29746642388186
"6364",2011,154,0.312402351800994
"6365",2011,155,0.305550307190639
"6366",2011,156,0.325890596373934
"6367",2011,157,0.359281957414291
"6368",2011,158,0.314047569344358
"6369",2011,159,0.279193190988481
"6370",2011,160,0.297498530962094
"6371",2011,161,0.316806554260707
"6372",2011,162,0.315591463068581
"6373",2011,163,0.339279517023925
"6374",2011,164,0.330045385583557
"6375",2011,165,0.324749588910001
"6376",2011,166,0.322270985682359
"6377",2011,167,0.348101502487917
"6378",2011,168,0.350566923290042
"6379",2011,169,0.331701698649342
"6380",2011,170,0.325423194882561
"6381",2011,171,0.207832177484236
"6382",2011,172,0.19775342204307
"6383",2011,173,0.202131684735025
"6384",2011,174,0.205822422496066
"6385",2011,175,0.191441486346397
"6386",2011,176,0.365965724380483
"6387",2011,177,0.317073640783078
"6388",2011,178,0.196415480508431
"6389",2011,179,0.207363056924624
"6390",2011,180,0.216226817226669
"6391",2011,181,0.195075693610841
"6392",2011,182,0.184861036039149
"6393",2011,183,0.194245519862843
"6394",2011,184,0.207354557513411
"6395",2011,185,0.196275933451691
"6396",2011,186,0.194882013419708
"6397",2011,187,0.192140068349331
"6398",2011,188,0.190922189925015
"6399",2011,189,0.187315315128527
"6400",2011,190,0.172601130708056
"6401",2011,191,0.173507941719013
"6402",2011,192,0.175632265332046
"6403",2011,193,0.182057761005899
"6404",2011,194,0.400313532122031
"6405",2011,195,0.392722735878179
"6406",2011,196,0.345231793890723
"6407",2011,197,0.369008821711331
"6408",2011,198,0.382142723823877
"6409",2011,199,0.410210443935701
"6410",2011,200,0.387623705685428
"6411",2011,201,0.188306654044188
"6412",2011,202,0.181440843507439
"6413",2011,203,0.183240757401413
"6414",2011,204,0.177826574975052
"6415",2011,205,0.184345797129042
"6416",2011,206,0.192297577160726
"6417",2011,207,0.391705250645401
"6418",2011,208,0.339854423273405
"6419",2011,209,0.301152614421847
"6420",2011,210,0.193048546863281
"6421",2011,211,0.188909871079179
"6422",2011,212,0.209331413884353
"6423",2011,213,0.199138759210587
"6424",2011,214,0.196364258757147
"6425",2011,215,0.197516009323823
"6426",2011,216,0.191331779696047
"6427",2011,217,0.371331081900864
"6428",2011,218,0.355190643687573
"6429",2011,219,0.350221084334888
"6430",2011,220,0.329020830313157
"6431",2011,221,0.183757252305501
"6432",2011,222,0.188233876953695
"6433",2011,223,0.186009482924384
"6434",2011,224,0.174587562160439
"6435",2011,225,0.186822921614993
"6436",2011,226,0.201105635275884
"6437",2011,227,0.184612966616295
"6438",2011,228,0.341261328974384
"6439",2011,229,0.317101097908645
"6440",2011,230,0.175635906783253
"6441",2011,231,0.15751148438684
"6442",2011,232,0.155922040015607
"6443",2011,233,0.166142116940161
"6444",2011,234,0.166858113783311
"6445",2011,235,0.154810187499341
"6446",2011,236,0.1445321004864
"6447",2011,237,0.121571831235357
"6448",2011,238,0.108693305930144
"6449",2011,239,0.0924913072872189
"6450",2011,240,0.0843455259031106
"6451",2011,241,0.109020392816031
"6452",2011,242,0.0677648891981531
"6453",2011,243,0.0556650092862713
"6454",2011,244,0.0472183691708958
"6455",2011,245,0.0453267151085502
"6456",2011,246,0.0405976481948506
"6457",2011,247,0.039075501742016
"6458",2011,248,0.0382355134352782
"6459",2011,249,0.0372055557274548
"6460",2011,250,0.0358999366299091
"6461",2011,251,0.0279530423983731
"6462",2011,252,0.0211544338607906
"6463",2011,253,0.0199470820745475
"6464",2011,254,0.0190860770648784
"6465",2011,255,0.0161701691693634
"6466",2011,256,0.014454729812645
"6467",2011,257,0.0112782908848085
"6468",2011,258,0.0124040441255731
"6469",2011,259,0.0124417223964718
"6470",2011,260,0.0111749993376269
"6471",2011,261,0.0104244907430795
"6472",2011,262,0.132294007431625
"6473",2011,263,0.131906066295421
"6474",2011,264,0.0238970867119242
"6475",2011,265,0.0185564162145613
"6476",2011,266,0.0174994403382779
"6477",2011,267,0.0158980254024916
"6478",2011,268,0.0144486868318085
"6479",2011,269,0.0124699324960303
"6480",2011,270,0.0120400128558537
"6481",2011,271,0.00995471682911216
"6482",2011,272,0.00852528426654486
"6483",2011,273,0.00988973922718854
"6484",2011,274,0.010010241382032
"6485",2011,275,0.00867099703060761
"6486",2011,276,0.00852219571476747
"6487",2011,277,0.00827372192693931
"6488",2011,278,0.00723204750380976
"6489",2011,279,0.00628699803175171
"6490",2011,280,0.127897663230679
"6491",2011,281,0.0977759617273287
"6492",2011,282,0.0961024926791017
"6493",2011,283,0.0932752068141542
"6494",2011,284,0.0980934393100627
"6495",2011,285,0.0928599537619697
"6496",2011,286,0.0815877900438822
"6497",2011,287,0.0725007054579021
"6498",2011,288,0.0983052356450113
"6499",2011,289,0.0655790375438333
"6500",2011,290,0.0668915721820169
"6501",2011,291,0.070448297848914
"6502",2011,292,0.0701455343136552
"6503",2011,293,0.0698406576885387
"6504",2011,294,0.0192098466928098
"6505",2011,295,0.0177688325891172
"6506",2011,296,0.0151695711409638
"6507",2011,297,0.0126735422106312
"6508",2011,298,0.0112642642017075
"6509",2011,299,0.010179051550102
"6510",2011,300,0.0103677762315689
"6511",2011,301,0.00921403327877365
"6512",2011,302,0.00995960444498721
"6513",2011,303,0.00946518071998946
"6514",2011,304,0.00914621022542651
"6515",2011,305,0.00728309339997653
"6516",2011,306,0.00706424345211636
"6517",2011,307,0.00421074711567398
"6518",2011,308,0.00359639481741786
"6519",2011,309,0.0397138988628985
"6520",2011,310,0.0374155257278569
"6521",2011,311,0.0279576264848516
"6522",2011,312,0.0314381201674786
"6523",2011,313,0.0308001520065826
"6524",2011,314,0.0334561846648836
"6525",2011,315,0.0357742955349329
"6526",2011,316,0.0270356750451174
"6527",2011,317,0.00756023111113803
"6528",2011,318,0.0048729905809239
"6529",2011,319,0.00342637673953875
"6530",2011,320,0.00303178353628993
"6531",2011,321,0.0031668132056698
"6532",2011,322,0.0218965121149413
"6533",2011,323,0.0137575022621798
"6534",2011,324,0.0183942661744932
"6535",2011,325,0.0248985656452946
"6536",2011,326,0.0365238801292002
"6537",2011,327,0.0462442644060109
"6538",2011,328,0.0405714752921629
"6539",2011,329,0.0335198870555667
"6540",2011,330,0.0302933651954097
"6541",2011,331,0.0390229818603097
"6542",2011,332,0.0356498116048243
"6543",2011,333,0.0318847199311955
"6544",2011,334,0.0288820497868671
"6545",2011,335,0.0225726640704227
"6546",2011,336,0.025236678508744
"6547",2011,337,0.0206209404506398
"6548",2011,338,0.0166741162670012
"6549",2011,339,0.0154036557302329
"6550",2011,340,0.0226707610205112
"6551",2011,341,0.0214203450918138
"6552",2011,342,0.0150745711607573
"6553",2011,343,0.0196180071362938
"6554",2011,344,0.0280818446817002
"6555",2011,345,0.0218443111363216
"6556",2011,346,0.0172150746191812
"6557",2011,347,0.0183440664572325
"6558",2011,348,0.0181627255030826
"6559",2011,349,0.0189286608371389
"6560",2011,350,0.0205455195463281
"6561",2011,351,0.0284502955058998
"6562",2011,352,0.0299721625102162
"6563",2011,353,0.0221987622686723
"6564",2011,354,0.0273620635131636
"6565",2011,355,0.0204399822146455
"6566",2011,356,0.0186560807994719
"6567",2011,357,0.0263470675139
"6568",2011,358,0.0298711148634488
"6569",2011,359,0.0297952257543149
"6570",2011,360,0.0293976759061657
"6571",2011,361,0.0286768266434968
"6572",2011,362,0.0352532907701177
"6573",2011,363,0.0333432331092228
"6574",2011,364,0.0363232013339205
"6575",2011,365,0.0354218553861122
"6576",2012,1,0.0200555206104453
"6577",2012,2,0.0288211748831594
"6578",2012,3,0.0350878052575105
"6579",2012,4,0.0391894796460408
"6580",2012,5,0.0408466160817068
"6581",2012,6,0.0299618491184146
"6582",2012,7,0.0191185508515421
"6583",2012,8,0.0232012018990343
"6584",2012,9,0.031413553209015
"6585",2012,10,0.0259650919751313
"6586",2012,11,0.01469668390642
"6587",2012,12,0.0186946174564047
"6588",2012,13,0.0225618012875745
"6589",2012,14,0.0218530535754275
"6590",2012,15,0.0189482190648251
"6591",2012,16,0.0100380414248511
"6592",2012,17,0.00930950617766299
"6593",2012,18,0.00885772517846121
"6594",2012,19,0.0102663718117888
"6595",2012,20,0.0142787526755194
"6596",2012,21,0.0260011332613068
"6597",2012,22,0.0325089956498777
"6598",2012,23,0.0295627242522728
"6599",2012,24,0.0327103366670734
"6600",2012,25,0.0461371892916354
"6601",2012,26,0.0442618071630656
"6602",2012,27,0.0369041846535286
"6603",2012,28,0.0406641754841061
"6604",2012,29,0.0551807991393879
"6605",2012,30,0.0579920975098423
"6606",2012,31,0.0567258615330539
"6607",2012,32,0.0515314699658466
"6608",2012,33,0.0500981015174819
"6609",2012,34,0.0260934100883077
"6610",2012,35,0.0394035516258606
"6611",2012,36,0.0388385965657801
"6612",2012,37,0.0277074570115658
"6613",2012,38,0.00952061593961129
"6614",2012,39,0.00552675943005867
"6615",2012,40,0.00412931362948366
"6616",2012,41,0.00242029588853611
"6617",2012,42,0.00237727082540889
"6618",2012,43,0.00323333801092267
"6619",2012,44,0.00392754818820594
"6620",2012,45,0.00288586279602397
"6621",2012,46,0.00243771294361984
"6622",2012,47,0.00276452632143867
"6623",2012,48,0.00285617985195875
"6624",2012,49,0.0030310714672745
"6625",2012,50,0.00340179787359143
"6626",2012,51,0.00303888605528234
"6627",2012,52,0.00328124232187173
"6628",2012,53,0.080855381358629
"6629",2012,54,0.0550247376041644
"6630",2012,55,0.0542743476482877
"6631",2012,56,0.0510532201407079
"6632",2012,57,0.0453632827048129
"6633",2012,58,0.0469000513269849
"6634",2012,59,0.0528751155090935
"6635",2012,60,0.072947782961998
"6636",2012,61,0.0685773333660473
"6637",2012,62,0.0676570510866096
"6638",2012,63,0.0911282242286143
"6639",2012,64,0.0390390762250348
"6640",2012,65,0.0869980689621871
"6641",2012,66,0.0668988185968834
"6642",2012,67,0.0545731417186699
"6643",2012,68,0.0146750839691292
"6644",2012,69,0.0141615233596976
"6645",2012,70,0.0135771440729395
"6646",2012,71,0.0120577990023521
"6647",2012,72,0.0113475023922063
"6648",2012,73,0.0115782750739353
"6649",2012,74,0.010455856497619
"6650",2012,75,0.0122275457429722
"6651",2012,76,0.0123738766614726
"6652",2012,77,0.0123475048070048
"6653",2012,78,0.0113092033686993
"6654",2012,79,0.109464097799867
"6655",2012,80,0.090492212184186
"6656",2012,81,0.109409888727655
"6657",2012,82,0.123562077299893
"6658",2012,83,0.094770856046515
"6659",2012,84,0.0397727301994003
"6660",2012,85,0.0160716549372803
"6661",2012,86,0.015873314761463
"6662",2012,87,0.0127596940113219
"6663",2012,88,0.0128477673489601
"6664",2012,89,0.0123045656168094
"6665",2012,90,0.0136074049288417
"6666",2012,91,0.0124892641084941
"6667",2012,92,0.00930503860025858
"6668",2012,93,0.00879071683946906
"6669",2012,94,0.00884466476029702
"6670",2012,95,0.00712217764733915
"6671",2012,96,0.00580782780330413
"6672",2012,97,0.136738610251151
"6673",2012,98,0.118267710441638
"6674",2012,99,0.119309311755325
"6675",2012,100,0.108653961364861
"6676",2012,101,0.114102424761836
"6677",2012,102,0.0554243693047193
"6678",2012,103,0.0105116970545251
"6679",2012,104,0.0102501989555977
"6680",2012,105,0.009860204176272
"6681",2012,106,0.00832586380899232
"6682",2012,107,0.00860149692381385
"6683",2012,108,0.00954128217806452
"6684",2012,109,0.150391249109506
"6685",2012,110,0.163508123965667
"6686",2012,111,0.136175573057021
"6687",2012,112,0.0100908680196213
"6688",2012,113,0.0105141552924555
"6689",2012,114,0.011284183371275
"6690",2012,115,0.0111402399925349
"6691",2012,116,0.0105637525705295
"6692",2012,117,0.0101254216479547
"6693",2012,118,0.198398596657586
"6694",2012,119,0.18517192953209
"6695",2012,120,0.184241945258875
"6696",2012,121,0.202082629190583
"6697",2012,122,0.205213643885548
"6698",2012,123,0.194130760184974
"6699",2012,124,0.182102528483006
"6700",2012,125,0.251257081297455
"6701",2012,126,0.234493132334974
"6702",2012,127,0.231705558322871
"6703",2012,128,0.213580826632346
"6704",2012,129,0.235058216891225
"6705",2012,130,0.26627575295227
"6706",2012,131,0.245175872172423
"6707",2012,132,0.187416686314973
"6708",2012,133,0.0890105155171663
"6709",2012,134,0.0980893538425158
"6710",2012,135,0.0993268190467852
"6711",2012,136,0.084517233373527
"6712",2012,137,0.0717473058588692
"6713",2012,138,0.291525346986713
"6714",2012,139,0.277482735620128
"6715",2012,140,0.23461524900941
"6716",2012,141,0.265991423972449
"6717",2012,142,0.239949780491592
"6718",2012,143,0.0418256358566679
"6719",2012,144,0.186595443528546
"6720",2012,145,0.0169773580735491
"6721",2012,146,0.227488696056981
"6722",2012,147,0.24290875799838
"6723",2012,148,0.240780378081458
"6724",2012,149,0.261707131174615
"6725",2012,150,0.252946223705186
"6726",2012,151,0.306885407692385
"6727",2012,152,0.290823779199774
"6728",2012,153,0.307865344904097
"6729",2012,154,0.330672412049002
"6730",2012,155,0.30220575465917
"6731",2012,156,0.174819609428825
"6732",2012,157,0.195431895481208
"6733",2012,158,0.171602378748738
"6734",2012,159,0.159850884447973
"6735",2012,160,0.17342147802101
"6736",2012,161,0.339900126246229
"6737",2012,162,0.30462968137692
"6738",2012,163,0.34998861491503
"6739",2012,164,0.349593391952977
"6740",2012,165,0.341158496031512
"6741",2012,166,0.33773258642274
"6742",2012,167,0.29254603919579
"6743",2012,168,0.17615177099819
"6744",2012,169,0.386738458707106
"6745",2012,170,0.36619572961353
"6746",2012,171,0.347889814918509
"6747",2012,172,0.357625360121515
"6748",2012,173,0.338959295506482
"6749",2012,174,0.342243708173543
"6750",2012,175,0.266392552760511
"6751",2012,176,0.149153607134607
"6752",2012,177,0.106798365400249
"6753",2012,178,0.0958844756017795
"6754",2012,179,0.0627988386984334
"6755",2012,180,0.0588609785862418
"6756",2012,181,0.059825189371524
"6757",2012,182,0.031718951437551
"6758",2012,183,0.0299118031059868
"6759",2012,184,0.028332879921529
"6760",2012,185,0.0292252887232012
"6761",2012,186,0.0249010074407201
"6762",2012,187,0.0229925236500849
"6763",2012,188,0.0222908782122778
"6764",2012,189,0.0128613718435685
"6765",2012,190,0.0129163422966835
"6766",2012,191,0.012980185680324
"6767",2012,192,0.0116967385821085
"6768",2012,193,0.010519448831544
"6769",2012,194,0.0101407789035026
"6770",2012,195,0.0100864861447793
"6771",2012,196,0.00810674385801858
"6772",2012,197,0.00894566166859587
"6773",2012,198,0.00819731493411339
"6774",2012,199,0.00714635443399611
"6775",2012,200,0.00738811819231969
"6776",2012,201,0.00744345934792888
"6777",2012,202,0.0436584182051213
"6778",2012,203,0.0122890901810933
"6779",2012,204,0.0110116178220735
"6780",2012,205,0.0108453107654543
"6781",2012,206,0.0099316296196921
"6782",2012,207,0.00874003105867178
"6783",2012,208,0.00836411144566212
"6784",2012,209,0.00560850280631845
"6785",2012,210,0.00568869455244337
"6786",2012,211,0.00364041163345195
"6787",2012,212,0.00245436496729419
"6788",2012,213,0.00243381646581029
"6789",2012,214,0.0020781227303508
"6790",2012,215,0.310315292421867
"6791",2012,216,0.328313765809742
"6792",2012,217,0.283906984547945
"6793",2012,218,0.244374638866246
"6794",2012,219,0.0681436443563433
"6795",2012,220,0.0203305889944161
"6796",2012,221,0.0129221834222655
"6797",2012,222,0.0125765378452166
"6798",2012,223,0.0110195084492726
"6799",2012,224,0.00991700791639991
"6800",2012,225,0.00877930154015086
"6801",2012,226,0.279991019138308
"6802",2012,227,0.178703086826798
"6803",2012,228,0.0114384189002106
"6804",2012,229,0.00957054200703382
"6805",2012,230,0.00874251347442624
"6806",2012,231,0.00798566595242851
"6807",2012,232,0.00740911753721045
"6808",2012,233,0.00699441940650851
"6809",2012,234,0.00689134865259391
"6810",2012,235,0.00614246594669032
"6811",2012,236,0.00572456034058402
"6812",2012,237,0.0053085300304961
"6813",2012,238,0.00493970584072728
"6814",2012,239,0.00482423902445727
"6815",2012,240,0.00479342621820613
"6816",2012,241,0.00484702074959439
"6817",2012,242,0.00271994037443413
"6818",2012,243,0.00207641226795479
"6819",2012,244,0.00198251796138168
"6820",2012,245,0.00192657686219806
"6821",2012,246,0.00193813568766703
"6822",2012,247,0.00189217781077377
"6823",2012,248,0.00181382359475787
"6824",2012,249,0.00178546242227794
"6825",2012,250,0.00172021755591197
"6826",2012,251,0.00168351264000146
"6827",2012,252,0.00148025575592964
"6828",2012,253,0.00128337135596417
"6829",2012,254,0.00125185089195207
"6830",2012,255,0.00112367437198062
"6831",2012,256,0.00104239046047311
"6832",2012,257,0.000946385734306321
"6833",2012,258,0.000922764193632318
"6834",2012,259,0.000892818692613361
"6835",2012,260,0.000811101042402306
"6836",2012,261,0.000766038030639007
"6837",2012,262,0.000815755149476539
"6838",2012,263,0.000744793907458851
"6839",2012,264,0.000720828075441943
"6840",2012,265,0.000705665268111706
"6841",2012,266,0.000524126141169487
"6842",2012,267,0.000494429814344517
"6843",2012,268,0.000497281499943974
"6844",2012,269,0.000485177482038423
"6845",2012,270,0.000445961800052017
"6846",2012,271,0.000429488566754847
"6847",2012,272,0.000432450898790034
"6848",2012,273,0.000427005402551291
"6849",2012,274,0.000386122105417505
"6850",2012,275,0.000369933975113112
"6851",2012,276,0.000345761419190761
"6852",2012,277,0.118906157087656
"6853",2012,278,0.111789972598608
"6854",2012,279,0.104423070804484
"6855",2012,280,0.0808444185653362
"6856",2012,281,0.09359869695117
"6857",2012,282,0.113682105269779
"6858",2012,283,0.0775080796336867
"6859",2012,284,0.0824902546872003
"6860",2012,285,0.0663546253853703
"6861",2012,286,0.082539411983008
"6862",2012,287,0.0859117536659469
"6863",2012,288,0.0878030459468407
"6864",2012,289,0.0779049088594014
"6865",2012,290,0.101190810372824
"6866",2012,291,0.06746583610311
"6867",2012,292,0.0662475627492886
"6868",2012,293,0.0721579108782815
"6869",2012,294,0.069268905966911
"6870",2012,295,0.0573487978087467
"6871",2012,296,0.0796706259387305
"6872",2012,297,0.0493409709355842
"6873",2012,298,0.0415206337185225
"6874",2012,299,0.0401149690883559
"6875",2012,300,0.0407923287958035
"6876",2012,301,0.037672766905054
"6877",2012,302,0.0462631354047272
"6878",2012,303,0.0510692300045632
"6879",2012,304,0.0590463100911227
"6880",2012,305,0.0445340586975203
"6881",2012,306,0.0385598545833883
"6882",2012,307,0.0640417354122097
"6883",2012,308,0.03860504456771
"6884",2012,309,0.0443517476479127
"6885",2012,310,0.0471646700438685
"6886",2012,311,0.0384327390008337
"6887",2012,312,0.0417312604867336
"6888",2012,313,0.0398567028294416
"6889",2012,314,0.0327957870353537
"6890",2012,315,0.0228723722308658
"6891",2012,316,0.0209130627399072
"6892",2012,317,0.0236787304041579
"6893",2012,318,0.0329936532493253
"6894",2012,319,0.0367648255790593
"6895",2012,320,0.033051761029942
"6896",2012,321,0.0361492060296398
"6897",2012,322,0.0386539710132724
"6898",2012,323,0.03734245402718
"6899",2012,324,0.0386645544219464
"6900",2012,325,0.0428872421490784
"6901",2012,326,0.0369274171529297
"6902",2012,327,0.024032513779002
"6903",2012,328,0.0257568135594092
"6904",2012,329,0.032057773987575
"6905",2012,330,0.0224855330999619
"6906",2012,331,0.0225174872635399
"6907",2012,332,0.0236116039474297
"6908",2012,333,0.0270197002724679
"6909",2012,334,0.0239580590893707
"6910",2012,335,0.0312298222367844
"6911",2012,336,0.0303657393791771
"6912",2012,337,0.0340044102570113
"6913",2012,338,0.0356343393918869
"6914",2012,339,0.0288256038709551
"6915",2012,340,0.0350920991388782
"6916",2012,341,0.0266985915372656
"6917",2012,342,0.0223025375644732
"6918",2012,343,0.0166079579230201
"6919",2012,344,0.0142743267523082
"6920",2012,345,0.0197788063908719
"6921",2012,346,0.0208454271338212
"6922",2012,347,0.0221026673462687
"6923",2012,348,0.0204037460910156
"6924",2012,349,0.0199406659804378
"6925",2012,350,0.0181713685608319
"6926",2012,351,0.0187764206579449
"6927",2012,352,0.0188073897751744
"6928",2012,353,0.0193657874370275
"6929",2012,354,0.0161426766552877
"6930",2012,355,0.0181821911316122
"6931",2012,356,0.019426814861322
"6932",2012,357,0.0120096000314378
"6933",2012,358,0.00823648262563488
"6934",2012,359,0.00904961751408552
"6935",2012,360,0.00949909097872439
"6936",2012,361,0.00934432694398437
"6937",2012,362,0.0122353036601323
"6938",2012,363,0.0154897326688588
"6939",2012,364,0.018584065637784
"6940",2012,365,0.0183794920457206
"6941",2013,1,0.0190780250916148
"6942",2013,2,0.0176757825672562
"6943",2013,3,0.0189630272033093
"6944",2013,4,0.0230402086153101
"6945",2013,5,0.0227120992633323
"6946",2013,6,0.0245745008338796
"6947",2013,7,0.00964437024340367
"6948",2013,8,0.0207200464682948
"6949",2013,9,0.0241917780958218
"6950",2013,10,0.0264828419688875
"6951",2013,11,0.0149134679945631
"6952",2013,12,0.0126750765264197
"6953",2013,13,0.0134408527668249
"6954",2013,14,0.0188222501803016
"6955",2013,15,0.0261344397312661
"6956",2013,16,0.0354345048882422
"6957",2013,17,0.0342813797309767
"6958",2013,18,0.0382869144492601
"6959",2013,19,0.0286315852275726
"6960",2013,20,0.0174735308326213
"6961",2013,21,0.0175900924969166
"6962",2013,22,0.0227267725861556
"6963",2013,23,0.0215552864179565
"6964",2013,24,0.0319389315778236
"6965",2013,25,0.040896872890713
"6966",2013,26,0.0466076355692363
"6967",2013,27,0.0430748521485725
"6968",2013,28,0.0387437967952302
"6969",2013,29,0.0239876513012371
"6970",2013,30,0.0168738130154978
"6971",2013,31,0.0190923824622618
"6972",2013,32,0.0352313847205276
"6973",2013,33,0.0504265366938227
"6974",2013,34,0.0529534048135714
"6975",2013,35,0.0551277065687221
"6976",2013,36,0.0569124440878532
"6977",2013,37,0.034775536172371
"6978",2013,38,0.0420005485529245
"6979",2013,39,0.0399595830854634
"6980",2013,40,0.0380437004761693
"6981",2013,41,0.033959757670868
"6982",2013,42,0.0305502394884211
"6983",2013,43,0.0422062471275227
"6984",2013,44,0.0478620895596292
"6985",2013,45,0.0116720728041515
"6986",2013,46,0.00665324140870921
"6987",2013,47,0.00663167730280869
"6988",2013,48,0.00508078623555733
"6989",2013,49,0.00325253819698944
"6990",2013,50,0.00273658599774279
"6991",2013,51,0.00259150147306532
"6992",2013,52,0.00331236389263292
"6993",2013,53,0.00443882685346413
"6994",2013,54,0.00487161178456739
"6995",2013,55,0.00462244130819488
"6996",2013,56,0.0049416820178935
"6997",2013,57,0.00438327258876216
"6998",2013,58,0.004339339938417
"6999",2013,59,0.00489894069985062
"7000",2013,60,0.00600942139938529
"7001",2013,61,0.00696411633290245
"7002",2013,62,0.100664122140835
"7003",2013,63,0.0483956405371966
"7004",2013,64,0.0392335828314874
"7005",2013,65,0.0455062434730418
"7006",2013,66,0.057117604247984
"7007",2013,67,0.04568584104356
"7008",2013,68,0.0108254685601103
"7009",2013,69,0.0106527608348636
"7010",2013,70,0.00940693303709823
"7011",2013,71,0.00881323038149065
"7012",2013,72,0.0122853053477624
"7013",2013,73,0.0119188348190802
"7014",2013,74,0.00965718154091617
"7015",2013,75,0.00727981194813144
"7016",2013,76,0.00725395582450951
"7017",2013,77,0.00689631617495546
"7018",2013,78,0.00755361257511526
"7019",2013,79,0.0104360617317652
"7020",2013,80,0.0791907933486339
"7021",2013,81,0.0106977000459882
"7022",2013,82,0.00884083756623036
"7023",2013,83,0.00839958019151902
"7024",2013,84,0.010589159325756
"7025",2013,85,0.0119586896156404
"7026",2013,86,0.0120477321769007
"7027",2013,87,0.0126484903876955
"7028",2013,88,0.014035555339928
"7029",2013,89,0.0132547558985002
"7030",2013,90,0.0120240976807631
"7031",2013,91,0.0120673392666214
"7032",2013,92,0.0140458130039528
"7033",2013,93,0.0139050729005349
"7034",2013,94,0.0137726500676154
"7035",2013,95,0.0161107752687679
"7036",2013,96,0.0154007655270331
"7037",2013,97,0.0143330247287297
"7038",2013,98,0.00967636075175269
"7039",2013,99,0.00354458181686451
"7040",2013,100,0.00284675952573962
"7041",2013,101,0.1450929020396
"7042",2013,102,0.140486354632463
"7043",2013,103,0.158105542920914
"7044",2013,104,0.142811962716523
"7045",2013,105,0.124940432320125
"7046",2013,106,0.12006578836365
"7047",2013,107,0.128584572815742
"7048",2013,108,0.150980289878315
"7049",2013,109,0.184013830301523
"7050",2013,110,0.162114202493706
"7051",2013,111,0.130628707209645
"7052",2013,112,0.127062282553377
"7053",2013,113,0.145722002464748
"7054",2013,114,0.159695472272695
"7055",2013,115,0.182105953040471
"7056",2013,116,0.0820673311008632
"7057",2013,117,0.0677252702721032
"7058",2013,118,0.0626603405474339
"7059",2013,119,0.217927482734215
"7060",2013,120,0.0474716071188423
"7061",2013,121,0.045073364342657
"7062",2013,122,0.0418577818293124
"7063",2013,123,0.0396931298262794
"7064",2013,124,0.0269478731812441
"7065",2013,125,0.01609484915424
"7066",2013,126,0.0108606923905414
"7067",2013,127,0.0108753174902385
"7068",2013,128,0.0102710421767717
"7069",2013,129,0.0104074921309718
"7070",2013,130,0.00970554447683149
"7071",2013,131,0.00922893243154281
"7072",2013,132,0.00996121969804045
"7073",2013,133,0.0100076863028668
"7074",2013,134,0.00719998237780983
"7075",2013,135,0.00719661417790743
"7076",2013,136,0.007124680752596
"7077",2013,137,0.190415760002091
"7078",2013,138,0.260198988299334
"7079",2013,139,0.287055488679023
"7080",2013,140,0.259828370554785
"7081",2013,141,0.238575633026505
"7082",2013,142,0.18075679771946
"7083",2013,143,0.027750497480152
"7084",2013,144,0.020430910821935
"7085",2013,145,0.0117851061999996
"7086",2013,146,0.323962824436671
"7087",2013,147,0.318556228461337
"7088",2013,148,0.313725860469262
"7089",2013,149,0.31098162580986
"7090",2013,150,0.2983780668253
"7091",2013,151,0.298136121457085
"7092",2013,152,0.296224563721105
"7093",2013,153,0.336276375308034
"7094",2013,154,0.296832793979625
"7095",2013,155,0.272717938444624
"7096",2013,156,0.286791603051885
"7097",2013,157,0.309574844484277
"7098",2013,158,0.359477131739407
"7099",2013,159,0.326171138885953
"7100",2013,160,0.340163738037399
"7101",2013,161,0.327193423271542
"7102",2013,162,0.362679630975501
"7103",2013,163,0.333322378226233
"7104",2013,164,0.371543437027506
"7105",2013,165,0.324843654184954
"7106",2013,166,0.329997259067226
"7107",2013,167,0.335216536197901
"7108",2013,168,0.337727990233373
"7109",2013,169,0.364895811178188
"7110",2013,170,0.402869705192153
"7111",2013,171,0.346662015617764
"7112",2013,172,0.359771569474949
"7113",2013,173,0.32787774017329
"7114",2013,174,0.340655323299476
"7115",2013,175,0.393875990444182
"7116",2013,176,0.362126078535377
"7117",2013,177,0.365833022655223
"7118",2013,178,0.360464559714604
"7119",2013,179,0.370193760243307
"7120",2013,180,0.360983647422815
"7121",2013,181,0.207149950736204
"7122",2013,182,0.205955839291807
"7123",2013,183,0.210440305387971
"7124",2013,184,0.213789371757149
"7125",2013,185,0.201455271817031
"7126",2013,186,0.39723187685449
"7127",2013,187,0.380056970546772
"7128",2013,188,0.354694454417215
"7129",2013,189,0.386612281291668
"7130",2013,190,0.335770276900266
"7131",2013,191,0.362621774465564
"7132",2013,192,0.381076225026696
"7133",2013,193,0.3651019244139
"7134",2013,194,0.203192043249904
"7135",2013,195,0.170518641504737
"7136",2013,196,0.140607955486075
"7137",2013,197,0.16961800472586
"7138",2013,198,0.3739519699088
"7139",2013,199,0.34898094751298
"7140",2013,200,0.182245784896573
"7141",2013,201,0.180928925237651
"7142",2013,202,0.183243415443757
"7143",2013,203,0.182142366493233
"7144",2013,204,0.179637746833713
"7145",2013,205,0.34426658437777
"7146",2013,206,0.371414493612734
"7147",2013,207,0.309840614034759
"7148",2013,208,0.180707080925039
"7149",2013,209,0.369108351819579
"7150",2013,210,0.360074936939699
"7151",2013,211,0.360399639458236
"7152",2013,212,0.343640617979728
"7153",2013,213,0.368297077740652
"7154",2013,214,0.350136007873317
"7155",2013,215,0.349377223690232
"7156",2013,216,0.341379362865461
"7157",2013,217,0.350446986345619
"7158",2013,218,0.337340151465937
"7159",2013,219,0.315508837632026
"7160",2013,220,0.308531379530957
"7161",2013,221,0.177127533371062
"7162",2013,222,0.186157084580828
"7163",2013,223,0.183903168561519
"7164",2013,224,0.189892022151222
"7165",2013,225,0.372788772956387
"7166",2013,226,0.334218156642944
"7167",2013,227,0.341068822923621
"7168",2013,228,0.20788104707008
"7169",2013,229,0.198025430047746
"7170",2013,230,0.187227631894637
"7171",2013,231,0.184559611943349
"7172",2013,232,0.177099524966528
"7173",2013,233,0.158937482883063
"7174",2013,234,0.161166211363248
"7175",2013,235,0.170227253131555
"7176",2013,236,0.161552214172217
"7177",2013,237,0.159299847101978
"7178",2013,238,0.15534177991685
"7179",2013,239,0.149535198298975
"7180",2013,240,0.341124206188204
"7181",2013,241,0.289079170558893
"7182",2013,242,0.135697215241066
"7183",2013,243,0.122023417973493
"7184",2013,244,0.117231833736493
"7185",2013,245,0.127478673747084
"7186",2013,246,0.12773731900839
"7187",2013,247,0.115958071692944
"7188",2013,248,0.119546303265237
"7189",2013,249,0.300931526123611
"7190",2013,250,0.269233147050031
"7191",2013,251,0.252893526777567
"7192",2013,252,0.214828662306995
"7193",2013,253,0.228248978453298
"7194",2013,254,0.221570582548374
"7195",2013,255,0.212038758011593
"7196",2013,256,0.208336707932697
"7197",2013,257,0.0820795820784118
"7198",2013,258,0.0749650058153669
"7199",2013,259,0.0796257071715634
"7200",2013,260,0.0739978761355807
"7201",2013,261,0.0615120331257742
"7202",2013,262,0.0563287024355432
"7203",2013,263,0.0602414506512867
"7204",2013,264,0.062111946726685
"7205",2013,265,0.0582510391511872
"7206",2013,266,0.0527427704407639
"7207",2013,267,0.0876592451023053
"7208",2013,268,0.156355654359114
"7209",2013,269,0.144519150676364
"7210",2013,270,0.122599636198846
"7211",2013,271,0.130708908390429
"7212",2013,272,0.135750465294617
"7213",2013,273,0.124213628780864
"7214",2013,274,0.119123691835486
"7215",2013,275,0.108172538529006
"7216",2013,276,0.0904850930789724
"7217",2013,277,0.0755556441304577
"7218",2013,278,0.0304131070666702
"7219",2013,279,0.0336181091825962
"7220",2013,280,0.0334932714273236
"7221",2013,281,0.0279559647618527
"7222",2013,282,0.0240167667479618
"7223",2013,283,0.0241105609534739
"7224",2013,284,0.020880141832173
"7225",2013,285,0.019396834242909
"7226",2013,286,0.0186980850457819
"7227",2013,287,0.0168447490173379
"7228",2013,288,0.0159644133088871
"7229",2013,289,0.0377945725748996
"7230",2013,290,0.01336461534259
"7231",2013,291,0.0141948233055528
"7232",2013,292,0.0150380306127512
"7233",2013,293,0.0138644727808207
"7234",2013,294,0.0147076202891846
"7235",2013,295,0.0140606009771311
"7236",2013,296,0.0121196484171614
"7237",2013,297,0.011709612581902
"7238",2013,298,0.0121156645124424
"7239",2013,299,0.0114416268660248
"7240",2013,300,0.00901989124359556
"7241",2013,301,0.0362632628336318
"7242",2013,302,0.0356471416698775
"7243",2013,303,0.0374704204024767
"7244",2013,304,0.0188418106262864
"7245",2013,305,0.00876284163144567
"7246",2013,306,0.00696960378299261
"7247",2013,307,0.00564174569460116
"7248",2013,308,0.00417512365755345
"7249",2013,309,0.00398917929599622
"7250",2013,310,0.00407995134530187
"7251",2013,311,0.0301709600645847
"7252",2013,312,0.00509847652123191
"7253",2013,313,0.00446544594999681
"7254",2013,314,0.0331471904536382
"7255",2013,315,0.0269067387545626
"7256",2013,316,0.0278454125944346
"7257",2013,317,0.0313275223758736
"7258",2013,318,0.00882819866133712
"7259",2013,319,0.00575428803657549
"7260",2013,320,0.00440688503996278
"7261",2013,321,0.0029993923756722
"7262",2013,322,0.00362108919110636
"7263",2013,323,0.00341698800802041
"7264",2013,324,0.00151019345839338
"7265",2013,325,0.00112650033997719
"7266",2013,326,0.0013507601197582
"7267",2013,327,0.00154074000309627
"7268",2013,328,0.00191987745707387
"7269",2013,329,0.00187631660998328
"7270",2013,330,0.00164312873516095
"7271",2013,331,0.00168874169771115
"7272",2013,332,0.00158211588613475
"7273",2013,333,0.00178501075914826
"7274",2013,334,0.00180757267449913
"7275",2013,335,0.00161264475115525
"7276",2013,336,0.0239719428912545
"7277",2013,337,0.0156638539376105
"7278",2013,338,0.0104042431400076
"7279",2013,339,0.00675090357940092
"7280",2013,340,0.00502443966448895
"7281",2013,341,0.0050222832960147
"7282",2013,342,0.00622559933501342
"7283",2013,343,0.00995115516331077
"7284",2013,344,0.0117205165193213
"7285",2013,345,0.0131613937182559
"7286",2013,346,0.0182114252571055
"7287",2013,347,0.0164698735097243
"7288",2013,348,0.0168662681730167
"7289",2013,349,0.0226483847402138
"7290",2013,350,0.0264282752189915
"7291",2013,351,0.0223532055880924
"7292",2013,352,0.0205338496270051
"7293",2013,353,0.0105993542066264
"7294",2013,354,0.0102345299423379
"7295",2013,355,0.0100719632099333
"7296",2013,356,0.00847227436366171
"7297",2013,357,0.0111710285784669
"7298",2013,358,0.0193362987480721
"7299",2013,359,0.0221851723443565
"7300",2013,360,0.0275590997963007
"7301",2013,361,0.0313270977203114
"7302",2013,362,0.0183905341759852
"7303",2013,363,0.0159366353842953
"7304",2013,364,0.0171457012442149
"7305",2013,365,0.0132803361206741
"7306",2014,1,0.0155796296745918
"7307",2014,2,0.0203423759129112
"7308",2014,3,0.0232371811880206
"7309",2014,4,0.0160542980669365
"7310",2014,5,0.00760519296171641
"7311",2014,6,0.00976595538066832
"7312",2014,7,0.0161028055395041
"7313",2014,8,0.0211392185050636
"7314",2014,9,0.0271178687787375
"7315",2014,10,0.0301919810440172
"7316",2014,11,0.0322215159244086
"7317",2014,12,0.032099978010674
"7318",2014,13,0.0337220754792266
"7319",2014,14,0.03474298879988
"7320",2014,15,0.036287586304358
"7321",2014,16,0.0349811403105643
"7322",2014,17,0.0368941972568982
"7323",2014,18,0.0396170656110797
"7324",2014,19,0.0401203750074283
"7325",2014,20,0.0342304855043148
"7326",2014,21,0.0312779247847739
"7327",2014,22,0.0288686373597861
"7328",2014,23,0.0289690466344987
"7329",2014,24,0.043734663691143
"7330",2014,25,0.0522109800563662
"7331",2014,26,0.0376455053499969
"7332",2014,27,0.0222460000960144
"7333",2014,28,0.0258270792388384
"7334",2014,29,0.0309262146437283
"7335",2014,30,0.0242901750824341
"7336",2014,31,0.0182668890887885
"7337",2014,32,0.0221256220556382
"7338",2014,33,0.0231229903465595
"7339",2014,34,0.0240901567880868
"7340",2014,35,0.0152241267951351
"7341",2014,36,0.0128310090142847
"7342",2014,37,0.0127957786501234
"7343",2014,38,0.0164293524278229
"7344",2014,39,0.0171534772358925
"7345",2014,40,0.0187166771607551
"7346",2014,41,0.0270844956488965
"7347",2014,42,0.0384358911067532
"7348",2014,43,0.0476535554268502
"7349",2014,44,0.0539432300740046
"7350",2014,45,0.0575669714775619
"7351",2014,46,0.0643464751530533
"7352",2014,47,0.0705431160299074
"7353",2014,48,0.0752705761158
"7354",2014,49,0.0759624382976709
"7355",2014,50,0.0716924344764339
"7356",2014,51,0.0591422625972767
"7357",2014,52,0.0564385282501402
"7358",2014,53,0.0464882660944038
"7359",2014,54,0.0344190007604059
"7360",2014,55,0.0304766241824491
"7361",2014,56,0.0308580745475111
"7362",2014,57,0.0469540806545331
"7363",2014,58,0.0448093747060136
"7364",2014,59,0.00207579976722814
"7365",2014,60,0.00107431955196994
"7366",2014,61,0.0206809618387923
"7367",2014,62,0.0372521811423333
"7368",2014,63,0.0543006335499851
"7369",2014,64,0.0713397919434276
"7370",2014,65,0.0665983149325162
"7371",2014,66,0.0605308624864676
"7372",2014,67,0.0164363075880779
"7373",2014,68,0.00829179936468896
"7374",2014,69,0.00759089759064251
"7375",2014,70,0.00779104132025721
"7376",2014,71,0.00871057040373636
"7377",2014,72,0.00894339413529409
"7378",2014,73,0.00883120366917021
"7379",2014,74,0.00890794676868635
"7380",2014,75,0.0104133553429984
"7381",2014,76,0.114329356965849
"7382",2014,77,0.0819483759058574
"7383",2014,78,0.0751156271563167
"7384",2014,79,0.110827944114194
"7385",2014,80,0.063846396278056
"7386",2014,81,0.0361425007988752
"7387",2014,82,0.0117927188346155
"7388",2014,83,0.0117640921977688
"7389",2014,84,0.0120774726185313
"7390",2014,85,0.0145569778083544
"7391",2014,86,0.0134614766217762
"7392",2014,87,0.0126204622605609
"7393",2014,88,0.0165529415018685
"7394",2014,89,0.0155664280584552
"7395",2014,90,0.0130314110244889
"7396",2014,91,0.0140175454807346
"7397",2014,92,0.0149910381662295
"7398",2014,93,0.0168808875474064
"7399",2014,94,0.0201081349500134
"7400",2014,95,0.0175976515621717
"7401",2014,96,0.0178553898528855
"7402",2014,97,0.0186164228031274
"7403",2014,98,0.0211163649654664
"7404",2014,99,0.0213052970056668
"7405",2014,100,0.0197250519620822
"7406",2014,101,0.0202149467295987
"7407",2014,102,0.0179986937239906
"7408",2014,103,0.0153334589071699
"7409",2014,104,0.0163790125065643
"7410",2014,105,0.0145633279634724
"7411",2014,106,0.0137925361586662
"7412",2014,107,0.0156652582548687
"7413",2014,108,0.0172778222012723
"7414",2014,109,0.0193456076516114
"7415",2014,110,0.0200775579834423
"7416",2014,111,0.021194658898796
"7417",2014,112,0.112459392770396
"7418",2014,113,0.0224136951984965
"7419",2014,114,0.0203612009172117
"7420",2014,115,0.0212602153873682
"7421",2014,116,0.192565653926323
"7422",2014,117,0.196345968759817
"7423",2014,118,0.166764155762553
"7424",2014,119,0.1647353206808
"7425",2014,120,0.165343765293777
"7426",2014,121,0.164039257492948
"7427",2014,122,0.204321055572595
"7428",2014,123,0.18408544537794
"7429",2014,124,0.199893589793605
"7430",2014,125,0.17582564234787
"7431",2014,126,0.16851602222178
"7432",2014,127,0.139212622017399
"7433",2014,128,0.0304718097174358
"7434",2014,129,0.0250903487812105
"7435",2014,130,0.225011175141677
"7436",2014,131,0.191334012736146
"7437",2014,132,0.196139994243393
"7438",2014,133,0.213823773813761
"7439",2014,134,0.212415070615503
"7440",2014,135,0.205438563914103
"7441",2014,136,0.0854486138751024
"7442",2014,137,0.0870038081963122
"7443",2014,138,0.087021092883809
"7444",2014,139,0.0786682946912614
"7445",2014,140,0.050179978886071
"7446",2014,141,0.0232474875500501
"7447",2014,142,0.0243462532116821
"7448",2014,143,0.0263273810209292
"7449",2014,144,0.0253894763545405
"7450",2014,145,0.0245765050558569
"7451",2014,146,0.0243047696299716
"7452",2014,147,0.250483839171933
"7453",2014,148,0.138258175387809
"7454",2014,149,0.0257839655783621
"7455",2014,150,0.0243419673287188
"7456",2014,151,0.22267765965465
"7457",2014,152,0.0421304282534983
"7458",2014,153,0.226353576187463
"7459",2014,154,0.133824495891341
"7460",2014,155,0.288455444348635
"7461",2014,156,0.196014432568811
"7462",2014,157,0.135232960348926
"7463",2014,158,0.013867257368172
"7464",2014,159,0.0129030004398843
"7465",2014,160,0.0130181688231708
"7466",2014,161,0.283983067357646
"7467",2014,162,0.188276357095263
"7468",2014,163,0.134853302454491
"7469",2014,164,0.0120248553938236
"7470",2014,165,0.011171441772538
"7471",2014,166,0.0109362910600398
"7472",2014,167,0.278152592685545
"7473",2014,168,0.343751853677824
"7474",2014,169,0.310108583963322
"7475",2014,170,0.334301567178307
"7476",2014,171,0.288771182098577
"7477",2014,172,0.203769286242637
"7478",2014,173,0.0177066523018434
"7479",2014,174,0.0160880892305354
"7480",2014,175,0.0156666358921718
"7481",2014,176,0.0156350209753232
"7482",2014,177,0.374382145030003
"7483",2014,178,0.328145465831671
"7484",2014,179,0.314379484390518
"7485",2014,180,0.204301470406113
"7486",2014,181,0.300256573149812
"7487",2014,182,0.192880890702947
"7488",2014,183,0.0227684458033457
"7489",2014,184,0.0215171580492761
"7490",2014,185,0.0199907164855305
"7491",2014,186,0.0184964813554269
"7492",2014,187,0.319903143397058
"7493",2014,188,0.357100637141892
"7494",2014,189,0.260204072862176
"7495",2014,190,0.19468938140714
"7496",2014,191,0.0150977974402775
"7497",2014,192,0.0135274841298842
"7498",2014,193,0.0103741858667193
"7499",2014,194,0.00957192135012674
"7500",2014,195,0.00832583886971156
"7501",2014,196,0.00600450035362028
"7502",2014,197,0.00626222841384726
"7503",2014,198,0.0051072401255
"7504",2014,199,0.00479753844000163
"7505",2014,200,0.0047820674145509
"7506",2014,201,0.00480564058787925
"7507",2014,202,0.00435267091030906
"7508",2014,203,0.00345885592906158
"7509",2014,204,0.00343928889579496
"7510",2014,205,0.00336845993218848
"7511",2014,206,0.00302693865183058
"7512",2014,207,0.002900919415705
"7513",2014,208,0.0028658880305092
"7514",2014,209,0.0029657649330067
"7515",2014,210,0.00255362300813474
"7516",2014,211,0.00232757890786691
"7517",2014,212,0.00235637697792217
"7518",2014,213,0.00197770148264023
"7519",2014,214,0.322940097627474
"7520",2014,215,0.367643477204193
"7521",2014,216,0.374504735677335
"7522",2014,217,0.371811459591345
"7523",2014,218,0.339410523158854
"7524",2014,219,0.330498288823436
"7525",2014,220,0.139717421956241
"7526",2014,221,0.0314835803675281
"7527",2014,222,0.0117909575368135
"7528",2014,223,0.0115387289859914
"7529",2014,224,0.0110566008626041
"7530",2014,225,0.0103445107957949
"7531",2014,226,0.0098321257299147
"7532",2014,227,0.380023552682716
"7533",2014,228,0.337124664874983
"7534",2014,229,0.323973989841993
"7535",2014,230,0.285152963947692
"7536",2014,231,0.114456665235135
"7537",2014,232,0.0552124519427061
"7538",2014,233,0.26768063586226
"7539",2014,234,0.307383234400687
"7540",2014,235,0.288674203471109
"7541",2014,236,0.264196181912336
"7542",2014,237,0.270734049440117
"7543",2014,238,0.258047420158067
"7544",2014,239,0.281116671153146
"7545",2014,240,0.313200177498486
"7546",2014,241,0.297664839694864
"7547",2014,242,0.288592349828161
"7548",2014,243,0.25180045371895
"7549",2014,244,0.243948592208899
"7550",2014,245,0.24167077997301
"7551",2014,246,0.234448508681398
"7552",2014,247,0.219690663637648
"7553",2014,248,0.215885851969345
"7554",2014,249,0.189780711620546
"7555",2014,250,0.107697705488536
"7556",2014,251,0.0995599145546821
"7557",2014,252,0.207045689974019
"7558",2014,253,0.178016794302924
"7559",2014,254,0.176278451658747
"7560",2014,255,0.161164308575453
"7561",2014,256,0.164579794998707
"7562",2014,257,0.163839101718899
"7563",2014,258,0.17478861617445
"7564",2014,259,0.186986785857276
"7565",2014,260,0.19996058060305
"7566",2014,261,0.202761151924429
"7567",2014,262,0.187739398249004
"7568",2014,263,0.099851422828366
"7569",2014,264,0.0741316272641393
"7570",2014,265,0.0704316785607184
"7571",2014,266,0.0705826243347069
"7572",2014,267,0.0708460398523304
"7573",2014,268,0.0673340226271186
"7574",2014,269,0.0609981126773183
"7575",2014,270,0.167855037434167
"7576",2014,271,0.128064174139711
"7577",2014,272,0.148312646342165
"7578",2014,273,0.153949400516465
"7579",2014,274,0.121002104125835
"7580",2014,275,0.101122682598044
"7581",2014,276,0.089838019223871
"7582",2014,277,0.107968458268655
"7583",2014,278,0.115648637859081
"7584",2014,279,0.115098374487828
"7585",2014,280,0.10900483094606
"7586",2014,281,0.0998892082265337
"7587",2014,282,0.0917582201688994
"7588",2014,283,0.0929014922629479
"7589",2014,284,0.0948825425942096
"7590",2014,285,0.0725228328584204
"7591",2014,286,0.0305647370095972
"7592",2014,287,0.0286555658653963
"7593",2014,288,0.0255636346583422
"7594",2014,289,0.0214211778907532
"7595",2014,290,0.0204708522138049
"7596",2014,291,0.0219408838548549
"7597",2014,292,0.0215998579868401
"7598",2014,293,0.0217317908732105
"7599",2014,294,0.0197865315967267
"7600",2014,295,0.0173675631953685
"7601",2014,296,0.0174435329711248
"7602",2014,297,0.0158720038556335
"7603",2014,298,0.0155271298482636
"7604",2014,299,0.0138135136739913
"7605",2014,300,0.0110159131529829
"7606",2014,301,0.0104801310368211
"7607",2014,302,0.0115933430478942
"7608",2014,303,0.00929979071304018
"7609",2014,304,0.0101818661844779
"7610",2014,305,0.00541107058439196
"7611",2014,306,0.00496626831112756
"7612",2014,307,0.00469754514954537
"7613",2014,308,0.0047184689044353
"7614",2014,309,0.00458129331382166
"7615",2014,310,0.00458227353353119
"7616",2014,311,0.00438918223386892
"7617",2014,312,0.0039479941622859
"7618",2014,313,0.034311260591278
"7619",2014,314,0.0208356038510934
"7620",2014,315,0.0170728736917825
"7621",2014,316,0.01574847081629
"7622",2014,317,0.0133969167916083
"7623",2014,318,0.0113223797570577
"7624",2014,319,0.0158171848541847
"7625",2014,320,0.0189771688921846
"7626",2014,321,0.0192302756948979
"7627",2014,322,0.025694390282602
"7628",2014,323,0.0234300832376213
"7629",2014,324,0.026682009508821
"7630",2014,325,0.0362674709336074
"7631",2014,326,0.0395519688712261
"7632",2014,327,0.0333570846273643
"7633",2014,328,0.0312785263710054
"7634",2014,329,0.0310127859027624
"7635",2014,330,0.0259743519928419
"7636",2014,331,0.0331834451476598
"7637",2014,332,0.0270624025515716
"7638",2014,333,0.0102183052970011
"7639",2014,334,0.0100336829909423
"7640",2014,335,0.0138884218130007
"7641",2014,336,0.0179078290140219
"7642",2014,337,0.0171024788983969
"7643",2014,338,0.0182199924119514
"7644",2014,339,0.0172603825671841
"7645",2014,340,0.0232784746112495
"7646",2014,341,0.0282111022696197
"7647",2014,342,0.0241541820907779
"7648",2014,343,0.0303409155318076
"7649",2014,344,0.0328790131918215
"7650",2014,345,0.0244752811103807
"7651",2014,346,0.0243082779957841
"7652",2014,347,0.0200765611059867
"7653",2014,348,0.0225640269898856
"7654",2014,349,0.0194139183155017
"7655",2014,350,0.0179546918961979
"7656",2014,351,0.0152657491765892
"7657",2014,352,0.0120323536373219
"7658",2014,353,0.0119241173607181
"7659",2014,354,0.0359108540776405
"7660",2014,355,0.0298846017041723
"7661",2014,356,0.0200067584292508
"7662",2014,357,0.0201009709421672
"7663",2014,358,0.0180344621900244
"7664",2014,359,0.0157172296859918
"7665",2014,360,0.0133737483118077
"7666",2014,361,0.0133307253934389
"7667",2014,362,0.011237158046771
"7668",2014,363,0.00814566373946292
"7669",2014,364,0.0088381485173145
"7670",2014,365,0.0120167367380366
"7671",2014,366,0.0129562478402207
"7672",2015,1,0.0172778593366019
"7673",2015,2,0.0152748786053959
"7674",2015,3,0.00869931276216882
"7675",2015,4,0.00911054448126702
"7676",2015,5,0.0108308053134719
"7677",2015,6,0.0118799427908203
"7678",2015,7,0.0140010859807838
"7679",2015,8,0.0135829665046927
"7680",2015,9,0.0108224605390115
"7681",2015,10,0.013205877202072
"7682",2015,11,0.0144143793436631
"7683",2015,12,0.0142114734674827
"7684",2015,13,0.0186730798740899
"7685",2015,14,0.0235889829619553
"7686",2015,15,0.0298546680993007
"7687",2015,16,0.034813673182129
"7688",2015,17,0.0370256982433619
"7689",2015,18,0.0380209297311815
"7690",2015,19,0.0393397619535509
"7691",2015,20,0.037561522333748
"7692",2015,21,0.0345097832648132
"7693",2015,22,0.0412213345494496
"7694",2015,23,0.0449643304194171
"7695",2015,24,0.0469132978571481
"7696",2015,25,0.0511726335913815
"7697",2015,26,0.0556081281073851
"7698",2015,27,0.0558525237358558
"7699",2015,28,0.0471324514914062
"7700",2015,29,0.0460019369064052
"7701",2015,30,0.0475844910925003
"7702",2015,31,0.0294039865983147
"7703",2015,32,0.0216312597092965
"7704",2015,33,0.028218924641712
"7705",2015,34,0.0241888298654434
"7706",2015,35,0.024889278325973
"7707",2015,36,0.0426731546415884
"7708",2015,37,0.0687439440915102
"7709",2015,38,0.0704379030459371
"7710",2015,39,0.0705563300174344
"7711",2015,40,0.0566753609927661
"7712",2015,41,0.0462756548171381
"7713",2015,42,0.0414216354358816
"7714",2015,43,0.0619113506846436
"7715",2015,44,0.074029055690744
"7716",2015,45,0.0619035730885205
"7717",2015,46,0.068484102220787
"7718",2015,47,0.0512683119401029
"7719",2015,48,0.0387871258860099
"7720",2015,49,0.0503278536504317
"7721",2015,50,0.0736423191066745
"7722",2015,51,0.068030327753335
"7723",2015,52,0.0440453068567569
"7724",2015,53,0.0392595496190405
"7725",2015,54,0.0620238941202825
"7726",2015,55,0.0805275630142876
"7727",2015,56,0.0502452107294124
"7728",2015,57,0.0336976028840273
"7729",2015,58,0.0390535220058286
"7730",2015,59,0.0464150187898511
"7731",2015,60,0.0601454696071076
"7732",2015,61,0.0238964568768638
"7733",2015,62,0.0339730163148298
"7734",2015,63,0.0366899655064018
"7735",2015,64,0.0574319117349182
"7736",2015,65,0.045371269985702
"7737",2015,66,0.015568123527171
"7738",2015,67,0.0148510584051067
"7739",2015,68,0.0152028062676802
"7740",2015,69,0.0148877346127585
"7741",2015,70,0.0158593776346323
"7742",2015,71,0.015840711353702
"7743",2015,72,0.015622118221242
"7744",2015,73,0.0167345602353451
"7745",2015,74,0.0158238253978723
"7746",2015,75,0.0130198969281703
"7747",2015,76,0.102240947111815
"7748",2015,77,0.0829911077687494
"7749",2015,78,0.10118596457344
"7750",2015,79,0.109584811486157
"7751",2015,80,0.106394742919772
"7752",2015,81,0.106459837087356
"7753",2015,82,0.101099420792966
"7754",2015,83,0.0901452396880749
"7755",2015,84,0.0958343707009848
"7756",2015,85,0.0264635080977583
"7757",2015,86,0.0286344420613225
"7758",2015,87,0.157359417294911
"7759",2015,88,0.103943798720823
"7760",2015,89,0.0294093822564662
"7761",2015,90,0.0309564022462339
"7762",2015,91,0.0257077037228457
"7763",2015,92,0.0228328572654089
"7764",2015,93,0.0234661632220341
"7765",2015,94,0.0255518457589056
"7766",2015,95,0.0225032386677595
"7767",2015,96,0.131543837294392
"7768",2015,97,0.126420193037863
"7769",2015,98,0.13269740250969
"7770",2015,99,0.138283504174141
"7771",2015,100,0.0470044122744251
"7772",2015,101,0.0422349708770745
"7773",2015,102,0.0372000841808641
"7774",2015,103,0.0406509539507212
"7775",2015,104,0.0424974140727033
"7776",2015,105,0.0393409501991604
"7777",2015,106,0.0408547748199569
"7778",2015,107,0.0450778561551016
"7779",2015,108,0.0417613728015074
"7780",2015,109,0.0405486488692717
"7781",2015,110,0.0432938800005314
"7782",2015,111,0.0473506572262264
"7783",2015,112,0.207471011734448
"7784",2015,113,0.18151028144503
"7785",2015,114,0.178114771748798
"7786",2015,115,0.202555049934345
"7787",2015,116,0.156302960015889
"7788",2015,117,0.180230219271252
"7789",2015,118,0.205995441420198
"7790",2015,119,0.256758574213371
"7791",2015,120,0.210701800132518
"7792",2015,121,0.222050235698421
"7793",2015,122,0.219993616942225
"7794",2015,123,0.198943206844659
"7795",2015,124,0.0834048472293339
"7796",2015,125,0.276231954655374
"7797",2015,126,0.215153126862912
"7798",2015,127,0.189982615977135
"7799",2015,128,0.190349235220825
"7800",2015,129,0.194425773948666
"7801",2015,130,0.182708112898618
"7802",2015,131,0.0900561285307324
"7803",2015,132,0.0889109422770559
"7804",2015,133,0.0933250268557438
"7805",2015,134,0.0929875751420176
"7806",2015,135,0.254172609710868
"7807",2015,136,0.252229327572788
"7808",2015,137,0.228959416855915
"7809",2015,138,0.205580443194017
"7810",2015,139,0.226577553324177
"7811",2015,140,0.241117105686358
"7812",2015,141,0.257759133836826
"7813",2015,142,0.270816616064367
"7814",2015,143,0.26924150291743
"7815",2015,144,0.138439858824719
"7816",2015,145,0.142172741636181
"7817",2015,146,0.142589060223344
"7818",2015,147,0.144166846926858
"7819",2015,148,0.31350794264277
"7820",2015,149,0.259768975661843
"7821",2015,150,0.313719493293589
"7822",2015,151,0.239850363543877
"7823",2015,152,0.355677794294063
"7824",2015,153,0.299259427178596
"7825",2015,154,0.335557545047194
"7826",2015,155,0.311776553751194
"7827",2015,156,0.318099117755977
"7828",2015,157,0.33385209604194
"7829",2015,158,0.339125214224602
"7830",2015,159,0.199429278231533
"7831",2015,160,0.193917472050251
"7832",2015,161,0.176356758126108
"7833",2015,162,0.186034187701373
"7834",2015,163,0.191664604392566
"7835",2015,164,0.176653831597858
"7836",2015,165,0.17387726944744
"7837",2015,166,0.170918968247745
"7838",2015,167,0.180356157652782
"7839",2015,168,0.190625616534347
"7840",2015,169,0.181442915544644
"7841",2015,170,0.188988732787981
"7842",2015,171,0.187367941070557
"7843",2015,172,0.183774212834943
"7844",2015,173,0.179557020054774
"7845",2015,174,0.189865859039375
"7846",2015,175,0.185498898754254
"7847",2015,176,0.183846302993912
"7848",2015,177,0.179599047610114
"7849",2015,178,0.16105052036121
"7850",2015,179,0.136633576008883
"7851",2015,180,0.11644622833145
"7852",2015,181,0.103274007012851
"7853",2015,182,0.0770300560934477
"7854",2015,183,0.0711577134255826
"7855",2015,184,0.0692526730876614
"7856",2015,185,0.413891990565779
"7857",2015,186,0.356799325997099
"7858",2015,187,0.329973379837968
"7859",2015,188,0.336132518365352
"7860",2015,189,0.325332955771687
"7861",2015,190,0.170609747817383
"7862",2015,191,0.404298626160656
"7863",2015,192,0.384713972039188
"7864",2015,193,0.313914457850977
"7865",2015,194,0.171807571710005
"7866",2015,195,0.034552332310916
"7867",2015,196,0.026396575831762
"7868",2015,197,0.0313765692798051
"7869",2015,198,0.0291316423988244
"7870",2015,199,0.0293348471843748
"7871",2015,200,0.0304454773231738
"7872",2015,201,0.272660127201253
"7873",2015,202,0.150133914589789
"7874",2015,203,0.0324305730506731
"7875",2015,204,0.225758680764444
"7876",2015,205,0.0352761617638726
"7877",2015,206,0.0339897057659696
"7878",2015,207,0.258560002739159
"7879",2015,208,0.365937204986049
"7880",2015,209,0.352324741601147
"7881",2015,210,0.333978117048677
"7882",2015,211,0.352479521612239
"7883",2015,212,0.369718447482592
"7884",2015,213,0.362149713443091
"7885",2015,214,0.186084552363346
"7886",2015,215,0.186755063934178
"7887",2015,216,0.184819774575458
"7888",2015,217,0.180485752905729
"7889",2015,218,0.170839643388203
"7890",2015,219,0.157605583707146
"7891",2015,220,0.142432508476562
"7892",2015,221,0.1226110030941
"7893",2015,222,0.11279884216855
"7894",2015,223,0.0844183632588114
"7895",2015,224,0.0818783208411814
"7896",2015,225,0.05717979184278
"7897",2015,226,0.0343820718728456
"7898",2015,227,0.0243163019619629
"7899",2015,228,0.020999728010484
"7900",2015,229,0.224459764130424
"7901",2015,230,0.143303887218212
"7902",2015,231,0.0225881045853348
"7903",2015,232,0.0166581943750818
"7904",2015,233,0.0152561346201377
"7905",2015,234,0.0126619663702687
"7906",2015,235,0.0127439388507078
"7907",2015,236,0.013261996233878
"7908",2015,237,0.0131507130894624
"7909",2015,238,0.0127316254797925
"7910",2015,239,0.0120339394585403
"7911",2015,240,0.011608194169625
"7912",2015,241,0.0114316383481355
"7913",2015,242,0.297971064366497
"7914",2015,243,0.229699983971357
"7915",2015,244,0.211052456720127
"7916",2015,245,0.17090203445911
"7917",2015,246,0.19193078614205
"7918",2015,247,0.240298866244329
"7919",2015,248,0.224327583946242
"7920",2015,249,0.180231878903926
"7921",2015,250,0.163178526049874
"7922",2015,251,0.153489352334351
"7923",2015,252,0.134091780539778
"7924",2015,253,0.0119366675125024
"7925",2015,254,0.00907526092091862
"7926",2015,255,0.00911681333816723
"7927",2015,256,0.00831427502820797
"7928",2015,257,0.00767130929658736
"7929",2015,258,0.137493457972536
"7930",2015,259,0.175599072655712
"7931",2015,260,0.155690348927079
"7932",2015,261,0.159814094026542
"7933",2015,262,0.162099155400128
"7934",2015,263,0.143834149439112
"7935",2015,264,0.149815170604697
"7936",2015,265,0.0299312585567409
"7937",2015,266,0.0196582910107556
"7938",2015,267,0.0177005420671756
"7939",2015,268,0.0112962413361606
"7940",2015,269,0.00770860029235134
"7941",2015,270,0.00617952801162059
"7942",2015,271,0.0053406414160398
"7943",2015,272,0.00534427918288905
"7944",2015,273,0.00509972084325069
"7945",2015,274,0.00464666800924569
"7946",2015,275,0.141431369701495
"7947",2015,276,0.130419105564078
"7948",2015,277,0.117466477324047
"7949",2015,278,0.0973545531477144
"7950",2015,279,0.102908976417413
"7951",2015,280,0.109533853671677
"7952",2015,281,0.108696722687768
"7953",2015,282,0.118530055304479
"7954",2015,283,0.124273559034209
"7955",2015,284,0.101655064210576
"7956",2015,285,0.0922575636692131
"7957",2015,286,0.0895303401673214
"7958",2015,287,0.0800937030556729
"7959",2015,288,0.0646627900980152
"7960",2015,289,0.0279364856791691
"7961",2015,290,0.0241600277347705
"7962",2015,291,0.0231796016546009
"7963",2015,292,0.103041654423076
"7964",2015,293,0.0689163634754975
"7965",2015,294,0.0680672266181028
"7966",2015,295,0.0671954017293795
"7967",2015,296,0.061238874514199
"7968",2015,297,0.0548128466830314
"7969",2015,298,0.0382897034720778
"7970",2015,299,0.0806281025710118
"7971",2015,300,0.0480586817010779
"7972",2015,301,0.0447793486817487
"7973",2015,302,0.0443151383574571
"7974",2015,303,0.0432830334892946
"7975",2015,304,0.0180328254956557
"7976",2015,305,0.0748392281688416
"7977",2015,306,0.0686247661507728
"7978",2015,307,0.0633409322332182
"7979",2015,308,0.035933987521881
"7980",2015,309,0.0350684963859423
"7981",2015,310,0.0368017464873829
"7982",2015,311,0.0393045118050425
"7983",2015,312,0.0405797951767323
"7984",2015,313,0.033722599281084
"7985",2015,314,0.0284834796479538
"7986",2015,315,0.0313311174480114
"7987",2015,316,0.0306400808864309
"7988",2015,317,0.0374439831081854
"7989",2015,318,0.0393522817035017
"7990",2015,319,0.0362054562174254
"7991",2015,320,0.0294795406326497
"7992",2015,321,0.0294480138616967
"7993",2015,322,0.0259026303116103
"7994",2015,323,0.0204067094537027
"7995",2015,324,0.0199550880424491
"7996",2015,325,0.021635587089282
"7997",2015,326,0.0273934810148114
"7998",2015,327,0.0247779708997225
"7999",2015,328,0.0260865789884358
"8000",2015,329,0.0166451094595992
"8001",2015,330,0.0149994159815677
"8002",2015,331,0.0173101125361869
"8003",2015,332,0.0187290177221552
"8004",2015,333,0.0159537368546894
"8005",2015,334,0.0144736340722863
"8006",2015,335,0.0159036808570238
"8007",2015,336,0.0184527160307641
"8008",2015,337,0.021071654922415
"8009",2015,338,0.0237570924035492
"8010",2015,339,0.0218467329783223
"8011",2015,340,0.0208965891914558
"8012",2015,341,0.0170652037585619
"8013",2015,342,0.00813415855905613
"8014",2015,343,0.00568069550182338
"8015",2015,344,0.03498280101295
"8016",2015,345,0.0272130397230751
"8017",2015,346,0.0152290023766385
"8018",2015,347,0.0168952865737577
"8019",2015,348,0.0213654827662123
"8020",2015,349,0.0164790464476233
"8021",2015,350,0.0148412511326605
"8022",2015,351,0.0128018983515028
"8023",2015,352,0.0133052427424274
"8024",2015,353,0.0178609732971375
"8025",2015,354,0.019033117507419
"8026",2015,355,0.019173919175953
"8027",2015,356,0.0186516503883638
"8028",2015,357,0.0166866158168366
"8029",2015,358,0.0147559850626506
"8030",2015,359,0.0113062363061284
"8031",2015,360,0.00999372264334912
"8032",2015,361,0.0130730895530144
"8033",2015,362,0.0133044281595119
"8034",2015,363,0.0126796103651297
"8035",2015,364,0.0139326218764638
"8036",2015,365,0.0163333157084143
"8037",2016,1,0.0181402283480281
"8038",2016,2,0.0155387685759108
"8039",2016,3,0.015084797146731
"8040",2016,4,0.0180221853553572
"8041",2016,5,0.0186181009485806
"8042",2016,6,0.0189672988232261
"8043",2016,7,0.0165489170934116
"8044",2016,8,0.013004748594171
"8045",2016,9,0.0108198049210697
"8046",2016,10,0.0158732851432117
"8047",2016,11,0.0207321004517474
"8048",2016,12,0.0240837212281325
"8049",2016,13,0.0294037542719885
"8050",2016,14,0.029375150710502
"8051",2016,15,0.021283639622145
"8052",2016,16,0.0117321316616686
"8053",2016,17,0.0130436116551367
"8054",2016,18,0.020106861974478
"8055",2016,19,0.0259328058512755
"8056",2016,20,0.0248312672782966
"8057",2016,21,0.0259402323136799
"8058",2016,22,0.0346204506041894
"8059",2016,23,0.0395043483101327
"8060",2016,24,0.0339686339178873
"8061",2016,25,0.0329561784075639
"8062",2016,26,0.0362747100598422
"8063",2016,27,0.046196052882738
"8064",2016,28,0.053433543314124
"8065",2016,29,0.0527621884227606
"8066",2016,30,0.0490183527032784
"8067",2016,31,0.0434183012183453
"8068",2016,32,0.0402687194298375
"8069",2016,33,0.0412727504301762
"8070",2016,34,0.0397369320099703
"8071",2016,35,0.0432773468027787
"8072",2016,36,0.0451644798051917
"8073",2016,37,0.0460560684711454
"8074",2016,38,0.034923240933214
"8075",2016,39,0.00792082105239774
"8076",2016,40,0.00668716776816852
"8077",2016,41,0.00507326009184629
"8078",2016,42,0.00416112741138211
"8079",2016,43,0.00327187124886627
"8080",2016,44,0.00341074145771313
"8081",2016,45,0.00360811012632326
"8082",2016,46,0.00331080174231119
"8083",2016,47,0.00357401301103689
"8084",2016,48,0.00351701046620553
"8085",2016,49,0.00346656848565567
"8086",2016,50,0.00402641630369346
"8087",2016,51,0.00370676100639682
"8088",2016,52,0.00366302419817307
"8089",2016,53,0.0039874150828974
"8090",2016,54,0.00417598118729247
"8091",2016,55,0.00410779801430728
"8092",2016,56,0.00473484378220674
"8093",2016,57,0.00574464139308397
"8094",2016,58,0.10143220495813
"8095",2016,59,0.0727762592717481
"8096",2016,60,0.0603378414003105
"8097",2016,61,0.0627148232536404
"8098",2016,62,0.0711573374539257
"8099",2016,63,0.07447840659731
"8100",2016,64,0.0463808917842152
"8101",2016,65,0.0136686509929734
"8102",2016,66,0.0132216366641199
"8103",2016,67,0.011250626136282
"8104",2016,68,0.0100296766769877
"8105",2016,69,0.011138702995845
"8106",2016,70,0.0126384801874349
"8107",2016,71,0.0132409922570693
"8108",2016,72,0.0135324374434016
"8109",2016,73,0.0130762480249537
"8110",2016,74,0.012430251738025
"8111",2016,75,0.011778248926927
"8112",2016,76,0.0114970507289141
"8113",2016,77,0.00992920397921512
"8114",2016,78,0.00940018094400534
"8115",2016,79,0.0115004302109019
"8116",2016,80,0.0149599508219517
"8117",2016,81,0.0164314688213872
"8118",2016,82,0.0137066908270072
"8119",2016,83,0.0157456798242337
"8120",2016,84,0.01668580357166
"8121",2016,85,0.015269649933531
"8122",2016,86,0.016282541745526
"8123",2016,87,0.0183329296720406
"8124",2016,88,0.0188641879826828
"8125",2016,89,0.0194775933397996
"8126",2016,90,0.137339761238281
"8127",2016,91,0.110368092632793
"8128",2016,92,0.123482559130914
"8129",2016,93,0.0318120930291613
"8130",2016,94,0.0318357602819812
"8131",2016,95,0.0306523253625608
"8132",2016,96,0.151965358800395
"8133",2016,97,0.140265624767257
"8134",2016,98,0.14218961621438
"8135",2016,99,0.146893798953545
"8136",2016,100,0.151613825204085
"8137",2016,101,0.134155171862148
"8138",2016,102,0.140118102426784
"8139",2016,103,0.0868209822912968
"8140",2016,104,0.0424572700284877
"8141",2016,105,0.187325687740234
"8142",2016,106,0.167963327954525
"8143",2016,107,0.148954250780826
"8144",2016,108,0.154062464057751
"8145",2016,109,0.160958945933596
"8146",2016,110,0.177348178186199
"8147",2016,111,0.189213520143749
"8148",2016,112,0.196494898349969
"8149",2016,113,0.188702176940385
"8150",2016,114,0.0562411937811802
"8151",2016,115,0.178547461082796
"8152",2016,116,0.169491709213284
"8153",2016,117,0.177974435626376
"8154",2016,118,0.180931634804574
"8155",2016,119,0.174735339340322
"8156",2016,120,0.18757522390351
"8157",2016,121,0.196720743839853
"8158",2016,122,0.204396310087586
"8159",2016,123,0.228520967377636
"8160",2016,124,0.247501347026937
"8161",2016,125,0.181622330909199
"8162",2016,126,0.103579982813885
"8163",2016,127,0.0912390822479403
"8164",2016,128,0.0938537250386875
"8165",2016,129,0.100772259635811
"8166",2016,130,0.239606581814505
"8167",2016,131,0.213552016803932
"8168",2016,132,0.235434720461864
"8169",2016,133,0.208489883614155
"8170",2016,134,0.202037273056286
"8171",2016,135,0.216452025603887
"8172",2016,136,0.232944880340903
"8173",2016,137,0.251077444842809
"8174",2016,138,0.261641012459247
"8175",2016,139,0.250844468841965
"8176",2016,140,0.132513573829277
"8177",2016,141,0.307575870858652
"8178",2016,142,0.294992897233586
"8179",2016,143,0.267129940922064
"8180",2016,144,0.287161695104928
"8181",2016,145,0.259790966941572
"8182",2016,146,0.263050829003779
"8183",2016,147,0.289651847067763
"8184",2016,148,0.278277088355856
"8185",2016,149,0.280158465000943
"8186",2016,150,0.290338017366688
"8187",2016,151,0.311525665331034
"8188",2016,152,0.30628002756618
"8189",2016,153,0.296311016675103
"8190",2016,154,0.314563881642572
"8191",2016,155,0.315950612830286
"8192",2016,156,0.329848907919003
"8193",2016,157,0.320129273825582
"8194",2016,158,0.188656486750627
"8195",2016,159,0.196955765967066
"8196",2016,160,0.20764283588971
"8197",2016,161,0.198602147451173
"8198",2016,162,0.38691401101089
"8199",2016,163,0.33500614974566
"8200",2016,164,0.332970628500495
"8201",2016,165,0.350402335209895
"8202",2016,166,0.341617509077276
"8203",2016,167,0.35157610518262
"8204",2016,168,0.330824150828664
"8205",2016,169,0.334938393032877
"8206",2016,170,0.35167583885862
"8207",2016,171,0.20843614143851
"8208",2016,172,0.19820800000967
"8209",2016,173,0.200433930514524
"8210",2016,174,0.192448981054638
"8211",2016,175,0.206579466862264
"8212",2016,176,0.38414884151754
"8213",2016,177,0.32680596284947
"8214",2016,178,0.340544310104096
"8215",2016,179,0.333636799355068
"8216",2016,180,0.191633164282097
"8217",2016,181,0.191476272065186
"8218",2016,182,0.191964720187252
"8219",2016,183,0.188827427229517
"8220",2016,184,0.196345053868914
"8221",2016,185,0.191048234458306
"8222",2016,186,0.183417242192313
"8223",2016,187,0.172318362078112
"8224",2016,188,0.161752248628715
"8225",2016,189,0.168519223752558
"8226",2016,190,0.18635585348159
"8227",2016,191,0.401225753536325
"8228",2016,192,0.354363005084307
"8229",2016,193,0.344821324217814
"8230",2016,194,0.360861829357608
"8231",2016,195,0.329196628919161
"8232",2016,196,0.285360763826472
"8233",2016,197,0.326786755894478
"8234",2016,198,0.316929902015789
"8235",2016,199,0.366181303579023
"8236",2016,200,0.387754047518446
"8237",2016,201,0.369106168543714
"8238",2016,202,0.363353936159138
"8239",2016,203,0.365180227258707
"8240",2016,204,0.273642886683711
"8241",2016,205,0.179246976892681
"8242",2016,206,0.181978884554088
"8243",2016,207,0.19134733985641
"8244",2016,208,0.39441780556206
"8245",2016,209,0.37088694846374
"8246",2016,210,0.341860710496058
"8247",2016,211,0.352521274569977
"8248",2016,212,0.364251427931691
"8249",2016,213,0.243364672037489
"8250",2016,214,0.182840891263813
"8251",2016,215,0.188212215417263
"8252",2016,216,0.177955075891463
"8253",2016,217,0.173066667556755
"8254",2016,218,0.181457899882266
"8255",2016,219,0.18514540770176
"8256",2016,220,0.185951323418481
"8257",2016,221,0.181945045994696
"8258",2016,222,0.178202626497507
"8259",2016,223,0.20245497587681
"8260",2016,224,0.169374592721427
"8261",2016,225,0.16713232607926
"8262",2016,226,0.159159411391979
"8263",2016,227,0.144616334054641
"8264",2016,228,0.128455292405213
"8265",2016,229,0.104580653982175
"8266",2016,230,0.31331641122925
"8267",2016,231,0.322924631286577
"8268",2016,232,0.272183153081235
"8269",2016,233,0.288327648096244
"8270",2016,234,0.293597444112139
"8271",2016,235,0.116660952697935
"8272",2016,236,0.0757602662798631
"8273",2016,237,0.0445768431155549
"8274",2016,238,0.043813391103866
"8275",2016,239,0.0424221011934736
"8276",2016,240,0.0435536320768358
"8277",2016,241,0.0432082743916502
"8278",2016,242,0.0342003811082532
"8279",2016,243,0.0259648314073157
"8280",2016,244,0.0265124292348835
"8281",2016,245,0.0255394273277744
"8282",2016,246,0.0224345171074763
"8283",2016,247,0.0182212765786714
"8284",2016,248,0.229136079650834
"8285",2016,249,0.211361629031942
"8286",2016,250,0.236759666726049
"8287",2016,251,0.211527905980583
"8288",2016,252,0.23488053631581
"8289",2016,253,0.193611643970195
"8290",2016,254,0.2037783590398
"8291",2016,255,0.180107137650642
"8292",2016,256,0.144689358765704
"8293",2016,257,0.0810521575171914
"8294",2016,258,0.0653069753621585
"8295",2016,259,0.0667482246965661
"8296",2016,260,0.0663038890191896
"8297",2016,261,0.0625165287141744
"8298",2016,262,0.0461178653812254
"8299",2016,263,0.0308400377880692
"8300",2016,264,0.16900383312099
"8301",2016,265,0.171798520756777
"8302",2016,266,0.166226351811032
"8303",2016,267,0.164833303217578
"8304",2016,268,0.135809251388638
"8305",2016,269,0.135319057560102
"8306",2016,270,0.143085628342023
"8307",2016,271,0.152635306633774
"8308",2016,272,0.140769550925884
"8309",2016,273,0.148081642668498
"8310",2016,274,0.143811311678262
"8311",2016,275,0.169345105384188
"8312",2016,276,0.14683939441686
"8313",2016,277,0.128624152004505
"8314",2016,278,0.112750781654851
"8315",2016,279,0.10722829938788
"8316",2016,280,0.0769293975428463
"8317",2016,281,0.0758193993635515
"8318",2016,282,0.0835266969994481
"8319",2016,283,0.0908776706398291
"8320",2016,284,0.0697847564207026
"8321",2016,285,0.0616370083687131
"8322",2016,286,0.0671002175846315
"8323",2016,287,0.0732995567923709
"8324",2016,288,0.0807908979384625
"8325",2016,289,0.0829809220853363
"8326",2016,290,0.0766990739432425
"8327",2016,291,0.0693336612344536
"8328",2016,292,0.0639439469536453
"8329",2016,293,0.0623020250456803
"8330",2016,294,0.0649433288190272
"8331",2016,295,0.0651234855278096
"8332",2016,296,0.0563544037687558
"8333",2016,297,0.0287924387207373
"8334",2016,298,0.0208940850086882
"8335",2016,299,0.0191352082505108
"8336",2016,300,0.017443792766841
"8337",2016,301,0.0170055479094255
"8338",2016,302,0.00908560589883851
"8339",2016,303,0.00786643215757711
"8340",2016,304,0.0770591826165365
"8341",2016,305,0.0726844537339647
"8342",2016,306,0.0482193038974023
"8343",2016,307,0.0478132596381209
"8344",2016,308,0.0517944144898095
"8345",2016,309,0.0481759247591015
"8346",2016,310,0.0469828096407937
"8347",2016,311,0.0464255094175996
"8348",2016,312,0.0419136514888792
"8349",2016,313,0.0439609240428516
"8350",2016,314,0.0467180990751905
"8351",2016,315,0.0393381112422772
"8352",2016,316,0.0401795543539114
"8353",2016,317,0.0445568391821933
"8354",2016,318,0.0409855456490066
"8355",2016,319,0.0397520015900073
"8356",2016,320,0.0357912781883169
"8357",2016,321,0.0308323055735734
"8358",2016,322,0.0253605047196062
"8359",2016,323,0.0231601282599679
"8360",2016,324,0.0255112974572076
"8361",2016,325,0.0291971991731082
"8362",2016,326,0.0292799329142171
"8363",2016,327,0.0264671361628653
"8364",2016,328,0.0241544387421383
"8365",2016,329,0.0257677688017491
"8366",2016,330,0.0256210515862846
"8367",2016,331,0.0245175102046913
"8368",2016,332,0.0211785819315503
"8369",2016,333,0.0167817051835512
"8370",2016,334,0.0139434929036567
"8371",2016,335,0.010148637740264
"8372",2016,336,0.00942407799052654
"8373",2016,337,0.00826870531075861
"8374",2016,338,0.00660636978694812
"8375",2016,339,0.00442608724254349
"8376",2016,340,0.00277313747617473
"8377",2016,341,0.00170156063695994
"8378",2016,342,0.00144916229977947
"8379",2016,343,0.00126880569104153
"8380",2016,344,0.00133395193171987
"8381",2016,345,0.0098637586377621
"8382",2016,346,0.00898378204867515
"8383",2016,347,0.00978264513694168
"8384",2016,348,0.0111114392829743
"8385",2016,349,0.0103809529973169
"8386",2016,350,0.0102975051478291
"8387",2016,351,0.00743782418498022
"8388",2016,352,0.0064160906472848
"8389",2016,353,0.0124733962501571
"8390",2016,354,0.0222049747189764
"8391",2016,355,0.0258265634460042
"8392",2016,356,0.0257072075995773
"8393",2016,357,0.0226780608823213
"8394",2016,358,0.0205556273333071
"8395",2016,359,0.0151568283890078
"8396",2016,360,0.0123939905648779
"8397",2016,361,0.0148915036113983
"8398",2016,362,0.0201081229955605
"8399",2016,363,0.0229529359134162
"8400",2016,364,0.0220282613720225
"8401",2016,365,0.0212885102132973
"8402",2017,1,0.015654661035554
"8403",2017,2,0.0110255783307682
"8404",2017,3,0.00829833371160561
"8405",2017,4,0.00973420860924816
"8406",2017,5,0.0109495272086542
"8407",2017,6,0.0135138073883437
"8408",2017,7,0.0112355569536699
"8409",2017,8,0.0112956473212388
"8410",2017,9,0.0122059099693512
"8411",2017,10,0.0100622309591734
"8412",2017,11,0.00762643918567328
"8413",2017,12,0.00957531714590124
"8414",2017,13,0.013780714491233
"8415",2017,14,0.0169552823253335
"8416",2017,15,0.0211120801621183
"8417",2017,16,0.0235592939952079
"8418",2017,17,0.031467707003334
"8419",2017,18,0.0402752199612436
"8420",2017,19,0.039135830615402
"8421",2017,20,0.0376554076635349
"8422",2017,21,0.0321676320663968
"8423",2017,22,0.0296857221453643
"8424",2017,23,0.0307451326188508
"8425",2017,24,0.0284379034275422
"8426",2017,25,0.0269305133077212
"8427",2017,26,0.0319214218551959
"8428",2017,27,0.0378087965412282
"8429",2017,28,0.047444071497656
"8430",2017,29,0.0560959671191985
"8431",2017,30,0.0497603706296676
"8432",2017,31,0.0352214605297693
"8433",2017,32,0.0265905237300885
"8434",2017,33,0.0268387937691118
"8435",2017,34,0.0291339753089528
"8436",2017,35,0.0297622490285288
"8437",2017,36,0.0287001526413651
"8438",2017,37,0.023360373098538
"8439",2017,38,0.0186232962412464
"8440",2017,39,0.0204915662151514
"8441",2017,40,0.0440924652838023
"8442",2017,41,0.0665622045095367
"8443",2017,42,0.0605096021391282
"8444",2017,43,0.0641823397870429
"8445",2017,44,0.0695877313045641
"8446",2017,45,0.0767476327978595
"8447",2017,46,0.0443626453925225
"8448",2017,47,0.00681847183327467
"8449",2017,48,0.00552709460031901
"8450",2017,49,0.00471438048851555
"8451",2017,50,0.00519308055615213
"8452",2017,51,0.00560902956693332
"8453",2017,52,0.08605279833302
"8454",2017,53,0.0526024879223977
"8455",2017,54,0.0473326618990761
"8456",2017,55,0.0493895307053871
"8457",2017,56,0.0598079830030337
"8458",2017,57,0.043767726623893
"8459",2017,58,0.0386878524399317
"8460",2017,59,0.0418197729042439
"8461",2017,60,0.0526557231886308
"8462",2017,61,0.0578908780265455
"8463",2017,62,0.0755280828502086
"8464",2017,63,0.0817374760893882
"8465",2017,64,0.0726337344904247
"8466",2017,65,0.0605434482662053
"8467",2017,66,0.0551125078280768
"8468",2017,67,0.0529914190166849
"8469",2017,68,0.0549287550934551
"8470",2017,69,0.0479742684699137
"8471",2017,70,0.0513295469447437
"8472",2017,71,0.054189766344076
"8473",2017,72,0.0695373590258761
"8474",2017,73,0.0935972467421341
"8475",2017,74,0.125946631776141
"8476",2017,75,0.130633676983132
"8477",2017,76,0.118240241199617
"8478",2017,77,0.0466775008269092
"8479",2017,78,0.0989939804851516
"8480",2017,79,0.0776933272931554
"8481",2017,80,0.0282070778636371
"8482",2017,81,0.0276303757415887
"8483",2017,82,0.0250301779830597
"8484",2017,83,0.024351903968279
"8485",2017,84,0.0245878454927043
"8486",2017,85,0.0234659825843333
"8487",2017,86,0.0240202635138509
"8488",2017,87,0.0244556723883964
"8489",2017,88,0.0250400960551101
"8490",2017,89,0.0263273741315385
"8491",2017,90,0.0250906904524782
"8492",2017,91,0.0264772902144318
"8493",2017,92,0.0267773180534059
"8494",2017,93,0.0241868996231103
"8495",2017,94,0.0254831976753331
"8496",2017,95,0.0274323293774704
"8497",2017,96,0.0329232451259059
"8498",2017,97,0.0352710008382822
"8499",2017,98,0.0335454021057804
"8500",2017,99,0.0286026135720033
"8501",2017,100,0.031294283185176
"8502",2017,101,0.0320326658528933
"8503",2017,102,0.0340235382862951
"8504",2017,103,0.0417244849168869
"8505",2017,104,0.0379057877179589
"8506",2017,105,0.0353118126182357
"8507",2017,106,0.0330041494209252
"8508",2017,107,0.0351531699485404
"8509",2017,108,0.189622342516825
"8510",2017,109,0.194841965766337
"8511",2017,110,0.172713596328146
"8512",2017,111,0.170067049304863
"8513",2017,112,0.174337183715509
"8514",2017,113,0.164221408010795
"8515",2017,114,0.158359736706572
"8516",2017,115,0.133898572549389
"8517",2017,116,0.0560754652524284
"8518",2017,117,0.059185993452629
"8519",2017,118,0.0600494546891229
"8520",2017,119,0.0624107327319433
"8521",2017,120,0.0675683604876601
"8522",2017,121,0.0657901521004742
"8523",2017,122,0.06720566475104
"8524",2017,123,0.0730873795443909
"8525",2017,124,0.0864700131654459
"8526",2017,125,0.0965919878385208
"8527",2017,126,0.100587981094855
"8528",2017,127,0.26311979688512
"8529",2017,128,0.211289625192614
"8530",2017,129,0.217222796314072
"8531",2017,130,0.0964240563333349
"8532",2017,131,0.106842223938204
"8533",2017,132,0.115347043683937
"8534",2017,133,0.0981623223166243
"8535",2017,134,0.0930460792002284
"8536",2017,135,0.0930416522296086
"8537",2017,136,0.101343896938885
"8538",2017,137,0.0987280259577261
"8539",2017,138,0.0963519180262263
"8540",2017,139,0.100573223320946
"8541",2017,140,0.109952331072649
"8542",2017,141,0.151417214572266
"8543",2017,142,0.121797670421745
"8544",2017,143,0.128914126383315
"8545",2017,144,0.135454025755556
"8546",2017,145,0.117846219388955
"8547",2017,146,0.124333353480862
"8548",2017,147,0.13610413750112
"8549",2017,148,0.136885107052404
"8550",2017,149,0.130580839758091
"8551",2017,150,0.14196250279254
"8552",2017,151,0.157872195394917
"8553",2017,152,0.378715447946173
"8554",2017,153,0.293230692272192
"8555",2017,154,0.16686620440501
"8556",2017,155,0.182434987835995
"8557",2017,156,0.16540046991742
"8558",2017,157,0.158436710658386
"8559",2017,158,0.171748099831795
"8560",2017,159,0.400361559227203
"8561",2017,160,0.332539090438413
"8562",2017,161,0.169385252105832
"8563",2017,162,0.171479199168843
"8564",2017,163,0.181901509758975
"8565",2017,164,0.363883412197097
"8566",2017,165,0.174421910965526
"8567",2017,166,0.180612966349753
"8568",2017,167,0.18117800251107
"8569",2017,168,0.163205302781983
"8570",2017,169,0.160983585706336
"8571",2017,170,0.136913036708134
"8572",2017,171,0.128536718424986
"8573",2017,172,0.107758990964919
"8574",2017,173,0.0905310570640998
"8575",2017,174,0.0726392386132703
"8576",2017,175,0.0705475396578701
"8577",2017,176,0.0701905728981681
"8578",2017,177,0.0707213837610834
"8579",2017,178,0.06642732827381
"8580",2017,179,0.0481562399806887
"8581",2017,180,0.0344515317445567
"8582",2017,181,0.0350405644647101
"8583",2017,182,0.0384696656976884
"8584",2017,183,0.0387097339710791
"8585",2017,184,0.0382786604069191
"8586",2017,185,0.035633250014046
"8587",2017,186,0.0354516741066755
"8588",2017,187,0.0339773716047038
"8589",2017,188,0.0325239882078154
"8590",2017,189,0.0327299581435449
"8591",2017,190,0.0291893636243012
"8592",2017,191,0.0267831196660671
"8593",2017,192,0.023671797884687
"8594",2017,193,0.0139631074750506
"8595",2017,194,0.0135215990393664
"8596",2017,195,0.0133227092356781
"8597",2017,196,0.0105127013157908
"8598",2017,197,0.0111428872646768
"8599",2017,198,0.0099135876786368
"8600",2017,199,0.0854454622375197
"8601",2017,200,0.0187147001891607
"8602",2017,201,0.0172196801169286
"8603",2017,202,0.0152466346139807
"8604",2017,203,0.0136573286515433
"8605",2017,204,0.0139875455163055
"8606",2017,205,0.0126783525180833
"8607",2017,206,0.0112054496446861
"8608",2017,207,0.0104496127594588
"8609",2017,208,0.0104237267558931
"8610",2017,209,0.262348254674756
"8611",2017,210,0.11526986786067
"8612",2017,211,0.0102816316539965
"8613",2017,212,0.00958593251081592
"8614",2017,213,0.0652120008505928
"8615",2017,214,0.0477989439667372
"8616",2017,215,0.0137368955408348
"8617",2017,216,0.0125531241009235
"8618",2017,217,0.010780338463796
"8619",2017,218,0.0100069034045291
"8620",2017,219,0.00947294314142056
"8621",2017,220,0.00895387220151388
"8622",2017,221,0.0085662792030198
"8623",2017,222,0.0082295316807959
"8624",2017,223,0.00790917601796182
"8625",2017,224,0.0076493152960184
"8626",2017,225,0.00739954611224932
"8627",2017,226,0.00719268451798679
"8628",2017,227,0.00703515245290588
"8629",2017,228,0.00675060363559558
"8630",2017,229,0.00603581435559698
"8631",2017,230,0.00401358874982443
"8632",2017,231,0.00397399601227103
"8633",2017,232,0.00397760324392152
"8634",2017,233,0.00388571053489419
"8635",2017,234,0.00372234200509815
"8636",2017,235,0.00343560252419823
"8637",2017,236,0.00336108312532061
"8638",2017,237,0.00338855619354039
"8639",2017,238,0.00338780403126717
"8640",2017,239,0.00327366699762018
"8641",2017,240,0.00309750851036229
"8642",2017,241,0.00253086636831275
"8643",2017,242,0.000806227825320116
"8644",2017,243,0.000794373006549851
"8645",2017,244,0.000787682395080029
"8646",2017,245,0.000773335014824328
"8647",2017,246,0.00075906252488987
"8648",2017,247,0.00071784329919744
"8649",2017,248,0.000698282089208395
"8650",2017,249,0.00070696936456517
"8651",2017,250,0.000701443278172788
"8652",2017,251,0.000694080289468841
"8653",2017,252,0.000683977667772799
"8654",2017,253,0.000668656071179214
"8655",2017,254,0.000652700903289197
"8656",2017,255,0.00063485335152429
"8657",2017,256,0.202821558766301
"8658",2017,257,0.192261100376844
"8659",2017,258,0.178109246225761
"8660",2017,259,0.177362169722071
"8661",2017,260,0.160432965397212
"8662",2017,261,0.17266674892355
"8663",2017,262,0.156525845707599
"8664",2017,263,0.151211514684049
"8665",2017,264,0.142589976180688
"8666",2017,265,0.153158137952656
"8667",2017,266,0.125534661219082
"8668",2017,267,0.127641877328318
"8669",2017,268,0.129661146547752
"8670",2017,269,0.132146491863333
"8671",2017,270,0.0805361233450747
"8672",2017,271,0.049901646400809
"8673",2017,272,0.0469896908632627
"8674",2017,273,0.164416193454531
"8675",2017,274,0.116373376469698
"8676",2017,275,0.122249518702306
"8677",2017,276,0.107260407587944
"8678",2017,277,0.0864725997909425
"8679",2017,278,0.089554640290939
"8680",2017,279,0.101865309792429
"8681",2017,280,0.0926790054588913
"8682",2017,281,0.0805460317966953
"8683",2017,282,0.0820930383870359
"8684",2017,283,0.0894300003626292
"8685",2017,284,0.0903453265564864
"8686",2017,285,0.0752085623670172
"8687",2017,286,0.0980735480032236
"8688",2017,287,0.0721006106579371
"8689",2017,288,0.080711930816477
"8690",2017,289,0.0863403719000433
"8691",2017,290,0.0930563955226161
"8692",2017,291,0.079155297756806
"8693",2017,292,0.0872321263653554
"8694",2017,293,0.0768105023278721
"8695",2017,294,0.0673678486866046
"8696",2017,295,0.0671382405974609
"8697",2017,296,0.063270956297572
"8698",2017,297,0.0638224086889568
"8699",2017,298,0.0549966775409524
"8700",2017,299,0.01283454232169
"8701",2017,300,0.0121659425928324
"8702",2017,301,0.00903732668053188
"8703",2017,302,0.00686307770297977
"8704",2017,303,0.00515516800615599
"8705",2017,304,0.00552125255474608
"8706",2017,305,0.00488029654124564
"8707",2017,306,0.00421098260621759
"8708",2017,307,0.0389946174328747
"8709",2017,308,0.0284463037035545
"8710",2017,309,0.0254975479003493
"8711",2017,310,0.0251834897388187
"8712",2017,311,0.0262088496863576
"8713",2017,312,0.0251106216040341
"8714",2017,313,0.0279830953971196
"8715",2017,314,0.0374284152983775
"8716",2017,315,0.0363106687369436
"8717",2017,316,0.0396702993210636
"8718",2017,317,0.0165956499022149
"8719",2017,318,0.012602392410273
"8720",2017,319,0.00594990821944603
"8721",2017,320,0.00595219894440141
"8722",2017,321,0.00463210090119548
"8723",2017,322,0.00375162196831748
"8724",2017,323,0.00425141600671559
"8725",2017,324,0.00361661332709677
"8726",2017,325,0.00261317679651296
"8727",2017,326,0.00402772329642748
"8728",2017,327,0.0044330527549655
"8729",2017,328,0.00324976795540921
"8730",2017,329,0.00267804222739414
"8731",2017,330,0.00286554001351351
"8732",2017,331,0.00255545403857008
"8733",2017,332,0.00213001006943986
"8734",2017,333,0.00210672554398857
"8735",2017,334,0.00192368689609791
"8736",2017,335,0.00188685423151373
"8737",2017,336,0.00172473253281134
"8738",2017,337,0.00145644528437234
"8739",2017,338,0.0011341654250988
"8740",2017,339,0.00135895653840791
"8741",2017,340,0.00116063282336294
"8742",2017,341,0.00131412978563329
"8743",2017,342,0.00139923212951735
"8744",2017,343,0.00139681255369649
"8745",2017,344,0.00135654182537302
"8746",2017,345,0.00118930723734523
"8747",2017,346,0.00121624032919892
"8748",2017,347,0.00101474962440074
"8749",2017,348,0.000915394564321263
"8750",2017,349,0.000922721623515124
"8751",2017,350,0.000799346549134846
"8752",2017,351,0.000684910972232668
"8753",2017,352,0.000810529172697212
"8754",2017,353,0.0202102370561627
"8755",2017,354,0.0158458963511077
"8756",2017,355,0.0130213986833101
"8757",2017,356,0.0132168285664137
"8758",2017,357,0.013413473040435
"8759",2017,358,0.0107680337815468
"8760",2017,359,0.0060474975897908
"8761",2017,360,0.0059680348188326
"8762",2017,361,0.00760815688531315
"8763",2017,362,0.00827722881813291
"8764",2017,363,0.00746876052766246
"8765",2017,364,0.00534732538015111
"8766",2017,365,0.00517125115865455
"8767",2018,1,0.00559783471506932
"8768",2018,2,0.0109125965772711
"8769",2018,3,0.0170251088052755
"8770",2018,4,0.0193679623526223
"8771",2018,5,0.0195455281810595
"8772",2018,6,0.0261440794109291
"8773",2018,7,0.0296295494184162
"8774",2018,8,0.0272416372288402
"8775",2018,9,0.0253376143888556
"8776",2018,10,0.012149563386198
"8777",2018,11,0.00776796098055098
"8778",2018,12,0.00931620315772419
"8779",2018,13,0.0171884729010877
"8780",2018,14,0.0178009697128391
"8781",2018,15,0.00938590760630082
"8782",2018,16,0.0151031259910231
"8783",2018,17,0.0250164317914908
"8784",2018,18,0.0383504034994021
"8785",2018,19,0.0361135067007999
"8786",2018,20,0.0309789020638576
"8787",2018,21,0.0294921547138689
"8788",2018,22,0.029534952768072
"8789",2018,23,0.0322257540970652
"8790",2018,24,0.0336041320554777
"8791",2018,25,0.0367843257001814
"8792",2018,26,0.031527832961653
"8793",2018,27,0.0224335920952293
"8794",2018,28,0.0239382843701386
"8795",2018,29,0.0376225037214579
"8796",2018,30,0.0465070293143508
"8797",2018,31,0.0281196199777509
"8798",2018,32,0.0194911712397482
"8799",2018,33,0.0267186885478884
"8800",2018,34,0.020177900762274
"8801",2018,35,0.0145833227441787
"8802",2018,36,0.0189569353872806
"8803",2018,37,0.0192913826285463
"8804",2018,38,0.0258749149641816
"8805",2018,39,0.0212420791607384
"8806",2018,40,0.0151618973906284
"8807",2018,41,0.0166326064066253
"8808",2018,42,0.0185574790222002
"8809",2018,43,0.0143806907967086
"8810",2018,44,0.0311335534981817
"8811",2018,45,0.0490625785760865
"8812",2018,46,0.0326974404731633
"8813",2018,47,0.0372967991624522
"8814",2018,48,0.0378409408753845
"8815",2018,49,0.0290950572070107
"8816",2018,50,0.022142498225637
"8817",2018,51,0.0186872062432557
"8818",2018,52,0.0213489403252442
"8819",2018,53,0.0228433650289992
"8820",2018,54,0.0281297789837204
"8821",2018,55,0.0425461478568799
"8822",2018,56,0.0535142198347568
"8823",2018,57,0.0551408267014439
"8824",2018,58,0.0507979272300789
"8825",2018,59,0.058729370116507
"8826",2018,60,0.0543514513277498
"8827",2018,61,0.0565056564696731
"8828",2018,62,0.0635797874467316
"8829",2018,63,0.0580542202249523
"8830",2018,64,0.047868875299705
"8831",2018,65,0.0423191650631022
"8832",2018,66,0.049466536600938
"8833",2018,67,0.0487760503979287
"8834",2018,68,0.0764600921574286
"8835",2018,69,0.0709779693226038
"8836",2018,70,0.0685523183262309
"8837",2018,71,0.0655719623991749
"8838",2018,72,0.0685445450986783
"8839",2018,73,0.0766516023239656
"8840",2018,74,0.0810032045319051
"8841",2018,75,0.0813092057198387
"8842",2018,76,0.0860457697910315
"8843",2018,77,0.0937947209938593
"8844",2018,78,0.0961161830678685
"8845",2018,79,0.0924434215909898
"8846",2018,80,0.0974284702202811
"8847",2018,81,0.0972108425013271
"8848",2018,82,0.104499836968075
"8849",2018,83,0.105557581148568
"8850",2018,84,0.106265460167691
"8851",2018,85,0.110640915671107
"8852",2018,86,0.118288672433105
"8853",2018,87,0.1074985905845
"8854",2018,88,0.105572221310483
"8855",2018,89,0.0973614460487448
"8856",2018,90,0.0652321311183576
"8857",2018,91,0.0740872578396411
"8858",2018,92,0.0712131017269912
"8859",2018,93,0.0706650777982626
"8860",2018,94,0.103470040298665
"8861",2018,95,0.087429726959543
"8862",2018,96,0.074259936244092
"8863",2018,97,0.101186334281211
"8864",2018,98,0.115943792012645
"8865",2018,99,0.12716895977344
"8866",2018,100,0.151404631466137
"8867",2018,101,0.157031685447814
"8868",2018,102,0.140406652891014
"8869",2018,103,0.135014901590414
"8870",2018,104,0.153590101237295
"8871",2018,105,0.172003724181337
"8872",2018,106,0.184053852249529
"8873",2018,107,0.166882290305871
"8874",2018,108,0.176739173837175
"8875",2018,109,0.349280053646474
"8876",2018,110,0.36141060938779
"8877",2018,111,0.187371739223361
"8878",2018,112,0.176079920281454
"8879",2018,113,0.163686086869594
"8880",2018,114,0.170839725106364
"8881",2018,115,0.183178372270549
"8882",2018,116,0.194432775723699
"8883",2018,117,0.199139410712325
"8884",2018,118,0.195033838214258
"8885",2018,119,0.0708217008381061
"8886",2018,120,0.0619561407825509
"8887",2018,121,0.0646834907222142
"8888",2018,122,0.0702437160485749
"8889",2018,123,0.080125726784164
"8890",2018,124,0.0839682859872699
"8891",2018,125,0.0866018875096565
"8892",2018,126,0.090381802610181
"8893",2018,127,0.282785376795574
"8894",2018,128,0.278570135006641
"8895",2018,129,0.265032961465179
"8896",2018,130,0.243046264588859
"8897",2018,131,0.201327264978794
"8898",2018,132,0.215547184365554
"8899",2018,133,0.23466239036773
"8900",2018,134,0.2632938734349
"8901",2018,135,0.273337001451709
"8902",2018,136,0.223596851688496
"8903",2018,137,0.302122629948192
"8904",2018,138,0.259666852857086
"8905",2018,139,0.246418710905215
"8906",2018,140,0.265800770411656
"8907",2018,141,0.287264429976249
"8908",2018,142,0.324856554753507
"8909",2018,143,0.279674925213789
"8910",2018,144,0.300784679974566
"8911",2018,145,0.312089281649252
"8912",2018,146,0.15315516270965
"8913",2018,147,0.15006128656304
"8914",2018,148,0.146998435477121
"8915",2018,149,0.149465851068739
"8916",2018,150,0.349387147289092
"8917",2018,151,0.329939641543183
"8918",2018,152,0.312546987225436
"8919",2018,153,0.297821700735371
"8920",2018,154,0.321186899655259
"8921",2018,155,0.377195325524267
"8922",2018,156,0.311535432576399
"8923",2018,157,0.328418823045091
"8924",2018,158,0.33346037904376
"8925",2018,159,0.297745064798541
"8926",2018,160,0.193247902979392
"8927",2018,161,0.169295880111771
"8928",2018,162,0.155621949710477
"8929",2018,163,0.16447116688907
"8930",2018,164,0.184906135082968
"8931",2018,165,0.178961754367555
"8932",2018,166,0.166872685135943
"8933",2018,167,0.326090694349959
"8934",2018,168,0.326546771594501
"8935",2018,169,0.364440542430982
"8936",2018,170,0.337622161947461
"8937",2018,171,0.338571147644428
"8938",2018,172,0.391173872331801
"8939",2018,173,0.392029968892181
"8940",2018,174,0.388208647814362
"8941",2018,175,0.384041602610789
"8942",2018,176,0.403583452783221
"8943",2018,177,0.350203316731861
"8944",2018,178,0.320740487271708
"8945",2018,179,0.393717058522306
"8946",2018,180,0.358760615822887
"8947",2018,181,0.336343621762397
"8948",2018,182,0.314007685400184
"8949",2018,183,0.155070587722612
"8950",2018,184,0.355570605944154
"8951",2018,185,0.293570214600121
"8952",2018,186,0.289654076863807
"8953",2018,187,0.0960745900458366
"8954",2018,188,0.0785353187338334
"8955",2018,189,0.0714177313937295
"8956",2018,190,0.0722133034075344
"8957",2018,191,0.0696926585840204
"8958",2018,192,0.0394158652262375
"8959",2018,193,0.0390375849815613
"8960",2018,194,0.0396967651154277
"8961",2018,195,0.0340032533039166
"8962",2018,196,0.0271294491291495
"8963",2018,197,0.0279349960251695
"8964",2018,198,0.0269828475173071
"8965",2018,199,0.0304366255420527
"8966",2018,200,0.339070943041717
"8967",2018,201,0.31566817281057
"8968",2018,202,0.216743323169758
"8969",2018,203,0.0275568854544383
"8970",2018,204,0.0250123648677782
"8971",2018,205,0.0249557799723245
"8972",2018,206,0.0231665487359056
"8973",2018,207,0.2602358913396
"8974",2018,208,0.154017082176943
"8975",2018,209,0.00962762063993468
"8976",2018,210,0.00965215506814371
"8977",2018,211,0.00997119904702864
"8978",2018,212,0.00940331442873944
"8979",2018,213,0.0095342462771454
"8980",2018,214,0.00978259421394347
"8981",2018,215,0.00911156275354648
"8982",2018,216,0.00824693610339156
"8983",2018,217,0.00779860035592609
"8984",2018,218,0.00786672736209876
"8985",2018,219,0.00815190307590961
"8986",2018,220,0.00798104487994978
"8987",2018,221,0.00804121967423581
"8988",2018,222,0.00814268835699598
"8989",2018,223,0.00800206662935449
"8990",2018,224,0.007087125367172
"8991",2018,225,0.0062135738644024
"8992",2018,226,0.00523873327977977
"8993",2018,227,0.00527790085354657
"8994",2018,228,0.00540516616336138
"8995",2018,229,0.00527279581597991
"8996",2018,230,0.00465282289576916
"8997",2018,231,0.222339811213583
"8998",2018,232,0.128720423141872
"8999",2018,233,0.0118234223292749
"9000",2018,234,0.0107106000956033
"9001",2018,235,0.00982541522839552
"9002",2018,236,0.00901461678366797
"9003",2018,237,0.00825066595753635
"9004",2018,238,0.285018501795164
"9005",2018,239,0.263400024997929
"9006",2018,240,0.244506781405444
"9007",2018,241,0.265758786087645
"9008",2018,242,0.273234189514443
"9009",2018,243,0.246046870561131
"9010",2018,244,0.122668943968004
"9011",2018,245,0.109804719214981
"9012",2018,246,0.108840532087508
"9013",2018,247,0.0892329855290632
"9014",2018,248,0.0908731936081599
"9015",2018,249,0.0956503707745164
"9016",2018,250,0.0829726670753822
"9017",2018,251,0.0701728220149902
"9018",2018,252,0.0521597710588031
"9019",2018,253,0.0361843457952219
"9020",2018,254,0.0186909894943845
"9021",2018,255,0.178639900199114
"9022",2018,256,0.177122158794614
"9023",2018,257,0.12923426281569
"9024",2018,258,0.158899632820326
"9025",2018,259,0.112368942372474
"9026",2018,260,0.0072303191015725
"9027",2018,261,0.00648907254093395
"9028",2018,262,0.166997672930692
"9029",2018,263,0.16583866652366
"9030",2018,264,0.156675367064245
"9031",2018,265,0.152351769714596
"9032",2018,266,0.161764495834505
"9033",2018,267,0.127553406929343
"9034",2018,268,0.133156486480158
"9035",2018,269,0.163430243051327
"9036",2018,270,0.140141354989011
"9037",2018,271,0.105582032963733
"9038",2018,272,0.128166531379694
"9039",2018,273,0.118733295198206
"9040",2018,274,0.141030604736505
"9041",2018,275,0.12608256970374
"9042",2018,276,0.111816553191655
"9043",2018,277,0.0854691514330044
"9044",2018,278,0.090040089744106
"9045",2018,279,0.0929483769406627
"9046",2018,280,0.0908334416546126
"9047",2018,281,0.08458465627231
"9048",2018,282,0.0751300427734527
"9049",2018,283,0.0696433785734746
"9050",2018,284,0.070035300913597
"9051",2018,285,0.0767864321255144
"9052",2018,286,0.0622978810964755
"9053",2018,287,0.0607758164591849
"9054",2018,288,0.0729146744327196
"9055",2018,289,0.0675606838632043
"9056",2018,290,0.0228259643614741
"9057",2018,291,0.0212571188219701
"9058",2018,292,0.0187472857469373
"9059",2018,293,0.017866548037721
"9060",2018,294,0.0163354051600171
"9061",2018,295,0.0146639380485596
"9062",2018,296,0.0146015938072447
"9063",2018,297,0.0150538609913151
"9064",2018,298,0.0142247049050591
"9065",2018,299,0.013683677116077
"9066",2018,300,0.0127316879747988
"9067",2018,301,0.0061082190500266
"9068",2018,302,0.00578263565695721
"9069",2018,303,0.00550574355125861
"9070",2018,304,0.00500655478818437
"9071",2018,305,0.00455372840413717
"9072",2018,306,0.0636816117864681
"9073",2018,307,0.0378073573493153
"9074",2018,308,0.0539367718480864
"9075",2018,309,0.0308078939069906
"9076",2018,310,0.0231612857204682
"9077",2018,311,0.0202247472853296
"9078",2018,312,0.0188495555759469
"9079",2018,313,0.0205595487897466
"9080",2018,314,0.0348654661162944
"9081",2018,315,0.0118914161815313
"9082",2018,316,0.0198888379511844
"9083",2018,317,0.0320011639993165
"9084",2018,318,0.0373966025338364
"9085",2018,319,0.0343002003873205
"9086",2018,320,0.0228205103334589
"9087",2018,321,0.0161610378434995
"9088",2018,322,0.0226769477145989
"9089",2018,323,0.0287711925767321
"9090",2018,324,0.0314541165418206
"9091",2018,325,0.0305186974298969
"9092",2018,326,0.0302259512575889
"9093",2018,327,0.027597423018142
"9094",2018,328,0.020651879645851
"9095",2018,329,0.0193548452964048
"9096",2018,330,0.0190990929792945
"9097",2018,331,0.0248382543156488
"9098",2018,332,0.0261421278206888
"9099",2018,333,0.0198194055970241
"9100",2018,334,0.0262110111292366
"9101",2018,335,0.0243731587360751
"9102",2018,336,0.0222223399028725
"9103",2018,337,0.0210155769905233
"9104",2018,338,0.0206553533452722
"9105",2018,339,0.0180705095154908
"9106",2018,340,0.0137384498913813
"9107",2018,341,0.0150093743945275
"9108",2018,342,0.0186070891453823
"9109",2018,343,0.0191261441695063
"9110",2018,344,0.0225117126791352
"9111",2018,345,0.0261204207503854
"9112",2018,346,0.0271400693265127
"9113",2018,347,0.027341684620368
"9114",2018,348,0.0302279130496733
"9115",2018,349,0.028448274658319
"9116",2018,350,0.0261446828563419
"9117",2018,351,0.0294937864182351
"9118",2018,352,0.0305647660599655
"9119",2018,353,0.0294874735535397
"9120",2018,354,0.0283291866825563
"9121",2018,355,0.0283904466095741
"9122",2018,356,0.0208269377330971
"9123",2018,357,0.019373345564245
"9124",2018,358,0.0194956981794442
"9125",2018,359,0.019806647456713
"9126",2018,360,0.0197176720266484
"9127",2018,361,0.0188284283710719
"9128",2018,362,0.0188701835450104
"9129",2018,363,0.0233569697841878
"9130",2018,364,0.0205769245422551
"9131",2018,365,0.0118693335482069
"9132",2018,366,0.0301228386801914
"9133",2019,1,0.0160313674606177
"9134",2019,2,0.0277882413655355
"9135",2019,3,0.0372153675737302
"9136",2019,4,0.0383693843041263
"9137",2019,5,0.0323211151482876
"9138",2019,6,0.0334515113490409
"9139",2019,7,0.0267494001161738
"9140",2019,8,0.0212824288778234
"9141",2019,9,0.024122099773106
"9142",2019,10,0.0342930587319175
"9143",2019,11,0.0276666411746137
"9144",2019,12,0.0280307051241739
"9145",2019,13,0.0316995853311265
"9146",2019,14,0.027704521126671
"9147",2019,15,0.0245303579197964
"9148",2019,16,0.0226246928795372
"9149",2019,17,0.0201716843325363
"9150",2019,18,0.016859561091185
"9151",2019,19,0.0211152183532504
"9152",2019,20,0.025409587035988
"9153",2019,21,0.0252657470210378
"9154",2019,22,0.025051822683038
"9155",2019,23,0.0227170233865824
"9156",2019,24,0.0200488262238557
"9157",2019,25,0.0300688066640906
"9158",2019,26,0.0443630632893838
"9159",2019,27,0.0429044306274829
"9160",2019,28,0.0288278160493031
"9161",2019,29,0.0207920068350153
"9162",2019,30,0.0280681873293949
"9163",2019,31,0.0429900193186302
"9164",2019,32,0.0543969165102504
"9165",2019,33,0.0486005123195394
"9166",2019,34,0.0165724172213575
"9167",2019,35,0.0118425285686361
"9168",2019,36,0.0141544605962566
"9169",2019,37,0.0113917864915095
"9170",2019,38,0.00956624879590309
"9171",2019,39,0.0110790819759284
"9172",2019,40,0.013672944800685
"9173",2019,41,0.0134324735067141
"9174",2019,42,0.0158839402147222
"9175",2019,43,0.0163533192399702
"9176",2019,44,0.0188597664672354
"9177",2019,45,0.021467816954839
"9178",2019,46,0.0232303514449488
"9179",2019,47,0.0228766799535553
"9180",2019,48,0.0209024443798981
"9181",2019,49,0.0204260073317805
"9182",2019,50,0.0225507325632949
"9183",2019,51,0.0257492967882198
"9184",2019,52,0.0283875699666582
"9185",2019,53,0.0303323669620598
"9186",2019,54,0.029756951387547
"9187",2019,55,0.0199869041701262
"9188",2019,56,0.0193403355298709
"9189",2019,57,0.0200966796882294
"9190",2019,58,0.0282145266572703
"9191",2019,59,0.0407391802096678
"9192",2019,60,0.0343579667408936
"9193",2019,61,0.016532740297604
"9194",2019,62,0.0175977184629168
"9195",2019,63,0.0254527887036926
"9196",2019,64,0.0363222535798652
"9197",2019,65,0.0340096672058237
"9198",2019,66,0.0510871206874212
"9199",2019,67,0.0648670165880792
"9200",2019,68,0.055758125353224
"9201",2019,69,0.0552018172617481
"9202",2019,70,0.0661643043591951
"9203",2019,71,0.082445701955086
"9204",2019,72,0.0761136077176515
"9205",2019,73,0.0797463655545036
"9206",2019,74,0.0798056807381044
"9207",2019,75,0.0871115202155537
"9208",2019,76,0.0898261296006783
"9209",2019,77,0.0971043242674317
"9210",2019,78,0.106644589476433
"9211",2019,79,0.124482916123444
"9212",2019,80,0.129009362376106
"9213",2019,81,0.128186532476449
"9214",2019,82,0.132934628009427
"9215",2019,83,0.128238715773001
"9216",2019,84,0.128811120281686
"9217",2019,85,0.14818376561371
"9218",2019,86,0.130698513708253
"9219",2019,87,0.122586776047845
"9220",2019,88,0.127414559029169
"9221",2019,89,0.130454475491217
"9222",2019,90,0.00132185126803246
"9223",2019,91,0.109114398624352
"9224",2019,92,0.11529973426052
"9225",2019,93,0.124677759784205
"9226",2019,94,0.14442425392809
"9227",2019,95,0.146900772900394
"9228",2019,96,0.143454793618493
"9229",2019,97,0.146690120017905
"9230",2019,98,0.0508858004468196
"9231",2019,99,0.035521215951211
"9232",2019,100,0.0304143581916028
"9233",2019,101,0.0269385022328206
"9234",2019,102,0.0292363237379989
"9235",2019,103,0.0333681115272784
"9236",2019,104,0.0369804856959457
"9237",2019,105,0.0370278169231608
"9238",2019,106,0.175446382527307
"9239",2019,107,0.183521553069055
"9240",2019,108,0.174322788704545
"9241",2019,109,0.182383013541855
"9242",2019,110,0.206364750460944
"9243",2019,111,0.17496774770958
"9244",2019,112,0.108596950200842
"9245",2019,113,0.0582221339549727
"9246",2019,114,0.055837017938706
"9247",2019,115,0.0509719173308532
"9248",2019,116,0.0530841959856295
"9249",2019,117,0.20317325591547
"9250",2019,118,0.1773454170632
"9251",2019,119,0.138658685625427
"9252",2019,120,0.144619921079589
"9253",2019,121,0.155309175781623
"9254",2019,122,0.204433463765263
"9255",2019,123,0.0737346907820695
"9256",2019,124,0.208186019775301
"9257",2019,125,0.191304646101408
"9258",2019,126,0.181486444450295
"9259",2019,127,0.197821708405804
"9260",2019,128,0.190661819642688
"9261",2019,129,0.0980316966866466
"9262",2019,130,0.24593765392263
"9263",2019,131,0.210953921923103
"9264",2019,132,0.085036540274984
"9265",2019,133,0.0924830270443354
"9266",2019,134,0.0881470512192754
"9267",2019,135,0.0720188247680272
"9268",2019,136,0.247677338270677
"9269",2019,137,0.234333717326373
"9270",2019,138,0.221795033119385
"9271",2019,139,0.208743400772184
"9272",2019,140,0.246812621038527
"9273",2019,141,0.219177543443409
"9274",2019,142,0.25185362908862
"9275",2019,143,0.254831542483754
"9276",2019,144,0.257283965942345
"9277",2019,145,0.253124168287069
"9278",2019,146,0.125647249879953
"9279",2019,147,0.119453319242847
"9280",2019,148,0.130515614432628
"9281",2019,149,0.139036486681892
"9282",2019,150,0.148912632695328
"9283",2019,151,0.14244523688888
"9284",2019,152,0.144606879436505
"9285",2019,153,0.160955344876925
"9286",2019,154,0.168125663121738
"9287",2019,155,0.160808205176955
"9288",2019,156,0.152711485206605
"9289",2019,157,0.359874469732459
"9290",2019,158,0.265260877122788
"9291",2019,159,0.160013804580718
"9292",2019,160,0.0983475854406761
"9293",2019,161,0.0847870437097095
"9294",2019,162,0.0830977458019022
"9295",2019,163,0.0837900374933468
"9296",2019,164,0.0726317976123846
"9297",2019,165,0.241323926121242
"9298",2019,166,0.0625822927081322
"9299",2019,167,0.293517120205046
"9300",2019,168,0.20284528715272
"9301",2019,169,0.317501770428647
"9302",2019,170,0.21865450388507
"9303",2019,171,0.275107323472547
"9304",2019,172,0.314990473511976
"9305",2019,173,0.337742583032579
"9306",2019,174,0.361473220360639
"9307",2019,175,0.352013211238186
"9308",2019,176,0.331258277281938
"9309",2019,177,0.351026751895766
"9310",2019,178,0.392505142155215
"9311",2019,179,0.386862848708069
"9312",2019,180,0.358011931171575
"9313",2019,181,0.37070515179957
"9314",2019,182,0.355533038341447
"9315",2019,183,0.345142463906242
"9316",2019,184,0.31428916971778
"9317",2019,185,0.328837018442954
"9318",2019,186,0.36607349585102
"9319",2019,187,0.34646521797706
"9320",2019,188,0.359245989048243
"9321",2019,189,0.374395291979473
"9322",2019,190,0.357363712164575
"9323",2019,191,0.347132763119547
"9324",2019,192,0.370696985312734
"9325",2019,193,0.365502830895128
"9326",2019,194,0.406644802226337
"9327",2019,195,0.351597091625891
"9328",2019,196,0.30332975716485
"9329",2019,197,0.307022673748347
"9330",2019,198,0.341892252329971
"9331",2019,199,0.313308349775805
"9332",2019,200,0.164910405134816
"9333",2019,201,0.162169835454809
"9334",2019,202,0.166348007463264
"9335",2019,203,0.177482145786046
"9336",2019,204,0.19044832370976
"9337",2019,205,0.195797272711892
"9338",2019,206,0.176728597395236
"9339",2019,207,0.179457082770869
"9340",2019,208,0.187935883489352
"9341",2019,209,0.174615862887261
"9342",2019,210,0.177873403597466
"9343",2019,211,0.191502488940706
"9344",2019,212,0.195566299488038
"9345",2019,213,0.195608643629333
"9346",2019,214,0.196630920578915
"9347",2019,215,0.195250967297368
"9348",2019,216,0.185875170255377
"9349",2019,217,0.178911830841419
"9350",2019,218,0.169095483098271
"9351",2019,219,0.141773037533214
"9352",2019,220,0.123273114503618
"9353",2019,221,0.384240130750629
"9354",2019,222,0.355451518443972
"9355",2019,223,0.345383588677581
"9356",2019,224,0.347701560615577
"9357",2019,225,0.312038925301349
"9358",2019,226,0.32632465710303
"9359",2019,227,0.315899265536591
"9360",2019,228,0.171722793755534
"9361",2019,229,0.30329333448236
"9362",2019,230,0.287051673016695
"9363",2019,231,0.149387983330998
"9364",2019,232,0.0743244407934217
"9365",2019,233,0.0673305393762152
"9366",2019,234,0.354349480188225
"9367",2019,235,0.304483325583985
"9368",2019,236,0.300760014792841
"9369",2019,237,0.309061306738302
"9370",2019,238,0.286204841421761
"9371",2019,239,0.239407860664538
"9372",2019,240,0.12964195318728
"9373",2019,241,0.110582249298551
"9374",2019,242,0.102056128431422
"9375",2019,243,0.0647773240175832
"9376",2019,244,0.0387975953640089
"9377",2019,245,0.0325344129119736
"9378",2019,246,0.0223589077087122
"9379",2019,247,0.0229342439991264
"9380",2019,248,0.0213896806392192
"9381",2019,249,0.0189421148889227
"9382",2019,250,0.22649034243366
"9383",2019,251,0.223515123861154
"9384",2019,252,0.228664096709115
"9385",2019,253,0.215969320989985
"9386",2019,254,0.210756138533109
"9387",2019,255,0.214938295182372
"9388",2019,256,0.23013933036557
"9389",2019,257,0.203030751978982
"9390",2019,258,0.222951367885134
"9391",2019,259,0.22261257567299
"9392",2019,260,0.182450248703516
"9393",2019,261,0.0955754952386438
"9394",2019,262,0.0671864387767771
"9395",2019,263,0.186994192074444
"9396",2019,264,0.159014507270559
"9397",2019,265,0.160799354296444
"9398",2019,266,0.166149367291948
"9399",2019,267,0.14901130370828
"9400",2019,268,0.125517093572372
"9401",2019,269,0.156566097561162
"9402",2019,270,0.144833180539936
"9403",2019,271,0.12774289034536
"9404",2019,272,0.126362989736345
"9405",2019,273,0.0921606105706174
"9406",2019,274,0.0886088536633613
"9407",2019,275,0.0932187717385895
"9408",2019,276,0.101286042222414
"9409",2019,277,0.0962638652472127
"9410",2019,278,0.0966253358338054
"9411",2019,279,0.0984287227517488
"9412",2019,280,0.102188953175349
"9413",2019,281,0.117800168461442
"9414",2019,282,0.0586179265973433
"9415",2019,283,0.0571427172912504
"9416",2019,284,0.0611294302712469
"9417",2019,285,0.0676152988996785
"9418",2019,286,0.0702467424619874
"9419",2019,287,0.0690165423593343
"9420",2019,288,0.0705203310807683
"9421",2019,289,0.0744361232771211
"9422",2019,290,0.0242539703914074
"9423",2019,291,0.02089392791242
"9424",2019,292,0.0181258231632261
"9425",2019,293,0.0165678909683289
"9426",2019,294,0.0147854752393756
"9427",2019,295,0.082611862004359
"9428",2019,296,0.0513198981868583
"9429",2019,297,0.0525365286935294
"9430",2019,298,0.0303660649736069
"9431",2019,299,0.0096434619808501
"9432",2019,300,0.0427968401407557
"9433",2019,301,0.0393942989680481
"9434",2019,302,0.00558512653069938
"9435",2019,303,0.0243858713894197
"9436",2019,304,0.0261178224278775
"9437",2019,305,0.0123515792393041
"9438",2019,306,0.0651925339474034
"9439",2019,307,0.037957844094569
"9440",2019,308,0.0417552990935809
"9441",2019,309,0.0361626875962111
"9442",2019,310,0.0259266011469213
"9443",2019,311,0.0282705807508647
"9444",2019,312,0.0435375106193232
"9445",2019,313,0.0513998002288804
"9446",2019,314,0.0268048074331294
"9447",2019,315,0.0166768482049738
"9448",2019,316,0.0277147749185605
"9449",2019,317,0.0341744178544743
"9450",2019,318,0.0380496427092485
"9451",2019,319,0.0416131970867047
"9452",2019,320,0.0422985303029242
"9453",2019,321,0.0426333376412478
"9454",2019,322,0.0444849214469084
"9455",2019,323,0.0398793311862455
"9456",2019,324,0.0392262637235942
"9457",2019,325,0.0522605868099004
"9458",2019,326,0.0584497545695156
"9459",2019,327,0.0724950640664721
"9460",2019,328,0.0767338279724512
"9461",2019,329,0.0557834499780483
"9462",2019,330,0.0474332387409167
"9463",2019,331,0.0433771299934376
"9464",2019,332,0.0416242924689606
"9465",2019,333,0.0181192920046789
"9466",2019,334,0.0187644739311867
"9467",2019,335,0.0191851722559361
"9468",2019,336,0.0247929086834532
"9469",2019,337,0.0315070073165163
"9470",2019,338,0.0312637636262373
"9471",2019,339,0.023655469433968
"9472",2019,340,0.0279400829764325
"9473",2019,341,0.0287049037310729
"9474",2019,342,0.0155156568447389
"9475",2019,343,0.0135383729542789
"9476",2019,344,0.0139206250599873
"9477",2019,345,0.0156053811786854
"9478",2019,346,0.0171137207328513
"9479",2019,347,0.0151366220349245
"9480",2019,348,0.0138127130712006
"9481",2019,349,0.0156038752865285
"9482",2019,350,0.0177192267800103
"9483",2019,351,0.0214562344726506
"9484",2019,352,0.0260042246444926
"9485",2019,353,0.0219443801448104
"9486",2019,354,0.0272900670607739
"9487",2019,355,0.0322721925457294
"9488",2019,356,0.0284243650286129
"9489",2019,357,0.0205859883541697
"9490",2019,358,0.0196568715381415
"9491",2019,359,0.0194244313230292
"9492",2019,360,0.0181197378200693
"9493",2019,361,0.0194971179392919
"9494",2019,362,0.0186141203530127
"9495",2019,363,0.0177528893489293
"9496",2019,364,0.0192279134672459
"9497",2019,365,0.0238062097979839
"9498",2020,1,0.0286848279568235
"9499",2020,2,0.0278487596944372
"9500",2020,3,0.0278348210822033
"9501",2020,4,0.032394705292762
"9502",2020,5,0.0288192654653805
"9503",2020,6,0.0260881518857626
"9504",2020,7,0.0230312130271593
"9505",2020,8,0.0238056384692242
"9506",2020,9,0.0162575677026478
"9507",2020,10,0.0153672631397572
"9508",2020,11,0.0219283156714579
"9509",2020,12,0.0152251618673099
"9510",2020,13,0.00820515811039353
"9511",2020,14,0.00694974513695285
"9512",2020,15,0.00769217654713941
"9513",2020,16,0.0104318874406635
"9514",2020,17,0.0108669995555392
"9515",2020,18,0.00999696905135041
"9516",2020,19,0.0155261681707246
"9517",2020,20,0.0265173632721255
"9518",2020,21,0.0384491588698276
"9519",2020,22,0.0392734095153072
"9520",2020,23,0.03569000048198
"9521",2020,24,0.042745320208764
"9522",2020,25,0.0445395418745679
"9523",2020,26,0.0392828868941926
"9524",2020,27,0.0440744856167729
"9525",2020,28,0.0446841346219933
"9526",2020,29,0.0456974760877296
"9527",2020,30,0.0468500091148582
"9528",2020,31,0.0543322049814735
"9529",2020,32,0.0618618776538563
"9530",2020,33,0.0461458148409182
"9531",2020,34,0.0412857294357915
"9532",2020,35,0.0410118890811556
"9533",2020,36,0.053091624174247
"9534",2020,37,0.0399170128625336
"9535",2020,38,0.0483932897262118
"9536",2020,39,0.0446298087439325
"9537",2020,40,0.0431895954280699
"9538",2020,41,0.0445113986140961
"9539",2020,42,0.0448405357265663
"9540",2020,43,0.0328180900845924
"9541",2020,44,0.036308364294812
"9542",2020,45,0.0548919853924605
"9543",2020,46,0.0565118674971837
"9544",2020,47,0.0575859379313725
"9545",2020,48,0.0502382615372805
"9546",2020,49,0.0347392653427862
"9547",2020,50,0.03857860733339
"9548",2020,51,0.0584665113756477
"9549",2020,52,0.0761658313850146
"9550",2020,53,0.0790973882107848
"9551",2020,54,0.0703819950093766
"9552",2020,55,0.0627531557799097
"9553",2020,56,0.0573873650754835
"9554",2020,57,0.0734499176319335
"9555",2020,58,0.0164091398810957
"9556",2020,59,0.0752336213792349
"9557",2020,60,0.073077209270744
"9558",2020,61,0.0649291642212143
"9559",2020,62,0.0691197240392028
"9560",2020,63,0.0745271801110538
"9561",2020,64,0.0767140127810199
"9562",2020,65,0.0713951473682578
"9563",2020,66,0.0885432079860894
"9564",2020,67,0.105454332218406
"9565",2020,68,0.0631248975895424
"9566",2020,69,0.0692487258426407
"9567",2020,70,0.0598921069646983
"9568",2020,71,0.101780533538917
"9569",2020,72,0.0430685395508781
"9570",2020,73,0.0758967264895305
"9571",2020,74,0.0706683653249225
"9572",2020,75,0.053618913452122
"9573",2020,76,0.0628585090996459
"9574",2020,77,0.0788407501496754
"9575",2020,78,0.0773262123140402
"9576",2020,79,0.0795034052184562
"9577",2020,80,0.0668159033913454
"9578",2020,81,0.0158777731612464
"9579",2020,82,0.0175168081790114
"9580",2020,83,0.0194033441259739
"9581",2020,84,0.0177430072960335
"9582",2020,85,0.113738183212118
"9583",2020,86,0.0992054489600292
"9584",2020,87,0.104518429920166
"9585",2020,88,0.039894609202458
"9586",2020,89,0.0291720212069945
"9587",2020,90,0.0281850073784848
"9588",2020,91,0.133849933780808
"9589",2020,92,0.0870680268565175
"9590",2020,93,0.0648538727468139
"9591",2020,94,0.0890633766234888
"9592",2020,95,0.100091268159427
"9593",2020,96,0.06513978519634
"9594",2020,97,0.0323833348120055
"9595",2020,98,0.0316720505024626
"9596",2020,99,0.0278937974265902
"9597",2020,100,0.0280036417784834
"9598",2020,101,0.16266804306933
"9599",2020,102,0.107389846402785
"9600",2020,103,0.0926111980420036
"9601",2020,104,0.0924882367826853
"9602",2020,105,0.116413991717356
"9603",2020,106,0.116920220740407
"9604",2020,107,0.0347465853428991
"9605",2020,108,0.042918909443147
"9606",2020,109,0.0411613208248598
"9607",2020,110,0.04453111022003
"9608",2020,111,0.0513811659124674
"9609",2020,112,0.054895751842879
"9610",2020,113,0.0568004183259192
"9611",2020,114,0.0568868729497424
"9612",2020,115,0.0536780083303737
"9613",2020,116,0.0555531884395597
"9614",2020,117,0.0632924074009837
"9615",2020,118,0.0639278043216161
"9616",2020,119,0.0645575919615936
"9617",2020,120,0.0695524654337522
"9618",2020,121,0.25505749174879
"9619",2020,122,0.0710790997540506
"9620",2020,123,0.0732209997463145
"9621",2020,124,0.242264650934789
"9622",2020,125,0.080389970905752
"9623",2020,126,0.0761068953924952
"9624",2020,127,0.0797888407894788
"9625",2020,128,0.080511931861589
"9626",2020,129,0.24232270490545
"9627",2020,130,0.220108651626871
"9628",2020,131,0.0717097014627384
"9629",2020,132,0.0726333664456646
"9630",2020,133,0.211231991621646
"9631",2020,134,0.24612544720872
"9632",2020,135,0.23555417464185
"9633",2020,136,0.233574557141966
"9634",2020,137,0.110589168175394
"9635",2020,138,0.101630516446831
"9636",2020,139,0.104450623844196
"9637",2020,140,0.0878230077089492
"9638",2020,141,0.311472453389133
"9639",2020,142,0.291839105762263
"9640",2020,143,0.283651015602076
"9641",2020,144,0.218776138516777
"9642",2020,145,0.194091742995958
"9643",2020,146,0.0660654496144946
"9644",2020,147,0.0684861034975754
"9645",2020,148,0.0527069761896156
"9646",2020,149,0.0519353571706287
"9647",2020,150,0.0534495876716306
"9648",2020,151,0.0547178661180416
"9649",2020,152,0.0591328907512582
"9650",2020,153,0.0536849611289413
"9651",2020,154,0.0350614371274314
"9652",2020,155,0.0343174681285545
"9653",2020,156,0.0321068743145351
"9654",2020,157,0.0295372684177629
"9655",2020,158,0.360800892362804
"9656",2020,159,0.349649115190601
"9657",2020,160,0.318679223126393
"9658",2020,161,0.301129073178986
"9659",2020,162,0.312087247468907
"9660",2020,163,0.335034105992828
"9661",2020,164,0.36941932058191
"9662",2020,165,0.357855755871786
"9663",2020,166,0.189485793612759
"9664",2020,167,0.178886220835082
"9665",2020,168,0.174332440199683
"9666",2020,169,0.32556851005646
"9667",2020,170,0.333335388224621
"9668",2020,171,0.340990495983946
"9669",2020,172,0.367704577758784
"9670",2020,173,0.347266380306453
"9671",2020,174,0.325004288843834
"9672",2020,175,0.182462186930364
"9673",2020,176,0.390558206986889
"9674",2020,177,0.282806403167342
"9675",2020,178,0.122484597309053
"9676",2020,179,0.383674039504834
"9677",2020,180,0.371286886223492
"9678",2020,181,0.348785188908448
"9679",2020,182,0.363142628487038
"9680",2020,183,0.336192197211268
"9681",2020,184,0.345567341670954
"9682",2020,185,0.357880898468364
"9683",2020,186,0.328698377530917
"9684",2020,187,0.176552971870505
"9685",2020,188,0.170451920991742
"9686",2020,189,0.383281309588013
"9687",2020,190,0.326914818909855
"9688",2020,191,0.329510541214055
"9689",2020,192,0.318141176406356
"9690",2020,193,0.167484997500288
"9691",2020,194,0.160688840153124
"9692",2020,195,0.112098068471623
"9693",2020,196,0.105606974211567
"9694",2020,197,0.105825702900968
"9695",2020,198,0.107132911626502
"9696",2020,199,0.0913075782132468
"9697",2020,200,0.073268380231916
"9698",2020,201,0.310438984646801
"9699",2020,202,0.215693282723433
"9700",2020,203,0.0567347077870378
"9701",2020,204,0.0502841589712036
"9702",2020,205,0.0337366659095828
"9703",2020,206,0.0322273179445309
"9704",2020,207,0.0307685874096442
"9705",2020,208,0.0295161364151926
"9706",2020,209,0.0297325107980439
"9707",2020,210,0.0302301186959593
"9708",2020,211,0.0276101699427521
"9709",2020,212,0.0257883187719833
"9710",2020,213,0.0216828556007421
"9711",2020,214,0.0119062093958195
"9712",2020,215,0.0117614219999618
"9713",2020,216,0.173656321149622
"9714",2020,217,0.0109523597518579
"9715",2020,218,0.0101460149902758
"9716",2020,219,0.0100783979195755
"9717",2020,220,0.00907807448210464
"9718",2020,221,0.00854792593797505
"9719",2020,222,0.00823531008821846
"9720",2020,223,0.0081642993186522
"9721",2020,224,0.00846351277873685
"9722",2020,225,0.00838117350346713
"9723",2020,226,0.00753318655218125
"9724",2020,227,0.00714649311205139
"9725",2020,228,0.00652246966136082
"9726",2020,229,0.00655208331474995
"9727",2020,230,0.00658140273006095
"9728",2020,231,0.00624555599985222
"9729",2020,232,0.00594727300727811
"9730",2020,233,0.00545824128395754
"9731",2020,234,0.00506756051869291
"9732",2020,235,0.00494129087794425
"9733",2020,236,0.00479539573809241
"9734",2020,237,0.00456509681054356
"9735",2020,238,0.00440939782499175
"9736",2020,239,0.00433986807640844
"9737",2020,240,0.00431197470543282
"9738",2020,241,0.00424530554942533
"9739",2020,242,0.00402825621257502
"9740",2020,243,0.00143543752010036
"9741",2020,244,0.00130919505905813
"9742",2020,245,0.00130364574722263
"9743",2020,246,0.00128210505476038
"9744",2020,247,0.00123287644706505
"9745",2020,248,0.00121211417150226
"9746",2020,249,0.00119069495456979
"9747",2020,250,0.242965718129578
"9748",2020,251,0.208062864784732
"9749",2020,252,0.170002902482487
"9750",2020,253,0.188438021409034
"9751",2020,254,0.202845760665014
"9752",2020,255,0.205865852546425
"9753",2020,256,0.200443187223919
"9754",2020,257,0.152958625937073
"9755",2020,258,0.072677937902735
"9756",2020,259,0.0666413027254991
"9757",2020,260,0.0619888409531676
"9758",2020,261,0.0637830995959645
"9759",2020,262,0.0640084292505451
"9760",2020,263,0.199270202734176
"9761",2020,264,0.162929129423125
"9762",2020,265,0.149053213726004
"9763",2020,266,0.0560839399808795
"9764",2020,267,0.0503816182227462
"9765",2020,268,0.0470374809913994
"9766",2020,269,0.040777270017498
"9767",2020,270,0.0362989252311141
"9768",2020,271,0.0336378848390882
"9769",2020,272,0.0329061225606409
"9770",2020,273,0.0356507096724216
"9771",2020,274,0.0285545447420856
"9772",2020,275,0.0259323518111392
"9773",2020,276,0.0237556674543295
"9774",2020,277,0.0195120940946299
"9775",2020,278,0.020975482597558
"9776",2020,279,0.0182271268341318
"9777",2020,280,0.0181088425573696
"9778",2020,281,0.0152679042016602
"9779",2020,282,0.0155169952066979
"9780",2020,283,0.0137895049903891
"9781",2020,284,0.0146270738698722
"9782",2020,285,0.0111439667851827
"9783",2020,286,0.0884736149795865
"9784",2020,287,0.0914201334533329
"9785",2020,288,0.0896633831137793
"9786",2020,289,0.0595465489067032
"9787",2020,290,0.0813805154647284
"9788",2020,291,0.0454211249923185
"9789",2020,292,0.0535465282188897
"9790",2020,293,0.0544168995348796
"9791",2020,294,0.0618478876137235
"9792",2020,295,0.0444291057517474
"9793",2020,296,0.0347352712832999
"9794",2020,297,0.0386516107171019
"9795",2020,298,0.0347447541840199
"9796",2020,299,0.0297274424811304
"9797",2020,300,0.033739940673206
"9798",2020,301,0.0528238530052831
"9799",2020,302,0.048099685172479
"9800",2020,303,0.0490468148061005
"9801",2020,304,0.050078445059799
"9802",2020,305,0.0424126951310767
"9803",2020,306,0.044726862877424
"9804",2020,307,0.0523604253544809
"9805",2020,308,0.0566845502314194
"9806",2020,309,0.0571458956546489
"9807",2020,310,0.0547642256332151
"9808",2020,311,0.0430352427781336
"9809",2020,312,0.03376958600021
"9810",2020,313,0.0338312354091051
"9811",2020,314,0.0264283947647195
"9812",2020,315,0.0266130264501355
"9813",2020,316,0.025046242595179
"9814",2020,317,0.025156716348935
"9815",2020,318,0.0324540823496768
"9816",2020,319,0.0322759332946107
"9817",2020,320,0.0319014577213674
"9818",2020,321,0.0369450960652528
"9819",2020,322,0.0409172776741117
"9820",2020,323,0.0413610006955727
"9821",2020,324,0.033322534747598
"9822",2020,325,0.0278770567447965
"9823",2020,326,0.0331802195405056
"9824",2020,327,0.031596583004158
"9825",2020,328,0.0270102335683147
"9826",2020,329,0.0282727198269799
"9827",2020,330,0.0322903758988053
"9828",2020,331,0.0278543393108799
"9829",2020,332,0.033973691703361
"9830",2020,333,0.0328991026914801
"9831",2020,334,0.0247865397609043
"9832",2020,335,0.0309862555642299
"9833",2020,336,0.0235826985967376
"9834",2020,337,0.022907735991898
"9835",2020,338,0.0295797128384882
"9836",2020,339,0.0308780551479156
"9837",2020,340,0.0293173624017876
"9838",2020,341,0.0294250406156626
"9839",2020,342,0.0314942302675409
"9840",2020,343,0.0115315980532427
"9841",2020,344,0.0240747676278982
"9842",2020,345,0.016272601121025
"9843",2020,346,0.0135869254399632
"9844",2020,347,0.0131833773296345
"9845",2020,348,0.0104672935756608
"9846",2020,349,0.0113857224714271
"9847",2020,350,0.0154979284220846
"9848",2020,351,0.020272819768153
"9849",2020,352,0.0196856920835381
"9850",2020,353,0.0159733620598085
"9851",2020,354,0.0203680103543017
"9852",2020,355,0.0424367051760382
"9853",2020,356,0.0187676032050971
"9854",2020,357,0.0052543318158136
"9855",2020,358,0.00299006599526018
"9856",2020,359,0.00373507390666755
"9857",2020,360,0.00320882123192354
"9858",2020,361,0.00225769141908207
"9859",2020,362,0.0016258577489622
"9860",2020,363,0.00153996443763775
"9861",2020,364,0.00142122772038703
"9862",2020,365,0.00153387917172108
"9863",2021,1,0.00208235560886741
"9864",2021,2,0.00213989914191614
"9865",2021,3,0.00203062427753822
"9866",2021,4,0.00170532284518073
"9867",2021,5,0.00167361246533846
"9868",2021,6,0.00153080506903642
"9869",2021,7,0.00131006785386137
"9870",2021,8,0.00115847464656879
"9871",2021,9,0.00103323881751847
"9872",2021,10,0.00118674695595334
"9873",2021,11,0.001420280614206
"9874",2021,12,0.00157101074884594
"9875",2021,13,0.00148559841024462
"9876",2021,14,0.00111946212751755
"9877",2021,15,0.00105369843388579
"9878",2021,16,0.00123593655938609
"9879",2021,17,0.0020318535300282
"9880",2021,18,0.00122793460515206
"9881",2021,19,0.00124610663458994
"9882",2021,20,0.00119555557472734
"9883",2021,21,0.000925058818218356
"9884",2021,22,0.000861484994397351
"9885",2021,23,0.00075457754003735
"9886",2021,24,0.000662645857040095
"9887",2021,25,0.000587296976702926
"9888",2021,26,0.000702354870030561
"9889",2021,27,0.000899205357722394
"9890",2021,28,0.0011017079320751
"9891",2021,29,0.00100910554002964
"9892",2021,30,0.000999545520549941
"9893",2021,31,0.00119099946174525
"9894",2021,32,0.00141397998654597
"9895",2021,33,0.00156144232420908
"9896",2021,34,0.000980674400396806
"9897",2021,35,0.000822766955363385
"9898",2021,36,0.00061027747981999
"9899",2021,37,0.0152936443963379
"9900",2021,38,0.0132306988172931
"9901",2021,39,0.0113220143481419
"9902",2021,40,0.0109781344683517
"9903",2021,41,0.0104774232999806
"9904",2021,42,0.00993437562304636
"9905",2021,43,0.0106598276418805
"9906",2021,44,0.0122293109822309
"9907",2021,45,0.012841220992755
"9908",2021,46,0.0225317186435898
"9909",2021,47,0.0127902707938635
"9910",2021,48,0.0321877351661313
"9911",2021,49,0.0372348953445823
"9912",2021,50,0.00413302225472427
"9913",2021,51,0.00167604337026633
"9914",2021,52,0.00271348626125879
"9915",2021,53,0.00336689907242708
"9916",2021,54,0.0767941233578215
"9917",2021,55,0.00990298173871226
"9918",2021,56,0.00794685635629985
"9919",2021,57,0.00681988374556932
"9920",2021,58,0.00477799128803146
"9921",2021,59,0.0058679003103108
"9922",2021,60,0.00735398192305124
"9923",2021,61,0.00789477345395577
"9924",2021,62,0.00775115507650412
"9925",2021,63,0.00768851563512924
"9926",2021,64,0.0081563967811214
"9927",2021,65,0.00778538611642889
"9928",2021,66,0.00776781566428064
"9929",2021,67,0.00763955039801753
"9930",2021,68,0.00712216527515773
"9931",2021,69,0.00730892198910558
"9932",2021,70,0.00706055648701271
"9933",2021,71,0.00872863818367036
"9934",2021,72,0.00953044995534917
"9935",2021,73,0.00921151476174406
"9936",2021,74,0.00801055356434862
"9937",2021,75,0.00800248835449903
"9938",2021,76,0.00867791894872927
"9939",2021,77,0.0099899487269905
"9940",2021,78,0.0117390786223416
"9941",2021,79,0.0112883760931608
"9942",2021,80,0.0101813661178848
"9943",2021,81,0.00955701297857378
"9944",2021,82,0.00835679555993888
"9945",2021,83,0.00855330853519261
"9946",2021,84,0.00649921193445196
"9947",2021,85,0.00556845791012871
"9948",2021,86,0.00643632987664713
"9949",2021,87,0.00730741098935383
"9950",2021,88,0.0354963918694405
"9951",2021,89,0.00871063634848289
"9952",2021,90,0.0106976078041003
"9953",2021,91,0.0132361013931817
"9954",2021,92,0.0138258187787617
"9955",2021,93,0.0136147427561035
"9956",2021,94,0.0124082712788913
"9957",2021,95,0.00963924340432401
"9958",2021,96,0.00980714902062668
"9959",2021,97,0.0103252586195309
"9960",2021,98,0.00930698542861698
"9961",2021,99,0.00899209347121145
"9962",2021,100,0.0100098573345366
"9963",2021,101,0.00764183679797699
"9964",2021,102,0.088335170042156
"9965",2021,103,0.0878867470496153
"9966",2021,104,0.0779428081065879
"9967",2021,105,0.00911720874649263
"9968",2021,106,0.0099997209771541
"9969",2021,107,0.00992041191841746
"9970",2021,108,0.150582016463049
"9971",2021,109,0.114983404704479
"9972",2021,110,0.121684787259778
"9973",2021,111,0.129819140264422
"9974",2021,112,0.125918118496383
"9975",2021,113,0.0610226921769029
"9976",2021,114,0.0110918473977675
"9977",2021,115,0.0113253878505189
"9978",2021,116,0.0116692230622953
"9979",2021,117,0.0120882272113059
"9980",2021,118,0.00962650822898591
"9981",2021,119,0.00963944256437649
"9982",2021,120,0.0103782122080724
"9983",2021,121,0.00985319774988059
"9984",2021,122,0.0088745723949452
"9985",2021,123,0.177953889391209
"9986",2021,124,0.128977944068985
"9987",2021,125,0.165969874036664
"9988",2021,126,0.074075436582153
"9989",2021,127,0.0128330696589834
"9990",2021,128,0.217957671814516
"9991",2021,129,0.1761031461558
"9992",2021,130,0.178049670774577
"9993",2021,131,0.175868748149768
"9994",2021,132,0.155068889697871
"9995",2021,133,0.0221523852544708
"9996",2021,134,0.0168026348947299
"9997",2021,135,0.0107822891106844
"9998",2021,136,0.0108325975843526
"9999",2021,137,0.0104171018339386
"10000",2021,138,0.00786004610165658
"10001",2021,139,0.00774064484065861
"10002",2021,140,0.232224315598083
"10003",2021,141,0.203131733948963
"10004",2021,142,0.228845253858312
"10005",2021,143,0.259019675366398
"10006",2021,144,0.28816690105143
"10007",2021,145,0.248789832549986
"10008",2021,146,0.25754421494885
"10009",2021,147,0.253902493892855
"10010",2021,148,0.257595835274972
"10011",2021,149,0.1181933914179
"10012",2021,150,0.114150609475042
"10013",2021,151,0.086236485628349
"10014",2021,152,0.0373927985369322
"10015",2021,153,0.0143657844458435
"10016",2021,154,0.014723373496631
"10017",2021,155,0.0140349839187234
"10018",2021,156,0.0126300597540128
"10019",2021,157,0.0111122831065101
"10020",2021,158,0.0099957810650589
"10021",2021,159,0.0100128630262316
"10022",2021,160,0.276406541393039
"10023",2021,161,0.309501131788979
"10024",2021,162,0.198435486982215
"10025",2021,163,0.111281312374047
"10026",2021,164,0.0108740543138107
"10027",2021,165,0.0114816678931308
"10028",2021,166,0.0121746555162419
"10029",2021,167,0.00869072741536816
"10030",2021,168,0.00697083611743416
"10031",2021,169,0.00506914621402209
"10032",2021,170,0.0049792065024755
"10033",2021,171,0.00478662275590752
"10034",2021,172,0.00471645512305274
"10035",2021,173,0.00411218542108091
"10036",2021,174,0.00398910608949647
"10037",2021,175,0.00383432653995817
"10038",2021,176,0.00359754132441372
"10039",2021,177,0.0037061660096719
"10040",2021,178,0.00364828605243497
"10041",2021,179,0.00354432873165596
"10042",2021,180,0.00289231421248503
"10043",2021,181,0.00294217782574678
"10044",2021,182,0.00296867905736488
"10045",2021,183,0.00294571354090352
"10046",2021,184,0.00285531074481867
"10047",2021,185,0.00265998507313346
"10048",2021,186,0.270563099446773
"10049",2021,187,0.351569143520042
"10050",2021,188,0.377210279462144
"10051",2021,189,0.300620189194167
"10052",2021,190,0.223942894651701
"10053",2021,191,0.0260413229631264
"10054",2021,192,0.0137058302281207
"10055",2021,193,0.010642437467831
"10056",2021,194,0.00905692173113814
"10057",2021,195,0.00862242001856162
"10058",2021,196,0.00897065086163067
"10059",2021,197,0.00873908381728518
"10060",2021,198,0.00830525792959636
"10061",2021,199,0.00826670760481704
"10062",2021,200,0.00696921110556234
"10063",2021,201,0.00348077377380915
"10064",2021,202,0.00324235966361501
"10065",2021,203,0.271028037469274
"10066",2021,204,0.122343229791459
"10067",2021,205,0.0024011418245927
"10068",2021,206,0.00135364098842369
"10069",2021,207,0.00136389857860738
"10070",2021,208,0.00139404805891432
"10071",2021,209,0.00131677299248296
"10072",2021,210,0.0012605658236736
"10073",2021,211,0.00124947840634176
"10074",2021,212,0.00124747276427436
"10075",2021,213,0.00123878709062795
"10076",2021,214,0.00120252166540639
"10077",2021,215,0.00113425137568732
"10078",2021,216,0.00116309779705997
"10079",2021,217,0.00113190741673194
"10080",2021,218,0.0011337023985899
"10081",2021,219,0.00110271244112327
"10082",2021,220,0.0900338649263136
"10083",2021,221,0.0068760191580528
"10084",2021,222,0.00642097961953202
"10085",2021,223,0.040858750985771
"10086",2021,224,0.00838564183043735
"10087",2021,225,0.00743782628879091
"10088",2021,226,0.00689082849678912
"10089",2021,227,0.00631776366157907
"10090",2021,228,0.0055532191549276
"10091",2021,229,0.21548912181949
"10092",2021,230,0.269570084060078
"10093",2021,231,0.29111588561664
"10094",2021,232,0.299246416742845
"10095",2021,233,0.306415545675213
"10096",2021,234,0.323023318655537
"10097",2021,235,0.290128587773444
"10098",2021,236,0.2628265103132
"10099",2021,237,0.26638896168075
"10100",2021,238,0.303815157797913
"10101",2021,239,0.292267151770726
"10102",2021,240,0.258828729346081
"10103",2021,241,0.270231413474118
"10104",2021,242,0.279873263001322
"10105",2021,243,0.267156707808988
"10106",2021,244,0.125845167112371
"10107",2021,245,0.107309535249891
"10108",2021,246,0.104450796025858
"10109",2021,247,0.105978017967536
"10110",2021,248,0.107010779646152
"10111",2021,249,0.10181793049435
"10112",2021,250,0.094294555745678
"10113",2021,251,0.0919873782212452
"10114",2021,252,0.0808021839246152
"10115",2021,253,0.0750171935494371
"10116",2021,254,0.0600003280710121
"10117",2021,255,0.0484200070800254
"10118",2021,256,0.0457996893731856
"10119",2021,257,0.0444983779899973
"10120",2021,258,0.0322218482664697
"10121",2021,259,0.026336812368051
"10122",2021,260,0.0273094773119277
"10123",2021,261,0.0293003905146835
"10124",2021,262,0.0230661594398927
"10125",2021,263,0.0208720984788064
"10126",2021,264,0.0176704416230088
"10127",2021,265,0.015497029978878
"10128",2021,266,0.0139789876536005
"10129",2021,267,0.013244527666667
"10130",2021,268,0.0140540435004815
"10131",2021,269,0.013746157672117
"10132",2021,270,0.0104561630525141
"10133",2021,271,0.00547850959962346
"10134",2021,272,0.00486410256350586
"10135",2021,273,0.00471026767077033
"10136",2021,274,0.00455103281152811
"10137",2021,275,0.00451658970192247
"10138",2021,276,0.00453518041446471
"10139",2021,277,0.00464803400529713
"10140",2021,278,0.00436892323402681
"10141",2021,279,0.00394416739488711
"10142",2021,280,0.102823221041949
"10143",2021,281,0.00825077954001683
"10144",2021,282,0.00733442984294772
"10145",2021,283,0.00650410753752378
"10146",2021,284,0.00487330086567494
"10147",2021,285,0.00421474036598364
"10148",2021,286,0.00386018449193197
"10149",2021,287,0.00381882293231311
"10150",2021,288,0.0040230254665477
"10151",2021,289,0.00440365991878569
"10152",2021,290,0.00436347289930156
"10153",2021,291,0.00364091669618611
"10154",2021,292,0.00285633920694197
"10155",2021,293,0.00203246176322522
"10156",2021,294,0.00220832709573001
"10157",2021,295,0.00209168076317409
"10158",2021,296,0.00194633452474758
"10159",2021,297,0.00187401873984151
"10160",2021,298,0.077173263458685
"10161",2021,299,0.0532038576175686
"10162",2021,300,0.0507986253358958
"10163",2021,301,0.0504674438775376
"10164",2021,302,0.0799964382989386
"10165",2021,303,0.038620883240462
"10166",2021,304,0.0326167470007109
"10167",2021,305,0.0326678706603028
"10168",2021,306,0.0366267908446912
"10169",2021,307,0.043109360028419
"10170",2021,308,0.0461417421065465
"10171",2021,309,0.0446859082147406
"10172",2021,310,0.039256213161403
"10173",2021,311,0.0316035670931718
"10174",2021,312,0.00787856685513081
"10175",2021,313,0.00472624617394878
"10176",2021,314,0.00382531002527892
"10177",2021,315,0.00287864374762202
"10178",2021,316,0.00256086381519911
"10179",2021,317,0.0027868410162095
"10180",2021,318,0.0563701211904997
"10181",2021,319,0.016579873249859
"10182",2021,320,0.00454552181463306
"10183",2021,321,0.00261411439191761
"10184",2021,322,0.00229705428049593
"10185",2021,323,0.00256301868904794
"10186",2021,324,0.00217389583642738
"10187",2021,325,0.00181780115079322
"10188",2021,326,0.00223469714527466
"10189",2021,327,0.0442816223566256
"10190",2021,328,0.0232162156471647
"10191",2021,329,0.0240057066917056
"10192",2021,330,0.0293678413968164
"10193",2021,331,0.0266081987344398
"10194",2021,332,0.0296877129115135
"10195",2021,333,0.0275612123573481
"10196",2021,334,0.0204207061385717
"10197",2021,335,0.00627630302911044
"10198",2021,336,0.0034925763867271
"10199",2021,337,0.022456780852633
"10200",2021,338,0.0194472203623476
"10201",2021,339,0.0138581820929178
"10202",2021,340,0.0111012014454865
"10203",2021,341,0.0147683836904474
"10204",2021,342,0.021035923980375
"10205",2021,343,0.0202882795395683
"10206",2021,344,0.0191804003005836
"10207",2021,345,0.0232342576280695
"10208",2021,346,0.0301706896221378
"10209",2021,347,0.0230482710226671
"10210",2021,348,0.0213124757710475
"10211",2021,349,0.0124100144149402
"10212",2021,350,0.0107055444447983
"10213",2021,351,0.0100431502321403
"10214",2021,352,0.0142953281037028
"10215",2021,353,0.0155435787380065
"10216",2021,354,0.0119604997229848
"10217",2021,355,0.0154340361436059
"10218",2021,356,0.0224262450642554
"10219",2021,357,0.020979899909161
"10220",2021,358,0.0127507569779569
"10221",2021,359,0.0089456321258743
"10222",2021,360,0.00660331292061454
"10223",2021,361,0.0052122825475488
"10224",2021,362,0.00564719040574581
"10225",2021,363,0.00667169174352732
"10226",2021,364,0.00807385530260409
"10227",2021,365,0.00599903359898511
"10228",2022,1,0.00710937463696574
"10229",2022,2,0.0145146991196384
"10230",2022,3,0.0177071622943621
"10231",2022,4,0.0097567888361272
"10232",2022,5,0.00586701742673505
"10233",2022,6,0.0066382872515813
"10234",2022,7,0.0154411224126435
"10235",2022,8,0.0118919702476066
"10236",2022,9,0.0149107385681191
"10237",2022,10,0.0231912140629387
"10238",2022,11,0.0314399324871238
"10239",2022,12,0.0375813484418076
"10240",2022,13,0.0359398136072365
"10241",2022,14,0.0320405185078124
"10242",2022,15,0.0351016127515618
"10243",2022,16,0.0376947056912385
"10244",2022,17,0.0394136650545899
"10245",2022,18,0.0267274109074538
"10246",2022,19,0.0136495446572088
"10247",2022,20,0.0245576381714721
"10248",2022,21,0.0346855327778506
"10249",2022,22,0.0428667686584027
"10250",2022,23,0.04663659689505
"10251",2022,24,0.0361392981136576
"10252",2022,25,0.0281856308482215
"10253",2022,26,0.0376721667418728
"10254",2022,27,0.0423427735277965
"10255",2022,28,0.0475165811274033
"10256",2022,29,0.0516804116530436
"10257",2022,30,0.0528067736836549
"10258",2022,31,0.0434045193362297
"10259",2022,32,0.0188044967576
"10260",2022,33,0.017426312378095
"10261",2022,34,0.018144716297188
"10262",2022,35,0.00282118219831624
"10263",2022,36,0.00399891661566434
"10264",2022,37,0.00379721281683091
"10265",2022,38,0.00366894146705367
"10266",2022,39,0.00315506714171056
"10267",2022,40,0.00292388720150047
"10268",2022,41,0.00295400667173042
"10269",2022,42,0.00226550627939474
"10270",2022,43,0.00205920091641819
"10271",2022,44,0.00217712144915641
"10272",2022,45,0.00209670520555361
"10273",2022,46,0.0549273349949694
"10274",2022,47,0.0201938858225256
"10275",2022,48,0.00174235682277721
"10276",2022,49,0.0490791389134947
"10277",2022,50,0.00212266824160714
"10278",2022,51,0.046786110225532
"10279",2022,52,0.023386430492669
"10280",2022,53,0.0179648459654074
"10281",2022,54,0.0190920743801086
"10282",2022,55,0.0230455217705039
"10283",2022,56,0.00134647625276016
"10284",2022,57,0.00194367229212333
"10285",2022,58,0.00243344442532917
"10286",2022,59,0.00270054974513116
"10287",2022,60,0.00261316236087386
"10288",2022,61,0.0885780937696101
"10289",2022,62,0.0253264610526339
"10290",2022,63,0.0472569798387992
"10291",2022,64,0.038948381599412
"10292",2022,65,0.0420210362990014
"10293",2022,66,0.0491335890286044
"10294",2022,67,0.0403511202086605
"10295",2022,68,0.0322758774885408
"10296",2022,69,0.0383158907829799
"10297",2022,70,0.0418271268692135
"10298",2022,71,0.0540952323687446
"10299",2022,72,0.0823316262296075
"10300",2022,73,0.00564688615404322
"10301",2022,74,0.00524781504528398
"10302",2022,75,0.00456447126076664
"10303",2022,76,0.00436025667554915
"10304",2022,77,0.00420126060183144
"10305",2022,78,0.00405448080459698
"10306",2022,79,0.00373074303812163
"10307",2022,80,0.00355060624542855
"10308",2022,81,0.00376012529101793
"10309",2022,82,0.00383319374866615
"10310",2022,83,0.00353268939348468
"10311",2022,84,0.00311883343768845
"10312",2022,85,0.00319591244034208
"10313",2022,86,0.00362703316879093
"10314",2022,87,0.130552783584839
"10315",2022,88,0.0101221377098525
"10316",2022,89,0.00736713266811411
"10317",2022,90,0.00636549685931058
"10318",2022,91,0.00550949229056461
"10319",2022,92,0.00550415710367049
"10320",2022,93,0.00528901395081499
"10321",2022,94,0.0047846225486739
"10322",2022,95,0.00424748283825021
"10323",2022,96,0.00396800961042553
"10324",2022,97,0.00398973715688714
"10325",2022,98,0.00420266958183964
"10326",2022,99,0.00372556836306281
"10327",2022,100,0.00308424127742749
"10328",2022,101,0.00357202547845484
"10329",2022,102,0.105349310072376
"10330",2022,103,0.0934838311974945
"10331",2022,104,0.100733332527108
"10332",2022,105,0.086979121821879
"10333",2022,106,0.121834793639412
"10334",2022,107,0.00402723819634267
"10335",2022,108,0.00437327205429886
"10336",2022,109,0.00456506372314779
"10337",2022,110,0.00403445438302203
"10338",2022,111,0.00377749613163093
"10339",2022,112,0.150965039413835
"10340",2022,113,0.171445528279513
"10341",2022,114,0.168140258435491
"10342",2022,115,0.175833773725407
"10343",2022,116,0.191012356341266
"10344",2022,117,0.210209081827133
"10345",2022,118,0.173037844812596
"10346",2022,119,0.209455902095925
"10347",2022,120,0.171057618634984
"10348",2022,121,0.134703011969228
"10349",2022,122,0.0142810997977649
"10350",2022,123,0.00812133549389237
"10351",2022,124,0.00862233199763943
"10352",2022,125,0.00922856363152528
"10353",2022,126,0.00920602087801762
"10354",2022,127,0.0436736150337234
"10355",2022,128,0.0132864996902642
"10356",2022,129,0.0121524885337985
"10357",2022,130,0.0115293818781307
"10358",2022,131,0.0105042573783763
"10359",2022,132,0.237901543576755
"10360",2022,133,0.256732191502477
"10361",2022,134,0.235465508457783
"10362",2022,135,0.254666545739635
"10363",2022,136,0.264041079894485
"10364",2022,137,0.196471260182919
"10365",2022,138,0.0893035845195171
"10366",2022,139,0.245125438116611
"10367",2022,140,0.167110473313025
"10368",2022,141,0.0501829138714029
"10369",2022,142,0.0346763571055862
"10370",2022,143,0.0121789332415277
"10371",2022,144,0.0120279398571739
"10372",2022,145,0.0118175079674077
"10373",2022,146,0.0116356909970565
"10374",2022,147,0.04625278296199
"10375",2022,148,0.186980649450119
"10376",2022,149,0.0122359340932598
"10377",2022,150,0.011389620354274
"10378",2022,151,0.0109924821466735
"10379",2022,152,0.0105535368608496
"10380",2022,153,0.0103342914637654
"10381",2022,154,0.0099913165595708
"10382",2022,155,0.336821539454798
"10383",2022,156,0.331706386887992
"10384",2022,157,0.314953875825682
"10385",2022,158,0.315901900331386
"10386",2022,159,0.30425040046293
"10387",2022,160,0.344751885167581
"10388",2022,161,0.345564997021942
"10389",2022,162,0.181543652615667
"10390",2022,163,0.170316555396805
"10391",2022,164,0.158415084185428
"10392",2022,165,0.13485784308027
"10393",2022,166,0.174127981357378
"10394",2022,167,0.10259132757601
"10395",2022,168,0.0738173494672904
"10396",2022,169,0.401278454273323
"10397",2022,170,0.372409674408062
"10398",2022,171,0.343037743129179
"10399",2022,172,0.345013051604787
"10400",2022,173,0.341511324507783
"10401",2022,174,0.384607708341217
"10402",2022,175,0.272329527618767
"10403",2022,176,0.0327413815962767
"10404",2022,177,0.015780404694443
"10405",2022,178,0.0153106172839865
"10406",2022,179,0.0556455772810882
"10407",2022,180,0.0183160732309091
"10408",2022,181,0.0144758449862876
"10409",2022,182,0.0136905890481322
"10410",2022,183,0.0130211703426014
"10411",2022,184,0.289707853958346
"10412",2022,185,0.366654710226435
"10413",2022,186,0.36960519374199
"10414",2022,187,0.394392316534024
"10415",2022,188,0.398413287486078
"10416",2022,189,0.417034454128271
"10417",2022,190,0.399658180906724
"10418",2022,191,0.34909146212655
"10419",2022,192,0.34938805035022
"10420",2022,193,0.362336023265066
"10421",2022,194,0.284428583332685
"10422",2022,195,0.184501246958907
"10423",2022,196,0.137185127851533
"10424",2022,197,0.134468858564096
"10425",2022,198,0.140230207248547
"10426",2022,199,0.172364637513356
"10427",2022,200,0.14942465237364
"10428",2022,201,0.139735102912032
"10429",2022,202,0.10598043578631
"10430",2022,203,0.085080842317056
"10431",2022,204,0.0682499648109874
"10432",2022,205,0.0623520393583272
"10433",2022,206,0.0468089245830134
"10434",2022,207,0.0340050225941845
"10435",2022,208,0.0216945394936572
"10436",2022,209,0.0215082480414771
"10437",2022,210,0.0217320847892064
"10438",2022,211,0.020109793843058
"10439",2022,212,0.0115340908287938
"10440",2022,213,0.0115772439301165
"10441",2022,214,0.0111275060794807
"10442",2022,215,0.00772875688360008
"10443",2022,216,0.00612566555913194
"10444",2022,217,0.0045268159425311
"10445",2022,218,0.00426872112603836
"10446",2022,219,0.00447890009498389
"10447",2022,220,0.00465018163284317
"10448",2022,221,0.00446175582815779
"10449",2022,222,0.00444287261231334
"10450",2022,223,0.0044470563484742
"10451",2022,224,0.166523221805042
"10452",2022,225,0.00331314222869822
"10453",2022,226,0.00328033122009071
"10454",2022,227,0.00312880153260289
"10455",2022,228,0.00309248018974221
"10456",2022,229,0.00292866342455646
"10457",2022,230,0.00267082131826999
"10458",2022,231,0.00256343015002718
"10459",2022,232,0.00251210211996118
"10460",2022,233,0.00246457107959627
"10461",2022,234,0.00236587095425781
"10462",2022,235,0.00224928016640738
"10463",2022,236,0.00219581800881596
"10464",2022,237,0.00180372340935421
"10465",2022,238,0.00165188174320117
"10466",2022,239,0.00159961288469825
"10467",2022,240,0.00157188333231136
"10468",2022,241,0.00153171398914216
"10469",2022,242,0.00147598306799027
"10470",2022,243,0.00142648766015251
"10471",2022,244,0.00139628880634369
"10472",2022,245,0.0013806872855807
"10473",2022,246,0.00133829606726733
"10474",2022,247,0.00130451920088783
"10475",2022,248,0.00128414368017601
"10476",2022,249,0.0012510954792514
"10477",2022,250,0.00122536580509825
"10478",2022,251,0.00116319022658314
"10479",2022,252,0.00102447469494129
"10480",2022,253,0.00104618843636718
"10481",2022,254,0.00107576803814997
"10482",2022,255,0.00106159684215871
"10483",2022,256,0.00100106773485958
"10484",2022,257,0.000938670049088799
"10485",2022,258,0.000921138534421521
"10486",2022,259,0.173146457059549
"10487",2022,260,0.12198818917191
"10488",2022,261,0.142159418412306
"10489",2022,262,0.00570983711641884
"10490",2022,263,0.00445750667392808
"10491",2022,264,0.00404394519545068
"10492",2022,265,0.174679389537227
"10493",2022,266,0.140310210027257
"10494",2022,267,0.128001563818024
"10495",2022,268,0.107363200698085
"10496",2022,269,0.0330033586506651
"10497",2022,270,0.00803710493000038
"10498",2022,271,0.00673611474170176
"10499",2022,272,0.00554024647684748
"10500",2022,273,0.146654321388025
"10501",2022,274,0.151541939064187
"10502",2022,275,0.125278013793283
"10503",2022,276,0.12369846139515
"10504",2022,277,0.123059961686576
"10505",2022,278,0.113172873326186
"10506",2022,279,0.096673977207324
"10507",2022,280,0.0976514286982754
"10508",2022,281,0.0983325180081385
"10509",2022,282,0.039508577046548
"10510",2022,283,0.0288663800223521
"10511",2022,284,0.0235029148651606
"10512",2022,285,0.02108935749502
"10513",2022,286,0.0188510055294188
"10514",2022,287,0.0456584004431947
"10515",2022,288,0.0170169452745139
"10516",2022,289,0.0148461827049026
"10517",2022,290,0.0155659864820255
"10518",2022,291,0.0153643937945263
"10519",2022,292,0.0146446408239083
"10520",2022,293,0.0138056568641402
"10521",2022,294,0.0894473548409318
"10522",2022,295,0.0850935129804797
"10523",2022,296,0.0784606355873005
"10524",2022,297,0.0547528746475225
"10525",2022,298,0.0511836375477698
"10526",2022,299,0.0481160067825257
"10527",2022,300,0.0492818799142169
"10528",2022,301,0.0516952875765718
"10529",2022,302,0.0527435086230737
"10530",2022,303,0.0520552729334996
"10531",2022,304,0.0552324652061688
"10532",2022,305,0.0493615285645537
"10533",2022,306,0.0391461148072248
"10534",2022,307,0.0324150027692498
"10535",2022,308,0.0372661295101467
"10536",2022,309,0.0369640974586528
"10537",2022,310,0.0237345035342826
"10538",2022,311,0.0282058600770045
"10539",2022,312,0.0223779158490215
"10540",2022,313,0.0189487353889195
"10541",2022,314,0.0177668400040432
"10542",2022,315,0.0176530355365723
"10543",2022,316,0.0197971994306705
"10544",2022,317,0.0233299512949129
"10545",2022,318,0.0284365272535903
"10546",2022,319,0.028442039370695
"10547",2022,320,0.0263804562758229
"10548",2022,321,0.0187734696264197
"10549",2022,322,0.0194011906399898
"10550",2022,323,0.0243930810854299
"10551",2022,324,0.0305047880751029
"10552",2022,325,0.0298270497124675
"10553",2022,326,0.0337802378724429
"10554",2022,327,0.0338058635741219
"10555",2022,328,0.0341275758465476
"10556",2022,329,0.0398059837023556
"10557",2022,330,0.0346483074465095
"10558",2022,331,0.028142102401924
"10559",2022,332,0.0189036198877215
"10560",2022,333,0.0144166802810824
"10561",2022,334,0.0148795621718178
"10562",2022,335,0.0154436561898374
"10563",2022,336,0.00995826621700643
"10564",2022,337,0.013826384571124
"10565",2022,338,0.0181306826840547
"10566",2022,339,0.0152805294125309
"10567",2022,340,0.0105606813819056
"10568",2022,341,0.0111406995670426
"10569",2022,342,0.0151092018630582
"10570",2022,343,0.0166632309677586
"10571",2022,344,0.0163540266756568
"10572",2022,345,0.01718366471008
"10573",2022,346,0.0137953956137551
"10574",2022,347,0.0138871131312732
"10575",2022,348,0.0140542095321089
"10576",2022,349,0.0142604089265657
"10577",2022,350,0.0141697596589489
"10578",2022,351,0.0142210808318381
"10579",2022,352,0.00976289870648998
"10580",2022,353,0.0067429439188924
"10581",2022,354,0.0050955270380942
"10582",2022,355,0.00500484616367481
"10583",2022,356,0.00500484987778235
"10584",2022,357,0.00620884256719115
"10585",2022,358,0.013020671726468
"10586",2022,359,0.0195294500394526
"10587",2022,360,0.0218093363776632
"10588",2022,361,0.029554191965556
"10589",2022,362,0.0262641218126627
"10590",2022,363,0.0202385407491943
"10591",2022,364,0.0199576608659162
"10592",2022,365,0.022455395519017
"10593",2022,366,0.0211940504890454
"10594",2023,1,0.0210385188995026
"10595",2023,2,0.0197213692682476
"10596",2023,3,0.0182575468848233
"10597",2023,4,0.018421149162484
"10598",2023,5,0.018038996566679
"10599",2023,6,0.0212762112791404
"10600",2023,7,0.0254375292056648
"10601",2023,8,0.02567644152284
"10602",2023,9,0.030433816631054
"10603",2023,10,0.0265314821513798
"10604",2023,11,0.0211092412467512
"10605",2023,12,0.0242453831509618
"10606",2023,13,0.0332548360033724
"10607",2023,14,0.0352444551682685
"10608",2023,15,0.0281752761601909
"10609",2023,16,0.026400389966472
"10610",2023,17,0.0280984959914816
"10611",2023,18,0.0303783909098758
"10612",2023,19,0.0291869714976317
"10613",2023,20,0.0297238489586121
"10614",2023,21,0.0339602991813283
"10615",2023,22,0.034492903207865
"10616",2023,23,0.0322507416002727
"10617",2023,24,0.0396326613391844
"10618",2023,25,0.0383045060403322
"10619",2023,26,0.0426295876105619
"10620",2023,27,0.0371584029561762
"10621",2023,28,0.0191256790285206
"10622",2023,29,0.0155371432790739
"10623",2023,30,0.0197555515601877
"10624",2023,31,0.0289721541079174
"10625",2023,32,0.0323001014760447
"10626",2023,33,0.0296395841273711
"10627",2023,34,0.045482158288321
"10628",2023,35,0.0414410650856725
"10629",2023,36,0.0194522872042261
"10630",2023,37,0.00637141711660397
"10631",2023,38,0.00521719526602752
"10632",2023,39,0.0039943831942335
"10633",2023,40,0.00313179895853057
"10634",2023,41,0.00360139033627933
"10635",2023,42,0.0033070476797513
"10636",2023,43,0.00315237252420568
"10637",2023,44,0.00283313403896911
"10638",2023,45,0.00201467320906254
"10639",2023,46,0.00197493101251812
"10640",2023,47,0.00235338796379839
"10641",2023,48,0.00272029723048052
"10642",2023,49,0.00252561200405888
"10643",2023,50,0.00249352945447196
"10644",2023,51,0.00209741126821626
"10645",2023,52,0.0361536994741441
"10646",2023,53,0.0202947786069972
"10647",2023,54,0.0200959210056413
"10648",2023,55,0.0237955888830794
"10649",2023,56,0.0456640413386481
"10650",2023,57,0.0722791612917666
"10651",2023,58,0.066329927330542
"10652",2023,59,0.0591392647162989
"10653",2023,60,0.0608659122448338
"10654",2023,61,0.0731003225466636
"10655",2023,62,0.0745687109184233
"10656",2023,63,0.0700608142195498
"10657",2023,64,0.0544794919716285
"10658",2023,65,0.0521863352751145
"10659",2023,66,0.0505521871061942
"10660",2023,67,0.0542413515429374
"10661",2023,68,0.0530514269253328
"10662",2023,69,0.052034735482258
"10663",2023,70,0.0563868278276764
"10664",2023,71,0.0530129999200975
"10665",2023,72,0.0727132127733465
"10666",2023,73,0.0881999217845069
"10667",2023,74,0.0800956895806043
"10668",2023,75,0.0742495014946327
"10669",2023,76,0.0679317906524519
"10670",2023,77,0.077967458277813
"10671",2023,78,0.0828551926135006
"10672",2023,79,0.0682979738245658
"10673",2023,80,0.0746146705040897
"10674",2023,81,0.0743958375558073
"10675",2023,82,0.095125239144912
"10676",2023,83,0.0979479385491638
"10677",2023,84,0.090578202980468
"10678",2023,85,0.0871983335107861
"10679",2023,86,0.073322624522781
"10680",2023,87,0.0104642701947656
"10681",2023,88,0.0129221087008321
"10682",2023,89,0.0137998198997618
"10683",2023,90,0.0169294735000715
"10684",2023,91,0.0197399245934613
"10685",2023,92,0.0185445283091692
"10686",2023,93,0.0171614615088695
"10687",2023,94,0.0145464753922037
"10688",2023,95,0.0160169752223611
"10689",2023,96,0.0198017162606075
"10690",2023,97,0.0242328113830697
"10691",2023,98,0.0283536914706321
"10692",2023,99,0.0308416634687143
"10693",2023,100,0.0335666522921509
"10694",2023,101,0.0299109572760514
"10695",2023,102,0.0262924041642609
"10696",2023,103,0.153973877846005
"10697",2023,104,0.130747852165029
"10698",2023,105,0.144612323642066
"10699",2023,106,0.15688347749586
"10700",2023,107,0.158290255042724
"10701",2023,108,0.0399871685527619
"10702",2023,109,0.152029109412878
"10703",2023,110,0.116728436917835
"10704",2023,111,0.117252990577
"10705",2023,112,0.106459869136359
"10706",2023,113,0.0390629473520507
"10707",2023,114,0.0459567886187333
"10708",2023,115,0.0467144388413868
"10709",2023,116,0.039416766298538
"10710",2023,117,0.0382962831237905
"10711",2023,118,0.0399277129854959
"10712",2023,119,0.041985818662971
"10713",2023,120,0.0417136173116297
"10714",2023,121,0.0373614013386926
"10715",2023,122,0.0383767898804199
"10716",2023,123,0.0393588622630244
"10717",2023,124,0.0393745933644717
"10718",2023,125,0.255028892960891
"10719",2023,126,0.246398150148853
"10720",2023,127,0.252007487190859
"10721",2023,128,0.230057809927747
"10722",2023,129,0.258377774986097
"10723",2023,130,0.244237427962393
"10724",2023,131,0.255169660974148
"10725",2023,132,0.250198465045183
"10726",2023,133,0.247937863263562
"10727",2023,134,0.217614699550677
"10728",2023,135,0.16574717747106
"10729",2023,136,0.0404630291515166
"10730",2023,137,0.0343903331322973
"10731",2023,138,0.0322228644872079
"10732",2023,139,0.034532602089057
"10733",2023,140,0.0356542411570799
"10734",2023,141,0.0240043332966142
"10735",2023,142,0.317396210111638
"10736",2023,143,0.322232376500113
"10737",2023,144,0.339240584273132
"10738",2023,145,0.334066179337213
"10739",2023,146,0.326908209777024
"10740",2023,147,0.333862326990305
"10741",2023,148,0.303336390363917
"10742",2023,149,0.314734972977093
"10743",2023,150,0.317606622261067
"10744",2023,151,0.358778628444692
"10745",2023,152,0.364417197902514
"10746",2023,153,0.34660949170881
"10747",2023,154,0.331755484173293
"10748",2023,155,0.344328462285492
"10749",2023,156,0.35690265905733
"10750",2023,157,0.348464666759874
"10751",2023,158,0.393304890405804
"10752",2023,159,0.384618947394416
"10753",2023,160,0.373691292905678
"10754",2023,161,0.336081944365177
"10755",2023,162,0.332720334459826
"10756",2023,163,0.338910462662905
"10757",2023,164,0.34941561669217
"10758",2023,165,0.326247089490225
"10759",2023,166,0.17919200311635
"10760",2023,167,0.183494381398101
"10761",2023,168,0.187992552950262
"10762",2023,169,0.36664898226057
"10763",2023,170,0.363924086199136
"10764",2023,171,0.34968244419232
"10765",2023,172,0.346335837936926
"10766",2023,173,0.322198004325271
"10767",2023,174,0.340452775083837
"10768",2023,175,0.342754510838627
"10769",2023,176,0.330432300071285
"10770",2023,177,0.189525333278868
"10771",2023,178,0.386135056927831
"10772",2023,179,0.359662327441752
"10773",2023,180,0.357002052358254
"10774",2023,181,0.204071620745072
"10775",2023,182,0.206281896316638
"10776",2023,183,0.192342136123359
"10777",2023,184,0.171018286485927
"10778",2023,185,0.158840083271533
"10779",2023,186,0.164188300000352
"10780",2023,187,0.17492815642712
"10781",2023,188,0.173380282159463
"10782",2023,189,0.176970575380983
"10783",2023,190,0.183736399617685
"10784",2023,191,0.181015444515002
"10785",2023,192,0.168534566842702
"10786",2023,193,0.162962079313188
"10787",2023,194,0.210264112693846
"10788",2023,195,0.116802456634364
"10789",2023,196,0.10828471193864
"10790",2023,197,0.0946046472951354
"10791",2023,198,0.115310230580924
"10792",2023,199,0.0941824700077276
"10793",2023,200,0.0830188766952821
"10794",2023,201,0.0790874416749342
"10795",2023,202,0.0714987822355707
"10796",2023,203,0.073595422223134
"10797",2023,204,0.0723042656365334
"10798",2023,205,0.0715133673774549
"10799",2023,206,0.0678441905706889
"10800",2023,207,0.0370629016558463
"10801",2023,208,0.0334211907789241
"10802",2023,209,0.0320873315377016
"10803",2023,210,0.328437111570995
"10804",2023,211,0.394055489477429
"10805",2023,212,0.370752856834912
"10806",2023,213,0.275461125285986
"10807",2023,214,0.0674966995748918
"10808",2023,215,0.0384653575387788
"10809",2023,216,0.0335591901853665
"10810",2023,217,0.0315057683438854
"10811",2023,218,0.229346567913929
"10812",2023,219,0.0401413851340466
"10813",2023,220,0.0342831026875447
"10814",2023,221,0.0322397836030686
"10815",2023,222,0.0292225410446518
"10816",2023,223,0.0272182491125095
"10817",2023,224,0.0194887554568238
"10818",2023,225,0.0159267376592211
"10819",2023,226,0.0166858301720215
"10820",2023,227,0.0168387929430009
"10821",2023,228,0.0155720062395923
"10822",2023,229,0.0152212692438082
"10823",2023,230,0.0140912849601875
"10824",2023,231,0.0121229737172299
"10825",2023,232,0.270056931504223
"10826",2023,233,0.248856003871914
"10827",2023,234,0.168840800475586
"10828",2023,235,0.0138327047255865
"10829",2023,236,0.0127067356125053
"10830",2023,237,0.0115959039131461
"10831",2023,238,0.0114464946747099
"10832",2023,239,0.010921430477474
"10833",2023,240,0.0100989668932521
"10834",2023,241,0.00945589686919677
"10835",2023,242,0.196894300839718
"10836",2023,243,0.071269968526577
"10837",2023,244,0.0106460736200637
"10838",2023,245,0.0102626189524493
"10839",2023,246,0.00930181593925856
"10840",2023,247,0.00810144100413195
"10841",2023,248,0.00772920461381907
"10842",2023,249,0.00783013485143286
"10843",2023,250,0.00742753456531555
"10844",2023,251,0.239539736848022
"10845",2023,252,0.19786534938539
"10846",2023,253,0.188985647313533
"10847",2023,254,0.165990882157502
"10848",2023,255,0.132488701839542
"10849",2023,256,0.0189782054964518
"10850",2023,257,0.0144393432309684
"10851",2023,258,0.00667652750428807
"10852",2023,259,0.00672015749599756
"10853",2023,260,0.00656434164536021
"10854",2023,261,0.00616340384609346
"10855",2023,262,0.00464955456641893
"10856",2023,263,0.00330526026541413
"10857",2023,264,0.183982504578461
"10858",2023,265,0.186389727750238
"10859",2023,266,0.185824190842817
"10860",2023,267,0.161996549590722
"10861",2023,268,0.166719019041316
"10862",2023,269,0.170191408112483
"10863",2023,270,0.15127860269226
"10864",2023,271,0.133046139243055
"10865",2023,272,0.103545271242712
"10866",2023,273,0.0398604936202381
"10867",2023,274,0.092401902377026
"10868",2023,275,0.038571685949036
"10869",2023,276,0.138792174653657
"10870",2023,277,0.0987656681123195
"10871",2023,278,0.0290778533343729
"10872",2023,279,0.0259280507298469
"10873",2023,280,0.029998857231141
"10874",2023,281,0.0303359258010946
"10875",2023,282,0.0290445810394709
"10876",2023,283,0.0265039539180884
"10877",2023,284,0.113114688976642
"10878",2023,285,0.106127209666922
"10879",2023,286,0.0776528946565703
"10880",2023,287,0.0756403463708341
"10881",2023,288,0.0818709500148432
"10882",2023,289,0.08527608748833
"10883",2023,290,0.108650455326778
"10884",2023,291,0.0772524769627981
"10885",2023,292,0.0834631305436782
"10886",2023,293,0.0186164796564568
"10887",2023,294,0.014825991681361
"10888",2023,295,0.0904115664956385
"10889",2023,296,0.0751513785770209
"10890",2023,297,0.0544052407491823
"10891",2023,298,0.0355846029595938
"10892",2023,299,0.0304404436166427
"10893",2023,300,0.0299065728685348
"10894",2023,301,0.0320366175842926
"10895",2023,302,0.0387619028973631
"10896",2023,303,0.0371064975410237
"10897",2023,304,0.039275596552577
"10898",2023,305,0.0433896512957317
"10899",2023,306,0.0515185102671078
"10900",2023,307,0.0557599573399823
"10901",2023,308,0.108560460187889
"10902",2023,309,0.0842041940156334
"10903",2023,310,0.0669483538946686
"10904",2023,311,0.040262100830217
"10905",2023,312,0.035743074221391
"10906",2023,313,0.0338359127923687
"10907",2023,314,0.033474703938727
"10908",2023,315,0.0350132822581435
"10909",2023,316,0.0369935018920115
"10910",2023,317,0.0357319647035564
"10911",2023,318,0.0329060984260262
"10912",2023,319,0.0324734551224133
"10913",2023,320,0.028382633623142
"10914",2023,321,0.03327237431024
"10915",2023,322,0.0323633352783521
"10916",2023,323,0.030939030986164
"10917",2023,324,0.0288042699543536
"10918",2023,325,0.0291722071858096
"10919",2023,326,0.0263638883489554
"10920",2023,327,0.0172596335668185
"10921",2023,328,0.0169919022987555
"10922",2023,329,0.0185774474850493
"10923",2023,330,0.0192540317459579
"10924",2023,331,0.0206178906836164
"10925",2023,332,0.0242476262987203
"10926",2023,333,0.0194394171231669
"10927",2023,334,0.0169299680856098
"10928",2023,335,0.0148147118681826
"10929",2023,336,0.0134921513299459
"10930",2023,337,0.00636609950448342
"10931",2023,338,0.00489033503832454
"10932",2023,339,0.00460533662965506
"10933",2023,340,0.00425183731434358
"10934",2023,341,0.00296034315086642
"10935",2023,342,0.00224345506851499
"10936",2023,343,0.00201859521667501
"10937",2023,344,0.00202404609503563
"10938",2023,345,0.00172636564755935
"10939",2023,346,0.00165201999687755
"10940",2023,347,0.00167068675381088
"10941",2023,348,0.00147085180663873
"10942",2023,349,0.00118192767219838
"10943",2023,350,0.00141731915479446
"10944",2023,351,0.00114235084342447
"10945",2023,352,0.0012918843718614
"10946",2023,353,0.00138947984607602
"10947",2023,354,0.00146738401391943
"10948",2023,355,0.00144155940361885
"10949",2023,356,0.00133901007503369
"10950",2023,357,0.0146698181951773
"10951",2023,358,0.00801334201386143
"10952",2023,359,0.000787266951114424
"10953",2023,360,0.000899336605687009
"10954",2023,361,0.000966664651801909
"10955",2023,362,0.00108175083783379
"10956",2023,363,0.0010911521516859
"10957",2023,364,0.000877447419682681
"10958",2023,365,0.000886090994406491
"10959",2024,1,0.000929241615620569
"10960",2024,2,0.00084852100424455
"10961",2024,3,0.000731230830310232
"10962",2024,4,0.000785237045686362
"10963",2024,5,0.000814842864634117
"10964",2024,6,0.000757682720644527
"10965",2024,7,0.0198779293348957
"10966",2024,8,0.0147404482059724
"10967",2024,9,0.0210471769879687
"10968",2024,10,0.0178672325409665
"10969",2024,11,0.00823673601884481
"10970",2024,12,0.00500517333653079
"10971",2024,13,0.00500517395405393
"10972",2024,14,0.00500517454223658
"10973",2024,15,0.00526312186981278
"10974",2024,16,0.0127703303196312
"10975",2024,17,0.013965225802936
"10976",2024,18,0.0103280732090913
"10977",2024,19,0.0122637397512857
"10978",2024,20,0.019354914585457
"10979",2024,21,0.0297313402714152
"10980",2024,22,0.0292990332413791
"10981",2024,23,0.0317747914013259
"10982",2024,24,0.0348463854545082
"10983",2024,25,0.0364008238902927
"10984",2024,26,0.0391173477145157
"10985",2024,27,0.0379473288155566
"10986",2024,28,0.0517450590956382
"10987",2024,29,0.0555812281960796
"10988",2024,30,0.0598533469296172
"10989",2024,31,0.0598852406728354
"10990",2024,32,0.0581943801079718
"10991",2024,33,0.0546721177466893
"10992",2024,34,0.0493976003025032
"10993",2024,35,0.0515078624950704
"10994",2024,36,0.0525707214961193
"10995",2024,37,0.0491727020094586
"10996",2024,38,0.0487555471108474
"10997",2024,39,0.046586395668105
"10998",2024,40,0.0436631954673083
"10999",2024,41,0.0463291047597919
"11000",2024,42,0.055896939159229
"11001",2024,43,0.057525582925227
"11002",2024,44,0.0516312125629608
"11003",2024,45,0.0429370499399708
"11004",2024,46,0.0368981228807466
"11005",2024,47,0.0386414635452047
"11006",2024,48,0.0514496896175256
"11007",2024,49,0.0547739243829636
"11008",2024,50,0.0692841952899338
"11009",2024,51,0.0807014304636178
"11010",2024,52,0.0803052814257047
"11011",2024,53,0.0812952447134431
"11012",2024,54,0.0868391948013616
"11013",2024,55,0.0873486812647967
"11014",2024,56,0.0883777382201692
"11015",2024,57,0.0667044883972515
"11016",2024,58,0.0422805019709903
"11017",2024,59,0.0751605282329852
"11018",2024,60,0.0367597567599672
"11019",2024,61,0.00618121013014373
"11020",2024,62,0.0734639589832947
"11021",2024,63,0.0456244280876522
"11022",2024,64,0.0434819612209192
"11023",2024,65,0.0486708255582478
"11024",2024,66,0.0513470249282994
"11025",2024,67,0.0601187638902066
"11026",2024,68,0.0816036279750185
"11027",2024,69,0.018970658934328
"11028",2024,70,0.0107083413447112
"11029",2024,71,0.0107607175769743
"11030",2024,72,0.0110385152224968
"11031",2024,73,0.0102856294748755
"11032",2024,74,0.0106841434581587
"11033",2024,75,0.0115669735566023
"11034",2024,76,0.0112967984885094
"11035",2024,77,0.0115528371641173
"11036",2024,78,0.0134589812565442
"11037",2024,79,0.0122389454426259
"11038",2024,80,0.0103593522422716
"11039",2024,81,0.0876255006247133
"11040",2024,82,0.0866396414112416
"11041",2024,83,0.0881206417321353
"11042",2024,84,0.084517979525159
"11043",2024,85,0.0788070066407033
"11044",2024,86,0.0873936275741641
"11045",2024,87,0.118526640349695
"11046",2024,88,0.148918119216063
"11047",2024,89,0.125487872036788
"11048",2024,90,0.129305224222273
"11049",2024,91,0.133026818769327
"11050",2024,92,0.122306080734143
"11051",2024,93,0.136628538151584
"11052",2024,94,0.178695065638093
"11053",2024,95,0.143081532544606
"11054",2024,96,0.119329997497495
"11055",2024,97,0.151130577475578
"11056",2024,98,0.155809750221783
"11057",2024,99,0.145650717315319
"11058",2024,100,0.144538560825873
"11059",2024,101,0.14018239817363
"11060",2024,102,0.147924995462145
"11061",2024,103,0.172265001574824
"11062",2024,104,0.179754586371098
"11063",2024,105,0.0532250423009259
"11064",2024,106,0.0496519690425761
"11065",2024,107,0.044414620643832
"11066",2024,108,0.0353285410887555
"11067",2024,109,0.0345050154045463
"11068",2024,110,0.0322307710105242
"11069",2024,111,0.0366459902061327
"11070",2024,112,0.048700822737933
"11071",2024,113,0.0491421952562958
"11072",2024,114,0.0526427035228887
"11073",2024,115,0.0581843677143491
"11074",2024,116,0.0612442552093755
"11075",2024,117,0.0603246829017143
"11076",2024,118,0.0597559954655863
"11077",2024,119,0.0636339979459362
"11078",2024,120,0.22548727109529
"11079",2024,121,0.187131871439898
"11080",2024,122,0.198950587325879
"11081",2024,123,0.196653745130982
"11082",2024,124,0.175090676046714
"11083",2024,125,0.193284287409831
"11084",2024,126,0.203673744727924
"11085",2024,127,0.234644060448753
"11086",2024,128,0.230495623251743
"11087",2024,129,0.242292905900648
"11088",2024,130,0.241122440861305
"11089",2024,131,0.250180708404098
"11090",2024,132,0.264401397586518
"11091",2024,133,0.260996499267372
"11092",2024,134,0.245599517697217
"11093",2024,135,0.104746068564183
"11094",2024,136,0.10803920673495
"11095",2024,137,0.113290612390626
"11096",2024,138,0.28068119247214
"11097",2024,139,0.136937832764488
"11098",2024,140,0.260866554674453
"11099",2024,141,0.223873400731712
"11100",2024,142,0.273613459556935
"11101",2024,143,0.273413174365915
"11102",2024,144,0.273772115225635
"11103",2024,145,0.281110565738085
"11104",2024,146,0.287960280591406
"11105",2024,147,0.268192452734212
"11106",2024,148,0.282496161047913
"11107",2024,149,0.240991522298499
"11108",2024,150,0.134965408422913
"11109",2024,151,0.123534343878054
"11110",2024,152,0.121164633277076
"11111",2024,153,0.123890049713502
"11112",2024,154,0.130359908369018
"11113",2024,155,0.312946836912935
"11114",2024,156,0.251856277177011
"11115",2024,157,0.100182742932057
"11116",2024,158,0.0826657144882758
"11117",2024,159,0.0801816739799635
"11118",2024,160,0.0711304005997784
"11119",2024,161,0.0630013681095455
"11120",2024,162,0.331268009143633
"11121",2024,163,0.26189461451575
"11122",2024,164,0.20698777922314
"11123",2024,165,0.0603430658774452
"11124",2024,166,0.0462276172960623
"11125",2024,167,0.256801940309838
"11126",2024,168,0.185126360984627
"11127",2024,169,0.308175663002795
"11128",2024,170,0.326766230294721
"11129",2024,171,0.310901873041373
"11130",2024,172,0.326631968700411
"11131",2024,173,0.364538880406886
"11132",2024,174,0.352956515842926
"11133",2024,175,0.317427619970434
"11134",2024,176,0.162896546299664
"11135",2024,177,0.105347082665827
"11136",2024,178,0.04147603688378
"11137",2024,179,0.341883532049491
"11138",2024,180,0.325379655745564
"11139",2024,181,0.293145107037865
"11140",2024,182,0.301172671060704
"11141",2024,183,0.208237608553873
"11142",2024,184,0.030112975653887
"11143",2024,185,0.185193372875307
"11144",2024,186,0.0269400699476213
"11145",2024,187,0.240983678745811
"11146",2024,188,0.190181564900998
"11147",2024,189,0.0232960959517653
"11148",2024,190,0.0154043423152672
"11149",2024,191,0.0159809242402718
"11150",2024,192,0.0163161752259079
"11151",2024,193,0.0162044730914953
"11152",2024,194,0.0150314069865202
"11153",2024,195,0.0109344630105593
"11154",2024,196,0.0104251955428146
"11155",2024,197,0.0100467598438556
"11156",2024,198,0.0103173705043677
"11157",2024,199,0.00990158405996071
"11158",2024,200,0.177510443326585
"11159",2024,201,0.00955991133244023
"11160",2024,202,0.00907801134526566
"11161",2024,203,0.00789877900855745
"11162",2024,204,0.00783936367176712
"11163",2024,205,0.00794214331992018
"11164",2024,206,0.00804702792314983
"11165",2024,207,0.318075438899078
"11166",2024,208,0.173617863018214
"11167",2024,209,0.0110300745277794
"11168",2024,210,0.00988229341282881
"11169",2024,211,0.0101745313622192
"11170",2024,212,0.00965933552146365
"11171",2024,213,0.00941539099741634
"11172",2024,214,0.0091897114936926
"11173",2024,215,0.00808657905426399
"11174",2024,216,0.20176666408584
"11175",2024,217,0.0745832733362969
"11176",2024,218,0.0126442284537036
"11177",2024,219,0.352079675800972
"11178",2024,220,0.318164361996106
"11179",2024,221,0.251211606281312
"11180",2024,222,0.206197978561358
"11181",2024,223,0.101714432982029
"11182",2024,224,0.0102852979386501
"11183",2024,225,0.323450813083338
"11184",2024,226,0.245370891257607
"11185",2024,227,0.139321512155976
"11186",2024,228,0.00635618887881454
"11187",2024,229,0.268565053139371
"11188",2024,230,0.16444736985785
"11189",2024,231,0.264577150922548
"11190",2024,232,0.157973952041024
"11191",2024,233,0.205786740944457
"11192",2024,234,0.0137047185951193
"11193",2024,235,0.0105270324559862
"11194",2024,236,0.00918314795275469
"11195",2024,237,0.158095587496886
"11196",2024,238,0.00474844195684351
"11197",2024,239,0.00457606050876935
"11198",2024,240,0.00327777107007306
"11199",2024,241,0.192570779056177
"11200",2024,242,0.123752474304777
"11201",2024,243,0.00512305138958519
"11202",2024,244,0.00491511517563515
"11203",2024,245,0.0047640925909587
"11204",2024,246,0.00457511049313234
"11205",2024,247,0.00437513584913655
"11206",2024,248,0.00410692313226766
"11207",2024,249,0.00385191599753753
"11208",2024,250,0.0016632879607812
"11209",2024,251,0.00161839538656311
"11210",2024,252,0.00152353305259849
"11211",2024,253,0.00131326745778999
"11212",2024,254,0.00126460807107475
"11213",2024,255,0.000935093582421361
"11214",2024,256,0.188254141086957
"11215",2024,257,0.139322886034039
"11216",2024,258,0.124175423336234
"11217",2024,259,0.0103968623223782
"11218",2024,260,0.0078725919945067
"11219",2024,261,0.221131106646464
"11220",2024,262,0.205897909517008
"11221",2024,263,0.177207081239887
"11222",2024,264,0.162454485331396
"11223",2024,265,0.147582826479522
"11224",2024,266,0.152820704086373
"11225",2024,267,0.155826011296264
"11226",2024,268,0.105828986728044
"11227",2024,269,0.0490707733884903
"11228",2024,270,0.0416670320815756
"11229",2024,271,0.03884932690107
"11230",2024,272,0.037211903492479
"11231",2024,273,0.0339748328924858
"11232",2024,274,0.0257674482815721
"11233",2024,275,0.0253240081679744
"11234",2024,276,0.0234818290546765
"11235",2024,277,0.0221921525880545
"11236",2024,278,0.0185068177702001
"11237",2024,279,0.0159601999595461
"11238",2024,280,0.0112320209131769
"11239",2024,281,0.00892879965236551
"11240",2024,282,0.00856308567264089
"11241",2024,283,0.00804637113484402
"11242",2024,284,0.00402959383357803
"11243",2024,285,0.00177356778838968
"11244",2024,286,0.00165912086134295
"11245",2024,287,0.0014949793594906
"11246",2024,288,0.00142405427397688
"11247",2024,289,0.000571302533400613
"11248",2024,290,0.000548151280479054
"11249",2024,291,0.000454417235551348
"11250",2024,292,0.000433556124868634
"11251",2024,293,0.00048068403019644
"11252",2024,294,0.000477553690186185
"11253",2024,295,0.0882922445412519
"11254",2024,296,0.0501014550733014
"11255",2024,297,0.0487000904748024
"11256",2024,298,0.0431601294601093
"11257",2024,299,0.0385777185567365
"11258",2024,300,0.00648157823611087
"11259",2024,301,0.00496281151757682
"11260",2024,302,0.00370006301391228
"11261",2024,303,0.00285213052682332
"11262",2024,304,0.0024945143819281
"11263",2024,305,0.0023555586910698
"11264",2024,306,0.00221766576724222
"11265",2024,307,0.00197617272025004
"11266",2024,308,0.0018797994202583
"11267",2024,309,0.0508919437859405
"11268",2024,310,0.0398254069537724
"11269",2024,311,0.00517940289770335
"11270",2024,312,0.00458292766516255
"11271",2024,313,0.00382283719583822
"11272",2024,314,0.00341762460488989
"11273",2024,315,0.00277883063910954
"11274",2024,316,0.00246013956046475
"11275",2024,317,0.00227317712245138
"11276",2024,318,0.0020254277828017
"11277",2024,319,0.00201471317836577
"11278",2024,320,0.0534505613213632
"11279",2024,321,0.0242509000880959
"11280",2024,322,0.0302782850820965
"11281",2024,323,0.0281079753099657
"11282",2024,324,0.0229394879632975
"11283",2024,325,0.0189712439418379
"11284",2024,326,0.0202814206212602
"11285",2024,327,0.0247280108627735
"11286",2024,328,0.0230826247225227
"11287",2024,329,0.0166885595132412
"11288",2024,330,0.0165906594582263
"11289",2024,331,0.0179096434173286
"11290",2024,332,0.0175304253055311
"11291",2024,333,0.0160887883383833
"11292",2024,334,0.0158798654489992
"11293",2024,335,0.0169644962908777
"11294",2024,336,0.0141565078645266
"11295",2024,337,0.0145135193895694
"11296",2024,338,0.0221958190783597
"11297",2024,339,0.0194442774088314
"11298",2024,340,0.021598999615287
"11299",2024,341,0.0301100169779172
"11300",2024,342,0.0332467452369503
"11301",2024,343,0.0297807119849637
"11302",2024,344,0.0209758376503798
"11303",2024,345,0.0185391235771859
"11304",2024,346,0.0159200825064219
"11305",2024,347,0.0158984921030589
"11306",2024,348,0.0177070769803265
"11307",2024,349,0.0208424942994436
"11308",2024,350,0.0217420783933161
"11309",2024,351,0.0189288169313497
"11310",2024,352,0.015914096147374
"11311",2024,353,0.0213318311347696
"11312",2024,354,0.00832217548329568
"11313",2024,355,0.0160811540357017
"11314",2024,356,0.0213715221528921
"11315",2024,357,0.0218624464097412
"11316",2024,358,0.0202978692264286
"11317",2024,359,0.0207177593912128
"11318",2024,360,0.0215023866475899
"11319",2024,361,0.0346653941231379
"11320",2024,362,0.0317072531818697
"11321",2024,363,0.0217706023740847
"11322",2024,364,0.020380174463086
"11323",2024,365,0.0149188961613711
