"","year","DOY","evapotr_cm"
"1",1994,1,0.0207229785111534
"2",1994,2,0.0209126880426769
"3",1994,3,0.0214808281230294
"4",1994,4,0.0204699007408038
"5",1994,5,0.0222928821085006
"6",1994,6,0.0117347734876999
"7",1994,7,0.00419951810730772
"8",1994,8,0.00375378956806048
"9",1994,9,0.00299775844429699
"10",1994,10,0.00261160908645352
"11",1994,11,0.00231522679005744
"12",1994,12,0.00204222006556813
"13",1994,13,0.00221103143072782
"14",1994,14,0.00236215404114741
"15",1994,15,0.0018800647964734
"16",1994,16,0.00172116530447601
"17",1994,17,0.00115301178997303
"18",1994,18,0.00141082393269699
"19",1994,19,0.00180824761095987
"20",1994,20,0.00138089022274835
"21",1994,21,0.0016669201768952
"22",1994,22,0.00172938111176128
"23",1994,23,0.00171448662852669
"24",1994,24,0.00163691037036997
"25",1994,25,0.00145763559236851
"26",1994,26,0.0330609379047513
"27",1994,27,0.0347164958656189
"28",1994,28,0.0315137901332483
"29",1994,29,0.0309964125118461
"30",1994,30,0.0237834117145154
"31",1994,31,0.022486144131096
"32",1994,32,0.0298636604845429
"33",1994,33,0.0338098443611087
"34",1994,34,0.0352986944053747
"35",1994,35,0.0361127236395058
"36",1994,36,0.0403340430582581
"37",1994,37,0.046365130387031
"38",1994,38,0.0352080700054404
"39",1994,39,0.0266862237968857
"40",1994,40,0.0305811776798151
"41",1994,41,0.0453693146599458
"42",1994,42,0.0521140978774742
"43",1994,43,0.0415547373113438
"44",1994,44,0.051787080444035
"45",1994,45,0.0635131906457999
"46",1994,46,0.060168079409809
"47",1994,47,0.0725169201639221
"48",1994,48,0.0735128215927789
"49",1994,49,0.0819538022472326
"50",1994,50,0.0683972223798195
"51",1994,51,0.0618651266462687
"52",1994,52,0.0559474278883412
"53",1994,53,0.0520258283184569
"54",1994,54,0.0571374115989741
"55",1994,55,0.0698301160682159
"56",1994,56,0.0434776819748209
"57",1994,57,0.0691127082055202
"58",1994,58,0.0981239637711048
"59",1994,59,0.0991155400003219
"60",1994,60,0.0875945393615554
"61",1994,61,0.100294655201572
"62",1994,62,0.0786913429617737
"63",1994,63,0.0826247500789084
"64",1994,64,0.109259913703043
"65",1994,65,0.101638661973027
"66",1994,66,0.0629148448133209
"67",1994,67,0.0671924493489793
"68",1994,68,0.0763819948493262
"69",1994,69,0.0919034228973719
"70",1994,70,0.0859541745376171
"71",1994,71,0.0780381711466876
"72",1994,72,0.0865246002235281
"73",1994,73,0.0977752792226105
"74",1994,74,0.086670885602213
"75",1994,75,0.0155265926524319
"76",1994,76,0.0132767689461188
"77",1994,77,0.0133387807878129
"78",1994,78,0.0152704407152305
"79",1994,79,0.012483749513816
"80",1994,80,0.0142857277340676
"81",1994,81,0.0156649049385162
"82",1994,82,0.0140749171788464
"83",1994,83,0.0123945705072874
"84",1994,84,0.114996489071055
"85",1994,85,0.0795419982087229
"86",1994,86,0.064875446664679
"87",1994,87,0.07850339154197
"88",1994,88,0.0179367568076072
"89",1994,89,0.0205168412636133
"90",1994,90,0.0231140456862545
"91",1994,91,0.0236037395653213
"92",1994,92,0.0228111099808541
"93",1994,93,0.0237459160910645
"94",1994,94,0.0205341317836496
"95",1994,95,0.0168128012016745
"96",1994,96,0.0196023400532254
"97",1994,97,0.022922193724762
"98",1994,98,0.0232024906180071
"99",1994,99,0.144981062459419
"100",1994,100,0.147480013552778
"101",1994,101,0.115750345725395
"102",1994,102,0.142155738845509
"103",1994,103,0.163522116505621
"104",1994,104,0.153330809549237
"105",1994,105,0.152073810534085
"106",1994,106,0.166069063629565
"107",1994,107,0.0610253965456136
"108",1994,108,0.0584813156122309
"109",1994,109,0.055984042076818
"110",1994,110,0.0579256881797543
"111",1994,111,0.0577967563935325
"112",1994,112,0.0592500504642142
"113",1994,113,0.059625326195381
"114",1994,114,0.0615004597500097
"115",1994,115,0.200137116699476
"116",1994,116,0.135406155967238
"117",1994,117,0.118554122986833
"118",1994,118,0.134231604629689
"119",1994,119,0.136054359433508
"120",1994,120,0.16595505492671
"121",1994,121,0.1879089580799
"122",1994,122,0.218573385370992
"123",1994,123,0.22409345929391
"124",1994,124,0.208455515064286
"125",1994,125,0.23287859102409
"126",1994,126,0.0970514970508402
"127",1994,127,0.271444354898309
"128",1994,128,0.214561795081779
"129",1994,129,0.0894135826203928
"130",1994,130,0.0890642540698995
"131",1994,131,0.0869681410262494
"132",1994,132,0.0896015119181319
"133",1994,133,0.271321285604469
"134",1994,134,0.239992427364289
"135",1994,135,0.260132944454827
"136",1994,136,0.281951330270993
"137",1994,137,0.231568958257731
"138",1994,138,0.124900138100499
"139",1994,139,0.124289803573016
"140",1994,140,0.116728123465712
"141",1994,141,0.100485593877913
"142",1994,142,0.0795729500545452
"143",1994,143,0.0623353357599177
"144",1994,144,0.0531294346066884
"145",1994,145,0.225988564444559
"146",1994,146,0.0835187426737274
"147",1994,147,0.0321352595811895
"148",1994,148,0.239836010341156
"149",1994,149,0.114630040544859
"150",1994,150,0.0299958326860162
"151",1994,151,0.335767344104197
"152",1994,152,0.321916889644846
"153",1994,153,0.313516177264788
"154",1994,154,0.213148080378036
"155",1994,155,0.0355239499710103
"156",1994,156,0.0290003472606039
"157",1994,157,0.0297365304451466
"158",1994,158,0.0277637266302433
"159",1994,159,0.0169375242231592
"160",1994,160,0.0146663413116892
"161",1994,161,0.0150854595640203
"162",1994,162,0.0152922915290015
"163",1994,163,0.0152782270129339
"164",1994,164,0.0134971838196361
"165",1994,165,0.0136045443233118
"166",1994,166,0.0104318868288523
"167",1994,167,0.0100439315823082
"168",1994,168,0.00986478805375608
"169",1994,169,0.00970075435035528
"170",1994,170,0.00845528499318757
"171",1994,171,0.391541521046433
"172",1994,172,0.356317814343823
"173",1994,173,0.384653723002495
"174",1994,174,0.339514205571149
"175",1994,175,0.165478683687165
"176",1994,176,0.0155515490799447
"177",1994,177,0.0154626208521696
"178",1994,178,0.0148549769317663
"179",1994,179,0.0132848302475446
"180",1994,180,0.0131528785038974
"181",1994,181,0.00880644514942827
"182",1994,182,0.0081957638564109
"183",1994,183,0.107893978163267
"184",1994,184,0.220909737669607
"185",1994,185,0.0120081891753034
"186",1994,186,0.00693438714277345
"187",1994,187,0.0055507114168705
"188",1994,188,0.00485195798514647
"189",1994,189,0.00434604959192854
"190",1994,190,0.00386269591883977
"191",1994,191,0.00396757882461637
"192",1994,192,0.333331254333649
"193",1994,193,0.194630849426572
"194",1994,194,0.354845728885563
"195",1994,195,0.338241512986942
"196",1994,196,0.246813501958928
"197",1994,197,0.326077082827505
"198",1994,198,0.195993341222124
"199",1994,199,0.0662664873441451
"200",1994,200,0.00212573757929117
"201",1994,201,0.00153979665466928
"202",1994,202,0.00152986052831506
"203",1994,203,0.0016024497510033
"204",1994,204,0.314543154066105
"205",1994,205,0.391298012855545
"206",1994,206,0.353379834935446
"207",1994,207,0.331417048991658
"208",1994,208,0.288353876643439
"209",1994,209,0.133669362492765
"210",1994,210,0.0600934329499044
"211",1994,211,0.00840000245341971
"212",1994,212,0.00807873526265365
"213",1994,213,0.373685311500677
"214",1994,214,0.330939017620353
"215",1994,215,0.369777551434715
"216",1994,216,0.245795469844298
"217",1994,217,0.107066243185192
"218",1994,218,0.00772772678800811
"219",1994,219,0.00663307260586602
"220",1994,220,0.00623242144457491
"221",1994,221,0.00623706821795688
"222",1994,222,0.284964588155923
"223",1994,223,0.353647198490449
"224",1994,224,0.24502741431457
"225",1994,225,0.379529433831265
"226",1994,226,0.335203588685992
"227",1994,227,0.34378877498419
"228",1994,228,0.348055551108718
"229",1994,229,0.19894749496973
"230",1994,230,0.178533768785288
"231",1994,231,0.116814679602877
"232",1994,232,0.0591427582549165
"233",1994,233,0.0152447192092852
"234",1994,234,0.158512483805144
"235",1994,235,0.00485685464939223
"236",1994,236,0.00472517719121849
"237",1994,237,0.00457524467655439
"238",1994,238,0.00442535184853562
"239",1994,239,0.0042836769381773
"240",1994,240,0.155260455322034
"241",1994,241,0.00392725434245104
"242",1994,242,0.00368287413904428
"243",1994,243,0.186459130598601
"244",1994,244,0.107465986367096
"245",1994,245,0.00335971391650594
"246",1994,246,0.00327127340286429
"247",1994,247,0.00320310887409218
"248",1994,248,0.00296569957733098
"249",1994,249,0.00295342859897965
"250",1994,250,0.00287748934514392
"251",1994,251,0.00278683358651962
"252",1994,252,0.00271133102582835
"253",1994,253,0.00267559707010668
"254",1994,254,0.00206824431833176
"255",1994,255,0.00200641817838102
"256",1994,256,0.217385968358762
"257",1994,257,0.142641477937095
"258",1994,258,0.0972841954435815
"259",1994,259,0.00464981905184656
"260",1994,260,0.00247197573460414
"261",1994,261,0.00151618833124605
"262",1994,262,0.00142186666196676
"263",1994,263,0.00135106102798461
"264",1994,264,0.149135744090003
"265",1994,265,0.100145187347552
"266",1994,266,0.0954082693387435
"267",1994,267,0.0133987914182917
"268",1994,268,0.0075759252328914
"269",1994,269,0.00618075838449982
"270",1994,270,0.00526556100453837
"271",1994,271,0.00479119862412036
"272",1994,272,0.00435151455874186
"273",1994,273,0.00382754570359505
"274",1994,274,0.00101563072692688
"275",1994,275,0.121322061096421
"276",1994,276,0.128575806851068
"277",1994,277,0.130838655158983
"278",1994,278,0.143042502882951
"279",1994,279,0.105104151136798
"280",1994,280,0.124396569177065
"281",1994,281,0.0915342912861697
"282",1994,282,0.0949309995067538
"283",1994,283,0.0964341945928915
"284",1994,284,0.0955191122448468
"285",1994,285,0.0926264087465563
"286",1994,286,0.0728686654018083
"287",1994,287,0.0716385680212192
"288",1994,288,0.0989873084038319
"289",1994,289,0.0971493100685815
"290",1994,290,0.0890842764623527
"291",1994,291,0.0669769249855292
"292",1994,292,0.0674392846701799
"293",1994,293,0.0661063418795812
"294",1994,294,0.0682633115421776
"295",1994,295,0.0614235093450279
"296",1994,296,0.0624331985401169
"297",1994,297,0.0521752548546126
"298",1994,298,0.054256070829454
"299",1994,299,0.0597556492695966
"300",1994,300,0.0642107963425207
"301",1994,301,0.0655874971916915
"302",1994,302,0.0466256764887627
"303",1994,303,0.0382920009985692
"304",1994,304,0.0165833131124051
"305",1994,305,0.016606205001085
"306",1994,306,0.0113740705685593
"307",1994,307,0.0444213579777423
"308",1994,308,0.0439203664013507
"309",1994,309,0.0407168584104929
"310",1994,310,0.0425616732911163
"311",1994,311,0.0481350630328417
"312",1994,312,0.0622783207875644
"313",1994,313,0.0322140345074434
"314",1994,314,0.036482291121989
"315",1994,315,0.0412861916119711
"316",1994,316,0.0409990649770751
"317",1994,317,0.0624421277155055
"318",1994,318,0.0251437469622164
"319",1994,319,0.0239808298045473
"320",1994,320,0.0290721758810053
"321",1994,321,0.0234808426175872
"322",1994,322,0.0182465544318851
"323",1994,323,0.0198043110243103
"324",1994,324,0.0252196206530737
"325",1994,325,0.0199812573705381
"326",1994,326,0.017465338024273
"327",1994,327,0.0241129944961831
"328",1994,328,0.0258491836787191
"329",1994,329,0.0250103497537498
"330",1994,330,0.023593806891782
"331",1994,331,0.0178966797764008
"332",1994,332,0.0160224852870335
"333",1994,333,0.0167931969671648
"334",1994,334,0.0238034522403431
"335",1994,335,0.0271629619565943
"336",1994,336,0.0230412945964551
"337",1994,337,0.0100605879426092
"338",1994,338,0.00439999305359257
"339",1994,339,0.00251659526712296
"340",1994,340,0.0206557134432464
"341",1994,341,0.021291990366019
"342",1994,342,0.0181869803933391
"343",1994,343,0.0173481452774756
"344",1994,344,0.0173686539609669
"345",1994,345,0.0210076670668865
"346",1994,346,0.0211314045452173
"347",1994,347,0.0215474617687528
"348",1994,348,0.0204638944267183
"349",1994,349,0.0195337691356534
"350",1994,350,0.0221046654639759
"351",1994,351,0.0158598187324689
"352",1994,352,0.00254429778160642
"353",1994,353,0.00200469272843681
"354",1994,354,0.00192194862518337
"355",1994,355,0.002100321203169
"356",1994,356,0.0018015541263262
"357",1994,357,0.00125879675512904
"358",1994,358,0.00156935229890392
"359",1994,359,0.00157013381234342
"360",1994,360,0.00148782236216646
"361",1994,361,0.00130122482983171
"362",1994,362,0.00118288308497034
"363",1994,363,0.0267389114053618
"364",1994,364,0.0193055218345986
"365",1994,365,0.0128872298680266
"366",1994,366,0.0323406130009569
"367",1995,1,0.0126865796660924
"368",1995,2,0.0149962714115872
"369",1995,3,0.0128973622390282
"370",1995,4,0.0120007106667614
"371",1995,5,0.0186875857965574
"372",1995,6,0.0199159482493258
"373",1995,7,0.0225170795298014
"374",1995,8,0.0311046817537472
"375",1995,9,0.034438156085107
"376",1995,10,0.0368407190331067
"377",1995,11,0.0383714648204824
"378",1995,12,0.034512840021195
"379",1995,13,0.0342073693535462
"380",1995,14,0.0377904246771905
"381",1995,15,0.0404985648849991
"382",1995,16,0.0331631475059848
"383",1995,17,0.0287277375484973
"384",1995,18,0.0255617800271654
"385",1995,19,0.0317681003816139
"386",1995,20,0.0339925495254202
"387",1995,21,0.0294929588165164
"388",1995,22,0.0281171004321938
"389",1995,23,0.0340108659131711
"390",1995,24,0.0370900562809909
"391",1995,25,0.0453308669560473
"392",1995,26,0.0327620137004668
"393",1995,27,0.00210500444873195
"394",1995,28,0.0437451403789963
"395",1995,29,0.038587217864206
"396",1995,30,0.046854783723038
"397",1995,31,0.0563146170855338
"398",1995,32,0.00584741507469792
"399",1995,33,0.00265503012242433
"400",1995,34,0.00220827218414726
"401",1995,35,0.00231160910437019
"402",1995,36,0.0019671878572607
"403",1995,37,0.00199797532141622
"404",1995,38,0.00164483872957229
"405",1995,39,0.00155546758941009
"406",1995,40,0.00176507709450136
"407",1995,41,0.0431695984025575
"408",1995,42,0.02677055490856
"409",1995,43,0.0261708462544341
"410",1995,44,0.0283550534606945
"411",1995,45,0.0421230880761957
"412",1995,46,0.03962780101952
"413",1995,47,0.0500801791815793
"414",1995,48,0.0688526114407756
"415",1995,49,0.0747669473568414
"416",1995,50,0.0779896605849621
"417",1995,51,0.0909113913400978
"418",1995,52,0.0928931597867136
"419",1995,53,0.0945572756830099
"420",1995,54,0.0870288108815073
"421",1995,55,0.0731488802178009
"422",1995,56,0.0761095885276712
"423",1995,57,0.0758286000065275
"424",1995,58,0.0857437027847151
"425",1995,59,0.0502234947365924
"426",1995,60,0.0448513627787818
"427",1995,61,0.044391918507206
"428",1995,62,0.0732688542851014
"429",1995,63,0.0594156159074241
"430",1995,64,0.0906101412449766
"431",1995,65,0.0677471097187553
"432",1995,66,0.0677104831519574
"433",1995,67,0.0540613492410006
"434",1995,68,0.0845754768694995
"435",1995,69,0.095962786601439
"436",1995,70,0.0999209269898633
"437",1995,71,0.0929570174908418
"438",1995,72,0.0904615162947931
"439",1995,73,0.0917493380124686
"440",1995,74,0.090589329371476
"441",1995,75,0.0160700566463409
"442",1995,76,0.0151308840336745
"443",1995,77,0.0150617384040308
"444",1995,78,0.0144359552638913
"445",1995,79,0.0146868954753442
"446",1995,80,0.0178706823630148
"447",1995,81,0.0164004967509835
"448",1995,82,0.0155758843308819
"449",1995,83,0.0171593662540484
"450",1995,84,0.015362568599461
"451",1995,85,0.0146795190643985
"452",1995,86,0.0151240569950438
"453",1995,87,0.013143596502509
"454",1995,88,0.0969807517322607
"455",1995,89,0.0265901278419356
"456",1995,90,0.0246560357566318
"457",1995,91,0.0273464189550646
"458",1995,92,0.0274819680227269
"459",1995,93,0.0269334541104399
"460",1995,94,0.0303212978220873
"461",1995,95,0.0306548950627709
"462",1995,96,0.0283802786330288
"463",1995,97,0.0319778031844203
"464",1995,98,0.0331103582783998
"465",1995,99,0.0255690139910257
"466",1995,100,0.092505962697074
"467",1995,101,0.0969725963453566
"468",1995,102,0.0471260278577064
"469",1995,103,0.039597298346196
"470",1995,104,0.0371578058775246
"471",1995,105,0.0306794040629071
"472",1995,106,0.162769671532184
"473",1995,107,0.150597489375639
"474",1995,108,0.16463670189587
"475",1995,109,0.122642545087883
"476",1995,110,0.173150802485922
"477",1995,111,0.137973825053878
"478",1995,112,0.137089062241583
"479",1995,113,0.163839192772565
"480",1995,114,0.154730679904584
"481",1995,115,0.19152357410062
"482",1995,116,0.167591986449195
"483",1995,117,0.161750076458806
"484",1995,118,0.207225181162635
"485",1995,119,0.185406029394287
"486",1995,120,0.209378132829745
"487",1995,121,0.168976373526163
"488",1995,122,0.211582797577964
"489",1995,123,0.210327054817352
"490",1995,124,0.190968024276422
"491",1995,125,0.203252099803882
"492",1995,126,0.219248247791815
"493",1995,127,0.243125365793143
"494",1995,128,0.224751773372469
"495",1995,129,0.205354064588488
"496",1995,130,0.212489305852633
"497",1995,131,0.228635688596159
"498",1995,132,0.260662361125414
"499",1995,133,0.248804728551696
"500",1995,134,0.208829147054118
"501",1995,135,0.257421344320624
"502",1995,136,0.288459785751501
"503",1995,137,0.25248475278958
"504",1995,138,0.26434613274788
"505",1995,139,0.285847945931471
"506",1995,140,0.277012113789198
"507",1995,141,0.297174901881582
"508",1995,142,0.264208951293282
"509",1995,143,0.230547370241994
"510",1995,144,0.239730137408993
"511",1995,145,0.257139988557234
"512",1995,146,0.28708322000929
"513",1995,147,0.278520888995982
"514",1995,148,0.280262263265907
"515",1995,149,0.278595429730554
"516",1995,150,0.277408419752414
"517",1995,151,0.317183827115892
"518",1995,152,0.304042380138018
"519",1995,153,0.337029942966094
"520",1995,154,0.336231322616402
"521",1995,155,0.325408131856172
"522",1995,156,0.322673369348498
"523",1995,157,0.353822786526933
"524",1995,158,0.331454199688199
"525",1995,159,0.299162390150959
"526",1995,160,0.316441773257347
"527",1995,161,0.310761751315154
"528",1995,162,0.296058806300742
"529",1995,163,0.349974385619369
"530",1995,164,0.369989233676275
"531",1995,165,0.380861021636253
"532",1995,166,0.370818565643458
"533",1995,167,0.327443071658719
"534",1995,168,0.388499383830654
"535",1995,169,0.33916501744805
"536",1995,170,0.35323465396
"537",1995,171,0.366880626527835
"538",1995,172,0.401638366231174
"539",1995,173,0.381766821834542
"540",1995,174,0.374960535477287
"541",1995,175,0.359725772849119
"542",1995,176,0.362461507297651
"543",1995,177,0.346313690615065
"544",1995,178,0.399078909901758
"545",1995,179,0.354037034373917
"546",1995,180,0.328868224756162
"547",1995,181,0.298679802032793
"548",1995,182,0.330558704947262
"549",1995,183,0.371861956242186
"550",1995,184,0.336634855896971
"551",1995,185,0.329914251078269
"552",1995,186,0.336431013091302
"553",1995,187,0.356870906962666
"554",1995,188,0.346887731577014
"555",1995,189,0.216075061327532
"556",1995,190,0.218517033895314
"557",1995,191,0.21887851647012
"558",1995,192,0.220339308993175
"559",1995,193,0.21786118503702
"560",1995,194,0.410779537512803
"561",1995,195,0.371737872428868
"562",1995,196,0.333937269503423
"563",1995,197,0.333232765804194
"564",1995,198,0.383446334913188
"565",1995,199,0.334103555315705
"566",1995,200,0.369539220072801
"567",1995,201,0.369501721841042
"568",1995,202,0.380587589392174
"569",1995,203,0.339657881744541
"570",1995,204,0.33957354801107
"571",1995,205,0.341065598815733
"572",1995,206,0.20795146926623
"573",1995,207,0.218713643362945
"574",1995,208,0.218468187464463
"575",1995,209,0.22086920677988
"576",1995,210,0.224159296143814
"577",1995,211,0.220012174700201
"578",1995,212,0.179660656724244
"579",1995,213,0.192482209348916
"580",1995,214,0.209739267530368
"581",1995,215,0.207595695554854
"582",1995,216,0.2908678816482
"583",1995,217,0.36958779683693
"584",1995,218,0.249958028790632
"585",1995,219,0.230717787831626
"586",1995,220,0.231435094995846
"587",1995,221,0.206322336954894
"588",1995,222,0.222619790246324
"589",1995,223,0.417799809206297
"590",1995,224,0.404590742075501
"591",1995,225,0.331106634581801
"592",1995,226,0.184283094255883
"593",1995,227,0.18915074229566
"594",1995,228,0.185808978826603
"595",1995,229,0.152607104448302
"596",1995,230,0.125743021775003
"597",1995,231,0.100360520336657
"598",1995,232,0.0858072130253555
"599",1995,233,0.0774218080241231
"600",1995,234,0.0695073661034111
"601",1995,235,0.0629469178884847
"602",1995,236,0.287724256983144
"603",1995,237,0.158310046189034
"604",1995,238,0.0286092236542319
"605",1995,239,0.0283930223461182
"606",1995,240,0.0270632214211762
"607",1995,241,0.0261748129239506
"608",1995,242,0.0238834847998034
"609",1995,243,0.0224385822365598
"610",1995,244,0.022333563310193
"611",1995,245,0.21266052383516
"612",1995,246,0.203154366473637
"613",1995,247,0.030159392712474
"614",1995,248,0.173460152183577
"615",1995,249,0.0746752527939527
"616",1995,250,0.0182463425263274
"617",1995,251,0.223001323519133
"618",1995,252,0.211586818427801
"619",1995,253,0.168367483158227
"620",1995,254,0.203017760285143
"621",1995,255,0.139287162097287
"622",1995,256,0.0742003694197903
"623",1995,257,0.00644042599876935
"624",1995,258,0.00637774338757526
"625",1995,259,0.0059467104516443
"626",1995,260,0.00573202698382237
"627",1995,261,0.205904859596598
"628",1995,262,0.173130259958724
"629",1995,263,0.153671150220667
"630",1995,264,0.101964743842628
"631",1995,265,0.12123122007571
"632",1995,266,0.158911497376345
"633",1995,267,0.125405118805894
"634",1995,268,0.130800049702497
"635",1995,269,0.137040347456314
"636",1995,270,0.14512547607154
"637",1995,271,0.135951537638327
"638",1995,272,0.157282558087234
"639",1995,273,0.147498859658897
"640",1995,274,0.1174827826048
"641",1995,275,0.106955214235864
"642",1995,276,0.11084738782299
"643",1995,277,0.128240167577769
"644",1995,278,0.0888598045633853
"645",1995,279,0.0875916297266561
"646",1995,280,0.0946131099147124
"647",1995,281,0.0940819321934248
"648",1995,282,0.0907620505251094
"649",1995,283,0.0960991771435725
"650",1995,284,0.100730913546812
"651",1995,285,0.0937402416554087
"652",1995,286,0.0264399837280406
"653",1995,287,0.0250673183985367
"654",1995,288,0.0266490635509096
"655",1995,289,0.0258807076837794
"656",1995,290,0.0224462440182749
"657",1995,291,0.0224472695751586
"658",1995,292,0.0175049346333421
"659",1995,293,0.0166263775335895
"660",1995,294,0.0182483116061183
"661",1995,295,0.083569493428051
"662",1995,296,0.0488140776963568
"663",1995,297,0.0497610739879657
"664",1995,298,0.0519367144034532
"665",1995,299,0.0557109714248521
"666",1995,300,0.0534160727369579
"667",1995,301,0.0476183150210667
"668",1995,302,0.0452822020278384
"669",1995,303,0.0459082671144476
"670",1995,304,0.0708738657147872
"671",1995,305,0.0402934825637115
"672",1995,306,0.0285951884516588
"673",1995,307,0.036419105036886
"674",1995,308,0.0431669425861763
"675",1995,309,0.0416944016278472
"676",1995,310,0.0402186305552162
"677",1995,311,0.0343967771892457
"678",1995,312,0.0419862853868463
"679",1995,313,0.0419449541307199
"680",1995,314,0.0367151121825664
"681",1995,315,0.0328022212545024
"682",1995,316,0.066578010978275
"683",1995,317,0.0597844222417574
"684",1995,318,0.0387979126505926
"685",1995,319,0.0331690891386068
"686",1995,320,0.0349102803409557
"687",1995,321,0.0321149721673648
"688",1995,322,0.035748696991369
"689",1995,323,0.0318645349063571
"690",1995,324,0.0274158328689334
"691",1995,325,0.0274606682555534
"692",1995,326,0.0291953243384465
"693",1995,327,0.0299392561660369
"694",1995,328,0.0320598917970037
"695",1995,329,0.0344817939048913
"696",1995,330,0.0314697769805545
"697",1995,331,0.0169001783478085
"698",1995,332,0.0178272857482441
"699",1995,333,0.0259852878858352
"700",1995,334,0.0328905153253092
"701",1995,335,0.0284772586335814
"702",1995,336,0.0275833096280476
"703",1995,337,0.0216891694495116
"704",1995,338,0.0220977706922309
"705",1995,339,0.00849879820507243
"706",1995,340,0.00464375337819457
"707",1995,341,0.00358507104393452
"708",1995,342,0.00185008775956797
"709",1995,343,0.00172908115815481
"710",1995,344,0.00272147689187843
"711",1995,345,0.00304567873330151
"712",1995,346,0.0025028736654856
"713",1995,347,0.00235020232199707
"714",1995,348,0.0019266250048435
"715",1995,349,0.00159520183614023
"716",1995,350,0.00148750832437388
"717",1995,351,0.0204508011566989
"718",1995,352,0.018937778551284
"719",1995,353,0.00868035737862943
"720",1995,354,0.00102939073879649
"721",1995,355,0.0175613108701265
"722",1995,356,0.015533905739213
"723",1995,357,0.015836603856922
"724",1995,358,0.020621108801161
"725",1995,359,0.026711650400552
"726",1995,360,0.0261333348174795
"727",1995,361,0.0209475836378307
"728",1995,362,0.0213968462682454
"729",1995,363,0.0124806637583691
"730",1995,364,0.00115366361667344
"731",1995,365,0.0245961171767461
"732",1996,1,0.0195702362822346
"733",1996,2,0.0177446313495931
"734",1996,3,0.024750675913314
"735",1996,4,0.0199572401321014
"736",1996,5,0.0124784158784101
"737",1996,6,0.0131590488863822
"738",1996,7,0.0211869664363431
"739",1996,8,0.0336989475798888
"740",1996,9,0.0328105956436315
"741",1996,10,0.0332592240343697
"742",1996,11,0.0316812462709643
"743",1996,12,0.039043341837043
"744",1996,13,0.0419246312660929
"745",1996,14,0.039474038290908
"746",1996,15,0.039240845234274
"747",1996,16,0.041592673259883
"748",1996,17,0.02773663251026
"749",1996,18,0.0171984051932217
"750",1996,19,0.0261935490958661
"751",1996,20,0.000398851978236602
"752",1996,21,0.00180810815760504
"753",1996,22,0.024567313167693
"754",1996,23,0.0211280299054751
"755",1996,24,0.0294066528900855
"756",1996,25,0.0232759532557107
"757",1996,26,0.0177539525915851
"758",1996,27,0.0244110265183312
"759",1996,28,0.0323076215088377
"760",1996,29,0.0299732888637052
"761",1996,30,0.0177158906196629
"762",1996,31,0.0187174188623326
"763",1996,32,0.0158488786306886
"764",1996,33,0.0118296792843514
"765",1996,34,0.0154585463706552
"766",1996,35,0.0310598890119716
"767",1996,36,0.0511585281083448
"768",1996,37,0.0619316931659717
"769",1996,38,0.0722584809430739
"770",1996,39,0.0741328046856815
"771",1996,40,0.0782477082341257
"772",1996,41,0.061343029531525
"773",1996,42,0.0586747473126175
"774",1996,43,0.0650348104024786
"775",1996,44,0.0735917576640913
"776",1996,45,0.0743585599635313
"777",1996,46,0.0603183722361968
"778",1996,47,0.070483353739275
"779",1996,48,0.0784918011091814
"780",1996,49,0.0855757771493252
"781",1996,50,0.0644310374865623
"782",1996,51,0.0855256508647867
"783",1996,52,0.0622287231687266
"784",1996,53,0.0071676336274598
"785",1996,54,0.00542298512888902
"786",1996,55,0.00619420563291572
"787",1996,56,0.00543766816688045
"788",1996,57,0.0479267274703081
"789",1996,58,0.0377562495739572
"790",1996,59,0.0212017560724171
"791",1996,60,0.0040872099569385
"792",1996,61,0.00558132519322093
"793",1996,62,0.00736775373287098
"794",1996,63,0.00781509229446238
"795",1996,64,0.00861315028162164
"796",1996,65,0.00624371623508563
"797",1996,66,0.00388176709912041
"798",1996,67,0.0539372500540097
"799",1996,68,0.0661673289350988
"800",1996,69,0.00846467276859049
"801",1996,70,0.0108983756363256
"802",1996,71,0.0115306256640458
"803",1996,72,0.0111710565828329
"804",1996,73,0.109591698217579
"805",1996,74,0.100882769387668
"806",1996,75,0.0808432877541357
"807",1996,76,0.108618558036503
"808",1996,77,0.0790579428459095
"809",1996,78,0.0743685329388143
"810",1996,79,0.0747894618324747
"811",1996,80,0.0835007535681938
"812",1996,81,0.0916517547513858
"813",1996,82,0.0977978696964276
"814",1996,83,0.124240369237498
"815",1996,84,0.0521418854837761
"816",1996,85,0.0447466852098249
"817",1996,86,0.0723100594456486
"818",1996,87,0.0962534559970046
"819",1996,88,0.110678944571347
"820",1996,89,0.110016595546348
"821",1996,90,0.107755320248842
"822",1996,91,0.112630741165752
"823",1996,92,0.12853149907559
"824",1996,93,0.115050691550377
"825",1996,94,0.148572123887253
"826",1996,95,0.13223194566609
"827",1996,96,0.114263101767218
"828",1996,97,0.13295540903206
"829",1996,98,0.180155271224464
"830",1996,99,0.154190314304652
"831",1996,100,0.0466599931689915
"832",1996,101,0.0485372506899277
"833",1996,102,0.175806665236652
"834",1996,103,0.171176598528741
"835",1996,104,0.15322603141834
"836",1996,105,0.128584779931396
"837",1996,106,0.144512637530631
"838",1996,107,0.16699116112586
"839",1996,108,0.169765219480864
"840",1996,109,0.15950709000429
"841",1996,110,0.147022874536271
"842",1996,111,0.109080771817435
"843",1996,112,0.0484341662850567
"844",1996,113,0.0492803221852704
"845",1996,114,0.0608671312344369
"846",1996,115,0.0739600692301517
"847",1996,116,0.0648642270193542
"848",1996,117,0.0665108993576089
"849",1996,118,0.0626797853864665
"850",1996,119,0.144689112283652
"851",1996,120,0.0608331372841003
"852",1996,121,0.0684941827929318
"853",1996,122,0.0729738327113252
"854",1996,123,0.0802444093739813
"855",1996,124,0.0835608514174499
"856",1996,125,0.0869429435852361
"857",1996,126,0.0828612090583456
"858",1996,127,0.0936223588944109
"859",1996,128,0.0947177470609098
"860",1996,129,0.128162775042295
"861",1996,130,0.247260046428533
"862",1996,131,0.21222877315075
"863",1996,132,0.245090908927403
"864",1996,133,0.214028916939212
"865",1996,134,0.117028230800993
"866",1996,135,0.126195726898162
"867",1996,136,0.131666454930762
"868",1996,137,0.138449693855993
"869",1996,138,0.131108108674059
"870",1996,139,0.134754876510127
"871",1996,140,0.296532839073968
"872",1996,141,0.245972096090463
"873",1996,142,0.180775775016565
"874",1996,143,0.0956015914536619
"875",1996,144,0.301263825853584
"876",1996,145,0.27682598353795
"877",1996,146,0.266885717410142
"878",1996,147,0.261720240685513
"879",1996,148,0.265505167728072
"880",1996,149,0.257858990101879
"881",1996,150,0.275550762111518
"882",1996,151,0.303814682993617
"883",1996,152,0.296279183321592
"884",1996,153,0.293200704791796
"885",1996,154,0.292548512840689
"886",1996,155,0.291286130559461
"887",1996,156,0.195335088922125
"888",1996,157,0.198551756819732
"889",1996,158,0.187374093080394
"890",1996,159,0.181524269149293
"891",1996,160,0.19963430764866
"892",1996,161,0.391844351120202
"893",1996,162,0.396870282019709
"894",1996,163,0.348249318822334
"895",1996,164,0.21031882840659
"896",1996,165,0.216116817597559
"897",1996,166,0.39603326793242
"898",1996,167,0.368879333755285
"899",1996,168,0.355486733441407
"900",1996,169,0.395945499566415
"901",1996,170,0.307224586089285
"902",1996,171,0.209230723174308
"903",1996,172,0.389664441724639
"904",1996,173,0.388030864496454
"905",1996,174,0.387789442184055
"906",1996,175,0.35010377226059
"907",1996,176,0.36698451784839
"908",1996,177,0.352603004106996
"909",1996,178,0.402220680009702
"910",1996,179,0.215269758162955
"911",1996,180,0.392620079130572
"912",1996,181,0.30117297661107
"913",1996,182,0.186612887204428
"914",1996,183,0.0983471796524661
"915",1996,184,0.0746666813001734
"916",1996,185,0.0722088504524979
"917",1996,186,0.0540580079200982
"918",1996,187,0.326698300914463
"919",1996,188,0.359164918307328
"920",1996,189,0.252400554330684
"921",1996,190,0.114540526889812
"922",1996,191,0.359252256776582
"923",1996,192,0.353928007082759
"924",1996,193,0.352718855169534
"925",1996,194,0.38727945490386
"926",1996,195,0.37182228486289
"927",1996,196,0.327181430788814
"928",1996,197,0.347346482729515
"929",1996,198,0.397912496257791
"930",1996,199,0.361211587182287
"931",1996,200,0.178271961713486
"932",1996,201,0.142594279905788
"933",1996,202,0.083172656817319
"934",1996,203,0.0442899550859181
"935",1996,204,0.0289480457808367
"936",1996,205,0.237704034072679
"937",1996,206,0.035561238668411
"938",1996,207,0.031743054725601
"939",1996,208,0.0202741609396623
"940",1996,209,0.0189998641643342
"941",1996,210,0.321723015843385
"942",1996,211,0.344021781115935
"943",1996,212,0.255248445475098
"944",1996,213,0.150295876380187
"945",1996,214,0.0134356267907232
"946",1996,215,0.287807773270663
"947",1996,216,0.125862207757617
"948",1996,217,0.0110165808363544
"949",1996,218,0.0105483503543346
"950",1996,219,0.210320337153583
"951",1996,220,0.0239348379227974
"952",1996,221,0.0161477957592464
"953",1996,222,0.0143600805595226
"954",1996,223,0.0128648337193219
"955",1996,224,0.0119594572987762
"956",1996,225,0.0110846808018969
"957",1996,226,0.00758523083475771
"958",1996,227,0.178082350473573
"959",1996,228,0.335664751096228
"960",1996,229,0.245234917172548
"961",1996,230,0.157068338065803
"962",1996,231,0.238049973385242
"963",1996,232,0.0940065071963798
"964",1996,233,0.00367970031609308
"965",1996,234,0.0928604740097278
"966",1996,235,0.00409629164562447
"967",1996,236,0.00173870797194437
"968",1996,237,0.00169503743997484
"969",1996,238,0.00163947211657678
"970",1996,239,0.0015974103914081
"971",1996,240,0.00155314757252007
"972",1996,241,0.197777442615833
"973",1996,242,0.282889589589314
"974",1996,243,0.214528107955898
"975",1996,244,0.178449475839486
"976",1996,245,0.0924450641443275
"977",1996,246,0.00105749314571445
"978",1996,247,0.00104717850176342
"979",1996,248,0.00102732281505598
"980",1996,249,0.205301403983551
"981",1996,250,0.213874402284627
"982",1996,251,0.154614721469728
"983",1996,252,0.11424804785227
"984",1996,253,0.00514695692799466
"985",1996,254,0.00460573272002036
"986",1996,255,0.00105733709986464
"987",1996,256,0.000786483879019237
"988",1996,257,0.208118066834547
"989",1996,258,0.211693912944893
"990",1996,259,0.173920250439345
"991",1996,260,0.15710273399091
"992",1996,261,0.172290710192947
"993",1996,262,0.178830312019599
"994",1996,263,0.143783337560601
"995",1996,264,0.146068398565702
"996",1996,265,0.153469999621432
"997",1996,266,0.154385057276066
"998",1996,267,0.161805176276934
"999",1996,268,0.171470442127429
"1000",1996,269,0.155152876883782
"1001",1996,270,0.131541056964545
"1002",1996,271,0.101473586089915
"1003",1996,272,0.127101486884533
"1004",1996,273,0.130045383886986
"1005",1996,274,0.135830565843828
"1006",1996,275,0.135302630257829
"1007",1996,276,0.103757917928659
"1008",1996,277,0.140757161676714
"1009",1996,278,0.116247792627549
"1010",1996,279,0.11529131002664
"1011",1996,280,0.0424606734589288
"1012",1996,281,0.0343178144671913
"1013",1996,282,0.0314459608632804
"1014",1996,283,0.0280064119216575
"1015",1996,284,0.026948951422275
"1016",1996,285,0.0276973180405231
"1017",1996,286,0.026779047755442
"1018",1996,287,0.0242226723030194
"1019",1996,288,0.0194894997362616
"1020",1996,289,0.0167398652316271
"1021",1996,290,0.0957494172652218
"1022",1996,291,0.0529785841100471
"1023",1996,292,0.0556886146347323
"1024",1996,293,0.0246946161757188
"1025",1996,294,0.0138687129192778
"1026",1996,295,0.0102830436662497
"1027",1996,296,0.0116195267356484
"1028",1996,297,0.0114402203532932
"1029",1996,298,0.0102431215532258
"1030",1996,299,0.0780455975737656
"1031",1996,300,0.0737467300313326
"1032",1996,301,0.0428230909842005
"1033",1996,302,0.0487970879117649
"1034",1996,303,0.0482612800181335
"1035",1996,304,0.0379430314799348
"1036",1996,305,0.0265639401643763
"1037",1996,306,0.0397777130559025
"1038",1996,307,0.0437754827843399
"1039",1996,308,0.0435407289264226
"1040",1996,309,0.044601312251725
"1041",1996,310,0.0369555898091847
"1042",1996,311,0.0283416408319025
"1043",1996,312,0.0110560306194802
"1044",1996,313,0.00774694710798533
"1045",1996,314,0.00772080515432637
"1046",1996,315,0.00744563927243121
"1047",1996,316,0.0059338910200549
"1048",1996,317,0.00563761241323711
"1049",1996,318,0.00493613097694327
"1050",1996,319,0.036401032654587
"1051",1996,320,0.0310965765407008
"1052",1996,321,0.0219405563771156
"1053",1996,322,0.0213395601960884
"1054",1996,323,0.031101063396106
"1055",1996,324,0.0485973064396779
"1056",1996,325,0.0455273381113193
"1057",1996,326,0.0359764418910362
"1058",1996,327,0.0391546786781347
"1059",1996,328,0.0268436954443393
"1060",1996,329,0.0257720239657992
"1061",1996,330,0.0335846373678638
"1062",1996,331,0.0263195795718238
"1063",1996,332,0.0245746983836448
"1064",1996,333,0.0311824916748811
"1065",1996,334,0.0250694528188061
"1066",1996,335,0.0228746402856377
"1067",1996,336,0.0280570753883542
"1068",1996,337,0.0231389441746988
"1069",1996,338,0.0211534488567994
"1070",1996,339,0.0201449301920387
"1071",1996,340,0.0273685059172626
"1072",1996,341,0.0244108279480641
"1073",1996,342,0.0269306722392997
"1074",1996,343,0.0322036311976353
"1075",1996,344,0.0358304076528407
"1076",1996,345,0.0250703274341502
"1077",1996,346,0.0227001317152274
"1078",1996,347,0.021667767674456
"1079",1996,348,0.0210784984207719
"1080",1996,349,0.0154093217270132
"1081",1996,350,0.0135864610662812
"1082",1996,351,0.0132290529696506
"1083",1996,352,0.00826751788145353
"1084",1996,353,0.00808908471470423
"1085",1996,354,0.0103589037725274
"1086",1996,355,0.0153818463919625
"1087",1996,356,0.0187375281693607
"1088",1996,357,0.0170175590720356
"1089",1996,358,0.0115655652092682
"1090",1996,359,0.0148188965990576
"1091",1996,360,0.0163110816990096
"1092",1996,361,0.0137691376919832
"1093",1996,362,0.0225834818954668
"1094",1996,363,0.0231626260309142
"1095",1996,364,0.0244428050096074
"1096",1996,365,0.0242404563737975
"1097",1997,1,0.0254787082718161
"1098",1997,2,0.0294338922009564
"1099",1997,3,0.0212397644939071
"1100",1997,4,0.00467204931806724
"1101",1997,5,0.00227511744282041
"1102",1997,6,0.00193706082796255
"1103",1997,7,0.00195725977454607
"1104",1997,8,0.00201931065404296
"1105",1997,9,0.0221380546341084
"1106",1997,10,0.0138754691233216
"1107",1997,11,0.0101519180111267
"1108",1997,12,0.00779648441144723
"1109",1997,13,0.00976153356696434
"1110",1997,14,0.0153005103944004
"1111",1997,15,0.0222568860898403
"1112",1997,16,0.0174749859900626
"1113",1997,17,0.0209743840189976
"1114",1997,18,0.0325883629730925
"1115",1997,19,0.0419597791344413
"1116",1997,20,0.042926634820942
"1117",1997,21,0.041159284160835
"1118",1997,22,0.038145327623623
"1119",1997,23,0.0336464971870519
"1120",1997,24,0.0309577194905398
"1121",1997,25,0.0283756065866133
"1122",1997,26,0.036638294134135
"1123",1997,27,0.0299254159734465
"1124",1997,28,0.0320399115375156
"1125",1997,29,0.0418910440199237
"1126",1997,30,0.0527589592060336
"1127",1997,31,0.0654772685867701
"1128",1997,32,0.0635519958397704
"1129",1997,33,0.0528556073473321
"1130",1997,34,0.0490112369730357
"1131",1997,35,0.0396639582744941
"1132",1997,36,0.0376815246534948
"1133",1997,37,0.0376201568383289
"1134",1997,38,0.0365105109560128
"1135",1997,39,0.0408587218841569
"1136",1997,40,0.0454884877647398
"1137",1997,41,0.0439044171741835
"1138",1997,42,0.0482114415827206
"1139",1997,43,0.0490227677198316
"1140",1997,44,0.0543746096850063
"1141",1997,45,0.059261527879392
"1142",1997,46,0.0687542977842155
"1143",1997,47,0.0765388748958573
"1144",1997,48,0.0852174131119608
"1145",1997,49,0.086890886166538
"1146",1997,50,0.0699406556745315
"1147",1997,51,0.0684352993284011
"1148",1997,52,0.0609790742815586
"1149",1997,53,0.0589524221661429
"1150",1997,54,0.0475950164367945
"1151",1997,55,0.049017628056371
"1152",1997,56,0.0658882562858638
"1153",1997,57,0.0648896637218169
"1154",1997,58,0.0694943742972578
"1155",1997,59,0.0616184477044073
"1156",1997,60,0.0622717299705899
"1157",1997,61,0.0857078253423392
"1158",1997,62,0.0824760122827953
"1159",1997,63,0.064485542518725
"1160",1997,64,0.0646198946224292
"1161",1997,65,0.0937971555370587
"1162",1997,66,0.103502996013456
"1163",1997,67,0.105947455430667
"1164",1997,68,0.00724876490540866
"1165",1997,69,0.0820758386887275
"1166",1997,70,0.0112789783824734
"1167",1997,71,0.00955719051360325
"1168",1997,72,0.065412013467128
"1169",1997,73,0.0562548507156945
"1170",1997,74,0.0726046471501876
"1171",1997,75,0.113888576630545
"1172",1997,76,0.129128449352356
"1173",1997,77,0.0980872393786271
"1174",1997,78,0.110627207930534
"1175",1997,79,0.122486522584045
"1176",1997,80,0.108519329842827
"1177",1997,81,0.105302350914701
"1178",1997,82,0.102077110791901
"1179",1997,83,0.116174883205564
"1180",1997,84,0.0829567799179669
"1181",1997,85,0.0219090395569254
"1182",1997,86,0.0223038045117505
"1183",1997,87,0.0178368169463674
"1184",1997,88,0.0165748861211186
"1185",1997,89,0.0166558807301227
"1186",1997,90,0.0172058663971963
"1187",1997,91,0.14132040537935
"1188",1997,92,0.0662802916171187
"1189",1997,93,0.120850078591041
"1190",1997,94,0.151169865228257
"1191",1997,95,0.0913820769296318
"1192",1997,96,0.0991857177714401
"1193",1997,97,0.108247743089348
"1194",1997,98,0.0885012154614494
"1195",1997,99,0.116167734949388
"1196",1997,100,0.0943156514925864
"1197",1997,101,0.0906264192641658
"1198",1997,102,0.103423538164882
"1199",1997,103,0.140801104514708
"1200",1997,104,0.181645084328346
"1201",1997,105,0.211999698084613
"1202",1997,106,0.0485317631892519
"1203",1997,107,0.165886580994647
"1204",1997,108,0.0849959404664698
"1205",1997,109,0.0518717446764286
"1206",1997,110,0.048933988497636
"1207",1997,111,0.0430886582895086
"1208",1997,112,0.0357278033824098
"1209",1997,113,0.183690092934145
"1210",1997,114,0.174585758330788
"1211",1997,115,0.151203086072403
"1212",1997,116,0.159235909936058
"1213",1997,117,0.177840801145845
"1214",1997,118,0.223983470257407
"1215",1997,119,0.225877844603456
"1216",1997,120,0.178432423117894
"1217",1997,121,0.185875130465619
"1218",1997,122,0.164405752318507
"1219",1997,123,0.0739798871457025
"1220",1997,124,0.0851942199628264
"1221",1997,125,0.0861995019782838
"1222",1997,126,0.094585585090678
"1223",1997,127,0.096669492884705
"1224",1997,128,0.0846367158596365
"1225",1997,129,0.0837587098521752
"1226",1997,130,0.0947790414436622
"1227",1997,131,0.0805908172378783
"1228",1997,132,0.0752500751374799
"1229",1997,133,0.0725802869450758
"1230",1997,134,0.251391868371749
"1231",1997,135,0.263345503143154
"1232",1997,136,0.226928149759357
"1233",1997,137,0.0698154853592813
"1234",1997,138,0.237832552420683
"1235",1997,139,0.0479376899579811
"1236",1997,140,0.0414136327399496
"1237",1997,141,0.2954189167528
"1238",1997,142,0.294164255411709
"1239",1997,143,0.274795865655082
"1240",1997,144,0.279484577442452
"1241",1997,145,0.305010673152937
"1242",1997,146,0.279278962836378
"1243",1997,147,0.291495522254292
"1244",1997,148,0.297499699801751
"1245",1997,149,0.307785469523476
"1246",1997,150,0.319531737219877
"1247",1997,151,0.319800855598102
"1248",1997,152,0.344127473493833
"1249",1997,153,0.356751205405375
"1250",1997,154,0.307487223129888
"1251",1997,155,0.313007461553829
"1252",1997,156,0.331997638628588
"1253",1997,157,0.364198403727895
"1254",1997,158,0.359457652402204
"1255",1997,159,0.358580888855718
"1256",1997,160,0.338159735386525
"1257",1997,161,0.355038714227477
"1258",1997,162,0.338576014366882
"1259",1997,163,0.367035510391552
"1260",1997,164,0.347138737910098
"1261",1997,165,0.376792735032928
"1262",1997,166,0.363750560412825
"1263",1997,167,0.362515753315551
"1264",1997,168,0.380620318637766
"1265",1997,169,0.358415310056712
"1266",1997,170,0.385137501587918
"1267",1997,171,0.37954429881892
"1268",1997,172,0.331723309136448
"1269",1997,173,0.234034415624006
"1270",1997,174,0.220683037680349
"1271",1997,175,0.393508933841994
"1272",1997,176,0.347529418076186
"1273",1997,177,0.344947298965973
"1274",1997,178,0.215652527192615
"1275",1997,179,0.208427910554609
"1276",1997,180,0.192218270349326
"1277",1997,181,0.160286120930951
"1278",1997,182,0.123137098928989
"1279",1997,183,0.0907962544800341
"1280",1997,184,0.0839831247714843
"1281",1997,185,0.0678146564997266
"1282",1997,186,0.34826152822251
"1283",1997,187,0.273031224060052
"1284",1997,188,0.18682832682732
"1285",1997,189,0.064320248560725
"1286",1997,190,0.0381855692862379
"1287",1997,191,0.0364877318423738
"1288",1997,192,0.0333583789266993
"1289",1997,193,0.030386779960897
"1290",1997,194,0.0294900405839078
"1291",1997,195,0.0272763912906084
"1292",1997,196,0.0262955044980268
"1293",1997,197,0.0254139709265077
"1294",1997,198,0.0245819057594469
"1295",1997,199,0.0230981144284115
"1296",1997,200,0.185679136357682
"1297",1997,201,0.00999848246247919
"1298",1997,202,0.346364081947852
"1299",1997,203,0.248974355144179
"1300",1997,204,0.108406705799906
"1301",1997,205,0.00993756029199483
"1302",1997,206,0.00951455204518304
"1303",1997,207,0.381727652566721
"1304",1997,208,0.384909828977212
"1305",1997,209,0.366665338851909
"1306",1997,210,0.382169516544309
"1307",1997,211,0.38765035516632
"1308",1997,212,0.386088662740979
"1309",1997,213,0.355686042550076
"1310",1997,214,0.35846404037577
"1311",1997,215,0.35716419180195
"1312",1997,216,0.386607161185583
"1313",1997,217,0.361821423149846
"1314",1997,218,0.356200567549023
"1315",1997,219,0.321064730146916
"1316",1997,220,0.353879364505191
"1317",1997,221,0.360221114690822
"1318",1997,222,0.32744710236465
"1319",1997,223,0.342106384754294
"1320",1997,224,0.345799551057417
"1321",1997,225,0.329959104100125
"1322",1997,226,0.331530091003953
"1323",1997,227,0.345633883717463
"1324",1997,228,0.356757571427012
"1325",1997,229,0.341621530984293
"1326",1997,230,0.351315385654504
"1327",1997,231,0.340612223735181
"1328",1997,232,0.307560925519688
"1329",1997,233,0.357598028337627
"1330",1997,234,0.306815450703674
"1331",1997,235,0.310829540083178
"1332",1997,236,0.307289726027167
"1333",1997,237,0.29525975014815
"1334",1997,238,0.17733321025934
"1335",1997,239,0.171303307644573
"1336",1997,240,0.329728702527654
"1337",1997,241,0.319451482506387
"1338",1997,242,0.272030386635509
"1339",1997,243,0.268712585728118
"1340",1997,244,0.260439420530334
"1341",1997,245,0.137938473795565
"1342",1997,246,0.141824702580853
"1343",1997,247,0.289383051952849
"1344",1997,248,0.245479694636192
"1345",1997,249,0.243746106517906
"1346",1997,250,0.23076530980413
"1347",1997,251,0.119796551602846
"1348",1997,252,0.107030520170878
"1349",1997,253,0.109207512892604
"1350",1997,254,0.109191944586017
"1351",1997,255,0.106830336405444
"1352",1997,256,0.100787878179256
"1353",1997,257,0.0986070393831944
"1354",1997,258,0.0939197525021784
"1355",1997,259,0.0870818879684745
"1356",1997,260,0.0803862521553743
"1357",1997,261,0.214713701771257
"1358",1997,262,0.180248027390829
"1359",1997,263,0.163849890174458
"1360",1997,264,0.16613059877132
"1361",1997,265,0.170681608132928
"1362",1997,266,0.163038940432448
"1363",1997,267,0.141686973694894
"1364",1997,268,0.148003368578078
"1365",1997,269,0.156491660605328
"1366",1997,270,0.150091252671762
"1367",1997,271,0.131443760049674
"1368",1997,272,0.134830684236947
"1369",1997,273,0.136490301273676
"1370",1997,274,0.139372420368741
"1371",1997,275,0.134246638498415
"1372",1997,276,0.0750597526193195
"1373",1997,277,0.0496903928518374
"1374",1997,278,0.0474353376603441
"1375",1997,279,0.0395575192916378
"1376",1997,280,0.0396952812427577
"1377",1997,281,0.0335551150964917
"1378",1997,282,0.0293994863995561
"1379",1997,283,0.0313255046295691
"1380",1997,284,0.131491388506427
"1381",1997,285,0.101133088756932
"1382",1997,286,0.0677247513578576
"1383",1997,287,0.0754306676467792
"1384",1997,288,0.0737417767889519
"1385",1997,289,0.0735749403782649
"1386",1997,290,0.0760422337730842
"1387",1997,291,0.0328398239646824
"1388",1997,292,0.0214306356562832
"1389",1997,293,0.019535521832856
"1390",1997,294,0.0186045654200124
"1391",1997,295,0.0186673615299851
"1392",1997,296,0.0893011369485795
"1393",1997,297,0.0536659369628027
"1394",1997,298,0.0381924188047574
"1395",1997,299,0.0402822521663452
"1396",1997,300,0.0527178217884237
"1397",1997,301,0.0580867801844488
"1398",1997,302,0.0629574375135058
"1399",1997,303,0.0710007523954361
"1400",1997,304,0.05715860320846
"1401",1997,305,0.0446908305561487
"1402",1997,306,0.0422730247606619
"1403",1997,307,0.0429029224523398
"1404",1997,308,0.0477781849175193
"1405",1997,309,0.0413257710848065
"1406",1997,310,0.0449634063887763
"1407",1997,311,0.0473671190413311
"1408",1997,312,0.065671210473006
"1409",1997,313,0.0369229529830349
"1410",1997,314,0.0299258528200015
"1411",1997,315,0.0298557101091627
"1412",1997,316,0.0333090318770694
"1413",1997,317,0.0323191456340703
"1414",1997,318,0.0209520477530124
"1415",1997,319,0.022029960329483
"1416",1997,320,0.0271771757919168
"1417",1997,321,0.032128206076836
"1418",1997,322,0.0355632661774962
"1419",1997,323,0.0367606210832643
"1420",1997,324,0.037250630640522
"1421",1997,325,0.0302236747405476
"1422",1997,326,0.0297783074166522
"1423",1997,327,0.0278672155917921
"1424",1997,328,0.0381397663443455
"1425",1997,329,0.0203615244686984
"1426",1997,330,0.0224973852885721
"1427",1997,331,0.0235746968090072
"1428",1997,332,0.0256700629411243
"1429",1997,333,0.0241236201991521
"1430",1997,334,0.0190473686841808
"1431",1997,335,0.0214183989896402
"1432",1997,336,0.023285671790919
"1433",1997,337,0.0186523190011344
"1434",1997,338,0.0206786380265243
"1435",1997,339,0.0178819015066839
"1436",1997,340,0.0207519022943154
"1437",1997,341,0.0215862273667246
"1438",1997,342,0.0267731904820567
"1439",1997,343,0.0221299064470516
"1440",1997,344,0.0189750340355555
"1441",1997,345,0.0181632891589888
"1442",1997,346,0.0210114061135601
"1443",1997,347,0.0279824545268938
"1444",1997,348,0.0307800265343666
"1445",1997,349,0.0300435367910003
"1446",1997,350,0.0261651266492645
"1447",1997,351,0.028210719602795
"1448",1997,352,0.0277478901688578
"1449",1997,353,0.0193808011252369
"1450",1997,354,0.0203376307630976
"1451",1997,355,0.0198008195064392
"1452",1997,356,0.0201882416564709
"1453",1997,357,0.0199186022132909
"1454",1997,358,0.0174700160237224
"1455",1997,359,0.0183418773643631
"1456",1997,360,0.0198975465393367
"1457",1997,361,0.0218523625296733
"1458",1997,362,0.0217375721081563
"1459",1997,363,0.0298850883166676
"1460",1997,364,0.0293764621494224
"1461",1997,365,0.0298654204625449
"1462",1998,1,0.0372885921773881
"1463",1998,2,0.0108617381468645
"1464",1998,3,0.0190904804998129
"1465",1998,4,0.0213642548921357
"1466",1998,5,0.0287425470897707
"1467",1998,6,0.0221787905552355
"1468",1998,7,0.0209786900962886
"1469",1998,8,0.0236143503280344
"1470",1998,9,0.0186650768380091
"1471",1998,10,0.0179160708960265
"1472",1998,11,0.0270889262685065
"1473",1998,12,0.0190272617151979
"1474",1998,13,0.0248760728728406
"1475",1998,14,0.0290948762987926
"1476",1998,15,0.032168071419463
"1477",1998,16,0.0293906135434944
"1478",1998,17,0.0356931180219229
"1479",1998,18,0.0389269406689954
"1480",1998,19,0.0131286276234904
"1481",1998,20,0.0246380591023446
"1482",1998,21,0.0215977686217316
"1483",1998,22,0.0222242207897821
"1484",1998,23,0.025247587445836
"1485",1998,24,0.0307076047923951
"1486",1998,25,0.0318495962866047
"1487",1998,26,0.0320645010459279
"1488",1998,27,0.0348151540108243
"1489",1998,28,0.0327121408525734
"1490",1998,29,0.0207601941200145
"1491",1998,30,0.00674615557828955
"1492",1998,31,0.00473578405507864
"1493",1998,32,0.00374951879150235
"1494",1998,33,0.00365223432446944
"1495",1998,34,0.00320474783312769
"1496",1998,35,0.00276724546224603
"1497",1998,36,0.00274986119947416
"1498",1998,37,0.00293731653413915
"1499",1998,38,0.00276880423482946
"1500",1998,39,0.002834107607271
"1501",1998,40,0.00274243491031695
"1502",1998,41,0.00244319278490899
"1503",1998,42,0.00216748038232162
"1504",1998,43,0.00212854933063688
"1505",1998,44,0.00239816401504557
"1506",1998,45,0.0025416759940788
"1507",1998,46,0.0630274866676396
"1508",1998,47,0.0636102635389866
"1509",1998,48,0.0688420341457325
"1510",1998,49,0.0669045660553904
"1511",1998,50,0.0691612402100542
"1512",1998,51,0.0643404182254396
"1513",1998,52,0.0723343090286545
"1514",1998,53,0.0826118253330465
"1515",1998,54,0.0759746639739938
"1516",1998,55,0.0657704668165096
"1517",1998,56,0.0572477393697588
"1518",1998,57,0.04750472085155
"1519",1998,58,0.0416669749444399
"1520",1998,59,0.0301967726594356
"1521",1998,60,0.0122314042099332
"1522",1998,61,0.0106124921481429
"1523",1998,62,0.0110969195919182
"1524",1998,63,0.0781584306832106
"1525",1998,64,0.075189705834044
"1526",1998,65,0.0673992643956909
"1527",1998,66,0.0554505385448203
"1528",1998,67,0.0536540277109025
"1529",1998,68,0.06100137653195
"1530",1998,69,0.0748744314458461
"1531",1998,70,0.0573061808690556
"1532",1998,71,0.094120857953151
"1533",1998,72,0.110742667679989
"1534",1998,73,0.111309454888471
"1535",1998,74,0.117625317890919
"1536",1998,75,0.0287893260209332
"1537",1998,76,0.115209656134367
"1538",1998,77,0.0962337216763787
"1539",1998,78,0.0893038690573265
"1540",1998,79,0.0993461602696586
"1541",1998,80,0.117746970185628
"1542",1998,81,0.139261130236522
"1543",1998,82,0.121643128002831
"1544",1998,83,0.127040454112802
"1545",1998,84,0.129867952839484
"1546",1998,85,0.152224892025326
"1547",1998,86,0.15141832339418
"1548",1998,87,0.119683026747882
"1549",1998,88,0.129046209147188
"1550",1998,89,0.0877507366578154
"1551",1998,90,0.0939457938116425
"1552",1998,91,0.113461538846607
"1553",1998,92,0.135501902952858
"1554",1998,93,0.112837579268225
"1555",1998,94,0.126606214816217
"1556",1998,95,0.129200041039118
"1557",1998,96,0.150078598587685
"1558",1998,97,0.145347921458187
"1559",1998,98,0.148936393337797
"1560",1998,99,0.127072100980263
"1561",1998,100,0.13653936560076
"1562",1998,101,0.15870960915732
"1563",1998,102,0.161298761140245
"1564",1998,103,0.171167782212222
"1565",1998,104,0.153415328817853
"1566",1998,105,0.150234952849953
"1567",1998,106,0.121605411132778
"1568",1998,107,0.157945880376074
"1569",1998,108,0.136907630205623
"1570",1998,109,0.174601864122932
"1571",1998,110,0.169361087716018
"1572",1998,111,0.155073965073188
"1573",1998,112,0.169295155845683
"1574",1998,113,0.191282215672009
"1575",1998,114,0.199627069156635
"1576",1998,115,0.220337607899242
"1577",1998,116,0.173983506802397
"1578",1998,117,0.164851293633536
"1579",1998,118,0.173108976642565
"1580",1998,119,0.162130711291116
"1581",1998,120,0.0799293417847956
"1582",1998,121,0.111964101335859
"1583",1998,122,0.0796788861973109
"1584",1998,123,0.0876797921793424
"1585",1998,124,0.252610733603023
"1586",1998,125,0.245981774009996
"1587",1998,126,0.238932577247399
"1588",1998,127,0.239029832452715
"1589",1998,128,0.229839177517461
"1590",1998,129,0.232444744502012
"1591",1998,130,0.265518127819233
"1592",1998,131,0.268410466518361
"1593",1998,132,0.225253766140064
"1594",1998,133,0.257392810747727
"1595",1998,134,0.278355073417346
"1596",1998,135,0.246495263125648
"1597",1998,136,0.250894779842669
"1598",1998,137,0.270883343936146
"1599",1998,138,0.276503918967374
"1600",1998,139,0.280295733419751
"1601",1998,140,0.249053112171872
"1602",1998,141,0.325837292523373
"1603",1998,142,0.290464516623465
"1604",1998,143,0.257173085199798
"1605",1998,144,0.297486220515845
"1606",1998,145,0.266300059755199
"1607",1998,146,0.293942952045318
"1608",1998,147,0.304194404491342
"1609",1998,148,0.311241486277848
"1610",1998,149,0.295930032026924
"1611",1998,150,0.175994229080422
"1612",1998,151,0.164543514678185
"1613",1998,152,0.181087583634041
"1614",1998,153,0.1815166736957
"1615",1998,154,0.28227095277782
"1616",1998,155,0.266759496278534
"1617",1998,156,0.2679730557045
"1618",1998,157,0.270412281892457
"1619",1998,158,0.331305430204281
"1620",1998,159,0.319985759703838
"1621",1998,160,0.294911362981306
"1622",1998,161,0.340672212209806
"1623",1998,162,0.321761373889723
"1624",1998,163,0.333743143625024
"1625",1998,164,0.366009599207768
"1626",1998,165,0.355364491008165
"1627",1998,166,0.304605241365356
"1628",1998,167,0.356471838356728
"1629",1998,168,0.339704188742002
"1630",1998,169,0.319279253743962
"1631",1998,170,0.353029311276401
"1632",1998,171,0.344368370487025
"1633",1998,172,0.215330428732274
"1634",1998,173,0.218670675010152
"1635",1998,174,0.224612764797015
"1636",1998,175,0.222817965887996
"1637",1998,176,0.220702821883987
"1638",1998,177,0.224893098696443
"1639",1998,178,0.219480625416345
"1640",1998,179,0.215318770211813
"1641",1998,180,0.224650313737191
"1642",1998,181,0.213172998306908
"1643",1998,182,0.2141716673119
"1644",1998,183,0.221682422127816
"1645",1998,184,0.21069833006403
"1646",1998,185,0.206893604632892
"1647",1998,186,0.214250442698301
"1648",1998,187,0.206085387451185
"1649",1998,188,0.202204688517868
"1650",1998,189,0.194776367910928
"1651",1998,190,0.188871681278432
"1652",1998,191,0.185085184521708
"1653",1998,192,0.183272993206476
"1654",1998,193,0.165523176568154
"1655",1998,194,0.135708677581038
"1656",1998,195,0.114071054430951
"1657",1998,196,0.0920003261482084
"1658",1998,197,0.0773803308479098
"1659",1998,198,0.0731734885827689
"1660",1998,199,0.069908068806188
"1661",1998,200,0.0552740324258864
"1662",1998,201,0.0428690732043773
"1663",1998,202,0.3481731036182
"1664",1998,203,0.298623157286665
"1665",1998,204,0.325636925482834
"1666",1998,205,0.366851163919238
"1667",1998,206,0.388430625243469
"1668",1998,207,0.354902634072223
"1669",1998,208,0.35125086253235
"1670",1998,209,0.287615122709756
"1671",1998,210,0.385899551751346
"1672",1998,211,0.355776890832103
"1673",1998,212,0.372930373003828
"1674",1998,213,0.384695358004484
"1675",1998,214,0.373929921961924
"1676",1998,215,0.367467958603833
"1677",1998,216,0.355360318148326
"1678",1998,217,0.332592102573107
"1679",1998,218,0.338309183281076
"1680",1998,219,0.341594948278151
"1681",1998,220,0.319772920429003
"1682",1998,221,0.207776177868593
"1683",1998,222,0.199259608432041
"1684",1998,223,0.204661305964231
"1685",1998,224,0.199391075051722
"1686",1998,225,0.195590127462045
"1687",1998,226,0.346397839567458
"1688",1998,227,0.141663573688583
"1689",1998,228,0.326942784255046
"1690",1998,229,0.182284863981158
"1691",1998,230,0.0864987787888022
"1692",1998,231,0.0632401429087808
"1693",1998,232,0.0581651449533459
"1694",1998,233,0.0557826372531284
"1695",1998,234,0.0381038743759455
"1696",1998,235,0.0295554324273552
"1697",1998,236,0.0275381203272085
"1698",1998,237,0.0244318723945251
"1699",1998,238,0.0241215399888612
"1700",1998,239,0.022795817824355
"1701",1998,240,0.0208261243169326
"1702",1998,241,0.0202412488500022
"1703",1998,242,0.0198732389132085
"1704",1998,243,0.0183982294004911
"1705",1998,244,0.0135265354348327
"1706",1998,245,0.00827029327003329
"1707",1998,246,0.00829992382310969
"1708",1998,247,0.00793630896873636
"1709",1998,248,0.00769076743622378
"1710",1998,249,0.00746476914220104
"1711",1998,250,0.00680857581984602
"1712",1998,251,0.00674778174648776
"1713",1998,252,0.00652758473305414
"1714",1998,253,0.0062091998225108
"1715",1998,254,0.00566985879044406
"1716",1998,255,0.148378637245941
"1717",1998,256,0.129784055043365
"1718",1998,257,0.00459329320740093
"1719",1998,258,0.00432014888246535
"1720",1998,259,0.00430208725121716
"1721",1998,260,0.00429538064555538
"1722",1998,261,0.0042002631576894
"1723",1998,262,0.0039581901861416
"1724",1998,263,0.194124990644992
"1725",1998,264,0.167579346666097
"1726",1998,265,0.147720002125231
"1727",1998,266,0.15507765309934
"1728",1998,267,0.162170443828268
"1729",1998,268,0.167668612814699
"1730",1998,269,0.150070755892077
"1731",1998,270,0.116230541214629
"1732",1998,271,0.0521292415165062
"1733",1998,272,0.169791820736189
"1734",1998,273,0.043347690519626
"1735",1998,274,0.139579733929935
"1736",1998,275,0.138820334801258
"1737",1998,276,0.130269481556476
"1738",1998,277,0.126553705472161
"1739",1998,278,0.0891975475752946
"1740",1998,279,0.093737654191467
"1741",1998,280,0.0990330074952741
"1742",1998,281,0.105941337774788
"1743",1998,282,0.105379947463656
"1744",1998,283,0.0983867990695837
"1745",1998,284,0.0915033942428867
"1746",1998,285,0.0822788409130225
"1747",1998,286,0.0799054014697439
"1748",1998,287,0.0275162320667532
"1749",1998,288,0.0249791126950658
"1750",1998,289,0.0979540138972738
"1751",1998,290,0.0643228181392297
"1752",1998,291,0.0655808698836185
"1753",1998,292,0.0636612303108749
"1754",1998,293,0.0596039023095417
"1755",1998,294,0.0579305311417669
"1756",1998,295,0.0637548865822514
"1757",1998,296,0.0677875090761717
"1758",1998,297,0.0641613339772531
"1759",1998,298,0.0607722454580011
"1760",1998,299,0.0626216600322187
"1761",1998,300,0.0850670314389374
"1762",1998,301,0.0852487160925629
"1763",1998,302,0.054925452418979
"1764",1998,303,0.0739410382274233
"1765",1998,304,0.0695334075099661
"1766",1998,305,0.0706786040632164
"1767",1998,306,0.0668284335715037
"1768",1998,307,0.0369141814675321
"1769",1998,308,0.0378385468949947
"1770",1998,309,0.0362095867790441
"1771",1998,310,0.0666381278104621
"1772",1998,311,0.03595344603492
"1773",1998,312,0.0332868677207384
"1774",1998,313,0.0280206761550077
"1775",1998,314,0.0263575836475426
"1776",1998,315,0.0280676614188204
"1777",1998,316,0.0308719837897583
"1778",1998,317,0.036967150434712
"1779",1998,318,0.0370795394347205
"1780",1998,319,0.0381104576475272
"1781",1998,320,0.0343353194326188
"1782",1998,321,0.0313833525605319
"1783",1998,322,0.0298526186740141
"1784",1998,323,0.0259043802495142
"1785",1998,324,0.0247465756285003
"1786",1998,325,0.0287405317652323
"1787",1998,326,0.0346509519476078
"1788",1998,327,0.0286028738613226
"1789",1998,328,0.0307211100854026
"1790",1998,329,0.0282064624355337
"1791",1998,330,0.0320474326302868
"1792",1998,331,0.0318007771550385
"1793",1998,332,0.0287728135815096
"1794",1998,333,0.028432691040486
"1795",1998,334,0.0264696777929056
"1796",1998,335,0.0264825401944591
"1797",1998,336,0.0203734574883459
"1798",1998,337,0.00840246397752549
"1799",1998,338,0.00566740089625522
"1800",1998,339,0.0275547706060185
"1801",1998,340,0.01958757403108
"1802",1998,341,0.018837672974366
"1803",1998,342,0.0133726985551626
"1804",1998,343,0.0189413560839901
"1805",1998,344,0.0149469884979825
"1806",1998,345,0.0193013435794787
"1807",1998,346,0.0227981302641509
"1808",1998,347,0.027386058724285
"1809",1998,348,0.031016676860008
"1810",1998,349,0.0257405321458683
"1811",1998,350,0.0258508303857192
"1812",1998,351,0.0304827226920721
"1813",1998,352,0.02056826958637
"1814",1998,353,0.00906300206273553
"1815",1998,354,0.00762985929815738
"1816",1998,355,0.0077686906738204
"1817",1998,356,0.00827417913640046
"1818",1998,357,0.00858326134788762
"1819",1998,358,0.0105983303672262
"1820",1998,359,0.0181439041271494
"1821",1998,360,0.0259158085920675
"1822",1998,361,0.0261100178126404
"1823",1998,362,0.0279294129925749
"1824",1998,363,0.0296386176856392
"1825",1998,364,0.0307608767344433
"1826",1998,365,0.0269857839233076
"1827",1998,366,0.023106626993252
"1828",1999,1,0.027185731288663
"1829",1999,2,0.01738552033345
"1830",1999,3,0.015538233306936
"1831",1999,4,0.0201711643252663
"1832",1999,5,0.0310718928676962
"1833",1999,6,0.0320994623065057
"1834",1999,7,0.029359008663203
"1835",1999,8,0.0246087405853646
"1836",1999,9,0.0257940359334467
"1837",1999,10,0.0334042264859863
"1838",1999,11,0.0395596738581767
"1839",1999,12,0.0355540193416513
"1840",1999,13,0.0288928249788633
"1841",1999,14,0.0351768118471529
"1842",1999,15,0.0406896402886974
"1843",1999,16,0.0331362008622506
"1844",1999,17,0.0316810142618005
"1845",1999,18,0.0398165430361677
"1846",1999,19,0.0421575783793083
"1847",1999,20,0.0424124083323345
"1848",1999,21,0.0366731220113003
"1849",1999,22,0.032104103154186
"1850",1999,23,0.0392822877137998
"1851",1999,24,0.0324320640216025
"1852",1999,25,0.0333186645646334
"1853",1999,26,0.0413752116622762
"1854",1999,27,0.0360883400120959
"1855",1999,28,0.0361327639007354
"1856",1999,29,0.038967767852429
"1857",1999,30,0.0425977328940667
"1858",1999,31,0.0499637207672783
"1859",1999,32,0.047681225119041
"1860",1999,33,0.0509218001548722
"1861",1999,34,0.05458710068069
"1862",1999,35,0.0568623190505839
"1863",1999,36,0.0580964829853253
"1864",1999,37,0.0580478644639929
"1865",1999,38,0.0687450912298422
"1866",1999,39,0.0522256309053547
"1867",1999,40,0.0505539665414535
"1868",1999,41,0.054118169090966
"1869",1999,42,0.0296848934087283
"1870",1999,43,0.0391368074247643
"1871",1999,44,0.0552427094249151
"1872",1999,45,0.0562904782491065
"1873",1999,46,0.0757808679061507
"1874",1999,47,0.0450925793804735
"1875",1999,48,0.048641349031857
"1876",1999,49,0.0467087317664345
"1877",1999,50,0.0483130295863574
"1878",1999,51,0.0206254089387525
"1879",1999,52,0.00742587450730823
"1880",1999,53,0.00706927972196888
"1881",1999,54,0.00782333440480655
"1882",1999,55,0.0082573926884702
"1883",1999,56,0.0082574255152499
"1884",1999,57,0.0071747529756899
"1885",1999,58,0.00670432464101065
"1886",1999,59,0.00830684017322556
"1887",1999,60,0.0089011313452658
"1888",1999,61,0.00693857775769047
"1889",1999,62,0.00788710322743944
"1890",1999,63,0.0927883851721773
"1891",1999,64,0.0565936719820229
"1892",1999,65,0.0524773973439505
"1893",1999,66,0.0660809372650738
"1894",1999,67,0.0694876227075091
"1895",1999,68,0.0696369621041074
"1896",1999,69,0.0385764388587136
"1897",1999,70,0.0632963325019275
"1898",1999,71,0.0781021127879908
"1899",1999,72,0.0935607780115898
"1900",1999,73,0.0904817500216059
"1901",1999,74,0.0957089750437961
"1902",1999,75,0.098337366428252
"1903",1999,76,0.0809242530428632
"1904",1999,77,0.0778967034398713
"1905",1999,78,0.0186650650140143
"1906",1999,79,0.019973286972856
"1907",1999,80,0.0206181767688092
"1908",1999,81,0.0185424329431619
"1909",1999,82,0.01979297466098
"1910",1999,83,0.0206817468880315
"1911",1999,84,0.0216299100855106
"1912",1999,85,0.0230599393572614
"1913",1999,86,0.0220449885506553
"1914",1999,87,0.0193959529164672
"1915",1999,88,0.0217246743755525
"1916",1999,89,0.0261978973106656
"1917",1999,90,0.0256447931891178
"1918",1999,91,0.129934082699332
"1919",1999,92,0.108757520937705
"1920",1999,93,0.0902560991881735
"1921",1999,94,0.103550265874667
"1922",1999,95,0.119279372416059
"1923",1999,96,0.126597959301168
"1924",1999,97,0.139174810214082
"1925",1999,98,0.141068942022255
"1926",1999,99,0.126898221264794
"1927",1999,100,0.0538887971662589
"1928",1999,101,0.0364901128760654
"1929",1999,102,0.0419165974836337
"1930",1999,103,0.186157582476549
"1931",1999,104,0.162098412748918
"1932",1999,105,0.107787555979773
"1933",1999,106,0.107482610288195
"1934",1999,107,0.132367135733799
"1935",1999,108,0.166034136210227
"1936",1999,109,0.176609614086309
"1937",1999,110,0.180583152645047
"1938",1999,111,0.201142759191321
"1939",1999,112,0.171977003793059
"1940",1999,113,0.0585047707001
"1941",1999,114,0.175590659164455
"1942",1999,115,0.181196758146004
"1943",1999,116,0.194389731601102
"1944",1999,117,0.220748687754828
"1945",1999,118,0.218957408438442
"1946",1999,119,0.204976867327085
"1947",1999,120,0.200360871905157
"1948",1999,121,0.209098175203457
"1949",1999,122,0.212559884097479
"1950",1999,123,0.203598854729384
"1951",1999,124,0.194982289176763
"1952",1999,125,0.180978465678372
"1953",1999,126,0.187564549824904
"1954",1999,127,0.214611947900579
"1955",1999,128,0.237927061300312
"1956",1999,129,0.279200173051648
"1957",1999,130,0.227126369575142
"1958",1999,131,0.185564091490104
"1959",1999,132,0.211453255037011
"1960",1999,133,0.242485334966799
"1961",1999,134,0.270374023034086
"1962",1999,135,0.247065546896985
"1963",1999,136,0.256209365605983
"1964",1999,137,0.223953844427706
"1965",1999,138,0.253982640398581
"1966",1999,139,0.281466054173772
"1967",1999,140,0.296568422395223
"1968",1999,141,0.282625002944551
"1969",1999,142,0.286711934235395
"1970",1999,143,0.280449796948975
"1971",1999,144,0.277880447357536
"1972",1999,145,0.268400576360992
"1973",1999,146,0.265634742194997
"1974",1999,147,0.30261585249998
"1975",1999,148,0.163688155330715
"1976",1999,149,0.172389733007331
"1977",1999,150,0.230397531117739
"1978",1999,151,0.316822200488024
"1979",1999,152,0.289269887629446
"1980",1999,153,0.346673315248927
"1981",1999,154,0.3172481631837
"1982",1999,155,0.325215958585054
"1983",1999,156,0.329263540963784
"1984",1999,157,0.300567340120919
"1985",1999,158,0.331175166356255
"1986",1999,159,0.342955474481731
"1987",1999,160,0.366856877669559
"1988",1999,161,0.344449219192123
"1989",1999,162,0.341508228967141
"1990",1999,163,0.320410712424389
"1991",1999,164,0.314741067364593
"1992",1999,165,0.329660555272353
"1993",1999,166,0.347949236130554
"1994",1999,167,0.336534519150528
"1995",1999,168,0.366150627669615
"1996",1999,169,0.382730184340442
"1997",1999,170,0.366488788220185
"1998",1999,171,0.367821109046835
"1999",1999,172,0.40152444603724
"2000",1999,173,0.403167486438587
"2001",1999,174,0.359711978508953
"2002",1999,175,0.333580053828637
"2003",1999,176,0.237692832794996
"2004",1999,177,0.224723610311551
"2005",1999,178,0.217872017344968
"2006",1999,179,0.196264599825957
"2007",1999,180,0.208415914139527
"2008",1999,181,0.209156712851983
"2009",1999,182,0.205940329958766
"2010",1999,183,0.226404630475176
"2011",1999,184,0.230128434091668
"2012",1999,185,0.228970214044873
"2013",1999,186,0.215753275986724
"2014",1999,187,0.214261201158156
"2015",1999,188,0.221423695268281
"2016",1999,189,0.364867031345278
"2017",1999,190,0.194061643752636
"2018",1999,191,0.187562645475856
"2019",1999,192,0.231134825537078
"2020",1999,193,0.196799817142928
"2021",1999,194,0.206340930388487
"2022",1999,195,0.368223970717657
"2023",1999,196,0.193753887710497
"2024",1999,197,0.368783727116972
"2025",1999,198,0.388978851384875
"2026",1999,199,0.348811394191872
"2027",1999,200,0.38800033703264
"2028",1999,201,0.348483063047251
"2029",1999,202,0.363581151872833
"2030",1999,203,0.400586126168407
"2031",1999,204,0.368715828072532
"2032",1999,205,0.360566817147185
"2033",1999,206,0.213452119127596
"2034",1999,207,0.210299430346918
"2035",1999,208,0.215454853490388
"2036",1999,209,0.219458376220937
"2037",1999,210,0.408122335345638
"2038",1999,211,0.401287137832439
"2039",1999,212,0.377642000966162
"2040",1999,213,0.34280960478425
"2041",1999,214,0.324778197140189
"2042",1999,215,0.335408860614163
"2043",1999,216,0.361747684186188
"2044",1999,217,0.318519428282567
"2045",1999,218,0.342298235968089
"2046",1999,219,0.348192868543606
"2047",1999,220,0.322504227549038
"2048",1999,221,0.333077530067985
"2049",1999,222,0.37862420562312
"2050",1999,223,0.315618428615767
"2051",1999,224,0.194397966284905
"2052",1999,225,0.186286883461025
"2053",1999,226,0.185873578028939
"2054",1999,227,0.168803171021508
"2055",1999,228,0.138908167412346
"2056",1999,229,0.10846610431793
"2057",1999,230,0.0941269271359229
"2058",1999,231,0.0760677596340686
"2059",1999,232,0.251298938976829
"2060",1999,233,0.167856783847529
"2061",1999,234,0.0542065592964568
"2062",1999,235,0.0394235360206337
"2063",1999,236,0.030082831130835
"2064",1999,237,0.137634556499339
"2065",1999,238,0.0279789748568371
"2066",1999,239,0.32275163008623
"2067",1999,240,0.229315853107187
"2068",1999,241,0.172301505734588
"2069",1999,242,0.060015465499978
"2070",1999,243,0.306707101730797
"2071",1999,244,0.289259984204212
"2072",1999,245,0.286304372472505
"2073",1999,246,0.270223795153415
"2074",1999,247,0.251603649699422
"2075",1999,248,0.223320685786077
"2076",1999,249,0.234355946059309
"2077",1999,250,0.223103584364162
"2078",1999,251,0.200531803818671
"2079",1999,252,0.201086608138201
"2080",1999,253,0.200771807009433
"2081",1999,254,0.0957484664732025
"2082",1999,255,0.080758775554615
"2083",1999,256,0.0743130697883778
"2084",1999,257,0.0744154044877388
"2085",1999,258,0.0740162298253368
"2086",1999,259,0.076250818513253
"2087",1999,260,0.0766176385847326
"2088",1999,261,0.0759414851564002
"2089",1999,262,0.176827011419635
"2090",1999,263,0.166370688662641
"2091",1999,264,0.150708389838013
"2092",1999,265,0.159559649260867
"2093",1999,266,0.162828251156973
"2094",1999,267,0.164654870653655
"2095",1999,268,0.159401895621246
"2096",1999,269,0.157927246982558
"2097",1999,270,0.138273931248424
"2098",1999,271,0.126264190945848
"2099",1999,272,0.111636064645847
"2100",1999,273,0.114264670663162
"2101",1999,274,0.105923715987115
"2102",1999,275,0.0929321475510236
"2103",1999,276,0.0924105555943763
"2104",1999,277,0.10752401782357
"2105",1999,278,0.107919783578445
"2106",1999,279,0.146337423063365
"2107",1999,280,0.103366785055536
"2108",1999,281,0.0979129636947131
"2109",1999,282,0.106811191466413
"2110",1999,283,0.0937879151666834
"2111",1999,284,0.100139728085837
"2112",1999,285,0.102053989035987
"2113",1999,286,0.0826963937005829
"2114",1999,287,0.0388245151617087
"2115",1999,288,0.0989586224875025
"2116",1999,289,0.0714253407985267
"2117",1999,290,0.0527498159220627
"2118",1999,291,0.0849680626490588
"2119",1999,292,0.0592049419412848
"2120",1999,293,0.0660662637112841
"2121",1999,294,0.0708463716580025
"2122",1999,295,0.0677513684283188
"2123",1999,296,0.0659457881501423
"2124",1999,297,0.0679363049058136
"2125",1999,298,0.0656035380593115
"2126",1999,299,0.0678797008914568
"2127",1999,300,0.0625770309553075
"2128",1999,301,0.0515488796342556
"2129",1999,302,0.0514671368217174
"2130",1999,303,0.0499138206150292
"2131",1999,304,0.0549137091822591
"2132",1999,305,0.0428825995576591
"2133",1999,306,0.0390683789609387
"2134",1999,307,0.0473833167314825
"2135",1999,308,0.0476794410559181
"2136",1999,309,0.037404482254234
"2137",1999,310,0.0291746459513922
"2138",1999,311,0.0164625507360476
"2139",1999,312,0.0146680465918063
"2140",1999,313,0.0122424571285747
"2141",1999,314,0.0108680018093316
"2142",1999,315,0.0106668065787046
"2143",1999,316,0.00615920316128489
"2144",1999,317,0.00597374569629444
"2145",1999,318,0.00546643996312651
"2146",1999,319,0.00517578305819364
"2147",1999,320,0.0048303775522727
"2148",1999,321,0.00455368690573475
"2149",1999,322,0.00378739581443077
"2150",1999,323,0.00322439719306354
"2151",1999,324,0.0034415042663083
"2152",1999,325,0.0534446252726969
"2153",1999,326,0.026130873546043
"2154",1999,327,0.0221025831902228
"2155",1999,328,0.0204701040649642
"2156",1999,329,0.0270146209538
"2157",1999,330,0.041589589210507
"2158",1999,331,0.0360863948331116
"2159",1999,332,0.0366420602774195
"2160",1999,333,0.0238334502764026
"2161",1999,334,0.0265953718764329
"2162",1999,335,0.0283108176813608
"2163",1999,336,0.0247771922689897
"2164",1999,337,0.0181808421464703
"2165",1999,338,0.016901227630104
"2166",1999,339,0.0178830054066067
"2167",1999,340,0.0217004831404826
"2168",1999,341,0.0214402324822644
"2169",1999,342,0.0203958590773108
"2170",1999,343,0.00227410628172838
"2171",1999,344,0.0171851151925645
"2172",1999,345,0.0156754629963324
"2173",1999,346,0.0169763061059388
"2174",1999,347,0.0169551771868275
"2175",1999,348,0.0146466260789282
"2176",1999,349,0.0157696868150307
"2177",1999,350,0.021261993064484
"2178",1999,351,0.0201006777706764
"2179",1999,352,0.0191005632760176
"2180",1999,353,0.0137896962016264
"2181",1999,354,0.0126736172010468
"2182",1999,355,0.0139527819964792
"2183",1999,356,0.0144393536153839
"2184",1999,357,0.0221719733221207
"2185",1999,358,0.0231031112190748
"2186",1999,359,0.0227657336010541
"2187",1999,360,0.0208683975605609
"2188",1999,361,0.0221379645052156
"2189",1999,362,0.0265521275590636
"2190",1999,363,0.024376345975884
"2191",1999,364,0.0223136317632335
"2192",1999,365,0.0212869600298685
"2193",2000,1,0.0209485573063092
"2194",2000,2,0.0158876181418177
"2195",2000,3,0.0132237292434124
"2196",2000,4,0.0132577504623973
"2197",2000,5,0.0109773418197381
"2198",2000,6,0.0051120443413635
"2199",2000,7,0.00396248759403594
"2200",2000,8,0.00392915236102427
"2201",2000,9,0.0033473627435858
"2202",2000,10,0.0027136857187744
"2203",2000,11,0.00295536292120655
"2204",2000,12,0.00280515073633995
"2205",2000,13,0.00207016699883192
"2206",2000,14,0.0025873372984824
"2207",2000,15,0.00251314671433827
"2208",2000,16,0.00205503717331201
"2209",2000,17,0.00236769119383583
"2210",2000,18,0.0533478071800274
"2211",2000,19,0.026248008742085
"2212",2000,20,0.0170359550294045
"2213",2000,21,0.00594660174483355
"2214",2000,22,0.00378910612562886
"2215",2000,23,0.00317881393813114
"2216",2000,24,0.00314796680003074
"2217",2000,25,0.00235744629299716
"2218",2000,26,0.0383134807334326
"2219",2000,27,0.0356361301438562
"2220",2000,28,0.0304454140436209
"2221",2000,29,0.0320241462776778
"2222",2000,30,0.033309695213213
"2223",2000,31,0.0384027023597454
"2224",2000,32,0.0429594220415178
"2225",2000,33,0.0610778012889601
"2226",2000,34,0.0537587414377686
"2227",2000,35,0.0391694697139753
"2228",2000,36,0.0185531574003386
"2229",2000,37,0.00381771726244311
"2230",2000,38,0.00346536408051257
"2231",2000,39,0.00340242525966046
"2232",2000,40,0.00332296451416061
"2233",2000,41,0.071574470082557
"2234",2000,42,0.0456357716174734
"2235",2000,43,0.0510824521717829
"2236",2000,44,0.0574522582867067
"2237",2000,45,0.0721861036182211
"2238",2000,46,0.0755948946963021
"2239",2000,47,0.066801537016839
"2240",2000,48,0.0580253334041849
"2241",2000,49,0.0538711199505091
"2242",2000,50,0.0615626827971714
"2243",2000,51,0.068055419867324
"2244",2000,52,0.0906687008321769
"2245",2000,53,0.0887181821169605
"2246",2000,54,0.0708979594164874
"2247",2000,55,0.0935855708365465
"2248",2000,56,0.060631431490989
"2249",2000,57,0.0618720117171054
"2250",2000,58,0.0671083100402628
"2251",2000,59,0.0748976836841038
"2252",2000,60,0.0728479700683029
"2253",2000,61,0.0691821075353232
"2254",2000,62,0.0673983140930004
"2255",2000,63,0.0739686025078063
"2256",2000,64,0.0791545172641591
"2257",2000,65,0.109965924651485
"2258",2000,66,0.0831291781052183
"2259",2000,67,0.107711191739048
"2260",2000,68,0.076789719739999
"2261",2000,69,0.0780761991308116
"2262",2000,70,0.0677780153245521
"2263",2000,71,0.0731858135514059
"2264",2000,72,0.074324683935496
"2265",2000,73,0.0732805064997142
"2266",2000,74,0.0460558904991248
"2267",2000,75,0.102963192884592
"2268",2000,76,0.0706703115124629
"2269",2000,77,0.0786726941594991
"2270",2000,78,0.080323869045313
"2271",2000,79,0.117755967751947
"2272",2000,80,0.108860193775271
"2273",2000,81,0.102596224295623
"2274",2000,82,0.0885873292609648
"2275",2000,83,0.108209498728131
"2276",2000,84,0.107964909744056
"2277",2000,85,0.110266483934939
"2278",2000,86,0.120341820057526
"2279",2000,87,0.123801829744488
"2280",2000,88,0.116817821604949
"2281",2000,89,0.118434947019867
"2282",2000,90,0.127973357275971
"2283",2000,91,0.093971497557111
"2284",2000,92,0.105121760284477
"2285",2000,93,0.13144323439738
"2286",2000,94,0.100321035601761
"2287",2000,95,0.140631459904513
"2288",2000,96,0.156860441810373
"2289",2000,97,0.132738973607576
"2290",2000,98,0.0316797734971801
"2291",2000,99,0.0341461585890026
"2292",2000,100,0.0376641826602976
"2293",2000,101,0.0376172615690439
"2294",2000,102,0.037390789957639
"2295",2000,103,0.0420328633389128
"2296",2000,104,0.0471421135409335
"2297",2000,105,0.0922779059702384
"2298",2000,106,0.115224635877745
"2299",2000,107,0.143413730046803
"2300",2000,108,0.169394672127858
"2301",2000,109,0.0606728453742901
"2302",2000,110,0.0499287723172991
"2303",2000,111,0.0566705880398095
"2304",2000,112,0.0616275010634985
"2305",2000,113,0.221783231568324
"2306",2000,114,0.220709279824781
"2307",2000,115,0.176822144113721
"2308",2000,116,0.17712311844225
"2309",2000,117,0.198082205269103
"2310",2000,118,0.188838377666054
"2311",2000,119,0.0756477029366122
"2312",2000,120,0.24172524203571
"2313",2000,121,0.178455879392099
"2314",2000,122,0.196077230552664
"2315",2000,123,0.216793077246521
"2316",2000,124,0.232971266681799
"2317",2000,125,0.213691176897896
"2318",2000,126,0.109262390513078
"2319",2000,127,0.105120566800583
"2320",2000,128,0.108826963564681
"2321",2000,129,0.115142362727282
"2322",2000,130,0.0969843096192961
"2323",2000,131,0.108332490948442
"2324",2000,132,0.101811185656213
"2325",2000,133,0.092029487390935
"2326",2000,134,0.0931395539527696
"2327",2000,135,0.107703971155185
"2328",2000,136,0.12366437794543
"2329",2000,137,0.127607457987504
"2330",2000,138,0.276659107334325
"2331",2000,139,0.221935764499207
"2332",2000,140,0.247028589762557
"2333",2000,141,0.26218960553679
"2334",2000,142,0.277695709292371
"2335",2000,143,0.303916455909013
"2336",2000,144,0.289755877564213
"2337",2000,145,0.154709576072839
"2338",2000,146,0.330939948447656
"2339",2000,147,0.295353166109678
"2340",2000,148,0.294924114920367
"2341",2000,149,0.312238586028732
"2342",2000,150,0.197149011958115
"2343",2000,151,0.341341420035536
"2344",2000,152,0.236399820084764
"2345",2000,153,0.163358401632756
"2346",2000,154,0.172442616242963
"2347",2000,155,0.192383317059941
"2348",2000,156,0.1856671180675
"2349",2000,157,0.17883028266847
"2350",2000,158,0.206507594812189
"2351",2000,159,0.217025288913385
"2352",2000,160,0.259492645007806
"2353",2000,161,0.247394282354501
"2354",2000,162,0.197491933102002
"2355",2000,163,0.193984386781304
"2356",2000,164,0.167324337684274
"2357",2000,165,0.130847313261993
"2358",2000,166,0.104142981032074
"2359",2000,167,0.0938783926579253
"2360",2000,168,0.318460324826624
"2361",2000,169,0.33340261521724
"2362",2000,170,0.266505378062424
"2363",2000,171,0.159065487471749
"2364",2000,172,0.0638469491794902
"2365",2000,173,0.0439669693884145
"2366",2000,174,0.040625934453192
"2367",2000,175,0.0409400800645358
"2368",2000,176,0.0819996958666899
"2369",2000,177,0.237490564278587
"2370",2000,178,0.204859127864474
"2371",2000,179,0.186778440060378
"2372",2000,180,0.0277676575275195
"2373",2000,181,0.028804600286138
"2374",2000,182,0.0270893793678464
"2375",2000,183,0.0191874639036591
"2376",2000,184,0.0142214844693804
"2377",2000,185,0.0127334016140746
"2378",2000,186,0.011810528656558
"2379",2000,187,0.0114775992735182
"2380",2000,188,0.0113305759937781
"2381",2000,189,0.0108499782775422
"2382",2000,190,0.010260372993018
"2383",2000,191,0.00959191673690011
"2384",2000,192,0.240301342675491
"2385",2000,193,0.0229875591115581
"2386",2000,194,0.0147881859023039
"2387",2000,195,0.0126628609540146
"2388",2000,196,0.0116450375935391
"2389",2000,197,0.00900713820169566
"2390",2000,198,0.330674097543629
"2391",2000,199,0.35016942515884
"2392",2000,200,0.288172146178136
"2393",2000,201,0.157925617223336
"2394",2000,202,0.00594198531570721
"2395",2000,203,0.00575770443160059
"2396",2000,204,0.00495241557193029
"2397",2000,205,0.00510564038673532
"2398",2000,206,0.005138387882044
"2399",2000,207,0.00492370348487578
"2400",2000,208,0.00488139822906934
"2401",2000,209,0.00468286831063905
"2402",2000,210,0.00444990411616205
"2403",2000,211,0.00437141693580265
"2404",2000,212,0.00424932568891172
"2405",2000,213,0.00413077419463698
"2406",2000,214,0.0413597039485361
"2407",2000,215,0.00182469661290689
"2408",2000,216,0.00145547816331592
"2409",2000,217,0.267158647621464
"2410",2000,218,0.0786943155283764
"2411",2000,219,0.00123526035287953
"2412",2000,220,0.00126039440623418
"2413",2000,221,0.00130112419885341
"2414",2000,222,0.00124635583748344
"2415",2000,223,0.00117006842251997
"2416",2000,224,0.00121224738662467
"2417",2000,225,0.00116274246583841
"2418",2000,226,0.00113831638519051
"2419",2000,227,0.00117027145974899
"2420",2000,228,0.28417669333664
"2421",2000,229,0.138859522234311
"2422",2000,230,0.00103643889618276
"2423",2000,231,0.0010184721714559
"2424",2000,232,0.000970952458640676
"2425",2000,233,0.000958598701121963
"2426",2000,234,0.00096528352021138
"2427",2000,235,0.000935816790024399
"2428",2000,236,0.000921895939334999
"2429",2000,237,0.000899733790631566
"2430",2000,238,0.000883161866828637
"2431",2000,239,0.000813144606044075
"2432",2000,240,0.000566484394729014
"2433",2000,241,0.222345387514847
"2434",2000,242,0.12246922588205
"2435",2000,243,0.000524843310811301
"2436",2000,244,0.209056128023095
"2437",2000,245,0.27474016271515
"2438",2000,246,0.22193458175564
"2439",2000,247,0.180988071310646
"2440",2000,248,0.0965534565280939
"2441",2000,249,0.231175038828457
"2442",2000,250,0.140205788777302
"2443",2000,251,0.00619801033718883
"2444",2000,252,0.203140636410196
"2445",2000,253,0.130276007013734
"2446",2000,254,0.00679852968206645
"2447",2000,255,0.00527070566094134
"2448",2000,256,0.00463308884311657
"2449",2000,257,0.0043162520132907
"2450",2000,258,0.000891537037883967
"2451",2000,259,0.000565880795849714
"2452",2000,260,0.000578395674195224
"2453",2000,261,0.00057134833786455
"2454",2000,262,0.000550384603415379
"2455",2000,263,0.199273480409106
"2456",2000,264,0.139502087824212
"2457",2000,265,0.175302408149732
"2458",2000,266,0.147187118969827
"2459",2000,267,0.118930143172938
"2460",2000,268,0.15449918060776
"2461",2000,269,0.1137686153512
"2462",2000,270,0.123526406731823
"2463",2000,271,0.132534103041503
"2464",2000,272,0.135441138393554
"2465",2000,273,0.14101188332168
"2466",2000,274,0.137841891166956
"2467",2000,275,0.143512116835422
"2468",2000,276,0.124547412884733
"2469",2000,277,0.144863795855461
"2470",2000,278,0.103738325884856
"2471",2000,279,0.0784105013408412
"2472",2000,280,0.0528945559534803
"2473",2000,281,0.0305830526295858
"2474",2000,282,0.0289585919465346
"2475",2000,283,0.0288762299067511
"2476",2000,284,0.029853837290418
"2477",2000,285,0.0296948065462155
"2478",2000,286,0.116793356728658
"2479",2000,287,0.078062456890555
"2480",2000,288,0.0697864240162872
"2481",2000,289,0.069611052979672
"2482",2000,290,0.0713301146407944
"2483",2000,291,0.073648378554555
"2484",2000,292,0.0761970997001177
"2485",2000,293,0.0757349231025376
"2486",2000,294,0.0656802169607288
"2487",2000,295,0.0677610504404972
"2488",2000,296,0.086057131637403
"2489",2000,297,0.0841735658822905
"2490",2000,298,0.0910455308117741
"2491",2000,299,0.0882499113305185
"2492",2000,300,0.0578852490495067
"2493",2000,301,0.053412374803628
"2494",2000,302,0.0575878687470106
"2495",2000,303,0.0593305005018438
"2496",2000,304,0.051904397372486
"2497",2000,305,0.0720542611152129
"2498",2000,306,0.0436112156883322
"2499",2000,307,0.0382732029290767
"2500",2000,308,0.0389961945985429
"2501",2000,309,0.0395818438028932
"2502",2000,310,0.0635779704031687
"2503",2000,311,0.0269621297205281
"2504",2000,312,0.0265063987293093
"2505",2000,313,0.0293496312516956
"2506",2000,314,0.0300605841165625
"2507",2000,315,0.0278454289339074
"2508",2000,316,0.0223840272638801
"2509",2000,317,0.0202704727790042
"2510",2000,318,0.0220623832711484
"2511",2000,319,0.0243530510226497
"2512",2000,320,0.0259034040963258
"2513",2000,321,0.0233315485731087
"2514",2000,322,0.0220896310522335
"2515",2000,323,0.0239484082287074
"2516",2000,324,0.0271002483152286
"2517",2000,325,0.0269760659446195
"2518",2000,326,0.034496044613008
"2519",2000,327,0.036866366810355
"2520",2000,328,0.0326452164390329
"2521",2000,329,0.0329464843576827
"2522",2000,330,0.0306482375415521
"2523",2000,331,0.0299948876311214
"2524",2000,332,0.0319157924086995
"2525",2000,333,0.00426227524070458
"2526",2000,334,0.0168808241959507
"2527",2000,335,0.0206851840827783
"2528",2000,336,0.0177855604941041
"2529",2000,337,0.0164300720855085
"2530",2000,338,0.0213864628771105
"2531",2000,339,0.0173195743596525
"2532",2000,340,0.0174128032066181
"2533",2000,341,0.0179091768556323
"2534",2000,342,0.0225004500917163
"2535",2000,343,0.0201320493745334
"2536",2000,344,0.0222325007193042
"2537",2000,345,0.0168639353220194
"2538",2000,346,0.0111063946979267
"2539",2000,347,0.0132737998252003
"2540",2000,348,0.0144269348608456
"2541",2000,349,0.0201075179155185
"2542",2000,350,0.022081509804775
"2543",2000,351,0.0164038041417461
"2544",2000,352,0.0255183536364574
"2545",2000,353,0.0188957354443485
"2546",2000,354,0.0221776729806516
"2547",2000,355,0.018700070911264
"2548",2000,356,0.0145670580518674
"2549",2000,357,0.0221402980544161
"2550",2000,358,0.0224092334438318
"2551",2000,359,0.0197516847546474
"2552",2000,360,0.017286602481875
"2553",2000,361,0.0175215105629782
"2554",2000,362,0.0238290344265223
"2555",2000,363,0.0267039877832103
"2556",2000,364,0.0199690398047563
"2557",2000,365,0.0212944272093905
"2558",2001,1,0.0179718879154526
"2559",2001,2,0.0213575001177078
"2560",2001,3,0.0285101105760231
"2561",2001,4,0.0348170089984447
"2562",2001,5,0.0361857434077344
"2563",2001,6,0.0354402725106971
"2564",2001,7,0.0249654419593741
"2565",2001,8,0.029654205870028
"2566",2001,9,0.0268839161732718
"2567",2001,10,0.0322915225280517
"2568",2001,11,0.0316283294246899
"2569",2001,12,0.0325033420559924
"2570",2001,13,0.0314098126722918
"2571",2001,14,0.0266506028498487
"2572",2001,15,0.0234756123749371
"2573",2001,16,0.021697427859487
"2574",2001,17,0.0189360670259203
"2575",2001,18,0.0253533933318718
"2576",2001,19,0.0256948723768522
"2577",2001,20,0.029872001888977
"2578",2001,21,0.0333679975709387
"2579",2001,22,0.0343354844391474
"2580",2001,23,0.0346209930497353
"2581",2001,24,0.0328612766112029
"2582",2001,25,0.0370136936635698
"2583",2001,26,0.0364880337746442
"2584",2001,27,0.0330639443576903
"2585",2001,28,0.0324665813709807
"2586",2001,29,0.0381627692026614
"2587",2001,30,0.0375592472385166
"2588",2001,31,0.0324996585009521
"2589",2001,32,0.0366805355939996
"2590",2001,33,0.0477626519993912
"2591",2001,34,0.0534689121126433
"2592",2001,35,0.0482906169471709
"2593",2001,36,0.0593684122693626
"2594",2001,37,0.0496574010354791
"2595",2001,38,0.0385520051437422
"2596",2001,39,0.0263129670425831
"2597",2001,40,0.0239250496029266
"2598",2001,41,0.0373806767308955
"2599",2001,42,0.0497062103462062
"2600",2001,43,0.0535387836628961
"2601",2001,44,0.0574590778343527
"2602",2001,45,0.0368325921568526
"2603",2001,46,0.0485953328982767
"2604",2001,47,0.0461406106101825
"2605",2001,48,0.0598844983543436
"2606",2001,49,0.0697810945025668
"2607",2001,50,0.0751949464564696
"2608",2001,51,0.0690374484238078
"2609",2001,52,0.0738416248581289
"2610",2001,53,0.078477066896641
"2611",2001,54,0.0725986640010293
"2612",2001,55,0.0710170354095379
"2613",2001,56,0.0742293194185394
"2614",2001,57,0.0649707421872673
"2615",2001,58,0.0505271160488698
"2616",2001,59,0.0654939649577087
"2617",2001,60,0.0823117109441493
"2618",2001,61,0.082241108099451
"2619",2001,62,0.0823705136425361
"2620",2001,63,0.0856503788981357
"2621",2001,64,0.0996640375239487
"2622",2001,65,0.109111827750988
"2623",2001,66,0.104000611379774
"2624",2001,67,0.07818502455421
"2625",2001,68,0.0828418101787403
"2626",2001,69,0.0969593992482909
"2627",2001,70,0.075439766145946
"2628",2001,71,0.0962167450041116
"2629",2001,72,0.0818739565314857
"2630",2001,73,0.0785367747196221
"2631",2001,74,0.0936199867475355
"2632",2001,75,0.0714028326160433
"2633",2001,76,0.0925608691936439
"2634",2001,77,0.0791222328454361
"2635",2001,78,0.0879223170981086
"2636",2001,79,0.109519985917837
"2637",2001,80,0.102713951601407
"2638",2001,81,0.102141175467188
"2639",2001,82,0.0224334743120156
"2640",2001,83,0.0559703609197942
"2641",2001,84,0.109398935032385
"2642",2001,85,0.0896726728462086
"2643",2001,86,0.0995056609033817
"2644",2001,87,0.0285179770013416
"2645",2001,88,0.0262068532309729
"2646",2001,89,0.135162798693763
"2647",2001,90,0.0989340959929625
"2648",2001,91,0.115648848446542
"2649",2001,92,0.0329161123725859
"2650",2001,93,0.032623572257644
"2651",2001,94,0.0328474595808704
"2652",2001,95,0.034436531092499
"2653",2001,96,0.163757142661565
"2654",2001,97,0.128149040455943
"2655",2001,98,0.0351084213970525
"2656",2001,99,0.161325262665329
"2657",2001,100,0.146055914283773
"2658",2001,101,0.115735412369012
"2659",2001,102,0.1204071238337
"2660",2001,103,0.133741872510157
"2661",2001,104,0.140298029668991
"2662",2001,105,0.138165812422155
"2663",2001,106,0.127828661850237
"2664",2001,107,0.148608350905839
"2665",2001,108,0.179651788552756
"2666",2001,109,0.0901413519220845
"2667",2001,110,0.193395149201857
"2668",2001,111,0.17344978569603
"2669",2001,112,0.128067410584072
"2670",2001,113,0.146892939220951
"2671",2001,114,0.174855159412668
"2672",2001,115,0.189705774329125
"2673",2001,116,0.203436574126085
"2674",2001,117,0.214329077144415
"2675",2001,118,0.213236088024522
"2676",2001,119,0.210200274619892
"2677",2001,120,0.0878201676505323
"2678",2001,121,0.257958579015438
"2679",2001,122,0.196501606855988
"2680",2001,123,0.181303578760042
"2681",2001,124,0.190367767450593
"2682",2001,125,0.212936122053814
"2683",2001,126,0.199012392624868
"2684",2001,127,0.208458093463131
"2685",2001,128,0.23061884412628
"2686",2001,129,0.245622574545189
"2687",2001,130,0.253790768968385
"2688",2001,131,0.241300775521093
"2689",2001,132,0.173480375102383
"2690",2001,133,0.135958960047378
"2691",2001,134,0.137209768621026
"2692",2001,135,0.138156360808497
"2693",2001,136,0.228358109847998
"2694",2001,137,0.279526226525435
"2695",2001,138,0.29281886050869
"2696",2001,139,0.294917540562168
"2697",2001,140,0.273173596909451
"2698",2001,141,0.216803230048782
"2699",2001,142,0.255757155397823
"2700",2001,143,0.267041703261315
"2701",2001,144,0.145205406588276
"2702",2001,145,0.14141217142538
"2703",2001,146,0.315399225043434
"2704",2001,147,0.325888116347578
"2705",2001,148,0.32294312322388
"2706",2001,149,0.334685179498854
"2707",2001,150,0.323777304052692
"2708",2001,151,0.29695932418036
"2709",2001,152,0.312675839231479
"2710",2001,153,0.314370561809581
"2711",2001,154,0.33925324202985
"2712",2001,155,0.315243649683319
"2713",2001,156,0.294597084596718
"2714",2001,157,0.328723971120143
"2715",2001,158,0.344515417475146
"2716",2001,159,0.344917267924045
"2717",2001,160,0.397702836396216
"2718",2001,161,0.373429027916768
"2719",2001,162,0.371881153053405
"2720",2001,163,0.232922680985054
"2721",2001,164,0.3417839145614
"2722",2001,165,0.293031871992275
"2723",2001,166,0.331444342981749
"2724",2001,167,0.327507726717535
"2725",2001,168,0.233907418683165
"2726",2001,169,0.231156802424786
"2727",2001,170,0.207569181167117
"2728",2001,171,0.369590252347361
"2729",2001,172,0.262510894982972
"2730",2001,173,0.224779636850824
"2731",2001,174,0.230819996406236
"2732",2001,175,0.231423241648428
"2733",2001,176,0.233762219812663
"2734",2001,177,0.22820503311633
"2735",2001,178,0.221295305403793
"2736",2001,179,0.223032058053542
"2737",2001,180,0.217388459550648
"2738",2001,181,0.216499178890598
"2739",2001,182,0.205085670839829
"2740",2001,183,0.188143889807224
"2741",2001,184,0.14861327555196
"2742",2001,185,0.122507818660538
"2743",2001,186,0.106175356451833
"2744",2001,187,0.398154368816803
"2745",2001,188,0.420649407019951
"2746",2001,189,0.313418655711821
"2747",2001,190,0.184098561133229
"2748",2001,191,0.330564712088226
"2749",2001,192,0.385313146477996
"2750",2001,193,0.394790162025673
"2751",2001,194,0.351926388481451
"2752",2001,195,0.343881977479304
"2753",2001,196,0.326210277614569
"2754",2001,197,0.183284211198587
"2755",2001,198,0.167944573968499
"2756",2001,199,0.145687777221945
"2757",2001,200,0.098972416251254
"2758",2001,201,0.0520890991051105
"2759",2001,202,0.0378539401571871
"2760",2001,203,0.0374626439355467
"2761",2001,204,0.0330657883158035
"2762",2001,205,0.031550229460915
"2763",2001,206,0.030126523439186
"2764",2001,207,0.239091830696491
"2765",2001,208,0.0458225501812989
"2766",2001,209,0.0350809211835245
"2767",2001,210,0.0236339303009611
"2768",2001,211,0.019547180486081
"2769",2001,212,0.40381290826574
"2770",2001,213,0.3448835540448
"2771",2001,214,0.285824518270909
"2772",2001,215,0.036635686374051
"2773",2001,216,0.0188557412814605
"2774",2001,217,0.0163119083613382
"2775",2001,218,0.161217777862386
"2776",2001,219,0.0140907809820205
"2777",2001,220,0.314234628015762
"2778",2001,221,0.162355757265673
"2779",2001,222,0.238779469464138
"2780",2001,223,0.0991374267520482
"2781",2001,224,0.0119501152408129
"2782",2001,225,0.0876913078914633
"2783",2001,226,0.174736224409726
"2784",2001,227,0.20338868145442
"2785",2001,228,0.251297059644437
"2786",2001,229,0.142596584961454
"2787",2001,230,0.0130804569658963
"2788",2001,231,0.131884287297843
"2789",2001,232,0.00802691456140651
"2790",2001,233,0.00772261946031076
"2791",2001,234,0.00740301380789417
"2792",2001,235,0.0068447414657769
"2793",2001,236,0.00615324429516163
"2794",2001,237,0.00588707962201686
"2795",2001,238,0.00487204910732464
"2796",2001,239,0.00215273353431635
"2797",2001,240,0.00209231542772139
"2798",2001,241,0.00202972692239018
"2799",2001,242,0.00194879607239867
"2800",2001,243,0.00147506951092175
"2801",2001,244,0.00117224014774989
"2802",2001,245,0.0011244789508543
"2803",2001,246,0.00108842553079973
"2804",2001,247,0.0010516322839017
"2805",2001,248,0.00101629827506278
"2806",2001,249,0.188964525897636
"2807",2001,250,0.205660438245743
"2808",2001,251,0.18729612871044
"2809",2001,252,0.154898262288027
"2810",2001,253,0.148300244853081
"2811",2001,254,0.118953933763824
"2812",2001,255,0.00562592056481657
"2813",2001,256,0.180296021247664
"2814",2001,257,0.224431420701743
"2815",2001,258,0.203156530291313
"2816",2001,259,0.189581563671796
"2817",2001,260,0.200473572200295
"2818",2001,261,0.198819557651294
"2819",2001,262,0.173639441467024
"2820",2001,263,0.164842845164629
"2821",2001,264,0.153736372295994
"2822",2001,265,0.0496429773457549
"2823",2001,266,0.0326492612647999
"2824",2001,267,0.0121627729288114
"2825",2001,268,0.00543375815961113
"2826",2001,269,0.00513524131298664
"2827",2001,270,0.00322458723974423
"2828",2001,271,0.00149938574137291
"2829",2001,272,0.00146220539103727
"2830",2001,273,0.00129554767632594
"2831",2001,274,0.00129694685267366
"2832",2001,275,0.00125265461046467
"2833",2001,276,0.00111379510371514
"2834",2001,277,0.109735205516897
"2835",2001,278,0.064337879793489
"2836",2001,279,0.0699907430730063
"2837",2001,280,0.0641643627105182
"2838",2001,281,0.00327865315511778
"2839",2001,282,0.116751063150541
"2840",2001,283,0.0708360169093317
"2841",2001,284,0.0641256763397433
"2842",2001,285,0.0608215998609552
"2843",2001,286,0.0598272239723337
"2844",2001,287,0.0961564734751159
"2845",2001,288,0.0564538233148472
"2846",2001,289,0.0621143704321131
"2847",2001,290,0.0683134207575597
"2848",2001,291,0.0565660293376077
"2849",2001,292,0.056243218908763
"2850",2001,293,0.0448047104951176
"2851",2001,294,0.00397470428648837
"2852",2001,295,0.00383760172935514
"2853",2001,296,0.0246002387145971
"2854",2001,297,0.00250142557987157
"2855",2001,298,0.00225022714325506
"2856",2001,299,0.00208159802157134
"2857",2001,300,0.00229441459004935
"2858",2001,301,0.00237835102819426
"2859",2001,302,0.00181789697147699
"2860",2001,303,0.00183721082618706
"2861",2001,304,0.00190780913082763
"2862",2001,305,0.00140012915854435
"2863",2001,306,0.000287039841517264
"2864",2001,307,0.000284679127712622
"2865",2001,308,0.000274668237774829
"2866",2001,309,0.000292867553995727
"2867",2001,310,0.000295302341668493
"2868",2001,311,0.073720557377121
"2869",2001,312,0.0341435348497814
"2870",2001,313,0.0376456902920953
"2871",2001,314,0.0340472486243538
"2872",2001,315,0.0344632722634311
"2873",2001,316,0.0361406219859453
"2874",2001,317,0.0362776964174753
"2875",2001,318,0.0355403341354319
"2876",2001,319,0.0324974582338876
"2877",2001,320,0.0315330601083654
"2878",2001,321,0.030751170036956
"2879",2001,322,0.0219219895744093
"2880",2001,323,0.00471918087146464
"2881",2001,324,0.00404250376668874
"2882",2001,325,0.00306391908097339
"2883",2001,326,0.00264298933464101
"2884",2001,327,0.00219487403409298
"2885",2001,328,0.00182692306420059
"2886",2001,329,0.0250252690893397
"2887",2001,330,0.0208473318793753
"2888",2001,331,0.0168791278836838
"2889",2001,332,0.0159160601427493
"2890",2001,333,0.0209101499678272
"2891",2001,334,0.0258722148557264
"2892",2001,335,0.0251998655184973
"2893",2001,336,0.0331207485084714
"2894",2001,337,0.0346936560602036
"2895",2001,338,0.0291396889972582
"2896",2001,339,0.0279431745539622
"2897",2001,340,0.0311878763126591
"2898",2001,341,0.0241208338939377
"2899",2001,342,0.0223727052206447
"2900",2001,343,0.0283207647308649
"2901",2001,344,0.0215456078074538
"2902",2001,345,0.0214055596259183
"2903",2001,346,0.0178573361810333
"2904",2001,347,0.0180500916821018
"2905",2001,348,0.0254713020852951
"2906",2001,349,0.0217199526114489
"2907",2001,350,0.0191218375596424
"2908",2001,351,0.0282995628649015
"2909",2001,352,0.0222052778047299
"2910",2001,353,0.0221343541501693
"2911",2001,354,0.0218060721199396
"2912",2001,355,0.00754022390202463
"2913",2001,356,0.0107757575277522
"2914",2001,357,0.00440789031471875
"2915",2001,358,0.00271973729536617
"2916",2001,359,0.00248391156372036
"2917",2001,360,0.00268411375696422
"2918",2001,361,0.00192959641823863
"2919",2001,362,0.001727767282864
"2920",2001,363,0.0190227300568481
"2921",2001,364,0.0169598508739933
"2922",2001,365,0.0181331303304658
"2923",2002,1,0.0160189744885952
"2924",2002,2,0.0151233752678697
"2925",2002,3,0.0240110218789161
"2926",2002,4,0.0254745905982745
"2927",2002,5,0.0227511947162176
"2928",2002,6,0.0265583117399624
"2929",2002,7,0.0352601341868072
"2930",2002,8,0.0409688165911375
"2931",2002,9,0.0365664383168622
"2932",2002,10,0.0271575561981857
"2933",2002,11,0.0143053370094544
"2934",2002,12,0.00187493852749225
"2935",2002,13,0.00189524816609525
"2936",2002,14,0.00132213521355287
"2937",2002,15,0.00107388312598776
"2938",2002,16,0.00104930147170673
"2939",2002,17,0.0010166268530758
"2940",2002,18,0.00104518544832634
"2941",2002,19,0.0011293620950067
"2942",2002,20,0.00123468844056407
"2943",2002,21,0.00159708151970915
"2944",2002,22,0.00156872973331953
"2945",2002,23,0.000991425388423372
"2946",2002,24,0.00102694586604839
"2947",2002,25,0.00151946971785294
"2948",2002,26,0.00166845701451321
"2949",2002,27,0.00163774194539506
"2950",2002,28,0.00112909075265554
"2951",2002,29,0.0329893748334065
"2952",2002,30,0.0278290070970656
"2953",2002,31,0.0277511730919228
"2954",2002,32,0.0352313021423171
"2955",2002,33,0.0415804031987325
"2956",2002,34,0.0188428508293386
"2957",2002,35,0.00123894624258817
"2958",2002,36,0.001205070256807
"2959",2002,37,0.00136425456759338
"2960",2002,38,0.000808423515892054
"2961",2002,39,0.000242940467176356
"2962",2002,40,0.00019526021764816
"2963",2002,41,0.000213908378831844
"2964",2002,42,0.000281697944912924
"2965",2002,43,0.000203805669871975
"2966",2002,44,0.000226986900581684
"2967",2002,45,0.000244993928638443
"2968",2002,46,0.000248164598962467
"2969",2002,47,0.000284254561100231
"2970",2002,48,0.000334876739085561
"2971",2002,49,0.00034502165227941
"2972",2002,50,0.000311825250569228
"2973",2002,51,0.000329091644892902
"2974",2002,52,0.000317438716284906
"2975",2002,53,0.000402713768224694
"2976",2002,54,0.000474700548281721
"2977",2002,55,0.0834519927731351
"2978",2002,56,0.0281870552328134
"2979",2002,57,0.029814880302969
"2980",2002,58,0.0376355261447513
"2981",2002,59,0.0633753401335101
"2982",2002,60,0.0402793448071268
"2983",2002,61,0.030143191632599
"2984",2002,62,0.045359644732472
"2985",2002,63,0.0680282942778401
"2986",2002,64,0.0912067723766486
"2987",2002,65,0.0878767747390653
"2988",2002,66,0.0960039922165151
"2989",2002,67,0.069344161466285
"2990",2002,68,0.032442179231892
"2991",2002,69,0.068729702907151
"2992",2002,70,0.0707820335626564
"2993",2002,71,0.0055916681685676
"2994",2002,72,0.103927217710899
"2995",2002,73,0.0561152518838535
"2996",2002,74,0.0453714959857939
"2997",2002,75,0.0566189171630325
"2998",2002,76,0.051569485669102
"2999",2002,77,0.00383595831167369
"3000",2002,78,0.00369820313022835
"3001",2002,79,0.00399555288445979
"3002",2002,80,0.00248786599132578
"3003",2002,81,0.00341762277668116
"3004",2002,82,0.0037497446551341
"3005",2002,83,0.000804642761325194
"3006",2002,84,0.000558160485649537
"3007",2002,85,0.000771128230638771
"3008",2002,86,0.000903676142765878
"3009",2002,87,0.000937444335033983
"3010",2002,88,0.000878631415218554
"3011",2002,89,0.000901250396012141
"3012",2002,90,0.00102062430927192
"3013",2002,91,0.001165811790892
"3014",2002,92,0.000753072776208756
"3015",2002,93,0.000856608306448237
"3016",2002,94,0.000997723931397555
"3017",2002,95,0.00116139294454157
"3018",2002,96,0.00133532075204828
"3019",2002,97,0.110532119368416
"3020",2002,98,0.00124439533117708
"3021",2002,99,0.00139638913143823
"3022",2002,100,0.00148789646703482
"3023",2002,101,0.00144363254218515
"3024",2002,102,0.00149101529591855
"3025",2002,103,0.00166630674721401
"3026",2002,104,0.00177678870645512
"3027",2002,105,0.00184330014740877
"3028",2002,106,0.00169171042494966
"3029",2002,107,0.00179300100207727
"3030",2002,108,0.00178419677956818
"3031",2002,109,0.00140651310477264
"3032",2002,110,0.101276841356928
"3033",2002,111,0.102270842109045
"3034",2002,112,0.0232004363205149
"3035",2002,113,0.00998072977336276
"3036",2002,114,0.0074621970410307
"3037",2002,115,0.00624180976807665
"3038",2002,116,0.0304924915312353
"3039",2002,117,0.035633373392669
"3040",2002,118,0.00660785226382894
"3041",2002,119,0.00334025023809443
"3042",2002,120,0.00273841351058434
"3043",2002,121,0.0380102303575317
"3044",2002,122,0.00714264141706652
"3045",2002,123,0.0072550123050576
"3046",2002,124,0.00678456679405166
"3047",2002,125,0.00381708728647472
"3048",2002,126,0.00333414445803108
"3049",2002,127,0.00321445399006636
"3050",2002,128,0.00254863093331413
"3051",2002,129,0.00216220511623651
"3052",2002,130,0.00235176921537645
"3053",2002,131,0.172587672234405
"3054",2002,132,0.0751357741652833
"3055",2002,133,0.00245800625200161
"3056",2002,134,0.00242348957648696
"3057",2002,135,0.00240282362807574
"3058",2002,136,0.203355955969135
"3059",2002,137,0.154557494300837
"3060",2002,138,0.12573219576849
"3061",2002,139,0.00123815461213467
"3062",2002,140,0.00122743387682391
"3063",2002,141,0.00110237575327619
"3064",2002,142,0.00119022448955827
"3065",2002,143,0.258901680051858
"3066",2002,144,0.212224575709971
"3067",2002,145,0.213519142397203
"3068",2002,146,0.169962381714915
"3069",2002,147,0.01784706237425
"3070",2002,148,0.00923377471730224
"3071",2002,149,0.00890953973425456
"3072",2002,150,0.00864263232494031
"3073",2002,151,0.00862151197527725
"3074",2002,152,0.00813197989229784
"3075",2002,153,0.00646573148769896
"3076",2002,154,0.352291933678985
"3077",2002,155,0.325327824784163
"3078",2002,156,0.304674225310054
"3079",2002,157,0.340208422669324
"3080",2002,158,0.346057280725353
"3081",2002,159,0.20083515053776
"3082",2002,160,0.187150758674216
"3083",2002,161,0.115039302268332
"3084",2002,162,0.0443829033201875
"3085",2002,163,0.016981280284943
"3086",2002,164,0.00937441448645762
"3087",2002,165,0.00912688899402518
"3088",2002,166,0.351893440322697
"3089",2002,167,0.256583204352395
"3090",2002,168,0.149673496394356
"3091",2002,169,0.00893351993307289
"3092",2002,170,0.418431586148627
"3093",2002,171,0.363700062139571
"3094",2002,172,0.427338615382765
"3095",2002,173,0.394429089993827
"3096",2002,174,0.329365116335316
"3097",2002,175,0.184576055096666
"3098",2002,176,0.0792552046568696
"3099",2002,177,0.0181706232250276
"3100",2002,178,0.0105356879135177
"3101",2002,179,0.0103196607006731
"3102",2002,180,0.00924146923587684
"3103",2002,181,0.00895507971932773
"3104",2002,182,0.00909237994112354
"3105",2002,183,0.0088699075600217
"3106",2002,184,0.422557266568858
"3107",2002,185,0.377683657118661
"3108",2002,186,0.408943120820905
"3109",2002,187,0.372824234450884
"3110",2002,188,0.381621805488459
"3111",2002,189,0.382039442774043
"3112",2002,190,0.378553639573275
"3113",2002,191,0.222970641870595
"3114",2002,192,0.209467310114903
"3115",2002,193,0.212188877160803
"3116",2002,194,0.212056571271646
"3117",2002,195,0.208208219623289
"3118",2002,196,0.208700945547377
"3119",2002,197,0.203083964917947
"3120",2002,198,0.200837695143761
"3121",2002,199,0.203253972701105
"3122",2002,200,0.206110852046929
"3123",2002,201,0.200916911216647
"3124",2002,202,0.167182144920777
"3125",2002,203,0.121009699958288
"3126",2002,204,0.114838884923054
"3127",2002,205,0.0984143017542174
"3128",2002,206,0.0877228199537184
"3129",2002,207,0.0650032543257202
"3130",2002,208,0.0619098802525682
"3131",2002,209,0.269270333185352
"3132",2002,210,0.0581431037225597
"3133",2002,211,0.0417869686283083
"3134",2002,212,0.0392303659600052
"3135",2002,213,0.0324547496101093
"3136",2002,214,0.0296122461597822
"3137",2002,215,0.124464824229
"3138",2002,216,0.0248426487458501
"3139",2002,217,0.200370382198485
"3140",2002,218,0.28875141020488
"3141",2002,219,0.375074409360413
"3142",2002,220,0.374027573020915
"3143",2002,221,0.308335668800716
"3144",2002,222,0.206953989034923
"3145",2002,223,0.0208640034595525
"3146",2002,224,0.200668915134233
"3147",2002,225,0.0810216185741931
"3148",2002,226,0.0112013724902805
"3149",2002,227,0.0108633355171422
"3150",2002,228,0.0111272193193238
"3151",2002,229,0.0100497802779482
"3152",2002,230,0.00974628101212612
"3153",2002,231,0.00931170138214982
"3154",2002,232,0.00898823147681515
"3155",2002,233,0.00860941656532564
"3156",2002,234,0.00828798529432498
"3157",2002,235,0.00437511577134971
"3158",2002,236,0.0041639747794205
"3159",2002,237,0.00403561566194318
"3160",2002,238,0.003748416625985
"3161",2002,239,0.00302093362497158
"3162",2002,240,0.00291580264930069
"3163",2002,241,0.00280948115266148
"3164",2002,242,0.00274678597315095
"3165",2002,243,0.00268879992999431
"3166",2002,244,0.00260562184251287
"3167",2002,245,0.00249923998035622
"3168",2002,246,0.00197195561505109
"3169",2002,247,0.00193250269772168
"3170",2002,248,0.00188556969793524
"3171",2002,249,0.00182884660394924
"3172",2002,250,0.00177837365092801
"3173",2002,251,0.173392865481987
"3174",2002,252,0.0509227477224479
"3175",2002,253,0.00501330780027296
"3176",2002,254,0.232574132168638
"3177",2002,255,0.233133825479795
"3178",2002,256,0.225186952353174
"3179",2002,257,0.20030157666852
"3180",2002,258,0.200422136783055
"3181",2002,259,0.19803296197752
"3182",2002,260,0.183918887088948
"3183",2002,261,0.164736943534217
"3184",2002,262,0.0726968251053767
"3185",2002,263,0.0736561744507226
"3186",2002,264,0.0620481193503208
"3187",2002,265,0.0603071479100521
"3188",2002,266,0.0553881131959943
"3189",2002,267,0.0584271370740491
"3190",2002,268,0.0676999081554042
"3191",2002,269,0.0449602446583421
"3192",2002,270,0.0459474464177399
"3193",2002,271,0.0436417329206759
"3194",2002,272,0.0393159975008651
"3195",2002,273,0.0364764637477514
"3196",2002,274,0.127693356994875
"3197",2002,275,0.105644076691843
"3198",2002,276,0.120267672183396
"3199",2002,277,0.0934262736461275
"3200",2002,278,0.0890426713011892
"3201",2002,279,0.0662257955869531
"3202",2002,280,0.020552005790279
"3203",2002,281,0.0191808605927684
"3204",2002,282,0.0189093787484334
"3205",2002,283,0.0168027017543726
"3206",2002,284,0.0154769742553468
"3207",2002,285,0.0111964415412208
"3208",2002,286,0.00881633600937066
"3209",2002,287,0.00761469709449152
"3210",2002,288,0.00679345776605443
"3211",2002,289,0.00649920020759488
"3212",2002,290,0.00650204963376788
"3213",2002,291,0.0067571347065142
"3214",2002,292,0.00607536144466805
"3215",2002,293,0.00620419982424361
"3216",2002,294,0.00533376953684141
"3217",2002,295,0.04075064221195
"3218",2002,296,0.0487272232978345
"3219",2002,297,0.0360595181221611
"3220",2002,298,0.0427258526503497
"3221",2002,299,0.0753885214308428
"3222",2002,300,0.0455843916714759
"3223",2002,301,0.0761815829270256
"3224",2002,302,0.0479676871473255
"3225",2002,303,0.0328089107956492
"3226",2002,304,0.0301107581838743
"3227",2002,305,0.0309033965834142
"3228",2002,306,0.0358305470436145
"3229",2002,307,0.0346818000521066
"3230",2002,308,0.0360097557966038
"3231",2002,309,0.0428147589448134
"3232",2002,310,0.0481958595041238
"3233",2002,311,0.0488641680821849
"3234",2002,312,0.0557023131280455
"3235",2002,313,0.0502660755942252
"3236",2002,314,0.0455912649435754
"3237",2002,315,0.0396269703444358
"3238",2002,316,0.0400117876242912
"3239",2002,317,0.0456723800809391
"3240",2002,318,0.0417111617896439
"3241",2002,319,0.0385743002003275
"3242",2002,320,0.0394411722438733
"3243",2002,321,0.0443960056724306
"3244",2002,322,0.0284611788996746
"3245",2002,323,0.0308562065853801
"3246",2002,324,0.0318575042442465
"3247",2002,325,0.0323577304359251
"3248",2002,326,0.0331899806111083
"3249",2002,327,0.0533698158815111
"3250",2002,328,0.0238342906753363
"3251",2002,329,0.0219108075244755
"3252",2002,330,0.0193511981285436
"3253",2002,331,0.0252204147404999
"3254",2002,332,0.0338373902955352
"3255",2002,333,0.00644578209272351
"3256",2002,334,0.0211511311898542
"3257",2002,335,0.0242039061264387
"3258",2002,336,0.0250112849492372
"3259",2002,337,0.017304085644568
"3260",2002,338,0.0166799227728609
"3261",2002,339,0.0205870014400231
"3262",2002,340,0.020632965896302
"3263",2002,341,0.020181634471724
"3264",2002,342,0.0170563930259418
"3265",2002,343,0.0204240249328592
"3266",2002,344,0.0215127489979714
"3267",2002,345,0.020127801185605
"3268",2002,346,0.0157628414492411
"3269",2002,347,0.0205352637147107
"3270",2002,348,0.0227412266455958
"3271",2002,349,0.0231460121862321
"3272",2002,350,0.0200899996561921
"3273",2002,351,0.0205971563264939
"3274",2002,352,0.0155805410662387
"3275",2002,353,0.0136814201083324
"3276",2002,354,0.0143770499370146
"3277",2002,355,0.0145767870631777
"3278",2002,356,0.0144325495902694
"3279",2002,357,0.0126536260592657
"3280",2002,358,0.0121075877607507
"3281",2002,359,0.0123103302009745
"3282",2002,360,0.0121767350965584
"3283",2002,361,0.0181099210597404
"3284",2002,362,0.0117714882812936
"3285",2002,363,0.00448992379787454
"3286",2002,364,0.00274330245076211
"3287",2002,365,0.00242087402975012
"3288",2002,366,0.00167064460411949
"3289",2003,1,0.00198530609109464
"3290",2003,2,0.00182360564695739
"3291",2003,3,0.0021523442167589
"3292",2003,4,0.00187513943830552
"3293",2003,5,0.00170636821856504
"3294",2003,6,0.00153614274404504
"3295",2003,7,0.00165114630985523
"3296",2003,8,0.00174675233884906
"3297",2003,9,0.00101788144264556
"3298",2003,10,0.000728097706011127
"3299",2003,11,0.000865216683746896
"3300",2003,12,0.00117158799123393
"3301",2003,13,0.00139399557164601
"3302",2003,14,0.0012300247382744
"3303",2003,15,0.00111190554860913
"3304",2003,16,0.00090127894844088
"3305",2003,17,0.000955429151335475
"3306",2003,18,0.000971066105235638
"3307",2003,19,0.00134507038203599
"3308",2003,20,0.00142004527218586
"3309",2003,21,0.0011121408075536
"3310",2003,22,0.000552569015869404
"3311",2003,23,0.000242864044880121
"3312",2003,24,0.000309466641795347
"3313",2003,25,0.000329891957907382
"3314",2003,26,0.000326077425834549
"3315",2003,27,0.000439564242256565
"3316",2003,28,0.00036022752125231
"3317",2003,29,0.000340079734516042
"3318",2003,30,0.000392978275410736
"3319",2003,31,0.00042114984973676
"3320",2003,32,0.00051975423712261
"3321",2003,33,0.000385483582614829
"3322",2003,34,0.000283475613406692
"3323",2003,35,0.0280541847564891
"3324",2003,36,0.0361185789458542
"3325",2003,37,0.0284915671046752
"3326",2003,38,0.0311696846598199
"3327",2003,39,0.0374062357830269
"3328",2003,40,0.0388886193245032
"3329",2003,41,0.0490417704765398
"3330",2003,42,0.0525300133929054
"3331",2003,43,0.00285951752152509
"3332",2003,44,0.000443322616045161
"3333",2003,45,0.000483402222720086
"3334",2003,46,0.0004063914448656
"3335",2003,47,0.000981134300743761
"3336",2003,48,0.00116347146081949
"3337",2003,49,0.00114173613286504
"3338",2003,50,0.00126446689964941
"3339",2003,51,0.00156577638300413
"3340",2003,52,0.00193349118464731
"3341",2003,53,0.00197197291595701
"3342",2003,54,0.0363734892865088
"3343",2003,55,0.0271584434759897
"3344",2003,56,0.0452833722977948
"3345",2003,57,0.0622626514074846
"3346",2003,58,0.0662260822728227
"3347",2003,59,0.0293219874102182
"3348",2003,60,0.0032536954348788
"3349",2003,61,0.00379853700793997
"3350",2003,62,0.00477078721881859
"3351",2003,63,0.00351068511585718
"3352",2003,64,0.0040513858996215
"3353",2003,65,0.00612661325832962
"3354",2003,66,0.00694412935279143
"3355",2003,67,0.00774073845144559
"3356",2003,68,0.00788952163637851
"3357",2003,69,0.00872441750878983
"3358",2003,70,0.00951912577215128
"3359",2003,71,0.0108121581086205
"3360",2003,72,0.0111134653517918
"3361",2003,73,0.0111006636163569
"3362",2003,74,0.0117639806079984
"3363",2003,75,0.0110973142297611
"3364",2003,76,0.11533650498503
"3365",2003,77,0.0924579910340938
"3366",2003,78,0.0952410605202282
"3367",2003,79,0.105255606060771
"3368",2003,80,0.123308878255446
"3369",2003,81,0.0985332854175487
"3370",2003,82,0.139371866444236
"3371",2003,83,0.120978072621674
"3372",2003,84,0.0965632535226926
"3373",2003,85,0.140323581830019
"3374",2003,86,0.0880476589732805
"3375",2003,87,0.0810459012152367
"3376",2003,88,0.0835604270112241
"3377",2003,89,0.107028158369999
"3378",2003,90,0.130453667404536
"3379",2003,91,0.144866879625011
"3380",2003,92,0.146907046511835
"3381",2003,93,0.122567964950762
"3382",2003,94,0.10306001966614
"3383",2003,95,0.132210880557844
"3384",2003,96,0.101470560493582
"3385",2003,97,0.103113086423891
"3386",2003,98,0.119193615723477
"3387",2003,99,0.149414967882562
"3388",2003,100,0.158750905218305
"3389",2003,101,0.163098030296222
"3390",2003,102,0.170540610414835
"3391",2003,103,0.176139209212752
"3392",2003,104,0.175272545218131
"3393",2003,105,0.0923674677192253
"3394",2003,106,0.0531477240328386
"3395",2003,107,0.0514859183651176
"3396",2003,108,0.0539608085645363
"3397",2003,109,0.0493733596692357
"3398",2003,110,0.0520550887107357
"3399",2003,111,0.0558065588713452
"3400",2003,112,0.0608749256724886
"3401",2003,113,0.188035328740865
"3402",2003,114,0.189414043582811
"3403",2003,115,0.202311428084001
"3404",2003,116,0.197179316040656
"3405",2003,117,0.2151474267176
"3406",2003,118,0.195480077681837
"3407",2003,119,0.232433912451798
"3408",2003,120,0.187093776380118
"3409",2003,121,0.176946363893139
"3410",2003,122,0.19344075082203
"3411",2003,123,0.22025549852603
"3412",2003,124,0.215457863811511
"3413",2003,125,0.199589181761437
"3414",2003,126,0.141584724916815
"3415",2003,127,0.0958605389862062
"3416",2003,128,0.237663329625978
"3417",2003,129,0.21281778380074
"3418",2003,130,0.211243725142134
"3419",2003,131,0.197431381988079
"3420",2003,132,0.230409578251637
"3421",2003,133,0.249047772641984
"3422",2003,134,0.249472299044491
"3423",2003,135,0.286164515529346
"3424",2003,136,0.274358631716398
"3425",2003,137,0.285780022506106
"3426",2003,138,0.307937203982881
"3427",2003,139,0.2190667047428
"3428",2003,140,0.229983599845129
"3429",2003,141,0.163724520758656
"3430",2003,142,0.151838327158425
"3431",2003,143,0.154478893468025
"3432",2003,144,0.158323650312202
"3433",2003,145,0.159679457686234
"3434",2003,146,0.336243778042318
"3435",2003,147,0.316862491914305
"3436",2003,148,0.321594225217911
"3437",2003,149,0.346994612046893
"3438",2003,150,0.368045373786395
"3439",2003,151,0.345519841567459
"3440",2003,152,0.352205830106086
"3441",2003,153,0.334883763394699
"3442",2003,154,0.323055861117207
"3443",2003,155,0.30512508900692
"3444",2003,156,0.313473717818449
"3445",2003,157,0.309471627531744
"3446",2003,158,0.269976703327639
"3447",2003,159,0.295000886333003
"3448",2003,160,0.363388664488616
"3449",2003,161,0.358712971735731
"3450",2003,162,0.383875221417171
"3451",2003,163,0.33231278241526
"3452",2003,164,0.363647931614982
"3453",2003,165,0.374743099008638
"3454",2003,166,0.353215429121538
"3455",2003,167,0.39674004610951
"3456",2003,168,0.380527063456901
"3457",2003,169,0.369912811377222
"3458",2003,170,0.34800382722195
"3459",2003,171,0.365579687843044
"3460",2003,172,0.360476020384575
"3461",2003,173,0.341961021282775
"3462",2003,174,0.337918607641793
"3463",2003,175,0.285034875875735
"3464",2003,176,0.188678930286835
"3465",2003,177,0.19782111460979
"3466",2003,178,0.211198439564716
"3467",2003,179,0.38907975203212
"3468",2003,180,0.339829391506796
"3469",2003,181,0.365367931055951
"3470",2003,182,0.383610065395453
"3471",2003,183,0.254453960446671
"3472",2003,184,0.235099846142246
"3473",2003,185,0.237566764562701
"3474",2003,186,0.230821124790548
"3475",2003,187,0.226282214149199
"3476",2003,188,0.213168320526618
"3477",2003,189,0.221992235587533
"3478",2003,190,0.212986649124633
"3479",2003,191,0.207739166795544
"3480",2003,192,0.202881707161115
"3481",2003,193,0.208821907943731
"3482",2003,194,0.214062187321664
"3483",2003,195,0.211397182316639
"3484",2003,196,0.20275830860022
"3485",2003,197,0.214677630309868
"3486",2003,198,0.217233630869276
"3487",2003,199,0.216386549030638
"3488",2003,200,0.204630870527362
"3489",2003,201,0.215082147529338
"3490",2003,202,0.214525212464928
"3491",2003,203,0.203519927343379
"3492",2003,204,0.209891348413218
"3493",2003,205,0.220835613748202
"3494",2003,206,0.229032344946262
"3495",2003,207,0.218936738731241
"3496",2003,208,0.209656246154527
"3497",2003,209,0.39536062876051
"3498",2003,210,0.350249961304997
"3499",2003,211,0.388615718061478
"3500",2003,212,0.358777859165597
"3501",2003,213,0.386618872229898
"3502",2003,214,0.2102402841877
"3503",2003,215,0.220473326842406
"3504",2003,216,0.215612212681559
"3505",2003,217,0.201561976961264
"3506",2003,218,0.384261299440882
"3507",2003,219,0.191182646868594
"3508",2003,220,0.153758656719612
"3509",2003,221,0.124777647071154
"3510",2003,222,0.107734907691547
"3511",2003,223,0.086584837331594
"3512",2003,224,0.0774780940450074
"3513",2003,225,0.0712811334026668
"3514",2003,226,0.0489655362043861
"3515",2003,227,0.037143016129484
"3516",2003,228,0.0360357584386704
"3517",2003,229,0.270428240889777
"3518",2003,230,0.265317136270596
"3519",2003,231,0.269716006776046
"3520",2003,232,0.170100983043233
"3521",2003,233,0.0326871139014604
"3522",2003,234,0.0290251317664229
"3523",2003,235,0.0256152780036027
"3524",2003,236,0.024469592851345
"3525",2003,237,0.0228553282978141
"3526",2003,238,0.021073019095444
"3527",2003,239,0.0141565306924049
"3528",2003,240,0.0111023861804447
"3529",2003,241,0.292637266359683
"3530",2003,242,0.25858825668505
"3531",2003,243,0.273195195492314
"3532",2003,244,0.253048492069539
"3533",2003,245,0.288527898569584
"3534",2003,246,0.238608562134156
"3535",2003,247,0.242873414358315
"3536",2003,248,0.251917960686352
"3537",2003,249,0.246385284024659
"3538",2003,250,0.260077076704383
"3539",2003,251,0.261775113049897
"3540",2003,252,0.213249798676832
"3541",2003,253,0.231319790457641
"3542",2003,254,0.184425410144702
"3543",2003,255,0.228259982455481
"3544",2003,256,0.172071042000953
"3545",2003,257,0.165008518228229
"3546",2003,258,0.185911041866467
"3547",2003,259,0.193740450382289
"3548",2003,260,0.201435975598933
"3549",2003,261,0.139330789356161
"3550",2003,262,0.151722061292676
"3551",2003,263,0.161707551782851
"3552",2003,264,0.153719653487525
"3553",2003,265,0.148986385750323
"3554",2003,266,0.153922294181196
"3555",2003,267,0.0622682693889997
"3556",2003,268,0.0635746586099926
"3557",2003,269,0.0604535654525848
"3558",2003,270,0.0534879289808093
"3559",2003,271,0.0484251773087057
"3560",2003,272,0.0448927926553478
"3561",2003,273,0.0409078138515913
"3562",2003,274,0.0407060650542208
"3563",2003,275,0.0426140538896268
"3564",2003,276,0.0416405461505954
"3565",2003,277,0.0378875317037755
"3566",2003,278,0.038986396191249
"3567",2003,279,0.0380274012817328
"3568",2003,280,0.0364250924467343
"3569",2003,281,0.0363450243645919
"3570",2003,282,0.0348532838616661
"3571",2003,283,0.13780423246432
"3572",2003,284,0.0859869225192958
"3573",2003,285,0.0903050628435457
"3574",2003,286,0.0791134386281081
"3575",2003,287,0.069483844861193
"3576",2003,288,0.0644195079334652
"3577",2003,289,0.0252124114626683
"3578",2003,290,0.0269607056867182
"3579",2003,291,0.0272855485165663
"3580",2003,292,0.0251892762334027
"3581",2003,293,0.0241992485017068
"3582",2003,294,0.0232340532812271
"3583",2003,295,0.0223331769753374
"3584",2003,296,0.0212515420188638
"3585",2003,297,0.0161722544764526
"3586",2003,298,0.0122164799661693
"3587",2003,299,0.0131623889207931
"3588",2003,300,0.0156936169376349
"3589",2003,301,0.0133299602157484
"3590",2003,302,0.0150142311627074
"3591",2003,303,0.00856541047166492
"3592",2003,304,0.041654078613008
"3593",2003,305,0.0364147565738929
"3594",2003,306,0.0496699580391758
"3595",2003,307,0.0351645492113633
"3596",2003,308,0.0378395082652678
"3597",2003,309,0.0303775995846931
"3598",2003,310,0.0339429586147923
"3599",2003,311,0.0352002522938132
"3600",2003,312,0.0336760177983918
"3601",2003,313,0.0341334457370025
"3602",2003,314,0.0357384909412142
"3603",2003,315,0.0331426745538199
"3604",2003,316,0.0253764101232762
"3605",2003,317,0.012567616218484
"3606",2003,318,0.00770910028488043
"3607",2003,319,0.00610832225566307
"3608",2003,320,0.00489032711420027
"3609",2003,321,0.0047094774989327
"3610",2003,322,0.00434707148298626
"3611",2003,323,0.0047886230874213
"3612",2003,324,0.00436982623541393
"3613",2003,325,0.0287136271957867
"3614",2003,326,0.0197422921567478
"3615",2003,327,0.0161996553252317
"3616",2003,328,0.0241508470011649
"3617",2003,329,0.0255136385828935
"3618",2003,330,0.025075509166467
"3619",2003,331,0.0230048028941033
"3620",2003,332,0.0245438867465813
"3621",2003,333,0.0372460019796168
"3622",2003,334,0.0378150482675093
"3623",2003,335,0.0301298308856029
"3624",2003,336,0.0339393633676724
"3625",2003,337,0.0292405397907507
"3626",2003,338,0.0223261692025763
"3627",2003,339,0.0188614739197542
"3628",2003,340,0.0300766370051115
"3629",2003,341,0.0357720117343931
"3630",2003,342,0.0235027205890297
"3631",2003,343,0.0181945579648471
"3632",2003,344,0.0161990120700023
"3633",2003,345,0.0169650354837733
"3634",2003,346,0.0170876257692585
"3635",2003,347,0.0136161459423504
"3636",2003,348,0.0137235046826155
"3637",2003,349,0.00482592624935495
"3638",2003,350,0.00328725312530273
"3639",2003,351,0.00380897266455358
"3640",2003,352,0.00250427134133366
"3641",2003,353,0.00283959772636074
"3642",2003,354,0.00286652425984459
"3643",2003,355,0.0419817151629449
"3644",2003,356,0.0224922025472751
"3645",2003,357,0.01731070039243
"3646",2003,358,0.0197169153843003
"3647",2003,359,0.0198669464868242
"3648",2003,360,0.0198420829109746
"3649",2003,361,0.0156819383208167
"3650",2003,362,0.014890621331042
"3651",2003,363,0.0150769063720579
"3652",2003,364,0.0200513644856161
"3653",2003,365,0.0202030221003516
"3654",2004,1,0.0233081790337627
"3655",2004,2,0.0210952838428438
"3656",2004,3,0.020967263535473
"3657",2004,4,0.0150158714810714
"3658",2004,5,0.0090810392545817
"3659",2004,6,0.0121198681169844
"3660",2004,7,0.0220683024281488
"3661",2004,8,0.0308155338135723
"3662",2004,9,0.0334578068408672
"3663",2004,10,0.0359935377476357
"3664",2004,11,0.0360046098684321
"3665",2004,12,0.0339028179638308
"3666",2004,13,0.035169194608604
"3667",2004,14,0.0378714231682791
"3668",2004,15,0.0372884814102146
"3669",2004,16,0.0361833060731408
"3670",2004,17,0.0350386330376815
"3671",2004,18,0.0287245550581651
"3672",2004,19,0.0315839776588494
"3673",2004,20,0.0313252602643791
"3674",2004,21,0.0321170954210943
"3675",2004,22,0.0330754700923602
"3676",2004,23,0.0461525302717129
"3677",2004,24,0.0422664283114865
"3678",2004,25,0.0362424737634956
"3679",2004,26,0.0275489989795287
"3680",2004,27,0.0149270197370902
"3681",2004,28,0.0330401679999743
"3682",2004,29,0.0351166935133946
"3683",2004,30,0.0392940898385215
"3684",2004,31,0.0317373448092888
"3685",2004,32,0.0260802620588437
"3686",2004,33,0.0268059325543423
"3687",2004,34,0.038086428485842
"3688",2004,35,0.0376524879574376
"3689",2004,36,0.0333407138716894
"3690",2004,37,0.0357156529275557
"3691",2004,38,0.0390197427882639
"3692",2004,39,0.0409784003895953
"3693",2004,40,0.0424508062060596
"3694",2004,41,0.0408007110513798
"3695",2004,42,0.0348471502780778
"3696",2004,43,0.028500770980769
"3697",2004,44,0.0481147151949931
"3698",2004,45,0.0567447630244362
"3699",2004,46,0.063619342590425
"3700",2004,47,0.06495043756199
"3701",2004,48,0.0735425407176925
"3702",2004,49,0.0888659219338271
"3703",2004,50,0.0182326556411734
"3704",2004,51,0.0519158401873588
"3705",2004,52,0.0514505271597896
"3706",2004,53,0.0528154209630082
"3707",2004,54,0.0485827527247207
"3708",2004,55,0.0100451047231494
"3709",2004,56,0.00957283171818496
"3710",2004,57,0.00907073793256987
"3711",2004,58,0.00899409171624261
"3712",2004,59,0.00750302571743545
"3713",2004,60,0.00673775911927797
"3714",2004,61,0.00737759262558831
"3715",2004,62,0.00740614185497876
"3716",2004,63,0.00790353825240568
"3717",2004,64,0.00847461700236415
"3718",2004,65,0.00824443033967987
"3719",2004,66,0.00962385048347384
"3720",2004,67,0.0102901646901403
"3721",2004,68,0.0120944723174583
"3722",2004,69,0.0120174562638407
"3723",2004,70,0.0114152437461709
"3724",2004,71,0.00969814135708002
"3725",2004,72,0.0112908805499114
"3726",2004,73,0.0121930040092912
"3727",2004,74,0.0110378057418952
"3728",2004,75,0.0124801545256285
"3729",2004,76,0.0139233965080348
"3730",2004,77,0.0158521435124433
"3731",2004,78,0.0160880484521109
"3732",2004,79,0.0192419410357086
"3733",2004,80,0.0164666388903235
"3734",2004,81,0.0165264313530443
"3735",2004,82,0.0202266224941693
"3736",2004,83,0.0222023961923127
"3737",2004,84,0.0237998517435101
"3738",2004,85,0.024190932292389
"3739",2004,86,0.0243026833661206
"3740",2004,87,0.0218070920887157
"3741",2004,88,0.0197800227099893
"3742",2004,89,0.0222136668127395
"3743",2004,90,0.0247485729751775
"3744",2004,91,0.0285436123053712
"3745",2004,92,0.0310127886276719
"3746",2004,93,0.0286696699608052
"3747",2004,94,0.0334291915105401
"3748",2004,95,0.0299825743436909
"3749",2004,96,0.0333927650890038
"3750",2004,97,0.0337953513901618
"3751",2004,98,0.0328325786630015
"3752",2004,99,0.171148031880376
"3753",2004,100,0.148051449064357
"3754",2004,101,0.108393376021503
"3755",2004,102,0.148304354905266
"3756",2004,103,0.116311687985593
"3757",2004,104,0.152016694337102
"3758",2004,105,0.16817682162556
"3759",2004,106,0.172772190322274
"3760",2004,107,0.174525315708096
"3761",2004,108,0.14758629953951
"3762",2004,109,0.0515624430670219
"3763",2004,110,0.0497814953915065
"3764",2004,111,0.0528325423877664
"3765",2004,112,0.180675846014566
"3766",2004,113,0.140315641409443
"3767",2004,114,0.153898277258489
"3768",2004,115,0.197534199348755
"3769",2004,116,0.174480046269335
"3770",2004,117,0.168586148426107
"3771",2004,118,0.0742958473943477
"3772",2004,119,0.108994732454193
"3773",2004,120,0.169739789781776
"3774",2004,121,0.184634265805418
"3775",2004,122,0.168575645652658
"3776",2004,123,0.078548017129076
"3777",2004,124,0.0914291633976629
"3778",2004,125,0.0932439039444658
"3779",2004,126,0.105639710338497
"3780",2004,127,0.110996688654039
"3781",2004,128,0.10777393376394
"3782",2004,129,0.111569119741487
"3783",2004,130,0.149297396289312
"3784",2004,131,0.147535605933199
"3785",2004,132,0.292252033056863
"3786",2004,133,0.226830225188888
"3787",2004,134,0.208178174494822
"3788",2004,135,0.25032952058107
"3789",2004,136,0.270062155502465
"3790",2004,137,0.29810448266372
"3791",2004,138,0.288622728980084
"3792",2004,139,0.258150511027828
"3793",2004,140,0.174710358401517
"3794",2004,141,0.131139759662763
"3795",2004,142,0.175787979029329
"3796",2004,143,0.182318062626517
"3797",2004,144,0.121877244577485
"3798",2004,145,0.275353158049757
"3799",2004,146,0.230921135654428
"3800",2004,147,0.0965832805973209
"3801",2004,148,0.0855733283203108
"3802",2004,149,0.0792026746295336
"3803",2004,150,0.234697814549799
"3804",2004,151,0.0521861100179066
"3805",2004,152,0.0561291311028796
"3806",2004,153,0.0507032418791732
"3807",2004,154,0.0398111634892078
"3808",2004,155,0.0719343173486392
"3809",2004,156,0.0723782658575616
"3810",2004,157,0.038893465970735
"3811",2004,158,0.038446069803153
"3812",2004,159,0.0334212424703375
"3813",2004,160,0.0696761250066019
"3814",2004,161,0.0311806579543515
"3815",2004,162,0.0301553976963648
"3816",2004,163,0.0274974147657402
"3817",2004,164,0.0512561785177644
"3818",2004,165,0.0132139758883129
"3819",2004,166,0.0537474194650849
"3820",2004,167,0.018122168583339
"3821",2004,168,0.294333711149256
"3822",2004,169,0.321221427097174
"3823",2004,170,0.303426861102651
"3824",2004,171,0.300909017548572
"3825",2004,172,0.37237038941266
"3826",2004,173,0.332645238839889
"3827",2004,174,0.31787501734461
"3828",2004,175,0.373056156962469
"3829",2004,176,0.359444980921055
"3830",2004,177,0.366777246796596
"3831",2004,178,0.362747044431469
"3832",2004,179,0.318314140102409
"3833",2004,180,0.34281857256881
"3834",2004,181,0.308798690643329
"3835",2004,182,0.262676597409172
"3836",2004,183,0.274806819979791
"3837",2004,184,0.0734049023049159
"3838",2004,185,0.0466391731338089
"3839",2004,186,0.136400528648383
"3840",2004,187,0.0536913546341299
"3841",2004,188,0.0184061628544937
"3842",2004,189,0.0157076146358714
"3843",2004,190,0.0156834080493705
"3844",2004,191,0.0130855804493255
"3845",2004,192,0.0124627383510541
"3846",2004,193,0.0123203855676352
"3847",2004,194,0.011443810016233
"3848",2004,195,0.0104076253009665
"3849",2004,196,0.358076133791429
"3850",2004,197,0.392364496615315
"3851",2004,198,0.278080392289422
"3852",2004,199,0.191394121062403
"3853",2004,200,0.0126957920167401
"3854",2004,201,0.0123999315525258
"3855",2004,202,0.31021713531916
"3856",2004,203,0.148110022087353
"3857",2004,204,0.22288449547
"3858",2004,205,0.312230091787823
"3859",2004,206,0.278966054712203
"3860",2004,207,0.206782269323342
"3861",2004,208,0.222720424961759
"3862",2004,209,0.017886340503431
"3863",2004,210,0.0849682299048097
"3864",2004,211,0.0101483186585543
"3865",2004,212,0.00911226812070506
"3866",2004,213,0.14139448706517
"3867",2004,214,0.00485456619583858
"3868",2004,215,0.00381774999359796
"3869",2004,216,0.00313039640423009
"3870",2004,217,0.00272892968368554
"3871",2004,218,0.330851830613721
"3872",2004,219,0.215948837350826
"3873",2004,220,0.0789606248111744
"3874",2004,221,0.00199411942731519
"3875",2004,222,0.00198203994949409
"3876",2004,223,0.00159068334838392
"3877",2004,224,0.00121359414798687
"3878",2004,225,0.00120645169238514
"3879",2004,226,0.00119033563537303
"3880",2004,227,0.00115799968924363
"3881",2004,228,0.0011186537156884
"3882",2004,229,0.00109102498465001
"3883",2004,230,0.00106654953333873
"3884",2004,231,0.285939177415166
"3885",2004,232,0.226408578075316
"3886",2004,233,0.242625796254105
"3887",2004,234,0.145883438678826
"3888",2004,235,0.0372588935713496
"3889",2004,236,0.00665277609046011
"3890",2004,237,0.00560798591905033
"3891",2004,238,0.00502444400554644
"3892",2004,239,0.286199718170381
"3893",2004,240,0.265135717959127
"3894",2004,241,0.228127465177609
"3895",2004,242,0.233818770592007
"3896",2004,243,0.204714797590089
"3897",2004,244,0.02267058587476
"3898",2004,245,0.0081657344719837
"3899",2004,246,0.00766611953448078
"3900",2004,247,0.00455138393637749
"3901",2004,248,0.253173960793128
"3902",2004,249,0.209005351047483
"3903",2004,250,0.197205963583287
"3904",2004,251,0.164842199222952
"3905",2004,252,0.0385307536493048
"3906",2004,253,0.0177136865017072
"3907",2004,254,0.19838952050458
"3908",2004,255,0.131171181506595
"3909",2004,256,0.0244555889730412
"3910",2004,257,0.220098231908282
"3911",2004,258,0.216705956533756
"3912",2004,259,0.170681853904241
"3913",2004,260,0.175969617535732
"3914",2004,261,0.177530626985873
"3915",2004,262,0.136009089376887
"3916",2004,263,0.0128028798410955
"3917",2004,264,0.181876169685811
"3918",2004,265,0.159883714587956
"3919",2004,266,0.128912627528382
"3920",2004,267,0.135269780977054
"3921",2004,268,0.173271675742646
"3922",2004,269,0.13754877421131
"3923",2004,270,0.140821951733473
"3924",2004,271,0.135562760680129
"3925",2004,272,0.120730488517659
"3926",2004,273,0.119900066058912
"3927",2004,274,0.144315267870747
"3928",2004,275,0.100978526022307
"3929",2004,276,0.11095420779438
"3930",2004,277,0.144762872446191
"3931",2004,278,0.107250543872818
"3932",2004,279,0.132568861041014
"3933",2004,280,0.127188449775304
"3934",2004,281,0.103990477496931
"3935",2004,282,0.0946944478397914
"3936",2004,283,0.0964788943520659
"3937",2004,284,0.0898122336819155
"3938",2004,285,0.0833278641559226
"3939",2004,286,0.114261553291973
"3940",2004,287,0.0726113166081996
"3941",2004,288,0.0772563566940863
"3942",2004,289,0.0938133596219033
"3943",2004,290,0.0739667729584633
"3944",2004,291,0.104303871365655
"3945",2004,292,0.0703171932804727
"3946",2004,293,0.0676427553789007
"3947",2004,294,0.0657285264757943
"3948",2004,295,0.0276789464540102
"3949",2004,296,0.0182859800852079
"3950",2004,297,0.0167876262559479
"3951",2004,298,0.0875577151749007
"3952",2004,299,0.0538932309555571
"3953",2004,300,0.053681383209694
"3954",2004,301,0.0490602806944879
"3955",2004,302,0.0185122506251716
"3956",2004,303,0.0136682028930719
"3957",2004,304,0.0118478117991571
"3958",2004,305,0.0715977341402599
"3959",2004,306,0.0314327616183369
"3960",2004,307,0.0309054254453031
"3961",2004,308,0.0218667856699013
"3962",2004,309,0.0105340354042692
"3963",2004,310,0.0116639371326956
"3964",2004,311,0.00692371107619626
"3965",2004,312,0.00553595068636949
"3966",2004,313,0.00533699489572435
"3967",2004,314,0.0678696924756441
"3968",2004,315,0.0327475137702346
"3969",2004,316,0.0268460329457326
"3970",2004,317,0.0273938824103416
"3971",2004,318,0.0243952898735932
"3972",2004,319,0.0269209810911568
"3973",2004,320,0.0287339688737107
"3974",2004,321,0.0312116490837912
"3975",2004,322,0.0275825905659699
"3976",2004,323,0.00636342714011611
"3977",2004,324,0.0532401809543088
"3978",2004,325,0.0275044743234631
"3979",2004,326,0.0257440519468045
"3980",2004,327,0.0324861310557839
"3981",2004,328,0.0274017078076558
"3982",2004,329,0.0274077303199467
"3983",2004,330,0.0360588004635037
"3984",2004,331,0.0323156401038089
"3985",2004,332,0.0214051637191805
"3986",2004,333,0.0196464871861101
"3987",2004,334,0.015240219351204
"3988",2004,335,0.0164924545211685
"3989",2004,336,0.0185975674704313
"3990",2004,337,0.0170242306817166
"3991",2004,338,0.0214758885661748
"3992",2004,339,0.0246083955328578
"3993",2004,340,0.0240185181450903
"3994",2004,341,0.0227830498642088
"3995",2004,342,0.0227435842157482
"3996",2004,343,0.0269214681233268
"3997",2004,344,0.0295235989082405
"3998",2004,345,0.0316443272377307
"3999",2004,346,0.0371535998691149
"4000",2004,347,0.0281014787319722
"4001",2004,348,0.0203022772693636
"4002",2004,349,0.022776405842631
"4003",2004,350,0.0274665201866931
"4004",2004,351,0.0256212502350769
"4005",2004,352,0.026622785934094
"4006",2004,353,0.0265819846040445
"4007",2004,354,0.0288472053571333
"4008",2004,355,0.0292554842176205
"4009",2004,356,0.0193430739578535
"4010",2004,357,0.0156620197660832
"4011",2004,358,0.0107770439395437
"4012",2004,359,0.015605624947813
"4013",2004,360,0.0275149768844641
"4014",2004,361,0.0273825729859963
"4015",2004,362,0.0306417893356903
"4016",2004,363,0.0319136876278266
"4017",2004,364,0.0290996309190452
"4018",2004,365,0.0305629624750809
"4019",2005,1,0.0278925659156137
"4020",2005,2,0.0221124133756414
"4021",2005,3,0.0241909808366741
"4022",2005,4,0.0168304212807135
"4023",2005,5,0.0114376957879022
"4024",2005,6,0.0159444960280527
"4025",2005,7,0.0180920462771861
"4026",2005,8,0.023931143564475
"4027",2005,9,0.0341054319254582
"4028",2005,10,0.0322839180574799
"4029",2005,11,0.0311526223755411
"4030",2005,12,0.0270065145129107
"4031",2005,13,0.0237262673611955
"4032",2005,14,0.0212783923003866
"4033",2005,15,0.0203546395094428
"4034",2005,16,0.02333557786298
"4035",2005,17,0.0319124067056678
"4036",2005,18,0.0417164099019875
"4037",2005,19,0.0478625868085667
"4038",2005,20,0.0533934107935285
"4039",2005,21,0.0487301191273538
"4040",2005,22,0.0381028229162385
"4041",2005,23,0.0498023784575639
"4042",2005,24,0.0521270953270128
"4043",2005,25,0.0506900744731654
"4044",2005,26,0.0448542642833343
"4045",2005,27,0.0342935783450773
"4046",2005,28,0.0364042157168812
"4047",2005,29,0.0609387742683644
"4048",2005,30,0.0616216476454204
"4049",2005,31,0.0315335594553688
"4050",2005,32,0.0309296698715051
"4051",2005,33,0.0372162489438271
"4052",2005,34,0.0433579095081323
"4053",2005,35,0.0458269080325623
"4054",2005,36,0.0438840941875626
"4055",2005,37,0.0341103528778282
"4056",2005,38,0.0416419149101166
"4057",2005,39,0.0442333665285979
"4058",2005,40,0.0486713822323585
"4059",2005,41,0.055753027140217
"4060",2005,42,0.0479605819229806
"4061",2005,43,0.0562886694886265
"4062",2005,44,0.0581956945471346
"4063",2005,45,0.0840075987529041
"4064",2005,46,0.0512690466675569
"4065",2005,47,0.0476225779398759
"4066",2005,48,0.0203257026360309
"4067",2005,49,0.0430915854736498
"4068",2005,50,0.0559975277322416
"4069",2005,51,0.0578129525541143
"4070",2005,52,0.0498976394921344
"4071",2005,53,0.00484075024607344
"4072",2005,54,0.00494370599710236
"4073",2005,55,0.00496233932216486
"4074",2005,56,0.0053211027767395
"4075",2005,57,0.00552942643126065
"4076",2005,58,0.00549888689791207
"4077",2005,59,0.00551720216471653
"4078",2005,60,0.0051710376051206
"4079",2005,61,0.00520335526232277
"4080",2005,62,0.00560710070498293
"4081",2005,63,0.00620286473725883
"4082",2005,64,0.00671943002448044
"4083",2005,65,0.00749732962775645
"4084",2005,66,0.00753833495034667
"4085",2005,67,0.00757053743522674
"4086",2005,68,0.0092297035090055
"4087",2005,69,0.00866318881804607
"4088",2005,70,0.00987807337061744
"4089",2005,71,0.115322688341964
"4090",2005,72,0.059025868063723
"4091",2005,73,0.0529505080587607
"4092",2005,74,0.0608582905680279
"4093",2005,75,0.075045283386452
"4094",2005,76,0.0810798954427536
"4095",2005,77,0.0144026934839178
"4096",2005,78,0.0159315942557349
"4097",2005,79,0.123104886961615
"4098",2005,80,0.117370726610089
"4099",2005,81,0.0936784379630806
"4100",2005,82,0.118083765738865
"4101",2005,83,0.080903707155109
"4102",2005,84,0.073028405863096
"4103",2005,85,0.0929504008798569
"4104",2005,86,0.10575738273792
"4105",2005,87,0.126154976144668
"4106",2005,88,0.113545088898335
"4107",2005,89,0.133014996013915
"4108",2005,90,0.0989339655976347
"4109",2005,91,0.110125418021923
"4110",2005,92,0.112819567097829
"4111",2005,93,0.03093479397965
"4112",2005,94,0.17000977206467
"4113",2005,95,0.128607601422648
"4114",2005,96,0.0439579270130208
"4115",2005,97,0.038997358034644
"4116",2005,98,0.0674131433967782
"4117",2005,99,0.036377851394667
"4118",2005,100,0.0304323488109796
"4119",2005,101,0.0346658143768035
"4120",2005,102,0.0386327572099362
"4121",2005,103,0.0382347844823401
"4122",2005,104,0.0414159670137457
"4123",2005,105,0.038556717918304
"4124",2005,106,0.0414334447288722
"4125",2005,107,0.0489634034326554
"4126",2005,108,0.0513132058251669
"4127",2005,109,0.20405999789169
"4128",2005,110,0.180749769725904
"4129",2005,111,0.160513066875578
"4130",2005,112,0.162222716550839
"4131",2005,113,0.171142952074255
"4132",2005,114,0.193282227362663
"4133",2005,115,0.16952667519009
"4134",2005,116,0.174034303308951
"4135",2005,117,0.187789735032342
"4136",2005,118,0.170249756360488
"4137",2005,119,0.171234369112169
"4138",2005,120,0.135863712045488
"4139",2005,121,0.145428353480904
"4140",2005,122,0.164401215638092
"4141",2005,123,0.177024463318436
"4142",2005,124,0.202376461736709
"4143",2005,125,0.220993081030401
"4144",2005,126,0.26169929955824
"4145",2005,127,0.2469659427358
"4146",2005,128,0.223417357784122
"4147",2005,129,0.227249461822342
"4148",2005,130,0.237795897082855
"4149",2005,131,0.226169264963672
"4150",2005,132,0.19663339749946
"4151",2005,133,0.216209126768108
"4152",2005,134,0.124118355412839
"4153",2005,135,0.119784995968055
"4154",2005,136,0.130841927977279
"4155",2005,137,0.128388626938755
"4156",2005,138,0.12962707424956
"4157",2005,139,0.140310732072036
"4158",2005,140,0.149031983088939
"4159",2005,141,0.151123204578293
"4160",2005,142,0.14720097631932
"4161",2005,143,0.14943794442804
"4162",2005,144,0.280450956525182
"4163",2005,145,0.12574995684553
"4164",2005,146,0.128420573439674
"4165",2005,147,0.125895897627925
"4166",2005,148,0.118963822889063
"4167",2005,149,0.290936933875111
"4168",2005,150,0.267027545175558
"4169",2005,151,0.305183580713718
"4170",2005,152,0.335653233340374
"4171",2005,153,0.320973032786788
"4172",2005,154,0.323351793920556
"4173",2005,155,0.302330384526566
"4174",2005,156,0.300334788494698
"4175",2005,157,0.326060773036675
"4176",2005,158,0.317356608797146
"4177",2005,159,0.313457314574308
"4178",2005,160,0.347284642177384
"4179",2005,161,0.319663145573875
"4180",2005,162,0.325950817093505
"4181",2005,163,0.332080370275909
"4182",2005,164,0.313799272309332
"4183",2005,165,0.313347405639189
"4184",2005,166,0.352414525072171
"4185",2005,167,0.357982998980707
"4186",2005,168,0.367353232942317
"4187",2005,169,0.359168835408791
"4188",2005,170,0.242014269799012
"4189",2005,171,0.247037712769466
"4190",2005,172,0.236799157824544
"4191",2005,173,0.23916230825812
"4192",2005,174,0.27242114963903
"4193",2005,175,0.229111708967323
"4194",2005,176,0.227182526055617
"4195",2005,177,0.227485291147791
"4196",2005,178,0.222025645753988
"4197",2005,179,0.260261356631077
"4198",2005,180,0.217408787817416
"4199",2005,181,0.205845390854652
"4200",2005,182,0.214933119371702
"4201",2005,183,0.221047906033188
"4202",2005,184,0.357515260665022
"4203",2005,185,0.365015045766479
"4204",2005,186,0.206145483454612
"4205",2005,187,0.21016218198149
"4206",2005,188,0.21691931345925
"4207",2005,189,0.421097092472238
"4208",2005,190,0.380791308568162
"4209",2005,191,0.366708422271676
"4210",2005,192,0.208207877001822
"4211",2005,193,0.208345257697126
"4212",2005,194,0.207871079052142
"4213",2005,195,0.202597315058668
"4214",2005,196,0.368425933247815
"4215",2005,197,0.195837398161748
"4216",2005,198,0.185930736908387
"4217",2005,199,0.17857074978587
"4218",2005,200,0.188770295919634
"4219",2005,201,0.183132801044696
"4220",2005,202,0.1524208223239
"4221",2005,203,0.116769821520857
"4222",2005,204,0.141116604307786
"4223",2005,205,0.203126222106125
"4224",2005,206,0.37010902122686
"4225",2005,207,0.338185840639628
"4226",2005,208,0.333879111330069
"4227",2005,209,0.282088532876955
"4228",2005,210,0.0890899322690087
"4229",2005,211,0.0548610348740005
"4230",2005,212,0.0440785425002731
"4231",2005,213,0.040681240207466
"4232",2005,214,0.259854702781822
"4233",2005,215,0.245028753854033
"4234",2005,216,0.14899964397875
"4235",2005,217,0.0300933403969881
"4236",2005,218,0.0298782998422944
"4237",2005,219,0.0294988095059881
"4238",2005,220,0.02877287440545
"4239",2005,221,0.227369962470785
"4240",2005,222,0.201438299413144
"4241",2005,223,0.369316936999305
"4242",2005,224,0.3111612960373
"4243",2005,225,0.315827996930569
"4244",2005,226,0.278998299429351
"4245",2005,227,0.169225014016023
"4246",2005,228,0.0184201990304953
"4247",2005,229,0.0174153283793045
"4248",2005,230,0.0160954499384424
"4249",2005,231,0.0122692242808103
"4250",2005,232,0.0118570069684728
"4251",2005,233,0.0113971209582962
"4252",2005,234,0.246613679066389
"4253",2005,235,0.301690339400535
"4254",2005,236,0.225239099744035
"4255",2005,237,0.253991805081936
"4256",2005,238,0.146257375944733
"4257",2005,239,0.013237264916102
"4258",2005,240,0.0123821416804172
"4259",2005,241,0.00916684708116782
"4260",2005,242,0.00808008169492293
"4261",2005,243,0.00710132258712661
"4262",2005,244,0.00707407857126467
"4263",2005,245,0.00705871760917847
"4264",2005,246,0.00695217312908654
"4265",2005,247,0.00672240648075391
"4266",2005,248,0.00649646109950525
"4267",2005,249,0.00602367289682788
"4268",2005,250,0.00544889727459896
"4269",2005,251,0.00532985482853043
"4270",2005,252,0.0322308133865933
"4271",2005,253,0.00494679302478437
"4272",2005,254,0.00471814011223232
"4273",2005,255,0.00455869855743611
"4274",2005,256,0.0397435045949224
"4275",2005,257,0.00817120026937527
"4276",2005,258,0.00761654837611762
"4277",2005,259,0.00713635707516547
"4278",2005,260,0.00521790336008296
"4279",2005,261,0.00136100337794649
"4280",2005,262,0.0011601277267997
"4281",2005,263,0.00115228418418437
"4282",2005,264,0.0898074260356632
"4283",2005,265,0.000957280481443147
"4284",2005,266,0.000943370789650968
"4285",2005,267,0.0238787881318606
"4286",2005,268,0.000849999475733497
"4287",2005,269,0.000813975155284311
"4288",2005,270,0.13784464998271
"4289",2005,271,0.0736037691542966
"4290",2005,272,0.00411973424571156
"4291",2005,273,0.00407980123288506
"4292",2005,274,0.00385201710979474
"4293",2005,275,0.00351000313968368
"4294",2005,276,0.000609522412011121
"4295",2005,277,0.130339214897941
"4296",2005,278,0.088895139926817
"4297",2005,279,0.081985392816937
"4298",2005,280,0.0897062735211516
"4299",2005,281,0.0948123896099271
"4300",2005,282,0.11334070597185
"4301",2005,283,0.0985387798079732
"4302",2005,284,0.0736725392386821
"4303",2005,285,0.0804234719626246
"4304",2005,286,0.083068916938622
"4305",2005,287,0.086264760349559
"4306",2005,288,0.082674690923633
"4307",2005,289,0.0851155372233072
"4308",2005,290,0.0850536851726998
"4309",2005,291,0.0839619722705239
"4310",2005,292,0.0948472332629762
"4311",2005,293,0.099502110724064
"4312",2005,294,0.0647968485851167
"4313",2005,295,0.0610731716336999
"4314",2005,296,0.0530621830273164
"4315",2005,297,0.0594951630470661
"4316",2005,298,0.0626055286937353
"4317",2005,299,0.060545248556811
"4318",2005,300,0.0552160595177259
"4319",2005,301,0.0586208501278889
"4320",2005,302,0.0543227067286401
"4321",2005,303,0.0757926659065899
"4322",2005,304,0.044820457194001
"4323",2005,305,0.0529675324373247
"4324",2005,306,0.0539131234489486
"4325",2005,307,0.0516743688569573
"4326",2005,308,0.0453162790253439
"4327",2005,309,0.040372945521745
"4328",2005,310,0.0410029885113077
"4329",2005,311,0.0416181402418041
"4330",2005,312,0.0428818448739324
"4331",2005,313,0.0338317951828397
"4332",2005,314,0.0390878326467778
"4333",2005,315,0.0708206760455686
"4334",2005,316,0.0361698546269559
"4335",2005,317,0.0281348288968448
"4336",2005,318,0.0557084390524619
"4337",2005,319,0.0209477363656368
"4338",2005,320,0.0213165871576152
"4339",2005,321,0.0228590920328271
"4340",2005,322,0.0275688650294293
"4341",2005,323,0.0263438466656263
"4342",2005,324,0.0285610622381481
"4343",2005,325,0.0287622958330121
"4344",2005,326,0.0268755230450999
"4345",2005,327,0.00993934719602593
"4346",2005,328,0.0049011714595437
"4347",2005,329,0.00393855129624142
"4348",2005,330,0.00344998013349326
"4349",2005,331,0.00256845630103939
"4350",2005,332,0.00191049381770175
"4351",2005,333,0.00172103777289583
"4352",2005,334,0.00164040424290964
"4353",2005,335,0.00144123213455979
"4354",2005,336,0.00188412155132853
"4355",2005,337,0.00142915127626509
"4356",2005,338,0.00103165866922329
"4357",2005,339,0.00099817451547544
"4358",2005,340,0.0143743244920592
"4359",2005,341,0.00862657189281717
"4360",2005,342,0.0115018459117406
"4361",2005,343,0.0165408765171991
"4362",2005,344,0.0216641911072797
"4363",2005,345,0.0256876074133876
"4364",2005,346,0.0266345934799852
"4365",2005,347,0.0262534545414829
"4366",2005,348,0.01882949268767
"4367",2005,349,0.0179580473350753
"4368",2005,350,0.0147984901953427
"4369",2005,351,0.0119945062843385
"4370",2005,352,0.0119718700546691
"4371",2005,353,0.0153545629138307
"4372",2005,354,0.0207297652637221
"4373",2005,355,0.0291415962218713
"4374",2005,356,0.0335693962471052
"4375",2005,357,0.0336815855806042
"4376",2005,358,0.0305332869678679
"4377",2005,359,0.0338928762914299
"4378",2005,360,0.0343271695704925
"4379",2005,361,0.0318287898524801
"4380",2005,362,0.032008622138196
"4381",2005,363,0.0302198421605912
"4382",2005,364,0.0103935560731591
"4383",2005,365,0.00134455780450981
"4384",2006,1,0.00134074567897643
"4385",2006,2,0.00122026857187763
"4386",2006,3,0.00123989991664332
"4387",2006,4,0.00106214144720648
"4388",2006,5,0.00105499006844657
"4389",2006,6,0.0013116827405825
"4390",2006,7,0.0013691017376118
"4391",2006,8,0.00110540447282207
"4392",2006,9,0.000825965098721516
"4393",2006,10,0.000946802309667442
"4394",2006,11,0.00114332921709935
"4395",2006,12,0.00096511528447783
"4396",2006,13,0.000596798793951073
"4397",2006,14,0.000264581915203696
"4398",2006,15,0.000262491669479271
"4399",2006,16,0.000191361108639033
"4400",2006,17,0.00020414542111679
"4401",2006,18,0.000274947912362503
"4402",2006,19,0.000215112295417508
"4403",2006,20,0.000187657846753567
"4404",2006,21,0.000197134980403016
"4405",2006,22,0.000208014575082263
"4406",2006,23,0.000221529675901319
"4407",2006,24,0.000283454707122058
"4408",2006,25,0.000294489373814705
"4409",2006,26,0.000286365189086699
"4410",2006,27,0.000284127804519055
"4411",2006,28,0.000269602500731106
"4412",2006,29,0.000271698614488197
"4413",2006,30,0.000280548613987235
"4414",2006,31,0.000337231050733108
"4415",2006,32,0.000324582431199316
"4416",2006,33,0.000322327564417898
"4417",2006,34,0.000320037273093101
"4418",2006,35,0.000293697562021552
"4419",2006,36,0.000302580427587487
"4420",2006,37,0.00031180451491594
"4421",2006,38,0.000355364074913059
"4422",2006,39,0.000426393769098973
"4423",2006,40,0.000407147422277425
"4424",2006,41,0.00024561004621433
"4425",2006,42,0.000276651446328004
"4426",2006,43,0.000376516049831558
"4427",2006,44,0.00042117431470207
"4428",2006,45,0.0776181094365014
"4429",2006,46,0.0479033051756637
"4430",2006,47,0.0308112822941167
"4431",2006,48,0.0190912174222606
"4432",2006,49,0.020398099551924
"4433",2006,50,0.028948575533281
"4434",2006,51,0.0444213673234231
"4435",2006,52,0.0487038797489791
"4436",2006,53,0.056127026290076
"4437",2006,54,0.0676116918908072
"4438",2006,55,0.07857909292129
"4439",2006,56,0.0724043380128694
"4440",2006,57,0.085232472949197
"4441",2006,58,0.103718796719468
"4442",2006,59,0.102133670009858
"4443",2006,60,0.0692613639334193
"4444",2006,61,0.0634445873352855
"4445",2006,62,0.0255151893953791
"4446",2006,63,0.0109760054229053
"4447",2006,64,0.00974791210276971
"4448",2006,65,0.010431842126047
"4449",2006,66,0.0103200466343562
"4450",2006,67,0.0850223892751185
"4451",2006,68,0.0834126985341757
"4452",2006,69,0.0717298782742412
"4453",2006,70,0.0680573084984893
"4454",2006,71,0.0731487111096084
"4455",2006,72,0.0709218140252371
"4456",2006,73,0.0890814878696398
"4457",2006,74,0.104196905697568
"4458",2006,75,0.0335346118464437
"4459",2006,76,0.0750592634777334
"4460",2006,77,0.104429267594753
"4461",2006,78,0.093795750073344
"4462",2006,79,0.0713151342676203
"4463",2006,80,0.0601608563407068
"4464",2006,81,0.0796330458850745
"4465",2006,82,0.0985786152848059
"4466",2006,83,0.121825205725177
"4467",2006,84,0.13151469277242
"4468",2006,85,0.134557233384273
"4469",2006,86,0.138315248548997
"4470",2006,87,0.154505062695953
"4471",2006,88,0.0929337451373092
"4472",2006,89,0.117473639996306
"4473",2006,90,0.116550573766836
"4474",2006,91,0.151149488650646
"4475",2006,92,0.11719567230038
"4476",2006,93,0.102206461342179
"4477",2006,94,0.0284083383036179
"4478",2006,95,0.0309924791244298
"4479",2006,96,0.0269792792189505
"4480",2006,97,0.025522464736638
"4481",2006,98,0.027820831441027
"4482",2006,99,0.0341611542260272
"4483",2006,100,0.0364041063201337
"4484",2006,101,0.0350892341303716
"4485",2006,102,0.0362339892520755
"4486",2006,103,0.0416881030680202
"4487",2006,104,0.041500861157866
"4488",2006,105,0.0410073943147626
"4489",2006,106,0.0438650311976484
"4490",2006,107,0.0438163673475996
"4491",2006,108,0.0353227401278577
"4492",2006,109,0.0373426700929766
"4493",2006,110,0.03650720530158
"4494",2006,111,0.0418657279083549
"4495",2006,112,0.0470690742127128
"4496",2006,113,0.200839488682467
"4497",2006,114,0.12625966630207
"4498",2006,115,0.126402537210904
"4499",2006,116,0.155990712561508
"4500",2006,117,0.204434402268713
"4501",2006,118,0.0420682822578137
"4502",2006,119,0.0424760998349316
"4503",2006,120,0.0699676006776913
"4504",2006,121,0.0392744191860762
"4505",2006,122,0.0393787031473374
"4506",2006,123,0.212177853615587
"4507",2006,124,0.202040760500232
"4508",2006,125,0.176771177650422
"4509",2006,126,0.242077663804481
"4510",2006,127,0.226699469218734
"4511",2006,128,0.246783927225637
"4512",2006,129,0.137467295281036
"4513",2006,130,0.0709497328886766
"4514",2006,131,0.0767762541452416
"4515",2006,132,0.0773545578872275
"4516",2006,133,0.0553175947021388
"4517",2006,134,0.0434409748907887
"4518",2006,135,0.035175847999585
"4519",2006,136,0.0376169124512959
"4520",2006,137,0.0510249251507468
"4521",2006,138,0.0260648131801278
"4522",2006,139,0.130471339214578
"4523",2006,140,0.230053008416918
"4524",2006,141,0.0365752684404526
"4525",2006,142,0.320519665786657
"4526",2006,143,0.280957965357167
"4527",2006,144,0.288399590516853
"4528",2006,145,0.158390117974429
"4529",2006,146,0.0292676985109713
"4530",2006,147,0.0261158659274845
"4531",2006,148,0.0253578389326246
"4532",2006,149,0.25500150650571
"4533",2006,150,0.168782547069015
"4534",2006,151,0.0269749911211656
"4535",2006,152,0.0235939742901448
"4536",2006,153,0.0189589139280027
"4537",2006,154,0.0151750747500893
"4538",2006,155,0.0142886982259254
"4539",2006,156,0.0125718744792976
"4540",2006,157,0.0122841520275565
"4541",2006,158,0.0115499387117497
"4542",2006,159,0.21709040846213
"4543",2006,160,0.00971916835047813
"4544",2006,161,0.283998861209843
"4545",2006,162,0.144877184346278
"4546",2006,163,0.00780859118757644
"4547",2006,164,0.00800043816733126
"4548",2006,165,0.00792516848645853
"4549",2006,166,0.00682933832479528
"4550",2006,167,0.197330142591592
"4551",2006,168,0.0106196630826912
"4552",2006,169,0.134200580285385
"4553",2006,170,0.00491173397954031
"4554",2006,171,0.00173595043060643
"4555",2006,172,0.00159051605796802
"4556",2006,173,0.00152079012010189
"4557",2006,174,0.0015689525540724
"4558",2006,175,0.22123341296745
"4559",2006,176,0.0607887920994453
"4560",2006,177,0.00531195078422379
"4561",2006,178,0.00233758021179163
"4562",2006,179,0.0580039384813763
"4563",2006,180,0.01014926645084
"4564",2006,181,0.254469354520938
"4565",2006,182,0.403383810495515
"4566",2006,183,0.353529168216192
"4567",2006,184,0.396402315340325
"4568",2006,185,0.390716951634632
"4569",2006,186,0.344490369239116
"4570",2006,187,0.358560564061043
"4571",2006,188,0.409043329590221
"4572",2006,189,0.386745104534711
"4573",2006,190,0.356021301024648
"4574",2006,191,0.343344162672199
"4575",2006,192,0.401460433821145
"4576",2006,193,0.362062880296728
"4577",2006,194,0.377213094603013
"4578",2006,195,0.306507529291924
"4579",2006,196,0.199710463446528
"4580",2006,197,0.191394940499696
"4581",2006,198,0.158785566232331
"4582",2006,199,0.115888558361196
"4583",2006,200,0.0921307158258765
"4584",2006,201,0.111124126747313
"4585",2006,202,0.0524790000169965
"4586",2006,203,0.0421024976276702
"4587",2006,204,0.0259516072666907
"4588",2006,205,0.025319764977105
"4589",2006,206,0.29491533291646
"4590",2006,207,0.119895118956812
"4591",2006,208,0.0129346302412848
"4592",2006,209,0.0124406497410757
"4593",2006,210,0.0104780984556004
"4594",2006,211,0.00954189428166178
"4595",2006,212,0.00551363856212381
"4596",2006,213,0.00502725186900084
"4597",2006,214,0.00458051655290167
"4598",2006,215,0.00361592390908243
"4599",2006,216,0.00368371129514685
"4600",2006,217,0.00369339098415898
"4601",2006,218,0.00344870072311872
"4602",2006,219,0.00340085725321428
"4603",2006,220,0.00343816142874932
"4604",2006,221,0.00291358499603308
"4605",2006,222,0.00261111290961421
"4606",2006,223,0.00243090874067354
"4607",2006,224,0.00229652414074034
"4608",2006,225,0.00223124266621275
"4609",2006,226,0.362995201178954
"4610",2006,227,0.371663448657046
"4611",2006,228,0.346261912866421
"4612",2006,229,0.340905466260243
"4613",2006,230,0.31506443554588
"4614",2006,231,0.223104497731721
"4615",2006,232,0.17679210971176
"4616",2006,233,0.159946146082893
"4617",2006,234,0.128035588078817
"4618",2006,235,0.0907616517814871
"4619",2006,236,0.0585793558084984
"4620",2006,237,0.314803520392369
"4621",2006,238,0.296817571588553
"4622",2006,239,0.283185290643971
"4623",2006,240,0.254988891662484
"4624",2006,241,0.251479836003952
"4625",2006,242,0.276674725842555
"4626",2006,243,0.292513429093836
"4627",2006,244,0.228640776680396
"4628",2006,245,0.119072744601751
"4629",2006,246,0.116834280982283
"4630",2006,247,0.111494425189481
"4631",2006,248,0.117153499053083
"4632",2006,249,0.115307739278681
"4633",2006,250,0.255717515913644
"4634",2006,251,0.236502119019969
"4635",2006,252,0.233780941490779
"4636",2006,253,0.234956620829918
"4637",2006,254,0.231575215913482
"4638",2006,255,0.197879219490737
"4639",2006,256,0.205422872437575
"4640",2006,257,0.210002940906253
"4641",2006,258,0.218908047906146
"4642",2006,259,0.165753124469047
"4643",2006,260,0.148801468458163
"4644",2006,261,0.147157683174508
"4645",2006,262,0.0720005154603827
"4646",2006,263,0.18991246864767
"4647",2006,264,0.140861125656553
"4648",2006,265,0.0568850372088752
"4649",2006,266,0.0526336809923576
"4650",2006,267,0.0534465838152288
"4651",2006,268,0.0543402931184903
"4652",2006,269,0.0545735419850169
"4653",2006,270,0.0481119950416839
"4654",2006,271,0.0484366245324686
"4655",2006,272,0.0511195209056976
"4656",2006,273,0.0494401089567193
"4657",2006,274,0.0484139566797294
"4658",2006,275,0.0461418960529421
"4659",2006,276,0.0416611589945209
"4660",2006,277,0.0342687333617373
"4661",2006,278,0.0384659311328557
"4662",2006,279,0.0391699378598924
"4663",2006,280,0.0378709465464919
"4664",2006,281,0.0639279913112543
"4665",2006,282,0.10306275884892
"4666",2006,283,0.106832312980645
"4667",2006,284,0.0817822311924531
"4668",2006,285,0.0802048536273483
"4669",2006,286,0.0778919971123884
"4670",2006,287,0.0752663021598001
"4671",2006,288,0.0796045891220519
"4672",2006,289,0.0755617340524514
"4673",2006,290,0.0860519352806611
"4674",2006,291,0.0483115599607127
"4675",2006,292,0.0576035308267928
"4676",2006,293,0.0633507375448623
"4677",2006,294,0.0515224355842524
"4678",2006,295,0.050174170354051
"4679",2006,296,0.059753800591245
"4680",2006,297,0.0589567564959308
"4681",2006,298,0.0591372309401722
"4682",2006,299,0.0461997607811019
"4683",2006,300,0.0353042124709331
"4684",2006,301,0.0163456690649488
"4685",2006,302,0.0157989169669937
"4686",2006,303,0.0123135735624104
"4687",2006,304,0.00779534292431728
"4688",2006,305,0.00717838208348451
"4689",2006,306,0.00824658550876543
"4690",2006,307,0.010217678284259
"4691",2006,308,0.00986607693061926
"4692",2006,309,0.0095982902132506
"4693",2006,310,0.00965674354909587
"4694",2006,311,0.00576278490284106
"4695",2006,312,0.00559664086381078
"4696",2006,313,0.0035906922732295
"4697",2006,314,0.00314509366818782
"4698",2006,315,0.00305016327937382
"4699",2006,316,0.00261198833469219
"4700",2006,317,0.00216988643182851
"4701",2006,318,0.0308818517433565
"4702",2006,319,0.00275427305889684
"4703",2006,320,0.00319936111599522
"4704",2006,321,0.00290337300474257
"4705",2006,322,0.00281243512217955
"4706",2006,323,0.00241893744694045
"4707",2006,324,0.00251487483707652
"4708",2006,325,0.00281352354971565
"4709",2006,326,0.00278032640539719
"4710",2006,327,0.00244901230684957
"4711",2006,328,0.00178655461148118
"4712",2006,329,0.00189192346710394
"4713",2006,330,0.00107926131177894
"4714",2006,331,0.000782047204946128
"4715",2006,332,0.0236349610032836
"4716",2006,333,0.0160509655968799
"4717",2006,334,0.0158992363978245
"4718",2006,335,0.0192388078601455
"4719",2006,336,0.0159992723497991
"4720",2006,337,0.0157214046186193
"4721",2006,338,0.0237875462081294
"4722",2006,339,0.0295782403908066
"4723",2006,340,0.0237037090520907
"4724",2006,341,0.0224808212742054
"4725",2006,342,0.0305540122598472
"4726",2006,343,0.0305097175508836
"4727",2006,344,0.0289975338133841
"4728",2006,345,0.0268351177179709
"4729",2006,346,0.0267034611305364
"4730",2006,347,0.00509916890155899
"4731",2006,348,0.00144230030787158
"4732",2006,349,0.00139548810620381
"4733",2006,350,0.000984208449284199
"4734",2006,351,0.0171214458215176
"4735",2006,352,0.0162464351744349
"4736",2006,353,0.0173719433451218
"4737",2006,354,0.0179421319825889
"4738",2006,355,0.0192267871566118
"4739",2006,356,0.0180515195678823
"4740",2006,357,0.0182580078470204
"4741",2006,358,0.0192825277637622
"4742",2006,359,0.0182434130909631
"4743",2006,360,0.0232499574437433
"4744",2006,361,0.0272863736240426
"4745",2006,362,0.0216955113926174
"4746",2006,363,0.0183677222604178
"4747",2006,364,0.0170548436246315
"4748",2006,365,0.0188444597506555
"4749",2006,366,0.0175435060418578
"4750",2007,1,0.0196756680442807
"4751",2007,2,0.0206867797739998
"4752",2007,3,0.02893996319514
"4753",2007,4,0.033073143940789
"4754",2007,5,0.0208171450852482
"4755",2007,6,0.0185220285826275
"4756",2007,7,0.0203168873637149
"4757",2007,8,0.0255192742312242
"4758",2007,9,0.0257483540951593
"4759",2007,10,0.0309399312708389
"4760",2007,11,0.0201443878538869
"4761",2007,12,0.0106250208321661
"4762",2007,13,0.0121931421492388
"4763",2007,14,0.0127768128503524
"4764",2007,15,0.0139623464391805
"4765",2007,16,0.0189269460353774
"4766",2007,17,0.0213147771376488
"4767",2007,18,0.020999549809849
"4768",2007,19,0.0227384772833497
"4769",2007,20,0.0235636898153424
"4770",2007,21,0.0237675823435144
"4771",2007,22,0.0230187224528575
"4772",2007,23,0.0308458262494581
"4773",2007,24,0.0363757649701913
"4774",2007,25,0.0412769850533995
"4775",2007,26,0.0385975889184629
"4776",2007,27,0.0288124729734325
"4777",2007,28,0.0315105726007661
"4778",2007,29,0.0309530190823715
"4779",2007,30,0.0275864175140271
"4780",2007,31,0.0270029131257421
"4781",2007,32,0.022120870695595
"4782",2007,33,0.0215000432604434
"4783",2007,34,0.0319517790095896
"4784",2007,35,0.0397231580986207
"4785",2007,36,0.0537297244559301
"4786",2007,37,0.0634682509437505
"4787",2007,38,0.0575400084792985
"4788",2007,39,0.058203458642254
"4789",2007,40,0.0538290150310943
"4790",2007,41,0.0610228580611875
"4791",2007,42,0.0673552159893557
"4792",2007,43,0.0587445911254254
"4793",2007,44,0.0342773935836061
"4794",2007,45,0.0370244609129534
"4795",2007,46,0.0404098475600423
"4796",2007,47,0.0581632584785527
"4797",2007,48,0.0648177168889092
"4798",2007,49,0.0722256077874422
"4799",2007,50,0.0713646744318134
"4800",2007,51,0.0712483186702435
"4801",2007,52,0.0821629407008808
"4802",2007,53,0.0733804454964474
"4803",2007,54,0.0811614460379288
"4804",2007,55,0.0669292229922208
"4805",2007,56,0.0649336110240952
"4806",2007,57,0.0761037677395118
"4807",2007,58,0.0804576794680111
"4808",2007,59,0.0675834218849523
"4809",2007,60,0.0047238205722209
"4810",2007,61,0.045042369683068
"4811",2007,62,0.0521406667050788
"4812",2007,63,0.063460600911634
"4813",2007,64,0.0669694047523595
"4814",2007,65,0.010708328717764
"4815",2007,66,0.0107924231521499
"4816",2007,67,0.0107689772489952
"4817",2007,68,0.0103125958205137
"4818",2007,69,0.108841605801662
"4819",2007,70,0.0833055917615689
"4820",2007,71,0.026793539140905
"4821",2007,72,0.0184349341342842
"4822",2007,73,0.0157212113413846
"4823",2007,74,0.0131937560798712
"4824",2007,75,0.014796817565
"4825",2007,76,0.0176937847443388
"4826",2007,77,0.0181220761378641
"4827",2007,78,0.0142649526406982
"4828",2007,79,0.0160101227175195
"4829",2007,80,0.0166056393658873
"4830",2007,81,0.0171295304581388
"4831",2007,82,0.142019305718479
"4832",2007,83,0.126639770640534
"4833",2007,84,0.123180986142887
"4834",2007,85,0.150728574194006
"4835",2007,86,0.150565014499725
"4836",2007,87,0.116446828553546
"4837",2007,88,0.0812492096409179
"4838",2007,89,0.0815154781017726
"4839",2007,90,0.103498921750996
"4840",2007,91,0.124946705737142
"4841",2007,92,0.135516955992771
"4842",2007,93,0.112664947814345
"4843",2007,94,0.108921595258072
"4844",2007,95,0.122912241230951
"4845",2007,96,0.022420411094852
"4846",2007,97,0.0192192661028359
"4847",2007,98,0.0233953202145123
"4848",2007,99,0.0355057874844958
"4849",2007,100,0.153763387926286
"4850",2007,101,0.119481430819242
"4851",2007,102,0.111486187698597
"4852",2007,103,0.145312458423138
"4853",2007,104,0.131679023388874
"4854",2007,105,0.0444098521965169
"4855",2007,106,0.0427408616576085
"4856",2007,107,0.0436579761284787
"4857",2007,108,0.047326914945483
"4858",2007,109,0.0473674854008841
"4859",2007,110,0.0492049305363357
"4860",2007,111,0.0521970361383048
"4861",2007,112,0.0538649703624929
"4862",2007,113,0.202759212519388
"4863",2007,114,0.181153035011658
"4864",2007,115,0.165610770882557
"4865",2007,116,0.178419723435976
"4866",2007,117,0.185045725337647
"4867",2007,118,0.205056293974888
"4868",2007,119,0.104006683609552
"4869",2007,120,0.0907629817815451
"4870",2007,121,0.0824091079623554
"4871",2007,122,0.0857224146919951
"4872",2007,123,0.254221429286416
"4873",2007,124,0.219895374828702
"4874",2007,125,0.222286883160705
"4875",2007,126,0.186811023072213
"4876",2007,127,0.197426197026318
"4877",2007,128,0.214227227257168
"4878",2007,129,0.260580653170311
"4879",2007,130,0.24222841319539
"4880",2007,131,0.118062495601997
"4881",2007,132,0.120605182969596
"4882",2007,133,0.12330037070402
"4883",2007,134,0.284039309199478
"4884",2007,135,0.232456344841837
"4885",2007,136,0.215325914949069
"4886",2007,137,0.112406189850231
"4887",2007,138,0.144825791133897
"4888",2007,139,0.226570265527716
"4889",2007,140,0.0966104401938435
"4890",2007,141,0.229056354478412
"4891",2007,142,0.252185746536068
"4892",2007,143,0.184453962976827
"4893",2007,144,0.126513595500944
"4894",2007,145,0.0607368212660356
"4895",2007,146,0.184524814925122
"4896",2007,147,0.0547699597338058
"4897",2007,148,0.0559226917340141
"4898",2007,149,0.299716058939785
"4899",2007,150,0.294194340928997
"4900",2007,151,0.271926395773234
"4901",2007,152,0.278374361897727
"4902",2007,153,0.200102447686791
"4903",2007,154,0.0319102239601611
"4904",2007,155,0.191349032363793
"4905",2007,156,0.0304653004942764
"4906",2007,157,0.0310647016352238
"4907",2007,158,0.208852058338747
"4908",2007,159,0.099571536362516
"4909",2007,160,0.0292749217897806
"4910",2007,161,0.0300983057076938
"4911",2007,162,0.030168242562971
"4912",2007,163,0.270541388584999
"4913",2007,164,0.134459587090308
"4914",2007,165,0.0143376401967529
"4915",2007,166,0.01394712468498
"4916",2007,167,0.0130821483225992
"4917",2007,168,0.0131508306180551
"4918",2007,169,0.0104049957673141
"4919",2007,170,0.00991475521342958
"4920",2007,171,0.0101505270554379
"4921",2007,172,0.00981208460385813
"4922",2007,173,0.00890224841324761
"4923",2007,174,0.008431739146645
"4924",2007,175,0.00855406591418009
"4925",2007,176,0.00671278763107099
"4926",2007,177,0.00591585931169432
"4927",2007,178,0.00562181033787913
"4928",2007,179,0.00577428928004534
"4929",2007,180,0.00547406762253543
"4930",2007,181,0.0355073356585125
"4931",2007,182,0.00545423405598174
"4932",2007,183,0.00542453851959766
"4933",2007,184,0.00505319269457226
"4934",2007,185,0.408935261861047
"4935",2007,186,0.371478841512422
"4936",2007,187,0.373942270531837
"4937",2007,188,0.37582939660414
"4938",2007,189,0.211525019544822
"4939",2007,190,0.198564042660479
"4940",2007,191,0.185378854369123
"4941",2007,192,0.154129914663265
"4942",2007,193,0.318223577563837
"4943",2007,194,0.137466440898307
"4944",2007,195,0.0627397886207293
"4945",2007,196,0.0237590325505547
"4946",2007,197,0.0157332763770004
"4947",2007,198,0.0138420400025648
"4948",2007,199,0.0133848160311647
"4949",2007,200,0.0120864016659525
"4950",2007,201,0.0105848187550497
"4951",2007,202,0.00793395917437815
"4952",2007,203,0.118979510343373
"4953",2007,204,0.109699908951545
"4954",2007,205,0.00568508987799557
"4955",2007,206,0.361725956008734
"4956",2007,207,0.22843266419329
"4957",2007,208,0.382701118950468
"4958",2007,209,0.385970195823439
"4959",2007,210,0.351789454131636
"4960",2007,211,0.356580076844528
"4961",2007,212,0.362102764939465
"4962",2007,213,0.401921947108531
"4963",2007,214,0.385883716629143
"4964",2007,215,0.364361100674742
"4965",2007,216,0.371762234511676
"4966",2007,217,0.399534877447448
"4967",2007,218,0.388908692229178
"4968",2007,219,0.34889469811548
"4969",2007,220,0.356152514261413
"4970",2007,221,0.356645762065324
"4971",2007,222,0.360631413044535
"4972",2007,223,0.225328540039612
"4973",2007,224,0.228461953524184
"4974",2007,225,0.236300178846788
"4975",2007,226,0.397569415034292
"4976",2007,227,0.22107087878989
"4977",2007,228,0.208416343689903
"4978",2007,229,0.205316020955004
"4979",2007,230,0.246118571489059
"4980",2007,231,0.202703017952805
"4981",2007,232,0.199525485808281
"4982",2007,233,0.193723872489701
"4983",2007,234,0.340946005363858
"4984",2007,235,0.308026683724016
"4985",2007,236,0.281072459635099
"4986",2007,237,0.223613543201676
"4987",2007,238,0.160681854252372
"4988",2007,239,0.150334095589689
"4989",2007,240,0.318210370414142
"4990",2007,241,0.298238854954976
"4991",2007,242,0.275264359160521
"4992",2007,243,0.275099843118072
"4993",2007,244,0.268568176638814
"4994",2007,245,0.145283888125056
"4995",2007,246,0.136324569429117
"4996",2007,247,0.131149209066899
"4997",2007,248,0.27531375030697
"4998",2007,249,0.130370786540447
"4999",2007,250,0.104459093038802
"5000",2007,251,0.0888430466827713
"5001",2007,252,0.193881204716443
"5002",2007,253,0.0960294114733305
"5003",2007,254,0.064912105534569
"5004",2007,255,0.0617458824779371
"5005",2007,256,0.053316652868369
"5006",2007,257,0.0417049588421134
"5007",2007,258,0.040084856598444
"5008",2007,259,0.181107265837946
"5009",2007,260,0.192855157755435
"5010",2007,261,0.140795088758794
"5011",2007,262,0.0891273898647251
"5012",2007,263,0.0240579703687645
"5013",2007,264,0.0230583372201321
"5014",2007,265,0.0215278011346376
"5015",2007,266,0.163248450161728
"5016",2007,267,0.160643850987788
"5017",2007,268,0.125861648773752
"5018",2007,269,0.134371266135273
"5019",2007,270,0.135161664496008
"5020",2007,271,0.139780940874891
"5021",2007,272,0.13725798269097
"5022",2007,273,0.154551661440967
"5023",2007,274,0.12481202181175
"5024",2007,275,0.118367971910502
"5025",2007,276,0.119309563547476
"5026",2007,277,0.116010226931693
"5027",2007,278,0.0560434295883891
"5028",2007,279,0.0412095425540801
"5029",2007,280,0.030234469343334
"5030",2007,281,0.0299669059505554
"5031",2007,282,0.0296699968389972
"5032",2007,283,0.0275598510978065
"5033",2007,284,0.0274087623587113
"5034",2007,285,0.0225851018184408
"5035",2007,286,0.10634744635446
"5036",2007,287,0.0960721403301483
"5037",2007,288,0.0704166569304427
"5038",2007,289,0.07199578675613
"5039",2007,290,0.0709875242390002
"5040",2007,291,0.0640539971937506
"5041",2007,292,0.0752207597487479
"5042",2007,293,0.106385605024428
"5043",2007,294,0.0531466246316201
"5044",2007,295,0.0524173757969448
"5045",2007,296,0.0644926326248566
"5046",2007,297,0.0670383392121251
"5047",2007,298,0.0701596667432637
"5048",2007,299,0.0542954163635371
"5049",2007,300,0.04821965197966
"5050",2007,301,0.056931469638755
"5051",2007,302,0.0587027017133808
"5052",2007,303,0.0588165648373399
"5053",2007,304,0.0442079042192576
"5054",2007,305,0.0440689070493608
"5055",2007,306,0.0223898429776822
"5056",2007,307,0.0139777335725942
"5057",2007,308,0.0143225238499578
"5058",2007,309,0.00979058705189673
"5059",2007,310,0.00546756516586468
"5060",2007,311,0.0059146028463306
"5061",2007,312,0.00598370421151897
"5062",2007,313,0.0053242218465037
"5063",2007,314,0.00523284134544234
"5064",2007,315,0.00453836666572997
"5065",2007,316,0.00395113869865996
"5066",2007,317,0.00411258641733648
"5067",2007,318,0.00286039850444353
"5068",2007,319,0.00287738561867104
"5069",2007,320,0.00360712363703287
"5070",2007,321,0.00326592224672963
"5071",2007,322,0.00351707162584674
"5072",2007,323,0.00349980216065285
"5073",2007,324,0.0510338432030304
"5074",2007,325,0.0236771849772114
"5075",2007,326,0.0187266823524524
"5076",2007,327,0.0202609902621547
"5077",2007,328,0.0230674080215106
"5078",2007,329,0.030995362100968
"5079",2007,330,0.0278461547177431
"5080",2007,331,0.0241244631526456
"5081",2007,332,0.0174249782835766
"5082",2007,333,0.0187139429077458
"5083",2007,334,0.0137422793010173
"5084",2007,335,0.0211848009285305
"5085",2007,336,0.0227100463006876
"5086",2007,337,0.0103992260197111
"5087",2007,338,0.029253818802029
"5088",2007,339,0.0236415022664753
"5089",2007,340,0.0222989927600725
"5090",2007,341,0.0216239223594941
"5091",2007,342,0.0155952804742238
"5092",2007,343,0.0129840114422875
"5093",2007,344,0.0165087095257583
"5094",2007,345,0.0143428437630108
"5095",2007,346,0.0146352771949536
"5096",2007,347,0.0156164996863673
"5097",2007,348,0.0136949185697849
"5098",2007,349,0.0135766458693123
"5099",2007,350,0.0174311544706617
"5100",2007,351,0.0192678488918221
"5101",2007,352,0.0202070403006387
"5102",2007,353,0.0225393598028697
"5103",2007,354,0.0227653856840706
"5104",2007,355,0.0191277713463511
"5105",2007,356,0.0149952031866913
"5106",2007,357,0.0181222227908766
"5107",2007,358,0.0188255480081517
"5108",2007,359,0.0175339798435997
"5109",2007,360,0.0138431592579905
"5110",2007,361,0.0135655601907977
"5111",2007,362,0.0122716446680917
"5112",2007,363,0.0148683822915322
"5113",2007,364,0.0179836155965602
"5114",2007,365,0.0170645188316071
"5115",2008,1,0.0146452191342013
"5116",2008,2,0.0166202246201665
"5117",2008,3,0.024426181247802
"5118",2008,4,0.0304728136541923
"5119",2008,5,0.03158902678893
"5120",2008,6,0.0245143411403736
"5121",2008,7,0.0238355529268779
"5122",2008,8,0.0224342845828938
"5123",2008,9,0.0244937106817054
"5124",2008,10,0.0235469899572097
"5125",2008,11,0.0273103140097477
"5126",2008,12,0.0264532085417801
"5127",2008,13,0.0250576028364933
"5128",2008,14,0.0275038588673234
"5129",2008,15,0.0274587981733809
"5130",2008,16,0.0168615316552156
"5131",2008,17,0.016686571172765
"5132",2008,18,0.0205628093985144
"5133",2008,19,0.0211803239652909
"5134",2008,20,0.02397390285718
"5135",2008,21,0.0144714136227229
"5136",2008,22,0.0183861070476285
"5137",2008,23,0.0234605607212198
"5138",2008,24,0.026259392961167
"5139",2008,25,0.0327484497647782
"5140",2008,26,0.0438037933665417
"5141",2008,27,0.0457051310732349
"5142",2008,28,0.045393336268017
"5143",2008,29,0.0334546663044677
"5144",2008,30,0.0316979073862523
"5145",2008,31,0.0330612914674238
"5146",2008,32,0.0416392762634178
"5147",2008,33,0.0357792746118322
"5148",2008,34,0.0362817017712767
"5149",2008,35,0.0356074413645935
"5150",2008,36,0.0351740349546659
"5151",2008,37,0.0386039302538013
"5152",2008,38,0.0419645524623405
"5153",2008,39,0.0457426583192029
"5154",2008,40,0.0629484724180359
"5155",2008,41,0.0593205449649158
"5156",2008,42,0.0590898529086923
"5157",2008,43,0.0373102904507871
"5158",2008,44,0.0508789674312559
"5159",2008,45,0.0322891737020982
"5160",2008,46,0.0178149773305598
"5161",2008,47,0.00686842757159428
"5162",2008,48,0.00433388529826356
"5163",2008,49,0.00441305660492941
"5164",2008,50,0.00510890454743814
"5165",2008,51,0.00421905156731232
"5166",2008,52,0.00478218651435221
"5167",2008,53,0.00485819737925695
"5168",2008,54,0.00507110824890844
"5169",2008,55,0.00566810707972774
"5170",2008,56,0.00517132807314389
"5171",2008,57,0.00495631220247908
"5172",2008,58,0.00585087000197977
"5173",2008,59,0.00652736316856137
"5174",2008,60,0.00540358040312831
"5175",2008,61,0.00678864588638142
"5176",2008,62,0.00503475660040189
"5177",2008,63,0.00485777938491665
"5178",2008,64,0.00592827086794049
"5179",2008,65,0.00493359528494372
"5180",2008,66,0.00539406614896585
"5181",2008,67,0.007069021428979
"5182",2008,68,0.00774043270224836
"5183",2008,69,0.00807351174521229
"5184",2008,70,0.00857054707865087
"5185",2008,71,0.0103003203601021
"5186",2008,72,0.01116673938559
"5187",2008,73,0.0102542281419588
"5188",2008,74,0.0102495418102824
"5189",2008,75,0.101658421366559
"5190",2008,76,0.0962283359859312
"5191",2008,77,0.104581085292686
"5192",2008,78,0.0836405305678119
"5193",2008,79,0.0941987469819918
"5194",2008,80,0.0997069961905384
"5195",2008,81,0.0914460673727154
"5196",2008,82,0.0801517967163765
"5197",2008,83,0.0782970452803871
"5198",2008,84,0.104578997070267
"5199",2008,85,0.0267597911344917
"5200",2008,86,0.0257903468606838
"5201",2008,87,0.126335926974151
"5202",2008,88,0.0891243176277646
"5203",2008,89,0.0248885823998568
"5204",2008,90,0.0935841699943135
"5205",2008,91,0.0892380736436404
"5206",2008,92,0.0851778675350782
"5207",2008,93,0.133592258410803
"5208",2008,94,0.104451978813725
"5209",2008,95,0.116900628005949
"5210",2008,96,0.114745521015225
"5211",2008,97,0.145797826863107
"5212",2008,98,0.137161599951072
"5213",2008,99,0.120687578325861
"5214",2008,100,0.150789253882359
"5215",2008,101,0.110787054605476
"5216",2008,102,0.115767965082868
"5217",2008,103,0.122017440971633
"5218",2008,104,0.137210366231851
"5219",2008,105,0.162003676468438
"5220",2008,106,0.179701605957469
"5221",2008,107,0.138194697540406
"5222",2008,108,0.128674638812891
"5223",2008,109,0.0734406626508692
"5224",2008,110,0.0618724507632983
"5225",2008,111,0.0612860539928156
"5226",2008,112,0.0499514157510747
"5227",2008,113,0.0561991409651994
"5228",2008,114,0.0652574589832384
"5229",2008,115,0.065304586234383
"5230",2008,116,0.0555957958981336
"5231",2008,117,0.0511708959593282
"5232",2008,118,0.0582912074929461
"5233",2008,119,0.0682102577425562
"5234",2008,120,0.0756625987004605
"5235",2008,121,0.0803202327977337
"5236",2008,122,0.0629869961448292
"5237",2008,123,0.0576809147420509
"5238",2008,124,0.0642912661076682
"5239",2008,125,0.0785400126878317
"5240",2008,126,0.0889259249257301
"5241",2008,127,0.0972659921824753
"5242",2008,128,0.2605342599831
"5243",2008,129,0.250435040466453
"5244",2008,130,0.213309573916369
"5245",2008,131,0.09289160955123
"5246",2008,132,0.101985604431428
"5247",2008,133,0.264838490825361
"5248",2008,134,0.143112027085244
"5249",2008,135,0.0935111369329842
"5250",2008,136,0.0948744028387571
"5251",2008,137,0.112228973303725
"5252",2008,138,0.108172241653982
"5253",2008,139,0.111167916143982
"5254",2008,140,0.0913707988586103
"5255",2008,141,0.083742621909307
"5256",2008,142,0.072998054506293
"5257",2008,143,0.228800320794525
"5258",2008,144,0.0558975521480245
"5259",2008,145,0.052335332781927
"5260",2008,146,0.267835285295065
"5261",2008,147,0.280105944126497
"5262",2008,148,0.269532129992095
"5263",2008,149,0.282855687932984
"5264",2008,150,0.307621938578393
"5265",2008,151,0.287840650219345
"5266",2008,152,0.193593661957619
"5267",2008,153,0.159282691041664
"5268",2008,154,0.15868710182303
"5269",2008,155,0.120140159741601
"5270",2008,156,0.286975870046443
"5271",2008,157,0.311762973179632
"5272",2008,158,0.310216687302597
"5273",2008,159,0.298360855582446
"5274",2008,160,0.294205458825579
"5275",2008,161,0.166402240752233
"5276",2008,162,0.159918378863043
"5277",2008,163,0.0480828525817038
"5278",2008,164,0.0348286304987847
"5279",2008,165,0.0358085051316765
"5280",2008,166,0.0358139326362772
"5281",2008,167,0.0322944369787074
"5282",2008,168,0.0298461425215863
"5283",2008,169,0.0303322789900005
"5284",2008,170,0.0269985641479607
"5285",2008,171,0.297072239072227
"5286",2008,172,0.349306128710208
"5287",2008,173,0.25396179741711
"5288",2008,174,0.146474198592011
"5289",2008,175,0.226963429827974
"5290",2008,176,0.0482603949583184
"5291",2008,177,0.0182708383119755
"5292",2008,178,0.0167945041949225
"5293",2008,179,0.0153063248747834
"5294",2008,180,0.011001060403308
"5295",2008,181,0.00824867568934675
"5296",2008,182,0.00864480773911057
"5297",2008,183,0.270867331165008
"5298",2008,184,0.222752746453023
"5299",2008,185,0.0119759936258846
"5300",2008,186,0.0114796703462781
"5301",2008,187,0.00735011853041249
"5302",2008,188,0.00549873591568786
"5303",2008,189,0.00498697887194679
"5304",2008,190,0.00479548047300472
"5305",2008,191,0.00474805222203449
"5306",2008,192,0.00490261437000825
"5307",2008,193,0.0047847693405341
"5308",2008,194,0.00400363982801213
"5309",2008,195,0.00415317397523031
"5310",2008,196,0.00423534754613058
"5311",2008,197,0.0031862816741013
"5312",2008,198,0.00162072601030269
"5313",2008,199,0.0415394746970569
"5314",2008,200,0.00457886675776004
"5315",2008,201,0.00152688707392694
"5316",2008,202,0.00154020303736101
"5317",2008,203,0.0014817214450455
"5318",2008,204,0.00147544637829944
"5319",2008,205,0.108557032459187
"5320",2008,206,0.294193164853557
"5321",2008,207,0.230928923756431
"5322",2008,208,0.0803361324854857
"5323",2008,209,0.0426701185141194
"5324",2008,210,0.00663957387153813
"5325",2008,211,0.00555140326786078
"5326",2008,212,0.0047283225906558
"5327",2008,213,0.000875376339427171
"5328",2008,214,0.000894052694665988
"5329",2008,215,0.000873010737583518
"5330",2008,216,0.249545775277164
"5331",2008,217,0.154984922087529
"5332",2008,218,0.00751040670878115
"5333",2008,219,0.383514393929154
"5334",2008,220,0.341856358658543
"5335",2008,221,0.378020960333661
"5336",2008,222,0.355054740178525
"5337",2008,223,0.37836659299193
"5338",2008,224,0.375580714813203
"5339",2008,225,0.336711727405959
"5340",2008,226,0.339865936443906
"5341",2008,227,0.35094260355901
"5342",2008,228,0.298251520965241
"5343",2008,229,0.30060201586756
"5344",2008,230,0.289191903349861
"5345",2008,231,0.295269837266724
"5346",2008,232,0.300722844580949
"5347",2008,233,0.303174090066529
"5348",2008,234,0.311407984737349
"5349",2008,235,0.284852151731243
"5350",2008,236,0.175854295435097
"5351",2008,237,0.171604944235549
"5352",2008,238,0.168858627749098
"5353",2008,239,0.169833097447927
"5354",2008,240,0.149484107503125
"5355",2008,241,0.142612664859575
"5356",2008,242,0.1432343634488
"5357",2008,243,0.149196233285522
"5358",2008,244,0.204363880096743
"5359",2008,245,0.287690254636135
"5360",2008,246,0.211984851746324
"5361",2008,247,0.206319353216311
"5362",2008,248,0.239259015357038
"5363",2008,249,0.218930804030373
"5364",2008,250,0.200045376640875
"5365",2008,251,0.233890058182802
"5366",2008,252,0.198518817639235
"5367",2008,253,0.196279109365812
"5368",2008,254,0.0998414301191118
"5369",2008,255,0.210802475388268
"5370",2008,256,0.20454422349548
"5371",2008,257,0.185857823542349
"5372",2008,258,0.165356029557935
"5373",2008,259,0.172842045581422
"5374",2008,260,0.183138499802215
"5375",2008,261,0.182148240580835
"5376",2008,262,0.176294963979928
"5377",2008,263,0.168640410140986
"5378",2008,264,0.143401984565617
"5379",2008,265,0.195258216373207
"5380",2008,266,0.157640381016326
"5381",2008,267,0.0625323655357016
"5382",2008,268,0.0606541001146775
"5383",2008,269,0.0621151273550609
"5384",2008,270,0.0617446606717558
"5385",2008,271,0.0531698695245078
"5386",2008,272,0.0545702114546126
"5387",2008,273,0.0447340959594209
"5388",2008,274,0.0453603928532115
"5389",2008,275,0.0434289304307135
"5390",2008,276,0.0429087097842748
"5391",2008,277,0.0394764851243348
"5392",2008,278,0.0369828854804504
"5393",2008,279,0.140025078700065
"5394",2008,280,0.0984461968969962
"5395",2008,281,0.0946275176928386
"5396",2008,282,0.101981929160291
"5397",2008,283,0.0821878379988717
"5398",2008,284,0.0746343524700031
"5399",2008,285,0.0941065734288323
"5400",2008,286,0.0954024919517032
"5401",2008,287,0.0652781515472491
"5402",2008,288,0.0638707689193084
"5403",2008,289,0.064727855298918
"5404",2008,290,0.0736687979934609
"5405",2008,291,0.0738694415694517
"5406",2008,292,0.0777110472975888
"5407",2008,293,0.0757502832570502
"5408",2008,294,0.0924108779879418
"5409",2008,295,0.088338435839496
"5410",2008,296,0.0492249839033779
"5411",2008,297,0.0537529722020434
"5412",2008,298,0.0569197080134
"5413",2008,299,0.0636386114872289
"5414",2008,300,0.0504955641716257
"5415",2008,301,0.0460173811704577
"5416",2008,302,0.0568247575862227
"5417",2008,303,0.0565311852795255
"5418",2008,304,0.0357048527066699
"5419",2008,305,0.0159139480264916
"5420",2008,306,0.0147235235680322
"5421",2008,307,0.0136143186832633
"5422",2008,308,0.0123481161032939
"5423",2008,309,0.00615785169727544
"5424",2008,310,0.00477327635861637
"5425",2008,311,0.00424110539331975
"5426",2008,312,0.00430169970191078
"5427",2008,313,0.00416190371026794
"5428",2008,314,0.00397127332587207
"5429",2008,315,0.00346234663759559
"5430",2008,316,0.00358497036117677
"5431",2008,317,0.00346208430629215
"5432",2008,318,0.00371765498278829
"5433",2008,319,0.0022906694031177
"5434",2008,320,0.00226895958375214
"5435",2008,321,0.00315853391238848
"5436",2008,322,0.00319234382729768
"5437",2008,323,0.0034377418173734
"5438",2008,324,0.0028344625678588
"5439",2008,325,0.00168652859315846
"5440",2008,326,0.00198780650374317
"5441",2008,327,0.00165118264232663
"5442",2008,328,0.00134770853871383
"5443",2008,329,0.00130523655928859
"5444",2008,330,0.00127720180351215
"5445",2008,331,0.00133506184659283
"5446",2008,332,0.00104965037606656
"5447",2008,333,0.00100914182092398
"5448",2008,334,0.00159736400240129
"5449",2008,335,0.00151253950825629
"5450",2008,336,0.00174855090828021
"5451",2008,337,0.00196425045707514
"5452",2008,338,0.0197714907339364
"5453",2008,339,0.013654621734178
"5454",2008,340,0.0152061559796738
"5455",2008,341,0.027017560464346
"5456",2008,342,0.0330659543193429
"5457",2008,343,0.0272342345617091
"5458",2008,344,0.0187705646202699
"5459",2008,345,0.0234100598187759
"5460",2008,346,0.0271065594974188
"5461",2008,347,0.022000428187856
"5462",2008,348,0.0254499104536151
"5463",2008,349,0.00941917789925171
"5464",2008,350,0.00802082825621132
"5465",2008,351,0.0138901824940371
"5466",2008,352,0.0170102369185509
"5467",2008,353,0.0168651197059157
"5468",2008,354,0.0197544918551368
"5469",2008,355,0.0145972111525874
"5470",2008,356,0.0124048455028743
"5471",2008,357,0.0145683969621777
"5472",2008,358,0.016117307732107
"5473",2008,359,0.017272708853408
"5474",2008,360,0.0206035043103047
"5475",2008,361,0.0221487265376485
"5476",2008,362,0.0165338892057114
"5477",2008,363,0.0281316946720394
"5478",2008,364,0.031106006978403
"5479",2008,365,0.0296336284691303
"5480",2009,1,0.0317498612377136
"5481",2009,2,0.035302302543648
"5482",2009,3,0.0224962633334493
"5483",2009,4,0.0154419278942271
"5484",2009,5,0.0182887945305671
"5485",2009,6,0.024352781369507
"5486",2009,7,0.0339368770200007
"5487",2009,8,0.000774318979062413
"5488",2009,9,0.0011488630742394
"5489",2009,10,0.000929531634706762
"5490",2009,11,0.0272159071163046
"5491",2009,12,0.0255233560317193
"5492",2009,13,0.0278396886790737
"5493",2009,14,0.0284494080174829
"5494",2009,15,0.0294017413654067
"5495",2009,16,0.0395133629126177
"5496",2009,17,0.0412900020075804
"5497",2009,18,0.0443087840121029
"5498",2009,19,0.0308267351501238
"5499",2009,20,0.00185578249117614
"5500",2009,21,0.00178741332806116
"5501",2009,22,0.0017953677846973
"5502",2009,23,0.00109647963180696
"5503",2009,24,0.0300309320021759
"5504",2009,25,0.0200917375647527
"5505",2009,26,0.0145339727101093
"5506",2009,27,0.0181214196914674
"5507",2009,28,0.029896593122507
"5508",2009,29,0.0343663295414334
"5509",2009,30,0.0450878521602288
"5510",2009,31,0.0552626032138615
"5511",2009,32,0.0438342674353696
"5512",2009,33,0.046116437333072
"5513",2009,34,0.0576052225012678
"5514",2009,35,0.0605220282984155
"5515",2009,36,0.0665732055282224
"5516",2009,37,0.0631070331783253
"5517",2009,38,0.0276616736316954
"5518",2009,39,0.00300412520870254
"5519",2009,40,0.00317102682198447
"5520",2009,41,0.00244886499659452
"5521",2009,42,0.00220926791851142
"5522",2009,43,0.0514003648363077
"5523",2009,44,0.0502599814389646
"5524",2009,45,0.0468107837703
"5525",2009,46,0.0528470114619907
"5526",2009,47,0.0166998475651854
"5527",2009,48,0.00345988167377027
"5528",2009,49,0.00329784888662736
"5529",2009,50,0.00338151216700887
"5530",2009,51,0.00330905320043861
"5531",2009,52,0.00309719317384343
"5532",2009,53,0.00421638496246383
"5533",2009,54,0.00485802687441403
"5534",2009,55,0.00508849446086661
"5535",2009,56,0.00443788969079639
"5536",2009,57,0.00445828635171308
"5537",2009,58,0.00361580291899373
"5538",2009,59,0.00400285908119019
"5539",2009,60,0.0052918576061632
"5540",2009,61,0.00704257497832074
"5541",2009,62,0.00758583018983897
"5542",2009,63,0.00801937053753185
"5543",2009,64,0.00737304424736409
"5544",2009,65,0.00717270253610197
"5545",2009,66,0.00796502667233697
"5546",2009,67,0.00951270828798773
"5547",2009,68,0.0577908348698819
"5548",2009,69,0.0459039899116992
"5549",2009,70,0.0505463197087827
"5550",2009,71,0.0253128023886372
"5551",2009,72,0.0140842046039881
"5552",2009,73,0.0148079739228027
"5553",2009,74,0.0153654513804737
"5554",2009,75,0.0170399815809086
"5555",2009,76,0.0182585129829913
"5556",2009,77,0.0161188295523582
"5557",2009,78,0.0165150299050453
"5558",2009,79,0.0184789206911346
"5559",2009,80,0.0182658379428763
"5560",2009,81,0.0192727926136968
"5561",2009,82,0.0157593424749483
"5562",2009,83,0.0152105266510365
"5563",2009,84,0.1173809696219
"5564",2009,85,0.0928918502792976
"5565",2009,86,0.0905432293810811
"5566",2009,87,0.0262063562026045
"5567",2009,88,0.105932896945352
"5568",2009,89,0.0859273777034458
"5569",2009,90,0.0932283470345129
"5570",2009,91,0.0907206113776667
"5571",2009,92,0.0967693832276849
"5572",2009,93,0.144504281471273
"5573",2009,94,0.120429310944723
"5574",2009,95,0.11539951680355
"5575",2009,96,0.0941655723686074
"5576",2009,97,0.131703443827853
"5577",2009,98,0.139710238179495
"5578",2009,99,0.160638593694537
"5579",2009,100,0.134574724013413
"5580",2009,101,0.12912588524758
"5581",2009,102,0.12006190710764
"5582",2009,103,0.0388494194496642
"5583",2009,104,0.0409358409896961
"5584",2009,105,0.0422474280027476
"5585",2009,106,0.166331603164652
"5586",2009,107,0.155188568324805
"5587",2009,108,0.132953262437392
"5588",2009,109,0.155920908258846
"5589",2009,110,0.175269928310461
"5590",2009,111,0.186871398821529
"5591",2009,112,0.194514626423058
"5592",2009,113,0.202409457285059
"5593",2009,114,0.173251929202388
"5594",2009,115,0.179160846378999
"5595",2009,116,0.193522435161812
"5596",2009,117,0.177026822633293
"5597",2009,118,0.172850956204917
"5598",2009,119,0.0800133244114222
"5599",2009,120,0.0711738784087012
"5600",2009,121,0.193819974209806
"5601",2009,122,0.203658897038234
"5602",2009,123,0.226763507966035
"5603",2009,124,0.208891157955378
"5604",2009,125,0.224191123269835
"5605",2009,126,0.234565816016778
"5606",2009,127,0.24191344879912
"5607",2009,128,0.218576097682479
"5608",2009,129,0.242174062719766
"5609",2009,130,0.225817208918032
"5610",2009,131,0.236673838671342
"5611",2009,132,0.270301210920114
"5612",2009,133,0.233356450045008
"5613",2009,134,0.236230752122858
"5614",2009,135,0.226867275294292
"5615",2009,136,0.117302371124884
"5616",2009,137,0.129663571955824
"5617",2009,138,0.142285440171803
"5618",2009,139,0.150918265224015
"5619",2009,140,0.187435416147303
"5620",2009,141,0.1339542919902
"5621",2009,142,0.300713870662551
"5622",2009,143,0.294088259178094
"5623",2009,144,0.285515812293474
"5624",2009,145,0.303514361454546
"5625",2009,146,0.261436038567064
"5626",2009,147,0.270718342087832
"5627",2009,148,0.321017248944069
"5628",2009,149,0.300107292972839
"5629",2009,150,0.305322524690304
"5630",2009,151,0.181713730959183
"5631",2009,152,0.332376515826683
"5632",2009,153,0.29017594353533
"5633",2009,154,0.309094309917455
"5634",2009,155,0.322336490286153
"5635",2009,156,0.310485062651092
"5636",2009,157,0.320301586444375
"5637",2009,158,0.325839460452826
"5638",2009,159,0.307612413598269
"5639",2009,160,0.340129100797242
"5640",2009,161,0.339603105393164
"5641",2009,162,0.336470770189312
"5642",2009,163,0.302877623730528
"5643",2009,164,0.364689607869108
"5644",2009,165,0.32706807737662
"5645",2009,166,0.359437764784803
"5646",2009,167,0.335646672650728
"5647",2009,168,0.345215117533924
"5648",2009,169,0.382595829484136
"5649",2009,170,0.336755444788562
"5650",2009,171,0.313397533498605
"5651",2009,172,0.215369444924652
"5652",2009,173,0.384274444984416
"5653",2009,174,0.355142623099688
"5654",2009,175,0.39962224355869
"5655",2009,176,0.373092993278592
"5656",2009,177,0.401030445188193
"5657",2009,178,0.356891306711496
"5658",2009,179,0.353780052888246
"5659",2009,180,0.363981788037048
"5660",2009,181,0.35971120649268
"5661",2009,182,0.39494249989116
"5662",2009,183,0.382285452914209
"5663",2009,184,0.395776970917398
"5664",2009,185,0.371551261847965
"5665",2009,186,0.365252682024944
"5666",2009,187,0.379538129639583
"5667",2009,188,0.344731934045115
"5668",2009,189,0.359232480767952
"5669",2009,190,0.340756096216902
"5670",2009,191,0.20387715589491
"5671",2009,192,0.211826514448358
"5672",2009,193,0.387173913013202
"5673",2009,194,0.20079497967647
"5674",2009,195,0.200550262313948
"5675",2009,196,0.132989432559963
"5676",2009,197,0.186506624835726
"5677",2009,198,0.188989889674307
"5678",2009,199,0.187007436526625
"5679",2009,200,0.384445454287871
"5680",2009,201,0.37970648992512
"5681",2009,202,0.181612658719087
"5682",2009,203,0.185000383063165
"5683",2009,204,0.187655160018835
"5684",2009,205,0.184246104957817
"5685",2009,206,0.162786077385399
"5686",2009,207,0.131164932644289
"5687",2009,208,0.153645230261658
"5688",2009,209,0.283432037050939
"5689",2009,210,0.294109160557543
"5690",2009,211,0.201978836106262
"5691",2009,212,0.250300857155345
"5692",2009,213,0.0641977162556968
"5693",2009,214,0.0668548992872352
"5694",2009,215,0.0457776809212608
"5695",2009,216,0.0368171158447646
"5696",2009,217,0.0350258847090972
"5697",2009,218,0.269739726317217
"5698",2009,219,0.106370474873866
"5699",2009,220,0.0318461748187652
"5700",2009,221,0.0296935719541642
"5701",2009,222,0.0285350279834802
"5702",2009,223,0.0281595744026562
"5703",2009,224,0.0275542603489573
"5704",2009,225,0.0252581868866082
"5705",2009,226,0.0149781874203943
"5706",2009,227,0.340321413056701
"5707",2009,228,0.282417716204738
"5708",2009,229,0.198636178890738
"5709",2009,230,0.107282211822999
"5710",2009,231,0.0123645156589585
"5711",2009,232,0.0118726626094277
"5712",2009,233,0.0113739761589643
"5713",2009,234,0.0114518295304199
"5714",2009,235,0.298609007940059
"5715",2009,236,0.169935707663069
"5716",2009,237,0.05674991758154
"5717",2009,238,0.0134070406568508
"5718",2009,239,0.0124937405775384
"5719",2009,240,0.00860132216833641
"5720",2009,241,0.00800499362628132
"5721",2009,242,0.00752652430009516
"5722",2009,243,0.0074602331189816
"5723",2009,244,0.00755924458582107
"5724",2009,245,0.0435991076799929
"5725",2009,246,0.0110392530288912
"5726",2009,247,0.00925067133778303
"5727",2009,248,0.00637357357638851
"5728",2009,249,0.00616370317599873
"5729",2009,250,0.00607324845134745
"5730",2009,251,0.0058585280426346
"5731",2009,252,0.00548460532371376
"5732",2009,253,0.00540477526655832
"5733",2009,254,0.00451751800896488
"5734",2009,255,0.113494008704947
"5735",2009,256,0.00411045072057149
"5736",2009,257,0.00418286555058421
"5737",2009,258,0.00411142120033613
"5738",2009,259,0.00384652614606808
"5739",2009,260,0.00354914008844463
"5740",2009,261,0.00335812482503404
"5741",2009,262,0.00323178388071108
"5742",2009,263,0.00320389416989312
"5743",2009,264,0.00246569822817301
"5744",2009,265,0.00243667814088769
"5745",2009,266,0.00130211875330019
"5746",2009,267,0.0379900617125039
"5747",2009,268,0.00625205632968315
"5748",2009,269,0.00571609311254716
"5749",2009,270,0.00451632827930852
"5750",2009,271,0.00346291072952084
"5751",2009,272,0.00367729363042914
"5752",2009,273,0.00342661213121223
"5753",2009,274,0.000642861187852194
"5754",2009,275,0.000530655871989437
"5755",2009,276,0.000489211026751982
"5756",2009,277,0.10642951539072
"5757",2009,278,0.0815763215248327
"5758",2009,279,0.0721766306831365
"5759",2009,280,0.0706957794644538
"5760",2009,281,0.0825799441450105
"5761",2009,282,0.0815028923144835
"5762",2009,283,0.0542700949344784
"5763",2009,284,0.0642366256721279
"5764",2009,285,0.074156297883128
"5765",2009,286,0.0850501006834588
"5766",2009,287,0.0787214549836669
"5767",2009,288,0.0794758504268103
"5768",2009,289,0.0714436336854977
"5769",2009,290,0.0687297334957717
"5770",2009,291,0.080102322948292
"5771",2009,292,0.0769987225071068
"5772",2009,293,0.0593719061326601
"5773",2009,294,0.0507978905899948
"5774",2009,295,0.0522283818600485
"5775",2009,296,0.0588133641034077
"5776",2009,297,0.0575355215772
"5777",2009,298,0.0201121960151217
"5778",2009,299,0.0128711678800324
"5779",2009,300,0.0784098260684604
"5780",2009,301,0.0504438580411252
"5781",2009,302,0.0444699341068787
"5782",2009,303,0.038381839945133
"5783",2009,304,0.0471329430061581
"5784",2009,305,0.0512094531820117
"5785",2009,306,0.0404994455250284
"5786",2009,307,0.04799965832844
"5787",2009,308,0.0369853901347656
"5788",2009,309,0.0451556567895462
"5789",2009,310,0.0480661249117753
"5790",2009,311,0.0431678953042027
"5791",2009,312,0.0398384732397252
"5792",2009,313,0.0356417416800553
"5793",2009,314,0.0340640742731379
"5794",2009,315,0.0359889300010116
"5795",2009,316,0.0396667917515819
"5796",2009,317,0.0554381323826387
"5797",2009,318,0.0308704632710693
"5798",2009,319,0.028355535635795
"5799",2009,320,0.0272376433659319
"5800",2009,321,0.0348892413872801
"5801",2009,322,0.0400229679533017
"5802",2009,323,0.0258463659558727
"5803",2009,324,0.0258126387329307
"5804",2009,325,0.0272877900835706
"5805",2009,326,0.0231823332244242
"5806",2009,327,0.0204739076428403
"5807",2009,328,0.0205212542154515
"5808",2009,329,0.0228123451174974
"5809",2009,330,0.0269328052863981
"5810",2009,331,0.0286541885736363
"5811",2009,332,0.0232106398078644
"5812",2009,333,0.0189168089140655
"5813",2009,334,0.0228284126578972
"5814",2009,335,0.0188627717912418
"5815",2009,336,0.0116563618482836
"5816",2009,337,0.0092112958904957
"5817",2009,338,0.0110720396119416
"5818",2009,339,0.0184706270448538
"5819",2009,340,0.0130017298966338
"5820",2009,341,0.0104955215269964
"5821",2009,342,0.00918513616506097
"5822",2009,343,0.00878046246607542
"5823",2009,344,0.0119410252044367
"5824",2009,345,0.015431808996268
"5825",2009,346,0.0207459081441686
"5826",2009,347,0.022627797520381
"5827",2009,348,0.0208493963617659
"5828",2009,349,0.019752951834827
"5829",2009,350,0.0259522001375414
"5830",2009,351,0.028365735400107
"5831",2009,352,0.0221160009826027
"5832",2009,353,0.0207623671773147
"5833",2009,354,0.0275255988450997
"5834",2009,355,0.0296772812224875
"5835",2009,356,0.0256886686094637
"5836",2009,357,0.0176291311601829
"5837",2009,358,0.0125098387641617
"5838",2009,359,0.0135318964587823
"5839",2009,360,0.0177371827159114
"5840",2009,361,0.0172182563981174
"5841",2009,362,0.016789530301374
"5842",2009,363,0.0191115646165687
"5843",2009,364,0.0197273950229908
"5844",2009,365,0.0190176415210318
"5845",2010,1,0.0222835647976881
"5846",2010,2,0.024919862252186
"5847",2010,3,0.023848314085741
"5848",2010,4,0.0215581133565317
"5849",2010,5,0.0252311431537852
"5850",2010,6,0.0184283988496073
"5851",2010,7,0.0109892525869471
"5852",2010,8,0.0149743399830724
"5853",2010,9,0.0236226808398789
"5854",2010,10,0.0278624839049798
"5855",2010,11,0.0305926780428101
"5856",2010,12,0.0332549869447325
"5857",2010,13,0.0343678010918571
"5858",2010,14,0.0300185766164271
"5859",2010,15,0.0325208168614751
"5860",2010,16,0.0372081885449417
"5861",2010,17,0.0384760407963543
"5862",2010,18,0.037025121056319
"5863",2010,19,0.0367458213843469
"5864",2010,20,0.0327504899989332
"5865",2010,21,0.0319008958614679
"5866",2010,22,0.0389980239817381
"5867",2010,23,0.0366811850814841
"5868",2010,24,0.0347381229034545
"5869",2010,25,0.0342803173504502
"5870",2010,26,0.0336653732155753
"5871",2010,27,0.0353602111680152
"5872",2010,28,0.0343866214580534
"5873",2010,29,0.0380131392435481
"5874",2010,30,0.0411406221751107
"5875",2010,31,0.0405735688597004
"5876",2010,32,0.0420193189543227
"5877",2010,33,0.0432653008948665
"5878",2010,34,0.0491745879315356
"5879",2010,35,0.0633854708681076
"5880",2010,36,0.0531033882691567
"5881",2010,37,0.0481500311696013
"5882",2010,38,0.0457806984694675
"5883",2010,39,0.0354531104132762
"5884",2010,40,0.0329113283490816
"5885",2010,41,0.0441424253194384
"5886",2010,42,0.0488163716262874
"5887",2010,43,0.0544397486983527
"5888",2010,44,0.0613978137512726
"5889",2010,45,0.0417690832539491
"5890",2010,46,0.045098972092865
"5891",2010,47,0.0498032808057535
"5892",2010,48,0.0397865510863562
"5893",2010,49,0.0584623707241215
"5894",2010,50,0.0466305249935763
"5895",2010,51,0.0475498439345764
"5896",2010,52,0.0415614971732058
"5897",2010,53,0.0388983731913672
"5898",2010,54,0.0538562262733486
"5899",2010,55,0.0661704253628651
"5900",2010,56,0.0702178374032827
"5901",2010,57,0.0739142996900963
"5902",2010,58,0.073945963817696
"5903",2010,59,0.0735937032172235
"5904",2010,60,0.081185200952522
"5905",2010,61,0.0871744760538442
"5906",2010,62,0.0936902940480411
"5907",2010,63,0.0967220880463388
"5908",2010,64,0.100531500978226
"5909",2010,65,0.0959590411363522
"5910",2010,66,0.098184063245862
"5911",2010,67,0.0799553568147714
"5912",2010,68,0.0764161517268783
"5913",2010,69,0.0649316992546553
"5914",2010,70,0.0690591227560376
"5915",2010,71,0.0779647746157577
"5916",2010,72,0.0756052170562152
"5917",2010,73,0.0120824365596729
"5918",2010,74,0.0132273639307036
"5919",2010,75,0.0138749262052291
"5920",2010,76,0.0151571917216013
"5921",2010,77,0.116272237979821
"5922",2010,78,0.0885280632767819
"5923",2010,79,0.0781998479780147
"5924",2010,80,0.0865840415946392
"5925",2010,81,0.0998009773363665
"5926",2010,82,0.11355026257949
"5927",2010,83,0.0795287475153282
"5928",2010,84,0.0840792424819092
"5929",2010,85,0.0909768000384585
"5930",2010,86,0.0946242164780545
"5931",2010,87,0.107649013500542
"5932",2010,88,0.122663676785765
"5933",2010,89,0.116452760344432
"5934",2010,90,0.0215010047898999
"5935",2010,91,0.141185566687391
"5936",2010,92,0.0970148722651056
"5937",2010,93,0.0995341437471463
"5938",2010,94,0.0299124750805589
"5939",2010,95,0.154382985394426
"5940",2010,96,0.144312961341465
"5941",2010,97,0.113749089101923
"5942",2010,98,0.11985139227397
"5943",2010,99,0.0520546049407893
"5944",2010,100,0.0271712685815054
"5945",2010,101,0.0309996643966292
"5946",2010,102,0.0339720547148913
"5947",2010,103,0.0303914041256234
"5948",2010,104,0.0270282918425876
"5949",2010,105,0.0284353448701202
"5950",2010,106,0.0267213348638828
"5951",2010,107,0.167458270236942
"5952",2010,108,0.147357585387029
"5953",2010,109,0.0599484451978807
"5954",2010,110,0.0297879636307975
"5955",2010,111,0.199900680741419
"5956",2010,112,0.193012671284455
"5957",2010,113,0.176202685627483
"5958",2010,114,0.160439521012056
"5959",2010,115,0.162015894110344
"5960",2010,116,0.150958781690866
"5961",2010,117,0.173001279464697
"5962",2010,118,0.229103828714862
"5963",2010,119,0.165416046263299
"5964",2010,120,0.157976634030939
"5965",2010,121,0.171523406423885
"5966",2010,122,0.197174293447172
"5967",2010,123,0.190195872518472
"5968",2010,124,0.206544125726086
"5969",2010,125,0.0924100337053764
"5970",2010,126,0.135428803943122
"5971",2010,127,0.0770811462711964
"5972",2010,128,0.081133212733607
"5973",2010,129,0.0927245973164414
"5974",2010,130,0.097549276650746
"5975",2010,131,0.209484152593238
"5976",2010,132,0.172940089928531
"5977",2010,133,0.185948988823031
"5978",2010,134,0.249635070914197
"5979",2010,135,0.248450657027007
"5980",2010,136,0.23547763990543
"5981",2010,137,0.249236686429402
"5982",2010,138,0.287522839013496
"5983",2010,139,0.278258722011593
"5984",2010,140,0.289366491342312
"5985",2010,141,0.264823170220207
"5986",2010,142,0.293708040374654
"5987",2010,143,0.255073074129185
"5988",2010,144,0.266240722275152
"5989",2010,145,0.140156988138438
"5990",2010,146,0.316579305455447
"5991",2010,147,0.32143720476473
"5992",2010,148,0.326617502013307
"5993",2010,149,0.30179461946963
"5994",2010,150,0.271087488624206
"5995",2010,151,0.281653670658856
"5996",2010,152,0.171438272308382
"5997",2010,153,0.173391492076682
"5998",2010,154,0.179481867973596
"5999",2010,155,0.192672368145955
"6000",2010,156,0.25152216437738
"6001",2010,157,0.203836050745191
"6002",2010,158,0.331168675146409
"6003",2010,159,0.190226860332929
"6004",2010,160,0.196865269475362
"6005",2010,161,0.203949994291059
"6006",2010,162,0.356346336484071
"6007",2010,163,0.306361279021417
"6008",2010,164,0.309559702861771
"6009",2010,165,0.330650107936815
"6010",2010,166,0.322291661916664
"6011",2010,167,0.35412087933674
"6012",2010,168,0.357548218858866
"6013",2010,169,0.338692047722872
"6014",2010,170,0.347659578169246
"6015",2010,171,0.221528953331622
"6016",2010,172,0.225582264702075
"6017",2010,173,0.221979305623605
"6018",2010,174,0.20645581178411
"6019",2010,175,0.222135558381234
"6020",2010,176,0.227836404132257
"6021",2010,177,0.409338077037768
"6022",2010,178,0.208592007753382
"6023",2010,179,0.214358540373051
"6024",2010,180,0.214340305704855
"6025",2010,181,0.204561608427947
"6026",2010,182,0.227009367405398
"6027",2010,183,0.167189251986011
"6028",2010,184,0.1319436242042
"6029",2010,185,0.372435894418382
"6030",2010,186,0.339120306140171
"6031",2010,187,0.386905010496157
"6032",2010,188,0.305102636191418
"6033",2010,189,0.328875552694752
"6034",2010,190,0.299685575921468
"6035",2010,191,0.382131348446557
"6036",2010,192,0.371754101140457
"6037",2010,193,0.298748412520776
"6038",2010,194,0.126793664958049
"6039",2010,195,0.0891740967155777
"6040",2010,196,0.0661029671322326
"6041",2010,197,0.0470375057752571
"6042",2010,198,0.049649464525805
"6043",2010,199,0.103979626063899
"6044",2010,200,0.0859893488605108
"6045",2010,201,0.0395967638860998
"6046",2010,202,0.0897153663784987
"6047",2010,203,0.038971966750055
"6048",2010,204,0.0349425625963344
"6049",2010,205,0.0304958605098562
"6050",2010,206,0.0289243355861891
"6051",2010,207,0.0245359750382005
"6052",2010,208,0.0166615356535942
"6053",2010,209,0.0640661599541173
"6054",2010,210,0.302175929938331
"6055",2010,211,0.139578679219454
"6056",2010,212,0.0108272058571151
"6057",2010,213,0.0391564563922192
"6058",2010,214,0.00990418458442537
"6059",2010,215,0.126137792412425
"6060",2010,216,0.0813217092015192
"6061",2010,217,0.308651947843657
"6062",2010,218,0.213245397865775
"6063",2010,219,0.212606524031154
"6064",2010,220,0.0411049815013556
"6065",2010,221,0.014150310798656
"6066",2010,222,0.0124049263755136
"6067",2010,223,0.0117309315243315
"6068",2010,224,0.0109403537001128
"6069",2010,225,0.00735621909232048
"6070",2010,226,0.00569974500553041
"6071",2010,227,0.0053213249020681
"6072",2010,228,0.331873770805401
"6073",2010,229,0.247734593436918
"6074",2010,230,0.170227775522169
"6075",2010,231,0.135120814542191
"6076",2010,232,0.00432280563930829
"6077",2010,233,0.00425913247270861
"6078",2010,234,0.00407513151402299
"6079",2010,235,0.00409411584179217
"6080",2010,236,0.00415111452600187
"6081",2010,237,0.00318498001698572
"6082",2010,238,0.00112019296879113
"6083",2010,239,0.00109826230176056
"6084",2010,240,0.00107959569272143
"6085",2010,241,0.00106187016761398
"6086",2010,242,0.00104072427498695
"6087",2010,243,0.00100908600714917
"6088",2010,244,0.00099040460500291
"6089",2010,245,0.000931934023251809
"6090",2010,246,0.000907208689102114
"6091",2010,247,0.000939665024617362
"6092",2010,248,0.00093520599182645
"6093",2010,249,0.00085608557857284
"6094",2010,250,0.000829839045360063
"6095",2010,251,0.000851890719814166
"6096",2010,252,0.000852124401214159
"6097",2010,253,0.000794448038131908
"6098",2010,254,0.000764468749022606
"6099",2010,255,0.000774167459494371
"6100",2010,256,0.000772022136772455
"6101",2010,257,0.000770168321624555
"6102",2010,258,0.000738973791474737
"6103",2010,259,0.000717524733067671
"6104",2010,260,0.000702255404226844
"6105",2010,261,0.000597243573323363
"6106",2010,262,0.000662601564050264
"6107",2010,263,0.152953057247686
"6108",2010,264,0.06064770202361
"6109",2010,265,0.111444909055632
"6110",2010,266,0.000523497673466542
"6111",2010,267,0.000496418576664224
"6112",2010,268,0.00049138288863322
"6113",2010,269,0.000506104501368321
"6114",2010,270,0.000483823314577416
"6115",2010,271,0.000480444689171947
"6116",2010,272,0.000441461669435335
"6117",2010,273,0.000404511021602707
"6118",2010,274,0.000396637863999705
"6119",2010,275,0.000345333449381012
"6120",2010,276,0.00036405242632469
"6121",2010,277,0.000365791449925631
"6122",2010,278,0.115878410865912
"6123",2010,279,0.033344349444158
"6124",2010,280,0.00465054306874967
"6125",2010,281,0.00375382154072035
"6126",2010,282,0.00303025091106455
"6127",2010,283,0.1072755371873
"6128",2010,284,0.0748886726800787
"6129",2010,285,0.107283121051615
"6130",2010,286,0.0766248417828773
"6131",2010,287,0.082382264212618
"6132",2010,288,0.0816765866206996
"6133",2010,289,0.0675846980961115
"6134",2010,290,0.0676535224264122
"6135",2010,291,0.0881975562995546
"6136",2010,292,0.0630189718775854
"6137",2010,293,0.0625577703170887
"6138",2010,294,0.0587238668865318
"6139",2010,295,0.0875455911494098
"6140",2010,296,0.0647568292627134
"6141",2010,297,0.0604682561414541
"6142",2010,298,0.053238685063128
"6143",2010,299,0.0456969721711761
"6144",2010,300,0.0419955227216396
"6145",2010,301,0.0413309634906473
"6146",2010,302,0.0480869149122909
"6147",2010,303,0.0476244495861385
"6148",2010,304,0.0399528940792176
"6149",2010,305,0.00544672535064604
"6150",2010,306,0.00402012204144517
"6151",2010,307,0.00303877690864426
"6152",2010,308,0.00234111613098599
"6153",2010,309,0.00248132911631532
"6154",2010,310,0.00249129542397714
"6155",2010,311,0.00220674754006848
"6156",2010,312,0.00186367092035955
"6157",2010,313,0.059242686753868
"6158",2010,314,0.0360971228670433
"6159",2010,315,0.0319924351571481
"6160",2010,316,0.0288259631280492
"6161",2010,317,0.0315208310971405
"6162",2010,318,0.0293873146649711
"6163",2010,319,0.0359735095624285
"6164",2010,320,0.0447521576406595
"6165",2010,321,0.0385424735248315
"6166",2010,322,0.0378039539917686
"6167",2010,323,0.0377862525100421
"6168",2010,324,0.0307436117520947
"6169",2010,325,0.0300792452298338
"6170",2010,326,0.0282000403560008
"6171",2010,327,0.0282770248061043
"6172",2010,328,0.0233183435540517
"6173",2010,329,0.0206658091354553
"6174",2010,330,0.0240803374013156
"6175",2010,331,0.0227153113270526
"6176",2010,332,0.0218652440163528
"6177",2010,333,0.0150553524373786
"6178",2010,334,0.0153085936583469
"6179",2010,335,0.023131439208575
"6180",2010,336,0.0232886978019115
"6181",2010,337,0.0248399106303498
"6182",2010,338,0.0177432513443708
"6183",2010,339,0.0163181083755018
"6184",2010,340,0.0180341513937087
"6185",2010,341,0.0202107460809088
"6186",2010,342,0.0200635493657543
"6187",2010,343,0.0233423185449541
"6188",2010,344,0.0221543439238829
"6189",2010,345,0.0149772357775596
"6190",2010,346,0.0165279863030287
"6191",2010,347,0.0241413410946086
"6192",2010,348,0.0228768642781819
"6193",2010,349,0.0340353581838793
"6194",2010,350,0.0252838473323522
"6195",2010,351,0.0115995300599805
"6196",2010,352,0.013125529099848
"6197",2010,353,0.0194523784519484
"6198",2010,354,0.019653382562205
"6199",2010,355,0.0153419874016834
"6200",2010,356,0.0145845342507065
"6201",2010,357,0.0197317077812418
"6202",2010,358,0.0164899344338689
"6203",2010,359,0.0162780839970792
"6204",2010,360,0.019270365960643
"6205",2010,361,0.0191239332813939
"6206",2010,362,0.0167473971495335
"6207",2010,363,0.0201225970619356
"6208",2010,364,0.0173191574664372
"6209",2010,365,0.0105096422115451
"6210",2010,366,0.0330926873058414
"6211",2011,1,0.0121435954223115
"6212",2011,2,0.0162791722634622
"6213",2011,3,0.0175867038776553
"6214",2011,4,0.0190644420419026
"6215",2011,5,0.0236619798552903
"6216",2011,6,0.0307443539561859
"6217",2011,7,0.0303993946514355
"6218",2011,8,0.0104824208489005
"6219",2011,9,0.0205144211718908
"6220",2011,10,0.0135342436035231
"6221",2011,11,0.0132935365876684
"6222",2011,12,0.0185579117189061
"6223",2011,13,0.0345096703119105
"6224",2011,14,0.0307543232714173
"6225",2011,15,0.0262511740167401
"6226",2011,16,0.0252987479790636
"6227",2011,17,0.0237972947156235
"6228",2011,18,0.00416198923417488
"6229",2011,19,0.00231846082219052
"6230",2011,20,0.00201205335065015
"6231",2011,21,0.00227255729705022
"6232",2011,22,0.00214581483819539
"6233",2011,23,0.00191299499263233
"6234",2011,24,0.00175373445656275
"6235",2011,25,0.00161591244714976
"6236",2011,26,0.00205649302325531
"6237",2011,27,0.00218296290986581
"6238",2011,28,0.00232642839013174
"6239",2011,29,0.00194136141362322
"6240",2011,30,0.00148798149511124
"6241",2011,31,0.000828050937888077
"6242",2011,32,0.000397324678423144
"6243",2011,33,0.000471146265666631
"6244",2011,34,0.000923598003100141
"6245",2011,35,0.00139284801848037
"6246",2011,36,0.00151809513199719
"6247",2011,37,0.00107265267600805
"6248",2011,38,0.0384653215719096
"6249",2011,39,0.0207365804525314
"6250",2011,40,0.0232329822850614
"6251",2011,41,0.0335429048899651
"6252",2011,42,0.046214659426107
"6253",2011,43,0.0673230484265596
"6254",2011,44,0.0783529899178537
"6255",2011,45,0.0700127834420407
"6256",2011,46,0.0118119959984614
"6257",2011,47,0.00297358385902841
"6258",2011,48,0.00116808810645617
"6259",2011,49,0.00116883142862409
"6260",2011,50,0.00150616267670853
"6261",2011,51,0.0013886927151586
"6262",2011,52,0.00145722679274866
"6263",2011,53,0.00182713911611994
"6264",2011,54,0.00224524552923905
"6265",2011,55,0.0584595293505776
"6266",2011,56,0.0468107287426495
"6267",2011,57,0.0636188292765977
"6268",2011,58,0.0772362267761911
"6269",2011,59,0.082891148072331
"6270",2011,60,0.0930089746079837
"6271",2011,61,0.0871874004415821
"6272",2011,62,0.101926439774964
"6273",2011,63,0.0846637953229948
"6274",2011,64,0.0769704491405018
"6275",2011,65,0.0841471138631441
"6276",2011,66,0.0613156720780157
"6277",2011,67,0.049766079322023
"6278",2011,68,0.00646072600763506
"6279",2011,69,0.00804743768833543
"6280",2011,70,0.0084339286419145
"6281",2011,71,0.104807014190431
"6282",2011,72,0.0782288465213785
"6283",2011,73,0.0437421188033472
"6284",2011,74,0.0119636964652232
"6285",2011,75,0.013498625276579
"6286",2011,76,0.109036613871735
"6287",2011,77,0.00968976036806166
"6288",2011,78,0.0108117971636468
"6289",2011,79,0.0116862309844248
"6290",2011,80,0.0124266008575263
"6291",2011,81,0.0121051327234113
"6292",2011,82,0.0114592204984111
"6293",2011,83,0.0107603637088933
"6294",2011,84,0.118112435379071
"6295",2011,85,0.120624483423415
"6296",2011,86,0.116363205097452
"6297",2011,87,0.130046199856942
"6298",2011,88,0.0930076613024821
"6299",2011,89,0.103965700347907
"6300",2011,90,0.0282740242726992
"6301",2011,91,0.0237495244145957
"6302",2011,92,0.0237518704620542
"6303",2011,93,0.150307070173806
"6304",2011,94,0.0974464439987697
"6305",2011,95,0.13640119684843
"6306",2011,96,0.144172581409715
"6307",2011,97,0.11215417927666
"6308",2011,98,0.0153681450540746
"6309",2011,99,0.156576052117926
"6310",2011,100,0.0696800057413711
"6311",2011,101,0.00571093741096221
"6312",2011,102,0.00528077821387495
"6313",2011,103,0.155845961420139
"6314",2011,104,0.154242097758669
"6315",2011,105,0.128290963519858
"6316",2011,106,0.127989465861189
"6317",2011,107,0.169872292963498
"6318",2011,108,0.174219134164076
"6319",2011,109,0.131828882124319
"6320",2011,110,0.16592232871325
"6321",2011,111,0.196878756965642
"6322",2011,112,0.156190279548369
"6323",2011,113,0.162544862766164
"6324",2011,114,0.183702932338312
"6325",2011,115,0.19660703903687
"6326",2011,116,0.161693037190937
"6327",2011,117,0.165391876252276
"6328",2011,118,0.180578862263153
"6329",2011,119,0.168204628726087
"6330",2011,120,0.054046176762741
"6331",2011,121,0.054300550676999
"6332",2011,122,0.0548612801588315
"6333",2011,123,0.0622237611469884
"6334",2011,124,0.0440520339410113
"6335",2011,125,0.0278022630294057
"6336",2011,126,0.0164511663036899
"6337",2011,127,0.0080784552978922
"6338",2011,128,0.00815411160548731
"6339",2011,129,0.00819640052452046
"6340",2011,130,0.239085202905789
"6341",2011,131,0.216348242507715
"6342",2011,132,0.216822902813351
"6343",2011,133,0.219147471284157
"6344",2011,134,0.199800546300133
"6345",2011,135,0.193032078290882
"6346",2011,136,0.224642922337286
"6347",2011,137,0.260822170936949
"6348",2011,138,0.246879684919118
"6349",2011,139,0.236254487572953
"6350",2011,140,0.256077136259517
"6351",2011,141,0.274487382382139
"6352",2011,142,0.283799046785872
"6353",2011,143,0.298323345054814
"6354",2011,144,0.274218319232512
"6355",2011,145,0.261371354853847
"6356",2011,146,0.261356266384111
"6357",2011,147,0.279271933020007
"6358",2011,148,0.291417157151885
"6359",2011,149,0.316281361806362
"6360",2011,150,0.311251074917223
"6361",2011,151,0.290989043809555
"6362",2011,152,0.299015166160023
"6363",2011,153,0.328777851380102
"6364",2011,154,0.174804878780509
"6365",2011,155,0.17144835040166
"6366",2011,156,0.196423219474129
"6367",2011,157,0.197295062203924
"6368",2011,158,0.185053256994611
"6369",2011,159,0.353597657682691
"6370",2011,160,0.32436036251958
"6371",2011,161,0.302611777647045
"6372",2011,162,0.330418493123148
"6373",2011,163,0.343111207502287
"6374",2011,164,0.347461739879814
"6375",2011,165,0.296631995138473
"6376",2011,166,0.208271864847035
"6377",2011,167,0.39741402652961
"6378",2011,168,0.331450979640972
"6379",2011,169,0.335600797456431
"6380",2011,170,0.363211316264763
"6381",2011,171,0.344669160477873
"6382",2011,172,0.19611246636431
"6383",2011,173,0.184466926491597
"6384",2011,174,0.162035753977086
"6385",2011,175,0.135489746655295
"6386",2011,176,0.103796068461668
"6387",2011,177,0.0911334010624324
"6388",2011,178,0.0664625409626577
"6389",2011,179,0.0699168196415848
"6390",2011,180,0.0693982434023274
"6391",2011,181,0.258175259533801
"6392",2011,182,0.226442836731925
"6393",2011,183,0.0362665053092234
"6394",2011,184,0.0330866055264352
"6395",2011,185,0.0324916628354685
"6396",2011,186,0.276464486272546
"6397",2011,187,0.380578375576732
"6398",2011,188,0.356723227777206
"6399",2011,189,0.382759403750888
"6400",2011,190,0.345312921889425
"6401",2011,191,0.215804553586019
"6402",2011,192,0.247529127159479
"6403",2011,193,0.382619928060899
"6404",2011,194,0.346282921246824
"6405",2011,195,0.358233505191329
"6406",2011,196,0.307496682927992
"6407",2011,197,0.397670519593215
"6408",2011,198,0.357869543966711
"6409",2011,199,0.191041031313892
"6410",2011,200,0.416323175308203
"6411",2011,201,0.371659585555302
"6412",2011,202,0.329538314634674
"6413",2011,203,0.149414805471899
"6414",2011,204,0.0925548312309985
"6415",2011,205,0.391606834132082
"6416",2011,206,0.367288653521474
"6417",2011,207,0.266878584422409
"6418",2011,208,0.179955897117382
"6419",2011,209,0.0260656089681719
"6420",2011,210,0.0195852898159925
"6421",2011,211,0.0144301652251745
"6422",2011,212,0.0142800864081405
"6423",2011,213,0.0140258367856909
"6424",2011,214,0.334473576830883
"6425",2011,215,0.190690582682874
"6426",2011,216,0.0248333614020294
"6427",2011,217,0.0194942439539211
"6428",2011,218,0.0173017917509282
"6429",2011,219,0.0161396017318997
"6430",2011,220,0.0142225562181508
"6431",2011,221,0.00939591162147381
"6432",2011,222,0.00866403141939158
"6433",2011,223,0.00854228439785012
"6434",2011,224,0.00788844463648129
"6435",2011,225,0.00698707819283925
"6436",2011,226,0.00705271171691533
"6437",2011,227,0.00353792300401383
"6438",2011,228,0.26750278243031
"6439",2011,229,0.134051820887441
"6440",2011,230,0.00262088935063284
"6441",2011,231,0.00205063375754454
"6442",2011,232,0.00200997665814321
"6443",2011,233,0.00191346740093473
"6444",2011,234,0.00183528172777111
"6445",2011,235,0.00176959711727063
"6446",2011,236,0.00173118793384914
"6447",2011,237,0.00168370562711619
"6448",2011,238,0.00164186197895244
"6449",2011,239,0.0016036389350618
"6450",2011,240,0.1365548323645
"6451",2011,241,0.00152089574775489
"6452",2011,242,0.00147426350144926
"6453",2011,243,0.00142798469377725
"6454",2011,244,0.001388355395804
"6455",2011,245,0.00136668641466838
"6456",2011,246,0.00128341870219939
"6457",2011,247,0.00123225034877672
"6458",2011,248,0.00124364942884665
"6459",2011,249,0.231082351876687
"6460",2011,250,0.230724918719914
"6461",2011,251,0.209342669551764
"6462",2011,252,0.208156076513737
"6463",2011,253,0.201921081984146
"6464",2011,254,0.200079338947832
"6465",2011,255,0.166399046257379
"6466",2011,256,0.0838441329595825
"6467",2011,257,0.198351519269812
"6468",2011,258,0.186876018780786
"6469",2011,259,0.17976730899753
"6470",2011,260,0.172972459712071
"6471",2011,261,0.170397957204284
"6472",2011,262,0.177166669210273
"6473",2011,263,0.145060914458038
"6474",2011,264,0.0596415169415201
"6475",2011,265,0.0609597570479314
"6476",2011,266,0.0632887950305935
"6477",2011,267,0.0613998461059172
"6478",2011,268,0.0562103637227109
"6479",2011,269,0.0535766347500243
"6480",2011,270,0.0455316071513455
"6481",2011,271,0.0420707182617129
"6482",2011,272,0.0331264171923639
"6483",2011,273,0.025502592340816
"6484",2011,274,0.0247992587794269
"6485",2011,275,0.0234259957455077
"6486",2011,276,0.0226053720569409
"6487",2011,277,0.0181434551325807
"6488",2011,278,0.0125836656090945
"6489",2011,279,0.00840432516262399
"6490",2011,280,0.00626981958733919
"6491",2011,281,0.108373564712874
"6492",2011,282,0.0804726335510674
"6493",2011,283,0.085647860017588
"6494",2011,284,0.092242320147401
"6495",2011,285,0.0857349752068122
"6496",2011,286,0.0851322639865228
"6497",2011,287,0.0762267198000272
"6498",2011,288,0.0890365404887009
"6499",2011,289,0.0717994218049156
"6500",2011,290,0.063819329281409
"6501",2011,291,0.0529148211124372
"6502",2011,292,0.0170964567170571
"6503",2011,293,0.0187635666078469
"6504",2011,294,0.0182853205150392
"6505",2011,295,0.017245932065649
"6506",2011,296,0.0170045065625961
"6507",2011,297,0.0169451096854221
"6508",2011,298,0.0846001388947303
"6509",2011,299,0.0457948833945437
"6510",2011,300,0.0441758933322258
"6511",2011,301,0.053104753927008
"6512",2011,302,0.0464680214257957
"6513",2011,303,0.0476992418392634
"6514",2011,304,0.054634028416081
"6515",2011,305,0.0705384606345179
"6516",2011,306,0.0308237849222843
"6517",2011,307,0.026763073966982
"6518",2011,308,0.035743754468294
"6519",2011,309,0.0375377015571313
"6520",2011,310,0.031286794923475
"6521",2011,311,0.0274567935425088
"6522",2011,312,0.0296460772728991
"6523",2011,313,0.0289320269038469
"6524",2011,314,0.0324665053747363
"6525",2011,315,0.0355944140051056
"6526",2011,316,0.0358492963976238
"6527",2011,317,0.033425512348474
"6528",2011,318,0.0324265850618045
"6529",2011,319,0.0272125615795873
"6530",2011,320,0.0195765673363394
"6531",2011,321,0.0260019792650374
"6532",2011,322,0.0588148474728115
"6533",2011,323,0.0224061568200039
"6534",2011,324,0.0215466845233295
"6535",2011,325,0.0250410500628829
"6536",2011,326,0.0278226389688762
"6537",2011,327,0.0295707916693895
"6538",2011,328,0.0294419421059004
"6539",2011,329,0.0237147002156273
"6540",2011,330,0.00885857630170903
"6541",2011,331,0.00635846852137353
"6542",2011,332,0.00526796185512483
"6543",2011,333,0.00378609328946268
"6544",2011,334,0.0522683721849855
"6545",2011,335,0.0144778517762259
"6546",2011,336,0.0138532563983733
"6547",2011,337,0.010980043902711
"6548",2011,338,0.00977868030331249
"6549",2011,339,0.00481765677897778
"6550",2011,340,0.00443313490584486
"6551",2011,341,0.00487477857140693
"6552",2011,342,0.00325987076755016
"6553",2011,343,0.00254635341590733
"6554",2011,344,0.00239747693655109
"6555",2011,345,0.00228435822664215
"6556",2011,346,0.00185362035614012
"6557",2011,347,0.00169069799631468
"6558",2011,348,0.00181130190075879
"6559",2011,349,0.00140368675008939
"6560",2011,350,0.00132362143327657
"6561",2011,351,0.00140699952682172
"6562",2011,352,0.00174097623245895
"6563",2011,353,0.00112742022745716
"6564",2011,354,0.001096670694986
"6565",2011,355,0.0204729395813298
"6566",2011,356,0.0143485940395832
"6567",2011,357,0.0160238557619926
"6568",2011,358,0.0216351925300935
"6569",2011,359,0.0214625945012403
"6570",2011,360,0.0251982604612829
"6571",2011,361,0.00124099506915921
"6572",2011,362,0.00155283377954496
"6573",2011,363,0.00168599447832153
"6574",2011,364,0.00150788740903494
"6575",2011,365,0.00126499036415032
"6576",2012,1,0.000855418250651481
"6577",2012,2,0.00105012834959285
"6578",2012,3,0.00136112302933429
"6579",2012,4,0.00130264463840853
"6580",2012,5,0.00158297654732411
"6581",2012,6,0.00113154494696949
"6582",2012,7,0.000883270530767375
"6583",2012,8,0.000811435237203726
"6584",2012,9,0.00109301936938895
"6585",2012,10,0.00122528632408474
"6586",2012,11,0.00072902959631587
"6587",2012,12,0.000722101206004908
"6588",2012,13,0.0010230827342263
"6589",2012,14,0.00113538775263173
"6590",2012,15,0.00114413742151182
"6591",2012,16,0.000790222947055114
"6592",2012,17,0.000597066525171255
"6593",2012,18,0.000591183679233889
"6594",2012,19,0.000522640035143886
"6595",2012,20,0.000470897059183687
"6596",2012,21,0.000459423737953603
"6597",2012,22,0.000422465461441655
"6598",2012,23,0.000400049393396833
"6599",2012,24,0.000370992595485774
"6600",2012,25,0.000491287960061042
"6601",2012,26,0.000518149893599604
"6602",2012,27,0.000404633682292834
"6603",2012,28,0.000383352532932501
"6604",2012,29,0.000582799935357147
"6605",2012,30,0.000597219109162292
"6606",2012,31,0.000551563482935476
"6607",2012,32,0.00054718413484484
"6608",2012,33,0.0488337075494114
"6609",2012,34,0.0412231283976647
"6610",2012,35,0.0403026152363246
"6611",2012,36,0.001884767273059
"6612",2012,37,0.000448389731069677
"6613",2012,38,0.00041932211598576
"6614",2012,39,0.000461438015374733
"6615",2012,40,0.000543618029347788
"6616",2012,41,0.0446295070958405
"6617",2012,42,0.0315786642842082
"6618",2012,43,0.0387016673051699
"6619",2012,44,0.0537645499017001
"6620",2012,45,0.0570277049263174
"6621",2012,46,0.0521471490623068
"6622",2012,47,0.0573212065287655
"6623",2012,48,0.0577616978554786
"6624",2012,49,0.0557181098390262
"6625",2012,50,0.0649705265282058
"6626",2012,51,0.0636403419379294
"6627",2012,52,0.0740726524615637
"6628",2012,53,0.0332052070785822
"6629",2012,54,0.00258820357631915
"6630",2012,55,0.00261889789679482
"6631",2012,56,0.00362771208485436
"6632",2012,57,0.00303348542168659
"6633",2012,58,0.00347641084351136
"6634",2012,59,0.00394645972466789
"6635",2012,60,0.00503369787338254
"6636",2012,61,0.00465542699483992
"6637",2012,62,0.00399991407541435
"6638",2012,63,0.00535362859206172
"6639",2012,64,0.00713152328782137
"6640",2012,65,0.00776109555900691
"6641",2012,66,0.00862232317251351
"6642",2012,67,0.00624332748949456
"6643",2012,68,0.00687036527827304
"6644",2012,69,0.00852475916818272
"6645",2012,70,0.00989468657664795
"6646",2012,71,0.0109464991947791
"6647",2012,72,0.0117923860176346
"6648",2012,73,0.0124556965385975
"6649",2012,74,0.013074448147178
"6650",2012,75,0.0144689588857603
"6651",2012,76,0.015012726570254
"6652",2012,77,0.0156987891857522
"6653",2012,78,0.0159254870497619
"6654",2012,79,0.0133397508488748
"6655",2012,80,0.0135655333440629
"6656",2012,81,0.0156365037460083
"6657",2012,82,0.0180268014405598
"6658",2012,83,0.0198673662115357
"6659",2012,84,0.0210824088220719
"6660",2012,85,0.0216257342657107
"6661",2012,86,0.024338394140752
"6662",2012,87,0.0234599710015786
"6663",2012,88,0.0236628565773679
"6664",2012,89,0.0257917202423243
"6665",2012,90,0.0274354441440664
"6666",2012,91,0.0300307649581991
"6667",2012,92,0.0311552679888659
"6668",2012,93,0.0252345510012962
"6669",2012,94,0.0635021867566098
"6670",2012,95,0.0345155618954883
"6671",2012,96,0.0356877736168961
"6672",2012,97,0.0385062868514455
"6673",2012,98,0.0331797467731722
"6674",2012,99,0.0350148389212724
"6675",2012,100,0.0324862901691553
"6676",2012,101,0.0391512208793351
"6677",2012,102,0.188399401819
"6678",2012,103,0.156833533447214
"6679",2012,104,0.0420795073596098
"6680",2012,105,0.0418076078886879
"6681",2012,106,0.0361289212761074
"6682",2012,107,0.0386988412993673
"6683",2012,108,0.042954447039184
"6684",2012,109,0.0783550969088572
"6685",2012,110,0.0505506449724901
"6686",2012,111,0.0478983294337809
"6687",2012,112,0.0530737269846174
"6688",2012,113,0.0520694119530146
"6689",2012,114,0.0575618812706519
"6690",2012,115,0.060769207011408
"6691",2012,116,0.0595799790622828
"6692",2012,117,0.255237621277157
"6693",2012,118,0.184400287688327
"6694",2012,119,0.1600419850313
"6695",2012,120,0.110728123914219
"6696",2012,121,0.0467758255356746
"6697",2012,122,0.0457264472403397
"6698",2012,123,0.0782679145815511
"6699",2012,124,0.0475900239482343
"6700",2012,125,0.0485127278985667
"6701",2012,126,0.0368567191421838
"6702",2012,127,0.219675436162114
"6703",2012,128,0.196770945760404
"6704",2012,129,0.168029737737925
"6705",2012,130,0.121473725023584
"6706",2012,131,0.0388101130007846
"6707",2012,132,0.0301788230659709
"6708",2012,133,0.0652901970795262
"6709",2012,134,0.0323334199091695
"6710",2012,135,0.0272020350404688
"6711",2012,136,0.0261204120383126
"6712",2012,137,0.0236311893100404
"6713",2012,138,0.023672532172882
"6714",2012,139,0.312610934142457
"6715",2012,140,0.276220669953808
"6716",2012,141,0.255057328617469
"6717",2012,142,0.283437260719997
"6718",2012,143,0.295362414312017
"6719",2012,144,0.303187121821792
"6720",2012,145,0.254264084188028
"6721",2012,146,0.287097397480376
"6722",2012,147,0.305628210830705
"6723",2012,148,0.120701066562726
"6724",2012,149,0.058173638221088
"6725",2012,150,0.02979988335033
"6726",2012,151,0.0306573004772978
"6727",2012,152,0.028369647846291
"6728",2012,153,0.0255394332742586
"6729",2012,154,0.0246431550672621
"6730",2012,155,0.019482022968989
"6731",2012,156,0.0159332245118948
"6732",2012,157,0.0157662219109758
"6733",2012,158,0.0149860206572972
"6734",2012,159,0.365374485354821
"6735",2012,160,0.350572777805707
"6736",2012,161,0.345031652992302
"6737",2012,162,0.178624207495909
"6738",2012,163,0.0177038877819578
"6739",2012,164,0.0159841231921029
"6740",2012,165,0.0165713033450064
"6741",2012,166,0.0162971613345831
"6742",2012,167,0.0162086655402331
"6743",2012,168,0.0144142871809217
"6744",2012,169,0.0143924284776877
"6745",2012,170,0.0146916527555524
"6746",2012,171,0.0137163576383693
"6747",2012,172,0.01111033753054
"6748",2012,173,0.0102313569744833
"6749",2012,174,0.0105320347327155
"6750",2012,175,0.00982876254988987
"6751",2012,176,0.0091213275890833
"6752",2012,177,0.00867036440056074
"6753",2012,178,0.00616855263975955
"6754",2012,179,0.286434464375031
"6755",2012,180,0.189799840089069
"6756",2012,181,0.00317103332113404
"6757",2012,182,0.00308990416074412
"6758",2012,183,0.00302066055728689
"6759",2012,184,0.00294324604478371
"6760",2012,185,0.00269368572890269
"6761",2012,186,0.00173605456757935
"6762",2012,187,0.00275534361263829
"6763",2012,188,0.386056933054933
"6764",2012,189,0.381130458895741
"6765",2012,190,0.376126751030794
"6766",2012,191,0.349349943202315
"6767",2012,192,0.348379278161331
"6768",2012,193,0.344996532252287
"6769",2012,194,0.199664907089394
"6770",2012,195,0.19509809933327
"6771",2012,196,0.142249781167661
"6772",2012,197,0.192623606974002
"6773",2012,198,0.399712580942151
"6774",2012,199,0.309239189091742
"6775",2012,200,0.131024329316902
"6776",2012,201,0.108887033441688
"6777",2012,202,0.0833993072775175
"6778",2012,203,0.0644897595116908
"6779",2012,204,0.054910580962036
"6780",2012,205,0.0299527446153048
"6781",2012,206,0.026743916274614
"6782",2012,207,0.384177578787233
"6783",2012,208,0.348482615503256
"6784",2012,209,0.310931630527478
"6785",2012,210,0.0474943631347075
"6786",2012,211,0.0681872052159267
"6787",2012,212,0.0203654206424702
"6788",2012,213,0.176175642272137
"6789",2012,214,0.0117129489173302
"6790",2012,215,0.0108404812991691
"6791",2012,216,0.00649469042782132
"6792",2012,217,0.0058606784941432
"6793",2012,218,0.0059333340211053
"6794",2012,219,0.0465543297569935
"6795",2012,220,0.0109436179355491
"6796",2012,221,0.0100512409518595
"6797",2012,222,0.00607360995992919
"6798",2012,223,0.00437463673085644
"6799",2012,224,0.00413378398534917
"6800",2012,225,0.00391765224059819
"6801",2012,226,0.0410989213275038
"6802",2012,227,0.00640383244826669
"6803",2012,228,0.0029111946091572
"6804",2012,229,0.00283026724278191
"6805",2012,230,0.00273247068543303
"6806",2012,231,0.00263382990637937
"6807",2012,232,0.00255619767710601
"6808",2012,233,0.00246508864754388
"6809",2012,234,0.00206950811509892
"6810",2012,235,0.00182313799647659
"6811",2012,236,0.00178239825576286
"6812",2012,237,0.00173103081260993
"6813",2012,238,0.00169734622837231
"6814",2012,239,0.0016426472481108
"6815",2012,240,0.00158494617473602
"6816",2012,241,0.110230474667614
"6817",2012,242,0.00146861926686885
"6818",2012,243,0.00143353880749906
"6819",2012,244,0.00140768277185262
"6820",2012,245,0.001373634308305
"6821",2012,246,0.00133688021566835
"6822",2012,247,0.00130836638827311
"6823",2012,248,0.00127617303814588
"6824",2012,249,0.00122220293775404
"6825",2012,250,0.00120849423454121
"6826",2012,251,0.00113021517786488
"6827",2012,252,0.0011045287601147
"6828",2012,253,0.00109251458941504
"6829",2012,254,0.00104335193648395
"6830",2012,255,0.235462142311215
"6831",2012,256,0.20585931587962
"6832",2012,257,0.182392183583099
"6833",2012,258,0.180248599567699
"6834",2012,259,0.188387648753255
"6835",2012,260,0.18758034477944
"6836",2012,261,0.0741706075368073
"6837",2012,262,0.0530558083628688
"6838",2012,263,0.0499058404197307
"6839",2012,264,0.04552020737167
"6840",2012,265,0.030461055957808
"6841",2012,266,0.00973243951518244
"6842",2012,267,0.00171138419028888
"6843",2012,268,0.128631428877731
"6844",2012,269,0.17264372046816
"6845",2012,270,0.164263187729703
"6846",2012,271,0.161334373736396
"6847",2012,272,0.151679659716134
"6848",2012,273,0.133910453477824
"6849",2012,274,0.134849305544737
"6850",2012,275,0.122410040991522
"6851",2012,276,0.13017043350888
"6852",2012,277,0.116951663367552
"6853",2012,278,0.0782655844782472
"6854",2012,279,0.0684491797469578
"6855",2012,280,0.0701113121722256
"6856",2012,281,0.0759840106744846
"6857",2012,282,0.0875430188499345
"6858",2012,283,0.0742057224928149
"6859",2012,284,0.0762827455373553
"6860",2012,285,0.0732714811217834
"6861",2012,286,0.104161887215677
"6862",2012,287,0.109462497771107
"6863",2012,288,0.0807401455185336
"6864",2012,289,0.0842762766424937
"6865",2012,290,0.082458320878395
"6866",2012,291,0.0644836135077084
"6867",2012,292,0.0600120147211987
"6868",2012,293,0.0224806252752182
"6869",2012,294,0.0218803900626624
"6870",2012,295,0.0186406528158064
"6871",2012,296,0.0158925739884187
"6872",2012,297,0.0172825372468074
"6873",2012,298,0.0793949827359704
"6874",2012,299,0.0572894799413632
"6875",2012,300,0.0217462167111092
"6876",2012,301,0.0441236570331191
"6877",2012,302,0.0499675739939641
"6878",2012,303,0.0553943939825381
"6879",2012,304,0.0572428271634066
"6880",2012,305,0.0559295073373521
"6881",2012,306,0.0470286023646257
"6882",2012,307,0.0438621527924911
"6883",2012,308,0.0393545155251245
"6884",2012,309,0.040434523148595
"6885",2012,310,0.0415747313358711
"6886",2012,311,0.0400070379912996
"6887",2012,312,0.0240821140807367
"6888",2012,313,0.00601911780775359
"6889",2012,314,0.00513182410927836
"6890",2012,315,0.0334625160037715
"6891",2012,316,0.0268409344334692
"6892",2012,317,0.0298205604642521
"6893",2012,318,0.0319839741609005
"6894",2012,319,0.0286768232501481
"6895",2012,320,0.027038904704564
"6896",2012,321,0.0277207066668902
"6897",2012,322,0.032296000869669
"6898",2012,323,0.0314834362292518
"6899",2012,324,0.0289142141650002
"6900",2012,325,0.0304496299805266
"6901",2012,326,0.0330486306441531
"6902",2012,327,0.0274324912910654
"6903",2012,328,0.0204034382468522
"6904",2012,329,0.0289662411553597
"6905",2012,330,0.0236690568234775
"6906",2012,331,0.0107429100552538
"6907",2012,332,0.00572540597196884
"6908",2012,333,0.00406727518239736
"6909",2012,334,0.00389512733242254
"6910",2012,335,0.00335827346389509
"6911",2012,336,0.00308943827217308
"6912",2012,337,0.00257552885051388
"6913",2012,338,0.00231861319334019
"6914",2012,339,0.00186871590893477
"6915",2012,340,0.00217694842216441
"6916",2012,341,0.00163370889033638
"6917",2012,342,0.00142723164786146
"6918",2012,343,0.00113200336199999
"6919",2012,344,0.000691178187343771
"6920",2012,345,0.000763029509920338
"6921",2012,346,0.000823669871009392
"6922",2012,347,0.00115733021940227
"6923",2012,348,0.00104871498573659
"6924",2012,349,0.000898414134283064
"6925",2012,350,0.000875927724824259
"6926",2012,351,0.000715775418331162
"6927",2012,352,0.000847181690258653
"6928",2012,353,0.000716837028612623
"6929",2012,354,0.000480168590546244
"6930",2012,355,0.000597124546722138
"6931",2012,356,0.000843842310602228
"6932",2012,357,0.000824117185694446
"6933",2012,358,0.000694368461420018
"6934",2012,359,0.0190430037870164
"6935",2012,360,0.0118985682155373
"6936",2012,361,0.0124608041523675
"6937",2012,362,0.0147486390522843
"6938",2012,363,0.0160075476697928
"6939",2012,364,0.0155673486786017
"6940",2012,365,0.0184254152536449
"6941",2013,1,0.0156767201737318
"6942",2013,2,0.0180726925568535
"6943",2013,3,0.0190286809143866
"6944",2013,4,0.0233086768110343
"6945",2013,5,0.0227290338433521
"6946",2013,6,0.0238053785000828
"6947",2013,7,0.0306839009552208
"6948",2013,8,0.032929511221007
"6949",2013,9,0.0326720832397224
"6950",2013,10,0.0280995980195966
"6951",2013,11,0.0203176294267127
"6952",2013,12,0.0127672109063246
"6953",2013,13,0.0115808037212259
"6954",2013,14,0.0123642002998116
"6955",2013,15,0.0170103926636295
"6956",2013,16,0.0344861074945157
"6957",2013,17,0.0318694929887188
"6958",2013,18,0.0393645216454468
"6959",2013,19,0.040950065387449
"6960",2013,20,0.0330582087506959
"6961",2013,21,0.0381117786754486
"6962",2013,22,0.0447463992036049
"6963",2013,23,0.0496940872724938
"6964",2013,24,0.00844301642817375
"6965",2013,25,0.00140251393185942
"6966",2013,26,0.00132691424725222
"6967",2013,27,0.00031352059803086
"6968",2013,28,0.00326874945187435
"6969",2013,29,0.000195870769134516
"6970",2013,30,0.000192596716937681
"6971",2013,31,0.000244099710272086
"6972",2013,32,0.000285580532336284
"6973",2013,33,0.000310969134236271
"6974",2013,34,0.00031652718706777
"6975",2013,35,0.000335370842107465
"6976",2013,36,0.000341183436970136
"6977",2013,37,0.000350163414801253
"6978",2013,38,0.000300880978073682
"6979",2013,39,0.000307698105868773
"6980",2013,40,0.000295259082754317
"6981",2013,41,0.00025128964378037
"6982",2013,42,0.0002212182613382
"6983",2013,43,0.000279536028058358
"6984",2013,44,0.000329740999744381
"6985",2013,45,0.0534905460169455
"6986",2013,46,0.0236752182944643
"6987",2013,47,0.000630451207315684
"6988",2013,48,0.00109754052350354
"6989",2013,49,0.00089563795495487
"6990",2013,50,0.000981873957844259
"6991",2013,51,0.0542320786906972
"6992",2013,52,0.0472063550704104
"6993",2013,53,0.0500708628877088
"6994",2013,54,0.059462290435659
"6995",2013,55,0.0536139618873533
"6996",2013,56,0.0491745336096971
"6997",2013,57,0.0571438459605589
"6998",2013,58,0.0617329890346582
"6999",2013,59,0.0657967674442993
"7000",2013,60,0.0796421529168939
"7001",2013,61,0.0522104477091261
"7002",2013,62,0.00527316984370049
"7003",2013,63,0.0785754817836215
"7004",2013,64,0.0680456328074823
"7005",2013,65,0.0181176761190888
"7006",2013,66,0.00642459313840471
"7007",2013,67,0.00592977803547595
"7008",2013,68,0.00557801468148818
"7009",2013,69,0.00624003052136945
"7010",2013,70,0.100051777285315
"7011",2013,71,0.053212913689921
"7012",2013,72,0.0123761539427656
"7013",2013,73,0.0144403598604184
"7014",2013,74,0.015344192729835
"7015",2013,75,0.0124633478787749
"7016",2013,76,0.0111469245611227
"7017",2013,77,0.00929493118803345
"7018",2013,78,0.00949551694675739
"7019",2013,79,0.00941769771437202
"7020",2013,80,0.0110900920050916
"7021",2013,81,0.0194856898274814
"7022",2013,82,0.0429078651453918
"7023",2013,83,0.0110101074423427
"7024",2013,84,0.0121213280553694
"7025",2013,85,0.0152829082047101
"7026",2013,86,0.0184190607149705
"7027",2013,87,0.0208902122550554
"7028",2013,88,0.0221335755954994
"7029",2013,89,0.0493165178712374
"7030",2013,90,0.0220154710135903
"7031",2013,91,0.0196165839054201
"7032",2013,92,0.0176187134314701
"7033",2013,93,0.0210256232318258
"7034",2013,94,0.0236115681217877
"7035",2013,95,0.0259381594057529
"7036",2013,96,0.164852952720452
"7037",2013,97,0.108300875425888
"7038",2013,98,0.146034508378233
"7039",2013,99,0.090544825444311
"7040",2013,100,0.0951178190874415
"7041",2013,101,0.0973972664157084
"7042",2013,102,0.116510020284392
"7043",2013,103,0.162248429889959
"7044",2013,104,0.151580048924141
"7045",2013,105,0.128340603657736
"7046",2013,106,0.121567916045179
"7047",2013,107,0.111783576154335
"7048",2013,108,0.11130747317575
"7049",2013,109,0.15007644713132
"7050",2013,110,0.179983257207025
"7051",2013,111,0.200373908476762
"7052",2013,112,0.162274698980236
"7053",2013,113,0.140190204462273
"7054",2013,114,0.181614306140705
"7055",2013,115,0.211063000317501
"7056",2013,116,0.18182984980887
"7057",2013,117,0.195535344140498
"7058",2013,118,0.215224161556134
"7059",2013,119,0.213892593740735
"7060",2013,120,0.2083169217837
"7061",2013,121,0.180054224288046
"7062",2013,122,0.127574855182661
"7063",2013,123,0.167260855277389
"7064",2013,124,0.185600290818784
"7065",2013,125,0.18379806251332
"7066",2013,126,0.205649211933968
"7067",2013,127,0.248890028849728
"7068",2013,128,0.255790315649101
"7069",2013,129,0.247558956788895
"7070",2013,130,0.226702629834159
"7071",2013,131,0.258311228896418
"7072",2013,132,0.256490817119044
"7073",2013,133,0.279798666741924
"7074",2013,134,0.138139613132939
"7075",2013,135,0.26145003619148
"7076",2013,136,0.129528292318965
"7077",2013,137,0.133104433587026
"7078",2013,138,0.131504409169343
"7079",2013,139,0.293007204963993
"7080",2013,140,0.279067616603239
"7081",2013,141,0.252250575651078
"7082",2013,142,0.244017813971689
"7083",2013,143,0.12759371324378
"7084",2013,144,0.14478073844901
"7085",2013,145,0.147471728839943
"7086",2013,146,0.149347785584377
"7087",2013,147,0.140461321999476
"7088",2013,148,0.32375786702107
"7089",2013,149,0.30576304082625
"7090",2013,150,0.277964615130749
"7091",2013,151,0.27823341830126
"7092",2013,152,0.283459138633237
"7093",2013,153,0.246089372459362
"7094",2013,154,0.161699699095337
"7095",2013,155,0.314938388777703
"7096",2013,156,0.184413984065624
"7097",2013,157,0.0863982400698557
"7098",2013,158,0.0786303212534379
"7099",2013,159,0.0630707212622476
"7100",2013,160,0.0621818158665284
"7101",2013,161,0.0576751780553123
"7102",2013,162,0.0407362663774071
"7103",2013,163,0.037410513098106
"7104",2013,164,0.0357912091275086
"7105",2013,165,0.138488206372568
"7106",2013,166,0.136550224041396
"7107",2013,167,0.0307015864688575
"7108",2013,168,0.0268882765565273
"7109",2013,169,0.0255823118295297
"7110",2013,170,0.0198764124975574
"7111",2013,171,0.0136355905777024
"7112",2013,172,0.0120263412607749
"7113",2013,173,0.0107088217146084
"7114",2013,174,0.00997636706073019
"7115",2013,175,0.0104526423623414
"7116",2013,176,0.0100657549753869
"7117",2013,177,0.00981576983777336
"7118",2013,178,0.00975419316969672
"7119",2013,179,0.00891620205456614
"7120",2013,180,0.00814010237410644
"7121",2013,181,0.0832936526860914
"7122",2013,182,0.0110622243131241
"7123",2013,183,0.0102139173771057
"7124",2013,184,0.00949342495540035
"7125",2013,185,0.00570151568717045
"7126",2013,186,0.21195804019662
"7127",2013,187,0.00531306861589091
"7128",2013,188,0.00515845082364678
"7129",2013,189,0.0379952906678531
"7130",2013,190,0.00498241422513179
"7131",2013,191,0.00463709857663093
"7132",2013,192,0.00463964202083281
"7133",2013,193,0.297713877150656
"7134",2013,194,0.396234644602849
"7135",2013,195,0.335571359217011
"7136",2013,196,0.267952033194244
"7137",2013,197,0.183888713386398
"7138",2013,198,0.019660908058097
"7139",2013,199,0.397902092330072
"7140",2013,200,0.339732013052021
"7141",2013,201,0.343067502794146
"7142",2013,202,0.247490365147846
"7143",2013,203,0.0843553935616808
"7144",2013,204,0.00870713050212009
"7145",2013,205,0.131910337978671
"7146",2013,206,0.00698048014667772
"7147",2013,207,0.00689397873423067
"7148",2013,208,0.0497754115716951
"7149",2013,209,0.242573919124759
"7150",2013,210,0.101128967964202
"7151",2013,211,0.0540418301680623
"7152",2013,212,0.0137860476690171
"7153",2013,213,0.0121429035195685
"7154",2013,214,0.2251946148516
"7155",2013,215,0.3732315982345
"7156",2013,216,0.315270519988928
"7157",2013,217,0.206454868786532
"7158",2013,218,0.187519315756453
"7159",2013,219,0.00662681160012062
"7160",2013,220,0.00642667944645151
"7161",2013,221,0.00622847318177502
"7162",2013,222,0.00539202494389846
"7163",2013,223,0.00522560473098131
"7164",2013,224,0.00516802987372812
"7165",2013,225,0.00508584713764508
"7166",2013,226,0.223437225454887
"7167",2013,227,0.0741097826898402
"7168",2013,228,0.00462114662845925
"7169",2013,229,0.00445115718569605
"7170",2013,230,0.00424864883922889
"7171",2013,231,0.00408947462721239
"7172",2013,232,0.00403958257117961
"7173",2013,233,0.171105935379001
"7174",2013,234,0.293799280691186
"7175",2013,235,0.197396451765027
"7176",2013,236,0.0962149031155174
"7177",2013,237,0.00272412908368403
"7178",2013,238,0.031636594690562
"7179",2013,239,0.00253309812671984
"7180",2013,240,0.00244730938487102
"7181",2013,241,0.00238441187703443
"7182",2013,242,0.00229356327772082
"7183",2013,243,0.206421393139519
"7184",2013,244,0.0717143611386128
"7185",2013,245,0.00172827090067404
"7186",2013,246,0.00166469854785401
"7187",2013,247,0.00162076436194994
"7188",2013,248,0.00157825097290343
"7189",2013,249,0.00152997286996595
"7190",2013,250,0.00150461192206489
"7191",2013,251,0.00146610249217526
"7192",2013,252,0.260302286328726
"7193",2013,253,0.23158979837011
"7194",2013,254,0.233470089923885
"7195",2013,255,0.224947564070502
"7196",2013,256,0.233221748094515
"7197",2013,257,0.234706361184259
"7198",2013,258,0.207075561078929
"7199",2013,259,0.213578805665259
"7200",2013,260,0.1954637358633
"7201",2013,261,0.222971063617573
"7202",2013,262,0.162219150603879
"7203",2013,263,0.157993126995108
"7204",2013,264,0.169116190954991
"7205",2013,265,0.201446301707443
"7206",2013,266,0.179169919501306
"7207",2013,267,0.144098227651159
"7208",2013,268,0.149046048028079
"7209",2013,269,0.137831136472762
"7210",2013,270,0.145354331062478
"7211",2013,271,0.118679011162533
"7212",2013,272,0.128733984310589
"7213",2013,273,0.137876112171441
"7214",2013,274,0.124656679926851
"7215",2013,275,0.12422001511247
"7216",2013,276,0.134104516063405
"7217",2013,277,0.111685718811054
"7218",2013,278,0.0895720667017302
"7219",2013,279,0.100363030034587
"7220",2013,280,0.102882743010544
"7221",2013,281,0.109920952047577
"7222",2013,282,0.092490828185352
"7223",2013,283,0.116181334995823
"7224",2013,284,0.0825305245727777
"7225",2013,285,0.0777705278691371
"7226",2013,286,0.0777869513944193
"7227",2013,287,0.0973365512505544
"7228",2013,288,0.0593820130550115
"7229",2013,289,0.0609868561727208
"7230",2013,290,0.0857228457676389
"7231",2013,291,0.0531946621847447
"7232",2013,292,0.0631928440619863
"7233",2013,293,0.0855459535778375
"7234",2013,294,0.0583086519466414
"7235",2013,295,0.065548147654281
"7236",2013,296,0.0638692522558841
"7237",2013,297,0.054636512128074
"7238",2013,298,0.0619642634915524
"7239",2013,299,0.0581763530214279
"7240",2013,300,0.0601275358199091
"7241",2013,301,0.0475572323912727
"7242",2013,302,0.0704982992813054
"7243",2013,303,0.0443690354493225
"7244",2013,304,0.0455884301931284
"7245",2013,305,0.0388012886579467
"7246",2013,306,0.039089972814951
"7247",2013,307,0.0438766999239004
"7248",2013,308,0.0329083845389766
"7249",2013,309,0.0292709649048865
"7250",2013,310,0.0319211647154349
"7251",2013,311,0.0346876062608858
"7252",2013,312,0.0378321954112188
"7253",2013,313,0.0353600538086687
"7254",2013,314,0.0376019540796177
"7255",2013,315,0.034317777558437
"7256",2013,316,0.0316343252249113
"7257",2013,317,0.0363224751238072
"7258",2013,318,0.0332412212391959
"7259",2013,319,0.0329695180917032
"7260",2013,320,0.0304783812332629
"7261",2013,321,0.0276500699542419
"7262",2013,322,0.0281653872770054
"7263",2013,323,0.027826934765136
"7264",2013,324,0.0272882882325264
"7265",2013,325,0.0204099443341698
"7266",2013,326,0.0218372241608433
"7267",2013,327,0.0237467980165994
"7268",2013,328,0.0261274013909222
"7269",2013,329,0.031529201528491
"7270",2013,330,0.0328658410954553
"7271",2013,331,0.025253304974405
"7272",2013,332,0.0208143431456381
"7273",2013,333,0.0244610494405736
"7274",2013,334,0.0234284493488206
"7275",2013,335,0.0205210497988236
"7276",2013,336,0.0187881348737344
"7277",2013,337,0.0243876302633085
"7278",2013,338,0.0102809258285363
"7279",2013,339,0.00850148434074728
"7280",2013,340,0.00835484497344047
"7281",2013,341,0.00878362962253039
"7282",2013,342,0.00745678482450889
"7283",2013,343,0.00743450722343091
"7284",2013,344,0.0111350275931766
"7285",2013,345,0.0107898860724239
"7286",2013,346,0.0133129369683684
"7287",2013,347,0.0115133276103732
"7288",2013,348,0.00837719640441655
"7289",2013,349,0.0079503903003543
"7290",2013,350,0.00706526738698688
"7291",2013,351,0.00520136390533087
"7292",2013,352,0.00477746866047739
"7293",2013,353,0.00270226086444745
"7294",2013,354,0.00189548305019675
"7295",2013,355,0.0172529835648417
"7296",2013,356,0.0189460424103884
"7297",2013,357,0.0177939759113651
"7298",2013,358,0.023033452777122
"7299",2013,359,0.021405652242754
"7300",2013,360,0.0288619178082524
"7301",2013,361,0.0319712171242882
"7302",2013,362,0.0286849136551019
"7303",2013,363,0.0191683808331945
"7304",2013,364,0.00216024781464514
"7305",2013,365,0.00310375755360169
"7306",2014,1,0.0235030989999924
"7307",2014,2,0.0213438016590988
"7308",2014,3,0.032064640186085
"7309",2014,4,0.0183216689604085
"7310",2014,5,0.0117070926676474
"7311",2014,6,0.0142169720450537
"7312",2014,7,0.0237053271308007
"7313",2014,8,0.0103392602166794
"7314",2014,9,0.0022346930320571
"7315",2014,10,0.00226266572592274
"7316",2014,11,0.00258076473761698
"7317",2014,12,0.00241885500938505
"7318",2014,13,0.00228626658586516
"7319",2014,14,0.00177881928837828
"7320",2014,15,0.00213053857998727
"7321",2014,16,0.00199069378794769
"7322",2014,17,0.00205698393672359
"7323",2014,18,0.00219071183971003
"7324",2014,19,0.0023526145700193
"7325",2014,20,0.00196977893543808
"7326",2014,21,0.00205883184303946
"7327",2014,22,0.0334426920953994
"7328",2014,23,0.0217727511372653
"7329",2014,24,0.0368614447030117
"7330",2014,25,0.0505777222730182
"7331",2014,26,0.0571833854277226
"7332",2014,27,0.0241027742620455
"7333",2014,28,0.0199575454850989
"7334",2014,29,0.0355275100769768
"7335",2014,30,0.0422772504302046
"7336",2014,31,0.0324675247921842
"7337",2014,32,0.0284234728593785
"7338",2014,33,0.0227054728165868
"7339",2014,34,0.0289603124900229
"7340",2014,35,0.0206311465741653
"7341",2014,36,0.0111453513251126
"7342",2014,37,0.0132848040781825
"7343",2014,38,0.0274531234046681
"7344",2014,39,0.0408595564184902
"7345",2014,40,0.0322132626612283
"7346",2014,41,0.0386580549255096
"7347",2014,42,0.045481481740421
"7348",2014,43,0.0544578475420649
"7349",2014,44,0.0705106293169544
"7350",2014,45,0.0649025006903913
"7351",2014,46,0.0690961503613689
"7352",2014,47,0.0783339018187154
"7353",2014,48,0.0757206148044092
"7354",2014,49,0.0790805667777597
"7355",2014,50,0.0790452532004299
"7356",2014,51,0.0632532925148171
"7357",2014,52,0.072546645397269
"7358",2014,53,0.069764405914768
"7359",2014,54,0.0570220295228774
"7360",2014,55,0.0762639813744027
"7361",2014,56,0.0397479798595225
"7362",2014,57,0.0500285593168645
"7363",2014,58,0.0821620541266374
"7364",2014,59,0.0845913289759394
"7365",2014,60,0.0460734938625303
"7366",2014,61,0.0455033841519178
"7367",2014,62,0.0844469555587601
"7368",2014,63,0.111461971669084
"7369",2014,64,0.0950123168530539
"7370",2014,65,0.107180141402574
"7371",2014,66,0.1111960423699
"7372",2014,67,0.10262093209519
"7373",2014,68,0.122003249871271
"7374",2014,69,0.0939550658945207
"7375",2014,70,0.0717835244606701
"7376",2014,71,0.0702092944564789
"7377",2014,72,0.0803614849841756
"7378",2014,73,0.0849021547448903
"7379",2014,74,0.0781900388617628
"7380",2014,75,0.0855384059148209
"7381",2014,76,0.0987950865096301
"7382",2014,77,0.0717344026249763
"7383",2014,78,0.0762601700511622
"7384",2014,79,0.0892610829973113
"7385",2014,80,0.0316754631143329
"7386",2014,81,0.0898264717062764
"7387",2014,82,0.0861920994177218
"7388",2014,83,0.111274416554124
"7389",2014,84,0.0960654646169592
"7390",2014,85,0.108295391171364
"7391",2014,86,0.0915010348297674
"7392",2014,87,0.0231527579794892
"7393",2014,88,0.024947570073221
"7394",2014,89,0.0279313028091106
"7395",2014,90,0.0248455485969848
"7396",2014,91,0.0247999757676831
"7397",2014,92,0.129964006457999
"7398",2014,93,0.0307227059690683
"7399",2014,94,0.0290133012998169
"7400",2014,95,0.0321562126209067
"7401",2014,96,0.0321313838378751
"7402",2014,97,0.0316460642871356
"7403",2014,98,0.0378879832089313
"7404",2014,99,0.0424528699908318
"7405",2014,100,0.0392304122598839
"7406",2014,101,0.0419568268201402
"7407",2014,102,0.188813100081675
"7408",2014,103,0.110067396077486
"7409",2014,104,0.102802040478706
"7410",2014,105,0.136484581047732
"7411",2014,106,0.141407381180603
"7412",2014,107,0.144794417801637
"7413",2014,108,0.163194594005384
"7414",2014,109,0.0539637811848288
"7415",2014,110,0.054508576311036
"7416",2014,111,0.052557009350515
"7417",2014,112,0.0599489547363666
"7418",2014,113,0.0594027293933941
"7419",2014,114,0.0546547494526459
"7420",2014,115,0.0627301737142952
"7421",2014,116,0.0655765497534054
"7422",2014,117,0.0576209982902016
"7423",2014,118,0.059206325579541
"7424",2014,119,0.0574646448655472
"7425",2014,120,0.0587965903284607
"7426",2014,121,0.0670231600527704
"7427",2014,122,0.0790924719463566
"7428",2014,123,0.0870124044237274
"7429",2014,124,0.0951992670055051
"7430",2014,125,0.0912516949517437
"7431",2014,126,0.259577092588709
"7432",2014,127,0.232404259002209
"7433",2014,128,0.213143047172176
"7434",2014,129,0.202346704704127
"7435",2014,130,0.243143082426119
"7436",2014,131,0.206314260073944
"7437",2014,132,0.167930523255464
"7438",2014,133,0.179980628497352
"7439",2014,134,0.200739336137519
"7440",2014,135,0.225789292655065
"7441",2014,136,0.225993402264644
"7442",2014,137,0.236871629285877
"7443",2014,138,0.257528101058694
"7444",2014,139,0.140157892025336
"7445",2014,140,0.139676748297429
"7446",2014,141,0.292254419742304
"7447",2014,142,0.178037181723724
"7448",2014,143,0.301474799985662
"7449",2014,144,0.271801660543935
"7450",2014,145,0.279405685418457
"7451",2014,146,0.281315234879939
"7452",2014,147,0.328279328640421
"7453",2014,148,0.170566820802657
"7454",2014,149,0.17316353901001
"7455",2014,150,0.331803935599497
"7456",2014,151,0.334249022377398
"7457",2014,152,0.308634281581938
"7458",2014,153,0.303555913028319
"7459",2014,154,0.334730511408344
"7460",2014,155,0.315175562031742
"7461",2014,156,0.184357744060986
"7462",2014,157,0.203419169459088
"7463",2014,158,0.170836991705481
"7464",2014,159,0.331420457852734
"7465",2014,160,0.287919589906918
"7466",2014,161,0.273291477619076
"7467",2014,162,0.239493089502873
"7468",2014,163,0.193896561573049
"7469",2014,164,0.213058540748386
"7470",2014,165,0.237490301960418
"7471",2014,166,0.190831840421325
"7472",2014,167,0.212832556132502
"7473",2014,168,0.217906584335408
"7474",2014,169,0.3733395142556
"7475",2014,170,0.331042918784868
"7476",2014,171,0.348198993718099
"7477",2014,172,0.292832855096952
"7478",2014,173,0.37528194198908
"7479",2014,174,0.361371817895065
"7480",2014,175,0.371044667517167
"7481",2014,176,0.352307288019334
"7482",2014,177,0.365462967198377
"7483",2014,178,0.384710637186147
"7484",2014,179,0.347201071925239
"7485",2014,180,0.359379850393521
"7486",2014,181,0.354779308924085
"7487",2014,182,0.327397893225099
"7488",2014,183,0.321550474614416
"7489",2014,184,0.217386658302451
"7490",2014,185,0.225963490212621
"7491",2014,186,0.224481786433576
"7492",2014,187,0.223642757693999
"7493",2014,188,0.22343477730113
"7494",2014,189,0.207906242182099
"7495",2014,190,0.205110247242146
"7496",2014,191,0.211482618134506
"7497",2014,192,0.397786562062353
"7498",2014,193,0.201221747453511
"7499",2014,194,0.337580298954552
"7500",2014,195,0.186951718197771
"7501",2014,196,0.360733764625655
"7502",2014,197,0.305885065666354
"7503",2014,198,0.320168229303408
"7504",2014,199,0.377242578847088
"7505",2014,200,0.35674933902485
"7506",2014,201,0.368150121459064
"7507",2014,202,0.363083917792152
"7508",2014,203,0.20902374305747
"7509",2014,204,0.205603559056471
"7510",2014,205,0.211394264713379
"7511",2014,206,0.205812488522221
"7512",2014,207,0.198170107060088
"7513",2014,208,0.191972135245971
"7514",2014,209,0.383494426123489
"7515",2014,210,0.372629275425968
"7516",2014,211,0.341490250046701
"7517",2014,212,0.325636320812409
"7518",2014,213,0.327635967678533
"7519",2014,214,0.332405902514053
"7520",2014,215,0.340390699164414
"7521",2014,216,0.345266286932827
"7522",2014,217,0.377414014843668
"7523",2014,218,0.379222229535533
"7524",2014,219,0.332624680372486
"7525",2014,220,0.321549347357577
"7526",2014,221,0.370217919898137
"7527",2014,222,0.204242978571157
"7528",2014,223,0.204941908815801
"7529",2014,224,0.20927636419692
"7530",2014,225,0.213563433357216
"7531",2014,226,0.384178143310993
"7532",2014,227,0.348757229236707
"7533",2014,228,0.352178932703033
"7534",2014,229,0.341456116668473
"7535",2014,230,0.358459937095072
"7536",2014,231,0.274426643690681
"7537",2014,232,0.321463517485711
"7538",2014,233,0.216132594790902
"7539",2014,234,0.328032449065811
"7540",2014,235,0.321119142447838
"7541",2014,236,0.309721005122925
"7542",2014,237,0.298747005152627
"7543",2014,238,0.305346981873721
"7544",2014,239,0.24875838957377
"7545",2014,240,0.118539145895436
"7546",2014,241,0.270790375089839
"7547",2014,242,0.121575376845597
"7548",2014,243,0.190281335366534
"7549",2014,244,0.0766309200212035
"7550",2014,245,0.0631748502240625
"7551",2014,246,0.0638350585865473
"7552",2014,247,0.143206899803491
"7553",2014,248,0.172659533974033
"7554",2014,249,0.0926862510577921
"7555",2014,250,0.0363078229912607
"7556",2014,251,0.0355481084522151
"7557",2014,252,0.211594154897507
"7558",2014,253,0.19279597239649
"7559",2014,254,0.16157321960174
"7560",2014,255,0.108881558586789
"7561",2014,256,0.111670623215168
"7562",2014,257,0.0244155404233351
"7563",2014,258,0.0177538338196075
"7564",2014,259,0.0188914029049477
"7565",2014,260,0.0184297471902092
"7566",2014,261,0.0166180370395453
"7567",2014,262,0.225796319482995
"7568",2014,263,0.186171941207043
"7569",2014,264,0.172955931934441
"7570",2014,265,0.198965374426292
"7571",2014,266,0.170427150225323
"7572",2014,267,0.161432787511461
"7573",2014,268,0.0628547617006152
"7574",2014,269,0.0590193551981978
"7575",2014,270,0.0545841426062512
"7576",2014,271,0.173955219066918
"7577",2014,272,0.164192845084095
"7578",2014,273,0.124485144558825
"7579",2014,274,0.145123667372322
"7580",2014,275,0.107060109249726
"7581",2014,276,0.0989694448154219
"7582",2014,277,0.108779336622789
"7583",2014,278,0.111659517751057
"7584",2014,279,0.112742200937448
"7585",2014,280,0.115434525239916
"7586",2014,281,0.108281748227056
"7587",2014,282,0.126315322326459
"7588",2014,283,0.0869314109803507
"7589",2014,284,0.0921236184146704
"7590",2014,285,0.0819877166902185
"7591",2014,286,0.077359990417803
"7592",2014,287,0.0848336172198694
"7593",2014,288,0.0852286052457006
"7594",2014,289,0.0805833403044176
"7595",2014,290,0.0692996556816409
"7596",2014,291,0.0697247819231363
"7597",2014,292,0.0729310431588415
"7598",2014,293,0.0230560828012064
"7599",2014,294,0.103107195836124
"7600",2014,295,0.0563540010997185
"7601",2014,296,0.0186377566794892
"7602",2014,297,0.0201202435643506
"7603",2014,298,0.0182406394286094
"7604",2014,299,0.0978241254383919
"7605",2014,300,0.0530537165695078
"7606",2014,301,0.0499250013557448
"7607",2014,302,0.0485255779342866
"7608",2014,303,0.0146373475408913
"7609",2014,304,0.0119066424403937
"7610",2014,305,0.00718075586760879
"7611",2014,306,0.0763085444892647
"7612",2014,307,0.0656017802141332
"7613",2014,308,0.0370681145988776
"7614",2014,309,0.0416693040779294
"7615",2014,310,0.0406142034214441
"7616",2014,311,0.0437165524682024
"7617",2014,312,0.0381339745570668
"7618",2014,313,0.0429655081681641
"7619",2014,314,0.0592653827712619
"7620",2014,315,0.0187253907181554
"7621",2014,316,0.0138915792473487
"7622",2014,317,0.0149077149964102
"7623",2014,318,0.0147359315750434
"7624",2014,319,0.0143222796658106
"7625",2014,320,0.014451597962589
"7626",2014,321,0.0187125564152118
"7627",2014,322,0.0223236995772402
"7628",2014,323,0.0248620220973498
"7629",2014,324,0.0255042233933689
"7630",2014,325,0.0276444636706678
"7631",2014,326,0.0263580358358401
"7632",2014,327,0.0229983855028002
"7633",2014,328,0.0189871014874298
"7634",2014,329,0.0202765321641234
"7635",2014,330,0.0198440729501117
"7636",2014,331,0.0268217235408
"7637",2014,332,0.0311936414609716
"7638",2014,333,0.0318605341405223
"7639",2014,334,0.0216665286436515
"7640",2014,335,0.0156558708093951
"7641",2014,336,0.0210749497960338
"7642",2014,337,0.0133309501275778
"7643",2014,338,0.00687838722843861
"7644",2014,339,0.00517004932319734
"7645",2014,340,0.00366433972198092
"7646",2014,341,0.00345801799294556
"7647",2014,342,0.00287393657962443
"7648",2014,343,0.00258331183338304
"7649",2014,344,0.00255301977124968
"7650",2014,345,0.00239868131653909
"7651",2014,346,0.00228566864297047
"7652",2014,347,0.00194524476247015
"7653",2014,348,0.00158885988080753
"7654",2014,349,0.00119930240420387
"7655",2014,350,0.000942737332544993
"7656",2014,351,0.00108317702276789
"7657",2014,352,0.00109145834325768
"7658",2014,353,0.00108833949127084
"7659",2014,354,0.00125172738687228
"7660",2014,355,0.00128405965508262
"7661",2014,356,0.00101464016972312
"7662",2014,357,0.000852740300611755
"7663",2014,358,0.000861509651395299
"7664",2014,359,0.021153649713694
"7665",2014,360,0.0145246036888019
"7666",2014,361,0.0130874595612058
"7667",2014,362,0.0151053365492192
"7668",2014,363,0.0123534090979154
"7669",2014,364,0.00707495615685169
"7670",2014,365,0.00961303548762776
"7671",2014,366,0.0220618875375469
"7672",2015,1,0.0152504099925148
"7673",2015,2,0.0193148645211701
"7674",2015,3,0.0175384567484334
"7675",2015,4,0.0148076463573454
"7676",2015,5,0.0219796494068843
"7677",2015,6,0.0296919823751905
"7678",2015,7,0.0239175695635843
"7679",2015,8,0.0262398332794546
"7680",2015,9,0.0208826376919872
"7681",2015,10,0.0306524511942803
"7682",2015,11,0.0285414977568997
"7683",2015,12,0.0222036999462778
"7684",2015,13,0.0249960512969732
"7685",2015,14,0.0271005093981977
"7686",2015,15,0.0333387257335503
"7687",2015,16,0.0403151170490597
"7688",2015,17,0.0393877372930578
"7689",2015,18,0.0439937080185416
"7690",2015,19,0.0442224421458056
"7691",2015,20,0.0339600393575938
"7692",2015,21,0.0283570387606158
"7693",2015,22,0.0289736450424801
"7694",2015,23,0.0365245441203497
"7695",2015,24,0.043926221867623
"7696",2015,25,0.0510055653169329
"7697",2015,26,0.0625142452939675
"7698",2015,27,0.0480816819595538
"7699",2015,28,0.0428771778099359
"7700",2015,29,0.0369308606206524
"7701",2015,30,0.0364648352063463
"7702",2015,31,0.0339003091448491
"7703",2015,32,0.0261849161735426
"7704",2015,33,0.0350633104441034
"7705",2015,34,0.0728615860210734
"7706",2015,35,0.0460595461694802
"7707",2015,36,0.00683429907360437
"7708",2015,37,0.0549736057703267
"7709",2015,38,0.0598820046770508
"7710",2015,39,0.0556705640571244
"7711",2015,40,0.0547560952988495
"7712",2015,41,0.0549850040419703
"7713",2015,42,0.0489186809069865
"7714",2015,43,0.0534741655586567
"7715",2015,44,0.0591896503189391
"7716",2015,45,0.055963627692403
"7717",2015,46,0.0442782749041463
"7718",2015,47,0.0375751603673018
"7719",2015,48,0.0318595631295779
"7720",2015,49,0.00790020915601865
"7721",2015,50,0.00739556034047666
"7722",2015,51,0.00597079101596328
"7723",2015,52,0.0539333129438822
"7724",2015,53,0.0349300700905635
"7725",2015,54,0.040452104665749
"7726",2015,55,0.0641878925547996
"7727",2015,56,0.0671279142947586
"7728",2015,57,0.0438830569179279
"7729",2015,58,0.0376567490338916
"7730",2015,59,0.0424416980957022
"7731",2015,60,0.0519454336766613
"7732",2015,61,0.0757041464009864
"7733",2015,62,0.0646010132508936
"7734",2015,63,0.0477242486539034
"7735",2015,64,0.0658148545334539
"7736",2015,65,0.0676313792582259
"7737",2015,66,0.0112272436088148
"7738",2015,67,0.0108326934671537
"7739",2015,68,0.0114674549087775
"7740",2015,69,0.0121766775545998
"7741",2015,70,0.0126314694581916
"7742",2015,71,0.0138489278241814
"7743",2015,72,0.0136168397544902
"7744",2015,73,0.0129284967735348
"7745",2015,74,0.0151052611707026
"7746",2015,75,0.0158833742504867
"7747",2015,76,0.012946795773533
"7748",2015,77,0.0145366644579837
"7749",2015,78,0.0140250274798551
"7750",2015,79,0.0156343864549767
"7751",2015,80,0.0172491768576576
"7752",2015,81,0.0184888614399365
"7753",2015,82,0.0186791466966158
"7754",2015,83,0.0186650347579421
"7755",2015,84,0.118880702695179
"7756",2015,85,0.0230125777676695
"7757",2015,86,0.0279161221932326
"7758",2015,87,0.0296978900660803
"7759",2015,88,0.0270510536444031
"7760",2015,89,0.028135742291748
"7761",2015,90,0.0290940735405032
"7762",2015,91,0.026697101266773
"7763",2015,92,0.129312464365346
"7764",2015,93,0.101643545895646
"7765",2015,94,0.108113561845211
"7766",2015,95,0.0332406512698064
"7767",2015,96,0.0343780833114632
"7768",2015,97,0.0335667413353696
"7769",2015,98,0.141659876556712
"7770",2015,99,0.0288245004722137
"7771",2015,100,0.0315740642161292
"7772",2015,101,0.0355384264941301
"7773",2015,102,0.0365265375039513
"7774",2015,103,0.0361175620676924
"7775",2015,104,0.0408908614799999
"7776",2015,105,0.0379600526498212
"7777",2015,106,0.152952348686606
"7778",2015,107,0.162803236963255
"7779",2015,108,0.145908808575522
"7780",2015,109,0.172212531840488
"7781",2015,110,0.144111242741614
"7782",2015,111,0.162932756991703
"7783",2015,112,0.201574284305671
"7784",2015,113,0.184463871911148
"7785",2015,114,0.211591985124441
"7786",2015,115,0.214542513416419
"7787",2015,116,0.189852673694549
"7788",2015,117,0.160029642425852
"7789",2015,118,0.180735524651476
"7790",2015,119,0.202592266340074
"7791",2015,120,0.251188433454806
"7792",2015,121,0.237970224996851
"7793",2015,122,0.251138499535922
"7794",2015,123,0.218436679191141
"7795",2015,124,0.237951737668062
"7796",2015,125,0.229323328544781
"7797",2015,126,0.245426531477851
"7798",2015,127,0.237932668586842
"7799",2015,128,0.224085544483173
"7800",2015,129,0.206846244067956
"7801",2015,130,0.163431092604861
"7802",2015,131,0.187253514228436
"7803",2015,132,0.220054558580125
"7804",2015,133,0.259745343879568
"7805",2015,134,0.242107701996601
"7806",2015,135,0.27218589281448
"7807",2015,136,0.267232934324995
"7808",2015,137,0.268253595482611
"7809",2015,138,0.25053278823423
"7810",2015,139,0.229789664996796
"7811",2015,140,0.222442429349332
"7812",2015,141,0.251281074402054
"7813",2015,142,0.260940461838143
"7814",2015,143,0.277072220462147
"7815",2015,144,0.274800098018575
"7816",2015,145,0.286496307544026
"7817",2015,146,0.266414075769618
"7818",2015,147,0.316765374169694
"7819",2015,148,0.314161585690806
"7820",2015,149,0.302537973918816
"7821",2015,150,0.274722384258048
"7822",2015,151,0.343520893597504
"7823",2015,152,0.350036102441431
"7824",2015,153,0.328585696206794
"7825",2015,154,0.348542289611003
"7826",2015,155,0.362066346950028
"7827",2015,156,0.353221781972696
"7828",2015,157,0.360470488474321
"7829",2015,158,0.355481124772891
"7830",2015,159,0.329671548033881
"7831",2015,160,0.35556003793988
"7832",2015,161,0.374711859069483
"7833",2015,162,0.363310987102213
"7834",2015,163,0.330973320976736
"7835",2015,164,0.352724930287227
"7836",2015,165,0.355771021370754
"7837",2015,166,0.363371537489589
"7838",2015,167,0.383351845015334
"7839",2015,168,0.346767470699967
"7840",2015,169,0.357662980330065
"7841",2015,170,0.392526558344945
"7842",2015,171,0.371019830730627
"7843",2015,172,0.253870428694624
"7844",2015,173,0.227363196171569
"7845",2015,174,0.228189785136604
"7846",2015,175,0.229905968148136
"7847",2015,176,0.3907429930212
"7848",2015,177,0.358888567111066
"7849",2015,178,0.363701339432925
"7850",2015,179,0.366944755385509
"7851",2015,180,0.40602227192464
"7852",2015,181,0.412173658199548
"7853",2015,182,0.408333490431003
"7854",2015,183,0.391981234257678
"7855",2015,184,0.354159923840446
"7856",2015,185,0.380497006918945
"7857",2015,186,0.394145571413077
"7858",2015,187,0.352805888856094
"7859",2015,188,0.358759466072851
"7860",2015,189,0.338987625887027
"7861",2015,190,0.328078984971703
"7862",2015,191,0.381425011759134
"7863",2015,192,0.384135693115023
"7864",2015,193,0.354091189673104
"7865",2015,194,0.39278771492703
"7866",2015,195,0.386307057997848
"7867",2015,196,0.326518062859442
"7868",2015,197,0.338433573371902
"7869",2015,198,0.353702316249633
"7870",2015,199,0.373944319510512
"7871",2015,200,0.329266563002348
"7872",2015,201,0.295218040885166
"7873",2015,202,0.371154272325633
"7874",2015,203,0.344791441657393
"7875",2015,204,0.314671830379521
"7876",2015,205,0.208652400959477
"7877",2015,206,0.206907581731375
"7878",2015,207,0.209370913310097
"7879",2015,208,0.209795844423423
"7880",2015,209,0.200437142084651
"7881",2015,210,0.19241611453631
"7882",2015,211,0.20131400238813
"7883",2015,212,0.203829591528218
"7884",2015,213,0.209027600961381
"7885",2015,214,0.207670011377182
"7886",2015,215,0.20611922952111
"7887",2015,216,0.201602424573347
"7888",2015,217,0.20616053420836
"7889",2015,218,0.208802109215367
"7890",2015,219,0.200547919543334
"7891",2015,220,0.304445819643238
"7892",2015,221,0.186780745450713
"7893",2015,222,0.177735880333505
"7894",2015,223,0.168793265473794
"7895",2015,224,0.145462455374243
"7896",2015,225,0.340936594265002
"7897",2015,226,0.20412504274551
"7898",2015,227,0.399443984384981
"7899",2015,228,0.298069014378336
"7900",2015,229,0.265023783598712
"7901",2015,230,0.245284847435195
"7902",2015,231,0.136964873517828
"7903",2015,232,0.0525022295357013
"7904",2015,233,0.0359190224645749
"7905",2015,234,0.028611448109009
"7906",2015,235,0.024654500366564
"7907",2015,236,0.0269365767854457
"7908",2015,237,0.0272847634538334
"7909",2015,238,0.0260856866217126
"7910",2015,239,0.249614890840985
"7911",2015,240,0.148950208415375
"7912",2015,241,0.0259728301086414
"7913",2015,242,0.0251314634580582
"7914",2015,243,0.0203376335055142
"7915",2015,244,0.0187198439866116
"7916",2015,245,0.0183938130242503
"7917",2015,246,0.0168413542237986
"7918",2015,247,0.0158563511494634
"7919",2015,248,0.0091475100148902
"7920",2015,249,0.00826529198884678
"7921",2015,250,0.0541027409284759
"7922",2015,251,0.0142950605639474
"7923",2015,252,0.0125532306229943
"7924",2015,253,0.0113351742095342
"7925",2015,254,0.0100970563547092
"7926",2015,255,0.00914339844873115
"7927",2015,256,0.00597882885191627
"7928",2015,257,0.00577991793110929
"7929",2015,258,0.00558365553124003
"7930",2015,259,0.00530406954563239
"7931",2015,260,0.00457974212925962
"7932",2015,261,0.0041401474267405
"7933",2015,262,0.00398660394473484
"7934",2015,263,0.00412350077337167
"7935",2015,264,0.00415284502291849
"7936",2015,265,0.00385361038609209
"7937",2015,266,0.003849650049493
"7938",2015,267,0.00366338928995959
"7939",2015,268,0.00338320058795791
"7940",2015,269,0.00322941259571183
"7941",2015,270,0.00335963943874981
"7942",2015,271,0.00300819613302803
"7943",2015,272,0.00275238867798383
"7944",2015,273,0.00277487129434955
"7945",2015,274,0.00262926297344799
"7946",2015,275,0.145421709216393
"7947",2015,276,0.13403655955661
"7948",2015,277,0.130374448697751
"7949",2015,278,0.114493854360201
"7950",2015,279,0.134145031853409
"7951",2015,280,0.11273860377402
"7952",2015,281,0.10555606729218
"7953",2015,282,0.0985229633646567
"7954",2015,283,0.109469089082526
"7955",2015,284,0.106929725942491
"7956",2015,285,0.0791758109712645
"7957",2015,286,0.0283750251942538
"7958",2015,287,0.0268085103497939
"7959",2015,288,0.0211194547437616
"7960",2015,289,0.0190031404955507
"7961",2015,290,0.0190920990370446
"7962",2015,291,0.0193923618381406
"7963",2015,292,0.0177745533834727
"7964",2015,293,0.105491048944698
"7965",2015,294,0.0922097990412763
"7966",2015,295,0.0873322749883472
"7967",2015,296,0.0607857220181899
"7968",2015,297,0.0599010648465548
"7969",2015,298,0.0621418320907901
"7970",2015,299,0.0613872043871264
"7971",2015,300,0.0556860256869685
"7972",2015,301,0.0520163613498488
"7973",2015,302,0.0492943654363373
"7974",2015,303,0.0441957313603814
"7975",2015,304,0.0489620682129632
"7976",2015,305,0.0519975092809922
"7977",2015,306,0.0472723501195235
"7978",2015,307,0.0481721317928949
"7979",2015,308,0.069951643960808
"7980",2015,309,0.0355162799345318
"7981",2015,310,0.0312968523517119
"7982",2015,311,0.0317048127520776
"7983",2015,312,0.0368337326765626
"7984",2015,313,0.0351190455861771
"7985",2015,314,0.0354189384828859
"7986",2015,315,0.0304254314091955
"7987",2015,316,0.0287220370999245
"7988",2015,317,0.0298455997446039
"7989",2015,318,0.0340432067834492
"7990",2015,319,0.0331219598730326
"7991",2015,320,0.0283147188576916
"7992",2015,321,0.0266736738686512
"7993",2015,322,0.0266973814103852
"7994",2015,323,0.0240845643900993
"7995",2015,324,0.021687721729136
"7996",2015,325,0.0176566509918345
"7997",2015,326,0.0251174539646869
"7998",2015,327,0.02822693696788
"7999",2015,328,0.0288914869814457
"8000",2015,329,0.0285381262190213
"8001",2015,330,0.0186501611198529
"8002",2015,331,0.0147519523283255
"8003",2015,332,0.0173421320624632
"8004",2015,333,0.0179509532749072
"8005",2015,334,0.0202375762532078
"8006",2015,335,0.0234524205371208
"8007",2015,336,0.0285028202160891
"8008",2015,337,0.0299706538468418
"8009",2015,338,0.0313861676073684
"8010",2015,339,0.0285114794410614
"8011",2015,340,0.0288868743057666
"8012",2015,341,0.0325009399296273
"8013",2015,342,0.037220623181498
"8014",2015,343,0.0371037513268497
"8015",2015,344,0.0162514277961086
"8016",2015,345,0.0217201537166979
"8017",2015,346,0.0204825842060697
"8018",2015,347,0.0192018514561057
"8019",2015,348,0.0207572775325325
"8020",2015,349,0.017036968910104
"8021",2015,350,0.0153759333782165
"8022",2015,351,0.0132123017119466
"8023",2015,352,0.017715989699216
"8024",2015,353,0.02292996595335
"8025",2015,354,0.0256366095832354
"8026",2015,355,0.0218765741987525
"8027",2015,356,0.022427254950616
"8028",2015,357,0.0195799530376084
"8029",2015,358,0.0177266603055414
"8030",2015,359,0.016626956687606
"8031",2015,360,0.0139271443224178
"8032",2015,361,0.0124235565983732
"8033",2015,362,0.0135202033528344
"8034",2015,363,0.0140139581740948
"8035",2015,364,0.0152340375891981
"8036",2015,365,0.0147095903201592
"8037",2016,1,0.0160563499844154
"8038",2016,2,0.0215626335798473
"8039",2016,3,0.0229015567210572
"8040",2016,4,0.0241521146281897
"8041",2016,5,0.0300014969903721
"8042",2016,6,0.0267558120350119
"8043",2016,7,0.0265473323603555
"8044",2016,8,0.0207432189140432
"8045",2016,9,0.017312947136552
"8046",2016,10,0.0180259028242069
"8047",2016,11,0.0215208461364592
"8048",2016,12,0.0256052142144822
"8049",2016,13,0.0288947814237764
"8050",2016,14,0.0297827846966629
"8051",2016,15,0.0257558157161971
"8052",2016,16,0.0231280941802588
"8053",2016,17,0.0270294964366363
"8054",2016,18,0.031036723791825
"8055",2016,19,0.0330523470604283
"8056",2016,20,0.0361620265123612
"8057",2016,21,0.0342794744029739
"8058",2016,22,0.0386894079919263
"8059",2016,23,0.0463700959367704
"8060",2016,24,0.0426347809964504
"8061",2016,25,0.035478717735212
"8062",2016,26,0.0336462164733492
"8063",2016,27,0.0450577685031093
"8064",2016,28,0.0510415478950292
"8065",2016,29,0.054592050861567
"8066",2016,30,0.0545387974060098
"8067",2016,31,0.0404084676257672
"8068",2016,32,0.0366407573951159
"8069",2016,33,0.0308158454567384
"8070",2016,34,0.0279414203693646
"8071",2016,35,0.0318514550073229
"8072",2016,36,0.0383407400185657
"8073",2016,37,0.0480515083784107
"8074",2016,38,0.0481999687459451
"8075",2016,39,0.0505849301240352
"8076",2016,40,0.0656902725085581
"8077",2016,41,0.077564872338641
"8078",2016,42,0.074084349785024
"8079",2016,43,0.0700064056881861
"8080",2016,44,0.0769411469105514
"8081",2016,45,0.069588036191445
"8082",2016,46,0.0754780088646257
"8083",2016,47,0.0774426380100038
"8084",2016,48,0.0774526927733271
"8085",2016,49,0.0691254621089383
"8086",2016,50,0.0655748314592558
"8087",2016,51,0.0655351577909426
"8088",2016,52,0.0534260250002169
"8089",2016,53,0.0547622503441392
"8090",2016,54,0.0517036876446759
"8091",2016,55,0.054383381174781
"8092",2016,56,0.0504372102056724
"8093",2016,57,0.0671434914769348
"8094",2016,58,0.0748598162724187
"8095",2016,59,0.0752947919286687
"8096",2016,60,0.0721021940886761
"8097",2016,61,0.0650703244193518
"8098",2016,62,0.0641610476279133
"8099",2016,63,0.0116972835586476
"8100",2016,64,0.0114806059500895
"8101",2016,65,0.0111181313444203
"8102",2016,66,0.0127130889745868
"8103",2016,67,0.104236406673072
"8104",2016,68,0.0741614447166055
"8105",2016,69,0.0746119953975667
"8106",2016,70,0.0844701279051061
"8107",2016,71,0.0945273433608708
"8108",2016,72,0.0973816124867137
"8109",2016,73,0.0993280796814618
"8110",2016,74,0.0948665554683558
"8111",2016,75,0.0766275722609641
"8112",2016,76,0.0723373579910737
"8113",2016,77,0.0710976562534027
"8114",2016,78,0.0619344409129117
"8115",2016,79,0.0653688374521566
"8116",2016,80,0.0778130396188744
"8117",2016,81,0.0971310416686747
"8118",2016,82,0.144212434834664
"8119",2016,83,0.112673744718693
"8120",2016,84,0.0858160317650369
"8121",2016,85,0.0890296745288119
"8122",2016,86,0.0812757918931337
"8123",2016,87,0.0933520709275649
"8124",2016,88,0.111192841992965
"8125",2016,89,0.13951444084431
"8126",2016,90,0.124251709400342
"8127",2016,91,0.0937809105263965
"8128",2016,92,0.101411330290331
"8129",2016,93,0.125801824056024
"8130",2016,94,0.136442151069811
"8131",2016,95,0.143887842471302
"8132",2016,96,0.134139138572466
"8133",2016,97,0.0408430002081209
"8134",2016,98,0.0383639388277513
"8135",2016,99,0.0375355251184966
"8136",2016,100,0.041278291825357
"8137",2016,101,0.176115836396422
"8138",2016,102,0.139024625137136
"8139",2016,103,0.157893920919088
"8140",2016,104,0.16729182670701
"8141",2016,105,0.170902810461061
"8142",2016,106,0.179350468446721
"8143",2016,107,0.151932508108448
"8144",2016,108,0.122866633314389
"8145",2016,109,0.135513353311677
"8146",2016,110,0.170286292144915
"8147",2016,111,0.161133548392769
"8148",2016,112,0.171555160088289
"8149",2016,113,0.0788471992368556
"8150",2016,114,0.0725454499827547
"8151",2016,115,0.0641773162513825
"8152",2016,116,0.217065230337472
"8153",2016,117,0.182609260359124
"8154",2016,118,0.151022152116539
"8155",2016,119,0.176550164582941
"8156",2016,120,0.173973617354831
"8157",2016,121,0.142728741626173
"8158",2016,122,0.152710194257769
"8159",2016,123,0.17513463107685
"8160",2016,124,0.206461409389719
"8161",2016,125,0.222198798519771
"8162",2016,126,0.238330733253646
"8163",2016,127,0.241691852394468
"8164",2016,128,0.23758436272848
"8165",2016,129,0.208285840640266
"8166",2016,130,0.253845709486928
"8167",2016,131,0.254790342715988
"8168",2016,132,0.210101201236032
"8169",2016,133,0.220194187208046
"8170",2016,134,0.220565539128368
"8171",2016,135,0.194718023631022
"8172",2016,136,0.2117673295407
"8173",2016,137,0.226763519515254
"8174",2016,138,0.232757000020755
"8175",2016,139,0.239770349482168
"8176",2016,140,0.252354911190838
"8177",2016,141,0.267721524344131
"8178",2016,142,0.289814244059975
"8179",2016,143,0.262850504262552
"8180",2016,144,0.130630132720288
"8181",2016,145,0.135749795022801
"8182",2016,146,0.299694462468304
"8183",2016,147,0.291872819473793
"8184",2016,148,0.259589871856955
"8185",2016,149,0.305362540143292
"8186",2016,150,0.286449561468097
"8187",2016,151,0.280609955872686
"8188",2016,152,0.305185468379223
"8189",2016,153,0.168225876606288
"8190",2016,154,0.179361771930567
"8191",2016,155,0.183722899802054
"8192",2016,156,0.179127314917746
"8193",2016,157,0.18428498837485
"8194",2016,158,0.369201398314828
"8195",2016,159,0.329653702810842
"8196",2016,160,0.350209612673093
"8197",2016,161,0.362773133628554
"8198",2016,162,0.288406463212052
"8199",2016,163,0.222249801313837
"8200",2016,164,0.400038896954267
"8201",2016,165,0.375639516239477
"8202",2016,166,0.349421049573951
"8203",2016,167,0.35851026056687
"8204",2016,168,0.349186960803816
"8205",2016,169,0.22105888386081
"8206",2016,170,0.218899866279557
"8207",2016,171,0.222180311642061
"8208",2016,172,0.184367785271441
"8209",2016,173,0.15558787920766
"8210",2016,174,0.119796203365179
"8211",2016,175,0.104282182239763
"8212",2016,176,0.0799180906938781
"8213",2016,177,0.0727993560552051
"8214",2016,178,0.0678070903664838
"8215",2016,179,0.0452536913301193
"8216",2016,180,0.0408187819068237
"8217",2016,181,0.289153153286252
"8218",2016,182,0.359169161181895
"8219",2016,183,0.382123086706745
"8220",2016,184,0.382390504060275
"8221",2016,185,0.365765751676944
"8222",2016,186,0.373231623528101
"8223",2016,187,0.391536378941268
"8224",2016,188,0.237914128505419
"8225",2016,189,0.085605130319874
"8226",2016,190,0.0340658934741528
"8227",2016,191,0.0330141952233294
"8228",2016,192,0.0328205097341996
"8229",2016,193,0.0283831142163349
"8230",2016,194,0.0261070678030982
"8231",2016,195,0.0247958674399541
"8232",2016,196,0.0138615609985001
"8233",2016,197,0.0147118550645411
"8234",2016,198,0.0151860402149865
"8235",2016,199,0.0133368132042136
"8236",2016,200,0.0128732625496512
"8237",2016,201,0.0121014824988832
"8238",2016,202,0.0112505248956471
"8239",2016,203,0.0110031584474006
"8240",2016,204,0.0104943007877497
"8241",2016,205,0.138549974792717
"8242",2016,206,0.0084082412342625
"8243",2016,207,0.00790876085544542
"8244",2016,208,0.00773530508319466
"8245",2016,209,0.314404776295346
"8246",2016,210,0.321621467439552
"8247",2016,211,0.37825344668541
"8248",2016,212,0.35344897220912
"8249",2016,213,0.408421184015971
"8250",2016,214,0.36637090409062
"8251",2016,215,0.324043710891461
"8252",2016,216,0.13283862254592
"8253",2016,217,0.0273385188936883
"8254",2016,218,0.0121348694464805
"8255",2016,219,0.0119738933468627
"8256",2016,220,0.0124723657630497
"8257",2016,221,0.0123757513965044
"8258",2016,222,0.0138745729719298
"8259",2016,223,0.0397701986048688
"8260",2016,224,0.0101027005559056
"8261",2016,225,0.00967355473536564
"8262",2016,226,0.00943226561918015
"8263",2016,227,0.00897356715212711
"8264",2016,228,0.00493391044286736
"8265",2016,229,0.00481231167940442
"8266",2016,230,0.00462565691988218
"8267",2016,231,0.22473064245682
"8268",2016,232,0.25933720223346
"8269",2016,233,0.156788307388461
"8270",2016,234,0.0732508996992996
"8271",2016,235,0.00315165765073402
"8272",2016,236,0.00305236946048135
"8273",2016,237,0.133783872027497
"8274",2016,238,0.00275504688377509
"8275",2016,239,0.00272354123729278
"8276",2016,240,0.00265296592974615
"8277",2016,241,0.00252676269268563
"8278",2016,242,0.0020197496220066
"8279",2016,243,0.00193961821192959
"8280",2016,244,0.00186731430378673
"8281",2016,245,0.00184108096693291
"8282",2016,246,0.0376291556880786
"8283",2016,247,0.00549365844178783
"8284",2016,248,0.00215496471928693
"8285",2016,249,0.00162254152301122
"8286",2016,250,0.0015715344146742
"8287",2016,251,0.00154611754835887
"8288",2016,252,0.00129697763157112
"8289",2016,253,0.00106971406056001
"8290",2016,254,0.00103887469991049
"8291",2016,255,0.0011137849759218
"8292",2016,256,0.17680787414647
"8293",2016,257,0.152133731746552
"8294",2016,258,0.191497463521604
"8295",2016,259,0.134252543610096
"8296",2016,260,0.103526300835815
"8297",2016,261,0.0581459890115179
"8298",2016,262,0.00156538956989406
"8299",2016,263,0.000893195758058517
"8300",2016,264,0.000852639590922756
"8301",2016,265,0.000823477410056196
"8302",2016,266,0.000718424398028733
"8303",2016,267,0.174713794142495
"8304",2016,268,0.107527889374933
"8305",2016,269,0.0948062640946058
"8306",2016,270,0.0805675186644197
"8307",2016,271,0.00417279759001535
"8308",2016,272,0.0037430585690356
"8309",2016,273,0.00333979700854052
"8310",2016,274,0.00176558961969857
"8311",2016,275,0.000518938811960366
"8312",2016,276,0.111495558676056
"8313",2016,277,0.00403221438242867
"8314",2016,278,0.00298221454309902
"8315",2016,279,0.107829668627248
"8316",2016,280,0.107963461789033
"8317",2016,281,0.0817642021086344
"8318",2016,282,0.0876807051429937
"8319",2016,283,0.086691515149255
"8320",2016,284,0.0869005461368388
"8321",2016,285,0.114495814923484
"8322",2016,286,0.0606410004844901
"8323",2016,287,0.0739893958012257
"8324",2016,288,0.073442569639404
"8325",2016,289,0.0701587409461107
"8326",2016,290,0.0421279883066784
"8327",2016,291,0.00279949250255672
"8328",2016,292,0.058096093976116
"8329",2016,293,0.00352862347556783
"8330",2016,294,0.00283224480637902
"8331",2016,295,0.00308492004926031
"8332",2016,296,0.00288891678291219
"8333",2016,297,0.00232433285975313
"8334",2016,298,0.00234852231941214
"8335",2016,299,0.0022386503672686
"8336",2016,300,0.00199355555202094
"8337",2016,301,0.00197193029142133
"8338",2016,302,0.0019848579020655
"8339",2016,303,0.000234004300608935
"8340",2016,304,0.000212247767232981
"8341",2016,305,0.000217568647533036
"8342",2016,306,0.0741664443685487
"8343",2016,307,0.041028117184123
"8344",2016,308,0.0405672274932173
"8345",2016,309,0.0375127431661201
"8346",2016,310,0.031591488396811
"8347",2016,311,0.00374032898700465
"8348",2016,312,0.0029154724666739
"8349",2016,313,0.00242120935887034
"8350",2016,314,0.00233930874136032
"8351",2016,315,0.00213586195461176
"8352",2016,316,0.00161757063647871
"8353",2016,317,0.00167321659920895
"8354",2016,318,0.00163568919051
"8355",2016,319,0.00163325992200598
"8356",2016,320,0.0016820300754804
"8357",2016,321,0.00163806740864498
"8358",2016,322,0.031782901408899
"8359",2016,323,0.019032266044395
"8360",2016,324,0.0197894582230255
"8361",2016,325,0.0282443576734774
"8362",2016,326,0.059460025526852
"8363",2016,327,0.0246371571547468
"8364",2016,328,0.02219318901795
"8365",2016,329,0.0219290882295038
"8366",2016,330,0.0233265178339883
"8367",2016,331,0.0257000751409196
"8368",2016,332,0.0231325517899257
"8369",2016,333,0.0207697549187322
"8370",2016,334,0.0170479995520848
"8371",2016,335,0.0155819281959322
"8372",2016,336,0.0150644716880843
"8373",2016,337,0.0142122907037698
"8374",2016,338,0.0139012542292825
"8375",2016,339,0.0140823038151246
"8376",2016,340,0.00649778302951046
"8377",2016,341,0.016089906451494
"8378",2016,342,0.0104788875369766
"8379",2016,343,0.00906538339775863
"8380",2016,344,0.0177153210856836
"8381",2016,345,0.0136797142030476
"8382",2016,346,0.00306722967139381
"8383",2016,347,0.00232690989689246
"8384",2016,348,0.00196418342004945
"8385",2016,349,0.00140611675905917
"8386",2016,350,0.00152406460019701
"8387",2016,351,0.0173332460351764
"8388",2016,352,0.00880294807549277
"8389",2016,353,0.011399743176511
"8390",2016,354,0.016981559319907
"8391",2016,355,0.029017612904076
"8392",2016,356,0.0280827522111232
"8393",2016,357,0.0217575160508406
"8394",2016,358,0.00468342214955674
"8395",2016,359,0.0019000229347786
"8396",2016,360,0.0207385409267167
"8397",2016,361,0.01880962590526
"8398",2016,362,0.0220154783426272
"8399",2016,363,0.0238831710727963
"8400",2016,364,0.0217346085940696
"8401",2016,365,0.0298822846184595
"8402",2017,1,0.023823039049703
"8403",2017,2,0.0208861313478858
"8404",2017,3,0.0155870919811795
"8405",2017,4,0.0126055892088247
"8406",2017,5,0.00904306907267663
"8407",2017,6,0.0101234024239738
"8408",2017,7,0.014462466947519
"8409",2017,8,0.0256661000805118
"8410",2017,9,0.0351628882571436
"8411",2017,10,0.0334908220697586
"8412",2017,11,0.0284671116376816
"8413",2017,12,0.0240689733049286
"8414",2017,13,0.0261715007594454
"8415",2017,14,0.0319409893414356
"8416",2017,15,0.028384191366158
"8417",2017,16,0.0290420880664694
"8418",2017,17,0.0315310420631756
"8419",2017,18,0.0383938688549826
"8420",2017,19,0.0406097374412784
"8421",2017,20,0.0374495842430042
"8422",2017,21,0.0330534164491177
"8423",2017,22,0.0383963535183664
"8424",2017,23,0.0473033533466328
"8425",2017,24,0.0331325962665672
"8426",2017,25,0.0258531463824524
"8427",2017,26,0.0259926953885114
"8428",2017,27,0.0308356821513173
"8429",2017,28,0.0399878081703821
"8430",2017,29,0.0548119944812399
"8431",2017,30,0.0598588141760773
"8432",2017,31,0.0568543659014942
"8433",2017,32,0.0357469160202613
"8434",2017,33,0.029567820658961
"8435",2017,34,0.0322010457845029
"8436",2017,35,0.0543976658185062
"8437",2017,36,0.0619297648906102
"8438",2017,37,0.0643674857207561
"8439",2017,38,0.065438896707393
"8440",2017,39,0.0639252931930755
"8441",2017,40,0.0362802274373328
"8442",2017,41,0.0678896930923245
"8443",2017,42,0.0530203598332563
"8444",2017,43,0.0424473646250277
"8445",2017,44,0.0443047465124463
"8446",2017,45,0.00469788095095539
"8447",2017,46,0.0045293423896923
"8448",2017,47,0.00431435032293239
"8449",2017,48,0.00364350203119902
"8450",2017,49,0.00319549628700887
"8451",2017,50,0.00283921650395783
"8452",2017,51,0.00271105454734087
"8453",2017,52,0.00270198410695747
"8454",2017,53,0.00205087718298675
"8455",2017,54,0.0586540134907835
"8456",2017,55,0.0446920529586188
"8457",2017,56,0.0267981752681072
"8458",2017,57,0.037347987437348
"8459",2017,58,0.0169639993360667
"8460",2017,59,0.00490518101831076
"8461",2017,60,0.00415361728572208
"8462",2017,61,0.00376957888902148
"8463",2017,62,0.00364679474849464
"8464",2017,63,0.00378031666546523
"8465",2017,64,0.00342083335567105
"8466",2017,65,0.00259949877991549
"8467",2017,66,0.00234184515094039
"8468",2017,67,0.00269978364746842
"8469",2017,68,0.000468443430270191
"8470",2017,69,0.105615075083174
"8471",2017,70,0.0789637569641409
"8472",2017,71,0.0801094343494504
"8473",2017,72,0.0693343520826954
"8474",2017,73,0.086067192340249
"8475",2017,74,0.0879936204694565
"8476",2017,75,0.00373499619145083
"8477",2017,76,0.00261855520330901
"8478",2017,77,0.000470412569380476
"8479",2017,78,0.000503178605466372
"8480",2017,79,0.000492496097325434
"8481",2017,80,0.000437683164400662
"8482",2017,81,0.000459163011183959
"8483",2017,82,0.000499899135827445
"8484",2017,83,0.000442233380078532
"8485",2017,84,0.000442159581053336
"8486",2017,85,0.000443417206244964
"8487",2017,86,0.00146380670361659
"8488",2017,87,0.128839227325885
"8489",2017,88,0.111639780063598
"8490",2017,89,0.145087564770563
"8491",2017,90,0.132360474854127
"8492",2017,91,0.130631301644655
"8493",2017,92,0.148749889438117
"8494",2017,93,0.11793786586037
"8495",2017,94,0.10122804738852
"8496",2017,95,0.109677070850158
"8497",2017,96,0.121757155877028
"8498",2017,97,0.0315817663032228
"8499",2017,98,0.029778189944066
"8500",2017,99,0.0215859324319387
"8501",2017,100,0.0101844957228475
"8502",2017,101,0.00970192148614537
"8503",2017,102,0.00744619508564606
"8504",2017,103,0.0075541654396856
"8505",2017,104,0.00267860954182877
"8506",2017,105,0.00257750262391588
"8507",2017,106,0.00258576971897066
"8508",2017,107,0.00278987540281509
"8509",2017,108,0.00291018083964938
"8510",2017,109,0.00308586239382789
"8511",2017,110,0.186131222237845
"8512",2017,111,0.169347756469004
"8513",2017,112,0.157179746615027
"8514",2017,113,0.175058723319123
"8515",2017,114,0.210466696564233
"8516",2017,115,0.190910289288161
"8517",2017,116,0.189459574968893
"8518",2017,117,0.191786246347915
"8519",2017,118,0.184928306087682
"8520",2017,119,0.136089708216504
"8521",2017,120,0.168150692765475
"8522",2017,121,0.1844721847944
"8523",2017,122,0.217720528504511
"8524",2017,123,0.214150233134014
"8525",2017,124,0.20627777596277
"8526",2017,125,0.226032907886034
"8527",2017,126,0.24520660609507
"8528",2017,127,0.244501751434462
"8529",2017,128,0.256482837692591
"8530",2017,129,0.252466486997159
"8531",2017,130,0.244102103225174
"8532",2017,131,0.222204147172531
"8533",2017,132,0.247588041571735
"8534",2017,133,0.263360266389829
"8535",2017,134,0.248117307133141
"8536",2017,135,0.121271220757591
"8537",2017,136,0.284655089517145
"8538",2017,137,0.268384539890456
"8539",2017,138,0.219907225839651
"8540",2017,139,0.214164947498088
"8541",2017,140,0.214141642851958
"8542",2017,141,0.264796971062256
"8543",2017,142,0.24001164756358
"8544",2017,143,0.241488733110432
"8545",2017,144,0.272073562198119
"8546",2017,145,0.307663261647312
"8547",2017,146,0.284401904928995
"8548",2017,147,0.254109474710905
"8549",2017,148,0.301188675040176
"8550",2017,149,0.304168294069596
"8551",2017,150,0.284409854576911
"8552",2017,151,0.299416157308019
"8553",2017,152,0.310028881528251
"8554",2017,153,0.33672351167652
"8555",2017,154,0.308081797666098
"8556",2017,155,0.306753484622256
"8557",2017,156,0.194081056335258
"8558",2017,157,0.196570413236109
"8559",2017,158,0.202569752084035
"8560",2017,159,0.202433603688543
"8561",2017,160,0.215495944469307
"8562",2017,161,0.216120790842471
"8563",2017,162,0.2115124226643
"8564",2017,163,0.217068972887787
"8565",2017,164,0.19924324437024
"8566",2017,165,0.211692418650474
"8567",2017,166,0.218447442301923
"8568",2017,167,0.227823566758912
"8569",2017,168,0.218880525235749
"8570",2017,169,0.211324990408117
"8571",2017,170,0.210348730150361
"8572",2017,171,0.229301833906853
"8573",2017,172,0.239273106764844
"8574",2017,173,0.308038389445763
"8575",2017,174,0.189743287781182
"8576",2017,175,0.196400314687279
"8577",2017,176,0.190737126094548
"8578",2017,177,0.205314033502961
"8579",2017,178,0.216679254562673
"8580",2017,179,0.200935519479223
"8581",2017,180,0.363447023471268
"8582",2017,181,0.173793638672417
"8583",2017,182,0.175219541751425
"8584",2017,183,0.156301695185815
"8585",2017,184,0.115559129667838
"8586",2017,185,0.103236162981951
"8587",2017,186,0.082761563943329
"8588",2017,187,0.209255158310187
"8589",2017,188,0.0679548461462349
"8590",2017,189,0.0654844813687047
"8591",2017,190,0.374480026591355
"8592",2017,191,0.350182987023841
"8593",2017,192,0.297370934183561
"8594",2017,193,0.11159833967447
"8595",2017,194,0.0351839603892061
"8596",2017,195,0.0346376753715625
"8597",2017,196,0.0269421799485515
"8598",2017,197,0.0319681614054138
"8599",2017,198,0.0304203400835247
"8600",2017,199,0.0297548395675299
"8601",2017,200,0.412445613468568
"8602",2017,201,0.368638978726809
"8603",2017,202,0.408768762348779
"8604",2017,203,0.38994636609616
"8605",2017,204,0.33900200062733
"8606",2017,205,0.184692105000299
"8607",2017,206,0.0283912729877519
"8608",2017,207,0.167274775115803
"8609",2017,208,0.0154130060718128
"8610",2017,209,0.171975124513663
"8611",2017,210,0.0147167256029153
"8612",2017,211,0.170085344069891
"8613",2017,212,0.0142302825902171
"8614",2017,213,0.0137700964921278
"8615",2017,214,0.0252296064980801
"8616",2017,215,0.0121407599679218
"8617",2017,216,0.0122573299195668
"8618",2017,217,0.311774658873092
"8619",2017,218,0.335604840079108
"8620",2017,219,0.32844135914129
"8621",2017,220,0.352937273353044
"8622",2017,221,0.355440904945622
"8623",2017,222,0.340980676513569
"8624",2017,223,0.311395117860779
"8625",2017,224,0.352805097660881
"8626",2017,225,0.242266008575726
"8627",2017,226,0.05915328104403
"8628",2017,227,0.16983277451464
"8629",2017,228,0.0143162061895966
"8630",2017,229,0.0111930103421368
"8631",2017,230,0.0101588471413483
"8632",2017,231,0.00990139434553098
"8633",2017,232,0.00950677834222595
"8634",2017,233,0.00908171242005602
"8635",2017,234,0.00863919692906847
"8636",2017,235,0.00841431265905086
"8637",2017,236,0.00809849286414498
"8638",2017,237,0.00780926132558953
"8639",2017,238,0.00754845455344931
"8640",2017,239,0.00698274185737547
"8641",2017,240,0.00366627703048215
"8642",2017,241,0.00356235767429403
"8643",2017,242,0.00344605870014239
"8644",2017,243,0.0438600339903486
"8645",2017,244,0.00948734049942499
"8646",2017,245,0.00765122448442308
"8647",2017,246,0.00691293128247194
"8648",2017,247,0.00567025389784425
"8649",2017,248,0.00216791809404138
"8650",2017,249,0.00208298468711113
"8651",2017,250,0.00208534825392955
"8652",2017,251,0.00205320130999195
"8653",2017,252,0.00205342058164565
"8654",2017,253,0.00201118505710337
"8655",2017,254,0.00194635365560113
"8656",2017,255,0.0018038406845685
"8657",2017,256,0.173600235051661
"8658",2017,257,0.0665869167146924
"8659",2017,258,0.204134170293728
"8660",2017,259,0.131247437450883
"8661",2017,260,0.110022861214306
"8662",2017,261,0.0661966969544475
"8663",2017,262,0.00109595894959733
"8664",2017,263,0.000992851066872905
"8665",2017,264,0.00100730412715801
"8666",2017,265,0.000926792509276481
"8667",2017,266,0.157196255036268
"8668",2017,267,0.149034874198791
"8669",2017,268,0.123888056133164
"8670",2017,269,0.125848794945564
"8671",2017,270,0.152170565261589
"8672",2017,271,0.150471666247128
"8673",2017,272,0.120850654404783
"8674",2017,273,0.120021752341192
"8675",2017,274,0.145706242486943
"8676",2017,275,0.121749301438136
"8677",2017,276,0.0929207462061242
"8678",2017,277,0.107201551787154
"8679",2017,278,0.106113298224403
"8680",2017,279,0.108934186738515
"8681",2017,280,0.106996368537486
"8682",2017,281,0.118977844603771
"8683",2017,282,0.0672329327431515
"8684",2017,283,0.0717509489566498
"8685",2017,284,0.0832724536094223
"8686",2017,285,0.089722818832834
"8687",2017,286,0.0756909338116826
"8688",2017,287,0.0680269982267988
"8689",2017,288,0.0683266973895422
"8690",2017,289,0.0793912316271534
"8691",2017,290,0.0777027878419702
"8692",2017,291,0.0791724538259706
"8693",2017,292,0.0674036248965641
"8694",2017,293,0.0225455362442645
"8695",2017,294,0.0167932989315251
"8696",2017,295,0.0173271249539432
"8697",2017,296,0.0156126602717417
"8698",2017,297,0.0146658252663699
"8699",2017,298,0.0175566703970046
"8700",2017,299,0.0125334693476568
"8701",2017,300,0.00949581162919091
"8702",2017,301,0.00663327503395
"8703",2017,302,0.00690621481212296
"8704",2017,303,0.00440984976968517
"8705",2017,304,0.00487945074730796
"8706",2017,305,0.00584058430904545
"8707",2017,306,0.00359426128097259
"8708",2017,307,0.00386481339690592
"8709",2017,308,0.0703187993422536
"8710",2017,309,0.0623316770898292
"8711",2017,310,0.0615452289943325
"8712",2017,311,0.0238756967153497
"8713",2017,312,0.0297376232541078
"8714",2017,313,0.0262407154923287
"8715",2017,314,0.0329127476467543
"8716",2017,315,0.0342482112685848
"8717",2017,316,0.0299909437636263
"8718",2017,317,0.0371544939017933
"8719",2017,318,0.0365630775139472
"8720",2017,319,0.0278852684554706
"8721",2017,320,0.0332560016053987
"8722",2017,321,0.0323990248271942
"8723",2017,322,0.0250419183663463
"8724",2017,323,0.0280764759507824
"8725",2017,324,0.0326804681690767
"8726",2017,325,0.0278061817025886
"8727",2017,326,0.0332910884626698
"8728",2017,327,0.0354664403612955
"8729",2017,328,0.0316392333648816
"8730",2017,329,0.0282651250352568
"8731",2017,330,0.0250407427950542
"8732",2017,331,0.00578968470018598
"8733",2017,332,0.00333169974133335
"8734",2017,333,0.00297573845605256
"8735",2017,334,0.00260645888302525
"8736",2017,335,0.00266202555519464
"8737",2017,336,0.00244615824127347
"8738",2017,337,0.00233294935721228
"8739",2017,338,0.00140841704019575
"8740",2017,339,0.00131733047813905
"8741",2017,340,0.0011860269032932
"8742",2017,341,0.00113113233042007
"8743",2017,342,0.00169209149729526
"8744",2017,343,0.00162547083138191
"8745",2017,344,0.00152608363732704
"8746",2017,345,0.00139104910571464
"8747",2017,346,0.00137828502899489
"8748",2017,347,0.00121296217943211
"8749",2017,348,0.000839566030213076
"8750",2017,349,0.000947643689213536
"8751",2017,350,0.000984606054917907
"8752",2017,351,0.0217044870428539
"8753",2017,352,0.0119673576648836
"8754",2017,353,0.000965586839525133
"8755",2017,354,0.0424185233522338
"8756",2017,355,0.0221715194378479
"8757",2017,356,0.0155665815072177
"8758",2017,357,0.0157246417081285
"8759",2017,358,0.0132133414510598
"8760",2017,359,0.0132833159449513
"8761",2017,360,0.0118786044587324
"8762",2017,361,0.0183277933584608
"8763",2017,362,0.0268039543557596
"8764",2017,363,0.0283419032959606
"8765",2017,364,0.0186539579716642
"8766",2017,365,0.00852737911357554
"8767",2018,1,0.0120925599714556
"8768",2018,2,0.0153542109789277
"8769",2018,3,0.0198520213062417
"8770",2018,4,0.0178096725729459
"8771",2018,5,0.00670312612192641
"8772",2018,6,0.00417510721724247
"8773",2018,7,0.00325868991342074
"8774",2018,8,0.00287339085083659
"8775",2018,9,0.00300313921597241
"8776",2018,10,0.0022450881147454
"8777",2018,11,0.00165161595174968
"8778",2018,12,0.00158398633766919
"8779",2018,13,0.00150772554266333
"8780",2018,14,0.00162351034522424
"8781",2018,15,0.000954073771230967
"8782",2018,16,0.000836735648763837
"8783",2018,17,0.00135305543936655
"8784",2018,18,0.00176018045717382
"8785",2018,19,0.00187721241203719
"8786",2018,20,0.054248399564119
"8787",2018,21,0.0281810673388152
"8788",2018,22,0.0306201421062071
"8789",2018,23,0.0319401569457979
"8790",2018,24,0.0349956246051261
"8791",2018,25,0.0416011115973563
"8792",2018,26,0.0219240863379673
"8793",2018,27,0.0255837966798011
"8794",2018,28,0.0326665120857804
"8795",2018,29,0.0354602053280491
"8796",2018,30,0.040921956869322
"8797",2018,31,0.0615395113572032
"8798",2018,32,0.0354590358711792
"8799",2018,33,0.042496933975718
"8800",2018,34,0.0282358481786357
"8801",2018,35,0.0323481957984013
"8802",2018,36,0.0384876775418724
"8803",2018,37,0.0393359482625774
"8804",2018,38,0.0406485280156811
"8805",2018,39,0.0492420832548608
"8806",2018,40,0.0484853423457012
"8807",2018,41,0.0291014954255807
"8808",2018,42,0.0366384794338763
"8809",2018,43,0.0375334516586344
"8810",2018,44,0.0609447749541813
"8811",2018,45,0.0773301601010426
"8812",2018,46,0.0603583890008367
"8813",2018,47,0.0524044691789445
"8814",2018,48,0.0739053686429554
"8815",2018,49,0.0749650651089238
"8816",2018,50,0.0331060022950574
"8817",2018,51,0.0248767233894085
"8818",2018,52,0.0333298719128263
"8819",2018,53,0.0421414322572869
"8820",2018,54,0.0464484331385815
"8821",2018,55,0.0532036747110952
"8822",2018,56,0.0602716271703228
"8823",2018,57,0.0761958912070616
"8824",2018,58,0.0817400845758945
"8825",2018,59,0.0790514388801149
"8826",2018,60,0.0804316467547044
"8827",2018,61,0.101522914883326
"8828",2018,62,0.0508104536613083
"8829",2018,63,0.0764437378366526
"8830",2018,64,0.0563638621860255
"8831",2018,65,0.0198857453991376
"8832",2018,66,0.0110282383654796
"8833",2018,67,0.0120364458235302
"8834",2018,68,0.0126002791503109
"8835",2018,69,0.0107468792330656
"8836",2018,70,0.00952983612673922
"8837",2018,71,0.0105245364452472
"8838",2018,72,0.01074521861229
"8839",2018,73,0.0125421793227938
"8840",2018,74,0.120984103342988
"8841",2018,75,0.0835309977173796
"8842",2018,76,0.0868915621255867
"8843",2018,77,0.113020247333467
"8844",2018,78,0.0790537595280399
"8845",2018,79,0.0829017388072819
"8846",2018,80,0.0959022529137849
"8847",2018,81,0.113746007412985
"8848",2018,82,0.112500716425803
"8849",2018,83,0.105673461543681
"8850",2018,84,0.131955733816181
"8851",2018,85,0.100079064483063
"8852",2018,86,0.0890978064283594
"8853",2018,87,0.117655096138334
"8854",2018,88,0.0912881057668542
"8855",2018,89,0.106602619038165
"8856",2018,90,0.127485717293129
"8857",2018,91,0.0939644802174673
"8858",2018,92,0.116489348724689
"8859",2018,93,0.0230147323064912
"8860",2018,94,0.0245414145149452
"8861",2018,95,0.154851433171588
"8862",2018,96,0.0951943306760465
"8863",2018,97,0.104943541684026
"8864",2018,98,0.164311669260248
"8865",2018,99,0.128714152844539
"8866",2018,100,0.140178266648648
"8867",2018,101,0.0466556015607032
"8868",2018,102,0.0439448887706002
"8869",2018,103,0.0323140114137807
"8870",2018,104,0.0355148990777643
"8871",2018,105,0.0382011562807235
"8872",2018,106,0.0390007528185899
"8873",2018,107,0.0410120405324378
"8874",2018,108,0.0382961461225364
"8875",2018,109,0.040794962475469
"8876",2018,110,0.178256448926413
"8877",2018,111,0.165150920162584
"8878",2018,112,0.162203678355872
"8879",2018,113,0.203009521387042
"8880",2018,114,0.1452603075186
"8881",2018,115,0.160055470781259
"8882",2018,116,0.169910119675428
"8883",2018,117,0.0812615142402348
"8884",2018,118,0.0742510845625885
"8885",2018,119,0.0791648723350555
"8886",2018,120,0.23482549156125
"8887",2018,121,0.221676090215087
"8888",2018,122,0.208220982783244
"8889",2018,123,0.215640017593714
"8890",2018,124,0.21012683957022
"8891",2018,125,0.227207885326964
"8892",2018,126,0.233484956837749
"8893",2018,127,0.240428239750833
"8894",2018,128,0.243802111443012
"8895",2018,129,0.230652164287902
"8896",2018,130,0.114326806753108
"8897",2018,131,0.268992580342285
"8898",2018,132,0.253985720551837
"8899",2018,133,0.267812088320393
"8900",2018,134,0.268601556723214
"8901",2018,135,0.273469314223397
"8902",2018,136,0.26673361833738
"8903",2018,137,0.282649028896526
"8904",2018,138,0.286494227140749
"8905",2018,139,0.249921426839641
"8906",2018,140,0.222927250849135
"8907",2018,141,0.259322082236329
"8908",2018,142,0.3102395948252
"8909",2018,143,0.276401729477991
"8910",2018,144,0.290371088236483
"8911",2018,145,0.30320323376586
"8912",2018,146,0.308844959753023
"8913",2018,147,0.347773811857188
"8914",2018,148,0.318343186908877
"8915",2018,149,0.280931730276616
"8916",2018,150,0.301130615898312
"8917",2018,151,0.313174548728573
"8918",2018,152,0.221754173165508
"8919",2018,153,0.176520756315277
"8920",2018,154,0.174580750479382
"8921",2018,155,0.193318937854504
"8922",2018,156,0.202002381525911
"8923",2018,157,0.199638312631796
"8924",2018,158,0.207485268500287
"8925",2018,159,0.206631386388894
"8926",2018,160,0.212160449311032
"8927",2018,161,0.21372853238949
"8928",2018,162,0.202653264147941
"8929",2018,163,0.197624919130127
"8930",2018,164,0.219812229615673
"8931",2018,165,0.226482609279027
"8932",2018,166,0.227580577791144
"8933",2018,167,0.407004784121029
"8934",2018,168,0.359783654160851
"8935",2018,169,0.370872831413351
"8936",2018,170,0.35932740741052
"8937",2018,171,0.32798421672176
"8938",2018,172,0.341986437075054
"8939",2018,173,0.38887937585282
"8940",2018,174,0.332543693538646
"8941",2018,175,0.35144193827372
"8942",2018,176,0.209148548383498
"8943",2018,177,0.225106487535035
"8944",2018,178,0.223886115274423
"8945",2018,179,0.217860503879722
"8946",2018,180,0.16725869164592
"8947",2018,181,0.355129242326549
"8948",2018,182,0.300214537981266
"8949",2018,183,0.229572066651932
"8950",2018,184,0.0977883935562715
"8951",2018,185,0.280377330503375
"8952",2018,186,0.0731082810439922
"8953",2018,187,0.0669947778702349
"8954",2018,188,0.051070518616466
"8955",2018,189,0.0412614789570558
"8956",2018,190,0.0385722125871143
"8957",2018,191,0.0371232475574988
"8958",2018,192,0.0357283804300585
"8959",2018,193,0.388008818992445
"8960",2018,194,0.354035853821025
"8961",2018,195,0.336874195973805
"8962",2018,196,0.294172071038258
"8963",2018,197,0.204126089226925
"8964",2018,198,0.169704255747858
"8965",2018,199,0.0295314138398366
"8966",2018,200,0.0290065962454674
"8967",2018,201,0.0280147896338683
"8968",2018,202,0.020649117959647
"8969",2018,203,0.0159594713542654
"8970",2018,204,0.227238708255304
"8971",2018,205,0.0706585124991503
"8972",2018,206,0.335256036948571
"8973",2018,207,0.322469168218038
"8974",2018,208,0.21673353970189
"8975",2018,209,0.2108334279923
"8976",2018,210,0.235372371778944
"8977",2018,211,0.0844767744836258
"8978",2018,212,0.0107220510585385
"8979",2018,213,0.00952602468217211
"8980",2018,214,0.00939460260905825
"8981",2018,215,0.0250414637951969
"8982",2018,216,0.00908550807458857
"8983",2018,217,0.0548070496262421
"8984",2018,218,0.17415167692933
"8985",2018,219,0.00874919867410761
"8986",2018,220,0.00658553251386851
"8987",2018,221,0.00650393915955058
"8988",2018,222,0.00626310645025089
"8989",2018,223,0.00601002156042797
"8990",2018,224,0.00576847308218962
"8991",2018,225,0.0056520726652967
"8992",2018,226,0.129988143803865
"8993",2018,227,0.00465198079568649
"8994",2018,228,0.004319589630159
"8995",2018,229,0.00419758260384729
"8996",2018,230,0.23876882901568
"8997",2018,231,0.132734328801523
"8998",2018,232,0.157004083071007
"8999",2018,233,0.143153277549924
"9000",2018,234,0.0055048964730626
"9001",2018,235,0.00499688408197081
"9002",2018,236,0.00448797113013216
"9003",2018,237,0.00250385553999261
"9004",2018,238,0.000609748820590371
"9005",2018,239,0.000603736565263776
"9006",2018,240,0.000621483939843554
"9007",2018,241,0.000594084496346916
"9008",2018,242,0.000560877719872855
"9009",2018,243,0.000540204977035063
"9010",2018,244,0.000540105065596277
"9011",2018,245,0.000529464953879359
"9012",2018,246,0.000511918322460819
"9013",2018,247,0.000497570670695389
"9014",2018,248,0.000480456409097671
"9015",2018,249,0.000465197253979075
"9016",2018,250,0.000452486214071785
"9017",2018,251,0.000438883121428872
"9018",2018,252,0.000424882444423544
"9019",2018,253,0.000411887518081192
"9020",2018,254,0.162861222827744
"9021",2018,255,0.0300268970467742
"9022",2018,256,0.00671753921496227
"9023",2018,257,0.00539975568331501
"9024",2018,258,0.00469049865731616
"9025",2018,259,0.00421310589530469
"9026",2018,260,0.00247785712102421
"9027",2018,261,0.000315727709059379
"9028",2018,262,0.143320627191156
"9029",2018,263,0.00822461406885515
"9030",2018,264,0.00551857312019405
"9031",2018,265,0.00490012963483344
"9032",2018,266,0.00436053014149135
"9033",2018,267,0.0036559766719931
"9034",2018,268,0.00278217287603894
"9035",2018,269,0.00206785079293256
"9036",2018,270,0.000184501704817144
"9037",2018,271,0.0819291758156676
"9038",2018,272,0.0442753248852555
"9039",2018,273,0.0388640182816956
"9040",2018,274,0.0062589809354088
"9041",2018,275,0.00522349866836609
"9042",2018,276,0.00426432956043866
"9043",2018,277,0.11112382282663
"9044",2018,278,0.114463201375327
"9045",2018,279,0.100159968146646
"9046",2018,280,0.101890892411963
"9047",2018,281,0.0955161499994444
"9048",2018,282,0.0622427107335076
"9049",2018,283,0.0578023223472057
"9050",2018,284,0.0609605472810847
"9051",2018,285,0.0652364946379669
"9052",2018,286,0.100015302485433
"9053",2018,287,0.0429406426033743
"9054",2018,288,0.0464679740377562
"9055",2018,289,0.0616020455860956
"9056",2018,290,0.062807650433279
"9057",2018,291,0.0647098123333766
"9058",2018,292,0.0647903006967442
"9059",2018,293,0.0628499574020465
"9060",2018,294,0.0650269540964044
"9061",2018,295,0.0602315189458998
"9062",2018,296,0.050747967574763
"9063",2018,297,0.0117150267097648
"9064",2018,298,0.00708926073306814
"9065",2018,299,0.00583730694748236
"9066",2018,300,0.00526812499389304
"9067",2018,301,0.00356345216354388
"9068",2018,302,0.0034214688514654
"9069",2018,303,0.00234861151109129
"9070",2018,304,0.00205193256903769
"9071",2018,305,0.00188488998563013
"9072",2018,306,0.00176896790553355
"9073",2018,307,0.00143779724300962
"9074",2018,308,0.0012340076487852
"9075",2018,309,0.00124727333313822
"9076",2018,310,0.0010022304315625
"9077",2018,311,0.000150400390102197
"9078",2018,312,0.00014345109752283
"9079",2018,313,0.000131996606280385
"9080",2018,314,0.0572957774028647
"9081",2018,315,0.0288541101276395
"9082",2018,316,0.0272753690003389
"9083",2018,317,0.0270433641871242
"9084",2018,318,0.0314859811232898
"9085",2018,319,0.0307584866217424
"9086",2018,320,0.0578610632162451
"9087",2018,321,0.0279433758755569
"9088",2018,322,0.025988505333214
"9089",2018,323,0.0343772299028574
"9090",2018,324,0.025643222278012
"9091",2018,325,0.0281863073329159
"9092",2018,326,0.0271168334445225
"9093",2018,327,0.0262798624982343
"9094",2018,328,0.0434859919871256
"9095",2018,329,0.0252465506681915
"9096",2018,330,0.0180497073006332
"9097",2018,331,0.0234019334321159
"9098",2018,332,0.026298027691608
"9099",2018,333,0.0224619530762386
"9100",2018,334,0.0261818009423609
"9101",2018,335,0.0261170908027939
"9102",2018,336,0.0214973765094944
"9103",2018,337,0.0199074354132708
"9104",2018,338,0.0191190243309634
"9105",2018,339,0.0204273034019458
"9106",2018,340,0.0157857844423839
"9107",2018,341,0.018776941734866
"9108",2018,342,0.0224170031881966
"9109",2018,343,0.0220452927775989
"9110",2018,344,0.0262844145677194
"9111",2018,345,0.0284580473695028
"9112",2018,346,0.025919250990638
"9113",2018,347,0.0214359425513956
"9114",2018,348,0.0265397287049507
"9115",2018,349,0.0288548875066783
"9116",2018,350,0.0293320740173004
"9117",2018,351,0.0308816651521198
"9118",2018,352,0.000367702443562422
"9119",2018,353,0.0196352716134301
"9120",2018,354,0.0182869715728101
"9121",2018,355,0.0204052763635263
"9122",2018,356,0.00817275878779784
"9123",2018,357,0.00381461951777515
"9124",2018,358,0.00312292660518597
"9125",2018,359,0.00238032381830205
"9126",2018,360,0.00193297117872235
"9127",2018,361,0.00137212077768301
"9128",2018,362,0.00112393106130759
"9129",2018,363,0.00113998122672076
"9130",2018,364,0.00160963976998198
"9131",2018,365,0.014883201491084
"9132",2018,366,0.0354025018342387
"9133",2019,1,0.0107180979288704
"9134",2019,2,0.0173943406810886
"9135",2019,3,0.0277223548919284
"9136",2019,4,0.0139196605346379
"9137",2019,5,0.00210806412836989
"9138",2019,6,0.0018658691402885
"9139",2019,7,0.00158026129956199
"9140",2019,8,0.00122287784076279
"9141",2019,9,0.00121043603131181
"9142",2019,10,0.00160742807757104
"9143",2019,11,0.0479652044726601
"9144",2019,12,0.0204007515281319
"9145",2019,13,0.0135657090167679
"9146",2019,14,0.00446169164637496
"9147",2019,15,0.00367819424232375
"9148",2019,16,0.00310559271938475
"9149",2019,17,0.00286203731700927
"9150",2019,18,0.0023054061304917
"9151",2019,19,0.00189510380765058
"9152",2019,20,0.00215421891708313
"9153",2019,21,0.0374991657193932
"9154",2019,22,0.0281369579779857
"9155",2019,23,0.0298091996063877
"9156",2019,24,0.0277532409343681
"9157",2019,25,0.0313440825041934
"9158",2019,26,0.036482413066995
"9159",2019,27,0.0430209591278957
"9160",2019,28,0.00153514394877423
"9161",2019,29,0.00131639863661371
"9162",2019,30,0.00150674898130299
"9163",2019,31,0.00191289755788301
"9164",2019,32,0.0020240232581946
"9165",2019,33,0.00198300366387266
"9166",2019,34,0.00207563334405825
"9167",2019,35,0.00148738746507792
"9168",2019,36,0.00138162710730266
"9169",2019,37,0.0305561109411082
"9170",2019,38,0.0183960835463577
"9171",2019,39,0.0291741074189881
"9172",2019,40,0.0179005771419274
"9173",2019,41,0.00114190661507835
"9174",2019,42,0.00124151438208681
"9175",2019,43,0.00164778521308222
"9176",2019,44,0.000820020338622626
"9177",2019,45,0.00024422795304592
"9178",2019,46,0.000225834041347873
"9179",2019,47,0.000191786971126252
"9180",2019,48,0.000149003616989888
"9181",2019,49,0.000117045621924012
"9182",2019,50,0.000128211170734658
"9183",2019,51,0.000157410334040047
"9184",2019,52,0.000162762688730727
"9185",2019,53,0.000171257009802497
"9186",2019,54,0.000214400368561223
"9187",2019,55,0.000233300509337538
"9188",2019,56,0.000237140008634557
"9189",2019,57,0.000260158157794291
"9190",2019,58,0.000212928936143942
"9191",2019,59,0.000267447240203046
"9192",2019,60,0.0845733930629188
"9193",2019,61,0.0479807237049523
"9194",2019,62,0.0250443097576679
"9195",2019,63,0.0297398293705369
"9196",2019,64,0.0449406917268485
"9197",2019,65,0.0715639282183387
"9198",2019,66,0.0828305670262108
"9199",2019,67,0.107459525608796
"9200",2019,68,0.0929809478665513
"9201",2019,69,0.0627527024089378
"9202",2019,70,0.0705169655890594
"9203",2019,71,0.109431559269044
"9204",2019,72,0.0916238159374267
"9205",2019,73,0.0789548897125965
"9206",2019,74,0.0833615961190354
"9207",2019,75,0.0953390803965083
"9208",2019,76,0.1051818077039
"9209",2019,77,0.109375480315189
"9210",2019,78,0.107532295538237
"9211",2019,79,0.121284781856436
"9212",2019,80,0.129718776287865
"9213",2019,81,0.133459345444974
"9214",2019,82,0.120586914711153
"9215",2019,83,0.0984619550649679
"9216",2019,84,0.103000826321334
"9217",2019,85,0.112361382435054
"9218",2019,86,0.122888569384353
"9219",2019,87,0.121790467409028
"9220",2019,88,0.120588437751959
"9221",2019,89,0.0898348608193992
"9222",2019,90,0.097869617781572
"9223",2019,91,0.134850448002703
"9224",2019,92,0.11373660742329
"9225",2019,93,0.126454263785229
"9226",2019,94,0.131873611288442
"9227",2019,95,0.143208555845192
"9228",2019,96,0.142715798682342
"9229",2019,97,0.0925662634699802
"9230",2019,98,0.0420484578896909
"9231",2019,99,0.0412966267665294
"9232",2019,100,0.138417846103012
"9233",2019,101,0.0960676826292149
"9234",2019,102,0.104351297973237
"9235",2019,103,0.145020229764854
"9236",2019,104,0.14017054266441
"9237",2019,105,0.159923112690815
"9238",2019,106,0.151751547827501
"9239",2019,107,0.132234640236695
"9240",2019,108,0.0442548280833038
"9241",2019,109,0.0503367803736503
"9242",2019,110,0.0559124611068534
"9243",2019,111,0.208495734730415
"9244",2019,112,0.154068466966711
"9245",2019,113,0.176247393305457
"9246",2019,114,0.0644876766885067
"9247",2019,115,0.0603124091900349
"9248",2019,116,0.199244582920102
"9249",2019,117,0.0622745944182021
"9250",2019,118,0.207254738007517
"9251",2019,119,0.0972976121021786
"9252",2019,120,0.139179651678283
"9253",2019,121,0.159999566427233
"9254",2019,122,0.175768040399382
"9255",2019,123,0.194010697091886
"9256",2019,124,0.206260677914614
"9257",2019,125,0.215769811346268
"9258",2019,126,0.123429036127523
"9259",2019,127,0.190423980469224
"9260",2019,128,0.202285727264663
"9261",2019,129,0.19854681118187
"9262",2019,130,0.192832459029673
"9263",2019,131,0.200088220071174
"9264",2019,132,0.17714246454335
"9265",2019,133,0.106727197854995
"9266",2019,134,0.112990771988042
"9267",2019,135,0.114569892761208
"9268",2019,136,0.118854481682679
"9269",2019,137,0.282116703754418
"9270",2019,138,0.224000908900907
"9271",2019,139,0.236309173122743
"9272",2019,140,0.21698241261215
"9273",2019,141,0.178957511253421
"9274",2019,142,0.203134927403458
"9275",2019,143,0.211538263594391
"9276",2019,144,0.249553089165843
"9277",2019,145,0.292120378637335
"9278",2019,146,0.318010887865118
"9279",2019,147,0.294043934130737
"9280",2019,148,0.268826438789375
"9281",2019,149,0.247487790404141
"9282",2019,150,0.261712629595148
"9283",2019,151,0.318335634358642
"9284",2019,152,0.290444103582351
"9285",2019,153,0.338460893845875
"9286",2019,154,0.344986150534996
"9287",2019,155,0.314061733154651
"9288",2019,156,0.345947113475254
"9289",2019,157,0.32179616170147
"9290",2019,158,0.336036178327523
"9291",2019,159,0.345583455610273
"9292",2019,160,0.287067020317531
"9293",2019,161,0.294464600289764
"9294",2019,162,0.325722137688908
"9295",2019,163,0.185676084842515
"9296",2019,164,0.202205026936996
"9297",2019,165,0.383984163281546
"9298",2019,166,0.373166618187582
"9299",2019,167,0.336542175975838
"9300",2019,168,0.367447053301048
"9301",2019,169,0.351243319646499
"9302",2019,170,0.34136443668848
"9303",2019,171,0.373166152041103
"9304",2019,172,0.329261949076929
"9305",2019,173,0.326684852825745
"9306",2019,174,0.326053901318327
"9307",2019,175,0.328651876605354
"9308",2019,176,0.344297975874778
"9309",2019,177,0.350151627873163
"9310",2019,178,0.35461482560921
"9311",2019,179,0.241268068352771
"9312",2019,180,0.42338937482176
"9313",2019,181,0.371286335147398
"9314",2019,182,0.393873067846938
"9315",2019,183,0.389301440395005
"9316",2019,184,0.361531177099951
"9317",2019,185,0.386703159463262
"9318",2019,186,0.377701307070171
"9319",2019,187,0.33891741635036
"9320",2019,188,0.349976838470006
"9321",2019,189,0.385484378393775
"9322",2019,190,0.348435453517185
"9323",2019,191,0.210908006923292
"9324",2019,192,0.210482732663545
"9325",2019,193,0.203518042794114
"9326",2019,194,0.196186919898501
"9327",2019,195,0.151332371607325
"9328",2019,196,0.140691589565289
"9329",2019,197,0.141764311174416
"9330",2019,198,0.19394629738013
"9331",2019,199,0.192267034571488
"9332",2019,200,0.192254680171895
"9333",2019,201,0.354062188322287
"9334",2019,202,0.136663769358227
"9335",2019,203,0.114981746503128
"9336",2019,204,0.100622170632824
"9337",2019,205,0.0853258503207832
"9338",2019,206,0.0735418875109785
"9339",2019,207,0.066306037741204
"9340",2019,208,0.0637103063448466
"9341",2019,209,0.0413189291041409
"9342",2019,210,0.0364997407622457
"9343",2019,211,0.0356949683680593
"9344",2019,212,0.207023267716407
"9345",2019,213,0.0824200511335889
"9346",2019,214,0.0390128250260105
"9347",2019,215,0.0351215377200012
"9348",2019,216,0.0332015166492375
"9349",2019,217,0.0311243465851405
"9350",2019,218,0.0255233256044927
"9351",2019,219,0.0144610054859237
"9352",2019,220,0.0116888296050202
"9353",2019,221,0.0118155760596563
"9354",2019,222,0.0109552018530482
"9355",2019,223,0.00956574291722385
"9356",2019,224,0.00940356819950677
"9357",2019,225,0.364419107347172
"9358",2019,226,0.340355218789389
"9359",2019,227,0.34775027087956
"9360",2019,228,0.306230356207127
"9361",2019,229,0.16851701175155
"9362",2019,230,0.129099664197085
"9363",2019,231,0.0383731704363473
"9364",2019,232,0.360765291215612
"9365",2019,233,0.307329651623325
"9366",2019,234,0.232851329864822
"9367",2019,235,0.299958875394518
"9368",2019,236,0.199898387234376
"9369",2019,237,0.0833093372716176
"9370",2019,238,0.0086094086830293
"9371",2019,239,0.0081994121767365
"9372",2019,240,0.00827176910946984
"9373",2019,241,0.00799510398637025
"9374",2019,242,0.2407485387495
"9375",2019,243,0.300875039404723
"9376",2019,244,0.283728193977379
"9377",2019,245,0.284034549168674
"9378",2019,246,0.237109425885401
"9379",2019,247,0.0908325600044835
"9380",2019,248,0.0429450254474556
"9381",2019,249,0.00873984518326051
"9382",2019,250,0.00655089118772444
"9383",2019,251,0.233526642103253
"9384",2019,252,0.196812171725317
"9385",2019,253,0.161466283749195
"9386",2019,254,0.213112704664715
"9387",2019,255,0.146459935145893
"9388",2019,256,0.117535421524062
"9389",2019,257,0.0175150569254412
"9390",2019,258,0.0117391180079293
"9391",2019,259,0.0100234826968744
"9392",2019,260,0.00873090506878893
"9393",2019,261,0.00723285043866507
"9394",2019,262,0.00552008846509352
"9395",2019,263,0.00383060359698824
"9396",2019,264,0.0413834231036095
"9397",2019,265,0.00828077865949076
"9398",2019,266,0.00700475345780982
"9399",2019,267,0.00545543954677202
"9400",2019,268,0.00461948166815346
"9401",2019,269,0.00406453271255286
"9402",2019,270,0.126330474742377
"9403",2019,271,0.0786159708359092
"9404",2019,272,0.0035251021226203
"9405",2019,273,0.132451939687984
"9406",2019,274,0.125428390991036
"9407",2019,275,0.0923448589808438
"9408",2019,276,0.0850058316019323
"9409",2019,277,0.0838339261092007
"9410",2019,278,0.0742228495685733
"9411",2019,279,0.0258439061707926
"9412",2019,280,0.00503280622353365
"9413",2019,281,0.00454013161546722
"9414",2019,282,0.101307254000919
"9415",2019,283,0.0358724325851877
"9416",2019,284,0.0152091188318691
"9417",2019,285,0.00585091495414717
"9418",2019,286,0.00500248253815667
"9419",2019,287,0.00428445586904206
"9420",2019,288,0.00314384052263237
"9421",2019,289,0.00326671691035189
"9422",2019,290,0.00308347466631529
"9423",2019,291,0.00248362549976034
"9424",2019,292,0.00217799686326834
"9425",2019,293,0.00184088303467404
"9426",2019,294,0.00171795865851747
"9427",2019,295,0.00175402861501955
"9428",2019,296,0.000542630307867631
"9429",2019,297,0.000248512615123641
"9430",2019,298,0.000293152795204329
"9431",2019,299,0.000308136173005462
"9432",2019,300,0.0377870575125812
"9433",2019,301,0.0342121318314763
"9434",2019,302,0.0281096485368301
"9435",2019,303,0.027726926494057
"9436",2019,304,0.0380491597415513
"9437",2019,305,0.0385420191199082
"9438",2019,306,0.0459403376776821
"9439",2019,307,0.0517777270451272
"9440",2019,308,0.0477571410910984
"9441",2019,309,0.00476005722206813
"9442",2019,310,0.00320211723163847
"9443",2019,311,0.0026957239736879
"9444",2019,312,0.00287020553360637
"9445",2019,313,0.00287897505176305
"9446",2019,314,0.0596787217974937
"9447",2019,315,0.0159977716934408
"9448",2019,316,0.0221438923693056
"9449",2019,317,0.0584519519414177
"9450",2019,318,0.0278647552207917
"9451",2019,319,0.031258757797204
"9452",2019,320,0.0284672695232487
"9453",2019,321,0.0140962109717875
"9454",2019,322,0.00486476623383452
"9455",2019,323,0.00334318951586408
"9456",2019,324,0.0537778136849917
"9457",2019,325,0.0263289032111119
"9458",2019,326,0.0205664976593079
"9459",2019,327,0.0257495311501386
"9460",2019,328,0.0268922892881836
"9461",2019,329,0.030778231103523
"9462",2019,330,0.0184471717100534
"9463",2019,331,0.0137381979057198
"9464",2019,332,0.0191826166976419
"9465",2019,333,0.0211162653938252
"9466",2019,334,0.0225165557853939
"9467",2019,335,0.0207287010928342
"9468",2019,336,0.0253295368558388
"9469",2019,337,0.030013751785605
"9470",2019,338,0.0307940386410196
"9471",2019,339,0.0270608878053931
"9472",2019,340,0.0269445745897164
"9473",2019,341,0.0286692922787712
"9474",2019,342,0.0292315578597239
"9475",2019,343,0.0213132097929452
"9476",2019,344,0.021862564620474
"9477",2019,345,0.0239497868392425
"9478",2019,346,0.0273372723018417
"9479",2019,347,0.0254701566127344
"9480",2019,348,0.0184978653709683
"9481",2019,349,0.016029602702774
"9482",2019,350,0.0151412649377977
"9483",2019,351,0.0169683280707779
"9484",2019,352,0.0222029028623711
"9485",2019,353,0.0215916197781393
"9486",2019,354,0.0254000677269435
"9487",2019,355,0.028916423833406
"9488",2019,356,0.0308336908997202
"9489",2019,357,0.0306779264058857
"9490",2019,358,0.0314588513381637
"9491",2019,359,0.0289548123582288
"9492",2019,360,0.0224294954033321
"9493",2019,361,0.0206323191703456
"9494",2019,362,0.0188713322522897
"9495",2019,363,0.0172925195017018
"9496",2019,364,0.0174526771982557
"9497",2019,365,0.0203590539178879
"9498",2020,1,0.0276102785004273
"9499",2020,2,0.0280849149834553
"9500",2020,3,0.0250112181482974
"9501",2020,4,0.0318666976348993
"9502",2020,5,0.0264964752040714
"9503",2020,6,0.0286330575698358
"9504",2020,7,0.0343202917982783
"9505",2020,8,0.0333800293583172
"9506",2020,9,0.0278329875293569
"9507",2020,10,0.0207515531581223
"9508",2020,11,0.0227015538323102
"9509",2020,12,0.0252674152257309
"9510",2020,13,0.0254452607530609
"9511",2020,14,0.0294766689621394
"9512",2020,15,0.0275161320999761
"9513",2020,16,0.0262379647027817
"9514",2020,17,0.0307620479835563
"9515",2020,18,0.0281484034171618
"9516",2020,19,0.0315496096545464
"9517",2020,20,0.0334153532600678
"9518",2020,21,0.0399421192451473
"9519",2020,22,0.042648078901047
"9520",2020,23,0.0387712827141846
"9521",2020,24,0.0425505902525135
"9522",2020,25,0.0462286404422998
"9523",2020,26,0.0488889917007743
"9524",2020,27,0.0440241744907155
"9525",2020,28,0.0455831167730278
"9526",2020,29,0.0414532988101078
"9527",2020,30,0.0393397724514515
"9528",2020,31,0.0458250512153078
"9529",2020,32,0.0613309458828845
"9530",2020,33,0.0668182193707529
"9531",2020,34,0.0358487039928504
"9532",2020,35,0.0233848783976816
"9533",2020,36,0.0253818436579139
"9534",2020,37,0.0381125290164568
"9535",2020,38,0.0436280884852484
"9536",2020,39,0.0499445310393414
"9537",2020,40,0.0419843431072782
"9538",2020,41,0.0404546065404234
"9539",2020,42,0.0387377207008575
"9540",2020,43,0.0455472955090098
"9541",2020,44,0.0410812655727243
"9542",2020,45,0.0570350420733075
"9543",2020,46,0.0563858672412245
"9544",2020,47,0.0671980428469706
"9545",2020,48,0.0614632005065497
"9546",2020,49,0.052005016780665
"9547",2020,50,0.0447489377657092
"9548",2020,51,0.0432578726428134
"9549",2020,52,0.0662728028239809
"9550",2020,53,0.079879789716736
"9551",2020,54,0.0778871186866442
"9552",2020,55,0.0657944547048074
"9553",2020,56,0.0490730556324096
"9554",2020,57,0.0587006404273124
"9555",2020,58,0.0786377294031759
"9556",2020,59,0.0883971059072948
"9557",2020,60,0.0922101218214943
"9558",2020,61,0.0791900607832946
"9559",2020,62,0.0789891507099331
"9560",2020,63,0.0944277116385393
"9561",2020,64,0.100688005313404
"9562",2020,65,0.0744328778601596
"9563",2020,66,0.0792657759174762
"9564",2020,67,0.0858778216966489
"9565",2020,68,0.116490150671626
"9566",2020,69,0.0834296671421889
"9567",2020,70,0.0841877112553626
"9568",2020,71,0.0899013378451544
"9569",2020,72,0.0776881841155117
"9570",2020,73,0.0905891169837072
"9571",2020,74,0.0661124857602595
"9572",2020,75,0.0824315129462357
"9573",2020,76,0.0823120470588379
"9574",2020,77,0.0875779689924723
"9575",2020,78,0.121691758033206
"9576",2020,79,0.0631031113712107
"9577",2020,80,0.07737716825693
"9578",2020,81,0.0761472859447791
"9579",2020,82,0.0938278308865659
"9580",2020,83,0.0980620716872202
"9581",2020,84,0.107317118431875
"9582",2020,85,0.110923849504057
"9583",2020,86,0.104234202074659
"9584",2020,87,0.12323079239202
"9585",2020,88,0.100207834623592
"9586",2020,89,0.103616078205427
"9587",2020,90,0.114223034701271
"9588",2020,91,0.124581218231466
"9589",2020,92,0.121681856853063
"9590",2020,93,0.0747764946584929
"9591",2020,94,0.0525637164635418
"9592",2020,95,0.0273329881339093
"9593",2020,96,0.0314560465350928
"9594",2020,97,0.0343667430620627
"9595",2020,98,0.0340860909615157
"9596",2020,99,0.0309436078895962
"9597",2020,100,0.0279605747746974
"9598",2020,101,0.033098005266747
"9599",2020,102,0.169804377233558
"9600",2020,103,0.0831972486093296
"9601",2020,104,0.0310997022525353
"9602",2020,105,0.0235554879502811
"9603",2020,106,0.149208114037753
"9604",2020,107,0.128247992301826
"9605",2020,108,0.140391697401974
"9606",2020,109,0.135751892824738
"9607",2020,110,0.15105876070663
"9608",2020,111,0.159473559189553
"9609",2020,112,0.164299105751064
"9610",2020,113,0.0861958913747058
"9611",2020,114,0.159574364126357
"9612",2020,115,0.0426331283733383
"9613",2020,116,0.0375619909697763
"9614",2020,117,0.0373234779265184
"9615",2020,118,0.0402564436692384
"9616",2020,119,0.037018887981086
"9617",2020,120,0.0298914840856375
"9618",2020,121,0.0340883395290482
"9619",2020,122,0.127505585432847
"9620",2020,123,0.195058585694686
"9621",2020,124,0.237493311930944
"9622",2020,125,0.170055473609109
"9623",2020,126,0.149829746074967
"9624",2020,127,0.0305904118623692
"9625",2020,128,0.0306356409803572
"9626",2020,129,0.0202397529827584
"9627",2020,130,0.0180054225311175
"9628",2020,131,0.0152874191228576
"9629",2020,132,0.20237540445204
"9630",2020,133,0.18801988836495
"9631",2020,134,0.18278934961624
"9632",2020,135,0.271925656457976
"9633",2020,136,0.27225400402293
"9634",2020,137,0.246997379118867
"9635",2020,138,0.241845479699862
"9636",2020,139,0.243371925578166
"9637",2020,140,0.0782190221769147
"9638",2020,141,0.0197769871644639
"9639",2020,142,0.0122189061052147
"9640",2020,143,0.0124774369135051
"9641",2020,144,0.0124350699198997
"9642",2020,145,0.269193798451672
"9643",2020,146,0.244891235672065
"9644",2020,147,0.260107902937301
"9645",2020,148,0.245879242341218
"9646",2020,149,0.0249950599084048
"9647",2020,150,0.0146079856314279
"9648",2020,151,0.0136674724840311
"9649",2020,152,0.0111210247664904
"9650",2020,153,0.00944073550626192
"9651",2020,154,0.00887873804393548
"9652",2020,155,0.187573263537395
"9653",2020,156,0.00782718243688313
"9654",2020,157,0.0078882274400538
"9655",2020,158,0.284152364391573
"9656",2020,159,0.145501255394057
"9657",2020,160,0.330381464877559
"9658",2020,161,0.274304325690072
"9659",2020,162,0.280894029320123
"9660",2020,163,0.114591149786512
"9661",2020,164,0.00981062205672197
"9662",2020,165,0.00974578401572525
"9663",2020,166,0.00971502736759826
"9664",2020,167,0.00923659165307104
"9665",2020,168,0.00918821592880547
"9666",2020,169,0.00790482535936422
"9667",2020,170,0.254672153582512
"9668",2020,171,0.226925890194181
"9669",2020,172,0.0960997753187968
"9670",2020,173,0.209933855847525
"9671",2020,174,0.014944508960071
"9672",2020,175,0.012439050580234
"9673",2020,176,0.0108476466280233
"9674",2020,177,0.00998231269394979
"9675",2020,178,0.370836511556236
"9676",2020,179,0.353334789552264
"9677",2020,180,0.322677178239176
"9678",2020,181,0.0687101818462537
"9679",2020,182,0.019608094997886
"9680",2020,183,0.0146331892173941
"9681",2020,184,0.0146579600402171
"9682",2020,185,0.0123658792379937
"9683",2020,186,0.00873864409734858
"9684",2020,187,0.00809504263414732
"9685",2020,188,0.0075678207347545
"9686",2020,189,0.00766756744855203
"9687",2020,190,0.0073331759387774
"9688",2020,191,0.00705778917707255
"9689",2020,192,0.00726852728512875
"9690",2020,193,0.00596752516703368
"9691",2020,194,0.00534607985177106
"9692",2020,195,0.139272479885546
"9693",2020,196,0.00422866889359945
"9694",2020,197,0.00345351908396094
"9695",2020,198,0.0036351658436506
"9696",2020,199,0.00365809801908248
"9697",2020,200,0.242528532661625
"9698",2020,201,0.0237134553483326
"9699",2020,202,0.38175722317849
"9700",2020,203,0.347994353853623
"9701",2020,204,0.353490595539184
"9702",2020,205,0.319056277870962
"9703",2020,206,0.162173449227986
"9704",2020,207,0.0952515861828501
"9705",2020,208,0.0211430143689928
"9706",2020,209,0.0080971151702784
"9707",2020,210,0.159949633132598
"9708",2020,211,0.0066550630919387
"9709",2020,212,0.00611151875105892
"9710",2020,213,0.00620006254875304
"9711",2020,214,0.00609648877296852
"9712",2020,215,0.00591978983272465
"9713",2020,216,0.00572534820490707
"9714",2020,217,0.377262134440655
"9715",2020,218,0.384158569964968
"9716",2020,219,0.350299681896416
"9717",2020,220,0.292919962828494
"9718",2020,221,0.0281812300405463
"9719",2020,222,0.00902054331532487
"9720",2020,223,0.0066556705531371
"9721",2020,224,0.00673870218770295
"9722",2020,225,0.00651312866011243
"9723",2020,226,0.00643180679629315
"9724",2020,227,0.00607340049824213
"9725",2020,228,0.0053347133625829
"9726",2020,229,0.00513494876253998
"9727",2020,230,0.00494992934635394
"9728",2020,231,0.00487203253764552
"9729",2020,232,0.00447525510587112
"9730",2020,233,0.00433960097329937
"9731",2020,234,0.00418197783822126
"9732",2020,235,0.00403020838007147
"9733",2020,236,0.00392787823404921
"9734",2020,237,0.00379042127882291
"9735",2020,238,0.00348363985076833
"9736",2020,239,0.00287809962513552
"9737",2020,240,0.00282154719506077
"9738",2020,241,0.00272570137796709
"9739",2020,242,0.139470028204339
"9740",2020,243,0.00254576682510652
"9741",2020,244,0.00234444349146932
"9742",2020,245,0.00233754289721875
"9743",2020,246,0.00230029333652024
"9744",2020,247,0.00221066014576081
"9745",2020,248,0.00201558748125588
"9746",2020,249,0.00175516609472912
"9747",2020,250,0.00171687523871198
"9748",2020,251,0.159342104929551
"9749",2020,252,0.157357345986552
"9750",2020,253,0.119529372468925
"9751",2020,254,0.126702208054131
"9752",2020,255,0.123486774750861
"9753",2020,256,0.115254644856678
"9754",2020,257,0.0203895877557114
"9755",2020,258,0.00813879631268184
"9756",2020,259,0.00665439839532498
"9757",2020,260,0.00529628204974911
"9758",2020,261,0.00479341858121897
"9759",2020,262,0.00396573636121546
"9760",2020,263,0.00116074853791103
"9761",2020,264,0.00107915022137596
"9762",2020,265,0.00103499861776917
"9763",2020,266,0.00101562494495112
"9764",2020,267,0.00099510269905604
"9765",2020,268,0.000833401055302753
"9766",2020,269,0.000758337389708384
"9767",2020,270,0.000722535975568301
"9768",2020,271,0.000549419571529535
"9769",2020,272,0.000524954337906245
"9770",2020,273,0.00060748495340168
"9771",2020,274,0.000558204061149991
"9772",2020,275,0.000493865601671528
"9773",2020,276,0.000527814169345128
"9774",2020,277,0.000480544960374137
"9775",2020,278,0.000494852191234227
"9776",2020,279,0.000496332178291136
"9777",2020,280,0.000478194396661992
"9778",2020,281,0.00047899267053517
"9779",2020,282,0.000445303477332553
"9780",2020,283,0.000435361425001956
"9781",2020,284,0.000406356292155401
"9782",2020,285,0.000363033722582062
"9783",2020,286,0.000341052565595921
"9784",2020,287,0.000335208777854288
"9785",2020,288,0.000315401135770657
"9786",2020,289,0.000241077784371697
"9787",2020,290,0.000249923289371037
"9788",2020,291,0.000274615613576259
"9789",2020,292,0.000204253270832317
"9790",2020,293,0.000244457486036723
"9791",2020,294,0.000250855725916956
"9792",2020,295,0.000236792107048328
"9793",2020,296,0.000174327138668568
"9794",2020,297,0.000141121136939968
"9795",2020,298,0.0535654988577447
"9796",2020,299,0.0288941359743582
"9797",2020,300,0.0244873666243213
"9798",2020,301,0.0321987603059251
"9799",2020,302,0.0471265179017536
"9800",2020,303,0.0551854817654119
"9801",2020,304,0.0626884957288181
"9802",2020,305,0.0599834593555315
"9803",2020,306,0.0436220680981173
"9804",2020,307,0.0477647621771035
"9805",2020,308,0.0496461465634794
"9806",2020,309,0.050351182976529
"9807",2020,310,0.0475503969982978
"9808",2020,311,0.0449844577158685
"9809",2020,312,0.0431998064836279
"9810",2020,313,0.0379694890083996
"9811",2020,314,0.0368181251379011
"9812",2020,315,0.0331073595357294
"9813",2020,316,0.0275070102538187
"9814",2020,317,0.0246794928176514
"9815",2020,318,0.0277745980520366
"9816",2020,319,0.0272990869285493
"9817",2020,320,0.0278755066984914
"9818",2020,321,0.0335926713313933
"9819",2020,322,0.0338583352486945
"9820",2020,323,0.0345533036777106
"9821",2020,324,0.0324139749762271
"9822",2020,325,0.0267641212558386
"9823",2020,326,0.0243867948527982
"9824",2020,327,0.0193846374452079
"9825",2020,328,0.0542696534630545
"9826",2020,329,0.0230483113142502
"9827",2020,330,0.0228770488772123
"9828",2020,331,0.0197153240944299
"9829",2020,332,0.0188355752582865
"9830",2020,333,0.0239696205340388
"9831",2020,334,0.0180818133448083
"9832",2020,335,0.0214853640204565
"9833",2020,336,0.0186324219482177
"9834",2020,337,0.015257925186866
"9835",2020,338,0.0178847822644729
"9836",2020,339,0.0242020940070677
"9837",2020,340,0.0226370908262109
"9838",2020,341,0.0234605403567496
"9839",2020,342,0.0239519392115228
"9840",2020,343,0.0245094984024514
"9841",2020,344,0.0251088655270377
"9842",2020,345,0.0360330491265419
"9843",2020,346,0.0271492843590741
"9844",2020,347,0.0151227554354404
"9845",2020,348,0.0138673298118862
"9846",2020,349,0.0166016412318263
"9847",2020,350,0.0176879785119861
"9848",2020,351,0.0192607666257308
"9849",2020,352,0.0205605188184299
"9850",2020,353,0.0205676498497192
"9851",2020,354,0.0211455707416838
"9852",2020,355,0.0266164004143413
"9853",2020,356,0.031769008469686
"9854",2020,357,0.0309537387343993
"9855",2020,358,0.0185057703416271
"9856",2020,359,0.0232879502861758
"9857",2020,360,0.0301747832240677
"9858",2020,361,0.0320808196025447
"9859",2020,362,0.00734779700196866
"9860",2020,363,0.0194485631102714
"9861",2020,364,0.0186384961030691
"9862",2020,365,0.0162618488111347
"9863",2021,1,0.022904788682508
"9864",2021,2,0.0226186589714686
"9865",2021,3,0.025593804218366
"9866",2021,4,0.029580569514014
"9867",2021,5,0.0295836697690166
"9868",2021,6,0.0256506733302706
"9869",2021,7,0.0259342386148198
"9870",2021,8,0.0263711039700566
"9871",2021,9,0.0233935438677797
"9872",2021,10,0.022157889543776
"9873",2021,11,0.0247215947436869
"9874",2021,12,0.031688771345534
"9875",2021,13,0.0363163229373138
"9876",2021,14,0.0281764985942285
"9877",2021,15,0.033158928467825
"9878",2021,16,0.0338319660330075
"9879",2021,17,0.0340920790800573
"9880",2021,18,0.0321109457133617
"9881",2021,19,0.0283567746915113
"9882",2021,20,0.0376714835564595
"9883",2021,21,0.0380439821560811
"9884",2021,22,0.0325098082745873
"9885",2021,23,0.0248641345283158
"9886",2021,24,0.0216767112850719
"9887",2021,25,0.0218155707905746
"9888",2021,26,0.0245347994036455
"9889",2021,27,0.0265337798590114
"9890",2021,28,0.0380515724602144
"9891",2021,29,0.0440690900923172
"9892",2021,30,0.0365517856835834
"9893",2021,31,0.031433219598807
"9894",2021,32,0.0053503323172059
"9895",2021,33,0.0046476865581236
"9896",2021,34,0.00368545843527354
"9897",2021,35,0.0023196344675159
"9898",2021,36,0.00235541718109174
"9899",2021,37,0.00205673221222543
"9900",2021,38,0.00210426032163339
"9901",2021,39,0.00141629637999008
"9902",2021,40,0.00152658162794356
"9903",2021,41,0.00126304330488466
"9904",2021,42,0.00109795025499303
"9905",2021,43,0.0206388544563345
"9906",2021,44,0.0194291401174022
"9907",2021,45,0.01630734639346
"9908",2021,46,0.0229802098250789
"9909",2021,47,0.0436849735988811
"9910",2021,48,0.0464168768451652
"9911",2021,49,0.0433525712780449
"9912",2021,50,0.0495882087952618
"9913",2021,51,0.0612922668736006
"9914",2021,52,0.0652803655287702
"9915",2021,53,0.0845309174157934
"9916",2021,54,0.0834503839632477
"9917",2021,55,0.065914974747268
"9918",2021,56,0.0602696922058635
"9919",2021,57,0.0683441356046114
"9920",2021,58,0.0688344360340705
"9921",2021,59,0.0642080134598768
"9922",2021,60,0.0763137895982414
"9923",2021,61,0.0223118397073866
"9924",2021,62,0.00800748236612807
"9925",2021,63,0.023231010934608
"9926",2021,64,0.00857131620379859
"9927",2021,65,0.00793716378031524
"9928",2021,66,0.00777877065638929
"9929",2021,67,0.00820063335023109
"9930",2021,68,0.111664717203284
"9931",2021,69,0.0649553678154568
"9932",2021,70,0.0633188635346791
"9933",2021,71,0.0663590211130297
"9934",2021,72,0.0879034309071923
"9935",2021,73,0.0800343513407858
"9936",2021,74,0.0682145539504338
"9937",2021,75,0.0764273301255559
"9938",2021,76,0.0857955648411991
"9939",2021,77,0.0844584552976289
"9940",2021,78,0.101786591537449
"9941",2021,79,0.115605609099639
"9942",2021,80,0.107491726768746
"9943",2021,81,0.103613652835822
"9944",2021,82,0.102022432625213
"9945",2021,83,0.101159137211801
"9946",2021,84,0.110059316126567
"9947",2021,85,0.115199973039551
"9948",2021,86,0.122867903413134
"9949",2021,87,0.146629938055822
"9950",2021,88,0.12055202866866
"9951",2021,89,0.091489084282502
"9952",2021,90,0.0964620177104008
"9953",2021,91,0.116248065237667
"9954",2021,92,0.135193049040628
"9955",2021,93,0.143536480572367
"9956",2021,94,0.14985001019436
"9957",2021,95,0.147035765741667
"9958",2021,96,0.155768259059902
"9959",2021,97,0.130551507594842
"9960",2021,98,0.0485221477436764
"9961",2021,99,0.0349503862670876
"9962",2021,100,0.036957103082281
"9963",2021,101,0.0351337410446114
"9964",2021,102,0.029814748454527
"9965",2021,103,0.0305246560556496
"9966",2021,104,0.0303664821194614
"9967",2021,105,0.152227728329401
"9968",2021,106,0.111351505939411
"9969",2021,107,0.125403987267229
"9970",2021,108,0.144519521341547
"9971",2021,109,0.116074166213752
"9972",2021,110,0.0966199704176638
"9973",2021,111,0.151722683672091
"9974",2021,112,0.146067760097955
"9975",2021,113,0.182616296045906
"9976",2021,114,0.157137216698385
"9977",2021,115,0.0676620842291588
"9978",2021,116,0.0713734894721023
"9979",2021,117,0.211376079128406
"9980",2021,118,0.185312490358645
"9981",2021,119,0.197593072919079
"9982",2021,120,0.218286243039125
"9983",2021,121,0.235874719355235
"9984",2021,122,0.241847288090609
"9985",2021,123,0.200048221567101
"9986",2021,124,0.213323951910432
"9987",2021,125,0.19538123425177
"9988",2021,126,0.205605072465287
"9989",2021,127,0.23582375650574
"9990",2021,128,0.228291384489957
"9991",2021,129,0.221985984783956
"9992",2021,130,0.200734616585213
"9993",2021,131,0.20103652693095
"9994",2021,132,0.21107068797396
"9995",2021,133,0.234113304257615
"9996",2021,134,0.271495062761569
"9997",2021,135,0.270193935520817
"9998",2021,136,0.23725954649754
"9999",2021,137,0.274816153808473
"10000",2021,138,0.245047062465857
"10001",2021,139,0.260381322947619
"10002",2021,140,0.275426878081671
"10003",2021,141,0.270936003214939
"10004",2021,142,0.28132327169491
"10005",2021,143,0.306497766312427
"10006",2021,144,0.261180533578483
"10007",2021,145,0.274091976005179
"10008",2021,146,0.288165122861829
"10009",2021,147,0.277169221728649
"10010",2021,148,0.288288504555697
"10011",2021,149,0.308094874173603
"10012",2021,150,0.288853412305151
"10013",2021,151,0.266661799661454
"10014",2021,152,0.314098140700509
"10015",2021,153,0.297686094440659
"10016",2021,154,0.320249701176087
"10017",2021,155,0.334050010481908
"10018",2021,156,0.214213139554134
"10019",2021,157,0.375335893995673
"10020",2021,158,0.385660799032828
"10021",2021,159,0.348687274547059
"10022",2021,160,0.351390474569803
"10023",2021,161,0.366863435844099
"10024",2021,162,0.30321791518641
"10025",2021,163,0.204229548003941
"10026",2021,164,0.228221063644616
"10027",2021,165,0.235418767195249
"10028",2021,166,0.241984488548291
"10029",2021,167,0.24382315142318
"10030",2021,168,0.239000125094197
"10031",2021,169,0.222102736508051
"10032",2021,170,0.39957180169425
"10033",2021,171,0.353756196323133
"10034",2021,172,0.169668989415546
"10035",2021,173,0.158709510736512
"10036",2021,174,0.123758488699136
"10037",2021,175,0.40672870576806
"10038",2021,176,0.371294780088599
"10039",2021,177,0.330279779378923
"10040",2021,178,0.322888051283768
"10041",2021,179,0.344028258535074
"10042",2021,180,0.183144349823764
"10043",2021,181,0.382806066272595
"10044",2021,182,0.383642086762376
"10045",2021,183,0.352877730706559
"10046",2021,184,0.402232621537962
"10047",2021,185,0.370816163242058
"10048",2021,186,0.359928410457514
"10049",2021,187,0.357825924625853
"10050",2021,188,0.356562611267938
"10051",2021,189,0.391204904519869
"10052",2021,190,0.217423432267156
"10053",2021,191,0.197262012267292
"10054",2021,192,0.191063662498653
"10055",2021,193,0.195267867141632
"10056",2021,194,0.195522758402343
"10057",2021,195,0.324269706979004
"10058",2021,196,0.289441437565729
"10059",2021,197,0.251621919208473
"10060",2021,198,0.195218409468123
"10061",2021,199,0.194151007454993
"10062",2021,200,0.198915467569849
"10063",2021,201,0.196900682694396
"10064",2021,202,0.200122202543812
"10065",2021,203,0.20360869717989
"10066",2021,204,0.290050830642884
"10067",2021,205,0.183716981104079
"10068",2021,206,0.174429299489328
"10069",2021,207,0.135477911474419
"10070",2021,208,0.110409327733552
"10071",2021,209,0.100574563511416
"10072",2021,210,0.078847501834128
"10073",2021,211,0.401135343478017
"10074",2021,212,0.33499163315016
"10075",2021,213,0.325206125937517
"10076",2021,214,0.278316901897697
"10077",2021,215,0.307233593662871
"10078",2021,216,0.071205024389859
"10079",2021,217,0.0981764221543875
"10080",2021,218,0.235838603961785
"10081",2021,219,0.0421899615457885
"10082",2021,220,0.0391923579795289
"10083",2021,221,0.0375817990668698
"10084",2021,222,0.0348032359707209
"10085",2021,223,0.0330450091391638
"10086",2021,224,0.0278374720696624
"10087",2021,225,0.0258124015918354
"10088",2021,226,0.0259188921025203
"10089",2021,227,0.0194524289508474
"10090",2021,228,0.0125011312815153
"10091",2021,229,0.0116496418330105
"10092",2021,230,0.0110058345398047
"10093",2021,231,0.292281834154719
"10094",2021,232,0.173536456875211
"10095",2021,233,0.0826149535707024
"10096",2021,234,0.0085699411713005
"10097",2021,235,0.0082642383298184
"10098",2021,236,0.00793822504492153
"10099",2021,237,0.00759211276462621
"10100",2021,238,0.244653531656812
"10101",2021,239,0.14014766449139
"10102",2021,240,0.0108683697617762
"10103",2021,241,0.00922769264733952
"10104",2021,242,0.00587710644614903
"10105",2021,243,0.00567867037106101
"10106",2021,244,0.121244370395913
"10107",2021,245,0.00525210550440111
"10108",2021,246,0.257522641636519
"10109",2021,247,0.204989440097119
"10110",2021,248,0.166174467386823
"10111",2021,249,0.118983898031941
"10112",2021,250,0.00445729334515082
"10113",2021,251,0.0042783597226465
"10114",2021,252,0.00420124106610345
"10115",2021,253,0.00412191766758468
"10116",2021,254,0.00398224987841647
"10117",2021,255,0.0384279563922352
"10118",2021,256,0.209916159207904
"10119",2021,257,0.141638293377485
"10120",2021,258,0.110782113680354
"10121",2021,259,0.0032896662128906
"10122",2021,260,0.00276916752729543
"10123",2021,261,0.00296066581390084
"10124",2021,262,0.147063827483012
"10125",2021,263,0.128568139188116
"10126",2021,264,0.0129381067314897
"10127",2021,265,0.00745269927402596
"10128",2021,266,0.00606840048909336
"10129",2021,267,0.00483572639850888
"10130",2021,268,0.00446199207085967
"10131",2021,269,0.00423912156846419
"10132",2021,270,0.00384535187618736
"10133",2021,271,0.00191572282452009
"10134",2021,272,0.000304080041831686
"10135",2021,273,0.000276191267389689
"10136",2021,274,0.000267020023787996
"10137",2021,275,0.000265913827328049
"10138",2021,276,0.000257695680813362
"10139",2021,277,0.000251211700037917
"10140",2021,278,0.00023665036069325
"10141",2021,279,0.000220555302587229
"10142",2021,280,0.000211647036631036
"10143",2021,281,0.000191041309982657
"10144",2021,282,0.000173646288996683
"10145",2021,283,0.000157063854284983
"10146",2021,284,0.000136812503854835
"10147",2021,285,0.0919468765509174
"10148",2021,286,0.058606689671455
"10149",2021,287,0.0501862712849942
"10150",2021,288,0.0484074488453972
"10151",2021,289,0.0437380488732027
"10152",2021,290,0.00349393777508335
"10153",2021,291,0.00320217535895678
"10154",2021,292,0.0855964846946527
"10155",2021,293,0.053984083961178
"10156",2021,294,0.0536503364197883
"10157",2021,295,0.0553622389976237
"10158",2021,296,0.0440882282926668
"10159",2021,297,0.00494950026474857
"10160",2021,298,0.00389583114136338
"10161",2021,299,0.0752179957521006
"10162",2021,300,0.0355354027589977
"10163",2021,301,0.00461003676149853
"10164",2021,302,0.00387958592163234
"10165",2021,303,0.0645887301489065
"10166",2021,304,0.0643917017971724
"10167",2021,305,0.0476053155635965
"10168",2021,306,0.0647085758260458
"10169",2021,307,0.0410151943932136
"10170",2021,308,0.0425021276975868
"10171",2021,309,0.0454871078662172
"10172",2021,310,0.0443784758391728
"10173",2021,311,0.04611463118033
"10174",2021,312,0.0355106680829545
"10175",2021,313,0.0337654745822914
"10176",2021,314,0.0344871082322404
"10177",2021,315,0.0310946638646223
"10178",2021,316,0.0306003340566182
"10179",2021,317,0.036355162334349
"10180",2021,318,0.0357067691528773
"10181",2021,319,0.0420882747978713
"10182",2021,320,0.0352564212515859
"10183",2021,321,0.0208096339407272
"10184",2021,322,0.0200462557336343
"10185",2021,323,0.0273139685394594
"10186",2021,324,0.00691470419490138
"10187",2021,325,0.00424964785087019
"10188",2021,326,0.00426645726288001
"10189",2021,327,0.00367943592540306
"10190",2021,328,0.0024325136558058
"10191",2021,329,0.00231674575210729
"10192",2021,330,0.00286667042194259
"10193",2021,331,0.00225596804102454
"10194",2021,332,0.00221457707034624
"10195",2021,333,0.00260491851968527
"10196",2021,334,0.00194371750891485
"10197",2021,335,0.00215894308796137
"10198",2021,336,0.00214754302170493
"10199",2021,337,0.00151664540143845
"10200",2021,338,0.00152250679337697
"10201",2021,339,0.0013485328298854
"10202",2021,340,0.000769423598576894
"10203",2021,341,0.00101152052595934
"10204",2021,342,0.0010330320892822
"10205",2021,343,0.00100263604764648
"10206",2021,344,0.000704817125521241
"10207",2021,345,0.000644959453534579
"10208",2021,346,0.000962567813899502
"10209",2021,347,0.000886829601258389
"10210",2021,348,0.00089770359006561
"10211",2021,349,0.000587708911283483
"10212",2021,350,0.000138456990914623
"10213",2021,351,0.000127620958479155
"10214",2021,352,0.000120798334123527
"10215",2021,353,0.000180205693407373
"10216",2021,354,0.000187696584437437
"10217",2021,355,0.000203738884643588
"10218",2021,356,0.000221869279581306
"10219",2021,357,0.000223575575439019
"10220",2021,358,0.00019422054656424
"10221",2021,359,0.000173196713585894
"10222",2021,360,0.000152267996780351
"10223",2021,361,0.000131885572648877
"10224",2021,362,0.000121554268978797
"10225",2021,363,0.000108980973696627
"10226",2021,364,0.000132545488636091
"10227",2021,365,0.0191632195228467
"10228",2022,1,0.0117230575131928
"10229",2022,2,0.0163294072081214
"10230",2022,3,0.0226741013786924
"10231",2022,4,0.024209577850796
"10232",2022,5,0.0161030990001001
"10233",2022,6,0.0156619294850203
"10234",2022,7,0.0252431714018337
"10235",2022,8,0.0261675779380225
"10236",2022,9,0.0225275846475305
"10237",2022,10,0.0268546249291867
"10238",2022,11,0.0316039405393793
"10239",2022,12,0.0349046088419031
"10240",2022,13,0.0373014422715618
"10241",2022,14,0.0335161076893712
"10242",2022,15,0.0280426669268752
"10243",2022,16,0.0352488576425026
"10244",2022,17,0.0372094618366605
"10245",2022,18,0.0384123698138592
"10246",2022,19,0.0251351206110899
"10247",2022,20,0.0245378924941996
"10248",2022,21,0.0323466711702053
"10249",2022,22,0.0340125874495217
"10250",2022,23,0.0404324428842162
"10251",2022,24,0.0481884187028889
"10252",2022,25,0.0342143769966041
"10253",2022,26,0.0275394422125634
"10254",2022,27,0.0286400017443623
"10255",2022,28,0.0349252521394674
"10256",2022,29,0.0461935361490896
"10257",2022,30,0.04763082775719
"10258",2022,31,0.0491430090647454
"10259",2022,32,0.0345792451059591
"10260",2022,33,0.0205773869854432
"10261",2022,34,0.0192711829050267
"10262",2022,35,0.0316380574972633
"10263",2022,36,0.0459021778173253
"10264",2022,37,0.0474122060391639
"10265",2022,38,0.054064280370756
"10266",2022,39,0.0606610815647196
"10267",2022,40,0.0618046503444525
"10268",2022,41,0.0650533019754253
"10269",2022,42,0.0561128002187152
"10270",2022,43,0.022955845867391
"10271",2022,44,0.049058391873192
"10272",2022,45,0.0503949810102761
"10273",2022,46,0.055425289843023
"10274",2022,47,0.0524140807610518
"10275",2022,48,0.0426068553008688
"10276",2022,49,0.050681613905284
"10277",2022,50,0.0527751770780817
"10278",2022,51,0.0600382572021665
"10279",2022,52,0.0380864953867577
"10280",2022,53,0.0240145321416601
"10281",2022,54,0.0247305981700692
"10282",2022,55,0.0352253165593326
"10283",2022,56,0.0407405796982503
"10284",2022,57,0.0506439902289762
"10285",2022,58,0.0191197314899463
"10286",2022,59,0.0479005300114077
"10287",2022,60,0.00701937579082954
"10288",2022,61,0.00701863558979372
"10289",2022,62,0.00680382629760286
"10290",2022,63,0.00538179599513188
"10291",2022,64,0.0744186485607627
"10292",2022,65,0.0565442101717374
"10293",2022,66,0.0572247132884086
"10294",2022,67,0.0664153704050148
"10295",2022,68,0.0468902945250329
"10296",2022,69,0.0389747970305728
"10297",2022,70,0.0548164763970379
"10298",2022,71,0.0929119432672856
"10299",2022,72,0.110510252750383
"10300",2022,73,0.11218964413986
"10301",2022,74,0.118975739982723
"10302",2022,75,0.136732814341388
"10303",2022,76,0.0301369319636121
"10304",2022,77,0.0793868071044941
"10305",2022,78,0.0897819198421706
"10306",2022,79,0.0982018484034251
"10307",2022,80,0.0825061173831975
"10308",2022,81,0.0779101992809954
"10309",2022,82,0.0884681338915064
"10310",2022,83,0.027345245973278
"10311",2022,84,0.0123481640192721
"10312",2022,85,0.0129929359144639
"10313",2022,86,0.0111878152532342
"10314",2022,87,0.00971057399425028
"10315",2022,88,0.0828067413629379
"10316",2022,89,0.00193692670219539
"10317",2022,90,0.00139070415546866
"10318",2022,91,0.0014476770454526
"10319",2022,92,0.00148574694376201
"10320",2022,93,0.00153823642840299
"10321",2022,94,0.00157795380440464
"10322",2022,95,0.00157573032721642
"10323",2022,96,0.00146348577061278
"10324",2022,97,0.0016027687778232
"10325",2022,98,0.00180476032217258
"10326",2022,99,0.156780160906153
"10327",2022,100,0.0823777261428806
"10328",2022,101,0.00162145050492075
"10329",2022,102,0.00150098499677363
"10330",2022,103,0.00121156388459026
"10331",2022,104,0.00157929179402953
"10332",2022,105,0.108835518430132
"10333",2022,106,0.00175199987873842
"10334",2022,107,0.00194225148024675
"10335",2022,108,0.00198582228427347
"10336",2022,109,0.0024540564374677
"10337",2022,110,0.00259800646476102
"10338",2022,111,0.00276595194832307
"10339",2022,112,0.00300404918844756
"10340",2022,113,0.00270881620838465
"10341",2022,114,0.0026383245616192
"10342",2022,115,0.00263749418515938
"10343",2022,116,0.00318662033455726
"10344",2022,117,0.00354903792688597
"10345",2022,118,0.00370285292358047
"10346",2022,119,0.0036510565835413
"10347",2022,120,0.0037638294669229
"10348",2022,121,0.200304290113417
"10349",2022,122,0.187330266638996
"10350",2022,123,0.203045363945101
"10351",2022,124,0.21183744495068
"10352",2022,125,0.209534552142628
"10353",2022,126,0.236953709606975
"10354",2022,127,0.28193445605691
"10355",2022,128,0.262959171499922
"10356",2022,129,0.224819182455657
"10357",2022,130,0.19104666191184
"10358",2022,131,0.0982647969026627
"10359",2022,132,0.125742248707332
"10360",2022,133,0.09114416801992
"10361",2022,134,0.0852887874059642
"10362",2022,135,0.0636176001514914
"10363",2022,136,0.0419193205683888
"10364",2022,137,0.149934878915525
"10365",2022,138,0.0101890186131451
"10366",2022,139,0.263755115018329
"10367",2022,140,0.200474160508209
"10368",2022,141,0.152342836323461
"10369",2022,142,0.225422698955018
"10370",2022,143,0.246659687653285
"10371",2022,144,0.185996591882268
"10372",2022,145,0.167900793720442
"10373",2022,146,0.0885130250395505
"10374",2022,147,0.00793554372585323
"10375",2022,148,0.00780964132712359
"10376",2022,149,0.225031905092528
"10377",2022,150,0.085934056410285
"10378",2022,151,0.26698288592157
"10379",2022,152,0.213820629780958
"10380",2022,153,0.177861729019927
"10381",2022,154,0.097241044490129
"10382",2022,155,0.00561717476049397
"10383",2022,156,0.208877750178459
"10384",2022,157,0.222799315249084
"10385",2022,158,0.0708444941311619
"10386",2022,159,0.00416792040944593
"10387",2022,160,0.00407666066148414
"10388",2022,161,0.00404990887388382
"10389",2022,162,0.00427029080568127
"10390",2022,163,0.00407994584043013
"10391",2022,164,0.00378460063158646
"10392",2022,165,0.00271199763528166
"10393",2022,166,0.00268023803906733
"10394",2022,167,0.00271011735822369
"10395",2022,168,0.00278878058461348
"10396",2022,169,0.00270324733059306
"10397",2022,170,0.00264577639871704
"10398",2022,171,0.00203431790769812
"10399",2022,172,0.00134504310963756
"10400",2022,173,0.00135782437708056
"10401",2022,174,0.00146192668802771
"10402",2022,175,0.00145783365038425
"10403",2022,176,0.00130356262682776
"10404",2022,177,0.00130461410384082
"10405",2022,178,0.27483599017017
"10406",2022,179,0.164514376462417
"10407",2022,180,0.133129044212756
"10408",2022,181,0.117936293456573
"10409",2022,182,0.244010799271425
"10410",2022,183,0.15799838141067
"10411",2022,184,0.0205097107025898
"10412",2022,185,0.0096450850651836
"10413",2022,186,0.0568751361018265
"10414",2022,187,0.0462484384751083
"10415",2022,188,0.195967832511897
"10416",2022,189,0.0154820417951411
"10417",2022,190,0.00978225933033497
"10418",2022,191,0.0076830800270848
"10419",2022,192,0.00589785887739835
"10420",2022,193,0.00548739736689985
"10421",2022,194,0.0463336408041926
"10422",2022,195,0.00810139725854177
"10423",2022,196,0.176777691008807
"10424",2022,197,0.144304231230623
"10425",2022,198,0.000351373073668484
"10426",2022,199,0.000362602333715585
"10427",2022,200,0.000356834745380015
"10428",2022,201,0.000333092955088282
"10429",2022,202,0.000332304943831437
"10430",2022,203,0.000335707167007698
"10431",2022,204,0.386934901353033
"10432",2022,205,0.350911389201853
"10433",2022,206,0.279710882488901
"10434",2022,207,0.163091724426134
"10435",2022,208,0.384822417896887
"10436",2022,209,0.355181224841781
"10437",2022,210,0.34225101261294
"10438",2022,211,0.340754987964186
"10439",2022,212,0.275241427741113
"10440",2022,213,0.179658848750362
"10441",2022,214,0.298268284943142
"10442",2022,215,0.0577742092888709
"10443",2022,216,0.0191203377872732
"10444",2022,217,0.00708341893860334
"10445",2022,218,0.00659425541737585
"10446",2022,219,0.350563402336746
"10447",2022,220,0.230890054366844
"10448",2022,221,0.113663372210485
"10449",2022,222,0.00610113753725031
"10450",2022,223,0.00606832929346066
"10451",2022,224,0.00591952621531194
"10452",2022,225,0.00563097844696619
"10453",2022,226,0.268309653438748
"10454",2022,227,0.153671189852737
"10455",2022,228,0.00502040548658508
"10456",2022,229,0.00482557618923366
"10457",2022,230,0.00380544543460983
"10458",2022,231,0.00359278056347589
"10459",2022,232,0.00347595232916464
"10460",2022,233,0.00335258421463642
"10461",2022,234,0.00323312815830441
"10462",2022,235,0.00312238256656269
"10463",2022,236,0.00301828720362505
"10464",2022,237,0.00292748566141088
"10465",2022,238,0.00263405317984149
"10466",2022,239,0.0021863664061355
"10467",2022,240,0.0021135302877214
"10468",2022,241,0.00206270512960102
"10469",2022,242,0.00200176459236876
"10470",2022,243,0.00193973485396736
"10471",2022,244,0.00188692956043662
"10472",2022,245,0.0018310432133196
"10473",2022,246,0.00178217736779229
"10474",2022,247,0.00173453648278902
"10475",2022,248,0.00168423542881062
"10476",2022,249,0.001637266545383
"10477",2022,250,0.00154094787346612
"10478",2022,251,0.128283330282236
"10479",2022,252,0.179977935740005
"10480",2022,253,0.18092552514001
"10481",2022,254,0.154309933186379
"10482",2022,255,0.13815467716484
"10483",2022,256,0.0785737610851506
"10484",2022,257,0.0310471058021337
"10485",2022,258,0.148223516906311
"10486",2022,259,0.0114118002255848
"10487",2022,260,0.00752443794076404
"10488",2022,261,0.00609425705079704
"10489",2022,262,0.00540682074758123
"10490",2022,263,0.00480051340478267
"10491",2022,264,0.184704821026468
"10492",2022,265,0.164999125685847
"10493",2022,266,0.148514784424781
"10494",2022,267,0.133936080575131
"10495",2022,268,0.111950178666482
"10496",2022,269,0.0928797119100534
"10497",2022,270,0.00924667321581998
"10498",2022,271,0.00851889366418493
"10499",2022,272,0.00231745600755378
"10500",2022,273,0.155469186074682
"10501",2022,274,0.154906498331604
"10502",2022,275,0.119050505874003
"10503",2022,276,0.150199481395079
"10504",2022,277,0.106261859764942
"10505",2022,278,0.103120682291968
"10506",2022,279,0.127233552669546
"10507",2022,280,0.0781094983207365
"10508",2022,281,0.0783769114604989
"10509",2022,282,0.0779096010954916
"10510",2022,283,0.0690100194432545
"10511",2022,284,0.00780914408988691
"10512",2022,285,0.00628710924252485
"10513",2022,286,0.00591298756251371
"10514",2022,287,0.00410062496513524
"10515",2022,288,0.00346014652618499
"10516",2022,289,0.00302504434942291
"10517",2022,290,0.00274019622735974
"10518",2022,291,0.00278242420285761
"10519",2022,292,0.000977427246677569
"10520",2022,293,0.000574838948197311
"10521",2022,294,0.000567645333030603
"10522",2022,295,0.000548662566768676
"10523",2022,296,0.0615064677508928
"10524",2022,297,0.00290652123536783
"10525",2022,298,0.00272435119686999
"10526",2022,299,0.00247616161185357
"10527",2022,300,0.00216250947227421
"10528",2022,301,0.00198800094374532
"10529",2022,302,0.00193196654613739
"10530",2022,303,0.00187758202687955
"10531",2022,304,0.00182115289221907
"10532",2022,305,0.00175305714680692
"10533",2022,306,0.00172028900883383
"10534",2022,307,0.0604445730903369
"10535",2022,308,0.02582779476563
"10536",2022,309,0.0325953395705952
"10537",2022,310,0.0271449898118535
"10538",2022,311,0.00468184436768383
"10539",2022,312,0.00397382520812102
"10540",2022,313,0.00249916644851547
"10541",2022,314,0.00197915699479082
"10542",2022,315,0.00142857585098387
"10543",2022,316,0.00144950363650496
"10544",2022,317,0.00153173992228685
"10545",2022,318,0.00118414851697233
"10546",2022,319,0.00115223038728021
"10547",2022,320,0.00117152719584518
"10548",2022,321,0.0235976597066412
"10549",2022,322,0.0164169962492234
"10550",2022,323,0.0236327477621554
"10551",2022,324,0.0290441251404796
"10552",2022,325,0.025448779648064
"10553",2022,326,0.00128475856934496
"10554",2022,327,0.00117358330547316
"10555",2022,328,0.00108966491749154
"10556",2022,329,0.00124803061572835
"10557",2022,330,0.00115710939998413
"10558",2022,331,0.000953753933960574
"10559",2022,332,0.0409594376204252
"10560",2022,333,0.0204297309769269
"10561",2022,334,0.0113723745982386
"10562",2022,335,0.0170650935541363
"10563",2022,336,0.0181261050293764
"10564",2022,337,0.0151137610602914
"10565",2022,338,0.0210929597315072
"10566",2022,339,0.0218329220829223
"10567",2022,340,0.0199496257698982
"10568",2022,341,0.0182334619212498
"10569",2022,342,0.0149955768245939
"10570",2022,343,0.00944113957118439
"10571",2022,344,0.00396648063329068
"10572",2022,345,0.00354215465934687
"10573",2022,346,0.00226895610953909
"10574",2022,347,0.001414188265984
"10575",2022,348,0.00145731977379295
"10576",2022,349,0.00122596646226203
"10577",2022,350,0.0011266650898129
"10578",2022,351,0.001104396134267
"10579",2022,352,0.00112114536817662
"10580",2022,353,0.00111297121740769
"10581",2022,354,0.00111475565311102
"10582",2022,355,0.0174665870546239
"10583",2022,356,0.00557428712836824
"10584",2022,357,0.00953263408772585
"10585",2022,358,0.0184765902122645
"10586",2022,359,0.026323219459678
"10587",2022,360,0.0270069371244177
"10588",2022,361,0.0310224880857529
"10589",2022,362,0.0363490223345801
"10590",2022,363,0.0315072101989172
"10591",2022,364,0.0128576266601533
"10592",2022,365,0.0193390958370144
"10593",2022,366,0.0179827903065801
"10594",2023,1,0.027320168006974
"10595",2023,2,0.0215260529058536
"10596",2023,3,0.0190178296445683
"10597",2023,4,0.0195658334372143
"10598",2023,5,0.0205188099394739
"10599",2023,6,0.0252500774057629
"10600",2023,7,0.0268681120863281
"10601",2023,8,0.0269821445660511
"10602",2023,9,0.0336268177750391
"10603",2023,10,0.0362487051663235
"10604",2023,11,0.0281314725219254
"10605",2023,12,0.0265967631064193
"10606",2023,13,0.032705988684552
"10607",2023,14,0.0372417955495568
"10608",2023,15,0.0344854169995805
"10609",2023,16,0.0347732098739612
"10610",2023,17,0.028360459524698
"10611",2023,18,0.0259288928509459
"10612",2023,19,0.0245986254559684
"10613",2023,20,0.0236646359958654
"10614",2023,21,0.0252015104720834
"10615",2023,22,0.0294139587058846
"10616",2023,23,0.0288152401067276
"10617",2023,24,0.0286566329852016
"10618",2023,25,0.02994079565294
"10619",2023,26,0.0322627176235926
"10620",2023,27,0.0358765755069097
"10621",2023,28,0.0272585871590866
"10622",2023,29,0.0152969208171403
"10623",2023,30,0.0147594680753346
"10624",2023,31,0.0200936418541234
"10625",2023,32,0.0335476138465583
"10626",2023,33,0.0403682378463293
"10627",2023,34,0.0491517058436471
"10628",2023,35,0.0554357840748266
"10629",2023,36,0.0527091192171063
"10630",2023,37,0.048646867246612
"10631",2023,38,0.0493092472904596
"10632",2023,39,0.0512303533479172
"10633",2023,40,0.0420543482864893
"10634",2023,41,0.0464879949279792
"10635",2023,42,0.0618060897907652
"10636",2023,43,0.0640812808613734
"10637",2023,44,0.0677824645433324
"10638",2023,45,0.0557860085783317
"10639",2023,46,0.0359461209378298
"10640",2023,47,0.0402464466414319
"10641",2023,48,0.058387867839951
"10642",2023,49,0.0673603687630217
"10643",2023,50,0.069295004299827
"10644",2023,51,0.0790878901228318
"10645",2023,52,0.0672545836267702
"10646",2023,53,0.0279839642897628
"10647",2023,54,0.0206134664491152
"10648",2023,55,0.0420335112156351
"10649",2023,56,0.0668802137619701
"10650",2023,57,0.0467704907295616
"10651",2023,58,0.0599487230219868
"10652",2023,59,0.0541136232146807
"10653",2023,60,0.0324107729713735
"10654",2023,61,0.00407738442081678
"10655",2023,62,0.00390251030160802
"10656",2023,63,0.00292267409642538
"10657",2023,64,0.00339522923800965
"10658",2023,65,0.0482016498086038
"10659",2023,66,0.00263413060902949
"10660",2023,67,0.0025079343477449
"10661",2023,68,0.00281917477072665
"10662",2023,69,0.00269566380505893
"10663",2023,70,0.00252075640888609
"10664",2023,71,0.000473042064834413
"10665",2023,72,0.000553453251436448
"10666",2023,73,0.000661827728192685
"10667",2023,74,0.000746246531436606
"10668",2023,75,0.000554032364802462
"10669",2023,76,0.000524029212226568
"10670",2023,77,0.00056618746213126
"10671",2023,78,0.000647166325349056
"10672",2023,79,0.000727000455595038
"10673",2023,80,0.000807990002868603
"10674",2023,81,0.0993697656358839
"10675",2023,82,0.112293799653183
"10676",2023,83,0.131404095458133
"10677",2023,84,0.0152521908245265
"10678",2023,85,0.0932772733433115
"10679",2023,86,0.0830469102935927
"10680",2023,87,0.0853444977950309
"10681",2023,88,0.102485408260769
"10682",2023,89,0.13551398418
"10683",2023,90,0.127573163946929
"10684",2023,91,0.144193709259532
"10685",2023,92,0.122157959885701
"10686",2023,93,0.101252459952798
"10687",2023,94,0.0316793822779702
"10688",2023,95,0.0730066739272187
"10689",2023,96,0.0852728755832924
"10690",2023,97,0.0953523193500429
"10691",2023,98,0.00591313103783411
"10692",2023,99,0.00543631565172389
"10693",2023,100,0.00522868327573579
"10694",2023,101,0.00221103020719866
"10695",2023,102,0.00157250981177301
"10696",2023,103,0.0015891143375113
"10697",2023,104,0.13687714125446
"10698",2023,105,0.0931041969176847
"10699",2023,106,0.00816080836137221
"10700",2023,107,0.0073596177728959
"10701",2023,108,0.00664941075894895
"10702",2023,109,0.138072540350064
"10703",2023,110,0.00675529275404495
"10704",2023,111,0.0487504749009104
"10705",2023,112,0.00734682438127364
"10706",2023,113,0.00695694403100743
"10707",2023,114,0.164241388680253
"10708",2023,115,0.188689821047805
"10709",2023,116,0.173230218497619
"10710",2023,117,0.180736979457457
"10711",2023,118,0.161943158107355
"10712",2023,119,0.145239145448782
"10713",2023,120,0.0147088705242905
"10714",2023,121,0.0142683940766048
"10715",2023,122,0.0060446806805871
"10716",2023,123,0.00633330409636549
"10717",2023,124,0.00654748859879447
"10718",2023,125,0.1126314474324
"10719",2023,126,0.00605151623245511
"10720",2023,127,0.0332203968727854
"10721",2023,128,0.00628983314608564
"10722",2023,129,0.258507141698151
"10723",2023,130,0.255832817891592
"10724",2023,131,0.249809301612611
"10725",2023,132,0.255181667992483
"10726",2023,133,0.229764956332157
"10727",2023,134,0.262031175118442
"10728",2023,135,0.232431145201263
"10729",2023,136,0.291098377246633
"10730",2023,137,0.300110286712526
"10731",2023,138,0.282799161167249
"10732",2023,139,0.243390140546471
"10733",2023,140,0.260930985237525
"10734",2023,141,0.271706242510317
"10735",2023,142,0.256317275899606
"10736",2023,143,0.135758725559148
"10737",2023,144,0.31623158618297
"10738",2023,145,0.28316688074191
"10739",2023,146,0.323189585353847
"10740",2023,147,0.319292595941471
"10741",2023,148,0.285139339730941
"10742",2023,149,0.331571808028695
"10743",2023,150,0.304214015022479
"10744",2023,151,0.333402926455798
"10745",2023,152,0.326318017597285
"10746",2023,153,0.330018538879165
"10747",2023,154,0.323247807093801
"10748",2023,155,0.328798966958192
"10749",2023,156,0.337119383568643
"10750",2023,157,0.340771543124858
"10751",2023,158,0.35526130023632
"10752",2023,159,0.360947642238677
"10753",2023,160,0.367381859250797
"10754",2023,161,0.354268540431298
"10755",2023,162,0.33883648448262
"10756",2023,163,0.339692780134987
"10757",2023,164,0.34513643328662
"10758",2023,165,0.354620056842645
"10759",2023,166,0.369324549455394
"10760",2023,167,0.346245433241569
"10761",2023,168,0.31247453957706
"10762",2023,169,0.335032355787076
"10763",2023,170,0.355034515107079
"10764",2023,171,0.352832159692664
"10765",2023,172,0.386753157216945
"10766",2023,173,0.379991023310052
"10767",2023,174,0.352076222506885
"10768",2023,175,0.339845348330765
"10769",2023,176,0.331055097530262
"10770",2023,177,0.311425908643723
"10771",2023,178,0.224308869098771
"10772",2023,179,0.213094118924408
"10773",2023,180,0.388903513966824
"10774",2023,181,0.354340801907055
"10775",2023,182,0.333830133169498
"10776",2023,183,0.353019749198424
"10777",2023,184,0.354607707839685
"10778",2023,185,0.37890231369362
"10779",2023,186,0.333056231376257
"10780",2023,187,0.321191212887154
"10781",2023,188,0.355406500278845
"10782",2023,189,0.360321373345927
"10783",2023,190,0.330020180363419
"10784",2023,191,0.356877284586423
"10785",2023,192,0.363056036817999
"10786",2023,193,0.208478306629245
"10787",2023,194,0.200868802579042
"10788",2023,195,0.222018026773175
"10789",2023,196,0.317333806452271
"10790",2023,197,0.139519889801548
"10791",2023,198,0.191259675328915
"10792",2023,199,0.188945656126534
"10793",2023,200,0.171097379381797
"10794",2023,201,0.362325467366351
"10795",2023,202,0.362188020013045
"10796",2023,203,0.342050926936238
"10797",2023,204,0.346903625310652
"10798",2023,205,0.189129546205615
"10799",2023,206,0.131840064806334
"10800",2023,207,0.0991598096640288
"10801",2023,208,0.278843568697025
"10802",2023,209,0.26821654342939
"10803",2023,210,0.064380095121073
"10804",2023,211,0.0516630767782935
"10805",2023,212,0.398398973128061
"10806",2023,213,0.38964444092311
"10807",2023,214,0.385939913488887
"10808",2023,215,0.377565057544021
"10809",2023,216,0.340554105363079
"10810",2023,217,0.362722042012233
"10811",2023,218,0.313873633538115
"10812",2023,219,0.346205129529697
"10813",2023,220,0.352923406277985
"10814",2023,221,0.323384916179755
"10815",2023,222,0.369775539955215
"10816",2023,223,0.349743862947483
"10817",2023,224,0.340114714162371
"10818",2023,225,0.186087567866976
"10819",2023,226,0.171274723018345
"10820",2023,227,0.167228406164212
"10821",2023,228,0.148549014351939
"10822",2023,229,0.117398085687295
"10823",2023,230,0.0913105861348698
"10824",2023,231,0.0817115887396693
"10825",2023,232,0.0592008573598192
"10826",2023,233,0.056121902181505
"10827",2023,234,0.0524991835268361
"10828",2023,235,0.0333211373020338
"10829",2023,236,0.084766750350144
"10830",2023,237,0.297380279918211
"10831",2023,238,0.270805693721641
"10832",2023,239,0.30665354087849
"10833",2023,240,0.297731523832138
"10834",2023,241,0.257827382119373
"10835",2023,242,0.270273933137114
"10836",2023,243,0.27781762000134
"10837",2023,244,0.267216733345878
"10838",2023,245,0.142895127275713
"10839",2023,246,0.13517829655868
"10840",2023,247,0.179908022392954
"10841",2023,248,0.104206609214461
"10842",2023,249,0.0952106292246569
"10843",2023,250,0.0893071465412521
"10844",2023,251,0.0720380909135279
"10845",2023,252,0.0573120283245103
"10846",2023,253,0.0473646413782076
"10847",2023,254,0.0345224233486722
"10848",2023,255,0.0325877156859743
"10849",2023,256,0.0318769019250817
"10850",2023,257,0.194387046927037
"10851",2023,258,0.141408002281906
"10852",2023,259,0.121109963928929
"10853",2023,260,0.0201575299923162
"10854",2023,261,0.0156463090016176
"10855",2023,262,0.166177291094856
"10856",2023,263,0.0849010475802671
"10857",2023,264,0.152834101713282
"10858",2023,265,0.174365568905459
"10859",2023,266,0.119058458231064
"10860",2023,267,0.094580178771504
"10861",2023,268,0.0139356571988732
"10862",2023,269,0.0120473287090735
"10863",2023,270,0.0111643503222746
"10864",2023,271,0.0104979836161317
"10865",2023,272,0.0095013663017683
"10866",2023,273,0.00883301265073288
"10867",2023,274,0.00593461845713186
"10868",2023,275,0.150630757666794
"10869",2023,276,0.0983682090331683
"10870",2023,277,0.0853421699696937
"10871",2023,278,0.0726539519368127
"10872",2023,279,0.0101087024311375
"10873",2023,280,0.00836333844088194
"10874",2023,281,0.00785295643321771
"10875",2023,282,0.00709802657630166
"10876",2023,283,0.00615477420560491
"10877",2023,284,0.110999659712315
"10878",2023,285,0.064638021679764
"10879",2023,286,0.0516504344747431
"10880",2023,287,0.0398650131096611
"10881",2023,288,0.00468587649179811
"10882",2023,289,0.0045305507500636
"10883",2023,290,0.00446749434573801
"10884",2023,291,0.00387093802353798
"10885",2023,292,0.00367842521891576
"10886",2023,293,0.00353898290483603
"10887",2023,294,0.00312323984224847
"10888",2023,295,0.00278540993324714
"10889",2023,296,0.00214672173030565
"10890",2023,297,0.000578132886551727
"10891",2023,298,0.000541075023982503
"10892",2023,299,0.000414114687771126
"10893",2023,300,0.031924701326153
"10894",2023,301,0.0414413751312573
"10895",2023,302,0.0378897000599076
"10896",2023,303,0.0409313273740932
"10897",2023,304,0.0319919066842727
"10898",2023,305,0.0395082632135564
"10899",2023,306,0.0436692669332825
"10900",2023,307,0.0468863606403844
"10901",2023,308,0.0440413374452887
"10902",2023,309,0.0471405201218758
"10903",2023,310,0.0429825872626967
"10904",2023,311,0.041300433176734
"10905",2023,312,0.0327293199538305
"10906",2023,313,0.0282945794756843
"10907",2023,314,0.0279658952168062
"10908",2023,315,0.0301042511423021
"10909",2023,316,0.0326964549509015
"10910",2023,317,0.0309330244852405
"10911",2023,318,0.0337821129274973
"10912",2023,319,0.00790090032395814
"10913",2023,320,0.00437594763799783
"10914",2023,321,0.00312800889181029
"10915",2023,322,0.00272407554854903
"10916",2023,323,0.056290889227038
"10917",2023,324,0.0211112971828667
"10918",2023,325,0.00527026162195356
"10919",2023,326,0.00425207190410518
"10920",2023,327,0.0280400821363671
"10921",2023,328,0.018368672897322
"10922",2023,329,0.0189670384641639
"10923",2023,330,0.021712662108624
"10924",2023,331,0.0218416255294683
"10925",2023,332,0.0264959122823626
"10926",2023,333,0.0307704969470065
"10927",2023,334,0.022290738918918
"10928",2023,335,0.0222599360722387
"10929",2023,336,0.0231826259351769
"10930",2023,337,0.0275991833237854
"10931",2023,338,0.0316188709688732
"10932",2023,339,0.0345360109698685
"10933",2023,340,0.0369687209062543
"10934",2023,341,0.0333582451973789
"10935",2023,342,0.0269373135506169
"10936",2023,343,0.0211459155039416
"10937",2023,344,0.0261957160426666
"10938",2023,345,0.0343919640323318
"10939",2023,346,0.030366279600729
"10940",2023,347,0.0246276643122032
"10941",2023,348,0.0214719863022749
"10942",2023,349,0.0273354807306631
"10943",2023,350,0.0299591312963217
"10944",2023,351,0.030419241811293
"10945",2023,352,0.0266893216048939
"10946",2023,353,0.0240980899200557
"10947",2023,354,0.0243732329033808
"10948",2023,355,0.0245339079751454
"10949",2023,356,0.0224914424333866
"10950",2023,357,0.0428103196943444
"10951",2023,358,0.0205538855548107
"10952",2023,359,0.0122204495992092
"10953",2023,360,0.0156812647989588
"10954",2023,361,0.0198929758877163
"10955",2023,362,0.0193446901363805
"10956",2023,363,0.0216622336169531
"10957",2023,364,0.0225485648091042
"10958",2023,365,0.0177619550621179
"10959",2024,1,0.0215929092071637
"10960",2024,2,0.0179381570529412
"10961",2024,3,0.017997623393826
"10962",2024,4,0.0159993302247959
"10963",2024,5,0.0173932988550459
"10964",2024,6,0.0165766872200661
"10965",2024,7,0.0171867872366619
"10966",2024,8,0.0145247700928185
"10967",2024,9,0.0157607178024555
"10968",2024,10,0.0178419788155123
"10969",2024,11,0.0130043694530753
"10970",2024,12,0.017005459202624
"10971",2024,13,0.00740979176718184
"10972",2024,14,0.0106345794683828
"10973",2024,15,0.00873735228378124
"10974",2024,16,0.0132323307601118
"10975",2024,17,0.0253964708663287
"10976",2024,18,0.0269775849576635
"10977",2024,19,0.0211974303662651
"10978",2024,20,0.0277999558139507
"10979",2024,21,0.0385255144237779
"10980",2024,22,0.0431157218643031
"10981",2024,23,0.0422855109680605
"10982",2024,24,0.0440356624903995
"10983",2024,25,0.0425564456611695
"10984",2024,26,0.043932972023668
"10985",2024,27,0.0439412154185345
"10986",2024,28,0.0519218535981413
"10987",2024,29,0.0555736501643265
"10988",2024,30,0.0560682773157242
"10989",2024,31,0.0064855075725302
"10990",2024,32,0.0421797381607323
"10991",2024,33,0.0664199556305756
"10992",2024,34,0.0498561980682751
"10993",2024,35,0.0466145909740582
"10994",2024,36,0.0528634662173629
"10995",2024,37,0.0594865605861642
"10996",2024,38,0.0680314075502536
"10997",2024,39,0.0587560594350576
"10998",2024,40,0.0525344326476286
"10999",2024,41,0.0441563845437372
"11000",2024,42,0.0414951743293523
"11001",2024,43,0.0526237120697508
"11002",2024,44,0.0609846198539868
"11003",2024,45,0.0633439153253984
"11004",2024,46,0.0630534852512018
"11005",2024,47,0.043869821752359
"11006",2024,48,0.0419913920390999
"11007",2024,49,0.0569466751080822
"11008",2024,50,0.0748072749456441
"11009",2024,51,0.0832303789479076
"11010",2024,52,0.0838505378200981
"11011",2024,53,0.0778424358507004
"11012",2024,54,0.0803280751708196
"11013",2024,55,0.0846646303382818
"11014",2024,56,0.0344686367803844
"11015",2024,57,0.10124477949171
"11016",2024,58,0.0535339726530422
"11017",2024,59,0.0538422763281732
"11018",2024,60,0.0693412358995182
"11019",2024,61,0.074661715145444
"11020",2024,62,0.0775163884469428
"11021",2024,63,0.0684168756801533
"11022",2024,64,0.0613694169388165
"11023",2024,65,0.0608647506949379
"11024",2024,66,0.0683949393790332
"11025",2024,67,0.0571622831015872
"11026",2024,68,0.0562756489801792
"11027",2024,69,0.0671256453669388
"11028",2024,70,0.0762724387628384
"11029",2024,71,0.0226153671337675
"11030",2024,72,0.112067533485439
"11031",2024,73,0.108619732458292
"11032",2024,74,0.0972077931246162
"11033",2024,75,0.102061434971934
"11034",2024,76,0.0792085902646088
"11035",2024,77,0.0808522184178166
"11036",2024,78,0.0916334660876794
"11037",2024,79,0.101265216386624
"11038",2024,80,0.0978901657590643
"11039",2024,81,0.105983868027119
"11040",2024,82,0.0980917053217603
"11041",2024,83,0.0888640056972137
"11042",2024,84,0.122905693463771
"11043",2024,85,0.0684745182842821
"11044",2024,86,0.0762339195521024
"11045",2024,87,0.0927824641184475
"11046",2024,88,0.109813818370868
"11047",2024,89,0.132064909343488
"11048",2024,90,0.118259761708769
"11049",2024,91,0.114612395559158
"11050",2024,92,0.139149740987532
"11051",2024,93,0.119469488544959
"11052",2024,94,0.134208802732452
"11053",2024,95,0.0322159603953269
"11054",2024,96,0.0323077018802578
"11055",2024,97,0.0267445101094547
"11056",2024,98,0.0237364323297356
"11057",2024,99,0.0217775624977867
"11058",2024,100,0.0215298317837865
"11059",2024,101,0.151407551952489
"11060",2024,102,0.0810151794170167
"11061",2024,103,0.0271083521513585
"11062",2024,104,0.0278039217437096
"11063",2024,105,0.0163880372611637
"11064",2024,106,0.192376402295916
"11065",2024,107,0.149824154116777
"11066",2024,108,0.16049467405191
"11067",2024,109,0.0876224686304859
"11068",2024,110,0.108076772833431
"11069",2024,111,0.105545285681567
"11070",2024,112,0.125351937579529
"11071",2024,113,0.135312827662026
"11072",2024,114,0.0305236088680188
"11073",2024,115,0.0121169273896101
"11074",2024,116,0.178448656380322
"11075",2024,117,0.200465787591683
"11076",2024,118,0.189926276477566
"11077",2024,119,0.175014169605219
"11078",2024,120,0.170902304398537
"11079",2024,121,0.164259733643929
"11080",2024,122,0.178394956420871
"11081",2024,123,0.0238034566344585
"11082",2024,124,0.0189353748812051
"11083",2024,125,0.0121475081938536
"11084",2024,126,0.0133814039212071
"11085",2024,127,0.0105135850978054
"11086",2024,128,0.0091859291013093
"11087",2024,129,0.00887460768392848
"11088",2024,130,0.00910014008097319
"11089",2024,131,0.00870401720284533
"11090",2024,132,0.00894755695387662
"11091",2024,133,0.047690367210734
"11092",2024,134,0.102957470119598
"11093",2024,135,0.193126381807135
"11094",2024,136,0.183262886397965
"11095",2024,137,0.0301324978155465
"11096",2024,138,0.0117744455879721
"11097",2024,139,0.00973670992098009
"11098",2024,140,0.00864679957591975
"11099",2024,141,0.209479313626335
"11100",2024,142,0.115085747267817
"11101",2024,143,0.00304884224506839
"11102",2024,144,0.00301438495635505
"11103",2024,145,0.00296353764572462
"11104",2024,146,0.214775533052986
"11105",2024,147,0.114022234116677
"11106",2024,148,0.0026164123963415
"11107",2024,149,0.00156304528163831
"11108",2024,150,0.00150626399757262
"11109",2024,151,0.0014944333894044
"11110",2024,152,0.00152203431600052
"11111",2024,153,0.00144665699410931
"11112",2024,154,0.0386934649763017
"11113",2024,155,0.00560562864778252
"11114",2024,156,0.00296768291078684
"11115",2024,157,0.00142663322551222
"11116",2024,158,0.0013838343929054
"11117",2024,159,0.0400925620678408
"11118",2024,160,0.263827634820397
"11119",2024,161,0.143968307709482
"11120",2024,162,0.0179880834424474
"11121",2024,163,0.00941156489530582
"11122",2024,164,0.0763019466373527
"11123",2024,165,0.191011524404452
"11124",2024,166,0.00624074777864105
"11125",2024,167,0.00561519926170752
"11126",2024,168,0.0048347337542815
"11127",2024,169,0.00205367331656387
"11128",2024,170,0.000789090512701361
"11129",2024,171,0.00040515997123617
"11130",2024,172,0.000387909333000234
"11131",2024,173,0.000384028115456188
"11132",2024,174,0.000376817832506512
"11133",2024,175,0.196951971645099
"11134",2024,176,0.105685410583913
"11135",2024,177,0.000407718657162189
"11136",2024,178,0.000387993842350705
"11137",2024,179,0.000389639412027595
"11138",2024,180,0.148323623526826
"11139",2024,181,0.199841041616542
"11140",2024,182,0.255504613539802
"11141",2024,183,0.227074284117087
"11142",2024,184,0.166286879768147
"11143",2024,185,0.000356681769784529
"11144",2024,186,0.000325181277411002
"11145",2024,187,0.000338390539894522
"11146",2024,188,0.000339002147689803
"11147",2024,189,0.348855935818733
"11148",2024,190,0.311996657132505
"11149",2024,191,0.275055504216384
"11150",2024,192,0.0496461906129082
"11151",2024,193,0.0188653652615414
"11152",2024,194,0.0156977499762497
"11153",2024,195,0.344023587241136
"11154",2024,196,0.341019361883787
"11155",2024,197,0.319531321764752
"11156",2024,198,0.231441406165746
"11157",2024,199,0.0513230688324637
"11158",2024,200,0.0125150443208223
"11159",2024,201,0.33979448783199
"11160",2024,202,0.313604115426934
"11161",2024,203,0.250865664911893
"11162",2024,204,0.094241727736176
"11163",2024,205,0.00541631274281293
"11164",2024,206,0.00533463267765963
"11165",2024,207,0.00514688298773993
"11166",2024,208,0.179826157877483
"11167",2024,209,0.257842002631984
"11168",2024,210,0.0818737255858013
"11169",2024,211,0.00276207629544178
"11170",2024,212,0.00271441897205676
"11171",2024,213,0.00260315519077236
"11172",2024,214,0.00159168058796383
"11173",2024,215,0.0454047521280894
"11174",2024,216,0.00771932040495954
"11175",2024,217,0.00659385577592895
"11176",2024,218,0.00579762858003394
"11177",2024,219,0.00364324732901702
"11178",2024,220,0.325437350677865
"11179",2024,221,0.317223769590285
"11180",2024,222,0.315237004340856
"11181",2024,223,0.338359141314826
"11182",2024,224,0.316835358772271
"11183",2024,225,0.370929965264863
"11184",2024,226,0.369558314515611
"11185",2024,227,0.365384171713548
"11186",2024,228,0.348478975903007
"11187",2024,229,0.301055760790318
"11188",2024,230,0.217311489104139
"11189",2024,231,0.112980131731492
"11190",2024,232,0.0156161907436352
"11191",2024,233,0.0111435933914932
"11192",2024,234,0.00996402974590478
"11193",2024,235,0.00890929540949938
"11194",2024,236,0.0064817640587143
"11195",2024,237,0.00424109129972412
"11196",2024,238,0.24465746651263
"11197",2024,239,0.129342103800308
"11198",2024,240,0.00798952626907273
"11199",2024,241,0.00754270072310413
"11200",2024,242,0.00506292666515303
"11201",2024,243,0.00328883245498091
"11202",2024,244,0.00323671073684999
"11203",2024,245,0.0031332112651049
"11204",2024,246,0.00303831866717344
"11205",2024,247,0.00300500650457176
"11206",2024,248,0.249081751790022
"11207",2024,249,0.17566897005649
"11208",2024,250,0.131962678776668
"11209",2024,251,0.0647369839620013
"11210",2024,252,0.00249664286023458
"11211",2024,253,0.14690345686005
"11212",2024,254,0.00237441920036555
"11213",2024,255,0.00226223118128281
"11214",2024,256,0.00217650091178373
"11215",2024,257,0.00204078732691392
"11216",2024,258,0.0020095040020267
"11217",2024,259,0.00196051213360112
"11218",2024,260,0.00160858537033906
"11219",2024,261,0.00145288688548682
"11220",2024,262,0.00132152785519606
"11221",2024,263,0.00128515012094565
"11222",2024,264,0.00127714433853833
"11223",2024,265,0.00114103099513996
"11224",2024,266,0.000999403214344129
"11225",2024,267,0.00105939831423606
"11226",2024,268,0.00103225930719187
"11227",2024,269,0.0010285604455745
"11228",2024,270,0.00105446851885479
"11229",2024,271,0.00100508190011322
"11230",2024,272,0.000946808912813705
"11231",2024,273,0.000913068066040793
"11232",2024,274,0.000785838719510287
"11233",2024,275,0.000685414872803946
"11234",2024,276,0.000767045894183089
"11235",2024,277,0.000662869801446624
"11236",2024,278,0.000636233460871644
"11237",2024,279,0.000658063211375026
"11238",2024,280,0.000566259633710171
"11239",2024,281,0.00056788244997487
"11240",2024,282,0.000551667393879428
"11241",2024,283,0.000534318077202541
"11242",2024,284,0.000530635384917623
"11243",2024,285,0.000466077708381005
"11244",2024,286,0.000459046764756197
"11245",2024,287,0.000385861601862982
"11246",2024,288,0.000400674005866968
"11247",2024,289,0.00035827300998814
"11248",2024,290,0.000365724620089736
"11249",2024,291,0.000363136692014668
"11250",2024,292,0.000293445559357108
"11251",2024,293,0.000304775012375069
"11252",2024,294,0.000329488313130766
"11253",2024,295,0.000322565312750591
"11254",2024,296,0.000324268116710589
"11255",2024,297,0.000285969338214729
"11256",2024,298,0.000260888412446588
"11257",2024,299,0.000236836125064017
"11258",2024,300,0.000253332837333329
"11259",2024,301,0.00025209893889878
"11260",2024,302,0.000252846875715103
"11261",2024,303,0.0310780586433987
"11262",2024,304,0.0642240045771604
"11263",2024,305,0.0365747574714819
"11264",2024,306,0.0363746561542006
"11265",2024,307,0.0370714734398548
"11266",2024,308,0.0364021445958314
"11267",2024,309,0.0311558410035186
"11268",2024,310,0.029617072583287
"11269",2024,311,0.0239561243624931
"11270",2024,312,0.0218422219310009
"11271",2024,313,0.0362485459377563
"11272",2024,314,0.0430295329864915
"11273",2024,315,0.0517195315887563
"11274",2024,316,0.048841634954838
"11275",2024,317,0.0457682398795938
"11276",2024,318,0.043547019174275
"11277",2024,319,0.0102335278884701
"11278",2024,320,0.0289778424969396
"11279",2024,321,0.0286858169706749
"11280",2024,322,0.0263338125777856
"11281",2024,323,0.0274329451334368
"11282",2024,324,0.0211539044334316
"11283",2024,325,0.023400199646244
"11284",2024,326,0.0264316406687868
"11285",2024,327,0.0304016677674179
"11286",2024,328,0.0292979523450185
"11287",2024,329,0.0256667070300303
"11288",2024,330,0.019464951067299
"11289",2024,331,0.0410642032909978
"11290",2024,332,0.0277901373078122
"11291",2024,333,0.0167653210065763
"11292",2024,334,0.0179321515556878
"11293",2024,335,0.0214770794609253
"11294",2024,336,0.021747362943685
"11295",2024,337,0.0206509109268209
"11296",2024,338,0.0246252806655056
"11297",2024,339,0.023339972035327
"11298",2024,340,0.0211677887416373
"11299",2024,341,0.0225050039705482
"11300",2024,342,0.0230465861947544
"11301",2024,343,0.0227942588817145
"11302",2024,344,0.0152634136249495
"11303",2024,345,0.0145268396761902
"11304",2024,346,0.0185892447815921
"11305",2024,347,0.0192555265506879
"11306",2024,348,0.0192632511442563
"11307",2024,349,0.0193039222503935
"11308",2024,350,0.0194523584464143
"11309",2024,351,0.0141343505821118
"11310",2024,352,0.0170285514197905
"11311",2024,353,0.00950993132499827
"11312",2024,354,0.00511757182006938
"11313",2024,355,0.00360459114338139
"11314",2024,356,0.00300711376210489
"11315",2024,357,0.00269339845535484
"11316",2024,358,0.00216553277200991
"11317",2024,359,0.0019058467084366
"11318",2024,360,0.00172325958763812
"11319",2024,361,0.00132811588973226
"11320",2024,362,0.001443415730469
"11321",2024,363,0.00143810220196744
"11322",2024,364,0.00142251055876412
"11323",2024,365,0.00128629012502635
