"","year","DOY","transp_total_Lyr_1","transp_total_Lyr_2","transp_total_Lyr_3","transp_total_Lyr_4","transp_total_Lyr_5","transp_total_Lyr_6","transp_total_Lyr_7","transp_total_Lyr_8","transp_treeNL_Lyr_1","transp_treeNL_Lyr_2","transp_treeNL_Lyr_3","transp_treeNL_Lyr_4","transp_treeNL_Lyr_5","transp_treeNL_Lyr_6","transp_treeNL_Lyr_7","transp_treeNL_Lyr_8","transp_treeBL_Lyr_1","transp_treeBL_Lyr_2","transp_treeBL_Lyr_3","transp_treeBL_Lyr_4","transp_treeBL_Lyr_5","transp_treeBL_Lyr_6","transp_treeBL_Lyr_7","transp_treeBL_Lyr_8","transp_shrub_Lyr_1","transp_shrub_Lyr_2","transp_shrub_Lyr_3","transp_shrub_Lyr_4","transp_shrub_Lyr_5","transp_shrub_Lyr_6","transp_shrub_Lyr_7","transp_shrub_Lyr_8","transp_forbs_Lyr_1","transp_forbs_Lyr_2","transp_forbs_Lyr_3","transp_forbs_Lyr_4","transp_forbs_Lyr_5","transp_forbs_Lyr_6","transp_forbs_Lyr_7","transp_forbs_Lyr_8","transp_grassC3_Lyr_1","transp_grassC3_Lyr_2","transp_grassC3_Lyr_3","transp_grassC3_Lyr_4","transp_grassC3_Lyr_5","transp_grassC3_Lyr_6","transp_grassC3_Lyr_7","transp_grassC3_Lyr_8","transp_grassC4_Lyr_1","transp_grassC4_Lyr_2","transp_grassC4_Lyr_3","transp_grassC4_Lyr_4","transp_grassC4_Lyr_5","transp_grassC4_Lyr_6","transp_grassC4_Lyr_7","transp_grassC4_Lyr_8"
"1",2025,1,1.46705139637569e-06,1.33993265035707e-06,2.26648839905682e-06,1.80323779993572e-06,1.43467161288935e-06,2.0495744605761e-06,1.29736657687211e-06,8.21224146747238e-07,0,0,0,0,0,0,0,0,0,0,0,0,0,0,0,0,1.46705139637569e-06,1.33993265035707e-06,2.26648839905682e-06,1.80323779993572e-06,1.43467161288935e-06,2.0495744605761e-06,1.29736657687211e-06,8.21224146747238e-07,0,0,0,0,0,0,0,0,0,0,0,0,0,0,0,0,0,0,0,0,0,0,0,0
"2",2025,2,1.17442081797616e-06,1.28488298079939e-06,2.21563457950732e-06,1.76283218109763e-06,1.40252656823528e-06,2.00365680549685e-06,1.26830172259178e-06,8.02827012253572e-07,0,0,0,0,0,0,0,0,0,0,0,0,0,0,0,0,1.17442081797616e-06,1.28488298079939e-06,2.21563457950732e-06,1.76283218109763e-06,1.40252656823528e-06,2.00365680549685e-06,1.26830172259178e-06,8.02827012253572e-07,0,0,0,0,0,0,0,0,0,0,0,0,0,0,0,0,0,0,0,0,0,0,0,0
"3",2025,3,1.11767200913044e-06,1.45348117187892e-06,2.56320624078591e-06,2.03950811316857e-06,1.6226551166478e-06,2.31813909396528e-06,1.4673677384033e-06,9.28835360939172e-07,0,0,0,0,0,0,0,0,0,0,0,0,0,0,0,0,1.11767200913044e-06,1.45348117187892e-06,2.56320624078591e-06,2.03950811316857e-06,1.6226551166478e-06,2.31813909396528e-06,1.4673677384033e-06,9.28835360939172e-07,0,0,0,0,0,0,0,0,0,0,0,0,0,0,0,0,0,0,0,0,0,0,0,0
"4",2025,4,9.27781606927567e-07,1.45482318910936e-06,2.6416241194939e-06,2.10214392672295e-06,1.67249207774815e-06,2.38934283359777e-06,1.51244039385821e-06,9.57367062514347e-07,0,0,0,0,0,0,0,0,0,0,0,0,0,0,0,0,9.27781606927567e-07,1.45482318910936e-06,2.6416241194939e-06,2.10214392672295e-06,1.67249207774815e-06,2.38934283359777e-06,1.51244039385821e-06,9.57367062514347e-07,0,0,0,0,0,0,0,0,0,0,0,0,0,0,0,0,0,0,0,0,0,0,0,0
"5",2025,5,8.93072407246673e-07,1.68322580383052e-06,3.16501378992066e-06,2.51906810150636e-06,2.00420670429376e-06,2.86324206518291e-06,1.81241734957016e-06,1.14725214384345e-06,0,0,0,0,0,0,0,0,0,0,0,0,0,0,0,0,8.93072407246673e-07,1.68322580383052e-06,3.16501378992066e-06,2.51906810150636e-06,2.00420670429376e-06,2.86324206518291e-06,1.81241734957016e-06,1.14725214384345e-06,0,0,0,0,0,0,0,0,0,0,0,0,0,0,0,0,0,0,0,0,0,0,0,0
"6",2025,6,0,1.19452919914709e-06,2.34210171383468e-06,1.8645448044853e-06,1.48346300278239e-06,2.11930560469332e-06,1.34151094522979e-06,8.49171540198504e-07,0,0,0,0,0,0,0,0,0,0,0,0,0,0,0,0,0,1.19452919914709e-06,2.34210171383468e-06,1.8645448044853e-06,1.48346300278239e-06,2.11930560469332e-06,1.34151094522979e-06,8.49171540198504e-07,0,0,0,0,0,0,0,0,0,0,0,0,0,0,0,0,0,0,0,0,0,0,0,0
"7",2025,7,0,1.00708262630326e-06,2.01854663647763e-06,1.607399356196e-06,1.27887754354951e-06,1.82703513191788e-06,1.15650575560853e-06,7.32064606364931e-07,0,0,0,0,0,0,0,0,0,0,0,0,0,0,0,0,0,1.00708262630326e-06,2.01854663647763e-06,1.607399356196e-06,1.27887754354951e-06,1.82703513191788e-06,1.15650575560853e-06,7.32064606364931e-07,0,0,0,0,0,0,0,0,0,0,0,0,0,0,0,0,0,0,0,0,0,0,0,0
"8",2025,8,0,9.06382429444169e-07,1.83334037480414e-06,1.46033256270663e-06,1.16187214625127e-06,1.65988214524368e-06,1.05069903354488e-06,6.65089804844588e-07,0,0,0,0,0,0,0,0,0,0,0,0,0,0,0,0,0,9.06382429444169e-07,1.83334037480414e-06,1.46033256270663e-06,1.16187214625127e-06,1.65988214524368e-06,1.05069903354488e-06,6.65089804844588e-07,0,0,0,0,0,0,0,0,0,0,0,0,0,0,0,0,0,0,0,0,0,0,0,0
"9",2025,9,0,7.7273834452746e-07,1.57401676774816e-06,1.25413993255004e-06,9.97824435595329e-07,1.42552215499572e-06,9.02350328222122e-07,5.71185866439069e-07,0,0,0,0,0,0,0,0,0,0,0,0,0,0,0,0,0,7.7273834452746e-07,1.57401676774816e-06,1.25413993255004e-06,9.97824435595329e-07,1.42552215499572e-06,9.02350328222122e-07,5.71185866439069e-07,0,0,0,0,0,0,0,0,0,0,0,0,0,0,0,0,0,0,0,0,0,0,0,0
"10",2025,10,7.73668715865918e-07,1.00965396316348e-06,2.0731700278796e-06,1.65235324996526e-06,1.31465791126108e-06,1.87816370800667e-06,1.18887094652893e-06,7.52553284277836e-07,0,0,0,0,0,0,0,0,0,0,0,0,0,0,0,0,7.73668715865918e-07,1.00965396316348e-06,2.0731700278796e-06,1.65235324996526e-06,1.31465791126108e-06,1.87816370800667e-06,1.18887094652893e-06,7.52553284277836e-07,0,0,0,0,0,0,0,0,0,0,0,0,0,0,0,0,0,0,0,0,0,0,0,0
"11",2025,11,4.64250423225031e-07,6.99288755960184e-07,1.46780136150752e-06,1.1702556159648e-06,9.310922132969e-07,1.33019214634005e-06,8.420072785595e-07,5.32989609254572e-07,0,0,0,0,0,0,0,0,0,0,0,0,0,0,0,0,4.64250423225031e-07,6.99288755960184e-07,1.46780136150752e-06,1.1702556159648e-06,9.310922132969e-07,1.33019214634005e-06,8.420072785595e-07,5.32989609254572e-07,0,0,0,0,0,0,0,0,0,0,0,0,0,0,0,0,0,0,0,0,0,0,0,0
"12",2025,12,5.25386547698029e-07,8.77412666135404e-07,1.8759993111285e-06,1.49624286303269e-06,1.19046397027172e-06,1.70074328198714e-06,1.07656501765363e-06,6.81464774049665e-07,0,0,0,0,0,0,0,0,0,0,0,0,0,0,0,0,5.25386547698029e-07,8.77412666135404e-07,1.8759993111285e-06,1.49624286303269e-06,1.19046397027172e-06,1.70074328198714e-06,1.07656501765363e-06,6.81464774049665e-07,0,0,0,0,0,0,0,0,0,0,0,0,0,0,0,0,0,0,0,0,0,0,0,0
"13",2025,13,0,9.7220575462199e-07,2.12876129365538e-06,1.69850390822992e-06,1.35139813163076e-06,1.93066432055108e-06,1.22210470200844e-06,7.7359184725693e-07,0,0,0,0,0,0,0,0,0,0,0,0,0,0,0,0,0,9.7220575462199e-07,2.12876129365538e-06,1.69850390822992e-06,1.35139813163076e-06,1.93066432055108e-06,1.22210470200844e-06,7.7359184725693e-07,0,0,0,0,0,0,0,0,0,0,0,0,0,0,0,0,0,0,0,0,0,0,0,0
"14",2025,14,0,9.84667818248366e-07,2.20733585469607e-06,1.7619473590885e-06,1.40188591342708e-06,2.00279803247459e-06,1.26776575077898e-06,8.02495949148464e-07,0,0,0,0,0,0,0,0,0,0,0,0,0,0,0,0,0,9.84667818248366e-07,2.20733585469607e-06,1.7619473590885e-06,1.40188591342708e-06,2.00279803247459e-06,1.26776575077898e-06,8.02495949148464e-07,0,0,0,0,0,0,0,0,0,0,0,0,0,0,0,0,0,0,0,0,0,0,0,0
"15",2025,15,0,1.10186333490279e-06,2.49885923796337e-06,1.9955284181257e-06,1.58774583721903e-06,2.26833149605121e-06,1.43584849997547e-06,9.08893151559983e-07,0,0,0,0,0,0,0,0,0,0,0,0,0,0,0,0,0,1.10186333490279e-06,2.49885923796337e-06,1.9955284181257e-06,1.58774583721903e-06,2.26833149605121e-06,1.43584849997547e-06,9.08893151559983e-07,0,0,0,0,0,0,0,0,0,0,0,0,0,0,0,0,0,0,0,0,0,0,0,0
"16",2025,16,0,1.11734413721788e-06,2.55631864246906e-06,2.04233821507733e-06,1.62500409967924e-06,2.32156661332201e-06,1.46954727739084e-06,9.30225420493206e-07,0,0,0,0,0,0,0,0,0,0,0,0,0,0,0,0,0,1.11734413721788e-06,2.55631864246906e-06,2.04233821507733e-06,1.62500409967924e-06,2.32156661332201e-06,1.46954727739084e-06,9.30225420493206e-07,0,0,0,0,0,0,0,0,0,0,0,0,0,0,0,0,0,0,0,0,0,0,0,0
"17",2025,17,0,1.31951314842201e-06,3.04119311500662e-06,2.43084409215441e-06,1.93414035259665e-06,2.76322243293148e-06,1.74911592111992e-06,1.10719386966329e-06,0,0,0,0,0,0,0,0,0,0,0,0,0,0,0,0,0,1.31951314842201e-06,3.04119311500662e-06,2.43084409215441e-06,1.93414035259665e-06,2.76322243293148e-06,1.74911592111992e-06,1.10719386966329e-06,0,0,0,0,0,0,0,0,0,0,0,0,0,0,0,0,0,0,0,0,0,0,0,0
"18",2025,18,0,1.42034141539098e-06,3.2976528261938e-06,2.63707482804106e-06,2.09825317532346e-06,2.99769243423662e-06,1.89753714366867e-06,1.20114624481624e-06,0,0,0,0,0,0,0,0,0,0,0,0,0,0,0,0,0,1.42034141539098e-06,3.2976528261938e-06,2.63707482804106e-06,2.09825317532346e-06,2.99769243423662e-06,1.89753714366867e-06,1.20114624481624e-06,0,0,0,0,0,0,0,0,0,0,0,0,0,0,0,0,0,0,0,0,0,0,0,0
"19",2025,19,0,1.19732915434953e-06,2.79883656211529e-06,2.23925277766093e-06,1.78173671329609e-06,2.54550596031347e-06,1.61130542924689e-06,1.0199621117415e-06,0,0,0,0,0,0,0,0,0,0,0,0,0,0,0,0,0,1.19732915434953e-06,2.79883656211529e-06,2.23925277766093e-06,1.78173671329609e-06,2.54550596031347e-06,1.61130542924689e-06,1.0199621117415e-06,0,0,0,0,0,0,0,0,0,0,0,0,0,0,0,0,0,0,0,0,0,0,0,0
"20",2025,20,0,9.21219077618826e-07,2.16510207509265e-06,1.73306396198944e-06,1.37898705315798e-06,1.97011711924866e-06,1.24708541560002e-06,7.89410412102649e-07,0,0,0,0,0,0,0,0,0,0,0,0,0,0,0,0,0,9.21219077618826e-07,2.16510207509265e-06,1.73306396198944e-06,1.37898705315798e-06,1.97011711924866e-06,1.24708541560002e-06,7.89410412102649e-07,0,0,0,0,0,0,0,0,0,0,0,0,0,0,0,0,0,0,0,0,0,0,0,0
"21",2025,21,0,9.3871589663428e-07,2.21580650656772e-06,1.77451835328817e-06,1.41198950183946e-06,2.0172717688253e-06,1.27693502005029e-06,8.08306031446641e-07,0,0,0,0,0,0,0,0,0,0,0,0,0,0,0,0,0,9.3871589663428e-07,2.21580650656772e-06,1.77451835328817e-06,1.41198950183946e-06,2.0172717688253e-06,1.27693502005029e-06,8.08306031446641e-07,0,0,0,0,0,0,0,0,0,0,0,0,0,0,0,0,0,0,0,0,0,0,0,0
"22",2025,22,0,8.24666210153791e-07,1.95472682143134e-06,1.56620692265187e-06,1.24625196716676e-06,1.78049152613879e-06,1.12705353219618e-06,7.13430951285801e-07,0,0,0,0,0,0,0,0,0,0,0,0,0,0,0,0,0,8.24666210153791e-07,1.95472682143134e-06,1.56620692265187e-06,1.24625196716676e-06,1.78049152613879e-06,1.12705353219618e-06,7.13430951285801e-07,0,0,0,0,0,0,0,0,0,0,0,0,0,0,0,0,0,0,0,0,0,0,0,0
"23",2025,23,0,1.20105512870456e-06,2.85793728949336e-06,2.29103509072413e-06,1.82303284433628e-06,2.6045313586083e-06,1.64867252372442e-06,1.04361938620678e-06,0,0,0,0,0,0,0,0,0,0,0,0,0,0,0,0,0,1.20105512870456e-06,2.85793728949336e-06,2.29103509072413e-06,1.82303284433628e-06,2.6045313586083e-06,1.64867252372442e-06,1.04361938620678e-06,0,0,0,0,0,0,0,0,0,0,0,0,0,0,0,0,0,0,0,0,0,0,0,0
"24",2025,24,0,9.55962648826129e-07,2.2851507447499e-06,1.83278843833977e-06,1.45841702828862e-06,2.0836182224355e-06,1.31893496146259e-06,8.34894519018239e-07,0,0,0,0,0,0,0,0,0,0,0,0,0,0,0,0,0,9.55962648826129e-07,2.2851507447499e-06,1.83278843833977e-06,1.45841702828862e-06,2.0836182224355e-06,1.31893496146259e-06,8.34894519018239e-07,0,0,0,0,0,0,0,0,0,0,0,0,0,0,0,0,0,0,0,0,0,0,0,0
"25",2025,25,0,1.13656038847592e-06,2.72748823807176e-06,2.18867013835025e-06,1.74163262274266e-06,2.48825069967177e-06,1.57506919206339e-06,9.97030076102132e-07,0,0,0,0,0,0,0,0,0,0,0,0,0,0,0,0,0,1.13656038847592e-06,2.72748823807176e-06,2.18867013835025e-06,1.74163262274266e-06,2.48825069967177e-06,1.57506919206339e-06,9.97030076102132e-07,0,0,0,0,0,0,0,0,0,0,0,0,0,0,0,0,0,0,0,0,0,0,0,0
"26",2025,26,0,1.76280193114283e-06,4.24889836653772e-06,3.41126711719698e-06,2.71455908908038e-06,3.87827133808376e-06,2.45495809535003e-06,1.55400773214022e-06,0,0,0,0,0,0,0,0,0,0,0,0,0,0,0,0,0,1.76280193114283e-06,4.24889836653772e-06,3.41126711719698e-06,2.71455908908038e-06,3.87827133808376e-06,2.45495809535003e-06,1.55400773214022e-06,0,0,0,0,0,0,0,0,0,0,0,0,0,0,0,0,0,0,0,0,0,0,0,0
"27",2025,27,0,1.61814069614731e-06,3.92167916747574e-06,3.15018821598437e-06,2.50684906001773e-06,3.58153211867858e-06,2.26712544527247e-06,1.43511061497998e-06,0,0,0,0,0,0,0,0,0,0,0,0,0,0,0,0,0,1.61814069614731e-06,3.92167916747574e-06,3.15018821598437e-06,2.50684906001773e-06,3.58153211867858e-06,2.26712544527247e-06,1.43511061497998e-06,0,0,0,0,0,0,0,0,0,0,0,0,0,0,0,0,0,0,0,0,0,0,0,0
"28",2025,28,0,1.6885475353846e-06,4.11281273581278e-06,3.3054500814473e-06,2.63045382416983e-06,3.75814071266394e-06,2.37892340030631e-06,1.50588206516069e-06,0,0,0,0,0,0,0,0,0,0,0,0,0,0,0,0,0,1.6885475353846e-06,4.11281273581278e-06,3.3054500814473e-06,2.63045382416983e-06,3.75814071266394e-06,2.37892340030631e-06,1.50588206516069e-06,0,0,0,0,0,0,0,0,0,0,0,0,0,0,0,0,0,0,0,0,0,0,0,0
"29",2025,29,0,1.86311003564369e-06,4.56073553039813e-06,3.66738147179373e-06,2.91853556807711e-06,4.16974124980422e-06,2.63947347103686e-06,1.6708155740248e-06,0,0,0,0,0,0,0,0,0,0,0,0,0,0,0,0,0,1.86311003564369e-06,4.56073553039813e-06,3.66738147179373e-06,2.91853556807711e-06,4.16974124980422e-06,2.63947347103686e-06,1.6708155740248e-06,0,0,0,0,0,0,0,0,0,0,0,0,0,0,0,0,0,0,0,0,0,0,0,0
"30",2025,30,0,1.73462127075437e-06,4.26794262658174e-06,3.43377450577811e-06,2.73268768552044e-06,3.90423567237574e-06,2.47141181680277e-06,1.56443355103341e-06,0,0,0,0,0,0,0,0,0,0,0,0,0,0,0,0,0,1.73462127075437e-06,4.26794262658174e-06,3.43377450577811e-06,2.73268768552044e-06,3.90423567237574e-06,2.47141181680277e-06,1.56443355103341e-06,0,0,0,0,0,0,0,0,0,0,0,0,0,0,0,0,0,0,0,0,0,0,0,0
"31",2025,31,0,1.55817310652288e-06,3.85177645939145e-06,3.10061797721403e-06,2.46760769626245e-06,3.52552646978351e-06,2.23169013142369e-06,1.41268922953706e-06,0,0,0,0,0,0,0,0,0,0,0,0,0,0,0,0,0,1.55817310652288e-06,3.85177645939145e-06,3.10061797721403e-06,2.46760769626245e-06,3.52552646978351e-06,2.23169013142369e-06,1.41268922953706e-06,0,0,0,0,0,0,0,0,0,0,0,0,0,0,0,0,0,0,0,0,0,0,0,0
"32",2025,32,0,1.91156834138283e-06,4.74593178648171e-06,3.82247227812563e-06,3.04216033775007e-06,4.34642002993221e-06,2.75132765544142e-06,1.74162929647674e-06,0,0,0,0,0,0,0,0,0,0,0,0,0,0,0,0,0,1.91156834138283e-06,4.74593178648171e-06,3.82247227812563e-06,3.04216033775007e-06,4.34642002993221e-06,2.75132765544142e-06,1.74162929647674e-06,0,0,0,0,0,0,0,0,0,0,0,0,0,0,0,0,0,0,0,0,0,0,0,0
"33",2025,33,0,2.07204016433245e-06,5.1692027937226e-06,4.16566612633925e-06,3.31537563618623e-06,4.73679238171825e-06,2.99844387231689e-06,1.89806095058708e-06,0,0,0,0,0,0,0,0,0,0,0,0,0,0,0,0,0,2.07204016433245e-06,5.1692027937226e-06,4.16566612633925e-06,3.31537563618623e-06,4.73679238171825e-06,2.99844387231689e-06,1.89806095058708e-06,0,0,0,0,0,0,0,0,0,0,0,0,0,0,0,0,0,0,0,0,0,0,0,0
"34",2025,34,0,2.45311381142484e-06,6.15062363817297e-06,4.95929970229088e-06,3.94711398820203e-06,5.63940695418734e-06,3.56981805418768e-06,2.25975423674943e-06,0,0,0,0,0,0,0,0,0,0,0,0,0,0,0,0,0,2.45311381142484e-06,6.15062363817297e-06,4.95929970229088e-06,3.94711398820203e-06,5.63940695418734e-06,3.56981805418768e-06,2.25975423674943e-06,0,0,0,0,0,0,0,0,0,0,0,0,0,0,0,0,0,0,0,0,0,0,0,0
"35",2025,35,0,2.80323598223199e-06,7.06717691014108e-06,5.70151376825423e-06,4.53796539408036e-06,6.48361798985443e-06,4.10422733304466e-06,2.59805059626896e-06,0,0,0,0,0,0,0,0,0,0,0,0,0,0,0,0,0,2.80323598223199e-06,7.06717691014108e-06,5.70151376825423e-06,4.53796539408036e-06,6.48361798985443e-06,4.10422733304466e-06,2.59805059626896e-06,0,0,0,0,0,0,0,0,0,0,0,0,0,0,0,0,0,0,0,0,0,0,0,0
"36",2025,36,0,2.84912310392738e-06,7.22476786407566e-06,5.83195265308374e-06,4.6419164953885e-06,6.63218037169976e-06,4.1982849922064e-06,2.65759832780182e-06,0,0,0,0,0,0,0,0,0,0,0,0,0,0,0,0,0,2.84912310392738e-06,7.22476786407566e-06,5.83195265308374e-06,4.6419164953885e-06,6.63218037169976e-06,4.1982849922064e-06,2.65759832780182e-06,0,0,0,0,0,0,0,0,0,0,0,0,0,0,0,0,0,0,0,0,0,0,0,0
"37",2025,37,0,2.95180372060992e-06,7.52803883572462e-06,6.08023491857344e-06,4.83967800215684e-06,6.91477905176327e-06,4.37719141209015e-06,2.77085769216767e-06,0,0,0,0,0,0,0,0,0,0,0,0,0,0,0,0,0,2.95180372060992e-06,7.52803883572462e-06,6.08023491857344e-06,4.83967800215684e-06,6.91477905176327e-06,4.37719141209015e-06,2.77085769216767e-06,0,0,0,0,0,0,0,0,0,0,0,0,0,0,0,0,0,0,0,0,0,0,0,0
"38",2025,38,0,3.07175354287211e-06,7.87870968312374e-06,6.36714257267339e-06,5.06820231477743e-06,7.2413365087835e-06,4.58392696877058e-06,2.90173457524662e-06,0,0,0,0,0,0,0,0,0,0,0,0,0,0,0,0,0,3.07175354287211e-06,7.87870968312374e-06,6.36714257267339e-06,5.06820231477743e-06,7.2413365087835e-06,4.58392696877058e-06,2.90173457524662e-06,0,0,0,0,0,0,0,0,0,0,0,0,0,0,0,0,0,0,0,0,0,0,0,0
"39",2025,39,0,3.22041932288438e-06,8.30730408132973e-06,6.71742925246296e-06,5.34719756461684e-06,7.64001290214802e-06,4.83631834552803e-06,3.06151399365992e-06,0,0,0,0,0,0,0,0,0,0,0,0,0,0,0,0,0,3.22041932288438e-06,8.30730408132973e-06,6.71742925246296e-06,5.34719756461684e-06,7.64001290214802e-06,4.83631834552803e-06,3.06151399365992e-06,0,0,0,0,0,0,0,0,0,0,0,0,0,0,0,0,0,0,0,0,0,0,0,0
"40",2025,40,0,3.3742663844324e-06,8.75437311122458e-06,7.08311242765485e-06,5.6384735964802e-06,8.05624451993909e-06,5.09982620460286e-06,3.22833203050544e-06,0,0,0,0,0,0,0,0,0,0,0,0,0,0,0,0,0,3.3742663844324e-06,8.75437311122458e-06,7.08311242765485e-06,5.6384735964802e-06,8.05624451993909e-06,5.09982620460286e-06,3.22833203050544e-06,0,0,0,0,0,0,0,0,0,0,0,0,0,0,0,0,0,0,0,0,0,0,0,0
"41",2025,41,0,3.26419354284913e-06,8.51765397066447e-06,6.89569025184835e-06,5.48946450716389e-06,7.84340164093334e-06,4.96511447872091e-06,3.14306682612276e-06,0,0,0,0,0,0,0,0,0,0,0,0,0,0,0,0,0,3.26419354284913e-06,8.51765397066447e-06,6.89569025184835e-06,5.48946450716389e-06,7.84340164093334e-06,4.96511447872091e-06,3.14306682612276e-06,0,0,0,0,0,0,0,0,0,0,0,0,0,0,0,0,0,0,0,0,0,0,0,0
"42",2025,42,0,3.09176694077076e-06,8.1118234637304e-06,6.5710852825024e-06,5.2312384052939e-06,7.47450307158695e-06,4.73161225893227e-06,2.99526317079555e-06,0,0,0,0,0,0,0,0,0,0,0,0,0,0,0,0,0,3.09176694077076e-06,8.1118234637304e-06,6.5710852825024e-06,5.2312384052939e-06,7.47450307158695e-06,4.73161225893227e-06,2.99526317079555e-06,0,0,0,0,0,0,0,0,0,0,0,0,0,0,0,0,0,0,0,0,0,0,0,0
"43",2025,43,0,3.26242843663725e-06,8.6038930116338e-06,6.97391127569914e-06,5.5521259397252e-06,7.93305312423615e-06,5.02191189065147e-06,3.17904259572096e-06,0,0,0,0,0,0,0,0,0,0,0,0,0,0,0,0,0,3.26242843663725e-06,8.6038930116338e-06,6.97391127569914e-06,5.5521259397252e-06,7.93305312423615e-06,5.02191189065147e-06,3.17904259572096e-06,0,0,0,0,0,0,0,0,0,0,0,0,0,0,0,0,0,0,0,0,0,0,0,0
"44",2025,44,0,3.09268221020126e-06,8.19874612360187e-06,6.64957533020411e-06,5.29410849335115e-06,7.56444914044748e-06,4.78859463541031e-06,3.03135528763323e-06,0,0,0,0,0,0,0,0,0,0,0,0,0,0,0,0,0,3.09268221020126e-06,8.19874612360187e-06,6.64957533020411e-06,5.29410849335115e-06,7.56444914044748e-06,4.78859463541031e-06,3.03135528763323e-06,0,0,0,0,0,0,0,0,0,0,0,0,0,0,0,0,0,0,0,0,0,0,0,0
"45",2025,45,0,2.58689010187576e-06,6.89115654332237e-06,5.59249285160219e-06,4.45267210041717e-06,6.36221740607468e-06,4.02755244945795e-06,2.54959623216052e-06,0,0,0,0,0,0,0,0,0,0,0,0,0,0,0,0,0,2.58689010187576e-06,6.89115654332237e-06,5.59249285160219e-06,4.45267210041717e-06,6.36221740607468e-06,4.02755244945795e-06,2.54959623216052e-06,0,0,0,0,0,0,0,0,0,0,0,0,0,0,0,0,0,0,0,0,0,0,0,0
"46",2025,46,0,3.25286654692617e-06,8.702981016962e-06,7.06723235305755e-06,5.62705380919632e-06,8.04029184816017e-06,5.08986290769913e-06,3.2220887534502e-06,0,0,0,0,0,0,0,0,0,0,0,0,0,0,0,0,0,3.25286654692617e-06,8.702981016962e-06,7.06723235305755e-06,5.62705380919632e-06,8.04029184816017e-06,5.08986290769913e-06,3.2220887534502e-06,0,0,0,0,0,0,0,0,0,0,0,0,0,0,0,0,0,0,0,0,0,0,0,0
"47",2025,47,0,2.91428824189978e-05,7.37061685834408e-05,5.32609880052783e-05,3.77875870935943e-05,4.59696185344264e-05,2.34229309169897e-05,1.20726934204624e-05,0,0,0,0,0,0,0,0,0,0,0,0,0,0,0,0,0,3.04369818766351e-06,8.18300328749553e-06,6.64912539686812e-06,5.29436111572498e-06,7.56498086544167e-06,4.78899278542647e-06,3.03163649087814e-06,0,0,1.73266554454551e-06,1.2325601895514e-06,8.59208264914048e-07,1.0155085416438e-06,4.9272013924474e-07,2.39063244504177e-07,0,1.30563022070971e-05,3.18909752714375e-05,2.26862138960741e-05,1.58144081228104e-05,1.86912631383964e-05,9.06892503350661e-06,4.40016046574901e-06,0,1.30428820242373e-05,3.18995244799622e-05,2.26930885227847e-05,1.58196095901448e-05,1.86978659889445e-05,9.07229295881186e-06,4.4018332193311e-06
"48",2025,48,0,2.93711512865853e-05,7.46339713603223e-05,5.40082982622536e-05,3.83521330819816e-05,4.67190231240044e-05,2.38555621412959e-05,1.23259597362042e-05,0,0,0,0,0,0,0,0,0,0,0,0,0,0,0,0,0,3.21191855996429e-06,8.67327829536679e-06,7.05241846975093e-06,5.61600945362169e-06,8.02504077336178e-06,5.0804442790132e-06,3.21620646543108e-06,0,0,1.744257875536e-06,1.24167297810372e-06,8.65642144948793e-07,1.0231724099657e-06,4.96459456727679e-07,2.40882725054119e-07,0,1.30862501624011e-05,3.21040595344921e-05,2.28537418998683e-05,1.59326896143529e-05,1.88321585843481e-05,9.13767063527505e-06,4.43361090596447e-06,0,1.30729825642198e-05,3.21123756549274e-05,2.28604649145306e-05,1.59377918690582e-05,1.88386513563288e-05,9.14098777027996e-06,4.4352596397545e-06
"49",2025,49,0,3.65701647325382e-05,9.3327085708679e-05,6.75409969732941e-05,4.79336190856688e-05,5.83300596190211e-05,2.97322436585117e-05,1.53305783266527e-05,0,0,0,0,0,0,0,0,0,0,0,0,0,0,0,0,0,3.84523492389589e-06,1.04291039661035e-05,8.48606917403914e-06,6.75830493205333e-06,9.65790000189484e-06,6.11442342711091e-06,3.87085744962699e-06,0,0,2.19205688352183e-06,1.56154200438281e-06,1.08874649428723e-06,1.28695462363295e-06,6.24477869302529e-07,3.03004214640214e-07,0,1.63718063257267e-05,4.03473270907909e-05,2.87420446983734e-05,2.00397145996226e-05,2.36880180217785e-05,1.14943147097875e-05,5.57718388319851e-06,0,1.63531234829155e-05,4.03585977682627e-05,2.87513410964988e-05,2.00468530597057e-05,2.36971869717148e-05,1.14990276523108e-05,5.57953277918702e-06
"50",2025,50,0,4.50744233092211e-05,0.000115381654455844,8.33094917937468e-05,5.89325476395171e-05,7.13327529263835e-05,3.60401365705535e-05,1.8389564427964e-05,0,0,0,0,0,0,0,0,0,0,0,0,0,0,0,0,0,3.81432442115108e-06,1.03934736576873e-05,8.46321160555529e-06,6.74085182299193e-06,9.63366264258473e-06,6.09940252336428e-06,3.86145304771924e-06,0,0,2.77632417312312e-06,1.97918739069362e-06,1.38009305677877e-06,1.6314604843967e-06,7.91686837457165e-07,3.84146457907385e-07,0,2.0641107443196e-05,5.10999188462571e-05,3.64282465272548e-05,2.54015783125208e-05,3.00282354708598e-05,1.45716041338368e-05,7.07051594328122e-06,0,2.0618991444874e-05,5.11119377787762e-05,3.64388462702431e-05,2.54100244472257e-05,3.00393943285423e-05,1.45774430758953e-05,7.07344897905614e-06
"51",2025,51,0,3.62399017465866e-05,9.3015574153918e-05,6.70831979159609e-05,4.73599953316932e-05,5.71342687521117e-05,2.87046787412848e-05,1.45476046788449e-05,0,0,0,0,0,0,0,0,0,0,0,0,0,0,0,0,0,2.60341207760758e-06,7.12418319105468e-06,5.80545519036194e-06,4.6245818821479e-06,6.60979932653679e-06,4.18516583518086e-06,2.64966273468628e-06,0,0,2.27168552188456e-06,1.62065531084904e-06,1.13023263199301e-06,1.33620837802534e-06,6.48453269958464e-07,3.14655974447211e-07,0,1.68240767657104e-05,4.180702623622e-05,2.98258478733897e-05,2.08003568466946e-05,2.45910962394594e-05,1.19339151488518e-05,5.79082600476082e-06,0,1.68124129032686e-05,4.18126792047588e-05,2.98312395413602e-05,2.08048239708577e-05,2.45971648080902e-05,1.19371444872937e-05,5.79245996495056e-06
"52",2025,52,0,4.74498907358067e-05,0.000122126711327035,8.80292441608528e-05,6.20651636929355e-05,7.47039311810285e-05,3.73860785265731e-05,1.8857467931752e-05,0,0,0,0,0,0,0,0,0,0,0,0,0,0,0,0,0,2.99749602698568e-06,8.22969305282513e-06,6.7112329517581e-06,5.34672642373004e-06,7.64250372041821e-06,4.83930496230722e-06,3.06388553142683e-06,0,0,3.01235423179628e-06,2.15063296040719e-06,1.50000683018033e-06,1.77350254530989e-06,8.60715363884743e-07,4.17665561417727e-07,0,2.22346722538307e-05,5.54387106154974e-05,3.95799098920147e-05,2.76059568143966e-05,3.26394165002442e-05,1.58405724179627e-05,7.68670731940813e-06,0,2.22177224549903e-05,5.54459534269159e-05,3.95874683566727e-05,2.76124736246286e-05,3.26485084150562e-05,1.58454857824184e-05,7.68920951949935e-06
"53",2025,53,0,6.34455242627595e-05,0.000163817832711782,0.00011806085277148,8.31635543137092e-05,9.99370032530647e-05,4.98731829472624e-05,2.50680134662582e-05,0,0,0,0,0,0,0,0,0,0,0,0,0,0,0,0,0,3.6099598711151e-06,9.94560714949312e-06,8.1167442146508e-06,6.46736871055495e-06,9.24521377132231e-06,5.85456321355518e-06,3.70680079466978e-06,0,0,4.06952391493427e-06,2.90761072701418e-06,2.02826071753966e-06,2.3983056014364e-06,1.16402672305262e-06,5.6486877736011e-07,0,2.99309212425133e-05,7.48965063528017e-05,5.35126104375859e-05,3.73288914000245e-05,4.41394777093249e-05,2.14233127329247e-05,1.03961308392723e-05,0,2.9904643149131e-05,7.4906195294553e-05,5.35238873922289e-05,3.73390334855901e-05,4.41540061709811e-05,2.14312802777299e-05,1.0400213054956e-05
"54",2025,54,0,0.000226172069306025,0.000584707817826175,0.000419418095340776,0.000293653340303545,0.000349285164184849,0.0001712450673076,8.41764083163751e-05,0,0,0,0,0,0,0,0,0,0,0,0,0,0,0,0,0,4.43442997645022e-06,1.22628417554548e-05,1.00159885010061e-05,7.98205581983302e-06,1.14119454266699e-05,7.22732971844828e-06,4.57617860219021e-06,0,0,1.51413696049759e-05,1.08270626323497e-05,7.5539477756373e-06,8.93328140732822e-06,4.3362142550592e-06,2.1043409846713e-06,0,0.000110934488147275,0.000278669866583699,0.000199270325067159,0.000139030892866663,0.00016441952751458,7.98099191290767e-05,3.87314784824871e-05,0,0.0001108031511823,0.000278633739882045,0.00019930471914026,0.000139086443841412,0.000164520409836271,7.98716042050153e-05,3.87644102470265e-05
"55",2025,55,0,0.000286725532702431,0.00074415703789775,0.000534384088067671,0.000374265199062375,0.000445211761541653,0.00021820667260844,0.00010718732731925,0,0,0,0,0,0,0,0,0,0,0,0,0,0,0,0,0,5.23439258399334e-06,1.45306701281496e-05,1.18833394464588e-05,9.47510009841764e-06,1.35526695176398e-05,8.58594915078577e-06,5.43731766071669e-06,0,0,1.92992511105531e-05,1.38177325380814e-05,9.64550755764626e-06,1.14119255757375e-05,5.5412095027066e-06,2.68956258236149e-06,0,0.000140841079577549,0.00035520124028832,0.000254319620144417,0.000177531325837475,0.00021004641967294,0.000101991909155067,4.95045521061985e-05,0,0.000140650060540888,0.000355125876370727,0.000254363395938714,0.000177613265568836,0.000210200746775336,0.000102087604799881,4.95558949699731e-05
"56",2025,56,0,0.000353513362163689,0.00092126798528695,0.000662445203316551,0.000464187322334447,0.000552347252097365,0.000270693587773534,0.000132908382327996,0,0,0,0,0,0,0,0,0,0,0,0,0,0,0,0,0,6.07434177804816e-06,1.6930577085181e-05,1.38659244465976e-05,1.10630615318169e-05,1.58331085340907e-05,1.00349458654931e-05,6.35627068676985e-06,0,0,2.3921286501849e-05,1.71516445504289e-05,1.19805267878465e-05,1.41827456042294e-05,6.88956837215863e-06,3.34472554686064e-06,0,0.000173851883417823,0.000440276594536692,0.000315687977142078,0.000220514247009007,0.000261053216567067,0.000126813857134473,6.15655951575411e-05,0,0.000173587136967817,0.000440139527163228,0.000315739657177446,0.000220629487005777,0.000261278181391978,0.000126955216401409,6.16417909368246e-05
"57",2025,57,0,0.000412495493491087,0.00107946190725887,0.00077738974259434,0.000545099807710172,0.000648948373047524,0.000318073584407141,0.000156127010868008,0,0,0,0,0,0,0,0,0,0,0,0,0,0,0,0,0,6.72844213694078e-06,1.8832075378156e-05,1.54483124378097e-05,1.23353608793653e-05,1.76665767711741e-05,1.12029244810511e-05,7.09792976617057e-06,0,0,2.80567681930397e-05,2.01495435380683e-05,1.40857568441854e-05,1.66868689105417e-05,8.11030635145374e-06,3.93839272435419e-06,0,0.000203049347223337,0.000516392770272804,0.000370869250869508,0.000259266098917166,0.000307149487743373,0.00014928604506824,7.24943873523456e-05,0,0.000202717704130809,0.000516180293414875,0.000370922635748954,0.000259412591069455,0.000307445439622435,0.000149474308506396,7.25963010251373e-05
"58",2025,58,0,0.000448811858300287,0.00117925679006936,0.00085071138520943,0.000597002373088128,0.000711202837673994,0.000348684700225898,0.000171127736405176,0,0,0,0,0,0,0,0,0,0,0,0,0,0,0,0,0,6.99898254895717e-06,1.9670937034503e-05,1.61653702996463e-05,1.29198446753386e-05,1.85191636820448e-05,1.17508939354657e-05,7.44738856154811e-06,0,0,3.06816052063747e-05,2.20741305945922e-05,1.54454164974496e-05,1.83129405349438e-05,8.90617600499344e-06,4.32619424547509e-06,0,0.000221107150518987,0.000564638810446308,0.000406247348219366,0.000284261090967535,0.000337043668667886,0.000163918154005048,7.96242840374246e-05,0,0.000220705725232343,0.000564265437382173,0.000406224536095826,0.000284376020947804,0.000337327064789119,0.000164109476280391,7.97298695607287e-05
"59",2025,59,0,0.000387462236169573,0.00102155456577594,0.000738240709025038,0.000518524144735852,0.000618153152061897,0.000303174130511324,0.000148783378398572,0,0,0,0,0,0,0,0,0,0,0,0,0,0,0,0,0,5.80790019314947e-06,1.63871683277146e-05,1.34923116335523e-05,1.07943064636955e-05,1.54866296392481e-05,9.83338425312711e-06,6.2342159173392e-06,0,0,2.65973116351839e-05,1.91718533922357e-05,1.34281432860586e-05,1.59357138888542e-05,7.75533144133698e-06,3.76842825974849e-06,0,0.000190967824429834,0.000489428458162179,0.000352799460608233,0.000247109361777683,0.000293260585377266,0.000142721442974148,6.93509438823471e-05,0,0.00019068651154659,0.00048914162765086,0.000352777083391017,0.000247192333208415,0.000293470223156529,0.000142863971842712,6.9429790339137e-05
"60",2025,60,0,0.000474521186650749,0.00125553539758572,0.00090888118203878,0.000638916551183838,0.000762211803158156,0.00037396906672424,0.000183523528625613,0,0,0,0,0,0,0,0,0,0,0,0,0,0,0,0,0,6.87548601083918e-06,1.94655452244239e-05,1.60544631986429e-05,1.28554107312649e-05,1.84584143465197e-05,1.17273071587318e-05,7.43710715204665e-06,0,0,3.27093368423989e-05,2.36181424975582e-05,1.65569455360185e-05,1.96645036012644e-05,9.57569979919897e-06,4.65433764592281e-06,0,0.000234021920867216,0.00060190139889274,0.000434624769856657,0.000304691642401177,0.000361888118957599,0.000176226052896028,8.56567320358036e-05,0,0.000233623779772694,0.000601459116626161,0.000434583806485923,0.000304812552515377,0.000362200766252772,0.000176440006870281,8.577535179184e-05
"61",2025,61,0,0.000559398946690512,0.0014855549808897,0.00107750159852041,0.000758244783267663,0.000905386868071153,0.000444461586048604,0.00021813947954123,0,0,0,0,0,0,0,0,0,0,0,0,0,0,0,0,0,7.86650640619585e-06,2.23508947878367e-05,1.84703908471147e-05,1.48057806660045e-05,2.12797152885094e-05,1.35296834172344e-05,8.58321348367255e-06,0,0,3.87226174973612e-05,2.80150538255393e-05,1.96603738278598e-05,2.33733787020044e-05,1.13901063256121e-05,5.53824571673375e-06,0,0.000276028133891948,0.000712556028590651,0.000515541472807354,0.000361807559746269,0.000430150496957887,0.000209621834964092,0.000101926179466005,0,0.000275504306392368,0.000711925440013853,0.000515474681040407,0.00036197106902753,0.000430583277122752,0.000209919961341665,0.000102091840874819
"62",2025,62,0,0.000600217738476569,0.00159965721377773,0.0011627834460276,0.00081925735602579,0.000979297321509434,0.000481082866475144,0.000236160206500149,0,0,0,0,0,0,0,0,0,0,0,0,0,0,0,0,0,8.21902479555586e-06,2.34372926999194e-05,1.9410763752463e-05,1.55791873033189e-05,2.24173528800276e-05,1.42653932374198e-05,9.05382492283218e-06,0,0,4.17154032715617e-05,3.02466632335037e-05,2.12532334062815e-05,2.52964806531878e-05,1.23379872406382e-05,6.00171047242492e-06,0,0.000296286655566474,0.000767623503811059,0.000556606687142913,0.000391120645447621,0.000465543153363494,0.000227067388056071,0.000110456345572513,0,0.000295712058114538,0.000766881013995186,0.000556519331898717,0.000391304289868568,0.000466040334612725,0.000227412097941015,0.000110648325532379
"63",2025,63,0,0.000648913822826514,0.00173547817787396,0.00126440859676487,0.000892042817722856,0.00106757392162763,0.000524870116742216,0.000257724481273589,0,0,0,0,0,0,0,0,0,0,0,0,0,0,0,0,0,8.67940721297472e-06,2.48373225170466e-05,2.06177768057397e-05,1.65703580447847e-05,2.38735340015858e-05,1.52063329005541e-05,9.65549002412794e-06,0,0,4.52752629061947e-05,3.29036612330097e-05,2.31515468445577e-05,2.75905802456634e-05,1.34695731487097e-05,6.55520559012338e-06,0,0.000320438094128066,0.000833125782337569,0.000605500477540517,0.000426055641502012,0.000507764684834893,0.000247894593504623,0.000120643851882851,0,0.000319796321485473,0.000832239810113151,0.000605386681185598,0.000426265271331501,0.00050834512254549,0.000248299617188329,0.000120869933776487
"64",2025,64,0,0.000572791938063151,0.00153648310400899,0.00112204862689357,0.000792696537410202,0.000949861587055528,0.000467397299978287,0.000229576071875539,0,0,0,0,0,0,0,0,0,0,0,0,0,0,0,0,0,7.50014201000592e-06,2.15344572053379e-05,1.79196585522696e-05,1.44230212371105e-05,2.08081878105447e-05,1.32674391196027e-05,8.42862657366874e-06,0,0,4.00943636496145e-05,2.92095123972536e-05,2.05823827113697e-05,2.45622791161505e-05,1.20034421580897e-05,5.84463763420942e-06,0,0.00028288690773252,0.000737778066153178,0.00053750801032155,0.000378765564962561,0.000452019458530346,0.000220904498860228,0.000107562623307641,0,0.000282404888320625,0.000737076217000857,0.000537411445622499,0.000378925568499161,0.000452471661598487,0.000221221919840366,0.00010774018436002
"65",2025,65,0,0.000655549281780967,0.0017638554364839,0.00129098502787539,0.000913243526482024,0.00109561627659891,0.000539565312649871,0.00026510695546999,0,0,0,0,0,0,0,0,0,0,0,0,0,0,0,0,0,8.42835115803151e-06,2.42719103748169e-05,2.02424701840765e-05,1.63138598397289e-05,2.35647205009607e-05,1.50387279520726e-05,9.55821746888081e-06,0,0,4.60429952807561e-05,3.3617778953984e-05,2.37196232025781e-05,2.83406102216607e-05,1.38625496676123e-05,6.75291871451304e-06,0,0.000323863335822128,0.000847237914884405,0.000618630975943279,0.000436502508890739,0.00052155947903657,0.000255123006992641,0.000124280745450466,0,0.000323257594800808,0.000846302615943918,0.00061849380279405,0.000436707534548978,0.000522151466839715,0.000255541028037545,0.00012451507383613
"66",2025,66,0,0.000819554531887186,0.00221237337263458,0.00162336568199863,0.00115015327501313,0.00138181291400803,0.0006812034725703,0.00033483936382263,0,0,0,0,0,0,0,0,0,0,0,0,0,0,0,0,0,1.03694999590412e-05,2.99533051196969e-05,2.50417977188826e-05,2.02118596205916e-05,2.92360436152103e-05,1.86777237050108e-05,1.18772542253074e-05,0,0,5.77721115054064e-05,4.22850077291233e-05,2.98795625555107e-05,3.57506682217607e-05,1.75055712757234e-05,8.53202419169917e-06,0,0.000405046262990615,0.00106306788328349,0.0007781354157768,0.000549874360863952,0.000657950365146522,0.000322181213756171,0.000157030259177511,0,0.00040413876893753,0.00106158007272599,0.000777903460773827,0.000550187491973077,0.00065887583702454,0.000322838963833395,0.000157399826228112
"67",2025,67,0,0.000814975451729044,0.00220654587846237,0.00162372407735837,0.00115250701789328,0.00138699946250152,0.000684604272402821,0.0003366925136102,0,0,0,0,0,0,0,0,0,0,0,0,0,0,0,0,0,1.0160105457042e-05,2.94400229463667e-05,2.46839474171066e-05,1.99600588208503e-05,2.89225320607655e-05,1.85019312523694e-05,1.17732024627362e-05,0,0,5.7632195807873e-05,4.23047193656609e-05,2.99490403779357e-05,3.58967276431253e-05,1.76003896500539e-05,8.58387648076895e-06,0,0.000402841567765424,0.00106048331993978,0.000778490456827323,0.000551147444361673,0.000660631824133268,0.000323923099321621,0.000157983043846118,0,0.000401973778506578,0.00105899033976836,0.000778244953748283,0.000551450474332823,0.000661548378664363,0.000324578852178777,0.000158352390820577
"68",2025,68,0,0.000642739817704083,0.00174427865372011,0.00128704504255223,0.000915111978906342,0.0011030834435412,0.000545108421540031,0.000268227970988465,0,0,0,0,0,0,0,0,0,0,0,0,0,0,0,0,0,7.90504963307112e-06,2.29695482274885e-05,1.93140792470994e-05,1.5646812767893e-05,2.27124223028619e-05,1.45486097054321e-05,9.26373364563977e-06,0,0,4.55606832543421e-05,3.35395405008792e-05,2.37877920309206e-05,2.85619051300145e-05,1.40226480224775e-05,6.84348067923896e-06,0,0.000317680336381806,0.000838343714481473,0.000617176343541692,0.000437746242510594,0.000525619078735114,0.000258063100851273,0.000125944382669645,0,0.000317154431689207,0.000837404707756803,0.000617015079262557,0.000437931131596935,0.000526190037373212,0.000258474062960848,0.000126176373993941
"69",2025,69,0,0.000700162276714934,0.00190466811113473,0.00140876615686951,0.00100314975040982,0.00121088972586188,0.0005989902070192,0.000294874252162571,0,0,0,0,0,0,0,0,0,0,0,0,0,0,0,0,0,8.51510702958288e-06,2.48012932956501e-05,2.09039801004262e-05,1.69598731915086e-05,2.46528504698627e-05,1.58082684506852e-05,1.00711245933132e-05,0,0,4.97603800312861e-05,3.67184298411136e-05,2.6080945753603e-05,3.135912380146e-05,1.54122649187273e-05,7.52563151249295e-06,0,0.000346125872436109,0.000915617143651063,0.000675672696206419,0.000479946930759061,0.000577099823713902,0.000283639412520906,0.000138499919199012,0,0.000345521297249243,0.000914489294156733,0.000675471050721552,0.000480162000705649,0.000577777927876654,0.000284130261128881,0.000138777576857752
"70",2025,70,0,0.000805515691415721,0.0021965885995387,0.00162888689414857,0.00116180894116037,0.00140459082051144,0.000695605906336875,0.00034261651386419,0,0,0,0,0,0,0,0,0,0,0,0,0,0,0,0,0,9.70082628341246e-06,2.83212954085479e-05,2.39312598714184e-05,1.9447235005276e-05,2.83117445472759e-05,1.8175547011546e-05,1.15859810626505e-05,0,0,5.74001273938326e-05,4.24631231904073e-05,3.02100023837754e-05,3.63794950265115e-05,1.79004511419073e-05,8.74566460548829e-06,0,0.00039829486973586,0.00105618909038335,0.000781386759880691,0.000555936498978225,0.000669500516110566,0.000329437778595583,0.000160956952714866,0,0.000397519995396449,0.00105467808635297,0.000781105751206055,0.000556215204793092,0.000670399064827088,0.000330092129587839,0.000161327915481186
"71",2025,71,0,0.000954429475698952,0.00260913481953148,0.00194042406812261,0.00138666957711831,0.00167950259298263,0.000832884119624851,0.000410493538465675,0,0,0,0,0,0,0,0,0,0,0,0,0,0,0,0,0,1.13961805888441e-05,3.33493720069746e-05,2.82591317891026e-05,2.30066316167062e-05,3.3552830633953e-05,2.15691896432172e-05,1.37585016812787e-05,0,0,6.81978598971938e-05,5.05929226136974e-05,3.6060505810918e-05,4.35017413923349e-05,2.14338053687492e-05,1.04790307682705e-05,0,0.000472043429366342,0.00125486746064813,0.000930993734138342,0.000663610010802342,0.000800592236218239,0.000394477416337391,0.000192864791969613,0,0.000470989865743766,0.00125272012697919,0.00093057827958147,0.000663992428888341,0.000801855784738103,0.000395403708275493,0.000193391214046512
"72",2025,72,0,0.000961738634110499,0.00263490441650167,0.00196584539566211,0.00140788904907017,0.00170875872894413,0.000848720563516877,0.000418611562770611,0,0,0,0,0,0,0,0,0,0,0,0,0,0,0,0,0,1.13930548463852e-05,3.34168477985173e-05,2.84070559075767e-05,2.31775722815375e-05,3.38732769867017e-05,2.18101804531217e-05,1.39234155935527e-05,0,0,6.88797413830013e-05,5.12625277802789e-05,3.66175715299629e-05,4.42667402022562e-05,2.18457840440116e-05,1.06890411458793e-05,0,0.000475693718614258,0.00126740549340667,0.000943309205551653,0.000673857309981648,0.000814666535896286,0.000402057717237381,0.00019672912421087,0,0.000474651860649856,0.00126520233391347,0.000942866606422597,0.000674236595277026,0.000815952175858881,0.000403006881782363,0.000197269981820309
"73",2025,73,0,0.00104347253681452,0.00286499761194212,0.00214445873260159,0.00153924752660166,0.00187222702363827,0.000931432840053035,0.000459769520149769,0,0,0,0,0,0,0,0,0,0,0,0,0,0,0,0,0,1.22787664995185e-05,3.60921858335407e-05,3.07796710117488e-05,2.51687742488808e-05,3.68618432211657e-05,2.37732233909457e-05,1.51890469610613e-05,0,0,7.49075174187988e-05,5.59273862494976e-05,4.00378802717688e-05,4.8504902044286e-05,2.39764873234361e-05,1.17412185053624e-05,0,0.000516193583551654,0.00137830924735288,0.00102914880075557,0.000736802665442512,0.000892671873304788,0.000441277670177325,0.000216097426549617,0,0.00051500018676335,0.0013756886613369,0.00102860287458478,0.000737238206638503,0.000894188405068028,0.000442405459161329,0.000216741828133728
"74",2025,74,0,0.0010271537087794,0.00282549042524451,0.00212203979410909,0.00152676513890577,0.00186131739907538,0.000927626155883798,0.000458281339295513,0,0,0,0,0,0,0,0,0,0,0,0,0,0,0,0,0,1.20141157636246e-05,3.53848408575065e-05,3.02792939633022e-05,2.48188090210918e-05,3.6433889849165e-05,2.35392483248373e-05,1.50530830343463e-05,0,0,7.38800016708531e-05,5.53481878031028e-05,3.97179505474895e-05,4.82292822364316e-05,2.3882874621099e-05,1.17058929369563e-05,0,0.000508134529440838,0.00135939383634641,0.00101848236967858,0.000730908508473163,0.000887590860214587,0.000439550380158213,0.000215445086813874,0,0.000507005063574941,0.00135683174636974,0.00101792994266411,0.000731319870864025,0.000889063366775197,0.000440653652779649,0.000216077276510336
"75",2025,75,0,0.00090814297256016,0.00250195585077666,0.00188515089233429,0.00135941950102356,0.00166098798412046,0.000829197212697883,0.000409998769097798,0,0,0,0,0,0,0,0,0,0,0,0,0,0,0,0,0,1.05765533556865e-05,3.12058079343e-05,2.67924542371039e-05,2.2012549213048e-05,3.23887976676551e-05,2.09629651281921e-05,1.3417590024202e-05,0,0,6.54173757222271e-05,4.91719033843384e-05,3.53689339692608e-05,4.30471628251376e-05,2.13545274495617e-05,1.047601433147e-05,0,0.000449215554222331,0.00120367513598962,0.000904817660952131,0.000650862258174366,0.000792199571292015,0.000393004841971712,0.000192802625252235,0,0.000448350864982143,0.00120165753113052,0.000904368873760719,0.00065117575966689,0.000793352452335656,0.000393874878148417,0.000193302539489891
"76",2025,76,0,0.00106182157892607,0.00293037486919962,0.00221479288947564,0.00160061089029023,0.00195985937187642,0.000980003675369588,0.000484959980999516,0,0,0,0,0,0,0,0,0,0,0,0,0,0,0,0,0,1.23290804656507e-05,3.64361677696698e-05,3.13768784252789e-05,2.58330626293832e-05,3.80882113142054e-05,2.46908452849407e-05,1.58163383588131e-05,0,0,7.66336823909182e-05,5.7775637952578e-05,4.16446606154772e-05,5.07894741368663e-05,2.52352887897035e-05,1.23897822812817e-05,0,0.000525321714759724,0.00141004377170827,0.00106313911128812,0.000766357965629862,0.000934701695831114,0.000464438968160513,0.000228031365187587,0,0.000524170783700693,0.00140726124733077,0.00106250126180967,0.000766775201415506,0.000936279990594234,0.000465638573134431,0.000228722495171834
"77",2025,77,0,0.00129472916426604,0.00357928725250006,0.00271483458132232,0.00196703512117943,0.0024146444118708,0.00120978442326721,0.000599255639732097,0,0,0,0,0,0,0,0,0,0,0,0,0,0,0,0,0,1.49965881266079e-05,4.43897880722959e-05,3.83556790259334e-05,3.16558635648059e-05,4.67856998497046e-05,3.03856581568991e-05,1.9482715336213e-05,0,0,9.3628287510299e-05,7.08277553105526e-05,5.11774172657062e-05,6.2566162410582e-05,3.1144883452119e-05,1.53057503106366e-05,0,0.000640698599701769,0.00172272206931368,0.00130331971348168,0.000941800261735744,0.00115147102312562,0.000573226310972543,0.000281713092566655,0,0.000639033976437667,0.00171854710760379,0.00130233143350415,0.000942401578613176,0.00115382152648489,0.000575027570685646,0.000282754081518592
"78",2025,78,0,0.00141279148990803,0.00391130079828016,0.0029786928117445,0.00216475005603521,0.00266535761868864,0.00133852761129962,0.000663809088617529,0,0,0,0,0,0,0,0,0,0,0,0,0,0,0,0,0,1.63254995364422e-05,4.83929962078365e-05,4.19812890401591e-05,3.4750841140549e-05,5.15112421792989e-05,3.35315858739832e-05,2.15248991914681e-05,0,0,0.000102329132279274,7.77182634581936e-05,5.63227659712641e-05,6.90596093612038e-05,3.44563432866637e-05,1.69529080747099e-05,0,0.00069920045646652,0.00188279491509789,0.00143010999668341,0.00103649281089392,0.00127099165718396,0.000634185526706057,0.000312036731924256,0,0.000697265533905063,0.00187778375469516,0.00142888326256273,0.00103718363802948,0.00127379510996418,0.000636354155432915,0.000313294549427094
"79",2025,79,0,0.00112247038873937,0.0031100156376141,0.00237804462356797,0.00173350320017081,0.00214089929217034,0.00107771547690496,0.000535112636342664,0,0,0,0,0,0,0,0,0,0,0,0,0,0,0,0,0,1.29359175944209e-05,3.83885289661464e-05,3.34441859336638e-05,2.77734481336634e-05,4.13016759899364e-05,2.69536806288377e-05,1.73246577407362e-05,0,0,8.13464273064292e-05,6.20448326679453e-05,4.51090324142629e-05,5.54883383728268e-05,2.7755057313255e-05,1.36733443956185e-05,0,0.000555369162530202,0.00149672937131092,0.0011416789187163,0.000830100004653819,0.00102116886969068,0.000510811757579023,0.000251654718416425,0,0.00055416530861475,0.00149355131003061,0.00114087668625006,0.000830520714969062,0.00102294040811691,0.000512194981383846,0.000252459915789884
"80",2025,80,0,0.00116067047536633,0.00321907570590525,0.0024699904497626,0.00180520127232534,0.00223526303169762,0.00112752077803901,0.000560425760299669,0,0,0,0,0,0,0,0,0,0,0,0,0,0,0,0,0,1.33581100778516e-05,3.96829760571437e-05,3.46914163018265e-05,2.88834052244619e-05,4.30634042173504e-05,2.81604950796375e-05,1.81191753688312e-05,0,0,8.42043368991863e-05,6.44466534449371e-05,4.6975965829079e-05,5.79343881035717e-05,2.90374737038704e-05,1.43200110836513e-05,0,0.000574286701578728,0.00154930340436735,0.00118586938936638,0.000864453642502224,0.00106618476094665,0.000534415154012688,0.000263557503040883,0,0.000573025663709751,0.00154588498858157,0.00118498299064946,0.000864888258769575,0.00106808047843005,0.00053590765524281,0.000264429070806303
"81",2025,81,0,0.00143992617084897,0.00399795308710858,0.00307900582433551,0.00225665734990495,0.00280225499642504,0.00141671081361679,0.000704976260167267,0,0,0,0,0,0,0,0,0,0,0,0,0,0,0,0,0,1.65632112263303e-05,4.9252713807199e-05,4.32092679288437e-05,3.60709115664179e-05,5.39240337828613e-05,3.53373105733706e-05,2.27616549823871e-05,0,0,0.000104608517830845,8.03459306519005e-05,5.87212635222596e-05,7.26146701777745e-05,3.64727945212243e-05,1.80064399014925e-05,0,0.00071262844499747,0.00192469520521499,0.00147843175164979,0.00108061099693762,0.00133639801164335,0.000671290332938011,0.000331424333071541,0,0.000710734514625165,0.00191939665025554,0.00147701887410497,0.00108125417787866,0.00133931828082105,0.000673610375584182,0.000332783832211846
"82",2025,82,0,0.000230361418829877,0.00443036734162945,0.00342673735077427,0.00251998685054964,0.00314001139171719,0.0015918033623598,0.000793215552196237,0,0,0,0,0,0,0,0,0,0,0,0,0,0,0,0,0,1.83341194550152e-05,5.45594190122612e-05,4.8066623160679e-05,4.0257559461276e-05,6.03839667592534e-05,3.96755434707994e-05,2.55908669200991e-05,0,0,0.00011596697003618,8.94456439932107e-05,6.55866615989641e-05,8.13757672398014e-05,4.09818608990972e-05,2.02601899265902e-05,0,0.000212027299374862,0.00213365172126715,0.00164586817359662,0.00120695718000989,0.00149765961973554,0.000754298338719484,0.000372916872381637,0,0,0.00212618923131386,0.00164335691002376,0.00120718544947951,0.00150059203798259,0.000756847619270422,0.00037444762296791
"83",2025,83,0,1.90092318855871e-05,0.00442670048947669,0.00353041585730842,0.00260569595487381,0.00325896821811411,0.00165705476496703,0.000827007848836086,0,0,0,0,0,0,0,0,0,0,0,0,0,0,0,0,0,1.90092318855871e-05,5.59589700155542e-05,4.95241998550978e-05,4.16286490541067e-05,6.2672548717323e-05,4.13014106304412e-05,2.66803179577794e-05,0,0,0,9.21728214043579e-05,6.78313469280242e-05,8.4473654862073e-05,4.26682394928442e-05,2.11261818596547e-05,0,0,0.00218949151803426,0.00169585211692554,0.00124812178973441,0.00155450006967609,0.000785251626104327,0.0003888148677919,0,0,0.00218125000142687,0.00169286671912342,0.00124811416915727,0.00155732194485863,0.00078783348873942,0.000390386481226753
"84",2025,84,0,1.98698896485753e-05,0.00456756183402164,0.00365784884564396,0.00270982871376054,0.0034023038403878,0.00173531264774959,0.000867461907607947,0,0,0,0,0,0,0,0,0,0,0,0,0,0,0,0,0,1.98698896485753e-05,5.77593384260359e-05,5.1328789618092e-05,4.33053877363536e-05,6.54464355379998e-05,4.32619387188058e-05,2.7991285087488e-05,0,0,0,9.55041655259835e-05,7.05433725926324e-05,8.81874189834848e-05,4.46810353533431e-05,2.21580126967768e-05,0,0,0.00225930290136342,0.00175713244201324,0.00129801890090153,0.00162284070457684,0.000822296798419319,0.000407807046104898,0,0,0.00225049959423219,0.00175388344848665,0.00129796105253002,0.00162582928128948,0.00082507287525812,0.000409505563718785
"85",2025,85,0,2.19145467581892e-05,0.00496790543677692,0.00399529760148292,0.00297134086235683,0.00374579447858627,0.00191678984299324,0.000959823082961733,0,0,0,0,0,0,0,0,0,0,0,0,0,0,0,0,0,2.19145467581892e-05,6.28709753016535e-05,5.61050640595035e-05,4.75153069516697e-05,7.209342065279e-05,4.78083592287978e-05,3.09844270802151e-05,0,0,0,0.000104325000337539,7.73524238301132e-05,9.7083165717889e-05,4.93458389753781e-05,2.45121937235112e-05,0,0,0.00245774331041073,0.00191939914024539,0.00142330189574224,0.00178655161124069,0.000908158904269947,0.00045114271689481,0,0,0.00244729115106453,0.00191546839684049,0.00142317123583281,0.0017900662809749,0.00091147674051912,0.000453183745263197
"86",2025,86,0,2.43085245622575e-05,0.00542536712268698,0.0043828141098673,0.00327328729985385,0.00414475084573627,0.00212861890899165,0.00106791602970845,0,0,0,0,0,0,0,0,0,0,0,0,0,0,0,0,0,2.43085245622575e-05,6.87339197256406e-05,6.16094222880184e-05,5.23919518439358e-05,7.98363906435808e-05,5.31292851483748e-05,3.44961642163865e-05,0,0,0,0.000114456602811605,8.52145069038198e-05,0.000107413667149173,5.47889636723129e-05,2.72661261375813e-05,0,0,0.00268457356910699,0.00210577379873317,0.00156795888112428,0.00197666869469686,0.001008349801188,0.000501838832004752,0,0,0.00267205963385435,0.00210097428603451,0.00156772195998182,0.00198083209324666,0.00101235085898297,0.000504314907349727
"87",2025,87,0.0188863857531011,0.000885839723612707,0.000590408216417945,0.000475144847640203,0.000356102658019233,0.000452601621751651,0.00023318489003517,0.000117205479135496,0,0,0,0,0,0,0,0,0,0,0,0,0,0,0,0,0.000308215374503546,1.03300808957651e-05,7.69715964345939e-06,6.93195937980852e-06,5.92124319488402e-06,9.06572053071168e-06,6.05645369474035e-06,3.94038924674918e-06,0.000515355819757396,1.63969091238286e-05,0,8.74066972118519e-06,6.53645752204329e-06,8.27794700142258e-06,4.23856994941726e-06,2.1135861100031e-06,0.00922309116388896,0.000375478378372282,0.000254202955120727,0.000200415790101439,0.000149876475684534,0.000189809405775198,9.71891555988932e-05,4.84641001772189e-05,0.00883972339495116,0.00048363435522083,0.000328508101653759,0.00025905642843777,0.000193768481617771,0.000245448548444319,0.000125700710792119,6.2687403601525e-05
"88",2025,88,0.0177223774802491,0.00172132542559667,0.00129575869433037,0.00102521477428917,0.000762925164629051,0.000962069915337002,0.000495005922910668,0.000248636374748579,0,0,0,0,0,0,0,0,0,0,0,0,0,0,0,0,0.000295151711431089,1.9287845890411e-05,1.6177304943526e-05,1.43241064495543e-05,1.2148348309466e-05,1.845389551933e-05,1.23135120391303e-05,8.00802840978809e-06,0.000511619821686651,3.18066981145136e-05,0,1.87663558993662e-05,1.39338943213572e-05,1.7508006858605e-05,8.95393322810919e-06,4.46312649226973e-06,0.0088512817730611,0.000733303552798669,0.000559697687562137,0.000433836285203645,0.000322126707831194,0.000404761944010566,0.000207006480717579,0.000103184150063849,0.00806432417407029,0.000936927328793079,0.000719883701824706,0.000558288026736607,0.000414716214167033,0.0005213460689485,0.000266731996925849,0.000132981069782672
"89",2025,89,0.0133944781062887,0.00275239945429406,0.00235150340478026,0.00184099151202616,0.00136379986953368,0.00171126600545465,0.000880338158835793,0.000442224578809737,0,0,0,0,0,0,0,0,0,0,0,0,0,0,0,0,0.000229156928878253,3.09845864787135e-05,2.93588848979143e-05,2.56869255919142e-05,2.16819593781092e-05,3.27652714391536e-05,2.18554973254515e-05,1.42137320818894e-05,0.000422811551071371,5.4435546626775e-05,0,3.58598517461949e-05,2.64996979199965e-05,3.31248232684272e-05,1.69350994031655e-05,8.44149991432421e-06,0.00690253032040701,0.0012114399693634,0.00104780383335604,0.000802487288134584,0.000593043589716148,0.000741337562096794,0.000379021347359164,0.000188930706567545,0.00583997930593204,0.00145553935182517,0.00127434068652631,0.000976957446553468,0.00072257462251943,0.000904038348650274,0.000462526214748012,0.000230638640245979
"90",2025,90,0.0084546175607631,0.00379741940092235,0.00365031461345007,0.00284339991582469,0.00210246158558036,0.00263310530418483,0.0013559823831877,0.000681654466565352,0,0,0,0,0,0,0,0,0,0,0,0,0,0,0,0,0.000150217299208885,4.36240537686047e-05,4.60683590023934e-05,4.00188457755713e-05,3.37065775885547e-05,5.08237056684117e-05,3.39271472683078e-05,2.20766895964732e-05,0.000299951513889416,8.30100279278795e-05,0,6.05322388589005e-05,4.46361643812272e-05,5.56725379705962e-05,2.84848749049667e-05,1.42065572947812e-05,0.00450687453665515,0.0017408016578675,0.0016892534628538,0.00128441422541902,0.000947179772182535,0.00118144866987705,0.000604520187074313,0.000301506806757381,0.00349757421100965,0.00192998366135837,0.00191499279159388,0.0014584346057712,0.00107693907142804,0.00134516039066877,0.000689050173940113,0.000343864412916717
"91",2025,91,0.00439966564916319,0.00436282049172058,0.00474268138505895,0.00369112157697557,0.00273079894615193,0.00342303713251857,0.00176672937482225,0.00088932915660278,0,0,0,0,0,0,0,0,0,0,0,0,0,0,0,0,8.04347997707986e-05,5.1873091464159e-05,6.07169313040825e-05,5.25856988373638e-05,4.4304386010953e-05,6.68430501115026e-05,4.47089656241333e-05,2.91259796390223e-05,0.000172647471388063,0.000106106353349927,0,8.55645464228942e-05,6.31140997491706e-05,7.87667315677266e-05,4.0381075155281e-05,2.01629845104808e-05,0.00239745450202682,0.00207387543700687,0.00226185271041793,0.00171447938582436,0.00126474572093333,0.00157855472909925,0.00080933199047871,0.000404129298266853,0.00174912887597751,0.00213096560989962,0.00242011174333693,0.00183849194589096,0.00135863473945847,0.00169887262174009,0.000872307343564125,0.000435910894186423
"92",2025,92,4.1368862908376e-05,0.00485609025537618,0.00608889006053097,0.00476283094288807,0.00353817260474601,0.00445421553700386,0.00230683250153427,0.00116330717106324,0,0,0,0,0,0,0,0,0,0,0,0,0,0,0,0,4.1368862908376e-05,6.07220520208394e-05,7.79524470179984e-05,6.77622325203811e-05,5.73095719867333e-05,8.6811296697382e-05,5.82499696931437e-05,3.80115480392247e-05,0,0.000130235312025059,0,0.000115806979751272,8.57494869847576e-05,0.000107446609181247,5.52604349018735e-05,2.76394272460431e-05,0,0.00238310704878061,0.00294773033888775,0.00224237659386862,0.00166056906524243,0.00208100065657559,0.00107037849203134,0.00053539576481907,0,0.00228202584254967,0.00306320727462522,0.00233688513674779,0.00173454448053208,0.00217895697454964,0.00112294360490791,0.000562260430958897
"93",2025,93,0,0.00459798216046367,0.00615569192037161,0.00484815612596023,0.00361954542004159,0.00458097035741959,0.0023829553030307,0.00120474279823003,0,0,0,0,0,0,0,0,0,0,0,0,0,0,0,0,0,5.50271748317057e-05,8.22360534068877e-05,7.18508410078594e-05,6.10649761375918e-05,9.29778909659198e-05,6.26459202778961e-05,4.09701544653793e-05,0,0.00012140789376913,0,0.00012597607796718,9.37360099928074e-05,0.000118061232908607,6.09711076680073e-05,3.05629302747415e-05,0,0.00222447675864787,0.00303839047460153,0.00232305230374043,0.00172875300415599,0.00217767256699584,0.00112475283066247,0.000563836439729255,0,0.00219707033321496,0.00303506539236318,0.00232727690324476,0.00173599142975521,0.00219225866654923,0.00113458544442233,0.000569373273760659
"94",2025,94,0,0.00436476720874106,0.00599552479665384,0.00474599097841116,0.003560608078758,0.00452993786099461,0.00236638796426045,0.00119908822855417,0,0,0,0,0,0,0,0,0,0,0,0,0,0,0,0,0,5.21838883600294e-05,8.01802046387663e-05,7.04120250149339e-05,6.01372558488855e-05,9.20465459561674e-05,6.2281601334447e-05,4.08243780210829e-05,0,0.000115111644762091,0,0.000123419189814156,9.22861937073925e-05,0.000116845848250829,6.05994674355847e-05,3.04456009084862e-05,0,0.00211052126984084,0.00296005040910539,0.00227471750692117,0.00170112184064267,0.0021541180251168,0.00111730600518641,0.000561374686946961,0,0.00208695040577809,0.00295529418290969,0.00227744225666089,0.00170706278855905,0.00216692744167081,0.00112620089030401,0.00056644356267764
"95",2025,95,0.00656568281228193,0.00287808842348142,0.00420776720435165,0.00326007965730159,0.0025123265835604,0.00321104739590669,0.00168356652398583,0.000854664567302547,0,0,0,0,0,0,0,0,0,0,0,0,0,0,0,0,0.000113859735358797,3.44596964096996e-05,5.43367496020484e-05,4.79520459342191e-05,4.11504161934015e-05,6.33089630036821e-05,4.3016094913452e-05,2.82597372418605e-05,0.000235997556228092,0,0,0,5.64746112046716e-05,7.18702253617788e-05,3.74291597510595e-05,1.88467990604122e-05,0.00350354747052838,0.00137211513362397,0.0019856975354393,0.00153418452222345,0.001152394408308,0.00146666824674814,0.000763874229058898,0.00038464914302431,0.00271227805016665,0.00147151359344775,0.0021677329193103,0.00167794308914391,0.00126230714785433,0.0016091999607931,0.000839247040262421,0.000422908887975964
"96",2025,96,0.018836698668822,0.000382053159282975,0.00056524030394731,0.000439289828467568,0.000338508938473543,0.0004340590689123,0.000228274750732351,0.0001161445222705,0,0,0,0,0,0,0,0,0,0,0,0,0,0,0,0,0.000312889463903466,5.04841211675135e-06,8.21263777387381e-06,7.27459268635574e-06,6.26174047960219e-06,9.66843028799676e-06,6.58876336463447e-06,4.33549931912755e-06,0.000505925694838147,0,0,0,6.66470752790982e-06,8.51202449187053e-06,4.44591884455652e-06,2.24221231906256e-06,0.00913659620650603,0.00016883787467007,0.000249326615116541,0.000193346129819778,0.000145697314322472,0.000186083311868355,9.71940118635628e-05,4.90181073107689e-05,0.00888128730357432,0.000208166872496154,0.000307701051056896,0.000238669105961434,0.000179885176143559,0.000229795302264078,0.000120046056659597,6.05487033215413e-05
"97",2025,97,0.0173566270379703,0.000703674079205843,0.000971180955288185,0.000754992949568918,0.000582146729489889,0.000746878736040754,0.000392925436952228,0.000199941588899812,0,0,0,0,0,0,0,0,0,0,0,0,0,0,0,0,0.000288161673868676,9.13785106053558e-06,1.38534656885566e-05,1.22739686515809e-05,1.0569657351347e-05,1.63287436794238e-05,1.11320032827911e-05,7.32677604924659e-06,0.000478438501859246,0,0,0,1.15589569800091e-05,1.4770767730406e-05,7.71802435734824e-06,3.89338202151556e-06,0.00850655017400238,0.000312935119283411,0.000430877405561221,0.000334212230386143,0.000251953813922093,0.00032196783328176,0.000168236988705334,8.48683052752534e-05,0.00808347668823995,0.000381601108861896,0.000526450084038407,0.000408506750531194,0.000308064301236439,0.000393811391349165,0.000205838420606755,0.000103853125553797
"98",2025,98,0.0176567475582969,0.00154899914825827,0.00203677720965415,0.00158443918329673,0.00122199516748885,0.0015691278967535,0.000825861845298505,0.000420212366386726,0,0,0,0,0,0,0,0,0,0,0,0,0,0,0,0,0.000300622636863022,1.84433175904792e-05,2.70904796741844e-05,2.40152005091401e-05,2.06955841679744e-05,3.19999794595269e-05,2.1830689831455e-05,1.43740294096892e-05,0.000520478748918239,3.03425333311644e-05,0,0,2.36804711176624e-05,3.02871830025109e-05,1.5836652334294e-05,7.99206072733398e-06,0.00888478650707533,0.000673619678196177,0.000900049965724582,0.000698523490838208,0.000526960084212973,0.000674001476389424,0.000352433751680407,0.000177860450131369,0.00795085966544028,0.00082659361914045,0.00110963676425538,0.000861900491949385,0.000650659027990244,0.000832839257902041,0.000435760751452348,0.000219985826118334
"99",2025,99,0.0139200381031422,0.0028562521949949,0.00376043348349868,0.0029307601810559,0.00226591308947532,0.00291555150116239,0.00153690464003369,0.000782560919926277,0,0,0,0,0,0,0,0,0,0,0,0,0,0,0,0,0.000248806594135133,3.31341939768605e-05,4.84485783606595e-05,4.30145019262508e-05,3.71239580142304e-05,5.75039811772295e-05,3.92862308815667e-05,2.58880545410831e-05,0.000461738402253891,5.85912636833269e-05,0,0,4.56673673898505e-05,5.85130246454407e-05,3.06399872325712e-05,1.54752225255809e-05,0.00729471168198773,0.00127471954789869,0.00170158531396406,0.00132262570635504,0.000999192624605496,0.00128033570748884,0.00067047614083441,0.000338644653138588,0.00591478142476546,0.00148980718943602,0.00201039959117396,0.00156511997277462,0.00118392913946574,0.00151919878785088,0.000796502281085141,0.000402552989721025
"100",2025,100,0.00836571011580456,0.00437779838087821,0.00610552444189161,0.00477585593585476,0.00371003944812191,0.00479167234939524,0.00253369502963913,0.00129225575134165,0,0,0,0,0,0,0,0,0,0,0,0,0,0,0,0,0.000164023154274789,5.25636328069352e-05,7.84016475545364e-05,6.9825770328774e-05,6.04275968185323e-05,9.39045619387547e-05,6.43263709062895e-05,4.24507853420132e-05,0.000330663126370322,0,0,0,8.10463952045773e-05,0.000104183017747938,5.47019180747783e-05,2.76691347146895e-05,0.00460035099116377,0.00208350853772515,0.00286337767154587,0.0022326704754531,0.00169107887976416,0.00217408595441646,0.00114162635527087,0.000577483305082681,0.00327067284399568,0.00224172621034613,0.0031637451227912,0.00247335969007288,0.00187748657633463,0.00241949881529209,0.00127304038538719,0.000644652526202267
"101",2025,101,0.00161934696740716,0.00505044380194363,0.00778251923418201,0.00612238117636398,0.00478760352225656,0.00621875139424184,0.00330419503091666,0.00168981679694103,0,0,0,0,0,0,0,0,0,0,0,0,0,0,0,0,7.53983970321685e-05,6.44341799944274e-05,0.00010188064865592,9.12180140948838e-05,7.92851423121689e-05,0.000123857820179694,8.52174219017781e-05,5.63725828775008e-05,0,0,0,0,0.0001140422227526,0.000147372367230894,7.77198704259922e-05,3.94070378607259e-05,0.00154394857037499,0.00251334571692887,0.00375484031411646,0.00294333761252011,0.00223882321177876,0.002893607059563,0.00152621003091254,0.00077390532847911,0,0.00247266390502033,0.00392579827140963,0.00308782554974898,0.00235545294541303,0.00305391414726826,0.00161504770767635,0.000820131847723695
"102",2025,102,0,0.00519020160218341,0.00841108221706854,0.0066638351897559,0.00525139793029308,0.00686949993129182,0.0036724314127027,0.00188494169977092,0,0,0,0,0,0,0,0,0,0,0,0,0,0,0,0,0,6.58902105855964e-05,0.000116186898331677,0.000104743254652871,9.15411459002315e-05,0.000143967316204056,9.96161702468784e-05,6.61034036431996e-05,0,0,0,0,0.000135825597493683,0.000176706293513275,9.37203694541785e-05,4.76687860068427e-05,0,0.00257853828546468,0.00415245093020617,0.00327744203601733,0.00250645049817895,0.00326145550991252,0.001730069623457,0.000880039085765901,0,0.00254577310613314,0.0041424443885307,0.0032816498990857,0.00251758068872021,0.00328737081166197,0.00174902524954464,0.000891130424354972
"103",2025,103,0,0.005453635661401,0.00903410253476994,0.00721072025002145,0.00557130080128231,0.00753346617752136,0.00405324080049926,0.00208783349578539,0,0,0,0,0,0,0,0,0,0,0,0,0,0,0,0,0,6.9296009839048e-05,0.000125149540268489,0.000113651096848426,9.99074166560542e-05,0.00015827549247832,0.000110201074942255,7.33804946197191e-05,0,0,0,0,0,0.000194000535270139,0.00010353673476409,5.2844306918246e-05,0,0.00270923676968153,0.00446269412189563,0.00354816399916536,0.00273081596590415,0.00357743122824552,0.00190958720940241,0.000974732468050037,0,0.00267510288188041,0.00444625887260582,0.00354890515400766,0.00274057741872211,0.00360375892152738,0.0019299157813905,0.000986876226197385
"104",2025,104,0,0.00537226215847662,0.00907297370380566,0.00729768959957755,0.00567685349076595,0.00773269342946884,0.00418905585814898,0.00216612902158469,0,0,0,0,0,0,0,0,0,0,0,0,0,0,0,0,0,6.83476685550559e-05,0.000126028549154839,0.000115336724398999,0.000102079068101975,0.000162900237536034,0.000114195148012249,7.63298276136088e-05,0,0,0,0,0,0.000199275166062551,0.000107077742983234,5.48599885970245e-05,0,0.00266795062460231,0.00448300961048637,0.00359194317295918,0.00278331671526617,0.00367287277914364,0.00197392330297961,0.00101141713103465,0,0.00263596386531925,0.00446393554416445,0.00359040970221937,0.00279145770739781,0.00369764524672661,0.00199385966417388,0.0010235220743394
"105",2025,105,0,0.0052358575682558,0.00899459595716486,0.00728951403841842,0.00570878098360571,0.0078337057579394,0.00427349615486133,0.00221856971113029,0,0,0,0,0,0,0,0,0,0,0,0,0,0,0,0,0,6.6740010712168e-05,0.000125314062101048,0.000115558632373069,0.000102968453783521,0.000165533335443587,0.000116849694583329,7.84110324571759e-05,0,0,0,0,0,0.000201979278786135,0.000109287173049986,5.62120216595548e-05,0,0.0025993533139333,0.00444481735108069,0.00358852730740441,0.00279950492922568,0.00372149723437471,0.00201399825291058,0.00103600871910199,0,0.00256976424361033,0.00442446454398313,0.00358542809864094,0.00280630760059651,0.00374469590933497,0.00203336103431743,0.00104793793791157
"106",2025,106,0,0.00494889576541397,0.00862966515044756,0.00704503501510735,0.00555376785882605,0.00767699375918193,0.00421761559969318,0.0021985456427863,0,0,0,0,0,0,0,0,0,0,0,0,0,0,0,0,0,6.39427905501425e-05,0.00012199522320371,0.000113332721200377,0.000101657331031411,0.000164626907978328,0.000117025928995163,7.88432755739673e-05,0,0,0,0,0,0.00019798606214424,0.000107878625089939,5.5709368982865e-05,0,0.00245538825892476,0.0042637540085218,0.00346786872393612,0.00272337737848837,0.00364692579197684,0.00198748909622746,0.00102645806325387,0,0.00242956471593907,0.00424391591872205,0.00346383356997086,0.00272873314930627,0.00366745499708252,0.00200522194938062,0.0010375349349756
"107",2025,107,0,0.00325473815366784,0.0098535993043418,0.00810223623508395,0.00642917241610423,0.0089522663148414,0.00495381322852857,0.00259325955428383,0,0,0,0,0,0,0,0,0,0,0,0,0,0,0,0,0,7.31538244906286e-05,0.000141535966857596,0.000132402384224797,0.000119513931838399,0.000194914043342857,0.000139503839278771,9.4357185537864e-05,0,0,0,0,0,0.000230767427634855,0.000126603017553422,6.56370564583115e-05,0,0.0027654418737389,0.00486965248776537,0.00398828976425504,0.00315191142718776,0.00425043053541799,0.00233233968603075,0.00120933854403952,0,0.000416142455438306,0.00484241084971883,0.00398154408660411,0.00315774705707807,0.0042761543084457,0.00235536668566563,0.00122392676824814
"108",2025,108,0,7.71068736622264e-05,0.0101464224841007,0.00840836753126947,0.00672032934716866,0.0094348422541557,0.00526344619742409,0.00276865969114206,0,0,0,0,0,0,0,0,0,0,0,0,0,0,0,0,0,7.71068736622264e-05,0.000148409269167837,0.000139913203435549,0.000127197274459421,0.000209124736059075,0.000150862978756267,0.000102510302858391,0,0,0,0,0,0.000243472164865299,0.00013463434954752,7.01228799655706e-05,0,0,0.00502063627302585,0.00414396067757401,0.00329837089223005,0.00448385700440623,0.00248000172460554,0.00129184369945234,0,0,0.00497737694190699,0.00412449365025991,0.00329476118047919,0.0044983883488251,0.00249794714451477,0.00130418280886576
"109",2025,109,0,7.99517245905252e-05,0.00998872703534232,0.00834180716242354,0.00671564705549992,0.00926641877227835,0.00534871611825785,0.00282773587475642,0,0,0,0,0,0,0,0,0,0,0,0,0,0,0,0,0,7.99517245905252e-05,0.00014882894197189,0.000141401660986858,0.000129486817728882,0.000214668296254559,0.000156149547858157,0.000106620009084217,0,0,0,0,0,0,0.0001367881215238,7.15923319702869e-05,0,0,0.00494122099275476,0.00411016312318306,0.00329529137645074,0.00451924609688504,0.00251915435853425,0.00131864442682555,0,0,0.00489867710061566,0.00409024237825362,0.0032908688613203,0.00453250437913875,0.00253662409034164,0.00133087910687636
"110",2025,110,0,8.01012344497154e-05,0.00949536610327064,0.00798797346688313,0.00647592539038823,0.00901328227384801,0.00524376424162455,0.00278633617250563,0,0,0,0,0,0,0,0,0,0,0,0,0,0,0,0,0,8.01012344497154e-05,0.000144210059362917,0.000138032250739883,0.00012729657889019,0.000212876818232793,0.000156061202523578,0.000107086008099484,0,0,0,0,0,0,0.000134074286606027,7.05184990758688e-05,0,0,0.00469502222033836,0.00393439774776846,0.00317670062989434,0.0043945640781729,0.00246887586929257,0.00129870450999912,0,0,0.00465613382356936,0.00391554346837479,0.0031719281816037,0.00440584137744232,0.00248475288320238,0.00131002715533116
"111",2025,111,0,7.98360185818375e-05,0.00163009760240978,0.00759950429805276,0.00620157223759879,0.0087028377576365,0.00510202427307747,0.00272452460774912,0,0,0,0,0,0,0,0,0,0,0,0,0,0,0,0,0,7.98360185818375e-05,0.000139195045070258,0.000134145060935623,0.000124534073232247,0.000209985374446286,0.000155107618986996,0.000106945311023549,0,0,0,0,0,0,0.00013055637503018,6.89994941745654e-05,0,0,0.00149090255733952,0.00374580410778825,0.00304451851803321,0.00424663873980086,0.00240385151708959,0.00127059577996444,0,0,0,0.00371955512932889,0.00303251964633333,0.00424621364338936,0.0024125087619707,0.00127798402258657
"112",2025,112,0,9.21885157852198e-05,0.000160753919847902,0.00836562914099183,0.006870178435457,0.00971953150291137,0.0057414148022891,0.00308142806718075,0,0,0,0,0,0,0,0,0,0,0,0,0,0,0,0,0,9.21885157852198e-05,0.000160753919847902,0.000151200441241303,0.000141234037793808,0.000240013409131333,0.000178575448674478,0.000123702387342031,0,0,0,0,0,0,0.000146892753659656,7.79976943015644e-05,0,0,0,0.0041260533952348,0.00337429185504218,0.00474360332592317,0.00270461375272887,0.00143629912389424,0,0,0,0.00408837530451573,0.00335465254262101,0.00473591476785687,0.00271133284722609,0.00144342886164292
"113",2025,113,0,0.000105611715598365,0.000185385001266657,0.00908919929506693,0.0075152216504854,0.0107263388641473,0.00638933347479949,0.00344849151139056,0,0,0,0,0,0,0,0,0,0,0,0,0,0,0,0,0,0.000105611715598365,0.000185385001266657,0.000168599037882576,0.000158530344779707,0.00027171864912952,0.000203793620479457,0.000141911712694835,0,0,0,0,0,0,0.000163287995715289,8.71591805347311e-05,0,0,0,0.00448242907282663,0.00369005891025212,0.00523206817895444,0.00300709768754209,0.001605354406655,0,0,0,0.00443817118435773,0.00366663239545358,0.00522255203606331,0.00301515417106266,0.00161406621150599
"114",2025,114,0,0.000112962438086339,0.000199704851106274,0.00920954035383535,0.00766855461522119,0.0110477605922974,0.00664027081737564,0.00360578861417089,0,0,0,0,0,0,0,0,0,0,0,0,0,0,0,0,0,0.000112962438086339,0.000199704851106274,0.000175092380269667,0.000165791906611525,0.000286793827953354,0.000216998519593249,0.000151984605691864,0,0,0,0,0,0,0.000169592897575546,9.10509747499689e-05,0,0,0,0.00454027514585578,0.00376391705552329,0.00538616689043052,0.00312296034475224,0.00167691142477224,0,0,0,0.0044941728277099,0.00373884565308637,0.0053747998739135,0.00313071905545461,0.00168584160895681
"115",2025,115,0,0.000124784372361443,0.000222140104609385,0.00961979727074884,0.0080664066936722,0.0117312400286366,0.0071166402018188,0.00388906989081868,0,0,0,0,0,0,0,0,0,0,0,0,0,0,0,0,0,0.000124784372361443,0.000222140104609385,0.00018765480296089,0.000178915754925461,0.000312372403536726,0.000238481969131418,0.000168034998417243,0,0,0,0,0,0,0.000181623382374764,9.80968298058018e-05,0,0,0,0.00474157518646723,0.00395797617070374,0.00571652486553531,0.00334432634551286,0.00180660410916951,0,0,0,0.00469056728132072,0.003929514768043,0.00570234275956459,0.00335220850479975,0.00181633395342613
"116",2025,116,0,0.00013576184916005,0.000243355295342156,0.00423515410726082,0.00833359740546065,0.0122383451801718,0.00749668809975275,0.00412444504293241,0,0,0,0,0,0,0,0,0,0,0,0,0,0,0,0,0,0.00013576184916005,0.000243355295342156,0.000197729695858508,0.000189845070075354,0.000334641719309015,0.000257906473454088,0.000182885645244234,0,0,0,0,0,0,0.00019121917120656,0.000103942233182344,0,0,0,0.00403742441140231,0.00408844045898944,0.0059617519238727,0.00352082677600645,0.0019141668897956,0,0,0,0,0.00405531187639586,0.00594195153699006,0.00352673567908566,0.00192345027471023
"117",2025,117,0,0.000148243799698461,0.000267546025998775,0.000213817767438605,0.00860987371849054,0.0127694731579096,0.00790117783718789,0.00437785052553131,0,0,0,0,0,0,0,0,0,0,0,0,0,0,0,0,0,0.000148243799698461,0.000267546025998775,0.000213817767438605,0.00020193620933326,0.000359422640727177,0.000279719072570217,0.00019968453827206,0,0,0,0,0,0,0.000201600263372287,0.000110321802403749,0,0,0,0,0.00422723415682772,0.00622420039815806,0.00371178893993824,0.00203156958555591,0,0,0,0,0.00418070335232956,0.00618585011902439,0.00370806956130715,0.00203627459929958
"118",2025,118,0,0.000160685249257358,0.000291967331267426,0.000233401826910702,0.00881875696079994,0.0132100890376763,0.00825877143573583,0.00460993723599839,0,0,0,0,0,0,0,0,0,0,0,0,0,0,0,0,0,0.000160685249257358,0.000291967331267426,0.000233401826910702,0.000212969542996283,0.000382792602753957,0.000300920851076351,0.000216330697774134,0,0,0,0,0,0,0.000210534207039591,0.00011602210914231,0,0,0,0,0.00432757711662039,0.00643467852308684,0.00387608832407264,0.00213645106551805,0,0,0,0,0.00427821030118327,0.00639261791183554,0.00387122805354725,0.0021411333635639
"119",2025,119,0,0.000172565617711732,0.000315658268699285,0.000252419647224518,0.00892831571220711,0.0135078595224211,0.00853472494185976,0.00480064331941277,0,0,0,0,0,0,0,0,0,0,0,0,0,0,0,0,0,0.000172565617711732,0.000315658268699285,0.000252419647224518,0.000222327167511648,0.000403550768175128,0.000320523645145694,0.00023210649736492,0,0,0,0,0,0,0.000217467947680819,0.000120719782873002,0,0,0,0,0.0043799180044245,0.00657668316458198,0.00400260463564372,0.00222233372491582,0,0,0,0,0.00432607054027096,0.00652762558966396,0.00399412871338953,0.00222548331425902
"120",2025,120,0,0.000166617979624529,0.000306766953955567,0.000245392606939606,0.00811909959424802,0.0124019581823251,0.00771958338424621,0.00448820964473169,0,0,0,0,0,0,0,0,0,0,0,0,0,0,0,0,0,0.000166617979624529,0.000306766953955567,0.000245392606939606,0.000208531696223969,0.000382199413533431,0.000306741694128971,0.000223792569004078,0,0,0,0,0,0,0,0.000112746615381849,0,0,0,0,0.00397768127069168,0.00603083809840794,0.00371032364043433,0.00207463798721119,0,0,0,0,0.00393288662733237,0.00598892067038375,0.00370251804968291,0.00207703247313457
"121",2025,121,0,0.000162699652136666,0.000301342350518493,0.000241134201410038,0.00704696844531019,0.0115284681803171,0.0072474561220035,0.00424222314534042,0,0,0,0,0,0,0,0,0,0,0,0,0,0,0,0,0,0.000162699652136666,0.000301342350518493,0.000241134201410038,0.00019833523370578,0.000366653264195004,0.000297171597927659,0.000218225150603743,0,0,0,0,0,0,0,0.000106401511939808,0,0,0,0,0.00366139606225043,0.00559922423323355,0.00347877221190609,0.00195786691378091,0,0,0,0,0.00318723714935398,0.00556259068288855,0.00347151231216975,0.00195972956901595
"122",2025,122,0,0,0.000342031527982344,0.000273785500673289,0.000218910585285416,0.0123706559579066,0.00785121467487756,0.00462594437144053,0,0,0,0,0,0,0,0,0,0,0,0,0,0,0,0,0,0,0.000342031527982344,0.000273785500673289,0.000218910585285416,0.000407099376987848,0.000332947906921661,0.000245986068855507,0,0,0,0,0,0,0,0.000115915631496906,0,0,0,0,0,0.00600833567419674,0.00376688125230063,0.0021329235852544,0,0,0,0,0,0.00595522090672205,0.00375138551565527,0.00213111908583372
"123",2025,123,0,0,0.000346869878338645,0.000277761882846367,0.000222141155052816,0.0118492411614314,0.00759426061728324,0.00450533452874034,0,0,0,0,0,0,0,0,0,0,0,0,0,0,0,0,0,0,0.000346869878338645,0.000277761882846367,0.000222141155052816,0.000403229937268401,0.000332957729735806,0.000247605680700816,0,0,0,0,0,0,0,0.00011268441976713,0,0,0,0,0,0.00574747280635354,0.00363799658196146,0.00207345439853898,0,0,0,0,0,0.0056985384178095,0.00362330630558598,0.00207159002973341
"124",2025,124,0,0,0.000370487534376956,0.000296786656499232,0.000237411771073247,0.0119513976437763,0.00773217065343686,0.00461801225171823,0,0,0,0,0,0,0,0,0,0,0,0,0,0,0,0,0,0,0.000370487534376956,0.000296786656499232,0.000237411771073247,0.000421070115539977,0.000350852165670585,0.000262556521526896,0,0,0,0,0,0,0,0.00011527683650631,0,0,0,0,0,0.00579015774093818,0.00369836815133423,0.00212114461472784,0,0,0,0,0,0.0057401697872981,0.00368295033643205,0.00211903427895718
"125",2025,125,0,0,0.000425879763809507,0.000341296756488042,0.000273085372014965,0.0129496748372434,0.00845864046141354,0.00508697708800484,0,0,0,0,0,0,0,0,0,0,0,0,0,0,0,0,0,0,0.000425879763809507,0.000341296756488042,0.000273085372014965,0.00047314237741961,0.00039781314247138,0.000299596018199018,0,0,0,0,0,0,0,0.000126720628851536,0,0,0,0,0,0.00626774374474993,0.00403975430126786,0.00233170236153961,0,0,0,0,0,0.00620878871507385,0.0040210730176743,0.00232895807941468
"126",2025,126,0,0,0.000455423669965617,0.000365137336309629,0.000292244979432104,0.0130222591958499,0.00859194922567601,0.0052053985406625,0,0,0,0,0,0,0,0,0,0,0,0,0,0,0,0,0,0,0.000455423669965617,0.000365137336309629,0.000292244979432104,0.000493669604806775,0.000419098259807121,0.000317810176081065,0,0,0,0,0,0,0,0.000129380790664672,0,0,0,0,0,0.00629422820141212,0.00409617983630468,0.00238063712083189,0,0,0,0,0,0.00623436138963105,0.0040766711295642,0.00237757045308488
"127",2025,127,0,0,0.000423036420193875,0.000339332546327214,0.000271674878000785,0.0116765810210046,0.00777694499192665,0.00474438440997889,0,0,0,0,0,0,0,0,0,0,0,0,0,0,0,0,0,0,0.000423036420193875,0.000339332546327214,0.000271674878000785,0.000447377789638892,0.000383452028889532,0.000292807565512996,0,0,0,0,0,0,0,0.0001178371374144,0,0,0,0,0,0.0056387933357651,0.00370484398905926,0.00216822216133248,0,0,0,0,0,0.00559040989560065,0.00368864897397786,0.00216551754571901
"128",2025,128,0,0,0.000448210538036242,0.000359688111797945,0.00028805392524001,0.0120582932153871,0.00810007147197905,0.00497297015211046,0,0,0,0,0,0,0,0,0,0,0,0,0,0,0,0,0,0,0.000448210538036242,0.000359688111797945,0.00028805392524001,0.000463624156328883,0.000400751758504951,0.00030793719750385,0,0,0,0,0,0,0,0.000123496068065966,0,0,0,0,0,0.00582329558035399,0.00385856213625647,0.00227233550749621,0,0,0,0,0,0.00577137347870422,0.00384075757721762,0.00226920137904443
"129",2025,129,0.0355341002327804,0,0.000221574707659192,0.000177897703554515,0.000142511246607489,0.00657209870226349,0.00444258719842444,0.00271974480576857,0,0,0,0,0,0,0,0,0,0,0,0,0,0,0,0,0.00121864833935969,0,0.000221574707659192,0.000177897703554515,0.000142511246607489,0.000224012539298385,0.000195312031373517,0.000151051453702409,0.00121423312854685,0,0,0,0,0,0,4.89004698577994e-05,0.0189087478280161,0,0,0,0,0.00281047751259022,0.00187822295137105,0.00111332317946741,0.0141924709368578,0,0,0,0,0.00353760865037488,0.00236905221567988,0.00140646970274095
"130",2025,130,0.0102760581391072,0,0.000362491791349612,0.000291122791165577,0.000233249269221441,0.0101075168919022,0.00687187348313131,0.00423989302891308,0,0,0,0,0,0,0,0,0,0,0,0,0,0,0,0,0.000602182871866463,0,0.000362491791349612,0.000291122791165577,0.000233249269221441,0.000361911029380316,0.000316997075855062,0.000246042777657627,0.000672211884499219,0,0,0,0,0,0,8.92094190467557e-05,0.00900166338274147,0,0,0,0,0.0046420923717665,0.00311671009521145,0.00185404859257931,0,0,0,0,0,0.00510351349075541,0.00343816631206479,0.00205059223962938
"131",2025,131,0,0,0.000449247334645463,0.000360958862709016,0.000289273107412099,0.0115581289583603,0.00792124698366924,0.00493306495749474,0,0,0,0,0,0,0,0,0,0,0,0,0,0,0,0,0,0,0.000449247334645463,0.000360958862709016,0.000289273107412099,0.000439979153050814,0.000388115181471823,0.000302896894690215,0,0,0,0,0,0,0,0.000117351998945112,0,0,0,0,0,0.00550879016062206,0.00372497227484686,0.00222800711830766,0,0,0,0,0,0.00560935964468743,0.00380815952735055,0.00228480894555175
"132",2025,132,0,0,0.000508498908047911,0.00040879438369045,0.000327707809228155,0.0124533744258097,0.0086073563866823,0.00540187538686734,0,0,0,0,0,0,0,0,0,0,0,0,0,0,0,0,0,0,0.000508498908047911,0.00040879438369045,0.000327707809228155,0.000487225824408326,0.00043325164950395,0.000340237694717425,0,0,0,0,0,0,0,0.000133668439925414,0,0,0,0,0,0.00600602967127208,0.00409392327461178,0.0024639692193468,0,0,0,0,0,0.00596011893012928,0.00408018146256657,0.0024640000328777
"133",2025,133,0,0,0.000569109770262588,0.000457799857649633,0.000367118522863248,0.00176506189245013,0.00942089146646069,0.00595375785901057,0,0,0,0,0,0,0,0,0,0,0,0,0,0,0,0,0,0,0.000569109770262588,0.000457799857649633,0.000367118522863248,0.000532605128510665,0.000477663191478959,0.000377640682478407,0,0,0,0,0,0,0,0.000147409645177348,0,0,0,0,0,0.00123245676393946,0.00448400552916615,0.0027168903380625,0,0,0,0,0,0,0.00445922274581558,0.00271181719329231
"134",2025,134,0,0,0.000621681230092226,0.000500419674467668,0.000401449965391048,0.000581166421448474,0.0100870384559825,0.00642231506817283,0,0,0,0,0,0,0,0,0,0,0,0,0,0,0,0,0,0,0.000621681230092226,0.000500419674467668,0.000401449965391048,0.000581166421448474,0.000513289473649547,0.000408769717298898,0,0,0,0,0,0,0,0.000159057230142368,0,0,0,0,0,0,0.00480264246661853,0.00293116791440603,0,0,0,0,0,0,0.00477110651571438,0.00292332020632553
"135",2025,135,0,0,0.000637550399918637,0.000513555473683001,0.000412160238839177,0.00059694966324824,0.0101522504230398,0.00635445291520062,0,0,0,0,0,0,0,0,0,0,0,0,0,0,0,0,0,0,0.000637550399918637,0.000513555473683001,0.000412160238839177,0.00059694966324824,0.000517226808713942,0.000415093144747051,0,0,0,0,0,0,0,0,0,0,0,0,0,0,0.00483402685860517,0.00297406732606914,0,0,0,0,0,0,0.00480099675572072,0.00296529244438443
"136",2025,136,0,0,0.000595806918325277,0.000480275597193408,0.000385616447442608,0.000558772436270117,0.00950062407476342,0.00599167002796706,0,0,0,0,0,0,0,0,0,0,0,0,0,0,0,0,0,0,0.000595806918325277,0.000480275597193408,0.000385616447442608,0.000558772436270117,0.000474898360491027,0.000384180049917641,0,0,0,0,0,0,0,0,0,0,0,0,0,0,0.00452775097875585,0.00280791336838928,0,0,0,0,0,0,0.00449797473551655,0.00279957660966015
"137",2025,137,0,0,0.000600965372542968,0.000484765697490145,0.000389377746646091,0.000564475285004754,0.00957923791910477,0.00608466844311335,0,0,0,0,0,0,0,0,0,0,0,0,0,0,0,0,0,0,0.000600965372542968,0.000484765697490145,0.000389377746646091,0.000564475285004754,0.000471141804285499,0.000383973351509179,0,0,0,0,0,0,0,0,0,0,0,0,0,0,0.00456954570084484,0.00285487359252929,0,0,0,0,0,0,0.00453855041397443,0.00284582149907488
"138",2025,138,0,0,0.000626183768308048,0.000505456316638081,0.00040616136426373,0.000589072278949298,0.00995688431045481,0.00637051480537316,0,0,0,0,0,0,0,0,0,0,0,0,0,0,0,0,0,0,0.000626183768308048,0.000505456316638081,0.00040616136426373,0.000589072278949298,0.000482767423880428,0.000396368248128152,0,0,0,0,0,0,0,0,0,0,0,0,0,0,0.00475414389069426,0.00299224937428977,0,0,0,0,0,0,0.00471997299588012,0.00298189718295524
"139",2025,139,0,0,0.000611538228868264,0.000493985031077092,0.000397110913647903,0.000576217288685562,0.00971517368445123,0.00626146980306379,0,0,0,0,0,0,0,0,0,0,0,0,0,0,0,0,0,0,0.000611538228868264,0.000493985031077092,0.000397110913647903,0.000576217288685562,0.000463333494832351,0.000383319569272178,0,0,0,0,0,0,0,0,0,0,0,0,0,0,0.00464248498846372,0.00294426506053018,0,0,0,0,0,0,0.00460935520115516,0.00293388517326143
"140",2025,140,0,0,0.000583962745876368,0.00047203963999014,0.000379625462338072,0.000551099027760726,0.0092918154455563,0.00603063043734797,0,0,0,0,0,0,0,0,0,0,0,0,0,0,0,0,0,0,0.000583962745876368,0.00047203963999014,0.000379625462338072,0.000551099027760726,0.000434970585158148,0.000362510837874886,0,0,0,0,0,0,0,0,0,0,0,0,0,0,0.00444382700758114,0.0028390339076335,0,0,0,0,0,0,0.00441301785281702,0.00282908569183958
"141",2025,141,0,0,0.000601628643654449,0.000486648287895983,0.000391528100994062,0.00056862801724575,0.00954198474647262,0.00623532810614484,0,0,0,0,0,0,0,0,0,0,0,0,0,0,0,0,0,0,0.000601628643654449,0.000486648287895983,0.000391528100994062,0.00056862801724575,0.000440876222142815,0.000370000119293862,0,0,0,0,0,0,0,0,0,0,0,0,0,0,0.00456702036035376,0.00293812123043099,0,0,0,0,0,0,0.00453408816397605,0.00292720675641998
"142",2025,142,0,0,0.000636415854418677,0.000515142246049993,0.000414620629957001,0.000602439010120568,0.0100512159953395,0.00661416066672443,0,0,0,0,0,0,0,0,0,0,0,0,0,0,0,0,0,0,0.000636415854418677,0.000515142246049993,0.000414620629957001,0.000602439010120568,0.000458606089474958,0.000387615808082817,0,0,0,0,0,0,0,0,0,0,0,0,0,0,0.00481547293702457,0.00311999039722345,0,0,0,0,0,0,0.00477713696884,0.00310655446141817
"143",2025,143,0,0,0.000668725994998223,0.000541683883887175,0.000436169926784428,0.000634053917744084,0.01051196333535,0.00696790988646979,0,0,0,0,0,0,0,0,0,0,0,0,0,0,0,0,0,0,0.000668725994998223,0.000541683883887175,0.000436169926784428,0.000634053917744084,0.000473428839560438,0.0004031128646616,0,0,0,0,0,0,0,0,0,0,0,0,0,0,0.00504159647128356,0.00329073595006005,0,0,0,0,0,0,0.00499693802450601,0.00327406107174814
"144",2025,144,0.00047621727681111,0,0.000613752354336254,0.000497523366711876,0.000400791663056151,0.000582918820542955,0.0103289776560255,0.00689110166575422,0,0,0,0,0,0,0,0,0,0,0,0,0,0,0,0,0.00047621727681111,0,0.000613752354336254,0.000497523366711876,0.000400791663056151,0.000582918820542955,0.000426520361724567,0.000365961934250319,0,0,0,0,0,0,0,0,0,0,0,0,0,0,0.00483570173203826,0.00318052856694753,0,0,0,0,0,0,0.00506675556226263,0.00334461116455637
"145",2025,145,0,0,0.000670206359625421,0.000543705777460129,0.000438176117630745,0.000637586729217712,0.0104571713218803,0.00703396619011935,0,0,0,0,0,0,0,0,0,0,0,0,0,0,0,0,0,0,0.000670206359625421,0.000543705777460129,0.000438176117630745,0.000637586729217712,0.000457268820251992,0.000395278760985438,0,0,0,0,0,0,0,0,0,0,0,0,0,0,0.00502235799954874,0.00332801969957924,0,0,0,0,0,0,0.00497754450207956,0.00331066772955468
"146",2025,146,0,0,0.000632494031559457,0.000513530160418053,0.000414044095101564,0.0006027772253046,0.00981247845765392,0.00664766409898699,0,0,0,0,0,0,0,0,0,0,0,0,0,0,0,0,0,0,0.000632494031559457,0.000513530160418053,0.000414044095101564,0.0006027772253046,0.000423648660274288,0.000368955036993822,0,0,0,0,0,0,0,0,0,0,0,0,0,0,0.0047142447476168,0.00314716225265517,0,0,0,0,0,0,0.00467458504976283,0.003131546809338
"147",2025,147,0,0,0.000609131575872847,0.000494949629758282,0.000399233240068072,0.000581492973542734,0.00940445506001462,0.00641378671737146,0,0,0,0,0,0,0,0,0,0,0,0,0,0,0,0,0,0,0.000609131575872847,0.000494949629758282,0.000399233240068072,0.000581492973542734,0.000400993161525092,0.000351644881741814,0,0,0,0,0,0,0,0,0,0,0,0,0,0,0.00452003554974653,0.00303839064694412,0,0,0,0,0,0,0.004483426348743,0.00302375118868553
"148",2025,148,0,0,0.000560102556343497,0.000455458812683636,0.000367530311808392,0.000535563540987435,0.00872659274717244,0.0059878074461522,0,0,0,0,0,0,0,0,0,0,0,0,0,0,0,0,0,0,0.000560102556343497,0.000455458812683636,0.000367530311808392,0.000535563540987435,0.000362641262973831,0.000320101047568779,0,0,0,0,0,0,0,0,0,0,0,0,0,0,0.00413993061836893,0.00280111222673365,0,0,0,0,0,0,0.00422402086582967,0.00286659417184977
"149",2025,149,0,0,0.000569331301813473,0.000463309009336267,0.000374006463073955,0.000545231787593174,0.00862380899257749,0.00595367624986666,0,0,0,0,0,0,0,0,0,0,0,0,0,0,0,0,0,0,0.000569331301813473,0.000463309009336267,0.000374006463073955,0.000545231787593174,0.000362972901251462,0.00032232306157686,0,0,0,0,0,0,0,0,0,0,0,0,0,0,0.00412640211822722,0.00280876223079213,0,0,0,0,0,0,0.00413443397309881,0.00282259095749766
"150",2025,150,0.0688598205379546,0,0.000280899202688997,0.000228762735189599,0.000184739889939228,0.000269432566824793,0.00599296997208333,0.00414387136171434,0,0,0,0,0,0,0,0,0,0,0,0,0,0,0,0,0.00197612275464748,0,0.000280899202688997,0.000228762735189599,0.000184739889939228,0.000269432566824793,0.000176383581632998,0.000157552334333908,0.00251691963749772,0,0,0,0,0,0,0,0.0386448094956421,0,0,0,0,0,0.00239080046414547,0.00163685748856554,0.0257219686501672,0,0,0,0,0,0.00342578592630486,0.00234946153881489
"151",2025,151,0.0100432875730187,0,0.000473399816240017,0.000385739821607134,0.000311568862341431,0.000454503169133009,0.000781355515676392,0.00551817277462665,0,0,0,0,0,0,0,0,0,0,0,0,0,0,0,0,0.000615978711218024,0,0.000473399816240017,0.000385739821607134,0.000311568862341431,0.000454503169133009,0.000294018779298373,0.000263686685199004,0.000301063360545362,0,0,0,0,0,0,0,0.00912624550125529,0,0,0,0,0,0.000487336736378019,0.00251094207873933,0,0,0,0,0,0,0,0.00274354401068831
"152",2025,152,0,0,0.000584418751896083,0.000476541860306295,0.000385035069504722,0.000561874648234949,0.000363231085013927,0.00620127930309994,0,0,0,0,0,0,0,0,0,0,0,0,0,0,0,0,0,0,0.000584418751896083,0.000476541860306295,0.000385035069504722,0.000561874648234949,0.000363231085013927,0.000322656844524673,0,0,0,0,0,0,0,0,0,0,0,0,0,0,0,0.00294263479661802,0,0,0,0,0,0,0,0.00293598766195725
"153",2025,153,0,0,0.000613276249586568,0.000500473840743749,0.00040453145720687,0.000590587226878369,0.000381951673325477,0.00654180776077407,0,0,0,0,0,0,0,0,0,0,0,0,0,0,0,0,0,0,0.000613276249586568,0.000500473840743749,0.00040453145720687,0.000590587226878369,0.000381951673325477,0.000335301688958612,0,0,0,0,0,0,0,0,0,0,0,0,0,0,0,0.00310804749736425,0,0,0,0,0,0,0,0.00309845857445121
"154",2025,154,0.000648733519849508,0,0.000541961066360973,0.000442640415167772,0.000357933247926997,0.000522800436159924,0.000338259696298402,0.00641478593392242,0,0,0,0,0,0,0,0,0,0,0,0,0,0,0,0,0.000648733519849508,0,0.000541961066360973,0.000442640415167772,0.000357933247926997,0.000522800436159924,0.000338259696298402,0.000293266549829824,0,0,0,0,0,0,0,0,0,0,0,0,0,0,0,0.00294326004137029,0,0,0,0,0,0,0,0.00317825934272231
"155",2025,155,0,0,0.00060014730783036,0.000490555719294147,0.000396824959612659,0.00057984496317103,0.000375313547727352,0.00645977508986032,0,0,0,0,0,0,0,0,0,0,0,0,0,0,0,0,0,0,0.00060014730783036,0.000490555719294147,0.000396824959612659,0.00057984496317103,0.000375313547727352,0.000321408162828452,0,0,0,0,0,0,0,0,0,0,0,0,0,0,0,0.00307492608150608,0,0,0,0,0,0,0,0.00306344084552579
"156",2025,156,0.0396309668487719,0,0.000399847179501697,0.000327107902384796,0.000264714755601672,0.000386980599575044,0.000250586601799536,0.00507775917557479,0,0,0,0,0,0,0,0,0,0,0,0,0,0,0,0,0.00118756308679614,0,0.000399847179501697,0.000327107902384796,0.000264714755601672,0.000386980599575044,0.000250586601799536,0.000211962755705073,0.00166337860228805,0,0,0,0,0,0,0,0.0228756089431934,0,0,0,0,0,0,0.00219821258540143,0.0139044162164943,0,0,0,0,0,0,0.00266758383446828
"157",2025,157,0.0975943616179498,0,0.000162054425660301,0.00013266645982964,0.000107390864574349,0.00015704034126985,0.000101719475505,0.00250164724425841,0,0,0,0,0,0,0,0,0,0,0,0,0,0,0,0,0.00251331092902494,0,0.000162054425660301,0.00013266645982964,0.000107390864574349,0.00015704034126985,0.000101719475505,8.51990715731473e-05,0.00309348099552621,0,0,0,0,0,0,0,0.0519072954081952,0,0,0,0,0,0,0.000897352549920018,0.0400802742852035,0,0,0,0,0,0,0.00151909562276524
"158",2025,158,0.025398318713764,0,0.000441788505827168,0.000361856435559047,0.00029294999694315,0.00042844259546539,0.000277546562835926,0.00570073551933044,0,0,0,0,0,0,0,0,0,0,0,0,0,0,0,0,0.00116608106590845,0,0.000441788505827168,0.000361856435559047,0.00029294999694315,0.00042844259546539,0.000277546562835926,0.000231319570026901,0.00169822043821569,0,0,0,0,0,0,0,0.0225340172096399,0,0,0,0,0,0,0.00248966861056371,0,0,0,0,0,0,0,0.00297974733873982
"159",2025,159,0,0,0.000623037964097929,0.000510690759412224,0.000413567716809912,0.00060505171658244,0.000392078650449881,0.00702209010433352,0,0,0,0,0,0,0,0,0,0,0,0,0,0,0,0,0,0,0.000623037964097929,0.000510690759412224,0.000413567716809912,0.00060505171658244,0.000392078650449881,0.00032318624317566,0,0,0,0,0,0,0,0,0,0,0,0,0,0,0,0.00330810661562737,0,0,0,0,0,0,0,0.00339079724553049
"160",2025,160,0,0,0.000633311706174967,0.000519577246847024,0.000420942079565658,0.000616132774075633,0.000399437782166323,0.00693130852267125,0,0,0,0,0,0,0,0,0,0,0,0,0,0,0,0,0,0,0.000633311706174967,0.000519577246847024,0.000420942079565658,0.000616132774075633,0.000399437782166323,0.000324841844136389,0,0,0,0,0,0,0,0,0,0,0,0,0,0,0,0.00330015828986465,0,0,0,0,0,0,0,0.0033063083886702
"161",2025,161,0,0,0.00059749975223971,0.000490639925661273,0.000397668999354841,0.00058234897863181,0.000377707606464719,0.00655030266899467,0,0,0,0,0,0,0,0,0,0,0,0,0,0,0,0,0,0,0.00059749975223971,0.000490639925661273,0.000397668999354841,0.00058234897863181,0.000377707606464719,0.000303110498871857,0,0,0,0,0,0,0,0,0,0,0,0,0,0,0,0.00312599456972857,0,0,0,0,0,0,0,0.00312119760039424
"162",2025,162,0.0869537629351717,0,0,0.000131420893622898,0.000106561352473171,0.000156120289998865,0.00010130208839263,0.00228325399746189,0,0,0,0,0,0,0,0,0,0,0,0,0,0,0,0,0.00206841848655579,0,0,0.000131420893622898,0.000106561352473171,0.000156120289998865,0.00010130208839263,8.02776909493141e-05,0.00273242125586778,0,0,0,0,0,0,0,0.0459342202869556,0,0,0,0,0,0,0.000856600733891981,0.0362187029057926,0,0,0,0,0,0,0.00134637557262059
"163",2025,163,0.038841687950208,0,0,0.00030843932929719,0.000250124340600925,0.000366497071276916,0.000237837041033067,0.004788951966721,0,0,0,0,0,0,0,0,0,0,0,0,0,0,0,0,0.00101478848405015,0,0,0.00030843932929719,0.000250124340600925,0.000366497071276916,0.000237837041033067,0.000187625592630098,0.00157996254389486,0,0,0,0,0,0,0,0.0222009901726974,0,0,0,0,0,0,0.0020987004537368,0.0140459467495656,0,0,0,0,0,0,0.00250262592035411
"164",2025,164,0.000533259338977038,0,0,0.000425966669816729,0.000345520603517921,0.000506423603632815,0.000328730699859868,0.00630082970603266,0,0,0,0,0,0,0,0,0,0,0,0,0,0,0,0,0.000533259338977038,0,0,0.000425966669816729,0.000345520603517921,0.000506423603632815,0.000328730699859868,0.000256923041059637,0,0,0,0,0,0,0,0,0,0,0,0,0,0,0,0.00292390566798685,0,0,0,0,0,0,0,0.00312000099698617
"165",2025,165,0,0,0,0.000490675572811732,0.000398148488624654,0.00058379087090042,0.000379092987577728,0.00665704247506636,0,0,0,0,0,0,0,0,0,0,0,0,0,0,0,0,0,0,0,0.000490675572811732,0.000398148488624654,0.00058379087090042,0.000379092987577728,0.000292686678186895,0,0,0,0,0,0,0,0,0,0,0,0,0,0,0,0.00317234435685663,0,0,0,0,0,0,0,0.00319201144002283
"166",2025,166,0,0,0,0.000485462172152814,0.00039407591542576,0.000578082867847574,0.000375547932510299,0.00657244195365631,0,0,0,0,0,0,0,0,0,0,0,0,0,0,0,0,0,0,0,0.000485462172152814,0.00039407591542576,0.000578082867847574,0.000375547932510299,0.000286247521146305,0,0,0,0,0,0,0,0,0,0,0,0,0,0,0,0.00314465159499864,0,0,0,0,0,0,0,0.00314154283751137
"167",2025,167,0,0,0,0.000483329997478697,0.000392499687142191,0.000576030382206437,0.000374373901479805,0.0064700184676244,0,0,0,0,0,0,0,0,0,0,0,0,0,0,0,0,0,0,0,0.000483329997478697,0.000392499687142191,0.000576030382206437,0.000374373901479805,0.000281751545457723,0,0,0,0,0,0,0,0,0,0,0,0,0,0,0,0.00309766309905557,0,0,0,0,0,0,0,0.00309060382311111
"168",2025,168,0,0,0,0.000487242974082421,0.000395831637514414,0.000581181212361367,0.000377881721296841,0.00645030828881878,0,0,0,0,0,0,0,0,0,0,0,0,0,0,0,0,0,0,0,0.000487242974082421,0.000395831637514414,0.000581181212361367,0.000377881721296841,0.000280856501234535,0,0,0,0,0,0,0,0,0,0,0,0,0,0,0,0.00308932215445256,0,0,0,0,0,0,0,0.00308012963313169
"169",2025,169,0,0,0,0.00051549203636695,0.000418944614417221,0.000615395311982924,0.000400298713563146,0.00674878738153961,0,0,0,0,0,0,0,0,0,0,0,0,0,0,0,0,0,0,0,0.00051549203636695,0.000418944614417221,0.000615395311982924,0.000400298713563146,0.000293829339460682,0,0,0,0,0,0,0,0,0,0,0,0,0,0,0,0.00323329875155487,0,0,0,0,0,0,0,0.00322165929052406
"170",2025,170,0,0,0,0.000477938177792955,0.000388583950917143,0.000571071022617721,0.000371635043656363,0.00618341997903201,0,0,0,0,0,0,0,0,0,0,0,0,0,0,0,0,0,0,0,0.000477938177792955,0.000388583950917143,0.000571071022617721,0.000371635043656363,0.000269251600894102,0,0,0,0,0,0,0,0,0,0,0,0,0,0,0,0.00296244901043252,0,0,0,0,0,0,0,0.0029517193677054
"171",2025,171,0,0,0,0.000462841570458321,0.00037645235558038,0.000553487754562229,0.000360343598883822,0.00592262005027986,0,0,0,0,0,0,0,0,0,0,0,0,0,0,0,0,0,0,0,0.000462841570458321,0.00037645235558038,0.000553487754562229,0.000360343598883822,0.000257964839261581,0,0,0,0,0,0,0,0,0,0,0,0,0,0,0,0.00283755763206136,0,0,0,0,0,0,0,0.00282709757895692
"172",2025,172,0,0,0,0.000467822256810518,0.000380642205371974,0.000559888623224038,0.000364659043664791,0.00592308978849426,0,0,0,0,0,0,0,0,0,0,0,0,0,0,0,0,0,0,0,0.000467822256810518,0.000380642205371974,0.000559888623224038,0.000364659043664791,0.000258077327767812,0,0,0,0,0,0,0,0,0,0,0,0,0,0,0,0.00283797680515288,0,0,0,0,0,0,0,0.00282703565557356
"173",2025,173,0,0,0,0.00046376825100285,0.000377482037497886,0.000555481546117004,0.000361937418059312,0.00580955660279342,0,0,0,0,0,0,0,0,0,0,0,0,0,0,0,0,0,0,0,0.00046376825100285,0.000377482037497886,0.000555481546117004,0.000361937418059312,0.000253229261244793,0,0,0,0,0,0,0,0,0,0,0,0,0,0,0,0.00278361620210035,0,0,0,0,0,0,0,0.00277271113944828
"174",2025,174,0.181494689057695,0.0116913701409317,0,4.6513692476771e-05,3.78732885228744e-05,5.57562245123795e-05,3.63441244847954e-05,0.000912349666732516,0,0,0,0,0,0,0,0,0,0,0,0,0,0,0,0,0.00383164228603511,0.000112154348054452,0,4.6513692476771e-05,3.78732885228744e-05,5.57562245123795e-05,3.63441244847954e-05,2.51435303158173e-05,0.00511925879757824,0.00014537254866231,0,0,0,0,0,0,0.0914284422238659,0.0037597531476285,0,0,0,0,0,0.000285794297634909,0.0811153457502156,0.00767409009658638,0,0,0,0,0,0.00060141183878179
"175",2025,175,0.0866237623888271,0.110427399675989,3.16400671211136e-05,2.52109063653952e-05,2.03371276662443e-05,2.95311249882735e-05,1.91940729341057e-05,0.000326336949973316,0,0,0,0,0,0,0,0,0,0,0,0,0,0,0,0,0.00205497236827389,0.00186957392114214,3.16400671211136e-05,2.52109063653952e-05,2.03371276662443e-05,2.95311249882735e-05,1.91940729341057e-05,1.32350311715482e-05,0.00276940085461012,0.00239473187058391,0,0,0,0,0,0,0.0441441762378802,0.0504541240157818,0,0,0,0,0,0.000126834840142281,0.0376552129280628,0.0557089698684808,0,0,0,0,0,0.000186267078659487
"176",2025,176,0.121755015765178,0.0717983191601283,0.00406714788756507,0.00262815345177402,0.00177439798666359,4.32218667578754e-05,0.000976480608098782,0.000515736814357014,0,0,0,0,0,0,0,0,0,0,0,0,0,0,0,0,0.00288337516356933,0.00102078521276104,5.68982650847095e-05,4.18552729466681e-05,3.21782377288761e-05,4.32218667578754e-05,2.76075925602035e-05,1.88576337174115e-05,0.00383590178740489,0.00130306078822524,0,0,0,0,0,0,0.0636345942488805,0.0299453603661595,0.00155457658048037,0.00100121719248404,0.000673901636946272,0,0.000366574416368417,0.000191914147402548,0.0514011445653235,0.0395291127929826,0.002455673042,0.00158508098634332,0.00106831811198845,0,0.000582298599170162,0.000304965033237055
"177",2025,177,0.0882497867203141,0.100600706985153,0.00308279309847701,0.00191381863842326,0.00125214976859551,0.00131983814017892,0.000639640533547874,0.000335668479134912,0,0,0,0,0,0,0,0,0,0,0,0,0,0,0,0,0.00211018107642757,0.00168839109360695,4.83445300554238e-05,3.41670058904096e-05,2.54529576012567e-05,3.22787908188098e-05,2.02524943960119e-05,1.37320790987734e-05,0.00281949626288479,0.00214649571489445,0,0,0,0,0,0,0.0452102611000511,0.0456048402681941,0.00123871091787203,0.000766465144855272,0.0004998938732547,0.000524398392986824,0.000252180530743615,0.000131054951117626,0.0381098482809507,0.0511609799084578,0.00179573765054955,0.00111318648767758,0.000726802937739554,0.000763160956373288,0.000367207508408247,0.000190881448918512
"178",2025,178,0.0782255874271625,0.10827904299355,0.00463585521425139,0.00184081981970883,0.00117345651857703,0.00116939566346215,0.000558764714239696,0.000291023523140607,0,0,0,0,0,0,0,0,0,0,0,0,0,0,0,0,0.00187159584172841,0.00189572736696774,7.34388715972186e-05,3.3764766386058e-05,2.45056659700017e-05,2.93784905833717e-05,1.81706736122872e-05,1.22250066367354e-05,0.00250261717025459,0.0024059663770357,8.54449603755469e-05,0,0,0,0,0,0.0397515813676089,0.0499859342443347,0.00184902202659204,0.000744593309441511,0.000473125757793509,0.000469185604618239,0.000222420272568539,0.00011469275851459,0.0340997930475706,0.0539914150052114,0.00262794935568659,0.00106246174388126,0.000675825094813521,0.000670831568260538,0.00031817376805887,0.000164105757989282
"179",2025,179,0.0784400802120753,0.109845931243117,0.00552048276286472,0.00210339987596677,0.00131027581412435,0.00123284275249416,0.000579192069840603,0.00029878412006559,0,0,0,0,0,0,0,0,0,0,0,0,0,0,0,0,0.00189493030822119,0.00192511541530102,8.72650356945842e-05,3.84748070656576e-05,2.72847468217746e-05,3.08814743770206e-05,1.8779671494115e-05,1.25144488684523e-05,0.0025276405171437,0.00243812425175987,0.000101332025706203,0,0,0,0,0,0.0399494003777416,0.0507481933159529,0.00219896819605484,0.000849238866745139,0.000527267447893038,0.000493647912734166,0.000230089146880062,0.000117517810045639,0.0340681090089688,0.054734498260103,0.0031329175054091,0.00121568620215597,0.000755723619409541,0.000708313365382972,0.000330323251466425,0.000168751861151498
"180",2025,180,0.0780017680280634,0.109599680317264,0.00533541715735625,0.00237251543059344,0.00145067557403916,0.00128551939282337,0.00059137190692733,0.000301278602357104,0,0,0,0,0,0,0,0,0,0,0,0,0,0,0,0,0.00189338652742953,0.00192489081577828,8.44972193567126e-05,4.34948374517339e-05,3.02727383448858e-05,3.22660591314339e-05,1.92127008452023e-05,1.26437083367921e-05,0.00251869940742498,0.00243144143137631,9.78625625068467e-05,0,0,0,0,0,0.0397506829063751,0.0506381990578992,0.00212537471110294,0.000958272779855193,0.000583933980417721,0.000514836910459121,0.000234964245465776,0.000118514609145317,0.0338389991868337,0.0546051490122097,0.00302768266438975,0.00137074781328651,0.000836468855276557,0.000738416423232818,0.000337194960616351,0.000170120284874995
"181",2025,181,0.0756844336792371,0.106517353509789,0.00944922881607698,0.00257637192319188,0.00152974300960958,0.0012949068837668,0.000584789933796985,0.000294515366050863,0,0,0,0,0,0,0,0,0,0,0,0,0,0,0,0,0.00185303457474727,0.00188439428852683,0.000151888627670997,4.69196372269211e-05,3.22985101275729e-05,3.28805152388473e-05,1.92184790837237e-05,1.2501333946789e-05,0.00246190402032498,0.00237741668339624,0.000175631752306723,4.75138101209744e-05,0,0,0,0,0.038708816483201,0.0493831864323804,0.0038029599684297,0.00102925132941167,0.000620427879099227,0.000522470345439287,0.00023406264200418,0.000116695364435243,0.0326606786009639,0.0528723561054855,0.00531874846766956,0.00145268714643232,0.000877016620382781,0.000739556023088663,0.000331508812709081,0.000165318667668831
"182",2025,182,0.0933304799592339,0.0836740321614061,0.00942155733402496,0.00390782332977758,0.00232465647390748,0.00180580514521168,0.000790918031648696,0.00039041177549398,0,0,0,0,0,0,0,0,0,0,0,0,0,0,0,0,0.00230006605365768,0.00135649192905674,0.00014497265360812,6.82047088986093e-05,4.61609057568185e-05,4.38756674101422e-05,2.48761865282281e-05,1.58659411885201e-05,0.00303380032686949,0.00170841008260012,0.000166897458516594,6.87588510360029e-05,4.07438763848337e-05,0,0,0,0.0486695018433354,0.0372587490006912,0.00374365142579366,0.00154283243695482,0.000914317832348854,0.000719021563066398,0.000312461494642878,0.000152744187763062,0.0393271117353714,0.0433503811490581,0.00536603579610659,0.00222802733288815,0.00132343385941697,0.00104290791473514,0.000453580350477589,0.000221801646542398
"183",2025,183,0.0823334508691745,0.0865396649953374,0.00683298019868045,0.00351617328920135,0.0020903072255235,0.00156827702857106,0.000673425202895219,0.000327797318506274,0,0,0,0,0,0,0,0,0,0,0,0,0,0,0,0,0.00200842419637048,0.00147274568750902,0.00010957118345973,6.40670926659417e-05,4.3334134783257e-05,3.98069040691492e-05,2.21211604682188e-05,1.39073230374533e-05,0.00264470757157859,0.00184605967704918,0.000125627761627265,6.43177560966114e-05,3.80888080506742e-05,0,0,0,0.0424334499012299,0.0392259703049522,0.00275412758657146,0.00141033283844466,0.000835275121896747,0.000634813856210281,0.000270389091764216,0.000130289734492625,0.0352468691999956,0.043994889325827,0.00384365366702199,0.00197745560199414,0.00117360916079282,0.000893656268291633,0.000380914950662784,0.000183600260976196
"184",2025,184,0.0371279166718674,0.050776196051142,0.0837243862614185,0.00725188029386901,0.000907452316002872,0.00066457012983155,0.000280641703811789,0.000134925516184965,0,0,0,0,0,0,0,0,0,0,0,0,0,0,0,0,0.000942435169319436,0.000950196948056296,0.00162279745921036,0.000152430555773888,2.16123229189567e-05,1.94518891986606e-05,1.06207311408441e-05,6.58575286836865e-06,0.0013025246191175,0.00124603617904408,0.00193499905955723,0.000159663642503917,1.98263583353059e-05,0,0,0,0.0194226415529087,0.0241293870522713,0.0386121294732945,0.00319920849072498,0.00039742989959359,0.0002959105958901,0.00012383367753626,5.88533863221574e-05,0.0154603153305218,0.0244505758717703,0.0415544602693564,0.00374057760486623,0.00046858373515502,0.000349207644742789,0.000146187295134684,6.94863769944394e-05
"185",2025,185,0.0249018728982068,0.0344797921115065,0.0566832048661388,0.040020688290224,0.0268902152324898,0.000504659101141149,0.000201730382304655,9.32346634517914e-05,0,0,0,0,0,0,0,0,0,0,0,0,0,0,0,0,0.000613162806982788,0.000620072682196777,0.001059302966392,0.000842790614492885,0.00063948231608361,1.45232664912901e-05,7.50761407806386e-06,4.47618476849287e-06,0.000915656456919525,0.000878886057516687,0.0013649844508537,0.000951241416168077,0.000632187160768846,0,0,0,0.0132231236746922,0.0165948209362565,0.0265697205185113,0.0185344297680617,0.0123271116420911,0.000232273115505184,9.20281172539282e-05,4.2054003503308e-05,0.0101499299596122,0.0163860124355365,0.0276891969303818,0.0196922264915013,0.0132914341135463,0.000257862719144675,0.000102194650972663,4.67044751799905e-05
"186",2025,186,0.0138884390515269,0.0335114937281292,0.0625225641256632,0.0483112640097956,0.0347234756585445,0.000910666728124564,0.000326184395398762,0.00014445682980756,0,0,0,0,0,0,0,0,0,0,0,0,0,0,0,0,0.00035244131397652,0.000624432274483382,0.00116946141553495,0.00101919778833275,0.000826658102576353,2.54945178028187e-05,1.20915199104885e-05,6.90810666897266e-06,0.000538753758365148,0.00090539474904425,0.00154325468223458,0.00117793771813029,0.000836826097683157,2.13893889685952e-05,0,0,0.00740249451210133,0.0164175600614736,0.0295565188363634,0.0225810399752659,0.0160553983586074,0.000411199485417814,0.000149483599892104,6.54567175174823e-05,0.0055947494670839,0.015564106643128,0.0302533291915303,0.0235330885280667,0.0170045930996776,0.000452583335935336,0.000164609275596169,7.20920056211049e-05
"187",2025,187,0.00739782330570818,0.0285872970917919,0.0643363650306346,0.0539538134593324,0.0414032287292497,0.00145884184999745,0.000490747783479346,0.000209600118534915,0,0,0,0,0,0,0,0,0,0,0,0,0,0,0,0,0.000188371190841784,0.000554867869728786,0.00119765932354469,0.00113504159442201,0.000983151201569282,4.05427349474122e-05,1.80617001830998e-05,9.95195577804167e-06,0.000293486538837584,0.000818706534724304,0.0016106739996578,0.00133665989731398,0.001014015735956,3.46698356478565e-05,0,0,0.00393617974320308,0.0142107440498589,0.0305446812489629,0.0253678961711593,0.0192606453075195,0.000660149510263788,0.000225430360776008,9.52022360443968e-05,0.00297978583282574,0.0130029786374799,0.0309833504584693,0.0261142157964371,0.0201454164842049,0.000723479769138396,0.000247255722520238,0.000104445926712477
"188",2025,188,0.00386617540077652,0.0216065290246498,0.0615862108183202,0.0554298586788479,0.0452041715999095,0.00211861465846585,0.000681036561418426,0.000282010789422949,0,0,0,0,0,0,0,0,0,0,0,0,0,0,0,0,9.54954778584289e-05,0.00043651715382159,0.00113874078530369,0.00116114754563473,0.00107010872647365,5.85259214573013e-05,2.49160351039364e-05,1.33105063426445e-05,0.000151235217283925,0.000652958205550353,0.00155495778908899,0.00138814069306964,0.00112030354934805,5.08127554786695e-05,0,0,0.00204260581337388,0.0108601470687973,0.029305364634387,0.0261758667709469,0.0211409672400607,0.000961505991352858,0.000313782198050898,0.000128478868028179,0.00157683889226029,0.0096569065964805,0.0295871476095405,0.0267047036691966,0.0218727920840271,0.00104776999017702,0.000342338328263592,0.000140221415052125
"189",2025,189,0.00213672411263389,0.0158740100580935,0.059459686497219,0.0567372147662023,0.0488708301304148,0.00301144849943129,0.000966153403535231,0.000380163455567433,0,0,0,0,0,0,0,0,0,0,0,0,0,0,0,0,5.13629438819317e-05,0.00033478809104158,0.00109148635306172,0.00118249201710601,0.00115248400560474,8.26327843326446e-05,3.42687135999519e-05,1.78207292909662e-05,8.24243816262432e-05,0.000506129204612293,0.00150890021085124,0.00143094201450108,0.00122113605414212,7.26267812471293e-05,2.30864788482132e-05,0,0.00112335727254261,0.00806402781663072,0.0283303137560644,0.0268761975939219,0.0229501161519044,0.00136908390254304,0.000435240947578875,0.000173487638488781,0.000879579514583105,0.00696906494580894,0.0285289861772416,0.0272475831406732,0.0235470939187636,0.00148710503130847,0.000473557263508192,0.000188855087787686
"190",2025,190,2.88475896776363e-05,0.0117184840215682,0.0566745543865034,0.0567294050042229,0.0513485926007033,0.00414814496912032,0.00131146688754197,0.000504431484056321,0,0,0,0,0,0,0,0,0,0,0,0,0,0,0,0,2.88475896776363e-05,0.000253833054869284,0.00103502750427249,0.00117846129288098,0.00120870406120377,0.000113375572448042,4.63180619106381e-05,2.35465940164364e-05,0,0.000387181578665383,0.00144530935048622,0.00144028080289291,0.00129329585137761,0.000100642935244649,3.15169087403431e-05,0,0,0.00598343273480948,0.0270321072224248,0.0269430713308799,0.0242057017606861,0.00188976766911213,0.000591864552179479,0.00023063388053686,0,0.00509403665322407,0.0271621103093198,0.0271675915775691,0.0246408909274358,0.0020443587923155,0.000641767364711513,0.000250251009503025
"191",2025,191,0,0.01329592176261,0.0521440368722705,0.0542485616256319,0.0513954496246342,0.00543966218123067,0.00171131969473635,0.000645961672764516,0,0,0,0,0,0,0,0,0,0,0,0,0,0,0,0,0,0.000224009444748066,0.000967102776498031,0.0011461547598728,0.00123238975859178,0.000151369562800558,6.15004078004256e-05,3.06893735094753e-05,0,0.000346945734628589,0.00135799950594122,0.00140847254949892,0.00132568462205626,0.000135098397557,4.20761523226357e-05,0,0,0.00632145720998378,0.0250010126280695,0.0259313773958569,0.0244160679455233,0.00249654908238168,0.000777673894791089,0.000297471639652193,0,0.00640350937324959,0.0248179219617617,0.0257625569204032,0.0244213072984629,0.00265664513849143,0.000830069239822197,0.000317800659602847
"192",2025,192,0,0.0164709680135488,0.049816080155494,0.0527675240485358,0.0518205204303878,0.00712265829484174,0.00224523295559577,0.00083471653136351,0,0,0,0,0,0,0,0,0,0,0,0,0,0,0,0,0,0.000279007531156578,0.00092395425031833,0.0011156567926084,0.00124503851442731,0.000198487160714824,8.07594331024916e-05,3.96846669236457e-05,0,0.000431636711878251,0.00129641159573694,0.00136987361340231,0.0013380462399168,0.000176993172556328,5.5205758841297e-05,0,0,0.00786674234518833,0.0238720331462831,0.0252242296671421,0.0246442302396651,0.00327097970825357,0.00102046686741491,0.000384401538184949,0,0.00789358142532561,0.0237236811631556,0.0250577639753829,0.0245932054363785,0.00347619825331702,0.00108880089623707,0.000410630326254915
"193",2025,193,0,0.0200295372701102,0.0494699813893632,0.0523306796084863,0.0527913255397947,0.00937061309281227,0.00297850321509935,0.00109422407491481,0,0,0,0,0,0,0,0,0,0,0,0,0,0,0,0,0,0.000341260979988072,0.000918077094743818,0.00110703038781306,0.00127027090286094,0.00026132131602491,0.000107136035893256,5.20090494375372e-05,0,0.00052732055879287,0.00128707221883148,0.00135812047639657,0.00136387085870588,0.000232814538740585,7.31753665626302e-05,0,0,0.00961036978084414,0.0237038931712678,0.0250119711284688,0.025121816845573,0.00430325280982047,0.00135292371050726,0.000503499369130776,0,0.0095505859504851,0.0235609389045201,0.0248535576158078,0.0250353669326548,0.00457322442822631,0.0014452681021362,0.000538715656346496
"194",2025,194,0,0.020897576015328,0.0442678594842949,0.0459200481592645,0.0471492530981349,0.0107223291479603,0.00345601141114584,0.00125867272789226,0,0,0,0,0,0,0,0,0,0,0,0,0,0,0,0,0,0.000357306108335138,0.000821895321527691,0.000971123309881994,0.00113499397448052,0.000300392109757734,0.000124827792270725,6.0066291175027e-05,0,0.00055171036509123,0.0011517027469961,0.00119094421625587,0.00121814548102806,0.000267419922550639,8.51973994467891e-05,0,0,0.0100653910122919,0.0212102514933918,0.0219340492557382,0.0224369194393996,0.00494084523866171,0.00157460749372869,0.000580886275878164,0,0.0099231685296097,0.0210840099223793,0.0218239313773883,0.0223591942032267,0.00521367187699019,0.00167137872569964,0.000617720160839072
"195",2025,195,0,0.0165709879453895,0.0315339211346502,0.0316200450377153,0.0327496841081667,0.00931615949926238,0.0030636861049359,0.00114133278595867,0,0,0,0,0,0,0,0,0,0,0,0,0,0,0,0,0,0.00038671970735486,0.000797172386820826,0.000908961024129995,0.00107091439162,0.000357538141691756,0.000151184464939008,7.23259182621615e-05,0,0.000435156093986253,0.000814219569023948,0.000812584417868788,0.000837842640973852,0.000231974391853484,7.52068759571091e-05,2.75793974093862e-05,0,0.00794344478027336,0.0149963151410615,0.0149679654777052,0.0154338662252006,0.00428220322230496,0.00138868504866694,0.000509294598691941,0,0.007805667363775,0.0149262140377439,0.0149305341180113,0.0154070608503722,0.00444444374341218,0.00144860971537284,0.000532132871595185
"196",2025,196,0,0.0168619642310143,0.0299095905828475,0.0287276681915647,0.0296985057410094,0.0101889593695383,0.00340982637362057,0.00126610808927482,0,0,0,0,0,0,0,0,0,0,0,0,0,0,0,0,0,0.000402879408938034,0.000773467467657128,0.000843883850666065,0.000992267670001698,0.000400468502186696,0.000172233696968601,8.20873654813334e-05,0,0.000443022575851644,0.000772126957906351,0.000737414239441925,0.000758843973788681,0.000253918419532422,8.37322846680824e-05,3.05914623390746e-05,0,0.00809100158533572,0.0142202819448268,0.0135837959397654,0.0139791429494041,0.00468639103049264,0.00154584630833135,0.000564827660218902,0,0.00792506066088892,0.0141437142124572,0.0135625741616913,0.0139682511478149,0.00484818141732651,0.00160801408365253,0.000588601601235507
"197",2025,197,0,0.0184730326490589,0.03138496198076,0.0287999987616571,0.029448712359078,0.0120341260715847,0.00410496856881895,0.00152118213484475,0,0,0,0,0,0,0,0,0,0,0,0,0,0,0,0,0,0.000422906371321494,0.000777009126019854,0.0008090652526444,0.000940875608427852,0.000452727636677871,0.000198455699365221,9.44372243372771e-05,0,0.000486677111983107,0.000811815373979426,0.000740021389279076,0.000753188254650596,0.00030041913005959,0.000100977044683669,3.68351199464481e-05,0,0.00889006256302875,0.0149499561202828,0.0136322393909402,0.013875713498061,0.00554463487331645,0.00186431492887147,0.000680157794892073,0,0.00867338660272553,0.0148461813604779,0.0136186727287934,0.0138789349979385,0.00573634443153082,0.00194122089589859,0.000709751995668956
"198",2025,198,0,0.0271148686695011,0.0450815134447133,0.0396483238979802,0.0397459241026691,0.0192998585565727,0.00672190875994512,0.00248481692511812,0,0,0,0,0,0,0,0,0,0,0,0,0,0,0,0,0,0.000446659214098378,0.000800964512418488,0.000797771665881527,0.000909769612128995,0.000518053569033018,0.000232119763884078,0.00011055522300077,0,0.000723538982417387,0.00117804127644893,0.00102730927997116,0.00102538291516073,0.000483928464396794,0.000166268939143126,6.07088001260172e-05,0,0.0132115545977706,0.0216879039524026,0.0189244800867194,0.0188918442746367,0.00893759612825915,0.00307250002784877,0.00112206013296115,0,0.0127331158752147,0.0214146037034433,0.0188987628654081,0.0189189273007427,0.00936028039488374,0.00325102002906915,0.00119149276903019
"199",2025,199,0.105286622101675,0.0321888264587636,0.0131466555810171,0.0110968019942885,0.010810743577144,0.00619272995450825,0.00221122922728237,0.000819320619980009,0,0,0,0,0,0,0,0,0,0,0,0,0,0,0,0,0.00254064369544631,0.000432905113335915,0.00018442755060937,0.000177102823414713,0.000196522601835419,0.000134734209656614,6.22453699195985e-05,2.98165080790232e-05,0.00342093845267742,0.000560949333037604,0.000217322253022415,0.000182709042267317,0.000177487867551947,0.000100692663194408,3.56582225640209e-05,1.30922091336056e-05,0.056194541632035,0.0131854435904175,0.00515960104751241,0.00433841086305792,0.00421460939425413,0.00239200040962214,0.000847174120852551,0.000311059741704978,0.0431304983215164,0.0180095284219726,0.00758530472987291,0.0063985792655486,0.00622212371350248,0.00356530267203509,0.0012661515139462,0.000465352161062402
"200",2025,200,0.0705194262082,0.0384421655501363,0.0226482980087839,0.0182045202747339,0.0171018647362172,0.0107473508795642,0.00389630103549612,0.00144497874548491,0,0,0,0,0,0,0,0,0,0,0,0,0,0,0,0,0.00177428777441993,0.000555501715588252,0.000335688008988688,0.00030622670236084,0.000327337340235527,0.000245259324858667,0.000114847713907366,5.5012419401477e-05,0.00258349376937315,0.000776805271060987,0.000427174175455322,0.000341195678278697,0.000319286465385385,0.000198006607089725,7.10808866164349e-05,2.60985340116233e-05,0.0389529209512102,0.017184955494077,0.00961398368757298,0.0076814075705099,0.00718897615562093,0.00446141110822217,0.00160192490414301,0.00058822165443611,0.0272087237131967,0.0199249030694101,0.012271452136767,0.00987569032358449,0.00926626477497535,0.00584267383939365,0.00210844753082931,0.000775646137635703
"201",2025,201,0.0282253395667477,0.0412457762684711,0.0364242709118504,0.028555861058716,0.0260049874930423,0.0180679088906306,0.00669176265915708,0.00249208161262473,0,0,0,0,0,0,0,0,0,0,0,0,0,0,0,0,0.00073905800842184,0.000656978609675218,0.000572619999860042,0.000507645622496602,0.000525126543456004,0.000432742056758915,0.000206492679903254,9.91963672929096e-05,0.00121361082156881,0.00103174675948342,0.000819431558064618,0.000636143257202169,0.000576096744531605,0.000393077281112419,0.000143814388641663,5.2960897685649e-05,0.0158283649246098,0.0201708354997636,0.0167240220461523,0.0129919732579794,0.0117688178916819,0.00803988397078196,0.0029428256200574,0.00108390022151607,0.0104443058121472,0.0193862153995489,0.0183081973077735,0.0144200989210379,0.0131349463133728,0.00920220558197732,0.00339862997055476,0.0012560241261301
"202",2025,202,0.0267012500281135,0.033296247740374,0.0408410234960417,0.0317712595526244,0.0282411822501944,0.0218573691265858,0.00832631321774171,0.00312454853736463,0,0,0,0,0,0,0,0,0,0,0,0,0,0,0,0,0.000702553536357962,0.000502043895426476,0.000622018792120623,0.000546500734445852,0.000551304178710132,0.000505848329403249,0.000248067048082223,0.000120060464986359,0.00120435512951442,0.000825172062382605,0.00093041884180899,0.000715865294825118,0.000632247478342955,0.000480315381471627,0.000180612918991431,6.70128124910848e-05,0.0151960996918234,0.0161902275678843,0.0189429308932128,0.0145862731651893,0.0128870856288165,0.00980293665983522,0.00368814833952935,0.0013686965785486,0.00959824167041768,0.0157788042146806,0.0203456549688993,0.0159226203581641,0.0141705449643247,0.0110682687558757,0.00420948491113871,0.00156877868133858
"203",2025,203,0.0302141333964752,0.0257025229494905,0.0378427969169528,0.0294153627749335,0.0255561211906276,0.0219711638577154,0.0086341817380507,0.00327375478657337,0,0,0,0,0,0,0,0,0,0,0,0,0,0,0,0,0.000749299229656595,0.000363772126673175,0.000557635410698565,0.000489847225678449,0.000482903447267991,0.000493349717092833,0.000249651614040079,0.000122106119630474,0.00131508787004824,0.00061235418236767,0.000853207805788484,0.000656325663739727,0.000566484142169226,0.000479084201886254,0.000185889754932424,6.97005780119068e-05,0.0171677543623777,0.0122634658357056,0.0175126086066263,0.0134814312888187,0.0116403397875109,0.00985526471033944,0.00382593984125507,0.00143486482793467,0.0109819919343927,0.012462930804744,0.0189193450938394,0.0147877585966966,0.0128663938136794,0.0111434652283969,0.00437270052782313,0.00164708326099631
"204",2025,204,0.0311440899111215,0.0235116945111839,0.0381244220426656,0.0295379151246928,0.0251857462778335,0.0237421312406119,0.00963974497470645,0.00369760754324555,0,0,0,0,0,0,0,0,0,0,0,0,0,0,0,0,0.00075865051503202,0.0003202369769367,0.0005449394187477,0.000477039189613336,0.0004613463799068,0.000517337512943113,0.00027042218314682,0.000133802565436774,0.0013669977127316,0.000553904302804023,0.000856421231673596,0.000656521148412553,0.000555907035203238,0.000515984334869255,0.000206810637608202,7.84476941657347e-05,0.0177847173391787,0.0111665098058225,0.0176469368881628,0.0135381703630495,0.0114681013842193,0.010655434253907,0.0042731459940275,0.00162127536504761,0.0112337243441792,0.0114710434256207,0.0190761245040815,0.0148661844236174,0.0127003914785042,0.0120533751388926,0.00488936615992394,0.00186408191859543
"205",2025,205,0.00784351483523569,0.0233626946431398,0.0424347538610105,0.0328887275624072,0.0276734220877572,0.0282991419191617,0.0119269746646837,0.00463941780244012,0,0,0,0,0,0,0,0,0,0,0,0,0,0,0,0,0.000294589716475565,0.000335519550659854,0.000609929769381239,0.000533453296916246,0.000508601517964119,0.000618331967869778,0.000335097070970543,0.000168022267922886,0.000577567763769682,0.000629211769139057,0.00104090152553313,0.000797256505353434,0.000665541689763835,0.00066974423703358,0.000278327375812523,0.000106994522231867,0.00697135735499044,0.0115781844029572,0.0201943531101345,0.0154819375339403,0.0129310842036564,0.0130278803206596,0.00541785508476082,0.00208338313982359,0,0.0108197789203837,0.0205895694559616,0.0160760802261972,0.0135681946763728,0.0139831853935988,0.00589569513313982,0.00228101787246178
"206",2025,206,0.000179370046294029,0.0212835503752155,0.0445065717618404,0.0343716857785628,0.0286943344493793,0.0315912064874254,0.0139036377124597,0.00550511287000211,0,0,0,0,0,0,0,0,0,0,0,0,0,0,0,0,0.000179370046294029,0.000306650151116673,0.000625970938965431,0.000545118124393423,0.000515374825553915,0.000674815871673221,0.000381662612693603,0.000194723799219631,0,0.000602168441887204,0.00111958538494372,0.000853836033864503,0.00070682391008112,0.000766016319180939,0.000332231593934339,0.000129958879376259,0,0.0106768108498655,0.0213561920204757,0.0163038725011818,0.0135048173626231,0.0146528559529208,0.00636017109652198,0.00248882951289083,0,0.00969792093234607,0.0214048234174555,0.0166688591191231,0.0139673183511211,0.0154975183436504,0.00682957240930982,0.00269160067851538
"207",2025,207,0.0805693767385904,0.012361112099933,0.0259963993789687,0.0204188413745219,0.0166043700677932,0.0193806387377598,0.00889670811401836,0.00359203122307756,0,0,0,0,0,0,0,0,0,0,0,0,0,0,0,0,0.00173073225628381,0.000135856388903143,0.000306592032168443,0.000273003525676748,0.000252086406874265,0.000352245606111012,0.000208763826443288,0.000108916123484392,0.00298925509046564,0,0.000463596388092872,0.000361450145357175,0.000292220204172839,0.000337844169789654,0.000153503672238233,6.13921755864887e-05,0.0455736534466195,0.00527603908112961,0.0108323903737432,0.00844910211458659,0.00683273268154097,0.00790312027314412,0.00359210367371156,0.00143686821703192,0.0302757359452214,0.00694921662990029,0.0143938205849642,0.0113352855889014,0.00922733077520512,0.010787428688715,0.00494233694162528,0.00198485470697475
"208",2025,208,0.0334331730078123,0.0180092494521097,0.0371393201994356,0.029410315806702,0.023469142367981,0.0284755499496047,0.0135254127444579,0.00556614414411791,0,0,0,0,0,0,0,0,0,0,0,0,0,0,0,0,0.000752745242450589,0.000220024667167609,0.000474873689262313,0.000425117221256581,0.000384215807796431,0.000556458635012325,0.000340274989962076,0.000180606565302337,0.00149872652120286,0,0.00082559341586845,0.000647186299257846,0.00051216766740663,0.000613806623904815,0.000287793805684564,0.000117108998304954,0.0193510334713637,0.00865860745284161,0.0171826792801924,0.013479338144939,0.0106730268534931,0.0128009513468569,0.00600559777247689,0.00244456943902663,0.0118306677727951,0.00913061733210052,0.0186561738141124,0.0148586741412485,0.0118997320392848,0.0145043333438307,0.00689174617633437,0.00282385914148399
"209",2025,209,0.000220931051668788,0.00911250692422546,0.0395185856514913,0.0330198110067259,0.0270065057102793,0.0339795664077112,0.0166228399479294,0.00695039454454627,0,0,0,0,0,0,0,0,0,0,0,0,0,0,0,0,0.000220931051668788,0.000228221645639436,0.000523876392770084,0.000484263219472586,0.000448408183551079,0.000672690668353784,0.000423055432456646,0.000227913040612035,0,0,0,0.000818142597448721,0.000663336242291853,0.000823477407061554,0.000397114430331932,0.00016402945408476,0,0.00888428527858603,0.0194541037041932,0.0156968851856245,0.0127349669093135,0.0158246475969317,0.00763742074160745,0.00315603020571438,0,0,0.019540605554528,0.0160205200041801,0.0131597943751229,0.0166587507353641,0.00816524934353337,0.00340242184413509
"210",2025,210,0.0331065704486123,0.000172081243330017,0.0333637191247545,0.0280005283931986,0.0239271231234434,0.0312399503766681,0.0157731471166381,0.00671068098373777,0,0,0,0,0,0,0,0,0,0,0,0,0,0,0,0,0.000712303841182641,0.000172081243330017,0.000411577430245813,0.000391436432474195,0.000371779090213535,0.000579860051441998,0.000376874024431023,0.000206755261215402,0.00150222441304813,0,0,0,0.0005250148988863,0.000677547423493989,0.000337644111017625,0.000142015108355504,0.0192919860548583,0,0.0158323508770877,0.0131838895130589,0.0109415277471641,0.014130658529969,0.00704633158447727,0.00296481252546897,0.0116000561395232,0,0.0171197908174209,0.0144252024476655,0.0120888013871795,0.0158518843717631,0.00801229739671214,0.00339709808869789
"211",2025,211,0,0.000206277111247166,0.0358762958156693,0.0308461257816886,0.0269147552352681,0.0363484565736859,0.0189298527856609,0.00820157303949351,0,0,0,0,0,0,0,0,0,0,0,0,0,0,0,0,0,0.000206277111247166,0.000455346571544075,0.0004436743513366,0.000429100046325954,0.000691692848626786,0.00046309153504221,0.000258440752887484,0,0,0,0,0.00067113854825381,0.000895166758370534,0.000459544986348214,0.000196637289083102,0,0,0.0177457419847268,0.0151389193310068,0.0127861332689372,0.0170694159391145,0.00877015254885146,0.00375456324277381,0,0,0.0176752072593985,0.0152635320993453,0.0130283833717512,0.017692181027574,0.009237063715419,0.00399193175474912
"212",2025,212,0,0,0.0112200499396255,0.0304296254965547,0.0264229062763129,0.0378524003105201,0.0203951329684743,0.00902202894392044,0,0,0,0,0,0,0,0,0,0,0,0,0,0,0,0,0,0,0.000442435438502561,0.000441480506194286,0.000434865791893999,0.000726275345578401,0.0005029596176479,0.00028646092151011,0,0,0,0,0,0.000982319551858779,0.000521619998001435,0.000227793305917469,0,0,0.0107776145011229,0.0151861486419008,0.0130966792292738,0.018063702261678,0.00960060905324263,0.00419494783694795,0,0,0,0.0148019963484596,0.0128913612551451,0.0180801031514049,0.00976994429958238,0.00431282687954491
"213",2025,213,0,0,0.000442512434710234,0.0285719712592704,0.0252677575997375,0.0373230423134062,0.0208032114550177,0.00940406342629608,0,0,0,0,0,0,0,0,0,0,0,0,0,0,0,0,0,0,0.000442512434710234,0.000408852833515197,0.000410442685668369,0.000707279926511846,0.000506916247963874,0.000295048183662365,0,0,0,0,0,0.000973502224132878,0.00053497751183112,0.000238750474173175,0,0,0,0.0143130654007517,0.0125798190028399,0.0179015548617257,0.00984615262629775,0.00439662949781236,0,0,0,0.0138500530250035,0.0122774959112293,0.0177407053010358,0.00991516506892491,0.00447363527064818
"214",2025,214,0,0,0.000475808736402833,0.00761644950555439,0.0248877845581192,0.0368803747859555,0.0217712872676706,0.0100607264940185,0,0,0,0,0,0,0,0,0,0,0,0,0,0,0,0,0,0,0.000475808736402833,0.000391575253568134,0.00039957185640311,0.000708345463413864,0.00052469769164552,0.000312157919323247,0,0,0,0,0,0,0.00056183121290012,0.000256286064353572,0,0,0,0.00722487425198626,0.0124220335752522,0.0182190825125926,0.0103362636094984,0.00471776913849749,0,0,0,0,0.0120661791264639,0.017952946809949,0.0103484947536266,0.0047745133718442
"215",2025,215,0,0,0.000476049753228787,0.000380378676674053,0.0227944855903681,0.034709238547606,0.0211140809662324,0.00997723999575993,0,0,0,0,0,0,0,0,0,0,0,0,0,0,0,0,0,0,0.000476049753228787,0.000380378676674053,0.000362143442877297,0.000660345770317246,0.000504374001623025,0.000306938426535201,0,0,0,0,0,0,0.000546526118287567,0.000255007142134527,0,0,0,0,0.0113937113673748,0.017187700711579,0.0100545233226181,0.00469404198616516,0,0,0,0,0.0110386307801159,0.0168611920657098,0.0100086575237037,0.00472125244092505
"216",2025,216,0.140092175778354,0.0476654937206194,4.09057508024795e-05,3.27032151769561e-05,0.00221358704498079,0.00343208015022036,0.00210822014500834,0.000996731987999167,0,0,0,0,0,0,0,0,0,0,0,0,0,0,0,0,0.002460326688094,0.000458703158118155,4.09057508024795e-05,3.27032151769561e-05,2.84011015361089e-05,5.30657191816707e-05,4.16837753603646e-05,2.5923045790278e-05,0.00430085194347775,0.00077042983326484,0,0,0,0,3.09572397358858e-05,0,0.0734195882252184,0.0184957292012916,0,0,0.0008084416625264,0.00124945549234742,0.000752205555863393,0.000358569252559103,0.0599114089215641,0.0279406315279448,0,0,0.00137674428091829,0.00212955893869127,0.0012833735740487,0.000612239689649786
"217",2025,217,0.0890405479516488,0.0576508025584937,0.0175091846977688,0.0116299084525496,0.00839505141617217,0.0122130851290659,0.00746386162295878,0.00352315355716905,0,0,0,0,0,0,0,0,0,0,0,0,0,0,0,0,0.00169140072697052,0.000603135646775045,0.000181966881975137,0.000137044881114907,0.000112435968499914,0.000196719384492066,0.000153123911609286,9.51159543112523e-05,0.00326006814795717,0.00111709308788793,0,0,0,0,0.000125598340354419,0,0.0498198548159109,0.0254964239270461,0.00717593397670263,0.00473222955753572,0.00339931841358307,0.0049198432878121,0.00293467599006985,0.00139766625827931,0.0342692242608102,0.0304341498967847,0.010151283839091,0.00676063401389901,0.00488329703408919,0.00709652245676174,0.00425046338092523,0.00203037134457849
"218",2025,218,0.0267780665593191,0.0485402381858378,0.0337181233389204,0.0225568082140366,0.0162268216440086,0.0231857777636399,0.0143246661217902,0.00679297345689304,0,0,0,0,0,0,0,0,0,0,0,0,0,0,0,0,0.000660102885859481,0.00055492683543365,0.000379628441117604,0.000286263303913048,0.000233229224059073,0.0003996513321423,0.000312404834178862,0.000195305247833186,0.00150129275035635,0.00120805658024972,0,0,0,0,0.000301463562990035,0,0.0196299479907032,0.0240083967415538,0.015692565091874,0.0103633842186539,0.00739355654620146,0.0104811012475194,0.00627695474060618,0.00301007265971792,0.0049867229324001,0.0227688580286007,0.0176459298059287,0.0119071606914697,0.00860003587374804,0.0123050251839782,0.00743384298401511,0.00358759554934193
"219",2025,219,0,0.0378104261919596,0.0145979853737048,0.012436738140454,0.0195407741452693,0.0285110654533542,0.0175946791157576,0.00865392656109111,0,0,0,0,0,0,0,0,0,0,0,0,0,0,0,0,0,0.000444376041409608,0.000432769601517395,0.000341251017683877,0.000285434761416971,0.000498991717499398,0.000397322964495651,0.000252102518769217,0,0.00107234166615067,0,0,0,0,0,0,0,0.0193023316368236,0.0141652157721874,0.0120954871227701,0.00933022762590984,0.0134940386867828,0.0082369880445118,0.00400685237621273,0,0.0169913768475758,0,0,0.00992511175794245,0.014518035049072,0.00896036810675015,0.00439497166610916
"220",2025,220,0,0.0190639934398568,0.000452714874938032,0.000360123151254142,0.00501971494333622,0.0290112507944891,0.0183215858732481,0.00917527829348166,0,0,0,0,0,0,0,0,0,0,0,0,0,0,0,0,0,0.000315378503859892,0.000452714874938032,0.000360123151254142,0.000292561282800448,0.000523473394668459,0.000426498633523715,0.000275437165290102,0,0,0,0,0,0,0,0,0,0.0148592846721726,0,0,0.00472715366053578,0.0142436877594576,0.00889651423372495,0.00440486042356902,0,0.00388933026382432,0,0,0,0.0142440896403631,0.00899857300599939,0.00449498070462254
"221",2025,221,0,0.000279635500557657,0.000472211647469342,0.000375776608966722,0.000299419407590235,0.0287599868677316,0.0185769529753909,0.0094734999646244,0,0,0,0,0,0,0,0,0,0,0,0,0,0,0,0,0,0.000279635500557657,0.000472211647469342,0.000375776608966722,0.000299419407590235,0.000515729644729,0.000429868565185223,0.000282706362155461,0,0,0,0,0,0,0,0,0,0,0,0,0,0.0142738324820744,0.00912053963486874,0.00459859930972742,0,0,0,0,0,0.0139704247409282,0.00902654477533693,0.00459219429274152
"222",2025,222,0,0.000278865673274826,0.000474242967303262,0.000377546566375113,0.000300925131951377,0.0275302692892563,0.0181699644772158,0.00943418422290368,0,0,0,0,0,0,0,0,0,0,0,0,0,0,0,0,0,0.000278865673274826,0.000474242967303262,0.000377546566375113,0.000300925131951377,0.00048932308246276,0.00041692110230958,0.000279230599352698,0,0,0,0,0,0,0,0,0,0,0,0,0,0.013661546043428,0.00892305516825018,0.00458163804045101,0,0,0,0,0,0.0133794001633656,0.00882998820665601,0.00457331558309997
"223",2025,223,0,0.000276182686482768,0.000472932540864017,0.000376659256555835,0.000300313514160623,0.0261898645413027,0.0176352297862224,0.00931688235727167,0,0,0,0,0,0,0,0,0,0,0,0,0,0,0,0,0,0.000276182686482768,0.000472932540864017,0.000376659256555835,0.000300313514160623,0.000462002423553514,0.00040178258243469,0.000273868647403476,0,0,0,0,0,0,0,0,0,0,0,0,0,0.0129933523689469,0.00866190869350038,0.00452642598103265,0,0,0,0,0,0.0127345097488022,0.0085715385102873,0.00451658772883555
"224",2025,224,0,0.000266624155588485,0.000459647161316273,0.000366231562893631,0.000292092151484984,0.00831450000756007,0.0166363360737033,0.00893585208429302,0,0,0,0,0,0,0,0,0,0,0,0,0,0,0,0,0,0.000266624155588485,0.000459647161316273,0.000366231562893631,0.000292092151484984,0.000426161046998783,0.000377702089684463,0.000261835021813032,0,0,0,0,0,0,0,0,0,0,0,0,0,0.00788833896056129,0.00817764819182515,0.00434598052059724,0,0,0,0,0,0,0.00808098579219369,0.00432803654188275
"225",2025,225,0.0118233671983226,0.000215898717156611,0.00037777179873522,0.000301120160098423,0.000240235911159709,0.000344913558869701,0.0148377508156648,0.00808613324330401,0,0,0,0,0,0,0,0,0,0,0,0,0,0,0,0,0.000454636466979528,0.000215898717156611,0.00037777179873522,0.000301120160098423,0.000240235911159709,0.000344913558869701,0.000300798497802909,0.000211825161108369,0,0,0,0,0,0,0,0,0.011368730731343,0,0,0,0,0,0.006998419787641,0.00377798086528446,0,0,0,0,0,0,0.00753853253022085,0.00409632721691118
"226",2025,226,0,0,0.00042110412882047,0.000335797685512269,0.000267969797910853,0.000384840968536422,0.0145140512886241,0.0080244824845694,0,0,0,0,0,0,0,0,0,0,0,0,0,0,0,0,0,0,0.00042110412882047,0.000335797685512269,0.000267969797910853,0.000384840968536422,0.000325955651272975,0.00023274248252408,0,0,0,0,0,0,0,0,0,0,0,0,0,0,0.00712756938292827,0.00390140500048452,0,0,0,0,0,0,0.00706052625442284,0.00389033500156079
"227",2025,227,0,0,0.000421437898489355,0.000336215752298535,0.000268379262311465,0.000385550863077064,0.0143122434615639,0.00801806933814001,0,0,0,0,0,0,0,0,0,0,0,0,0,0,0,0,0,0,0.000421437898489355,0.000336215752298535,0.000268379262311465,0.000385550863077064,0.000317359235242487,0.000229655132454958,0,0,0,0,0,0,0,0,0,0,0,0,0,0,0.00703238582209376,0.00390108924817256,0,0,0,0,0,0,0.00696249840422769,0.0038873249575125
"228",2025,228,0,0,0.000416696198233132,0.000332584809200437,0.000265556037062714,0.000381615811168943,0.0139990691579485,0.0079437299010224,0,0,0,0,0,0,0,0,0,0,0,0,0,0,0,0,0,0,0.000416696198233132,0.000332584809200437,0.000265556037062714,0.000381615811168943,0.00030537137934008,0.000223877894731097,0,0,0,0,0,0,0,0,0,0,0,0,0,0,0.00688156248013649,0.00386743621387407,0,0,0,0,0,0,0.00681213529847192,0.00385241579241724
"229",2025,229,0.133511688004444,0,8.8902507493276e-05,7.09897019894908e-05,5.66983786608898e-05,8.15036029882379e-05,0.00424426111227964,0.00242821155820616,0,0,0,0,0,0,0,0,0,0,0,0,0,0,0,0,0.0018263853282307,0,8.8902507493276e-05,7.09897019894908e-05,5.66983786608898e-05,8.15036029882379e-05,6.3437630104484e-05,4.70974162728392e-05,0.00407107267708437,0,0,0,0,0,0,0,0.0704848359559051,0,0,0,0,0,0.00149832615519694,0.000852608806879207,0.0571293940432237,0,0,0,0,0,0.00268249732697821,0.00152850533505411
"230",2025,230,0.0864448090274938,0,0.000179832931068154,0.000143624055692718,0.00011471715332385,0.000164916414878128,0.00781625319115447,0.00449430427816392,0,0,0,0,0,0,0,0,0,0,0,0,0,0,0,0,0.00125245672905237,0,0.000179832931068154,0.000143624055692718,0.00011471715332385,0.000164916414878128,0.000127267633735487,9.4845237815192e-05,0.00309162436586319,0,0,0,0,0,0,0,0.0488640862925117,0,0,0,0,0,0.00316343889978283,0.00180703011042995,0.0332366416400665,0,0,0,0,0,0.00452554665763615,0.00259242892991878
"231",2025,231,0.0174776794999324,0,0.000305667261733926,0.00024418582282382,0.000195062638419564,0.000280458488150619,0.0116889478019216,0.00677799988269566,0,0,0,0,0,0,0,0,0,0,0,0,0,0,0,0,0.000412491171885042,0,0.000305667261733926,0.00024418582282382,0.000195062638419564,0.000280458488150619,0.000213069723595757,0.000159894356112589,0.00121609765654379,0,0,0,0,0,0,0,0.0158490906715036,0,0,0,0,0,0.00548142430699041,0.0031530644408137,0,0,0,0,0,0,0.00599445377133545,0.00346504108576937
"232",2025,232,0,0,0.000334013915021138,0.000266942082628386,0.000213284825250569,0.00030672870701849,0.011083483263444,0.00649692707687202,0,0,0,0,0,0,0,0,0,0,0,0,0,0,0,0,0,0,0.000334013915021138,0.000266942082628386,0.000213284825250569,0.00030672870701849,0.000227649939073191,0.000172602492589745,0,0,0,0,0,0,0,0,0,0,0,0,0,0,0.005442968953343,0.00316333824532304,0,0,0,0,0,0,0.00541286437102778,0.00316098633895923
"233",2025,233,0,0,0.000324046673427997,0.000259091936449093,0.000207059145695762,0.000297850370963518,0.0106955460083824,0.00632896264832192,0,0,0,0,0,0,0,0,0,0,0,0,0,0,0,0,0,0,0.000324046673427997,0.000259091936449093,0.000207059145695762,0.000297850370963518,0.000216226664613757,0.000165529678482691,0,0,0,0,0,0,0,0,0,0,0,0,0,0,0.00525645178578838,0.00308450770309964,0,0,0,0,0,0,0.00522286755798028,0.00307892526673958
"234",2025,234,0,0,0.000309204518867393,0.000247334283361241,0.000197705892118335,0.000284465378823844,0.0101733695249854,0.00607420111612646,0,0,0,0,0,0,0,0,0,0,0,0,0,0,0,0,0,0,0.000309204518867393,0.000247334283361241,0.000197705892118335,0.000284465378823844,0.000202141116785333,0.000156178094543662,0,0,0,0,0,0,0,0,0,0,0,0,0,0,0.00500213238175675,0.00296239562114631,0,0,0,0,0,0,0.00496909602644336,0.00295562740043648
"235",2025,235,0,0,0.000298824603271714,0.000239135047892064,0.000191191704363878,0.000275156738692461,0.00979227582605362,0.00589642276679799,0,0,0,0,0,0,0,0,0,0,0,0,0,0,0,0,0,0,0.000298824603271714,0.000239135047892064,0.000191191704363878,0.000275156738692461,0.00019158170144215,0.000149308374583341,0,0,0,0,0,0,0,0,0,0,0,0,0,0,0.00481644363840143,0.00287723835867987,0,0,0,0,0,0,0.00478425048621004,0.00286987603353478
"236",2025,236,0,0,0.000286570192781011,0.000229426714030239,0.000183466750416686,0.000264098817846988,0.00936435221658966,0.0056843678266358,0,0,0,0,0,0,0,0,0,0,0,0,0,0,0,0,0,0,0.000286570192781011,0.000229426714030239,0.000183466750416686,0.000264098817846988,0.000180303356319004,0.000141684257298339,0,0,0,0,0,0,0,0,0,0,0,0,0,0,0.00460726809915792,0.00277509123437323,0,0,0,0,0,0,0.00457678076111273,0.00276759233496423
"237",2025,237,0,0,0.000270266655669038,0.000216465365811455,0.000173135402604393,0.000249280904809119,0.00882794479295668,0.0053995879515612,0,0,0,0,0,0,0,0,0,0,0,0,0,0,0,0,0,0,0.000270266655669038,0.000216465365811455,0.000173135402604393,0.000249280904809119,0.000167011880031335,0.000132270275237175,0,0,0,0,0,0,0,0,0,0,0,0,0,0,0.00434438064576869,0.00263727398819649,0,0,0,0,0,0,0.00431655226715665,0.00263004368812754
"238",2025,238,0,0,0.000264224289634483,0.000211712738793521,0.000169365075110909,0.000243902230819259,0.00859760206944501,0.00529650850671332,0,0,0,0,0,0,0,0,0,0,0,0,0,0,0,0,0,0,0.000264224289634483,0.000211712738793521,0.000169365075110909,0.000243902230819259,0.000160527441556715,0.000128066423983571,0,0,0,0,0,0,0,0,0,0,0,0,0,0,0.0042319795280697,0.00258785574776128,0,0,0,0,0,0,0.00420509509981859,0.00258058633496847
"239",2025,239,0,0,0.000254817766648489,0.000204259028096732,0.000163431535009745,0.00023540443308503,0.00643146239656501,0.00513170617743145,0,0,0,0,0,0,0,0,0,0,0,0,0,0,0,0,0,0,0.000254817766648489,0.000204259028096732,0.000163431535009745,0.00023540443308503,0.000152269417756049,0.000122337255589437,0,0,0,0,0,0,0,0,0,0,0,0,0,0,0.0040729732592365,0.00250822128036771,0,0,0,0,0,0,0.00220621971957247,0.0025011476414743
"240",2025,240,0.0984116885668728,0,6.97506851711194e-05,5.59338978913646e-05,4.47615130031474e-05,6.44862885052234e-05,4.11782232408882e-05,0.00191160526188496,0,0,0,0,0,0,0,0,0,0,0,0,0,0,0,0,0.00112134140079098,0,6.97506851711194e-05,5.59338978913646e-05,4.47615130031474e-05,6.44862885052234e-05,4.11782232408882e-05,3.31792811561422e-05,0.0030291170855828,0,0,0,0,0,0,0,0.0518942979282156,0,0,0,0,0,0,0.000715432292674376,0.0423669321522834,0,0,0,0,0,0,0.00116299368805445
"241",2025,241,0.057885090941611,0,0.000141150228109316,0.000113217832954899,9.06078335155513e-05,0.000130542490583935,8.33629481150235e-05,0.00357474109327253,0,0,0,0,0,0,0,0,0,0,0,0,0,0,0,0,0.000702332399499639,0,0.000141150228109316,0.000113217832954899,9.06078335155513e-05,0.000130542490583935,8.33629481150235e-05,6.69081158460091e-05,0.00212758796668432,0,0,0,0,0,0,0,0.0326285529099367,0,0,0,0,0,0,0.00151614550057672,0.0224266176654903,0,0,0,0,0,0,0.0019916874768498
"242",2025,242,0.00519506251886315,0,0.000205925591321271,0.000165226695649154,0.000132243170391466,0.000190548806579617,0.000121694234704923,0.00482213149094341,0,0,0,0,0,0,0,0,0,0,0,0,0,0,0,0,0.000239255401660485,0,0.000205925591321271,0.000165226695649154,0.000132243170391466,0.000190548806579617,0.000121694234704923,9.69747043337143e-05,0,0,0,0,0,0,0,0,0.00495580711720267,0,0,0,0,0,0,0.00227231271069555,0,0,0,0,0,0,0,0.00245284407591415
"243",2025,243,0.112826928375079,0,2.91714490654441e-05,2.34157183519977e-05,1.87439721909171e-05,2.70123651299424e-05,1.72539543843105e-05,0.00082551414084371,0,0,0,0,0,0,0,0,0,0,0,0,0,0,0,0,0.00117109583169353,0,2.91714490654441e-05,2.34157183519977e-05,1.87439721909171e-05,2.70123651299424e-05,1.72539543843105e-05,1.36174446051613e-05,0.00316601571159531,0,0,0,0,0,0,0,0.0566102541114059,0,0,0,0,0,0,0.000295750603024127,0.051879562720384,0,0,0,0,0,0,0.000516146093214422
"244",2025,244,0.110578264279585,0.0102444154642065,1.80193513637856e-05,1.44676245101657e-05,1.15814005769337e-05,1.66906176511083e-05,1.06612250371761e-05,0.000471612074040895,0,0,0,0,0,0,0,0,0,0,0,0,0,0,0,0,0.00115381272175979,6.27621787346604e-05,1.80193513637856e-05,1.44676245101657e-05,1.15814005769337e-05,1.66906176511083e-05,1.06612250371761e-05,8.39954717976482e-06,0.00309977619471197,0.000160958736394156,0,0,0,0,0,0,0.0553780303583502,0.00385427114725762,0,0,0,0,0,0.000174946158903913,0.0509466450047626,0.00616642340182003,0,0,0,0,0,0.000288266367957217
"245",2025,245,0.0791141819346074,0.0150481697339678,0.00802238616659027,0.00545051493887963,0.00373591960612273,0.00363343457272281,0.00209111892087157,0.00126060909282165,0,0,0,0,0,0,0,0,0,0,0,0,0,0,0,0,0.000850989418453618,9.60338343772133e-05,5.57200697840746e-05,4.30881642072841e-05,3.36389083738856e-05,4.65443770097259e-05,2.94664072479191e-05,2.30675159923278e-05,0.0024392422725488,0.000262833815102678,0,0,0,0,0,0,0.0414468389709517,0.00612157385945365,0.00324546420176015,0.00219727576970619,0.00150184239531675,0.00171892360816991,0.000834084567756196,0.000500458591437402,0.0343771112726532,0.00856772822503423,0.00472120189504604,0.00321015100496616,0.0022004383024321,0.00186796658754318,0.00122756794586745,0.000737082985391921
"246",2025,246,0.0442822413028109,0.0225076047000905,0.0166847911224427,0.0113608310670145,0.00779789071367225,0.00288218223632171,0.00300230668743212,0.00262740714889742,0,0,0,0,0,0,0,0,0,0,0,0,0,0,0,0,0.000504463584099115,0.000154254393879993,0.00012200429240489,9.42707782762065e-05,7.35509671486853e-05,0.000101226569519564,6.40917398816694e-05,5.01605360095962e-05,0.00161734889357629,0.000472459049841873,0,0,0,0,0,0,0.0244743791381246,0.0102254050262014,0.00746757307156982,0.00505207207913904,0.00345109387728399,0.00278095566680214,0.00190682733562723,0.00114383482733002,0.0176860496870109,0.0116554862301672,0.00909521375846802,0.00621448820959923,0.00427324586923958,0,0.00103138761192323,0.0014334117855578
"247",2025,247,0.0111112051267001,0.0243406787021488,0.00574402569805862,0.00379320093926447,0.00263173833002807,0.000144909561139531,9.17262493165956e-05,0.00364224031652,0,0,0,0,0,0,0,0,0,0,0,0,0,0,0,0,0.000208022121358493,0.000178933389973382,0.000164118355972706,0.000129520086158603,0.000102550924691035,0.000144909561139531,9.17262493165956e-05,7.18463986951496e-05,0.000747468530951014,0.000613257555022892,0,0,0,0,0,0,0.0101557144743906,0.0119331558648101,0.00557990734208591,0.00366368085310587,0.00252918740533703,0,0,0.0016874863375516,0,0.0116153318923424,0,0,0,0,0,0.00188290758027324
"248",2025,248,0,0.0178963529792598,0.000163619930055283,0.000130125391265375,0.00010352884852943,0.000147857763278797,9.36027530949158e-05,0.00342532056573779,0,0,0,0,0,0,0,0,0,0,0,0,0,0,0,0,0,0.000137935374658271,0.000163619930055283,0.000130125391265375,0.00010352884852943,0.000147857763278797,9.36027530949158e-05,7.27822569507816e-05,0,0,0,0,0,0,0,0,0,0.00914763490608251,0,0,0,0,0,0.00165643784306513,0,0.00861078269851902,0,0,0,0,0,0.00169610046572188
"249",2025,249,0,0.0152802308653894,0.000161223720879344,0.000128213764881676,0.00010201918642875,0.00014571971819164,9.22596247211871e-05,0.00339617783606585,0,0,0,0,0,0,0,0,0,0,0,0,0,0,0,0,0,0.000114023970355467,0.000161223720879344,0.000128213764881676,0.00010201918642875,0.00014571971819164,9.22596247211871e-05,7.12469207942062e-05,0,0,0,0,0,0,0,0,0,0.00778559298254788,0,0,0,0,0,0.00165295315924624,0,0.00738061391248607,0,0,0,0,0,0.0016719777560254
"250",2025,250,0,0.00434043472078721,0.00015399014315441,0.000122472973465835,9.74618398432773e-05,0.000139227177354596,8.8158772893005e-05,0.00328077231558199,0,0,0,0,0,0,0,0,0,0,0,0,0,0,0,0,0,9.5002355784249e-05,0.00015399014315441,0.000122472973465835,9.74618398432773e-05,0.000139227177354596,8.8158772893005e-05,6.76178054525174e-05,0,0,0,0,0,0,0,0,0,0.00424543236500297,0,0,0,0,0,0.00160245972349794,0,0,0,0,0,0,0,0.00161069478663154
"251",2025,251,0,8.87523462567531e-05,0.000150597498485984,0.000119790653882428,9.53371789223996e-05,0.000136207903372231,8.62561013891905e-05,0.00322166625360196,0,0,0,0,0,0,0,0,0,0,0,0,0,0,0,0,0,8.87523462567531e-05,0.000150597498485984,0.000119790653882428,9.53371789223996e-05,0.000136207903372231,8.62561013891905e-05,6.57239843025139e-05,0,0,0,0,0,0,0,0,0,0,0,0,0,0,0,0.00157460909242272,0,0,0,0,0,0,0,0.00158133317687672
"252",2025,252,0,8.65088960534715e-05,0.00014912336024044,0.000118635401046092,9.44273270821408e-05,0.000134923381173223,8.54515071564061e-05,0.00320772297196512,0,0,0,0,0,0,0,0,0,0,0,0,0,0,0,0,0,8.65088960534715e-05,0.00014912336024044,0.000118635401046092,9.44273270821408e-05,0.000134923381173223,8.54515071564061e-05,6.46907338562833e-05,0,0,0,0,0,0,0,0,0,0,0,0,0,0,0,0.00157079134424685,0,0,0,0,0,0,0,0.00157224089386199
"253",2025,253,0,8.53110804412054e-05,0.000148626989465154,0.000118258829006823,9.41370498887821e-05,0.000134523807320722,8.52071865977583e-05,0.00321756268791526,0,0,0,0,0,0,0,0,0,0,0,0,0,0,0,0,0,8.53110804412054e-05,0.000148626989465154,0.000118258829006823,9.41370498887821e-05,0.000134523807320722,8.52071865977583e-05,6.40911012788893e-05,0,0,0,0,0,0,0,0,0,0,0,0,0,0,0,0.00157674872528168,0,0,0,0,0,0,0,0.00157672286135469
"254",2025,254,0,8.06194040414748e-05,0.000141746137528022,0.000112802292819341,8.98025001352541e-05,0.000128344097115356,8.13012838028288e-05,0.00309314591639788,0,0,0,0,0,0,0,0,0,0,0,0,0,0,0,0,0,8.06194040414748e-05,0.000141746137528022,0.000112802292819341,8.98025001352541e-05,0.000128344097115356,8.13012838028288e-05,6.0758687261734e-05,0,0,0,0,0,0,0,0,0,0,0,0,0,0,0,0.001516574172075,0,0,0,0,0,0,0,0.00151581305706114
"255",2025,255,0,7.69525266145554e-05,0.0001364042165028,0.000108569036780844,8.64406410746336e-05,0.000123552667096072,7.8273725629312e-05,0.00299870759694352,0,0,0,0,0,0,0,0,0,0,0,0,0,0,0,0,0,7.69525266145554e-05,0.0001364042165028,0.000108569036780844,8.64406410746336e-05,0.000123552667096072,7.8273725629312e-05,5.8132967087236e-05,0,0,0,0,0,0,0,0,0,0,0,0,0,0,0,0.00147086695372746,0,0,0,0,0,0,0,0.00146970767612883
"256",2025,256,0,7.45070817098865e-05,0.0001330633615629,0.000105927602747688,8.43453394065674e-05,0.000120570255816728,7.63914666482072e-05,0.00294512935773866,0,0,0,0,0,0,0,0,0,0,0,0,0,0,0,0,0,7.45070817098865e-05,0.0001330633615629,0.000105927602747688,8.43453394065674e-05,0.000120570255816728,7.63914666482072e-05,5.63932665448776e-05,0,0,0,0,0,0,0,0,0,0,0,0,0,0,0,0.00144507784442698,0,0,0,0,0,0,0,0.0014436582467668
"257",2025,257,0.034251695149939,0.0420602754945482,0.00696263435992213,4.11816699582571e-06,3.27940384089063e-06,4.68832668687099e-06,2.97072414263047e-06,0.000104820932262267,0,0,0,0,0,0,0,0,0,0,0,0,0,0,0,0,0.000331539585508207,0.000321203978680247,5.37860425589825e-05,4.11816699582571e-06,3.27940384089063e-06,4.68832668687099e-06,2.97072414263047e-06,2.18004745127063e-06,0.00106591998103935,0.000976997928256747,0.00014880716201086,0,0,0,0,0,0.0174883687240279,0.0196897831255582,0.00307763705626698,0,0,0,0,4.64848726584702e-05,0.0153658668593636,0.021072290462053,0.00368240409908531,0,0,0,0,5.61560121525259e-05
"258",2025,258,0.0356914329426954,0.0403752057124849,0.00671865741125744,0.00147657580502768,0.000902926531148559,0.000839295886737647,0.000385737686567618,0.000210584940511125,0,0,0,0,0,0,0,0,0,0,0,0,0,0,0,0,0.000347134429399107,0.00029441655089785,4.93966017613492e-05,1.25908077419082e-05,8.77902024785143e-06,9.84089205435074e-06,5.87873336168257e-06,4.16762532373722e-06,0.0011385415958678,0.000915242978053929,0.000139674394807819,0,0,0,0,0,0.018423544481085,0.0187792025935759,0.00294212459974222,0.000656926297746246,0.00040100928424026,0.000371824215785526,0.000170242731426087,9.25024398553017e-05,0.0157822124363435,0.0203863435899573,0.00358746181494605,0.000807058699539523,0.000493138226660448,0.00045763077889777,0.000209616221779849,0.000113914875332086
"259",2025,259,0.0375212968130774,0.0411141441613397,0.00279241916703562,0.00105830596269027,0.000615979536815116,0.00051894557901247,0.000230341105358613,0.000122866825341634,0,0,0,0,0,0,0,0,0,0,0,0,0,0,0,0,0.000352670749800774,0.000296896252823228,2.03861937212263e-05,8.80256447415541e-06,5.96598439528337e-06,6.06211462290482e-06,3.49775318492854e-06,2.42295254631353e-06,0.00116445722460073,0.00092826468205947,5.79710319776369e-05,2.19149283740379e-05,0,0,0,0,0.0191752291210397,0.0190393747088107,0.001218496706905,0.000460687708364923,0.000273375510105015,0.000229770778246625,0.000101610867820668,5.39479577524209e-05,0.0168289397176362,0.0208496085176463,0.00149556523443175,0.000566900761477154,0.000336638042314817,0.000283112686142941,0.000125232484353016,6.64959150428991e-05
"260",2025,260,0.0295439781603269,0.0396830656610679,0.0045353404482451,0.00215216713322753,0.00126789225877793,0.0009930104892604,0.000430565040988685,0.000225778536504058,0,0,0,0,0,0,0,0,0,0,0,0,0,0,0,0,0.000274131843245989,0.000284067479686307,3.25359445491963e-05,1.75796986816118e-05,1.18060979673552e-05,1.13880364982056e-05,6.41827100546996e-06,4.37088489272418e-06,0.000941573435645913,0.00092387723595457,9.62677297443183e-05,4.55396771491e-05,2.67752199839816e-05,0,0,0,0.0151947152340993,0.0186422500996659,0.00200104260004426,0.000946763991296897,0.000556691711214492,0.000444222222446421,0.000191889797037784,0.000100157430891828,0.0131335576473357,0.0198328708457612,0.00240549417390733,0.00114228376609992,0.000672619229612104,0.000537400230315773,0.000232256972945431,0.000121250220719505
"261",2025,261,0.0287376073359431,0.0327597332892891,0.00658752124557071,0.00361092958143132,0.00212798777030006,0.00161398782645993,0.000687384470120744,0.000355319514475607,0,0,0,0,0,0,0,0,0,0,0,0,0,0,0,0,0.000262446066917974,0.000222706454356284,4.54405090299415e-05,2.8345635364243e-05,1.90326844470459e-05,1.77699508050148e-05,9.8367636880799e-06,6.60433710409948e-06,0.000936837875446418,0.000753692086054909,0.000139844742252133,7.63754734714092e-05,4.48974162239233e-05,0,0,0,0.014959333775436,0.0153480320752293,0.00292359941263835,0.00159706440796525,0.000938943817689999,0.00072527856310179,0.000307720028278303,0.000158348438875579,0.0125789896181428,0.0164353026736486,0.00347863658165028,0.00190914406463042,0.00112511385193909,0.000870939312553122,0.000369827678154361,0.000190366738495929
"262",2025,262,0.0223064159223192,0.0283934064942472,0.00999471728552835,0.0059331060252819,0.00360130080131576,0.00268306500257768,0.00112537249948539,0.000573694640675786,0,0,0,0,0,0,0,0,0,0,0,0,0,0,0,0,0.000201420735913393,0.000187479936318857,6.69966759457058e-05,4.52125271903398e-05,3.12434364849091e-05,2.86470362992204e-05,1.56141980561122e-05,1.03388039115197e-05,0.000763263987871186,0.000674047421509861,0.000219044364772449,0.000129422530392786,7.83016212389537e-05,0,0,0,0.0117871399525074,0.013493589913214,0.00451679118143101,0.00266960046808399,0.00161542909904884,0.00122561193465002,0.000512014395956288,0.00025984575287139,0.00955459124602722,0.0140382892232044,0.00519188506337919,0.00308887049961478,0.00187632664454306,0.00142880603162845,0.000597743905472992,0.000303510083892876
"263",2025,263,0.0467656496426464,0.0194237766931903,0.00268219569596253,0.00167901236504996,0.00104835199397866,0.000777414562587586,0.000322317878390717,0.0001623726878599,0,0,0,0,0,0,0,0,0,0,0,0,0,0,0,0,0.000391904174841735,0.000117463522633287,1.71662704442412e-05,1.22517967124376e-05,8.72379291703769e-06,7.95686631805289e-06,4.28989279087361e-06,2.80804292999668e-06,0.00138823136977753,0.000394635089487671,5.23785444727886e-05,3.27283357458709e-05,2.04020625112973e-05,0,0,0,0.0237950489186885,0.00855354294038735,0.00114683237519537,0.000716640241211354,0.000446756498189357,0.000337083054284332,0.000139290827490704,6.98810235945769e-05,0.0211904651793386,0.010358135140682,0.00146581850585014,0.000917391991380296,0.00057246964036097,0.000432374641985201,0.000178737158109139,8.96836213353259e-05
"264",2025,264,0.0353340028904865,0.0224407546215039,0.00500157198857223,0.00318929474625401,0.00202942200596844,0.00148735092712946,0.000608868736706361,0.000302970038156821,0,0,0,0,0,0,0,0,0,0,0,0,0,0,0,0,0.000297941739759855,0.000136352386722777,3.17741443946453e-05,2.30829662955493e-05,1.67419400217232e-05,1.50954131648195e-05,8.03432139737293e-06,5.1944159049284e-06,0.0011099146523571,0.000481931247114617,0.000102030174440488,6.48931598776156e-05,4.12061542675263e-05,0,0,0,0.0183079217382978,0.0101905974668194,0.0021905072950255,0.00139339162170866,0.000884858592555315,0.000660059507594087,0.000269259695137495,0.000133425702391041,0.0156182247600717,0.0116318735208471,0.0026772603747116,0.00170792699837218,0.00108661531912388,0.00081219600637055,0.000331574720171493,0.000164349919860852
"265",2025,265,0.024885719734096,0.0230612673093176,0.0085422910223859,0.00556585793840398,0.00359752070959725,0.00263955820315878,0.00106918520417516,0.000525773394509518,0,0,0,0,0,0,0,0,0,0,0,0,0,0,0,0,0.00021096203496549,0.000139404477489332,5.338718992817e-05,3.95859193810036e-05,2.91418271916303e-05,2.63071090412749e-05,1.38505131958057e-05,8.8491672225224e-06,0.000839765925369204,0.000526857395062789,0.000183373674376829,0.000119042281491082,7.672426503615e-05,0,0,0,0.01315763199511,0.0107905302758016,0.00383952747375221,0.00249312036992797,0.00160709591365932,0.00120042808369002,0.000484414842698306,0.000237211913307025,0.0106773597786513,0.0116044751609639,0.00446600268432869,0.00291410936760393,0.00188455870371015,0.00141282301042748,0.000570919848281046,0.00027971231397997
"266",2025,266,0.015165531550111,0.0204001065322854,0.0123736776077058,0.00824798158421907,0.00540510055242262,0.00402447412557891,0.00161830014356921,0.000787469848078904,0,0,0,0,0,0,0,0,0,0,0,0,0,0,0,0,0.000127516407491131,0.000122343033743627,7.5989018878103e-05,5.75772925251724e-05,4.29383757110715e-05,3.93440082234901e-05,2.05563998990984e-05,1.29951880148505e-05,0.000549279516343835,0.000500487276367294,0.000282624518967137,0.000187490064383446,0.000122415030356612,0,0,0,0.00814761775163813,0.00981027434645656,0.00571629222634564,0.00379344281264917,0.00247738432291866,0.00187866630075838,0.000752336092972553,0.000364529052793917,0.00634111787463793,0.0099670018757179,0.00629877184351487,0.00420947141466129,0.00276236282343628,0.00210646381659704,0.000845407650697564,0.000409945607270137
"267",2025,267,0.0155410239181223,0.015017763792087,0.0132254370106371,0.00901841055429086,0.00600895195408513,0.00458424838173009,0.00183780065505755,0.00088716073542612,0,0,0,0,0,0,0,0,0,0,0,0,0,0,0,0,0.000127776844865089,8.49223715482129e-05,7.82080697295541e-05,6.06154756376557e-05,4.59545656563725e-05,4.31309742822908e-05,2.24654732797216e-05,1.40902049890398e-05,0.000570490453144013,0.000360495944218338,0.000301652052503922,0.000204694101086655,0.00013586662730747,0,0,0,0.00841409581885842,0.00715644464760975,0.0061285672798953,0.00416019010624771,0.00276204407704123,0.00214554811608716,0.000856564130258031,0.000411762745596298,0.00642866080125478,0.0074159008287107,0.00671700960850829,0.00459291087131884,0.00306508668408007,0.00239556929136064,0.000958771051519797,0.000461307784840782
"268",2025,268,0.0114259478616637,0.0104601906109638,0.0115235491132231,0.00801501793787682,0.00543093794881338,0.00425948305405096,0.00170820667405537,0.000820223541679441,0,0,0,0,0,0,0,0,0,0,0,0,0,0,0,0,8.66329328780339e-05,5.80204366286034e-05,6.76489673607532e-05,5.35144746942796e-05,4.12752556222661e-05,3.98768066765366e-05,2.07800940907131e-05,1.29645922582946e-05,0.000405110527401156,0.000257371811919412,0.000272578765250477,0.00018878350177381,0.000127479753342235,0,0,0,0.00610581079837164,0.00500436300109219,0.00540521650354336,0.00374473266415826,0.00252927892910007,0.00202235122745209,0.000807751394925869,0.000386254892571527,0.0048283936030129,0.00514043536132356,0.00577810487706854,0.00402798729725048,0.0027329040107488,0.00219725501992233,0.000879675185038788,0.000421004056849619
"269",2025,269,0.00641742655729713,0.0103195832285076,0.0134235972619564,0.00948786745371349,0.00652770808358872,0.00526598864139122,0.00211653599517743,0.0010126322837402,0,0,0,0,0,0,0,0,0,0,0,0,0,0,0,0,4.8350464994308e-05,5.70569154477742e-05,7.68368452206444e-05,6.17392873992452e-05,4.83323146609591e-05,4.80436230016621e-05,2.50858837898943e-05,1.5594406813589e-05,0.000240660772046868,0.000269451224716098,0.000329852802102738,0.000232047068182277,0.00015904236684964,0,0,0,0.00346311804898694,0.00503679856127083,0.00638086689457348,0.00449051040854049,0.00307858382273073,0.00253300063992565,0.00101373899795748,0.000483005391087673,0.00266529727126902,0.00495627652707292,0.00663604072005956,0.00470357068959148,0.00324174957934739,0.00268494437846391,0.00107771111343005,0.000514032485838935
"270",2025,270,0.00326094252387808,0.00919544427083246,0.0138374263785408,0.00991358606851569,0.00689499169237453,0.00564763661209224,0.00228266878549437,0.00109361542629296,0,0,0,0,0,0,0,0,0,0,0,0,0,0,0,0,4.13131307282557e-05,4.95838463341113e-05,7.71704515419966e-05,6.28514111612465e-05,4.97367290880687e-05,5.01988171896363e-05,2.63573581301841e-05,1.64081044030182e-05,0.000212425615154908,0.000242027892586782,0.000342434961113684,0.000244177106360237,0.000169171657648694,0,0,0,0.00300720377799492,0.00449761713587033,0.00659667629105927,0.00470559412301811,0.00326106719364767,0.00272445814344148,0.00109644410187159,0.000523154304413796,0,0.00440621539604123,0.00682114467482582,0.0049009634279761,0.0034150161119901,0.00287297965146112,0.00115986732549259,0.000554053017476145
"271",2025,271,0.0107676821715151,0.00757561040990102,0.012277995105874,0.00892397110333225,0.00627577769489656,0.00522280823034174,0.00212401043461474,0.00101976783701043,0,0,0,0,0,0,0,0,0,0,0,0,0,0,0,0,7.92167268819292e-05,3.82350554770902e-05,6.62211446458782e-05,5.47479834570486e-05,4.38233928926618e-05,4.49079299756829e-05,2.37302628411549e-05,1.48064245948194e-05,0.000400848147627473,0.000183943054718464,0.000289302011652658,0.00020940224012331,0.00014674937782493,0,0,0,0.00584726324989173,0.00360771133847616,0.00576788306880077,0.00417618672846591,0.0029273730073716,0.00248289442878617,0.00100561916875224,0.000480913626841796,0.00444035404711401,0.0037457209612293,0.00615458888077465,0.00448363415128598,0.00315783191680737,0.00269500587157989,0.00109466100302135,0.000524047785573819
"272",2025,272,0.0295863205313235,0.0179324438784101,0.00112182455442247,0.000823529851945338,0.000583682338248416,0.000492050727458945,0.000201064802373663,9.67233551404577e-05,0,0,0,0,0,0,0,0,0,0,0,0,0,0,0,0,0.000210732504070811,0.000100147128998731,6.62342591707284e-06,5.54756837113933e-06,4.48581653607431e-06,4.66050225178445e-06,2.47723730586714e-06,1.54893957167862e-06,0.000873726010377846,0.000392735922859669,2.35908864910516e-05,1.72983684633615e-05,1.22457337533858e-05,0,0,0,0.0149527188006938,0.00816480811613168,0.000496527136944535,0.000364094820701064,0.000257752301334851,0.000221516325195534,9.02444634915019e-05,4.32480326842614e-05,0.0135491432161811,0.00927475271042004,0.000595083105069812,0.000436589094409773,0.000309198486624105,0.000265873900011626,0.000108343101576294,5.19263828845176e-05
"273",2025,273,0.0227989476152988,0.0167554250501643,0.00190330763995844,0.0013279121500258,0.000923795384307751,0.000760527986854262,0.000308573382143705,0.000147617698416328,0,0,0,0,0,0,0,0,0,0,0,0,0,0,0,0,0.000158694872209545,9.31626044454622e-05,1.1167531266194e-05,8.88730551719276e-06,7.05263750628335e-06,7.15927853079421e-06,3.77828670657788e-06,2.34933038447353e-06,0.000684547071985375,0.000379898045471671,4.1363176776536e-05,2.88183834732657e-05,2.00213394993434e-05,0,0,0,0.0115742954624692,0.0077448648739587,0.000855247738490478,0.000595892926885995,0.00041400554196046,0.000347656633696296,0.000140623241442644,6.7017102794528e-05,0.0103814102086346,0.00853749952628844,0.000995529193425233,0.000694313534149351,0.000482715865341665,0.000405712074627172,0.000164171853994483,7.82512652373262e-05
"274",2025,274,0.0189063066848983,0.0165091289588276,0.00330347457885885,0.00225190898198045,0.00154356199193783,0.00124901892736604,0.000503369559672347,0.000239295385698744,0,0,0,0,0,0,0,0,0,0,0,0,0,0,0,0,0.000129933046893717,8.91919385007214e-05,1.87433902801983e-05,1.45678107873339e-05,1.13875065188777e-05,1.13619355969741e-05,5.95569857605026e-06,3.68028317032811e-06,0.000588100133888008,0.000381887997517791,7.29040789246882e-05,4.96070894837673e-05,3.39486331625323e-05,0,0,0,0.00970715107223349,0.00771006048118233,0.00149739512774339,0.00101898070188862,0.000697380659616855,0.000575633827412344,0.000231264674944087,0.000109531217948467,0.00848112243188305,0.00832798854162678,0.00171443198191058,0.00116875337982073,0.000800845192639561,0.000662023164356718,0.00026614918615221,0.000126083884579949
"275",2025,275,0.0147577906185681,0.0157456068034745,0.00536413293783121,0.0036212152449269,0.00246842562901718,0.00199760999938678,0.000799693319342494,0.000376923893168329,0,0,0,0,0,0,0,0,0,0,0,0,0,0,0,0,0.000100438215500646,8.23300687300672e-05,2.92814792897023e-05,2.2523594044572e-05,1.75021862893655e-05,1.74645727011459e-05,9.0925367437829e-06,5.57112356024314e-06,0.000482817527298728,0.000374748837923079,0.000121102655905489,8.1554547611704e-05,5.54817208216555e-05,0,0,0,0.00769333892192764,0.0074504105914204,0.00246050382087188,0.00165722688360462,0.00112752396388506,0.000930858794110929,0.000371446228172146,0.000174435485654969,0.00648119595384111,0.00783811730540092,0.00275324498176415,0.001859910219666,0.0012679177580211,0.0010492866325747,0.000419154554426566,0.000196917283953117
"276",2025,276,0.00987053103244251,0.0132541355958379,0.00733425835238048,0.00495927801221546,0.0033780640500235,0.00274891110076347,0.00109525755373358,0.00051225516693035,0,0,0,0,0,0,0,0,0,0,0,0,0,0,0,0,6.54580124591571e-05,6.744359490112e-05,3.88042912768217e-05,2.98794765204052e-05,2.31921362539482e-05,2.3279521674975e-05,1.206103707736e-05,7.3332196376624e-06,0.000337390714925612,0.000329226282653974,0.000172146119671954,0.000116049624458652,7.88608202588326e-05,0,0,0,0.00520278572280183,0.00636827113551946,0.00342072640373402,0.0023065063046623,0.00156758851932245,0.00130196667603714,0.000517008691634006,0.000240929552567201,0.00426489658225591,0.00648919458276337,0.00370258153769768,0.00250684260657411,0.00170842257418827,0.00142366490305135,0.000566187825022218,0.000263992394725487
"277",2025,277,0.00590454629233374,0.0103935666161282,0.00853939334761024,0.00582544677019438,0.0039842472750118,0.0032823821521653,0.00130496684200674,0.000606500758862992,0,0,0,0,0,0,0,0,0,0,0,0,0,0,0,0,3.75751869739126e-05,5.1639824853263e-05,4.38587638814968e-05,3.4060303007966e-05,2.65388095366086e-05,2.69845921550635e-05,1.39491035628693e-05,8.42821779060583e-06,0.000207167890567411,0.000269506825893382,0.000208078772768723,0.000141473346978528,9.65069735797153e-05,0,0,0,0.00312655376295072,0.00505872875915407,0.0040395795657673,0.00274719810883207,0.00187433201455143,0.00157705336383345,0.000624835480734927,0.000289359665557935,0.0025332494518417,0.00501369120622746,0.00424787624519271,0.00290271501137581,0.00198686947734404,0.00167834419617679,0.00066618225770894,0.000308712875514451
"278",2025,278,0.00302729472352746,0.00848113388549719,0.00931232485888748,0.00643433303147706,0.00443580945581314,0.00381719206378324,0.00148111505468098,0.000685309573712998,0,0,0,0,0,0,0,0,0,0,0,0,0,0,0,0,2.12051098183241e-05,4.14201064570305e-05,4.63367848000283e-05,3.64410385470982e-05,2.8616423982957e-05,2.96590469754879e-05,1.53387852672791e-05,9.22719141122142e-06,0,0.000228478626784251,0.000232483867202989,0.000160071013195256,0.000110049734862967,9.43497381525505e-05,0,0,0.00183986769949302,0.00417322946015345,0.00444261405001691,0.00305967663507934,0.00210393726750491,0.00180419611148251,0.000715298212125482,0.000329798791306829,0.00116622191421611,0.00403800569210246,0.00459089015686755,0.00317814434465536,0.0021932060294623,0.00188898716717269,0.000750478057288223,0.000346283590994948
"279",2025,279,1.23603527549054e-05,0.00733623386932746,0.0100567236620833,0.00704538960754277,0.00490603199268376,0.00431917991277923,0.00168020921721471,0.000775343816336882,0,0,0,0,0,0,0,0,0,0,0,0,0,0,0,0,1.23603527549054e-05,3.54495370456028e-05,4.85598566792192e-05,3.87154293081899e-05,3.07049299529917e-05,3.25514798364976e-05,1.68829276051734e-05,1.01292298769599e-05,0,0.000204503536554688,0.000254991785729915,0.000177986880999068,0.00012358453148467,0.00010837714056375,0,0,0,0.00364441949257834,0.00482371859700576,0.00336797886928714,0.00233902064942532,0.0020517174140075,0.000815787616603375,0.000375136808659158,0,0.00345186130314883,0.0049294534226684,0.00346070842794837,0.00241272188182078,0.00212653387837149,0.000847538673006165,0.000390077777800763
"280",2025,280,0,0.00663149799550096,0.00985355953070698,0.00697509657113548,0.004878104089783,0.00435993126314582,0.00170252625094726,0.00078641398824604,0,0,0,0,0,0,0,0,0,0,0,0,0,0,0,0,0,2.9483708126005e-05,4.7749294491613e-05,3.84704666070079e-05,3.06435066122027e-05,3.2981546235098e-05,1.71877805755616e-05,1.03220534534332e-05,0,0.000176527243461717,0.000259461084631895,0.000183015160013816,0.000127629165865546,0.000113630017271458,0,0,0,0.00323565439431607,0.00478066627338576,0.00337309726555846,0.00235278526803786,0.0020952602226461,0.000837093417407549,0.000385304631685212,0,0.00318983264959717,0.00476568287819772,0.0033805136789562,0.00236704614926739,0.00211805947699316,0.00084824505296415,0.000390787303107395
"281",2025,281,0,0.00598653162290592,0.00912434859847549,0.00652761778571906,0.00460073065350059,0.00404553851571803,0.00162964208904285,0.000753983136085083,0,0,0,0,0,0,0,0,0,0,0,0,0,0,0,0,0,2.60207266454893e-05,4.32979290763762e-05,3.52650721881563e-05,2.83141653713658e-05,3.07843362902712e-05,1.6123292163882e-05,9.69945534289438e-06,0,0.000159168343600655,0.000240358066501085,0.00017139130391986,0.00012047537174139,0,0,0,0,0.00291900070842826,0.00442745045791742,0.00315789719805525,0.0022201953248623,0.00199766772880273,0.000801931717438927,0.000369755497352673,0,0.00288234184423151,0.00441324214498061,0.00316306421155579,0.00223174579152553,0.00201708645062503,0.000811587079440045,0.000374528183389515
"282",2025,282,0,0.00559107224206378,0.00871328924530793,0.0062943868113692,0.00446854082668363,0.00396713939237671,0.00160523999857167,0.000743865030192522,0,0,0,0,0,0,0,0,0,0,0,0,0,0,0,0,0,2.37782545877637e-05,4.04986305195905e-05,3.3312970314296e-05,2.69438454277039e-05,2.95804694554862e-05,1.55634793692965e-05,9.3780879361249e-06,0,0.000148547172095248,0.000229596782579209,0.00016534457841739,0.00011708083156635,0,0,0,0,0.00272513221302553,0.00422856573818606,0.00304596161994047,0.00215724771772341,0.00195995104588946,0.000790381102159626,0.000365029175837386,0,0.00269361460235524,0.00421462809402307,0.00304976764269705,0.00216726843196617,0.00197760787703176,0.000799295417042747,0.000369457766419012
"283",2025,283,0,0.00487990004576791,0.00775399168207207,0.00565188792140068,0.00403967010000548,0.00361914281976362,0.00147076007242911,0.000682587454224181,0,0,0,0,0,0,0,0,0,0,0,0,0,0,0,0,0,2.03022885900228e-05,3.53016708924857e-05,2.93093177581788e-05,2.38720187708084e-05,2.64555349748272e-05,1.39815612845904e-05,8.43852199734983e-06,0,0.000129509599714368,0.000204351281329479,0.000148537821864327,0.000105917720163115,0,0,0,0,0.00237692516294745,0.00376298417198691,0.00273580950526839,0.00195113899507787,0.00178934887969154,0.000724807333597968,0.000335286579730948,0,0.00235316299451606,0.00375135455786319,0.00273823127650978,0.00195874136599369,0.00180333840509725,0.000731971177546548,0.000338862352495883
"284",2025,284,0,0.00455112606297336,0.00735552849394558,0.00540445808766081,0.00388648147168614,0.00351107892370451,0.00143254005524173,0.00066578691106526,0,0,0,0,0,0,0,0,0,0,0,0,0,0,0,0,0,1.85405651571511e-05,3.28128427086388e-05,2.74657887246938e-05,2.25098520966007e-05,2.51583995667883e-05,1.33501338274888e-05,8.06933320998351e-06,0,0.000120725072160721,0.00019388106065745,0.000142079635792588,0.000101943557600013,0,0,0,0,0.00221617562527927,0.003569871614571,0.002616595892774,0.00187772318496115,0.00173665693768744,0.000706324931820372,0.000327219532074928,0,0.00219568480037622,0.00355896297600849,0.00261831677036953,0.00188430487702837,0.00174926358645029,0.000712864989593867,0.000330498045780349
"285",2025,285,0,0.00427660072197929,0.00701951942514871,0.0051963362423205,0.00375850442392562,0.00342278824487239,0.00140192478532441,0.000652453125393591,0,0,0,0,0,0,0,0,0,0,0,0,0,0,0,0,0,1.70629050460823e-05,3.06844980436114e-05,2.58807514156083e-05,2.13358460203542e-05,2.40409867579027e-05,1.28074864044174e-05,7.75246820305693e-06,0,0.000113399525465248,0.000185049513996629,0.000136644823570959,9.86217971548272e-05,0,0,0,0,0.00208205135405364,0.00340703180291894,0.00251630807098205,0.00181638229368062,0.0016936187498933,0.000691535841340748,0.00032082872510008,0,0.00206408693741431,0.00339675361018953,0.00251750259635189,0.00182216448706982,0.00170512850822118,0.000697581457579247,0.000323871932090454
"286",2025,286,0.00742859541352187,0.0030935850009901,0.00521089259584835,0.00388315484089266,0.00282327272466821,0.00259706669795653,0.00106747188672411,0.000497406253351002,0,0,0,0,0,0,0,0,0,0,0,0,0,0,0,0,3.83577354743593e-05,1.20477665675445e-05,2.20262981766462e-05,1.87118084650122e-05,1.55123759036118e-05,1.7616740670559e-05,9.42109976971236e-06,5.71068248647678e-06,0.000248680660437425,7.39892823762063e-05,0.000122784869254323,9.13195904157432e-05,6.62782467884774e-05,0,0,0,0.00390599459906901,0.00145993729997197,0.00244332488055699,0.00181741541670288,0.00131917803736817,0.00123953645376181,0.000508066150769304,0.000236041290383236,0.00323556241854108,0.00154761065207438,0.00262275654786039,0.00195570802530902,0.00142230406460795,0.00133991350352416,0.000549984636185098,0.000255654280481289
"287",2025,287,0.00643407240640012,0.00295592874484571,0.00523485584420609,0.00392159171528555,0.00286304086936837,0.00264861814824436,0.00109178183775527,0.000509243732298048,0,0,0,0,0,0,0,0,0,0,0,0,0,0,0,0,3.26565305601494e-05,1.15620485516772e-05,2.16631568676624e-05,1.85007753375081e-05,1.54011994326714e-05,1.75941675894782e-05,9.43627231205315e-06,5.72589324269275e-06,0.000218356945869079,0,0.000124571195499484,9.31387588143847e-05,6.78796222370183e-05,0,0,0,0.00339433375023833,0.00143546716194271,0.00246343630085248,0.00184207893165704,0.00134264086254121,0.00126906931442496,0.000521677342465237,0.000242619701922869,0.00278872517973256,0.00150889953435132,0.00262518519098646,0.00196787324947662,0.00143711918515748,0.00136195466622992,0.000560668222977979,0.000260898137132487
"288",2025,288,0.00365548540630415,0.00295172145793638,0.00543883136387317,0.00409606537018737,0.00300296323049235,0.00279222646308733,0.00115437714172269,0.000539000804253546,0,0,0,0,0,0,0,0,0,0,0,0,0,0,0,0,1.80024408432563e-05,1.1425758689376e-05,2.20279371898517e-05,1.89118209938039e-05,1.5808986175018e-05,1.8168208339435e-05,9.77293013929245e-06,5.93656936233716e-06,0.000127815337356334,0,0.000134483869057938,0.000101082111341275,7.39757475993285e-05,0,0,0,0.00193849015210643,0.00145788451791095,0.00259141451264835,0.00194804393105067,0.00142580368587023,0.00135578112454664,0.000558968546068405,0.000260243290183185,0.00157117747599813,0.00148241118133605,0.00269090504497702,0.00202802750680162,0.00148737481084777,0.00141827713020126,0.000585635665514991,0.000272820944708024
"289",2025,289,1.0053393121745e-05,0.00280734010925896,0.00549558434276077,0.00416147155481613,0.00306410313046501,0.00286516175828052,0.0011882295131532,0.000555437665848502,0,0,0,0,0,0,0,0,0,0,0,0,0,0,0,0,1.0053393121745e-05,1.0937167194467e-05,2.2089429897087e-05,1.9068551997699e-05,1.60088283815837e-05,1.85129884185353e-05,9.98942910338202e-06,6.0750328493731e-06,0,0,0.000139307300519006,0.000105281375848302,7.7381603705858e-05,0,0,0,0,0.0014041326603421,0.00263837694002279,0.00199422266552251,0.00146590985010369,0.00140265834522116,0.000580097837848981,0.000270390043539131,0,0.0013922702817224,0.00269581067232188,0.00204289896144761,0.00150480284827388,0.00144399042464082,0.000598142246200841,0.000278972589459999
"290",2025,290,0,0.00273573522356591,0.00541907387158076,0.00423469876234957,0.00313164444011432,0.0029447151032767,0.00122518124432634,0.000573409804363199,0,0,0,0,0,0,0,0,0,0,0,0,0,0,0,0,0,1.05289566524054e-05,2.25882186690979e-05,1.96071804399972e-05,1.65326453295e-05,1.92403582824266e-05,1.04151174088394e-05,6.34140213779501e-06,0,0,0,0.000110489232867176,8.15626931382148e-05,0,0,0,0,0.0013685704453012,0.00269421845323843,0.00204656462638213,0.0015109372530931,0.00145496418070848,0.000603654972212057,0.000281703039523585,0,0.0013566358216123,0.00270226719967324,0.00205803772266027,0.00152261184855351,0.00147051056428579,0.000611111154705446,0.000285365362701819
"291",2025,291,0,0.00261014163795665,0.00524732068286434,0.0041215668782033,0.00306123221534074,0.00289647656667655,0.00120905109538135,0.000566547492155658,0,0,0,0,0,0,0,0,0,0,0,0,0,0,0,0,0,9.91973966031126e-06,2.18368613594882e-05,1.90498283237838e-05,1.61331870571768e-05,1.88970935988648e-05,1.02629303250648e-05,6.25637836133849e-06,0,0,0,0.000108284645493347,8.02860576583776e-05,0,0,0,0,0.0013038184748609,0.00261468915318529,0.00199610524906312,0.0014801463319719,0.00143453877623033,0.000597136985876042,0.000279001903587209,0,0.00129640342343545,0.00261079466831956,0.00199812715532304,0.00148466663865328,0.00144304069684735,0.000601651179180242,0.00028128921020711
"292",2025,292,0,0.00216983722743186,0.00439994323161317,0.00347210179778846,0.00258929321734505,0.0024646427653876,0.00103198160682234,0.000484129553342091,0,0,0,0,0,0,0,0,0,0,0,0,0,0,0,0,0,8.18945272983654e-06,1.82174894980195e-05,1.59685628397969e-05,1.35809582831587e-05,1.60080653260327e-05,8.72200207040371e-06,5.32342593829892e-06,0,0,0,9.1304599731674e-05,6.79830259946035e-05,0,0,0,0,0.00108327049738387,0.00219261153284199,0.00168201072779386,0.00125249700022846,0.00122150665217844,0.000510102403140737,0.000238623629887338,0,0.00107837727731815,0.00218911420927316,0.00168281790742312,0.00125523223283884,0.00122712804788313,0.000513157201611201,0.000240182497516454
"293",2025,293,0,0.00206992989591142,0.00422727346516612,0.00334909217699468,0.00250630201095788,0.00239826301733568,0.00100691060067765,0.000472840523269613,0,0,0,0,0,0,0,0,0,0,0,0,0,0,0,0,0,7.76974751415676e-06,1.74179926361786e-05,1.53288833934477e-05,1.30831108626984e-05,1.55038413005178e-05,8.47042816309225e-06,5.17514718239651e-06,0,0,0,8.8100948433315e-05,6.58300381094808e-05,0,0,0,0,0.00103324546511867,0.00210673696961174,0.0016226220637682,0.00121254904106862,0.00118887029543128,0.000497833955714774,0.000233121761879199,0,0.00102891468327859,0.0021031185029182,0.00162304028139972,0.00121483982091708,0.00119388888060388,0.000500606216799787,0.000234543614208018
"294",2025,294,0,0.00215443444624412,0.00442906881691664,0.00352243174645823,0.00264506267714857,0.00254430887839872,0.00107110802462651,0.000503489137611777,0,0,0,0,0,0,0,0,0,0,0,0,0,0,0,0,0,8.04754847106995e-06,1.81634565692677e-05,1.6045925158549e-05,1.37415790056206e-05,1.63684166871545e-05,8.96661637753195e-06,5.48374234636684e-06,0,0,0,9.2676729828692e-05,6.94841458532193e-05,0,0,0,0,0.00107549237016928,0.00220758836915641,0.00170675482233949,0.00127975338329225,0.00126127505051477,0.000529561037916159,0.000248225045448367,0,0.00107089452760377,0.00220331699119096,0.00170695426913149,0.00128208356899749,0.00126666541119679,0.000532580370332822,0.000249780349817043
"295",2025,295,0,0.000795527192533429,0.00164517161764672,0.00131373826077924,0.000990206554646253,0.000958201556555204,0.000405302507590371,0.000191271510588861,0,0,0,0,0,0,0,0,0,0,0,0,0,0,0,0,0,6.56928998579348e-06,1.49209108714021e-05,1.32334546672753e-05,1.13731512960939e-05,1.36208292724203e-05,7.48259703047274e-06,4.58101503591159e-06,0,0,0,3.43713716261205e-05,2.58610897440231e-05,0,0,0,0,0.000394882459068718,0.00081523883208832,0.000632917282566759,0.000476224444647168,0.000471816869779172,0.000198657755178099,9.32170823230776e-05,0,0.000394075443478917,0.000815011874687001,0.000633216151919082,0.000476747868958967,0.000472763857503612,0.000199162155381799,9.34734132298714e-05
"296",2025,296,0,0.000815571813066987,0.00169527548983183,0.00135589264672399,0.00102335212901822,0.000992446992099035,0.000420231631387905,0.000198390528861679,0,0,0,0,0,0,0,0,0,0,0,0,0,0,0,0,0,6.74731290448771e-06,1.54041620656603e-05,1.36835731562337e-05,1.1775638368312e-05,1.41334648694792e-05,7.77228740977653e-06,4.76006934078883e-06,0,0,0,3.5475199288901e-05,2.67271254863294e-05,0,0,0,0,0.000404833142709683,0.000840077451975964,0.000653225512520879,0.000492159361209602,0.00048866439214996,0.000205965433987976,9.66806332561611e-05,0,0.000403991357452816,0.000839793875790206,0.00065350836175798,0.000492690003953981,0.000489649135079596,0.000206493909990153,9.69498262647295e-05
"297",2025,297,0.00111553236155165,0.000791762094476978,0.00169155999759501,0.00135323926109756,0.0010227309336857,0.000995384939765051,0.000421911968194531,0.000199246865100854,0,0,0,0,0,0,0,0,0,0,0,0,0,0,0,0,1.14357083548001e-05,6.60553822074082e-06,1.52122673405167e-05,1.35349079450569e-05,1.1663635982597e-05,1.40302793320783e-05,7.72386783435547e-06,4.73218102056574e-06,3.77633539524729e-05,0,0,3.36021067476622e-05,2.53505605445741e-05,0,0,0,0.000582681745361723,0.000389341415558432,0.000824697916828036,0.000642305562893894,0.000484592961053809,0.000482222917546401,0.00020346970594546,9.55447819082003e-05,0.000483651553882654,0.000395815140697805,0.000851649813426457,0.000663796683510949,0.000501123776104717,0.000499131742886572,0.000210718394414716,9.89699021720877e-05
"298",2025,298,0.00556582637575556,9.75789295806415e-05,0.000210182690300527,0.000164241526059046,0.000127081205721956,0.000124311616250195,5.2775495518625e-05,2.49542902873884e-05,0,0,0,0,0,0,0,0,0,0,0,0,0,0,0,0,5.99074399921015e-05,9.37789921526304e-07,2.22305131777132e-06,1.98117514387872e-06,1.70959180027886e-06,2.06105669176841e-06,1.13586947990452e-06,6.96174332197632e-07,0.000149057769244959,0,0,0,2.78753763960539e-06,0,0,0,0.0027029997404464,4.53162861063106e-05,9.7496357605789e-05,7.60678764809199e-05,5.74653059061256e-05,5.73056439767629e-05,2.42055402740755e-05,1.13705861585892e-05,0.0026538614260721,5.13248535528046e-05,0.000110463281376967,8.61924744342471e-05,6.51187703759456e-05,6.49449155816639e-05,2.7434085764645e-05,1.28875297966016e-05
"299",2025,299,0.00463039110446142,0.000124866653381851,0.000251900116002824,0.000196913219105042,0.000152455154789805,0.000149144891136611,6.33264616068808e-05,2.99434934233384e-05,0,0,0,0,0,0,0,0,0,0,0,0,0,0,0,0,4.93795319916666e-05,1.20411714291344e-06,2.67273918471624e-06,2.38278179974557e-06,2.05652605488912e-06,2.48051131270432e-06,1.3671811138153e-06,8.37934293463103e-07,0.00012489109566288,0,0,0,3.40717299300994e-06,0,0,0,0.00225437055784233,5.84326538389511e-05,0.000117731453552894,9.18882140248571e-05,6.94294439245416e-05,6.92701466593179e-05,2.92624034432188e-05,1.37458778928696e-05,0.00220174991896454,6.52298823999865e-05,0.000131495923265213,0.000102642223280439,7.75620118173644e-05,7.73942331645887e-05,3.26968770498467e-05,1.53596812370057e-05
"300",2025,300,0.00427036751932745,0.000172563655997113,0.000333326982527424,0.000260653324705204,0.000201851346143747,0.000197561144847016,8.38887070246018e-05,3.96617158078815e-05,0,0,0,0,0,0,0,0,0,0,0,0,0,0,0,0,4.52369061566873e-05,1.63467688998319e-06,3.47293097025475e-06,3.09723358525885e-06,2.6737272959281e-06,3.22667196098163e-06,1.77868155493304e-06,1.09013758132698e-06,0.000116660784191659,0,0,0,4.51858855251966e-06,0,0,0,0.00208857393860529,8.0873875495515e-05,0.000156000620565732,0.000121799052504146,9.20490490321616e-05,9.18871317634498e-05,3.8821955729267e-05,1.82364051248967e-05,0.00201989589037382,9.00551036116147e-05,0.000173853430991437,0.000135757038615799,0.000102609981263137,0.000102447341122584,4.32880697404018e-05,2.03351731016578e-05
"301",2025,301,0.00394910472220713,0.000239947047759706,0.000450692814851409,0.000352563446388943,0.000273098903258847,0.000267449767019081,0.000113574948067883,5.36901833576355e-05,0,0,0,0,0,0,0,0,0,0,0,0,0,0,0,0,4.16085846978143e-05,2.21878424376023e-06,4.58093306133766e-06,4.0869547663564e-06,3.52907851828691e-06,4.26158404974384e-06,2.34961482962655e-06,1.44008599080068e-06,0.000109990461434751,0,0,0,6.11767272561596e-06,0,0,0,0.00194459807900363,0.000112618293087824,0.000211190161775731,0.000164952753584479,0.000124695524752669,0.000124555100938493,5.26340575944471e-05,2.47250685589971e-05,0.00185290759707094,0.000125109970428122,0.00023492172001434,0.000183523738038108,0.000138756627262275,0.000138633082030843,5.85912756438091e-05,2.75250288078377e-05
"302",2025,302,0.00295988683845242,0.000260645215016562,0.000481380230283708,0.000376750467045553,0.00029214572865093,0.00028612341937253,0.000121538723319187,5.74583428858469e-05,0,0,0,0,0,0,0,0,0,0,0,0,0,0,0,0,3.05488991598752e-05,2.41401634424818e-06,4.89821121348048e-06,4.37208505521745e-06,3.77663166274099e-06,4.5640038111187e-06,2.51702763965835e-06,1.54277292036596e-06,8.32674261191223e-05,0,0,0,6.74564007112999e-06,0,0,0,0.00146201352684615,0.00012377014456742,0.000228180759936265,0.000178307733696766,0.000134838846754039,0.000134790263577372,5.69744759207963e-05,2.67653742160792e-05,0.00138405698632727,0.000134461054104894,0.000248301259133963,0.00019407064829357,0.00014678461016302,0.00014676915198404,6.20472197587322e-05,2.91501957494017e-05
"303",2025,303,0.00205340472561581,0.000246609119796864,0.000450887430673017,0.000353057427817678,0.000274091113900546,0.00026844746715092,0.000114065507422918,5.3930095647373e-05,0,0,0,0,0,0,0,0,0,0,0,0,0,0,0,0,2.05979727181542e-05,2.29589870877257e-06,4.61046835792042e-06,4.11725478636662e-06,3.55784796073871e-06,4.3030491215126e-06,2.37379879009705e-06,1.45507006431965e-06,5.78248000400711e-05,0,0,0,6.5376298366445e-06,0,0,0,0.00101421461117618,0.000118498829853953,0.00021625201727558,0.000169068565143501,0.000127900314826022,0.000127956445330761,5.41015239819482e-05,2.54172412323245e-05,0.000960767341681413,0.000125814391234139,0.000230024945039517,0.00017987160788781,0.00013609532127714,0.000136187972698646,5.7590184650873e-05,2.70577843507289e-05
"304",2025,304,0.0018990891481304,0.000313633625608864,0.000570737491748396,0.000447101434577931,0.00034722419816194,0.000340317349960024,0.000144628474480161,6.83739284006696e-05,0,0,0,0,0,0,0,0,0,0,0,0,0,0,0,0,1.90484562279675e-05,2.85228930321513e-06,5.69371136866969e-06,5.08691242375201e-06,4.3973165185972e-06,5.32241832115725e-06,2.93693135177177e-06,1.80034786529393e-06,5.48185975561969e-05,0,0,0,8.29055891599836e-06,0,0,0,0.000945601320893507,0.00015093115605753,0.00027402282647427,0.000214331387562305,0.000162198054510592,0.000162394767059937,6.86810513660916e-05,3.22684916836495e-05,0.000879620773452729,0.000159850180248119,0.000291020953905456,0.000227683134591874,0.000172338268216752,0.00017260016457893,7.30104917622978e-05,3.43050888517262e-05
"305",2025,305,0.00164482401805783,0.000385262141446928,0.000702003101807791,0.000550237226645483,0.000427565507917883,0.000419370934832493,0.000178272910043139,8.42761908726295e-05,0,0,0,0,0,0,0,0,0,0,0,0,0,0,0,0,1.65387654353541e-05,3.43425319290972e-06,6.85099925513083e-06,6.12427394495974e-06,5.29637341119585e-06,6.41642846189303e-06,3.54185230246128e-06,2.17134963334257e-06,4.89181817286879e-05,0,0,0,1.02721507609917e-05,0,0,0,0.000826761335698485,0.000186059662574058,0.000338007005897486,0.000264525072962754,0.000200269195894712,0.000200695633724817,8.49093543522941e-05,3.98964406440203e-05,0.000752605735195308,0.00019576822567996,0.000357145096655174,0.00027958787973777,0.000211727787850983,0.000212258872645783,8.98217033883834e-05,4.22084005952666e-05
"306",2025,306,0.0010563956796008,0.000336994641043257,0.000617450408240967,0.000484283340315143,0.000376763591752621,0.00036967707170105,0.000157215493017937,7.43303072307556e-05,0,0,0,0,0,0,0,0,0,0,0,0,0,0,0,0,1.02527069625236e-05,3.00747370575347e-06,6.02847015741196e-06,5.39265211727165e-06,4.66613146795598e-06,5.65890389340787e-06,3.12507412740644e-06,1.91607185317476e-06,3.11962065730461e-05,0,0,0,9.29815872324975e-06,0,0,0,0.000529466590126021,0.000164267443001816,0.000300010520158805,0.000234948162653357,0.000177971881319668,0.000178539252073292,7.5568700680664e-05,3.55117916470418e-05,0.00048548017593921,0.000169719724335688,0.00031141141792475,0.000243942525544514,0.000184827420241747,0.00018547891573435,7.85217182098666e-05,3.69024437305391e-05
"307",2025,307,0.000873209701825716,0.000379788962643161,0.000703311871363022,0.000551962878823138,0.000429686261490688,0.00042193707951938,0.000179500867033562,8.48685921054036e-05,0,0,0,0,0,0,0,0,0,0,0,0,0,0,0,0,8.51067774136545e-06,3.35274998476083e-06,6.77352332709309e-06,6.06281452078587e-06,5.24847346499166e-06,6.37127322253101e-06,3.51982600352031e-06,2.15831727217541e-06,2.6412098246475e-05,0,0,0,1.06742221999507e-05,0,0,0,0.000440819431981206,0.000185781630930434,0.000342601994774171,0.000268466415568652,0.000203456377739802,0.00020430273683048,8.65066821578843e-05,4.06558494275817e-05,0.00039746749385667,0.000190654581727967,0.000353936353261758,0.0002774336487337,0.000210307188085943,0.000211263069466369,8.94743588721577e-05,4.20544254056465e-05
"308",2025,308,0.000678547594336991,0.000408539112660742,0.000769983264446457,0.000604709525702442,0.000471095408864706,0.000462990888608683,0.000197046636908818,9.31705683672969e-05,0,0,0,0,0,0,0,0,0,0,0,0,0,0,0,0,6.63525051685198e-06,3.58431483708268e-06,7.34152553471806e-06,6.57580795955823e-06,5.69558091822999e-06,6.92138806354202e-06,3.82543396024899e-06,2.34599836930227e-06,2.09691159272364e-05,0,0,0,1.18017000210965e-05,0,0,0,0.00034467858302228,0.000200716623100536,0.000376212390856517,0.000295009796006192,0.000223689802882093,0.000224860509001018,9.52536023983965e-05,4.47721346271024e-05,0.000306264644870623,0.000204238174723123,0.000386429348055222,0.000303123921736691,0.000229908325043286,0.000231208991544124,9.79676005501721e-05,4.60524353708922e-05
"309",2025,309,0.000505875631880298,0.000443195526815294,0.000858418769027344,0.000674692207905269,0.000526014570349705,0.00051746499919292,0.000220333340607536,0.000104191441315594,0,0,0,0,0,0,0,0,0,0,0,0,0,0,0,0,5.16169491743804e-06,3.87902120425486e-06,8.11537912736437e-06,7.27459992154622e-06,6.30446554709433e-06,7.67007783844637e-06,4.24130949484927e-06,2.60140513224385e-06,0,0,0,0,1.32726472145869e-05,0,0,0,0.000267318321277765,0.000218759530224049,0.000420486874307332,0.000329984412396222,0.000250352033322597,0.000251951706603096,0.000106782107408096,5.01979578089136e-05,0.000233395615685095,0.00022055697538699,0.000429816515592648,0.000337433195587501,0.000256085424265427,0.000257843214751378,0.000109309923704591,5.1392078374437e-05
"310",2025,310,3.60582109778275e-06,0.000435289723983236,0.000875031306461856,0.000688357855719081,0.000537141333573363,0.000528940028647103,0.000225341114110171,0.000106575384710671,0,0,0,0,0,0,0,0,0,0,0,0,0,0,0,0,3.60582109778275e-06,3.81988408560495e-06,8.24707724272866e-06,7.39920254143113e-06,6.41654160385827e-06,7.81617781513968e-06,4.32448072894342e-06,2.65285664554536e-06,0,0,0,0,1.36819764507599e-05,0,0,0,0,0.000215924200251787,0.00042994975999329,0.000337709488767965,0.00025637591856777,0.000258336689309229,0.000109548558675549,5.15069750806139e-05,0,0.000215545639645844,0.000436834469225837,0.000343249164409685,0.000260666896950975,0.000262787161522735,0.000111468074705679,5.24155529845116e-05
"311",2025,311,0,0.000415986905634555,0.00085124512705576,0.000670283669874354,0.00052367388472176,0.000516064870234404,0.000219993651435612,0.000104072687564204,0,0,0,0,0,0,0,0,0,0,0,0,0,0,0,0,0,3.63693361629058e-06,8.14011108137757e-06,7.3100864800391e-06,6.34337343939504e-06,7.73685614796623e-06,4.28301083976436e-06,2.6278658094143e-06,0,0,0,0,1.3619159840209e-05,0,0,0,0,0.00020636100964561,0.000420983898809424,0.000330977398166318,0.000251428232244044,0.000253672609273309,0.000107631461974559,5.06142489950785e-05,0,0.000205988962372655,0.000422121117164958,0.000331996185227997,0.000252283119198112,0.000254655404813129,0.000108079178621289,5.08305727597113e-05
"312",2025,312,0,0.000381307338619088,0.000786434036759427,0.000619817085569171,0.000484577714351399,0.000478096614258914,0.000203921623117851,9.64871465676768e-05,0,0,0,0,0,0,0,0,0,0,0,0,0,0,0,0,0,3.33707046511409e-06,7.5483011738353e-06,6.78489159423576e-06,5.89134591318446e-06,7.19445727303034e-06,3.98493960179034e-06,2.44538708223141e-06,0,0,0,0,1.26295993165538e-05,0,0,0,0,0.000189118709493759,0.000389195571219247,0.000306268354613014,0.00023280548093873,0.000235174406826684,9.98377006689231e-05,4.69569508095193e-05,0,0.000188851558660215,0.000389690164366344,0.000306763839361921,0.00023325128818293,0.0002357277501592,0.000100098982847138,4.7084808675926e-05
"313",2025,313,0,0.000357952120968052,0.000742671491309774,0.000585832769293414,0.000458283698948893,0.000452671148030887,0.000193176608253501,9.14181467313323e-05,0,0,0,0,0,0,0,0,0,0,0,0,0,0,0,0,0,3.14021534897321e-06,7.15127674640861e-06,6.43362026928211e-06,5.58960487472758e-06,6.83393354578997e-06,3.78717419399663e-06,2.32437276170766e-06,0,0,0,0,1.19516283759479e-05,0,0,0,0,0.000177518979717674,0.000367601811145684,0.000289527578542185,0.00022020954215897,0.000222709010260705,9.45938690391838e-05,4.4497218701423e-05,0,0.000177292925901405,0.000367918403417681,0.000289871570481947,0.000220532923539248,0.000223128204224392,9.47955650203209e-05,4.45965552682017e-05
"314",2025,314,0,0.000246648422152001,0.000513895730754376,0.000405690142655259,0.000317537110332922,0.000313969675371006,0.000134047507735406,6.34453253231009e-05,0,0,0,0,0,0,0,0,0,0,0,0,0,0,0,0,0,2.1692148972866e-06,4.9668484924559e-06,4.47213828547256e-06,3.88760078184802e-06,4.75833519807537e-06,2.63820319113791e-06,1.61941649448872e-06,0,0,0,0,8.28741544894334e-06,0,0,0,0,0.000122291890114073,0.000254404162043376,0.000200538862919472,0.000152612876602219,0.000154514530530333,6.56602345834859e-05,3.0890984123306e-05,0,0.000122187317140641,0.000254524720218544,0.000200679141450315,0.000152749217499912,0.000154696809642597,6.57490699607821e-05,3.09349247053062e-05
"315",2025,315,0,0.00024520490996635,0.000512779444218989,0.000405067501524125,0.000317177026086344,0.00031388053709278,0.00013405535141744,6.3455193329569e-05,0,0,0,0,0,0,0,0,0,0,0,0,0,0,0,0,0,2.1641060990348e-06,4.97390516570632e-06,4.48133287797678e-06,3.89713215145297e-06,4.77402218727382e-06,2.64776377165791e-06,1.62540822299218e-06,0,0,0,0,8.27833142189434e-06,0,0,0,0,0.000121572167212399,0.000253849586653813,0.000200228635045195,0.000152436974890266,0.000154466529389712,6.56612416550043e-05,3.08937983987736e-05,0,0.000121468636654917,0.00025395595239947,0.000200357533600954,0.000152564587622731,0.000154639985515794,6.57463459907783e-05,3.09359867078033e-05
"316",2025,316,0,0.000275887606820527,0.000579199445345764,0.000457835114980735,0.00035864051205049,0.000355224537195469,0.000151766763795554,7.18462211698033e-05,0,0,0,0,0,0,0,0,0,0,0,0,0,0,0,0,0,2.44422563645323e-06,5.63861523584575e-06,5.08344204190469e-06,4.42249119541493e-06,5.42215139767339e-06,3.00821003296263e-06,1.84681907060913e-06,0,0,0,0,9.35939041964015e-06,0,0,0,0,0.000136787671127373,0.000286719538753095,0.000226299112790141,0.000172352060424077,0.000174794618703983,7.43266766865182e-05,3.49735751918824e-05,0,0.000136655710056701,0.000286841291356822,0.000226452560148689,0.000172506570011358,0.000175007767093813,7.44318770760732e-05,3.50258269073118e-05
"317",2025,317,0,0.000279394475070608,0.000588874408154956,0.000465809842101154,0.000365050829994556,0.000361911605798319,0.000154684461059518,7.32361319584517e-05,0,0,0,0,0,0,0,0,0,0,0,0,0,0,0,0,0,2.48481019207013e-06,5.75499447324198e-06,5.19197029578775e-06,4.51889831085573e-06,5.54545092998823e-06,3.07776390314535e-06,1.88969904291734e-06,0,0,0,0,9.52668722069334e-06,0,0,0,0,0.000138522832875671,0.000291503601193866,0.000230235016382592,0.000175426828555111,0.00017807689214794,7.57506195666747e-05,3.56469743942766e-05,0,0.000138386832002866,0.000291615812487848,0.000230382855422774,0.000175578415907896,0.00017828926272039,7.58560775896977e-05,3.56994585212578e-05
"318",2025,318,0,0.000281978152233615,0.000596644629511526,0.000472292512994643,0.000370299416719561,0.000367462353608941,0.000157119898361416,7.43983432981481e-05,0,0,0,0,0,0,0,0,0,0,0,0,0,0,0,0,0,2.51794190833188e-06,5.85465353311331e-06,5.28560551076413e-06,4.60245245420091e-06,5.65325103744474e-06,3.13878837086395e-06,1.92735599110063e-06,0,0,0,0,9.66357593285333e-06,0,0,0,0,0.000139799842565991,0.000295343132834785,0.000233432113327085,0.00017794230781982,0.00018079887298605,7.69377902743538e-05,3.62091871779383e-05,0,0.000139660367759292,0.000295446843143629,0.000233574794156794,0.000178091080512687,0.000181010229585446,7.70433197161984e-05,3.62618001291092e-05
"319",2025,319,0,0.000270074468011977,0.000573609795107065,0.000454382998823048,0.000356420482654185,0.000354023721521567,0.000151434905360924,7.17154095656003e-05,0,0,0,0,0,0,0,0,0,0,0,0,0,0,0,0,0,2.42181968774604e-06,5.65300349346883e-06,5.10719773989882e-06,4.4491165118796e-06,5.470051949292e-06,3.03824926126473e-06,1.86580848082962e-06,0,0,0,0,9.30170627284346e-06,0,0,0,0,0.000133890795861523,0.000283934804018317,0.000224575400874844,0.000171268661347386,0.000174181653602697,7.41505738323903e-05,3.49009547954769e-05,0,0.000133761852462708,0.000284021987595279,0.000224700400208306,0.000171400998522076,0.000174372015969578,7.42460822672687e-05,3.49486462892938e-05
"320",2025,320,0,0.000271025680398976,0.000577788669890495,0.000458030641695865,0.000359452380574734,0.000357393692719412,0.000152954637324255,7.24549112267185e-05,0,0,0,0,0,0,0,0,0,0,0,0,0,0,0,0,0,2.50233290587454e-06,5.86271296352496e-06,5.30034041940654e-06,4.61938814977897e-06,5.6845877921494e-06,3.15858646687574e-06,1.93989256360175e-06,0,0,0,0,9.37757808428462e-06,0,0,0,0,0.000134327340175716,0.000285921991653559,0.000226304328385325,0.00017266252152936,0.000175759848474811,7.48503263016853e-05,3.52336613740513e-05,0,0.000134196007317386,0.000286003965273411,0.000226425972891133,0.00017279289281131,0.000175949256452452,7.49457245556938e-05,3.52813572890655e-05
"321",2025,321,0,0.000233440469757021,0.000499362686918859,0.000396147769359123,0.000311035309844566,0.000309557969717201,0.000132550031390303,6.28069475123029e-05,0,0,0,0,0,0,0,0,0,0,0,0,0,0,0,0,0,2.22123361959456e-06,5.22320256817346e-06,4.72547926718472e-06,4.12019142607858e-06,5.07494048676779e-06,2.82090440543582e-06,1.73266774179701e-06,0,0,0,0,8.11250803261594e-06,0,0,0,0,0.000115658862870783,0.000247041041529615,0.00019566725184524,0.00014935377073969,0.000152171869914358,6.4829369944724e-05,3.05195256392621e-05,0,0.000115560373266643,0.000247098442821071,0.000195755038246699,0.000149448839646182,0.000152311159316075,6.48997570401431e-05,3.05547541312438e-05
"322",2025,322,0,0.000214883486004851,0.000461130148480462,0.000366063367768157,0.000287536669168137,0.000286432141290063,0.000122706110721213,5.81586670874023e-05,0,0,0,0,0,0,0,0,0,0,0,0,0,0,0,0,0,2.11000510140964e-06,4.97790614925587e-06,4.50640634293789e-06,3.93069241795242e-06,4.84552825107455e-06,2.6942578130893e-06,1.65500320582701e-06,0,0,0,0,7.49696779032021e-06,0,0,0,0,0.000106429103767141,0.000228052496058604,0.00018074174364732,0.000138014486498899,0.000140734383055266,5.99760909764429e-05,2.82368898802862e-05,0,0.000106344377136301,0.000228099746272603,0.000180815217777899,0.000138094522460966,0.000140852229983723,6.00357619316806e-05,2.8266774001289e-05
"323",2025,323,0,0.000198999845878195,0.000428339402789585,0.000340251872244725,0.000267369563026186,0.000266576101762201,0.000114252755605438,5.4167350381903e-05,0,0,0,0,0,0,0,0,0,0,0,0,0,0,0,0,0,2.01912977773465e-06,4.77826275007992e-06,4.32827022465418e-06,3.77666745609127e-06,4.65928789221383e-06,2.59147555285716e-06,1.59197096192597e-06,0,0,0,0,6.96835617087083e-06,0,0,0,0,9.85273327986421e-05,0.000211760542049395,0.000167930403354074,0.000128277961292481,0.000130907742339148,5.58049541278741e-05,2.62748207467109e-05,0,9.84533833018181e-05,0.000211800597990111,0.000167993198665996,0.000128346578106743,0.000131009071530838,5.58563259247067e-05,2.63005586732661e-05
"324",2025,324,0,0.000193161374783595,0.000417013585519421,0.000331462422359143,0.000260562919960899,0.00026001173811576,0.000111490329655484,5.28731000251582e-05,0,0,0,0,0,0,0,0,0,0,0,0,0,0,0,0,0,2.02808517552728e-06,4.81369801409957e-06,4.36286715703626e-06,3.80813360956115e-06,4.70158970879612e-06,2.61572673598974e-06,1.60695951329565e-06,0,0,0,0,6.7877204477228e-06,0,0,0,0,9.56021922963223e-05,0.000206081020278756,0.000163520082835282,0.000124951056945566,0.00012760705411072,5.4412940323038e-05,2.56208625743042e-05,0,9.55310973117449e-05,0.000206118867226566,0.000163579472366825,0.00012501600895805,0.000127703094296244,5.44616625964564e-05,2.56452779375584e-05
"325",2025,325,0.000215154310592668,0.000130526538907241,0.00028537806960846,0.000226972981526996,0.000178370919033304,0.00017826909334804,7.64803755500715e-05,3.62848211860415e-05,0,0,0,0,0,0,0,0,0,0,0,0,0,0,0,0,2.59554464950432e-06,1.45322759716401e-06,3.46496289956788e-06,3.14222133587001e-06,2.74359110918419e-06,3.3897510429599e-06,1.88639429869154e-06,1.1589597979857e-06,0,0,0,0,4.52425743323228e-06,0,0,0,0.000110806924983745,6.41923571522517e-05,0.000139743722322524,0.000110945627955223,8.48056872132879e-05,8.66704628916653e-05,3.69670816362157e-05,1.74072356394193e-05,0.000101751840959418,6.48809541578258e-05,0.000142169384386369,0.000112885132235903,8.62973832776e-05,8.82088794134152e-05,3.76268996151643e-05,1.77186257486366e-05
"326",2025,326,0.00016456310772968,6.3092584264985e-05,0.000278022119193068,0.000221236015281357,0.000173933977816908,0.000173930855620983,7.46455703029179e-05,3.54229334027762e-05,0,0,0,0,0,0,0,0,0,0,0,0,0,0,0,0,2.04097757589106e-06,1.43876005288955e-06,3.47941936070987e-06,3.1567892042695e-06,2.75696488016957e-06,3.40821602396171e-06,1.89700902064074e-06,1.1655011405409e-06,0,0,0,0,4.43120745592727e-06,0,0,0,8.47768321884565e-05,6.16538242120954e-05,0.000136309946013163,0.000108269480861908,8.27797357042007e-05,8.46481534866788e-05,3.61109701251299e-05,1.70043960590569e-05,7.77452979653324e-05,0,0.000138232753819196,0.00010980974521518,8.39660697766107e-05,8.58744861103426e-05,3.66375911571473e-05,1.72530362031784e-05
"327",2025,327,1.76883081723434e-06,1.56069472840378e-06,0.000297206076335092,0.000236627440591112,0.00018610229568789,0.000186213250935205,7.99462819528425e-05,3.79483539432917e-05,0,0,0,0,0,0,0,0,0,0,0,0,0,0,0,0,1.76883081723434e-06,1.56069472840378e-06,3.84041070575117e-06,3.48594532338889e-06,3.04513866972833e-06,3.76657488071318e-06,2.09683625003519e-06,1.28829237888412e-06,0,0,0,0,4.7527260994904e-06,0,0,0,0,0,0.000145805784974541,0.00011586637521859,8.86085821391339e-05,9.06595611990821e-05,3.86821888839447e-05,1.8215444709566e-05,0,0,0.000147559880654799,0.000117275120049133,8.96958487795373e-05,9.178711485541e-05,3.91672568188626e-05,1.84446168548416e-05
"328",2025,328,0,1.65979493608746e-06,0.000308948296692172,0.000246121023883906,0.000193681845512442,0.000193893741664571,8.3281922743587e-05,3.954620846541e-05,0,0,0,0,0,0,0,0,0,0,0,0,0,0,0,0,0,1.65979493608746e-06,4.16855622810557e-06,3.78571382097253e-06,3.3078132002857e-06,4.0938701914796e-06,2.27946883187791e-06,1.40053075860453e-06,0,0,0,0,4.99246313443828e-06,0,0,0,0,0,0.000151965297957422,0.00012082209623547,9.24210905704342e-05,9.46156640511394e-05,4.03777646148997e-05,1.90142912337931e-05,0,0,0.000152814442506645,0.000121513213827463,9.29604786072839e-05,9.51842074219519e-05,4.06246892968095e-05,1.91313864730124e-05
"329",2025,329,0,1.32093337471139e-06,0.000237578532165942,0.0001893786586144,0.000149103635255333,0.000149355422273242,6.41828038070198e-05,3.0489425380003e-05,0,0,0,0,0,0,0,0,0,0,0,0,0,0,0,0,0,1.32093337471139e-06,3.35758683285175e-06,3.05082703235405e-06,2.66637362787387e-06,3.30197502623994e-06,1.83890323509292e-06,1.12987005888206e-06,0,0,0,0,3.8654344648433e-06,0,0,0,0,0,0.000117034171301672,9.30985012903964e-05,7.12326928226464e-05,7.29673717774796e-05,3.1145344644433e-05,1.46670068215197e-05,0,0,0.000117186774031418,9.32293302916493e-05,7.13391343399693e-05,7.30860754695227e-05,3.11985559274939e-05,1.46925484996013e-05
"330",2025,330,0,1.27946917388922e-06,0.000220686030093722,0.000176010969794137,0.000138620263188003,0.000138950446309865,5.97384212432734e-05,2.83894469976336e-05,0,0,0,0,0,0,0,0,0,0,0,0,0,0,0,0,0,1.27946917388922e-06,3.26308863317546e-06,2.96634441603584e-06,2.59306724434042e-06,3.21284123995093e-06,1.78952780617738e-06,1.09953748621859e-06,0,0,0,0,3.59245089849565e-06,0,0,0,0,0,0.000108658317561097,8.64759484212757e-05,6.61791569851598e-05,6.7825463986509e-05,2.89548467091265e-05,1.36355158489276e-05,0,0,0.00010876462389945,8.6568676956825e-05,6.62555880600071e-05,6.79121410834052e-05,2.89940467279695e-05,1.36543936624874e-05
"331",2025,331,0,1.24683757758771e-06,0.000205570541848351,0.000164045992029375,0.000129234623004602,0.000129633068554058,5.57590216901526e-05,2.65098443336642e-05,0,0,0,0,0,0,0,0,0,0,0,0,0,0,0,0,0,1.24683757758771e-06,3.18846487460007e-06,2.89981965652067e-06,2.53540293276725e-06,3.1429420931317e-06,1.75083304201119e-06,1.07576224107649e-06,0,0,0,0,3.34705674256825e-06,0,0,0,0,0,0.000101150686177709,8.05374405063357e-05,6.16464272075141e-05,6.32110361169813e-05,2.69886119519416e-05,1.27095686643695e-05,0,0,0.000101231390796042,8.06087318665189e-05,6.17057361217524e-05,6.32790903439451e-05,2.70195766961998e-05,1.27245134282182e-05
"332",2025,332,0,1.28305822631515e-06,0.000201565076656174,0.00016093881823278,0.000126823336855249,0.000127305216690367,5.47853037579785e-05,2.60594071938703e-05,0,0,0,0,0,0,0,0,0,0,0,0,0,0,0,0,0,1.28305822631515e-06,3.28888463147886e-06,2.99246764827826e-06,2.61688600625499e-06,3.24548953784854e-06,1.80818697977442e-06,1.11099752329791e-06,0,0,0,0,3.28161503075592e-06,0,0,0,0,0,9.91025825348539e-05,7.89415138817381e-05,6.04359024173055e-05,6.19991829433103e-05,2.64745394379581e-05,1.24674284983007e-05,0,0,9.91736094898414e-05,7.90048367027635e-05,6.0488933400933e-05,6.20605442092085e-05,2.6502577340246e-05,1.24809811722717e-05
"333",2025,333,0,1.3085200517147e-06,0.00019520260310547,0.000155946871760479,0.000122926093122025,0.000123484332657222,5.31700234042707e-05,2.53046550887998e-05,0,0,0,0,0,0,0,0,0,0,0,0,0,0,0,0,0,1.3085200517147e-06,3.36172474828899e-06,3.06008411331392e-06,2.67649807557344e-06,3.32097980082784e-06,1.85047447887478e-06,1.13697424531289e-06,0,0,0,0,3.17740124473735e-06,0,0,0,0,0,9.58891721429637e-05,7.64153220076042e-05,5.85124696082534e-05,6.00541651997826e-05,2.56471641396062e-05,1.20777382174117e-05,0,0,9.59517062142173e-05,7.64714656395608e-05,5.85597241934603e-05,6.01091876566117e-05,2.56723847857898e-05,1.20899426260752e-05
"334",2025,334,0,1.2891567656035e-06,0.000181918837860977,0.000145418259109359,0.000114662093974777,0.000115270800420755,4.96629924869353e-05,2.36498727037201e-05,0,0,0,0,0,0,0,0,0,0,0,0,0,0,0,0,0,1.2891567656035e-06,3.31913799779595e-06,3.02262954703384e-06,2.64420367738962e-06,3.28242447027015e-06,1.82921013150359e-06,1.12390134312748e-06,0,0,0,0,2.9602400617122e-06,0,0,0,0,0,8.92737943705668e-05,7.1174309733795e-05,5.45089744896186e-05,5.59709745406167e-05,2.39062282648399e-05,1.12578220734269e-05,0,0,8.93259054926146e-05,7.12213198285305e-05,5.45486757460565e-05,5.60174014098683e-05,2.39275540905918e-05,1.12681492871657e-05
"335",2025,335,0,9.43882244514682e-07,0.000125406388655661,0.000100302476003874,7.91134875362801e-05,7.95948181664054e-05,3.43146350114289e-05,1.63520573254198e-05,0,0,0,0,0,0,0,0,0,0,0,0,0,0,0,0,0,9.43882244514682e-07,2.43495417721944e-06,2.21837126051756e-06,1.9409606173985e-06,2.41051674410498e-06,1.34346738762815e-06,8.25443237902153e-07,0,0,0,0,2.04010348028776e-06,0,0,0,0,0,6.14735343607099e-05,4.90310412322945e-05,3.75569001823235e-05,3.85812417753116e-05,1.64805685498141e-05,7.76087770736482e-06,0,0,6.14979001177314e-05,4.90530635110622e-05,3.75755232562703e-05,3.86030596469889e-05,1.64905990739866e-05,7.76573638015279e-06
"336",2025,336,0,1.09344007962207e-06,0.000136105543496307,0.000108921731572304,8.59374975086245e-05,8.65285756354906e-05,3.73299094085325e-05,1.78026516272286e-05,0,0,0,0,0,0,0,0,0,0,0,0,0,0,0,0,0,1.09344007962207e-06,2.82520762419901e-06,2.57487978321869e-06,2.25317586990215e-06,2.79932114182743e-06,1.5602734156735e-06,9.58626289835774e-07,0,0,0,0,2.21207606217433e-06,0,0,0,0,0,6.66255004043726e-05,5.31602036219859e-05,4.07249624078041e-05,4.18515782928049e-05,1.78788253604156e-05,8.41911118939578e-06,0,0,6.66548354677349e-05,5.31866481670998e-05,4.0747283168744e-05,4.18776762008583e-05,1.78908106324434e-05,8.42491414799706e-06
"337",2025,337,0,1.11910346855775e-06,0.000129791304018424,0.000103931486074971,8.20276146733326e-05,8.26627224320652e-05,3.56907297520801e-05,1.70362363505192e-05,0,0,0,0,0,0,0,0,0,0,0,0,0,0,0,0,0,1.11910346855775e-06,2.89654621575357e-06,2.64091501363872e-06,2.3112743921043e-06,2.87262438592011e-06,1.60125779815599e-06,9.83784123463191e-07,0,0,0,0,2.10723412122619e-06,0,0,0,0,0,6.34337086694118e-05,5.06329978895897e-05,3.87942032911513e-05,3.98829751036676e-05,1.70391978716072e-05,8.02354603113626e-06,0,0,6.34610491332584e-05,5.06575731717431e-05,3.88149028688508e-05,3.99071229424775e-05,1.70502740823169e-05,8.02890619591978e-06
"338",2025,338,0,1.27683611580389e-06,0.000137093148784987,0.000109849005879186,8.67294833356457e-05,8.74831422844876e-05,3.78069601556881e-05,1.80654248475235e-05,0,0,0,0,0,0,0,0,0,0,0,0,0,0,0,0,0,1.27683611580389e-06,3.31074663651987e-06,3.01971007743097e-06,2.64313580122062e-06,3.28634520490319e-06,1.83201169644144e-06,1.12552718836434e-06,0,0,0,0,2.22259739231851e-06,0,0,0,0,0,6.68754001902088e-05,5.34005024455353e-05,4.09199955230736e-05,4.20845856257689e-05,1.79811496073015e-05,8.46689024601763e-06,0,0,6.69070019582581e-05,5.342879335622e-05,4.0943754619033e-05,4.21122114538155e-05,1.79937988519452e-05,8.47300741314153e-06
"339",2025,339,0,9.35649125921275e-07,9.22599627171009e-05,7.39763777134684e-05,5.84311440778945e-05,5.89996052855255e-05,2.55251472009306e-05,1.22121590017464e-05,0,0,0,0,0,0,0,0,0,0,0,0,0,0,0,0,0,9.35649125921275e-07,2.43066501080247e-06,2.21785312296871e-06,1.94154042129414e-06,2.41496167695798e-06,1.34635734471189e-06,8.2713854523859e-07,0,0,0,0,1.49353879352116e-06,0,0,0,0,0,4.49071673996103e-05,3.58725974525945e-05,2.74924553504241e-05,2.82858637656604e-05,1.20864444286356e-05,5.69108459101208e-06,0,0,4.49221303066882e-05,3.58859271379051e-05,2.75036095126552e-05,2.82987798429071e-05,1.20923454275831e-05,5.69393586549575e-06
"340",2025,340,0,1.02213103632826e-06,9.167528302897e-05,7.35610710423231e-05,5.81288069997088e-05,5.87611524800205e-05,2.54543806636554e-05,1.21967665976336e-05,0,0,0,0,0,0,0,0,0,0,0,0,0,0,0,0,0,1.02213103632826e-06,2.65944087054251e-06,2.42744934117569e-06,2.1252494515754e-06,2.64435939431935e-06,1.47432080636542e-06,9.0572118711407e-07,0,0,0,0,1.48063569558953e-06,0,0,0,0,0,4.44999527729531e-05,3.55597677475248e-05,2.72556015727509e-05,2.80516583439761e-05,1.19869627171685e-05,5.64404275889709e-06,0,0,4.45158893854744e-05,3.55738539536226e-05,2.72673202797929e-05,2.8065134741725e-05,1.19930971401215e-05,5.64700265162249e-06
"341",2025,341,0,9.79100285530444e-07,7.89558873109415e-05,6.34066577877321e-05,5.01309166483996e-05,5.0743283566502e-05,2.20154990569593e-05,1.05687806879117e-05,0,0,0,0,0,0,0,0,0,0,0,0,0,0,0,0,0,9.79100285530444e-07,2.55169002592821e-06,2.32991451725935e-06,2.04007307332132e-06,2.53923379328335e-06,1.41577933717252e-06,8.6972648071624e-07,0,0,0,0,1.27149565541141e-06,0,0,0,0,0,3.81956499389603e-05,3.05327192694461e-05,2.34050012921929e-05,2.4096692248387e-05,1.02974423986183e-05,4.84836250165227e-06,0,0,3.82085473460529e-05,3.05440240010267e-05,2.34143466274739e-05,2.41073575248316e-05,1.03022773211685e-05,4.85069170554319e-06
"342",2025,342,0,9.34340499729806e-07,6.67542949181902e-05,5.36581441218993e-05,4.24501975955913e-05,4.30364763756122e-05,1.87083932958807e-05,9.00250579720995e-06,0,0,0,0,0,0,0,0,0,0,0,0,0,0,0,0,0,9.34340499729806e-07,2.43897685040686e-06,2.22775599793049e-06,1.95081299468469e-06,2.42891511883801e-06,1.35432469481458e-06,8.31941833553691e-07,0,0,0,0,1.07082693604089e-06,0,0,0,0,0,3.21525291051804e-05,2.5710739690636e-05,1.97106230529816e-05,2.02996454665369e-05,8.67516874224264e-06,4.08438492710409e-06,0,0,3.21627889626029e-05,2.57196484333329e-05,1.97179346118841e-05,2.03079157902373e-05,8.67889985882345e-06,4.08617903655216e-06
"343",2025,343,0,9.13685121460057e-07,5.67402207579496e-05,4.56596002677872e-05,3.61508891306872e-05,3.67219454551294e-05,1.60040237146144e-05,7.7250644564755e-06,0,0,0,0,0,0,0,0,0,0,0,0,0,0,0,0,0,9.13685121460057e-07,2.38884720904373e-06,2.18268982405224e-06,1.91151963708576e-06,2.38072261552347e-06,1.32749593021959e-06,8.15426677221758e-07,0,0,0,0,9.05331049254623e-07,0,0,0,0,0,2.71714667297947e-05,2.17348281711228e-05,1.66640662157838e-05,1.71673046706637e-05,7.33678033332014e-06,3.45410704758035e-06,0,0,2.71799068191112e-05,2.17420822726122e-05,1.66699722285631e-05,1.71739181689423e-05,7.33974745107467e-06,3.45553073167338e-06
"344",2025,344,0,9.73135161701835e-07,5.1193201190362e-05,4.12538466682786e-05,3.26968115025938e-05,3.32985266415992e-05,1.45622368770183e-05,7.0588214653357e-06,0,0,0,0,0,0,0,0,0,0,0,0,0,0,0,0,0,9.73135161701835e-07,2.54836619926929e-06,2.32919495839772e-06,2.03999169072695e-06,2.54147888447383e-06,1.41716976105894e-06,8.70470237572076e-07,0,0,0,0,8.10586337053217e-07,0,0,0,0,0,2.43184002492932e-05,1.94589101324009e-05,1.49203597163522e-05,1.53754706551363e-05,6.57117223440469e-06,3.09352399766582e-06,0,0,2.43264347417995e-05,1.94657415774799e-05,1.49258737584614e-05,1.53815771019891e-05,6.57389488155463e-06,3.0948272300978e-06
"345",2025,345,0,8.87155336530797e-07,3.81072996211626e-05,3.07673234581648e-05,2.44218288545377e-05,2.49607601994538e-05,1.0970496165548e-05,5.35015129392735e-06,0,0,0,0,0,0,0,0,0,0,0,0,0,0,0,0,0,8.87155336530797e-07,2.32713058274703e-06,2.12766584664943e-06,1.86363226630254e-06,2.32243442072258e-06,1.29505498365396e-06,7.95426277653651e-07,0,0,0,0,5.96488581005077e-07,0,0,0,0,0,1.78873916545073e-05,1.43175645617621e-05,1.09790430427996e-05,1.13171813063049e-05,4.83684310901607e-06,2.27694361332685e-06,0,0,1.78927773839083e-05,1.43220930497533e-05,1.09826649644305e-05,1.13211444724264e-05,4.83859807287794e-06,2.27778140294685e-06
"346",2025,346,0,9.75516053571191e-07,3.23273782964535e-05,2.61758064104815e-05,2.08258233742904e-05,2.14038347245717e-05,9.48129307355045e-06,4.66784380427195e-06,0,0,0,0,0,0,0,0,0,0,0,0,0,0,0,0,0,9.75516053571191e-07,2.56309987446721e-06,2.34413404726814e-06,2.05338159935549e-06,2.55959455665685e-06,1.42732004853538e-06,8.766195515613e-07,0,0,0,0,4.96365700049993e-07,0,0,0,0,0,1.48796651946406e-05,1.19137800553599e-05,9.1364095309646e-06,9.42036142789902e-06,4.02621368718029e-06,1.89524430437008e-06,0,0,1.48846132273456e-05,1.19178923078535e-05,9.13966654392034e-06,9.42387874001585e-06,4.02775933783478e-06,1.89597994834057e-06
"347",2025,347,0,1.06593297513409e-06,3.26781187777576e-05,2.64923508007147e-05,2.10962009448569e-05,2.17284059796806e-05,9.65188397850168e-06,4.76742097783899e-06,0,0,0,0,0,0,0,0,0,0,0,0,0,0,0,0,0,1.06593297513409e-06,2.80569613599142e-06,2.56678829249824e-06,2.24856809745515e-06,2.80364333428296e-06,1.56342380947154e-06,9.60160604717203e-07,0,0,0,0,4.98336143672936e-07,0,0,0,0,0,1.49335478959322e-05,1.19605723214254e-05,9.17290214525021e-06,9.46050018899688e-06,4.04340472436565e-06,1.90323762072003e-06,0,0,1.49388747458339e-05,1.1964990186791e-05,9.17639455847863e-06,9.46426245640074e-06,4.0450554446645e-06,1.90402275240176e-06
"348",2025,348,0,9.9605968575768e-07,3.08294582105251e-05,2.49989760838941e-05,1.99067409568367e-05,2.05048615647035e-05,9.10595072790916e-06,4.49604847331681e-06,0,0,0,0,0,0,0,0,0,0,0,0,0,0,0,0,0,9.9605968575768e-07,2.62675756098133e-06,2.40382293557714e-06,2.10594701622522e-06,2.6265126293254e-06,1.46466205761296e-06,8.9946039141229e-07,0,0,0,0,4.70680802236885e-07,0,0,0,0,0,1.40990642467259e-05,1.12956775779885e-05,8.66355360294314e-06,8.93755244650185e-06,3.81993201064404e-06,1.79795513598643e-06,0,0,1.41036364028179e-05,1.12994755703285e-05,8.66655953543142e-06,8.94079648887625e-06,3.82135665965216e-06,1.79863294591809e-06
"349",2025,349,0,7.38976897308147e-07,1.95221249452765e-06,1.78707359160251e-06,1.56572666615448e-06,1.95327020938529e-06,1.0892404270416e-06,6.68875966578322e-07,0,0,0,0,0,0,0,0,0,0,0,0,0,0,0,0,0,7.38976897308147e-07,1.95221249452765e-06,1.78707359160251e-06,1.56572666615448e-06,1.95327020938529e-06,1.0892404270416e-06,6.68875966578322e-07,0,0,0,0,0,0,0,0,0,0,0,0,0,0,0,0,0,0,0,0,0,0,0,0
"350",2025,350,0,9.05307282674284e-07,2.39534791392915e-06,2.19334371761142e-06,1.92176465933606e-06,2.39798151647071e-06,1.3372170295724e-06,8.21102443761876e-07,0,0,0,0,0,0,0,0,0,0,0,0,0,0,0,0,0,9.05307282674284e-07,2.39534791392915e-06,2.19334371761142e-06,1.92176465933606e-06,2.39798151647071e-06,1.3372170295724e-06,8.21102443761876e-07,0,0,0,0,0,0,0,0,0,0,0,0,0,0,0,0,0,0,0,0,0,0,0,0
"351",2025,351,0,9.6186369863511e-07,2.54950785249297e-06,2.33516582015395e-06,2.04612159147449e-06,2.55373887713048e-06,1.42405721299548e-06,8.74372687856683e-07,0,0,0,0,0,0,0,0,0,0,0,0,0,0,0,0,0,9.6186369863511e-07,2.54950785249297e-06,2.33516582015395e-06,2.04612159147449e-06,2.55373887713048e-06,1.42405721299548e-06,8.74372687856683e-07,0,0,0,0,0,0,0,0,0,0,0,0,0,0,0,0,0,0,0,0,0,0,0,0
"352",2025,352,0,9.45544423654782e-07,2.51083712537744e-06,2.30040179553533e-06,2.01575509070221e-06,2.51641499282569e-06,1.40322795789614e-06,8.61531406247687e-07,0,0,0,0,0,0,0,0,0,0,0,0,0,0,0,0,0,9.45544423654782e-07,2.51083712537744e-06,2.30040179553533e-06,2.01575509070221e-06,2.51641499282569e-06,1.40322795789614e-06,8.61531406247687e-07,0,0,0,0,0,0,0,0,0,0,0,0,0,0,0,0,0,0,0,0,0,0,0,0
"353",2025,353,0,9.85124041550133e-07,2.62064918445818e-06,2.40169739070506e-06,2.10461575367212e-06,2.62794757498003e-06,1.46540523331667e-06,8.99651619730981e-07,0,0,0,0,0,0,0,0,0,0,0,0,0,0,0,0,0,9.85124041550133e-07,2.62064918445818e-06,2.40169739070506e-06,2.10461575367212e-06,2.62794757498003e-06,1.46540523331667e-06,8.99651619730981e-07,0,0,0,0,0,0,0,0,0,0,0,0,0,0,0,0,0,0,0,0,0,0,0,0
"354",2025,354,0,0,2.78215978807495e-06,2.55044643267632e-06,2.23507108776646e-06,2.79148056643828e-06,1.55657783469286e-06,9.55567223334931e-07,0,0,0,0,0,0,0,0,0,0,0,0,0,0,0,0,0,0,2.78215978807495e-06,2.55044643267632e-06,2.23507108776646e-06,2.79148056643828e-06,1.55657783469286e-06,9.55567223334931e-07,0,0,0,0,0,0,0,0,0,0,0,0,0,0,0,0,0,0,0,0,0,0,0,0
"355",2025,355,0,0,2.88274045972728e-06,2.6434125290977e-06,2.31665217620904e-06,2.89403328117892e-06,1.61374564017033e-06,9.90602229085028e-07,0,0,0,0,0,0,0,0,0,0,0,0,0,0,0,0,0,0,2.88274045972728e-06,2.6434125290977e-06,2.31665217620904e-06,2.89403328117892e-06,1.61374564017033e-06,9.90602229085028e-07,0,0,0,0,0,0,0,0,0,0,0,0,0,0,0,0,0,0,0,0,0,0,0,0
"356",2025,356,0,0,2.83229916895662e-06,2.59791126666763e-06,2.27688500404941e-06,2.8450061279447e-06,1.58639089021313e-06,9.73751797750463e-07,0,0,0,0,0,0,0,0,0,0,0,0,0,0,0,0,0,0,2.83229916895662e-06,2.59791126666763e-06,2.27688500404941e-06,2.8450061279447e-06,1.58639089021313e-06,9.73751797750463e-07,0,0,0,0,0,0,0,0,0,0,0,0,0,0,0,0,0,0,0,0,0,0,0,0
"357",2025,357,0,0,2.93676441604163e-06,2.6945147539151e-06,2.3616653146989e-06,2.95161568603714e-06,1.64581989328673e-06,1.01016942786579e-06,0,0,0,0,0,0,0,0,0,0,0,0,0,0,0,0,0,0,2.93676441604163e-06,2.6945147539151e-06,2.3616653146989e-06,2.95161568603714e-06,1.64581989328673e-06,1.01016942786579e-06,0,0,0,0,0,0,0,0,0,0,0,0,0,0,0,0,0,0,0,0,0,0,0,0
"358",2025,358,0,0,2.87067460128789e-06,2.63464562949138e-06,2.3093041547421e-06,2.88683491077917e-06,1.60968188635197e-06,9.87929262356532e-07,0,0,0,0,0,0,0,0,0,0,0,0,0,0,0,0,0,0,2.87067460128789e-06,2.63464562949138e-06,2.3093041547421e-06,2.88683491077917e-06,1.60968188635197e-06,9.87929262356532e-07,0,0,0,0,0,0,0,0,0,0,0,0,0,0,0,0,0,0,0,0,0,0,0,0
"359",2025,359,0,0,2.85978680331559e-06,2.62542220368106e-06,2.30133228085158e-06,2.87752704658748e-06,1.60447584632197e-06,9.84674869446568e-07,0,0,0,0,0,0,0,0,0,0,0,0,0,0,0,0,0,0,2.85978680331559e-06,2.62542220368106e-06,2.30133228085158e-06,2.87752704658748e-06,1.60447584632197e-06,9.84674869446568e-07,0,0,0,0,0,0,0,0,0,0,0,0,0,0,0,0,0,0,0,0,0,0,0,0
"360",2025,360,0,0,3.0103238560385e-06,2.76443535188493e-06,2.42330444270969e-06,3.03073025409921e-06,1.68988357687746e-06,1.03702766743047e-06,0,0,0,0,0,0,0,0,0,0,0,0,0,0,0,0,0,0,3.0103238560385e-06,2.76443535188493e-06,2.42330444270969e-06,3.03073025409921e-06,1.68988357687746e-06,1.03702766743047e-06,0,0,0,0,0,0,0,0,0,0,0,0,0,0,0,0,0,0,0,0,0,0,0,0
"361",2025,361,0,0,3.10585240714405e-06,2.85300325722122e-06,2.50106698775012e-06,3.12869968222641e-06,1.74449304311819e-06,1.07047548806092e-06,0,0,0,0,0,0,0,0,0,0,0,0,0,0,0,0,0,0,3.10585240714405e-06,2.85300325722122e-06,2.50106698775012e-06,3.12869968222641e-06,1.74449304311819e-06,1.07047548806092e-06,0,0,0,0,0,0,0,0,0,0,0,0,0,0,0,0,0,0,0,0,0,0,0,0
"362",2025,362,0,0,3.10344971577163e-06,2.85164143030249e-06,2.49999780990065e-06,3.12807697314091e-06,1.74412966330729e-06,1.07018832933718e-06,0,0,0,0,0,0,0,0,0,0,0,0,0,0,0,0,0,0,3.10344971577163e-06,2.85164143030249e-06,2.49999780990065e-06,3.12807697314091e-06,1.74412966330729e-06,1.07018832933718e-06,0,0,0,0,0,0,0,0,0,0,0,0,0,0,0,0,0,0,0,0,0,0,0,0
"363",2025,363,0,0,2.73717693942608e-06,2.51583591546983e-06,2.20571197529478e-06,2.76048762926262e-06,1.53915794881752e-06,9.44362209764527e-07,0,0,0,0,0,0,0,0,0,0,0,0,0,0,0,0,0,0,2.73717693942608e-06,2.51583591546983e-06,2.20571197529478e-06,2.76048762926262e-06,1.53915794881752e-06,9.44362209764527e-07,0,0,0,0,0,0,0,0,0,0,0,0,0,0,0,0,0,0,0,0,0,0,0,0
"364",2025,364,0,0,1.81309164941628e-06,1.66697388024836e-06,1.46156152978345e-06,1.82958706411541e-06,1.02010869583527e-06,6.25857946408081e-07,0,0,0,0,0,0,0,0,0,0,0,0,0,0,0,0,0,0,1.81309164941628e-06,1.66697388024836e-06,1.46156152978345e-06,1.82958706411541e-06,1.02010869583527e-06,6.25857946408081e-07,0,0,0,0,0,0,0,0,0,0,0,0,0,0,0,0,0,0,0,0,0,0,0,0
"365",2025,365,0,0,2.12717413459355e-06,1.95632852745522e-06,1.71534643347089e-06,2.14776268044557e-06,1.19749958788518e-06,7.34646548207567e-07,0,0,0,0,0,0,0,0,0,0,0,0,0,0,0,0,0,0,2.12717413459355e-06,1.95632852745522e-06,1.71534643347089e-06,2.14776268044557e-06,1.19749958788518e-06,7.34646548207567e-07,0,0,0,0,0,0,0,0,0,0,0,0,0,0,0,0,0,0,0,0,0,0,0,0
