"","year","DOY","transp_total_Lyr_1","transp_total_Lyr_2","transp_total_Lyr_3","transp_total_Lyr_4","transp_total_Lyr_5","transp_total_Lyr_6","transp_total_Lyr_7","transp_total_Lyr_8","transp_treeNL_Lyr_1","transp_treeNL_Lyr_2","transp_treeNL_Lyr_3","transp_treeNL_Lyr_4","transp_treeNL_Lyr_5","transp_treeNL_Lyr_6","transp_treeNL_Lyr_7","transp_treeNL_Lyr_8","transp_treeBL_Lyr_1","transp_treeBL_Lyr_2","transp_treeBL_Lyr_3","transp_treeBL_Lyr_4","transp_treeBL_Lyr_5","transp_treeBL_Lyr_6","transp_treeBL_Lyr_7","transp_treeBL_Lyr_8","transp_shrub_Lyr_1","transp_shrub_Lyr_2","transp_shrub_Lyr_3","transp_shrub_Lyr_4","transp_shrub_Lyr_5","transp_shrub_Lyr_6","transp_shrub_Lyr_7","transp_shrub_Lyr_8","transp_forbs_Lyr_1","transp_forbs_Lyr_2","transp_forbs_Lyr_3","transp_forbs_Lyr_4","transp_forbs_Lyr_5","transp_forbs_Lyr_6","transp_forbs_Lyr_7","transp_forbs_Lyr_8","transp_grassC3_Lyr_1","transp_grassC3_Lyr_2","transp_grassC3_Lyr_3","transp_grassC3_Lyr_4","transp_grassC3_Lyr_5","transp_grassC3_Lyr_6","transp_grassC3_Lyr_7","transp_grassC3_Lyr_8","transp_grassC4_Lyr_1","transp_grassC4_Lyr_2","transp_grassC4_Lyr_3","transp_grassC4_Lyr_4","transp_grassC4_Lyr_5","transp_grassC4_Lyr_6","transp_grassC4_Lyr_7","transp_grassC4_Lyr_8"
"1",2025,1,1.37583094009987e-06,1.2271985230623e-06,2.07099279098905e-06,1.6476998010049e-06,1.31092423370307e-06,1.87278873089081e-06,1.18546242243745e-06,7.50389584348818e-07,0,0,0,0,0,0,0,0,0,0,0,0,0,0,0,0,1.37583094009987e-06,1.2271985230623e-06,2.07099279098905e-06,1.6476998010049e-06,1.31092423370307e-06,1.87278873089081e-06,1.18546242243745e-06,7.50389584348818e-07,0,0,0,0,0,0,0,0,0,0,0,0,0,0,0,0,0,0,0,0,0,0,0,0
"2",2025,2,9.40573416838776e-07,8.4315192848603e-07,1.42292380261645e-06,1.1320865406401e-06,9.00699075781934e-07,1.28674396814302e-06,8.14500172122486e-07,5.15573477061522e-07,0,0,0,0,0,0,0,0,0,0,0,0,0,0,0,0,9.40573416838776e-07,8.4315192848603e-07,1.42292380261645e-06,1.1320865406401e-06,9.00699075781934e-07,1.28674396814302e-06,8.14500172122486e-07,5.15573477061522e-07,0,0,0,0,0,0,0,0,0,0,0,0,0,0,0,0,0,0,0,0,0,0,0,0
"3",2025,3,7.79149510676629e-07,7.01908145349432e-07,1.1846140309812e-06,9.42482186289818e-07,7.49848691896957e-07,1.07124074887992e-06,6.7808786256409e-07,4.29225603384732e-07,0,0,0,0,0,0,0,0,0,0,0,0,0,0,0,0,7.79149510676629e-07,7.01908145349432e-07,1.1846140309812e-06,9.42482186289818e-07,7.49848691896957e-07,1.07124074887992e-06,6.7808786256409e-07,4.29225603384732e-07,0,0,0,0,0,0,0,0,0,0,0,0,0,0,0,0,0,0,0,0,0,0,0,0
"4",2025,4,9.69133913558937e-07,8.77349926216436e-07,1.48080872746851e-06,1.17813082495065e-06,9.37333917443599e-07,1.33908678673822e-06,8.47632089619201e-07,5.36546364153343e-07,0,0,0,0,0,0,0,0,0,0,0,0,0,0,0,0,9.69133913558937e-07,8.77349926216436e-07,1.48080872746851e-06,1.17813082495065e-06,9.37333917443599e-07,1.33908678673822e-06,8.47632089619201e-07,5.36546364153343e-07,0,0,0,0,0,0,0,0,0,0,0,0,0,0,0,0,0,0,0,0,0,0,0,0
"5",2025,5,1.56124663151552e-06,1.42027894951228e-06,2.3973867533349e-06,1.90735319489062e-06,1.51751272036887e-06,2.16794256709702e-06,1.37229128171556e-06,8.68653236843437e-07,0,0,0,0,0,0,0,0,0,0,0,0,0,0,0,0,1.56124663151552e-06,1.42027894951228e-06,2.3973867533349e-06,1.90735319489062e-06,1.51751272036887e-06,2.16794256709702e-06,1.37229128171556e-06,8.68653236843437e-07,0,0,0,0,0,0,0,0,0,0,0,0,0,0,0,0,0,0,0,0,0,0,0,0
"6",2025,6,1.40747280390174e-06,1.28658658221263e-06,2.17195426448622e-06,1.72799544309648e-06,1.37481567783974e-06,1.96408934624325e-06,1.24325411774344e-06,7.86974182064841e-07,0,0,0,0,0,0,0,0,0,0,0,0,0,0,0,0,1.40747280390174e-06,1.28658658221263e-06,2.17195426448622e-06,1.72799544309648e-06,1.37481567783974e-06,1.96408934624325e-06,1.24325411774344e-06,7.86974182064841e-07,0,0,0,0,0,0,0,0,0,0,0,0,0,0,0,0,0,0,0,0,0,0,0,0
"7",2025,7,1.59913670763284e-06,1.46880846052749e-06,2.47988999278873e-06,1.97298266079245e-06,1.56973285359112e-06,2.24255845069415e-06,1.41952324394154e-06,8.98552559008446e-07,0,0,0,0,0,0,0,0,0,0,0,0,0,0,0,0,1.59913670763284e-06,1.46880846052749e-06,2.47988999278873e-06,1.97298266079245e-06,1.56973285359112e-06,2.24255845069415e-06,1.41952324394154e-06,8.98552559008446e-07,0,0,0,0,0,0,0,0,0,0,0,0,0,0,0,0,0,0,0,0,0,0,0,0
"8",2025,8,3.03186756966347e-06,2.79804261070035e-06,4.72482368187183e-06,3.75902870147473e-06,2.99074098355472e-06,4.27265850696871e-06,2.70456286979205e-06,1.71197931735645e-06,0,0,0,0,0,0,0,0,0,0,0,0,0,0,0,0,3.03186756966347e-06,2.79804261070035e-06,4.72482368187183e-06,3.75902870147473e-06,2.99074098355472e-06,4.27265850696871e-06,2.70456286979205e-06,1.71197931735645e-06,0,0,0,0,0,0,0,0,0,0,0,0,0,0,0,0,0,0,0,0,0,0,0,0
"9",2025,9,3.0873335285921e-06,2.86270507235478e-06,4.83482624044281e-06,3.84654704604834e-06,3.06038122496531e-06,4.37216941075024e-06,2.76755778299641e-06,1.7518583952054e-06,0,0,0,0,0,0,0,0,0,0,0,0,0,0,0,0,3.0873335285921e-06,2.86270507235478e-06,4.83482624044281e-06,3.84654704604834e-06,3.06038122496531e-06,4.37216941075024e-06,2.76755778299641e-06,1.7518583952054e-06,0,0,0,0,0,0,0,0,0,0,0,0,0,0,0,0,0,0,0,0,0,0,0,0
"10",2025,10,2.69417679942062e-06,2.50987613633447e-06,4.23972484500175e-06,3.37309212399448e-06,2.68370040878309e-06,3.8340484073144e-06,2.4269350752758e-06,1.53624806749249e-06,0,0,0,0,0,0,0,0,0,0,0,0,0,0,0,0,2.69417679942062e-06,2.50987613633447e-06,4.23972484500175e-06,3.37309212399448e-06,2.68370040878309e-06,3.8340484073144e-06,2.4269350752758e-06,1.53624806749249e-06,0,0,0,0,0,0,0,0,0,0,0,0,0,0,0,0,0,0,0,0,0,0,0,0
"11",2025,11,2.61612156941158e-06,2.44850769833772e-06,4.13690713736831e-06,3.29129362051578e-06,2.61862696270555e-06,3.7410982429475e-06,2.36810174740625e-06,1.49900930669768e-06,0,0,0,0,0,0,0,0,0,0,0,0,0,0,0,0,2.61612156941158e-06,2.44850769833772e-06,4.13690713736831e-06,3.29129362051578e-06,2.61862696270555e-06,3.7410982429475e-06,2.36810174740625e-06,1.49900930669768e-06,0,0,0,0,0,0,0,0,0,0,0,0,0,0,0,0,0,0,0,0,0,0,0,0
"12",2025,12,1.26394666860053e-06,1.18843137591107e-06,2.00837665652024e-06,1.59785185723489e-06,1.27129010246616e-06,1.8162349549147e-06,1.14967192193838e-06,7.2774403838225e-07,0,0,0,0,0,0,0,0,0,0,0,0,0,0,0,0,1.26394666860053e-06,1.18843137591107e-06,2.00837665652024e-06,1.59785185723489e-06,1.27129010246616e-06,1.8162349549147e-06,1.14967192193838e-06,7.2774403838225e-07,0,0,0,0,0,0,0,0,0,0,0,0,0,0,0,0,0,0,0,0,0,0,0,0
"13",2025,13,1.48165413584727e-06,1.39951748368805e-06,2.36566485590093e-06,1.88210786841778e-06,1.49745300501525e-06,2.13934967371943e-06,1.35420277930101e-06,8.5721310077918e-07,0,0,0,0,0,0,0,0,0,0,0,0,0,0,0,0,1.48165413584727e-06,1.39951748368805e-06,2.36566485590093e-06,1.88210786841778e-06,1.49745300501525e-06,2.13934967371943e-06,1.35420277930101e-06,8.5721310077918e-07,0,0,0,0,0,0,0,0,0,0,0,0,0,0,0,0,0,0,0,0,0,0,0,0
"14",2025,14,2.1606200852046e-06,2.05012751274399e-06,3.46630973216695e-06,2.75777586657845e-06,2.19416001666664e-06,3.13471594787897e-06,1.98426766312277e-06,1.25604670013776e-06,0,0,0,0,0,0,0,0,0,0,0,0,0,0,0,0,2.1606200852046e-06,2.05012751274399e-06,3.46630973216695e-06,2.75777586657845e-06,2.19416001666664e-06,3.13471594787897e-06,1.98426766312277e-06,1.25604670013776e-06,0,0,0,0,0,0,0,0,0,0,0,0,0,0,0,0,0,0,0,0,0,0,0,0
"15",2025,15,3.12000552011635e-06,2.97381445026805e-06,5.02944265364628e-06,4.00140410868953e-06,3.18363079536594e-06,4.54835408347787e-06,2.87910024380074e-06,1.82248076894546e-06,0,0,0,0,0,0,0,0,0,0,0,0,0,0,0,0,3.12000552011635e-06,2.97381445026805e-06,5.02944265364628e-06,4.00140410868953e-06,3.18363079536594e-06,4.54835408347787e-06,2.87910024380074e-06,1.82248076894546e-06,0,0,0,0,0,0,0,0,0,0,0,0,0,0,0,0,0,0,0,0,0,0,0,0
"16",2025,16,3.73396927773729e-06,3.57495448167584e-06,6.04789087608213e-06,4.81169707746418e-06,3.82833524952586e-06,5.4694505751986e-06,3.46216002201961e-06,2.19156436284888e-06,0,0,0,0,0,0,0,0,0,0,0,0,0,0,0,0,3.73396927773729e-06,3.57495448167584e-06,6.04789087608213e-06,4.81169707746418e-06,3.82833524952586e-06,5.4694505751986e-06,3.46216002201961e-06,2.19156436284888e-06,0,0,0,0,0,0,0,0,0,0,0,0,0,0,0,0,0,0,0,0,0,0,0,0
"17",2025,17,2.68598878940873e-06,2.58303636117437e-06,4.37118350230169e-06,3.47772945843209e-06,2.76700007610263e-06,3.95316922714175e-06,2.50236152961869e-06,1.58401124338577e-06,0,0,0,0,0,0,0,0,0,0,0,0,0,0,0,0,2.68598878940873e-06,2.58303636117437e-06,4.37118350230169e-06,3.47772945843209e-06,2.76700007610263e-06,3.95316922714175e-06,2.50236152961869e-06,1.58401124338577e-06,0,0,0,0,0,0,0,0,0,0,0,0,0,0,0,0,0,0,0,0,0,0,0,0
"18",2025,18,1.20120883333707e-06,1.16026322518298e-06,1.96411457551286e-06,1.56266429505685e-06,1.24331244884305e-06,1.7763088503574e-06,1.12440781250195e-06,7.11758828427543e-07,0,0,0,0,0,0,0,0,0,0,0,0,0,0,0,0,1.20120883333707e-06,1.16026322518298e-06,1.96411457551286e-06,1.56266429505685e-06,1.24331244884305e-06,1.7763088503574e-06,1.12440781250195e-06,7.11758828427543e-07,0,0,0,0,0,0,0,0,0,0,0,0,0,0,0,0,0,0,0,0,0,0,0,0
"19",2025,19,5.81068963347447e-07,5.63718943774772e-07,9.54599148673532e-07,7.59488971875792e-07,6.04277738722144e-07,8.63328326155536e-07,5.46488957251296e-07,3.45932015623626e-07,0,0,0,0,0,0,0,0,0,0,0,0,0,0,0,0,5.81068963347447e-07,5.63718943774772e-07,9.54599148673532e-07,7.59488971875792e-07,6.04277738722144e-07,8.63328326155536e-07,5.46488957251296e-07,3.45932015623626e-07,0,0,0,0,0,0,0,0,0,0,0,0,0,0,0,0,0,0,0,0,0,0,0,0
"20",2025,20,7.1044888573258e-07,6.92229786463541e-07,1.17263678861255e-06,9.32965238708938e-07,7.42302341592703e-07,1.06052546746708e-06,6.71314819504975e-07,4.24947983496284e-07,0,0,0,0,0,0,0,0,0,0,0,0,0,0,0,0,7.1044888573258e-07,6.92229786463541e-07,1.17263678861255e-06,9.32965238708938e-07,7.42302341592703e-07,1.06052546746708e-06,6.71314819504975e-07,4.24947983496284e-07,0,0,0,0,0,0,0,0,0,0,0,0,0,0,0,0,0,0,0,0,0,0,0,0
"21",2025,21,2.27167367658988e-06,2.22296017630279e-06,3.7670962864328e-06,2.99716464621956e-06,2.38465896927434e-06,3.40696362052252e-06,2.15661402664228e-06,1.36515566362623e-06,0,0,0,0,0,0,0,0,0,0,0,0,0,0,0,0,2.27167367658988e-06,2.22296017630279e-06,3.7670962864328e-06,2.99716464621956e-06,2.38465896927434e-06,3.40696362052252e-06,2.15661402664228e-06,1.36515566362623e-06,0,0,0,0,0,0,0,0,0,0,0,0,0,0,0,0,0,0,0,0,0,0,0,0
"22",2025,22,2.90421568882118e-06,2.8540985359327e-06,4.83853009654414e-06,3.84964374403465e-06,3.06293143362532e-06,4.37602971078564e-06,2.77003812308455e-06,1.75346130334572e-06,0,0,0,0,0,0,0,0,0,0,0,0,0,0,0,0,2.90421568882118e-06,2.8540985359327e-06,4.83853009654414e-06,3.84964374403465e-06,3.06293143362532e-06,4.37602971078564e-06,2.77003812308455e-06,1.75346130334572e-06,0,0,0,0,0,0,0,0,0,0,0,0,0,0,0,0,0,0,0,0,0,0,0,0
"23",2025,23,3.04546934652711e-06,3.00562465558329e-06,5.09748230857507e-06,4.05570895486525e-06,3.22689536751878e-06,4.61030844293593e-06,2.9183430034997e-06,1.84734352451877e-06,0,0,0,0,0,0,0,0,0,0,0,0,0,0,0,0,3.04546934652711e-06,3.00562465558329e-06,5.09748230857507e-06,4.05570895486525e-06,3.22689536751878e-06,4.61030844293593e-06,2.9183430034997e-06,1.84734352451877e-06,0,0,0,0,0,0,0,0,0,0,0,0,0,0,0,0,0,0,0,0,0,0,0,0
"24",2025,24,3.66709824751941e-06,3.63437386582656e-06,6.16642960547155e-06,4.90624533754703e-06,3.90363147639285e-06,5.57719852467101e-06,3.53039583587038e-06,2.23478457865779e-06,0,0,0,0,0,0,0,0,0,0,0,0,0,0,0,0,3.66709824751941e-06,3.63437386582656e-06,6.16642960547155e-06,4.90624533754703e-06,3.90363147639285e-06,5.57719852467101e-06,3.53039583587038e-06,2.23478457865779e-06,0,0,0,0,0,0,0,0,0,0,0,0,0,0,0,0,0,0,0,0,0,0,0,0
"25",2025,25,2.6091666214139e-06,2.59669948511016e-06,4.40773947242893e-06,3.50700674081467e-06,2.79034505158943e-06,3.98664659717968e-06,2.5235754605093e-06,1.59745889724521e-06,0,0,0,0,0,0,0,0,0,0,0,0,0,0,0,0,2.6091666214139e-06,2.59669948511016e-06,4.40773947242893e-06,3.50700674081467e-06,2.79034505158943e-06,3.98664659717968e-06,2.5235754605093e-06,1.59745889724521e-06,0,0,0,0,0,0,0,0,0,0,0,0,0,0,0,0,0,0,0,0,0,0,0,0
"26",2025,26,3.42846067713536e-06,3.42624309288805e-06,5.81846349853074e-06,4.62949870879206e-06,3.68346496615322e-06,5.26269677746277e-06,3.3313299699683e-06,2.10878283268794e-06,0,0,0,0,0,0,0,0,0,0,0,0,0,0,0,0,3.42846067713536e-06,3.42624309288805e-06,5.81846349853074e-06,4.62949870879206e-06,3.68346496615322e-06,5.26269677746277e-06,3.3313299699683e-06,2.10878283268794e-06,0,0,0,0,0,0,0,0,0,0,0,0,0,0,0,0,0,0,0,0,0,0,0,0
"27",2025,27,4.30662994453873e-06,4.32157656010775e-06,7.34234924216679e-06,5.84206762210864e-06,4.64826451045127e-06,6.64117713387775e-06,4.20393050239964e-06,2.66115886958031e-06,0,0,0,0,0,0,0,0,0,0,0,0,0,0,0,0,4.30662994453873e-06,4.32157656010775e-06,7.34234924216679e-06,5.84206762210864e-06,4.64826451045127e-06,6.64117713387775e-06,4.20393050239964e-06,2.66115886958031e-06,0,0,0,0,0,0,0,0,0,0,0,0,0,0,0,0,0,0,0,0,0,0,0,0
"28",2025,28,4.86148031076356e-06,4.898301008261e-06,8.32621631045685e-06,6.62500317784897e-06,5.27123609184132e-06,7.53129414603614e-06,4.76740096005905e-06,3.01785455330366e-06,0,0,0,0,0,0,0,0,0,0,0,0,0,0,0,0,4.86148031076356e-06,4.898301008261e-06,8.32621631045685e-06,6.62500317784897e-06,5.27123609184132e-06,7.53129414603614e-06,4.76740096005905e-06,3.01785455330366e-06,0,0,0,0,0,0,0,0,0,0,0,0,0,0,0,0,0,0,0,0,0,0,0,0
"29",2025,29,4.41762811189271e-06,4.46915162854329e-06,7.6005171747144e-06,6.04768545849876e-06,4.8119154502901e-06,6.87508948972453e-06,4.35203439805096e-06,2.75492942362327e-06,0,0,0,0,0,0,0,0,0,0,0,0,0,0,0,0,4.41762811189271e-06,4.46915162854329e-06,7.6005171747144e-06,6.04768545849876e-06,4.8119154502901e-06,6.87508948972453e-06,4.35203439805096e-06,2.75492942362327e-06,0,0,0,0,0,0,0,0,0,0,0,0,0,0,0,0,0,0,0,0,0,0,0,0
"30",2025,30,3.81026939839121e-06,3.87023588527364e-06,6.58532395875031e-06,5.23999691301868e-06,4.16928941664824e-06,5.95696993073789e-06,3.77086561663144e-06,2.38704503646965e-06,0,0,0,0,0,0,0,0,0,0,0,0,0,0,0,0,3.81026939839121e-06,3.87023588527364e-06,6.58532395875031e-06,5.23999691301868e-06,4.16928941664824e-06,5.95696993073789e-06,3.77086561663144e-06,2.38704503646965e-06,0,0,0,0,0,0,0,0,0,0,0,0,0,0,0,0,0,0,0,0,0,0,0,0
"31",2025,31,3.45997247555795e-06,3.52847600851389e-06,6.00695216206748e-06,4.77986895677198e-06,3.80319807588979e-06,5.43394182746362e-06,3.43979072996907e-06,2.17747306242193e-06,0,0,0,0,0,0,0,0,0,0,0,0,0,0,0,0,3.45997247555795e-06,3.52847600851389e-06,6.00695216206748e-06,4.77986895677198e-06,3.80319807588979e-06,5.43394182746362e-06,3.43979072996907e-06,2.17747306242193e-06,0,0,0,0,0,0,0,0,0,0,0,0,0,0,0,0,0,0,0,0,0,0,0,0
"32",2025,32,3.59833466565381e-06,3.68413842276926e-06,6.27532076511592e-06,4.99351017910264e-06,3.97320235539038e-06,5.67687350679424e-06,3.59358131276046e-06,2.27483211500841e-06,0,0,0,0,0,0,0,0,0,0,0,0,0,0,0,0,3.59833466565381e-06,3.68413842276926e-06,6.27532076511592e-06,4.99351017910264e-06,3.97320235539038e-06,5.67687350679424e-06,3.59358131276046e-06,2.27483211500841e-06,0,0,0,0,0,0,0,0,0,0,0,0,0,0,0,0,0,0,0,0,0,0,0,0
"33",2025,33,1.76290728180849e-06,1.81205310020919e-06,3.08823087727593e-06,2.45747178597119e-06,1.95535297617235e-06,2.79380621547643e-06,1.76854387987605e-06,1.11953807766546e-06,0,0,0,0,0,0,0,0,0,0,0,0,0,0,0,0,1.76290728180849e-06,1.81205310020919e-06,3.08823087727593e-06,2.45747178597119e-06,1.95535297617235e-06,2.79380621547643e-06,1.76854387987605e-06,1.11953807766546e-06,0,0,0,0,0,0,0,0,0,0,0,0,0,0,0,0,0,0,0,0,0,0,0,0
"34",2025,34,1.02391961595158e-06,1.05657854112787e-06,1.80170713348199e-06,1.43374228915129e-06,1.14079788511887e-06,1.62997666467919e-06,1.03181377295591e-06,6.53168025722767e-07,0,0,0,0,0,0,0,0,0,0,0,0,0,0,0,0,1.02391961595158e-06,1.05657854112787e-06,1.80170713348199e-06,1.43374228915129e-06,1.14079788511887e-06,1.62997666467919e-06,1.03181377295591e-06,6.53168025722767e-07,0,0,0,0,0,0,0,0,0,0,0,0,0,0,0,0,0,0,0,0,0,0,0,0
"35",2025,35,1.33890759852213e-06,1.38697465352533e-06,2.3664630828409e-06,1.8831928184269e-06,1.49841818669352e-06,2.14095171849365e-06,1.3552730625819e-06,8.57927780576046e-07,0,0,0,0,0,0,0,0,0,0,0,0,0,0,0,0,1.33890759852213e-06,1.38697465352533e-06,2.3664630828409e-06,1.8831928184269e-06,1.49841818669352e-06,2.14095171849365e-06,1.3552730625819e-06,8.57927780576046e-07,0,0,0,0,0,0,0,0,0,0,0,0,0,0,0,0,0,0,0,0,0,0,0,0
"36",2025,36,1.76109013909861e-06,1.8313404070287e-06,3.12647379511695e-06,2.48804781404624e-06,1.97969269588716e-06,2.82860924695768e-06,1.79057721945508e-06,1.1334892666044e-06,0,0,0,0,0,0,0,0,0,0,0,0,0,0,0,0,1.76109013909861e-06,1.8313404070287e-06,3.12647379511695e-06,2.48804781404624e-06,1.97969269588716e-06,2.82860924695768e-06,1.79057721945508e-06,1.1334892666044e-06,0,0,0,0,0,0,0,0,0,0,0,0,0,0,0,0,0,0,0,0,0,0,0,0
"37",2025,37,1.81926464477418e-06,1.89906843850509e-06,3.24404238246202e-06,2.58166637134333e-06,2.05418817061805e-06,2.93505997596517e-06,1.85796473431543e-06,1.17614914244503e-06,0,0,0,0,0,0,0,0,0,0,0,0,0,0,0,0,1.81926464477418e-06,1.89906843850509e-06,3.24404238246202e-06,2.58166637134333e-06,2.05418817061805e-06,2.93505997596517e-06,1.85796473431543e-06,1.17614914244503e-06,0,0,0,0,0,0,0,0,0,0,0,0,0,0,0,0,0,0,0,0,0,0,0,0
"38",2025,38,2.15358274020464e-06,2.25658316956307e-06,3.85711724477949e-06,3.06963460351778e-06,2.4424624103988e-06,3.48984600213126e-06,2.20916001031418e-06,1.39846852787472e-06,0,0,0,0,0,0,0,0,0,0,0,0,0,0,0,0,2.15358274020464e-06,2.25658316956307e-06,3.85711724477949e-06,3.06963460351778e-06,2.4424624103988e-06,3.48984600213126e-06,2.20916001031418e-06,1.39846852787472e-06,0,0,0,0,0,0,0,0,0,0,0,0,0,0,0,0,0,0,0,0,0,0,0,0
"39",2025,39,2.10072313646798e-06,2.20948738218776e-06,3.7789755725797e-06,3.00752282117011e-06,2.3930481341142e-06,3.41925603795401e-06,2.16447780312319e-06,1.37018550172754e-06,0,0,0,0,0,0,0,0,0,0,0,0,0,0,0,0,2.10072313646798e-06,2.20948738218776e-06,3.7789755725797e-06,3.00752282117011e-06,2.3930481341142e-06,3.41925603795401e-06,2.16447780312319e-06,1.37018550172754e-06,0,0,0,0,0,0,0,0,0,0,0,0,0,0,0,0,0,0,0,0,0,0,0,0
"40",2025,40,2.05297649462942e-06,2.16734292285578e-06,3.70925282300044e-06,2.95211186975385e-06,2.34896534128151e-06,3.35628310757431e-06,2.12461715329636e-06,1.3449545475228e-06,0,0,0,0,0,0,0,0,0,0,0,0,0,0,0,0,2.05297649462942e-06,2.16734292285578e-06,3.70925282300044e-06,2.95211186975385e-06,2.34896534128151e-06,3.35628310757431e-06,2.12461715329636e-06,1.3449545475228e-06,0,0,0,0,0,0,0,0,0,0,0,0,0,0,0,0,0,0,0,0,0,0,0,0
"41",2025,41,1.28239126198495e-06,1.35885552475375e-06,2.32709138716383e-06,1.85213175313422e-06,1.47372677226958e-06,2.10572047500478e-06,1.33297922181799e-06,8.43822271634767e-07,0,0,0,0,0,0,0,0,0,0,0,0,0,0,0,0,1.28239126198495e-06,1.35885552475375e-06,2.32709138716383e-06,1.85213175313422e-06,1.47372677226958e-06,2.10572047500478e-06,1.33297922181799e-06,8.43822271634767e-07,0,0,0,0,0,0,0,0,0,0,0,0,0,0,0,0,0,0,0,0,0,0,0,0
"42",2025,42,1.54580709510601e-06,1.64401379445046e-06,2.8172903032246e-06,2.24234367640173e-06,1.78421915846368e-06,2.54937237322127e-06,1.61382372700058e-06,1.02160762268442e-06,0,0,0,0,0,0,0,0,0,0,0,0,0,0,0,0,1.54580709510601e-06,1.64401379445046e-06,2.8172903032246e-06,2.24234367640173e-06,1.78421915846368e-06,2.54937237322127e-06,1.61382372700058e-06,1.02160762268442e-06,0,0,0,0,0,0,0,0,0,0,0,0,0,0,0,0,0,0,0,0,0,0,0,0
"43",2025,43,1.18857689550587e-06,1.26871238984131e-06,2.17560692888518e-06,1.73166508366341e-06,1.37787878575759e-06,1.96878175891423e-06,1.24629457254879e-06,7.88949575460009e-07,0,0,0,0,0,0,0,0,0,0,0,0,0,0,0,0,1.18857689550587e-06,1.26871238984131e-06,2.17560692888518e-06,1.73166508366341e-06,1.37787878575759e-06,1.96878175891423e-06,1.24629457254879e-06,7.88949575460009e-07,0,0,0,0,0,0,0,0,0,0,0,0,0,0,0,0,0,0,0,0,0,0,0,0
"44",2025,44,1.5597020067518e-06,1.67090507053568e-06,2.86724528450815e-06,2.28224130888392e-06,1.81597392849974e-06,2.59476156049844e-06,1.64255795573188e-06,1.03979958803179e-06,0,0,0,0,0,0,0,0,0,0,0,0,0,0,0,0,1.5597020067518e-06,1.67090507053568e-06,2.86724528450815e-06,2.28224130888392e-06,1.81597392849974e-06,2.59476156049844e-06,1.64255795573188e-06,1.03979958803179e-06,0,0,0,0,0,0,0,0,0,0,0,0,0,0,0,0,0,0,0,0,0,0,0,0
"45",2025,45,1.46498110632337e-06,1.57508831271452e-06,2.70469827646398e-06,2.15292861479368e-06,1.71308469845191e-06,2.44775635139783e-06,1.54950062391642e-06,9.80892057197029e-07,0,0,0,0,0,0,0,0,0,0,0,0,0,0,0,0,1.46498110632337e-06,1.57508831271452e-06,2.70469827646398e-06,2.15292861479368e-06,1.71308469845191e-06,2.44775635139783e-06,1.54950062391642e-06,9.80892057197029e-07,0,0,0,0,0,0,0,0,0,0,0,0,0,0,0,0,0,0,0,0,0,0,0,0
"46",2025,46,1.90113559828151e-06,2.05133878100239e-06,3.52498157640336e-06,2.80596528258014e-06,2.23271165608727e-06,3.19024063861351e-06,2.01951595620348e-06,1.27843085692231e-06,0,0,0,0,0,0,0,0,0,0,0,0,0,0,0,0,1.90113559828151e-06,2.05133878100239e-06,3.52498157640336e-06,2.80596528258014e-06,2.23271165608727e-06,3.19024063861351e-06,2.01951595620348e-06,1.27843085692231e-06,0,0,0,0,0,0,0,0,0,0,0,0,0,0,0,0,0,0,0,0,0,0,0,0
"47",2025,47,1.59876883898312e-06,1.73121117157104e-06,2.97700775327601e-06,2.369850495672e-06,1.88570042918648e-06,2.69441953287425e-06,1.70564867575786e-06,1.07974246403082e-06,0,0,0,0,0,0,0,0,0,0,0,0,0,0,0,0,1.59876883898312e-06,1.73121117157104e-06,2.97700775327601e-06,2.369850495672e-06,1.88570042918648e-06,2.69441953287425e-06,1.70564867575786e-06,1.07974246403082e-06,0,0,0,0,0,0,0,0,0,0,0,0,0,0,0,0,0,0,0,0,0,0,0,0
"48",2025,48,1.13096743361635e-06,1.22897615675759e-06,2.11489240474577e-06,1.68362445287571e-06,1.33967130317145e-06,1.9142220505789e-06,1.21176118351847e-06,7.67093283187996e-07,0,0,0,0,0,0,0,0,0,0,0,0,0,0,0,0,1.13096743361635e-06,1.22897615675759e-06,2.11489240474577e-06,1.68362445287571e-06,1.33967130317145e-06,1.9142220505789e-06,1.21176118351847e-06,7.67093283187996e-07,0,0,0,0,0,0,0,0,0,0,0,0,0,0,0,0,0,0,0,0,0,0,0,0
"49",2025,49,1.18706645706225e-06,1.29445344822705e-06,2.22920721397008e-06,1.77469476789428e-06,1.41214002629829e-06,2.01777664977136e-06,1.27731473486795e-06,8.08592016811965e-07,0,0,0,0,0,0,0,0,0,0,0,0,0,0,0,0,1.18706645706225e-06,1.29445344822705e-06,2.22920721397008e-06,1.77469476789428e-06,1.41214002629829e-06,2.01777664977136e-06,1.27731473486795e-06,8.08592016811965e-07,0,0,0,0,0,0,0,0,0,0,0,0,0,0,0,0,0,0,0,0,0,0,0,0
"50",2025,50,1.8999211439504e-06,2.07899797714773e-06,3.58295825159851e-06,2.85254125484035e-06,2.26979773584941e-06,3.24327514256407e-06,2.05309368243263e-06,1.29969275580374e-06,0,0,0,0,0,0,0,0,0,0,0,0,0,0,0,0,1.8999211439504e-06,2.07899797714773e-06,3.58295825159851e-06,2.85254125484035e-06,2.26979773584941e-06,3.24327514256407e-06,2.05309368243263e-06,1.29969275580374e-06,0,0,0,0,0,0,0,0,0,0,0,0,0,0,0,0,0,0,0,0,0,0,0,0
"51",2025,51,4.4811573179492e-06,4.92044900041118e-06,8.4863486769284e-06,6.75661451039657e-06,5.37632999826449e-06,7.68217667384695e-06,4.86306196365618e-06,3.0785229068506e-06,0,0,0,0,0,0,0,0,0,0,0,0,0,0,0,0,4.4811573179492e-06,4.92044900041118e-06,8.4863486769284e-06,6.75661451039657e-06,5.37632999826449e-06,7.68217667384695e-06,4.86306196365618e-06,3.0785229068506e-06,0,0,0,0,0,0,0,0,0,0,0,0,0,0,0,0,0,0,0,0,0,0,0,0
"52",2025,52,7.71848541351807e-06,8.50415599752769e-06,1.46784946380069e-05,1.16871946312997e-05,9.29972364520884e-06,1.32883701143813e-05,8.41199876512201e-06,5.32516841549806e-06,0,0,0,0,0,0,0,0,0,0,0,0,0,0,0,0,7.71848541351807e-06,8.50415599752769e-06,1.46784946380069e-05,1.16871946312997e-05,9.29972364520884e-06,1.32883701143813e-05,8.41199876512201e-06,5.32516841549806e-06,0,0,0,0,0,0,0,0,0,0,0,0,0,0,0,0,0,0,0,0,0,0,0,0
"53",2025,53,1.02745144259517e-05,1.13588243459517e-05,1.96211214484834e-05,1.56234140716466e-05,1.24319858996885e-05,1.77642736536355e-05,1.12454987187212e-05,7.11894395672751e-06,0,0,0,0,0,0,0,0,0,0,0,0,0,0,0,0,1.02745144259517e-05,1.13588243459517e-05,1.96211214484834e-05,1.56234140716466e-05,1.24319858996885e-05,1.77642736536355e-05,1.12454987187212e-05,7.11894395672751e-06,0,0,0,0,0,0,0,0,0,0,0,0,0,0,0,0,0,0,0,0,0,0,0,0
"54",2025,54,1.84607731950023e-05,1.39869787255961e-05,2.41802077076644e-05,1.92547521068245e-05,1.53217633647093e-05,2.18938706161953e-05,1.38598662420112e-05,8.77403806580862e-06,0,0,0,0,0,0,0,0,0,0,0,0,0,0,0,0,1.84607731950023e-05,1.39869787255961e-05,2.41802077076644e-05,1.92547521068245e-05,1.53217633647093e-05,2.18938706161953e-05,1.38598662420112e-05,8.77403806580862e-06,0,0,0,0,0,0,0,0,0,0,0,0,0,0,0,0,0,0,0,0,0,0,0,0
"55",2025,55,1.70088516772566e-05,1.2967718851359e-05,2.24019772485368e-05,1.78398406319427e-05,1.41961109827883e-05,2.02857696859472e-05,1.28420554735133e-05,8.12979292023547e-06,0,0,0,0,0,0,0,0,0,0,0,0,0,0,0,0,1.70088516772566e-05,1.2967718851359e-05,2.24019772485368e-05,1.78398406319427e-05,1.41961109827883e-05,2.02857696859472e-05,1.28420554735133e-05,8.12979292023547e-06,0,0,0,0,0,0,0,0,0,0,0,0,0,0,0,0,0,0,0,0,0,0,0,0
"56",2025,56,2.24960558091301e-05,1.70814667585129e-05,2.90774755865067e-05,2.27586732268889e-05,1.78329051729323e-05,2.50009185689479e-05,1.5486039141234e-05,9.63812969700326e-06,0,0,0,0,0,0,0,0,0,0,0,0,0,0,0,0,1.89212107210536e-05,1.4515379021247e-05,2.5058235027756e-05,1.99563217013463e-05,1.58805682433448e-05,2.26932079318459e-05,1.43663018205865e-05,9.09481917277764e-06,1.0213879724572e-07,7.33169065022127e-08,1.14835485117438e-07,8.00671107405675e-08,5.57809517966445e-08,6.59344113124299e-08,3.19923880774052e-08,1.55231012418204e-08,1.73635887867501e-06,1.24638720052162e-06,1.95220317224165e-06,1.36114102204398e-06,9.48276370895936e-07,1.12088532079343e-06,5.43870794049106e-07,2.63892825361331e-07,1.73634741215573e-06,1.24638363024197e-06,1.9522019013916e-06,1.36114339275812e-06,9.48279606894971e-07,1.12089090499614e-06,5.43874138521059e-07,2.63894597622467e-07
"57",2025,57,3.49991240137267e-05,2.6203846056666e-05,4.33181764451814e-05,3.26677163649912e-05,2.4719333066301e-05,3.31069178672248e-05,1.9389930739297e-05,1.15137665421103e-05,0,0,0,0,0,0,0,0,0,0,0,0,0,0,0,0,1.86492444289988e-05,1.43950752752871e-05,2.48342543599168e-05,1.97792118517664e-05,1.57399715417091e-05,2.24928146195039e-05,1.42396974682174e-05,9.01477696152184e-06,4.67147061437893e-07,3.3739588439387e-07,5.28112942422491e-07,3.68241402258257e-07,2.56551012805739e-07,3.03256335165306e-07,1.47147269824735e-07,7.13985085081958e-08,7.94148596195044e-06,5.73572555197647e-06,8.97791839498467e-06,6.2601067560274e-06,4.36137122172631e-06,5.1553646197201e-06,2.50150773578422e-06,1.21377684371066e-06,7.94124656133957e-06,5.73564934500862e-06,8.97789074785736e-06,6.26015635493915e-06,4.3614392900598e-06,5.15548229283551e-06,2.50157826547067e-06,1.21381422836957e-06
"58",2025,58,6.03797306429728e-05,4.50205774281058e-05,7.33339991549459e-05,5.42492059235145e-05,4.02719288066563e-05,5.25152380734953e-05,2.96829063872659e-05,1.70622302916983e-05,0,0,0,0,0,0,0,0,0,0,0,0,0,0,0,0,2.34355980809564e-05,1.81895579230795e-05,3.13613244681037e-05,2.49796923393614e-05,1.9879104596139e-05,2.84087210246893e-05,1.79854041586485e-05,1.13862667336083e-05,1.05558561097031e-06,7.66613208610028e-07,1.19922394136844e-06,8.36263729031181e-07,5.82640966347918e-07,6.88738315817838e-07,3.34202764919323e-07,1.62164245336914e-07,1.7944883605319e-05,1.30324012417456e-05,2.03867984116544e-05,1.42164982924107e-05,9.90491697476408e-06,1.17085869471989e-05,5.68146834300876e-06,2.756803484732e-06,1.79436633457271e-05,1.30320050546707e-05,2.03866523338194e-05,1.42167515627112e-05,9.90526626940533e-06,1.17091917857892e-05,5.68183112068929e-06,2.75699582802109e-06
"59",2025,59,8.20162553630061e-05,6.08206763501743e-05,9.80543461281708e-05,7.15559525949345e-05,5.23809770764923e-05,6.69285342922198e-05,3.67600955711965e-05,2.05485585623344e-05,0,0,0,0,0,0,0,0,0,0,0,0,0,0,0,0,2.3872946600011e-05,1.85485352050296e-05,3.19625954528788e-05,2.54614884564259e-05,2.02637090703178e-05,2.89600370206064e-05,1.83352657495988e-05,1.16080552582578e-05,1.66133388894572e-06,1.20780691366503e-06,1.88834731816373e-06,1.31696465244806e-06,9.1760858010891e-07,1.08476631972352e-06,5.26394982288083e-07,2.55427719668453e-07,2.82424983526267e-05,2.05326595954504e-05,3.21018830729651e-05,2.23884360044837e-05,1.55993967939244e-05,1.844111564855e-05,8.94876761518315e-06,4.34229929201217e-06,2.82394765214227e-05,2.05316746360293e-05,3.21015202841631e-05,2.23890634815769e-05,1.56002626321412e-05,1.84426153033398e-05,8.94966722412647e-06,4.34277629239603e-06
"60",2025,60,0.000111219759298359,8.25124798631663e-05,0.000132158921191206,9.56293561317624e-05,6.93785754391423e-05,8.7463028322935e-05,4.70985457349301e-05,2.58010108226482e-05,0,0,0,0,0,0,0,0,0,0,0,0,0,0,0,0,2.5832113913852e-05,2.01589381365371e-05,3.47196305942279e-05,2.76616669312001e-05,2.20164915738394e-05,3.14675004051809e-05,1.99239927323091e-05,1.26142927610219e-05,2.439854853335e-06,1.78159857900126e-06,2.78400538774151e-06,1.94189076505344e-06,1.35314252656723e-06,1.59976838415494e-06,7.76353468145478e-07,3.76730314743466e-07,4.14771496260458e-05,3.02870490832804e-05,4.73280443431858e-05,3.30122226141423e-05,2.30035332388958e-05,2.71962538136771e-05,1.31981237750453e-05,6.40447624434719e-06,4.14706409051264e-05,3.02848940643476e-05,4.73272408660512e-05,3.30135758213666e-05,2.30054080998399e-05,2.71995057199221e-05,1.32000757594302e-05,6.40551150253567e-06
"61",2025,61,0.000146696313325391,0.000109021195452605,0.000173801168874795,0.000125014677408553,9.01163520808471e-05,0.000112491601089597,5.96765680453844e-05,3.2176431963102e-05,0,0,0,0,0,0,0,0,0,0,0,0,0,0,0,0,2.8075933318444e-05,2.20084919376906e-05,3.7887721285687e-05,3.01911949747907e-05,2.40324023653405e-05,3.43524062715037e-05,2.17523556459932e-05,1.37724621241554e-05,3.38955429343323e-06,2.48621200956649e-06,3.88329225078318e-06,2.70915897992679e-06,1.88799682713836e-06,2.2323468760324e-06,1.08342786019323e-06,5.25763483402617e-07,5.76216850447046e-05,4.22653559234105e-05,6.60158745525423e-05,4.605585626374e-05,3.20961597890344e-05,3.79502681504939e-05,1.84184966240471e-05,8.93809752012399e-06,5.76091406688094e-05,4.22611355819373e-05,6.60142807857827e-05,4.60584671900952e-05,3.20997930993339e-05,3.79565797915674e-05,1.84222879151508e-05,8.94010883542003e-06
"62",2025,62,0.000149607829732154,0.000111766242196601,0.000177833188996438,0.000127656141529783,9.18111595075538e-05,0.000114196246059923,6.02412051125352e-05,3.22821920104947e-05,0,0,0,0,0,0,0,0,0,0,0,0,0,0,0,0,2.6420788241322e-05,2.0840232081974e-05,3.58625469682271e-05,2.85839676873455e-05,2.27563076947392e-05,3.25328523809278e-05,2.06023725301028e-05,1.30450804107835e-05,3.52006092390063e-06,2.59803427785588e-06,4.05636112574098e-06,2.83054366897094e-06,1.97286990882508e-06,2.33302070486038e-06,1.13240632580831e-06,5.49561839753809e-07,5.98402414123579e-05,4.4166309602165e-05,6.89580340532361e-05,4.81194079427063e-05,3.35390202959246e-05,3.96617555993563e-05,1.92511502157383e-05,9.3426800656877e-06,5.98267391545735e-05,4.41616662346062e-05,6.89562468492343e-05,4.81222222307598e-05,3.35429616080649e-05,3.96686173747782e-05,1.92552760408857e-05,9.34486969426965e-06
"63",2025,63,0.000141174331714741,0.000106102853845868,0.00016872557236736,0.000121108385506452,8.70853465244288e-05,0.000108277079743103,5.70789587344753e-05,3.05626111429684e-05,0,0,0,0,0,0,0,0,0,0,0,0,0,0,0,0,2.46430565057108e-05,1.95582243409773e-05,3.36444620388182e-05,2.68223272428211e-05,2.13569824657907e-05,3.05367039699165e-05,1.93403457150404e-05,1.22466813509399e-05,3.3298500663538e-06,2.47283901658344e-06,3.8595133351327e-06,2.69380700850047e-06,1.87783998017098e-06,2.22095594306376e-06,1.07812712654403e-06,5.23249122204585e-07,5.66067417736278e-05,4.20380140281612e-05,6.56116290264216e-05,4.57948672135945e-05,3.1923488337162e-05,3.77566151118729e-05,1.83283802732873e-05,8.89535141128651e-06,5.65946833690483e-05,4.20337764601465e-05,6.56099679669877e-05,4.57973840415358e-05,3.19270357413051e-05,3.77628047182496e-05,1.83321056196035e-05,8.89732925853733e-06
"64",2025,64,0.00016632486132371,0.000125602342270055,0.000199256007108185,0.000142622076420588,0.000102234401096741,0.000126484260942524,6.61578294754642e-05,3.51188938130799e-05,0,0,0,0,0,0,0,0,0,0,0,0,0,0,0,0,2.57541221484115e-05,2.05649495301038e-05,3.53643633407149e-05,2.81997461109405e-05,2.24568923922938e-05,3.21137345578425e-05,2.03412417961158e-05,1.28811626036661e-05,4.01686604145287e-06,3.00126911665325e-06,4.68269846926864e-06,3.26909255903002e-06,2.27919159310393e-06,2.69601083063679e-06,1.30887069486332e-06,6.35270979855657e-07,6.82856925282026e-05,5.1021205198761e-05,7.96057265301765e-05,5.55747888381392e-05,3.87465625063945e-05,4.5832718166469e-05,2.225112354295e-05,1.07997775316034e-05,6.82681806056426e-05,5.10149184245365e-05,7.96032187680246e-05,5.5578448912478e-05,3.87517546049486e-05,4.58417973875758e-05,2.22565934415351e-05,1.08026826979548e-05
"65",2025,65,0.000196574870770019,0.000149177394813374,0.000236160669075386,0.000168626793758986,0.000120541795153481,0.00014847479386941,7.71096463808194e-05,4.06058628957831e-05,0,0,0,0,0,0,0,0,0,0,0,0,0,0,0,0,2.70216662418573e-05,2.17087607967906e-05,3.73211120031267e-05,2.97677362355402e-05,2.3709509747533e-05,3.39104323929044e-05,2.14818952116178e-05,1.36043441673509e-05,4.84518922306618e-06,3.6422587095408e-06,5.68125103426566e-06,3.96723173778096e-06,2.76639409183951e-06,3.27284221907533e-06,1.58910785670927e-06,7.7133569688049e-07,8.23667209946431e-05,6.19178496382488e-05,9.65810451042929e-05,6.74432525838696e-05,4.70291465283464e-05,5.5639101040929e-05,2.70153059494465e-05,1.3112957835913e-05,8.23412943104519e-05,6.19085256687935e-05,9.65772609337011e-05,6.74485732017951e-05,4.70367447857623e-05,5.56524182165009e-05,2.70233373630458e-05,1.31172251956387e-05
"66",2025,66,0.000251146326011186,0.000191570410445873,0.000302755336625505,0.000215759780515874,0.000153887426133898,0.000188850297776583,9.74882011167579e-05,5.09827479763595e-05,0,0,0,0,0,0,0,0,0,0,0,0,0,0,0,0,3.09059583344496e-05,2.49808008420436e-05,4.29375848646668e-05,3.42577995430538e-05,2.72911711054527e-05,3.90405097113299e-05,2.47352946729537e-05,1.56658641415679e-05,6.29394919844459e-06,4.76021522220317e-06,7.42357578368166e-06,5.18548450366233e-06,3.61662402332403e-06,4.27955611781465e-06,2.07821763142285e-06,1.00882161620441e-06,0.000106994617513922,8.09227155392487e-05,0.000126200399050493,8.81537642336953e-05,6.14833670605965e-05,7.27537867491356e-05,3.53305043355509e-05,1.71503951622384e-05,0.00010695180096437,8.0906678842378e-05,0.000126193776926663,8.81627322354622e-05,6.14962639445248e-05,7.27764451983026e-05,3.53441844768304e-05,1.71576670563488e-05
"67",2025,67,0.000339502080848141,0.000259823261707601,0.00041004869349086,0.000291767374955522,0.000207706408498351,0.000254090170822766,0.000130470236263867,6.78075714010846e-05,0,0,0,0,0,0,0,0,0,0,0,0,0,0,0,0,3.75340405123069e-05,3.04631371090145e-05,5.23554676896584e-05,4.17876889995349e-05,3.32982478164847e-05,4.7645348293137e-05,3.01927079237778e-05,1.91240739827453e-05,8.63022555941614e-06,6.55412185500461e-06,1.02202140815359e-05,7.14173904491363e-06,4.98231291748633e-06,5.89705504066366e-06,2.86424523243917e-06,1.39051728744147e-06,0.000146709104791483,0.000111418274897011,0.000173742889101278,0.000121410554587363,8.47007516829334e-05,0.000100252456297633,4.86936921202654e-05,2.36396038433483e-05,0.000146628709984935,0.000111387727846571,0.000173730122618387,0.00012142739232371,8.47250960814462e-05,0.000100295311191333,4.87195909873842e-05,2.36533762875495e-05
"68",2025,68,0.000426553707906257,0.000328159494492617,0.000517302693140508,0.000367614237417281,0.000261274807090888,0.000318715933813454,0.000162853936954898,8.4143550879928e-05,0,0,0,0,0,0,0,0,0,0,0,0,0,0,0,0,4.2283499651525e-05,3.45236757148949e-05,5.93363554889331e-05,4.73834125294141e-05,3.7770164993619e-05,5.40618971992247e-05,3.42674028843857e-05,2.17077533569857e-05,1.09832985190909e-05,8.391204504507e-06,1.30854374802541e-05,9.14858309069084e-06,6.38458041886871e-06,7.55930806229135e-06,3.67254791778203e-06,1.78316000299637e-06,0.000186708429500518,0.000142647511821396,0.000222451176636516,0.000155527514109373,0.000108540200260443,0.000128512355208935,6.24358065225643e-05,3.03150458804368e-05,0.000186578480235122,0.000142597102451819,0.000222429723534805,0.000155554727687802,0.000108579861417957,0.000128582373343002,6.24781796301663e-05,3.03375916395092e-05
"69",2025,69,0.000324498261321266,0.000251477061426591,0.00039712540192989,0.000283063128005654,0.000201800674635194,0.000247310756758171,0.000127277381376288,6.62970908900223e-05,0,0,0,0,0,0,0,0,0,0,0,0,0,0,0,0,3.71178026726407e-05,3.04982335906851e-05,5.24274858242492e-05,4.18927274158402e-05,3.34079724329059e-05,4.78380436129036e-05,3.03319316279118e-05,1.92177824033357e-05,8.21318594078647e-06,6.31459868469065e-06,9.84891000997842e-06,6.89009812584949e-06,4.81050739705598e-06,5.69795828540623e-06,2.76910505184056e-06,1.34471584046663e-06,0.000139619894779397,0.00010734648697547,0.000167430737322608,0.00011713256138786,8.17799386052174e-05,9.68676155407835e-05,4.70761947488924e-05,2.28609193530375e-05,0.000139547377928442,0.000107317742175745,0.000167418268773055,0.000117147741076104,8.1802256200015e-05,9.69071393190778e-05,4.71001499476435e-05,2.28736732931825e-05
"70",2025,70,0.000254854603392667,0.000198825376517278,0.000314302633907716,0.000224457397496965,0.000160325226131115,0.00019703831222063,0.000101839997459167,5.32998655121474e-05,0,0,0,0,0,0,0,0,0,0,0,0,0,0,0,0,3.14999696946154e-05,2.60398978734712e-05,4.4766891129548e-05,3.57888396684133e-05,2.85498663304495e-05,4.08946625456059e-05,2.59357365225324e-05,1.64344728357675e-05,6.38295665020995e-06,4.93729274878917e-06,7.7012703113554e-06,5.39023804071909e-06,3.76457724639773e-06,4.4604781111301e-06,2.16822645712858e-06,1.05304832104948e-06,0.000108507691835776,8.39329364165053e-05,0.000130921136696849,9.16345850623143e-05,6.39986109059906e-05,7.58295444075748e-05,3.68607093930459e-05,1.79022793571951e-05,0.000108463985212065,8.39152494785125e-05,0.000130913335769963,9.16437347255184e-05,6.40121716482767e-05,7.58536271563192e-05,3.68753250864606e-05,1.79100649981354e-05
"71",2025,71,0.000334698324610955,0.000262457967501933,0.000414397053914516,0.000295519480059025,0.000210718579067315,0.000258215290298489,0.000132803190848188,6.9104588193719e-05,0,0,0,0,0,0,0,0,0,0,0,0,0,0,0,0,3.74667420846893e-05,3.11552826047387e-05,5.35616616529534e-05,4.28363864659342e-05,3.41809591707252e-05,4.89730830705133e-05,3.1065110404786e-05,1.96867122011035e-05,8.49479755966668e-06,6.60966662439512e-06,1.03100387868719e-05,7.21900044323951e-06,5.04316051481147e-06,5.97697508316131e-06,2.90596758753115e-06,1.41149445285697e-06,0.000144407014221215,0.00011236245665645,0.000175269819696746,0.000122723959342688,8.57351499600279e-05,0.000101611106660537,4.94029863460301e-05,2.39962250093856e-05,0.000144329770745384,0.000112330561616349,0.000175255533777945,0.000122740133807163,8.575930942175e-05,0.000101654125484277,4.94291265098406e-05,2.4010156530373e-05
"72",2025,72,0.000598948599297324,0.000304103042785675,0.000479809100230137,0.000341898009589341,0.000243525516376911,0.000297835694983386,0.000152652140554084,7.91029459020949e-05,0,0,0,0,0,0,0,0,0,0,0,0,0,0,0,0,6.21205107874539e-05,3.34491525710611e-05,5.75137625850413e-05,4.60203134069163e-05,3.67343619583494e-05,5.26491519113855e-05,3.34054207444483e-05,2.11725768347948e-05,1.53467091621871e-05,7.73346237735049e-06,1.20648013662573e-05,8.4519577000204e-06,5.90657420807042e-06,7.00263129499587e-06,3.4055077110603e-06,1.65435043490106e-06,0.000260877907975739,0.000131467951880412,0.000205103061916876,0.000143686396538459,0.000100414975322041,0.000119049702499257,5.78964700093777e-05,2.81254361901683e-05,0.000260603471371944,0.000131452475956851,0.000205127474361963,0.000143739341943945,0.00010046960488845,0.000119134209277748,5.79447420891974e-05,2.81505824422308e-05
"73",2025,73,0.000545089226752492,0.000279883052229887,0.00044048512504065,0.000313818812166145,0.000223429305382075,0.000273001472759708,0.000139664578072787,7.22035802626899e-05,0,0,0,0,0,0,0,0,0,0,0,0,0,0,0,0,5.39632495210253e-05,2.93964143203024e-05,5.04441067627237e-05,4.03867181236039e-05,3.22505477792073e-05,4.62407361388814e-05,2.93479558224034e-05,1.86037217485256e-05,1.4039504758167e-05,7.1572140428208e-06,1.11434006643728e-05,7.81092906611368e-06,5.46077931333849e-06,6.47659495250463e-06,3.15059681685463e-06,1.530743312964e-06,0.0002386580678678,0.000121671805576368,0.0001894389707694,0.000132788404259871,9.28359580807537e-05,0.000110106319801083,5.35625524910316e-05,2.60238909150048e-05,0.0002384284046055,0.000121657618290395,0.000189458646844154,0.000132832760716556,9.28820202087756e-05,0.000110177821867239,5.36034729424973e-05,2.60452242861954e-05
"74",2025,74,0.000429985932300938,0.000223142238849187,0.000350201117226001,0.000249318526180153,0.000177331961892411,0.000216285581261204,0.00011029114692968,5.67927189764857e-05,0,0,0,0,0,0,0,0,0,0,0,0,0,0,0,0,3.92945306273736e-05,2.16485239187169e-05,3.70756871692083e-05,2.96992639128594e-05,2.37249843349785e-05,3.40289873843507e-05,2.1603261733413e-05,1.36962357764639e-05,1.11672509983749e-05,5.75727463752893e-06,8.94605817500432e-06,6.27393891894796e-06,4.38783337339906e-06,5.2058713038569e-06,2.53310257523598e-06,1.23089141075758e-06,0.000189834718942583,9.78730959218463e-05,0.000152083694854204,0.000106658614684277,7.45948942614792e-05,8.85025013638908e-05,4.30642854026473e-05,2.09259582518677e-05,0.000189689431732607,9.78633443710944e-05,0.000152095677027584,0.000106686708664069,7.46242499225547e-05,8.85482212091053e-05,4.30904972183842e-05,2.09396335373965e-05
"75",2025,75,0.000558160119719103,0.000292863162749737,0.000458813852222966,0.000326888951798155,0.00023265765111688,0.00028400362672399,0.000144982460532077,7.47414472015161e-05,0,0,0,0,0,0,0,0,0,0,0,0,0,0,0,0,5.20669782074949e-05,2.89951851674815e-05,4.95587265039038e-05,3.97152562312758e-05,3.1735623937985e-05,4.55317673517004e-05,2.89119900868984e-05,1.83319040339662e-05,1.44675884431847e-05,7.53964886512561e-06,1.16923858671236e-05,8.20345551151242e-06,5.73904501408439e-06,6.81100640970646e-06,3.31487766566598e-06,1.61095909627444e-06,0.000245934660491776,0.00012817299351912,0.000198771699706393,0.000139461521086814,9.75666839649572e-05,0.000115791668295793,5.63555383569761e-05,2.73876714136905e-05,0.000245690892576647,0.000128155335198009,0.000198791040145545,0.000139508718968553,9.7616298199853e-05,0.00011586918466679,5.64000544225369e-05,2.7410912657585e-05
"76",2025,76,0.00048300985667341,0.000256758144392925,0.000402809805589038,0.000288512254294618,0.000206503571596872,0.000254288928322805,0.00013161797421432,6.89310039396699e-05,0,0,0,0,0,0,0,0,0,0,0,0,0,0,0,0,5.96246953313793e-05,3.35728844367726e-05,5.72797991772256e-05,4.59274410063726e-05,3.67139160287593e-05,5.269392519744e-05,3.34692751541046e-05,2.12245441664488e-05,1.2102164714915e-05,6.37714647491674e-06,9.87187211659313e-06,6.92993905647013e-06,4.85001621793091e-06,5.75810642237272e-06,2.80324125455927e-06,1.36251541438935e-06,0.000205726766412209,0.000108410708424605,0.000167822589421332,0.000117810909056947,8.24523330922232e-05,9.7891034111224e-05,4.76569565659174e-05,2.31637313420457e-05,0.000205556230214907,0.00010839740505663,0.000167835544873888,0.000117843965174828,8.24873062579584e-05,9.79458625917679e-05,4.7688501239739e-05,2.31802130167861e-05
"77",2025,77,0.000528040744591927,0.000283466316489245,0.000443319706386392,0.00031704242983152,0.00022650491092696,0.000278041565502437,0.000143144937755858,7.44981710531929e-05,0,0,0,0,0,0,0,0,0,0,0,0,0,0,0,0,5.84769250927194e-05,3.32792642198563e-05,5.66768213063561e-05,4.5464949605192e-05,3.63565417148625e-05,5.21981447991842e-05,3.31626148478144e-05,2.10327821543385e-05,1.34228057573433e-05,7.14876082380707e-06,1.10464527604283e-05,7.75805691716737e-06,5.43142698499939e-06,6.45049309012048e-06,3.14109796354392e-06,1.52692681108174e-06,0.00022817535929068,0.000121527904763065,0.000187790595355296,0.000131889362468867,9.23368075904775e-05,0.000109662390744407,5.34009751874351e-05,2.59589634441287e-05,0.000227965654451183,0.000121510386682517,0.000187805836964311,0.000131930060840293,9.23801346366203e-05,0.000109730536868725,5.34402497570644e-05,2.59794986436439e-05
"78",2025,78,0.000670709693326282,0.000363697668100622,0.000567212804067189,0.000405172363572086,0.000289038547052327,0.000353875112915092,0.000181353714657579,9.38657900323312e-05,0,0,0,0,0,0,0,0,0,0,0,0,0,0,0,0,6.70455029002371e-05,3.85650389971223e-05,6.55686618138026e-05,5.26244172032626e-05,4.20974438466496e-05,6.04624017021842e-05,3.84235813605877e-05,2.43728879817666e-05,1.72586142169873e-05,9.29049133840344e-06,1.43319237716995e-05,1.00706484621436e-05,7.05315625403488e-06,8.37958439845661e-06,4.08161878442335e-06,1.98441300007686e-06,0.00029337605137926,0.000157936535748762,0.000243644118757858,0.000171204986039606,0.000119907900605449,0.000142459631777317,6.93913855860782e-05,3.37370439515045e-05,0.000293029524829798,0.000157905602016334,0.000243668099723829,0.000171272311867074,0.000119980046346193,0.000142573495037134,6.94571289264895e-05,3.37714450989833e-05
"79",2025,79,0.000943929589291413,0.000517202178091553,0.000804706560876342,0.00057438901584959,0.000409304526626281,0.000500069954013153,0.000255285030067402,0.000131499867467565,0,0,0,0,0,0,0,0,0,0,0,0,0,0,0,0,8.56602926691098e-05,4.9806092099804e-05,8.45571585059135e-05,6.79082486418149e-05,5.43499152443686e-05,7.80960955979404e-05,4.96470772855958e-05,3.14978331558425e-05,2.45443506622084e-05,1.33563047261322e-05,2.05742334582615e-05,1.44665294218799e-05,1.01368658459983e-05,1.20489587954729e-05,5.87106708281715e-06,2.85494740959864e-06,0.000417212735486737,0.00022705326188167,0.000349764675548308,0.000245939017469865,0.00017233536820011,0.000204845997349428,9.98160643323059e-05,4.85382555718468e-05,0.000416512210473358,0.000226986519383948,0.000349810493363859,0.00024607522031603,0.000172482377335804,0.000205078902270312,9.99508213666829e-05,4.86088313302773e-05
"80",2025,80,0.00149715621584008,0.000532609481111045,0.000827221299917872,0.000590421595814852,0.000420553890856413,0.000513244362695082,0.000261381893945455,0.000134214514286311,0,0,0,0,0,0,0,0,0,0,0,0,0,0,0,0,0.000126708223702595,4.78020457166866e-05,8.10651418306888e-05,6.51638246186945e-05,5.21888209092572e-05,7.50398918638566e-05,4.77278826333689e-05,3.02878910031195e-05,3.92111093192796e-05,1.38486559656929e-05,2.13090356353464e-05,1.49969676681002e-05,1.051565575421e-05,1.25073510069983e-05,6.09743907362977e-06,2.96577221070967e-06,0.000666486660080348,0.000235432671137186,0.000362271521400035,0.000254967613742542,0.000178782840890294,0.000212648499823218,0.000103669283252447,5.04246824513664e-05,0.000664750222737854,0.00023552610829148,0.000362575601051802,0.000255293189785515,0.000179066573302651,0.000213048620001009,0.000103887288986009,5.05361686211153e-05
"81",2025,81,0.00172546625701605,0.00058957258317313,0.000911383209477617,0.000650409875027362,0.000463054786013416,0.00056440095071668,0.000286660681846757,0.000146671870103876,0,0,0,0,0,0,0,0,0,0,0,0,0,0,0,0,0.000134343116896601,4.8686067257066e-05,8.22327241621414e-05,6.61644481036079e-05,5.30272333101557e-05,7.62968427279094e-05,4.85521512895226e-05,3.08189837559299e-05,4.55348232193794e-05,1.5449311593851e-05,2.36765605679139e-05,1.66788533585876e-05,1.17031494594546e-05,1.3929162126848e-05,6.79406118542717e-06,3.30546837059423e-06,0.000773955308263177,0.000262646781594246,0.000402526349448996,0.000283566078165919,0.000198975508777987,0.000236826458100569,0.000115515685807508,5.62014578365488e-05,0.000771633008636896,0.000262790422727967,0.000402947575298566,0.000284000495399248,0.000199348894465818,0.000237348487761353,0.000115798783564299,5.63459601408027e-05
"82",2025,82,0.00198561921319401,0.00065646332496801,0.00100995510797187,0.00072088438807365,0.000513133129859553,0.000624928460821283,0.000316754578187472,0.000161609623078758,0,0,0,0,0,0,0,0,0,0,0,0,0,0,0,0,0.000143790848281373,5.04202569815912e-05,8.48028149399383e-05,6.83024563542656e-05,5.47829225679336e-05,7.88816452743242e-05,5.02253203416839e-05,3.18901772487453e-05,5.27223454435754e-05,1.73088030837205e-05,2.64145527828223e-05,1.86267750315937e-05,1.30800535783406e-05,1.55795804771796e-05,7.60336557465354e-06,3.70027786139285e-06,0.00089609799213692,0.000294262065460272,0.000449081291232017,0.000316689134784706,0.000222389775536467,0.000264892939282417,0.000129278861225841,6.2915755507093e-05,0.000893008027332138,0.000294472199442426,0.000449656449017091,0.000317266021903084,0.000222880378176812,0.000265574295787362,0.000129647031045293,6.31034124615272e-05
"83",2025,83,0.00252897910612812,0.00084558013986458,0.00129473791278975,0.000924577423532022,0.00065816663133721,0.00080116092160579,0.00040541694825456,0.00020634231210288,0,0,0,0,0,0,0,0,0,0,0,0,0,0,0,0,0.000171243822272209,6.07042016979266e-05,0.000101656528404871,8.1969571571427e-05,6.58010146497197e-05,9.48248071971114e-05,6.041440489424e-05,3.83718362761078e-05,6.75260714975333e-05,2.24143130816576e-05,3.40580220235438e-05,2.40442292025856e-05,1.68989013851811e-05,2.01450670010545e-05,9.83774779539702e-06,4.7892254030842e-06,0.00114764418929683,0.000381063157944506,0.000579041786067427,0.000408807724257314,0.000287328917229731,0.000342532373853572,0.000167277554006331,8.14351129749193e-05,0.00114256502306155,0.00038139846714049,0.000579981576293909,0.000409755898500695,0.000288137798072578,0.000343658673554052,0.000167887241558592,8.1746137448769e-05
"84",2025,84,0.00283788279351715,0.000974063695710496,0.00148513369679821,0.00106136343986527,0.000755777204711597,0.000919761851026308,0.000464784074163761,0.000236020785387141,0,0,0,0,0,0,0,0,0,0,0,0,0,0,0,0,0.000179288799024755,6.52411661942076e-05,0.000108835251406902,8.78856482718289e-05,7.0627396657626e-05,0.000101887821383374,6.49665629553263e-05,4.12799036120073e-05,7.61673878874443e-05,2.59536861932784e-05,3.92850799176051e-05,2.7774890553402e-05,1.954237036437e-05,2.33211247765537e-05,1.13979767348188e-05,5.55105476321063e-06,0.00129446291000565,0.000441236156299179,0.00066791603945751,0.000472244611962581,0.000332281726519567,0.000396545132720267,0.000193812328644407,9.43918046324473e-05,0.0012879636965993,0.000441632687023831,0.000669097326016193,0.000473458289077453,0.000333325711170034,0.000398007772146113,0.000194607205829208,9.4798022379476e-05
"85",2025,85,0.00345602860383121,0.00106911484970201,0.00162416581754465,0.00116208689207178,0.000828072767411695,0.00100802285030182,0.000509040356242754,0.000258108995570572,0,0,0,0,0,0,0,0,0,0,0,0,0,0,0,0,0.00020716410846821,6.78894275517178e-05,0.000112877360610378,9.13014735740033e-05,7.34646416692898e-05,0.000106109819903402,6.77212065474065e-05,4.3050333821087e-05,9.31275542305064e-05,2.85824377077645e-05,4.31208019881287e-05,3.05376267947137e-05,2.15132768795371e-05,2.57044469368214e-05,1.25744598605983e-05,6.12690304567264e-06,0.00158261002680515,0.000485945892752972,0.000733162338633062,0.000519243363679921,0.000365812225551542,0.000437094366599748,0.000213829614624306,0.00010418979789693,0.00157312691432735,0.000486697091689556,0.000735005316313085,0.000521004428023142,0.000367282623311326,0.000439114216861847,0.000214915075210443,0.000104741960806882
"86",2025,86,0.00879728812417542,0.000299821851567809,0.000453858914302553,0.000325612647255884,0.000232607827596779,0.000284113496274096,0.000144146408353374,7.34624847771518e-05,0,0,0,0,0,0,0,0,0,0,0,0,0,0,0,0,0.000601486544438418,2.15057784287742e-05,3.56145344888107e-05,2.8859233850186e-05,2.32531552410074e-05,3.36308548586579e-05,2.14856036721183e-05,1.36653957298355e-05,0.000234631257594325,7.87478285115955e-06,1.18322241294964e-05,8.39411724483809e-06,5.92135557494322e-06,7.08397370742506e-06,3.46876935561651e-06,1.69096678777494e-06,0.00398788071606461,0.000134012251699473,0.000201362770749841,0.000142854503679955,0.000100773055906576,0.000120560331300701,5.90345289685566e-05,2.87784448051249e-05,0.00397328960607806,0.000136429038588402,0.000205049384934406,0.000145504792480904,0.000102660260874252,0.000122838336407312,6.01575063570823e-05,2.93276774544164e-05
"87",2025,87,0.00745327995671696,0.000302990133241608,0.000425907332009957,0.000305553589271,0.000218289393135719,0.000266581027455814,0.000135167411657348,6.88216811191978e-05,0,0,0,0,0,0,0,0,0,0,0,0,0,0,0,0,0.000494620625914955,2.11421695761376e-05,3.25178177548481e-05,2.63575059011206e-05,2.12456980600838e-05,3.07392675243458e-05,1.96438851601449e-05,1.2495864428128e-05,0.000199191058892719,7.98774487404226e-06,1.11469307394727e-05,7.91021489433192e-06,5.58217074304619e-06,6.68073765588073e-06,3.2722478758227e-06,1.59539976147955e-06,0.00338556679719512,0.000135910754719971,0.000189667620081255,0.00013459593145573,9.49840958260354e-05,0.00011367793001545,5.56802194047812e-05,2.71472437271843e-05,0.00337390147471417,0.000137949464071457,0.000192574963434381,0.000136689937019817,9.64774285065541e-05,0.000115483092260138,5.65710592165995e-05,2.7583173202406e-05
"88",2025,88,0.00694688467223534,0.000328069892642638,0.000435934636300217,0.000312394063452254,0.0002230541528215,0.000272169253594468,0.000137849401508807,7.00858996709629e-05,0,0,0,0,0,0,0,0,0,0,0,0,0,0,0,0,0.000442254949087721,2.19826726109495e-05,3.19686939935161e-05,2.58940400797265e-05,2.08705415518967e-05,3.01941007805476e-05,1.92991201052223e-05,1.2277908863588e-05,0.000186202804451793,8.68060346548626e-06,1.14539960495778e-05,8.12235285616756e-06,5.73143985693456e-06,6.85884095016937e-06,3.36011289562826e-06,1.63841933575812e-06,0.00316479528270006,0.000147688869866757,0.000194878901926343,0.000138196031841989,9.75173066309615e-05,0.000116700511400547,5.71714202078673e-05,2.78773630712298e-05,0.00315363163599577,0.000149717746699445,0.00019763304433078,0.000140181638674371,9.89348647817072e-05,0.000118415800463204,5.8018748300089e-05,2.8292208400387e-05
"89",2025,89,0.00739051681138988,0.000397764438176382,0.000507584526440179,0.000363166379829092,0.000259109997653695,0.000315795383742878,0.000159790419466727,8.11413968584353e-05,0,0,0,0,0,0,0,0,0,0,0,0,0,0,0,0,0.000454621845789948,2.57394018573174e-05,3.59534474827282e-05,2.9085341801394e-05,2.34338134710131e-05,3.38840838729859e-05,2.16596477772037e-05,1.37805623246503e-05,0.000198608903869201,1.05470891559444e-05,1.33672795237257e-05,9.46733989586655e-06,6.67799153479737e-06,7.9872729068464e-06,3.91329932153805e-06,1.90828691151027e-06,0.00337554481685017,0.000179451091152825,0.000227441339185734,0.0001610872902055,0.000113627673300854,0.000135906903362318,6.65870312897642e-05,3.247072768314e-05,0.00336174124488057,0.000182026856010295,0.000230822460247991,0.000163526407926332,0.00011537051934703,0.000138017123600728,6.7630441078221e-05,3.29818199391347e-05
"90",2025,90,0.00912837280372809,0.000553734685403291,0.000687876759989306,0.000491235894834394,0.000350156699817519,0.000426124596597622,0.000215399673108414,0.000109242361762727,0,0,0,0,0,0,0,0,0,0,0,0,0,0,0,0,0.000542965592160506,3.4558245038759e-05,4.69960221478878e-05,3.79581670868626e-05,3.05648275727988e-05,4.41560779423853e-05,2.82271811315974e-05,1.79598833223313e-05,0.000246030281478214,1.46947336250644e-05,1.81321833874312e-05,1.28218117345957e-05,9.03895656376609e-06,1.08016536152325e-05,5.29248256986084e-06,2.58096784978445e-06,0.00418117418731899,0.000250064650916656,0.000308574018750798,0.000218206700200827,0.00015383093769459,0.000183832402178551,9.00733072610658e-05,4.39259996856639e-05,0.00415820274277038,0.000254417055822811,0.00031417453570319,0.000222249215812109,0.000156721977986364,0.000187334462861453,9.18067021458898e-05,4.47755109049478e-05
"91",2025,91,0.0118000681820663,0.000517722547268189,0.000633308389851028,0.000451458008506639,0.000321558539692131,0.000390830937334776,0.00019750696372169,0.000100132156375701,0,0,0,0,0,0,0,0,0,0,0,0,0,0,0,0,0.000696181128656673,3.19242902321573e-05,4.27544780315566e-05,3.44750838578196e-05,2.7742994056951e-05,4.00379875831098e-05,2.55970487162654e-05,1.62876002528632e-05,0.000318165216127928,1.37018721919726e-05,1.66501228296473e-05,1.17542508603032e-05,8.28121308764571e-06,9.88587061539159e-06,4.8442152835655e-06,2.36252795866069e-06,0.00540714756498688,0.000233256600384361,0.00028345834315096,0.000200113066350615,0.000140987497606633,0.000168309047148598,8.24746382952968e-05,4.02231543136104e-05,0.00537857427229478,0.000238839784459698,0.000290445445838863,0.000205115607437902,0.000144546834940901,0.000172598031987677,8.45910614265619e-05,4.12588738505669e-05
"92",2025,92,0.0127873605868634,0.000539216928411024,0.000638599837055923,0.000454228691667848,0.000323181141980518,0.000392109027993167,0.000197991510689443,0.000100280100977424,0,0,0,0,0,0,0,0,0,0,0,0,0,0,0,0,0.000733898235224474,3.23039155357551e-05,4.18912928828778e-05,3.37137457684667e-05,2.7109044945351e-05,3.90731300253643e-05,2.49804789342372e-05,1.58957865553156e-05,0.000345393552944642,1.42803353402761e-05,1.6802990859396e-05,1.18392290855543e-05,8.33453563902795e-06,9.93681418555465e-06,4.8692298808189e-06,2.37480337235603e-06,0.00586985343619329,0.000243135321465354,0.000286098480029621,0.000201586379171359,0.000141914042863876,0.000169198721457019,8.2911477512169e-05,4.04374935369548e-05,0.005838215362501,0.000249497356069639,0.000293807073284028,0.000207089337642467,0.000145823518532263,0.000173900362325229,8.52303243622185e-05,4.15720175127978e-05
"93",2025,93,0,0.000576052595801998,0.000662222456634151,0.000469880143607447,0.00033392519585743,0.000404370097858218,0.000204087508082963,0.000103317774364255,0,0,0,0,0,0,0,0,0,0,0,0,0,0,0,0,0,3.40395497381327e-05,4.28492082540972e-05,3.44044277677186e-05,2.76357398880381e-05,3.97650824471271e-05,2.54207829191812e-05,1.61757802347773e-05,0,1.55019257491949e-05,1.77063108601573e-05,1.244668391475e-05,8.75309159742591e-06,1.04182398049324e-05,5.1047227320707e-06,2.4896295584387e-06,0,0.000263503537178787,0.000300988981440361,0.000211585297965261,0.000148798939049492,0.000177108321006056,8.67803622555209e-05,4.23239637878405e-05,0,0.000263007583135884,0.000300677956079535,0.000211443733959717,0.000148737425322475,0.000177078454600103,8.67816401761899e-05,4.23284007831988e-05
"94",2025,94,0,0.000585974236693486,0.000712755608207314,0.000504403222012357,0.000357930838041709,0.000432387095629878,0.000218063406114271,0.000110307665404374,0,0,0,0,0,0,0,0,0,0,0,0,0,0,0,0,0,3.38894851846683e-05,4.51453194016339e-05,3.61588242249832e-05,2.90080771503447e-05,4.16525731567296e-05,2.6622943757974e-05,1.69398688566045e-05,0,1.57903573499181e-05,1.90861925095387e-05,1.3383689133216e-05,9.40009411028732e-06,1.11649793908656e-05,5.46970044142705e-06,2.66749831915021e-06,0,0.000268405641218685,0.000324443871756141,0.000227512991414057,0.000159797361556735,0.000189802558377922,9.29849579914926e-05,4.53477535878299e-05,0,0.000267888752940214,0.00032408022454,0.000227347717240101,0.000159725305224342,0.00018976698470436,9.29858039233772e-05,4.53525446407892e-05
"95",2025,95,0,0.000762408936786447,0.000971792682301841,0.000686588722823831,0.000486784843749966,0.000587117902699821,0.000295981590748829,0.000149650508353017,0,0,0,0,0,0,0,0,0,0,0,0,0,0,0,0,0,4.34934831725026e-05,6.05937891481642e-05,4.84550159555092e-05,3.88422740130186e-05,5.5696605381565e-05,3.55993640551472e-05,2.26521103290744e-05,0,2.06086928886881e-05,2.60540928331979e-05,1.82409357400481e-05,1.28017425387267e-05,1.51845158860906e-05,7.43892727109403e-06,3.62799148430728e-06,0,0.000349826722563149,0.000442901798744163,0.000310093317348644,0.00021763262185044,0.000258145786581174,0.000126468169290855,6.16794557036353e-05,0,0.000348480038162107,0.000442243001576317,0.00030979945377963,0.000217508205347781,0.000258090994850991,0.000126475130131732,6.16909508359996e-05
"96",2025,96,0.0162161601498884,0.00113094707556974,0.00149693076304197,0.00105482960782615,0.000746001880409235,0.000895770928276946,0.000448754312748568,0.000225093471220773,0,0,0,0,0,0,0,0,0,0,0,0,0,0,0,0,0.000937002289032566,4.89344991043255e-05,7.08292756193682e-05,5.66020674529704e-05,4.53630385268594e-05,6.50048432198913e-05,4.15598163277505e-05,2.64490069955131e-05,0.000474955642552992,2.36274770937583e-05,3.10343741835409e-05,2.17133432312354e-05,1.52354569272769e-05,1.80596834258094e-05,8.84986902006699e-06,4.31682078539301e-06,0.00767580973242606,0.000477641295984729,0.000628424842795907,0.000439697013953228,0.000308527406711699,0.000365728949611582,0.000179223175854111,8.74229254039129e-05,0.00712839248587678,0.000580743803386923,0.000766642270443154,0.000536817183188713,0.000376875978243399,0.000446977452019663,0.000219121451546639,0.000106904718035954
"97",2025,97,0.0136725620854715,0.00213379904616994,0.00282336042372675,0.00199062367484521,0.00140860008209299,0.00169157522018564,0.000847636652467877,0.000425030772739142,0,0,0,0,0,0,0,0,0,0,0,0,0,0,0,0,0.000810351572537444,8.9995342836633e-05,0.000129675467470209,0.000103661802288778,8.31182541151978e-05,0.000119130123115136,7.62147440852938e-05,4.85210954975215e-05,0.000433981597435138,4.59853916839866e-05,6.01419318866456e-05,4.20943081740016e-05,2.95512909344831e-05,3.50373760913693e-05,1.71816544030945e-05,8.38415098421958e-06,0.00665588169523243,0.000918061996900428,0.00120532544205269,0.000843688675808005,0.000592321468025171,0.000702318016077819,0.000344415716159538,0.000168067916823866,0.00577234722026647,0.00107975631474889,0.0014282175823172,0.00100117888857442,0.000703609069018142,0.000835089704901321,0.00040982453781995,0.000200057609433535
"98",2025,98,0.00922664014098631,0.00339436085787721,0.00465082566267812,0.00328733005037401,0.00233074331715867,0.00280352543377728,0.00140707192888003,0.000706023109918064,0,0,0,0,0,0,0,0,0,0,0,0,0,0,0,0,0.000571840382168805,0.000143342315207836,0.000211838797967165,0.000169677105719759,0.000136270014065708,0.000195570493020588,0.000125304586866068,7.98350907980917e-05,0.00032945119134241,7.88582050001326e-05,0.000105821056766983,7.42170358813317e-05,5.21889958373901e-05,6.19638381118797e-05,3.04328154947273e-05,1.48623391604508e-05,0.00464648638744949,0.00150887273381815,0.00204358739984843,0.00143344377424246,0.00100807996259416,0.0011969934596743,0.000587927022996039,0.000287132378497157,0.0036788621800256,0.00166328760385109,0.00228957840809554,0.00160999213453046,0.00113420434466141,0.00134899764297051,0.000663407503523194,0.000324193301462365
"99",2025,99,0.0179325062192482,0.00173419145104461,0.00244318705267544,0.00173352680309746,0.00123265739412044,0.00148687998106487,0.000748094944780222,0.000375881405761089,0,0,0,0,0,0,0,0,0,0,0,0,0,0,0,0,0.00107470621919887,7.26576523076295e-05,0.000111757158795911,8.99202798980104e-05,7.24603184446466e-05,0.000104330476615291,6.70270576247416e-05,4.27640248243526e-05,0.000549013498437743,3.54764827644051e-05,4.95216572173172e-05,3.48863372183114e-05,2.46131991525939e-05,2.93159053556204e-05,1.44362162861409e-05,7.0596196845226e-06,0.0086283915508158,0.000729574013273601,0.00102098461301515,0.000719292252945315,0.000507500290923418,0.000604490019994146,0.000297681842796029,0.000145574990219677,0.00768039495079583,0.000896483302698973,0.00126092362364706,0.000889427933035821,0.000628083585599783,0.00074874357909981,0.000368949828073311,0.000180482771032536
"100",2025,100,0.0122100724026839,0.00283507267088172,0.00402144750522024,0.00286056762751811,0.00203816213192782,0.00246353709914767,0.00124167468451703,0.000624492620205756,0,0,0,0,0,0,0,0,0,0,0,0,0,0,0,0,0.000749881841503843,0.000120184024960106,0.000184982744160368,0.000149133219984502,0.000120370296255042,0.00017359558972549,0.000111683723524935,7.13081387978786e-05,0.0004120358649672,6.30751719662527e-05,8.81297248420188e-05,6.22111958315097e-05,4.3964664404627e-05,5.24530759071495e-05,2.58675359467053e-05,1.26595422256819e-05,0.00605618987711652,0.00123790616318381,0.00173977938753613,0.00122824894098742,0.00086806853375229,0.00103574438511143,0.00051081092765489,0.000249996978206976,0.00499196481909635,0.00141390731077155,0.00200855564868172,0.00142097427071468,0.00100575863751586,0.00120174404840359,0.000593312497390497,0.000290527960975219
"101",2025,101,0.007373272931138,0.00452130908499771,0.00667520566328743,0.00477373232971065,0.00341463210967648,0.00414303911174244,0.00209393946222786,0.00105445465528376,0,0,0,0,0,0,0,0,0,0,0,0,0,0,0,0,0.000494267099494223,0.00019382941477229,0.000304875146552173,0.0002469136766025,0.000199964081345102,0.000289340423968174,0.000186610983432672,0.000119298314356255,0.000292940226774151,0.00010995244174098,0.000157106169019258,0.000111418977285369,7.90112506193045e-05,9.45872403442289e-05,4.67659507182676e-05,2.29173494281836e-05,0.0038103385586084,0.0020478553138666,0.00297425612854762,0.00210972469807042,0.00149628127826213,0.00179148448371263,0.000885834431741607,0.000434118407996198,0.00277572704626123,0.00216967191461784,0.00323896821916838,0.00230567497775236,0.00163937549944995,0.00196762696371741,0.000974728096335316,0.000478120583503122
"102",2025,102,0.00182274367503083,0.00429903731850664,0.00698114930399616,0.0050324166766085,0.00362069594163252,0.00441895645211659,0.00224394546791627,0.0011330982999517,0,0,0,0,0,0,0,0,0,0,0,0,0,0,0,0,0.000189698567424215,0.000193912218081346,0.000326274588391131,0.000266296239997899,0.00021686877653979,0.000315536084154099,0.000204356255227987,0.000130920170064587,0.000119704569154367,0.000116553453314818,0.000178328848446119,0.000127453153190526,9.0888803513418e-05,0.000109409740181213,5.43214913761491e-05,2.6676772554323e-05,0.00151334053845225,0.00200805465138733,0.00318104218617406,0.00227399573178168,0.00162186530808163,0.00195265110218843,0.000969592257879562,0.000476184363480912,0,0.00198051699572314,0.00329550368098485,0.0023646715516384,0.00169107305349768,0.00204135952559284,0.00101567546343257,0.000499316993851873
"103",2025,103,0.0238035235959283,0.00256944461314321,0.000995584477575284,0.000722422876861293,0.000522286699296767,0.000640689631754648,0.000326810164444062,0.000165544701049388,0,0,0,0,0,0,0,0,0,0,0,0,0,0,0,0,0.00146322111306179,0.000115696236829471,4.87950552560512e-05,4.01515424327736e-05,3.2890088346367e-05,4.81328537512648e-05,3.13116685948326e-05,2.01053175420555e-05,0.00068143913226625,5.14515132391237e-05,1.97026639994618e-05,1.41940436394921e-05,1.01793749322942e-05,1.23225853358938e-05,6.14411745530963e-06,3.02379439612815e-06,0.0111522280944452,0.00106309078454358,0.000408200635917041,0.000294079529951126,0.000210905046759251,0.000255314129760973,0.000127302814478336,6.26517936316886e-05,0.0105066352561551,0.00133920607853104,0.00051888612240273,0.000373997760837902,0.000268312189258855,0.000324920062906517,0.000162051563915584,7.97637954795157e-05
"104",2025,104,0.0202354402254202,0.00280303518634033,0.0015208581246851,0.00107744175463866,0.000768466028916594,0.000923849726147287,0.0004695943020372,0.000237569940202714,0,0,0,0,0,0,0,0,0,0,0,0,0,0,0,0,0.00124760374507119,0.000128639997963796,7.58939993588321e-05,6.09524098407182e-05,4.92441393917933e-05,7.06024780574433e-05,4.57463875376045e-05,2.93215379230474e-05,0.000593080650257771,5.83236332882648e-05,3.1243864485386e-05,2.19691799511449e-05,1.55395149410491e-05,1.8429600169251e-05,9.15277856918982e-06,4.49650957347511e-06,0.00956277925522031,0.00117941092224288,0.00063389007212058,0.000445737869947457,0.000315293181479475,0.000373941977908872,0.000185716068204499,9.12380838799675e-05,0.00883197657487089,0.00143666063284539,0.0007798301887203,0.00054878229489934,0.000388389193104277,0.00046087567001172,0.000228979067725907,0.000112513808826224
"105",2025,105,0.0180577102529745,0.00485124127343827,0.00348387206358721,0.00243145442606497,0.00171830223939455,0.00203532289584316,0.00103108243859539,0.000520459471928801,0,0,0,0,0,0,0,0,0,0,0,0,0,0,0,0,0.00116870627526101,0.000214791735793253,0.000166385141803667,0.00013159564180581,0.000105333442249396,0.000148816384297716,9.6166231362919e-05,6.15664611152389e-05,0.000583991929786577,0.000102687511983599,7.22637387191103e-05,5.0043498475127e-05,3.50717932981579e-05,4.09906890348839e-05,2.0304012470266e-05,9.96350475050303e-06,0.00883127615621919,0.00207540053045886,0.00147069489490659,0.00101856549584901,0.000713880863159242,0.000834408371594924,0.000413326846401629,0.000202830376220371,0.00747373589170775,0.00245836149520256,0.00177452828815784,0.00123124978993502,0.000864016140687753,0.00101110745091564,0.000501285348360571,0.000246099129842688
"106",2025,106,0.0112765346302309,0.00613898520099178,0.00558387977146243,0.00387557095581672,0.0027297514588207,0.00321095477453105,0.00162734802939852,0.000822079142565975,0,0,0,0,0,0,0,0,0,0,0,0,0,0,0,0,0.000760434525171664,0.000282931413017205,0.000274419018427973,0.00021564315205894,0.000171914065860596,0.000241000158470368,0.000155662121230073,9.96471575049036e-05,0.000404022394174979,0.000143587891860383,0.000126582394981268,8.71037325516886e-05,6.08035189192405e-05,7.05201413852936e-05,3.49166500711349e-05,1.71333432581936e-05,0.00566360190049981,0.00273302551383286,0.00244239303239707,0.0016809248532962,0.00117350956829427,0.00136118131971258,0.00067401084611276,0.000330744108291535,0.00444847581038445,0.00297944038228133,0.00274048532565612,0.00189189921790989,0.0013235243057466,0.00153825315496282,0.00076275841198455,0.000374554533511343
"107",2025,107,0.00604388869688702,0.00527729422298742,0.00575459710254598,0.00399882826151915,0.0028194598427604,0.00331348995201166,0.00168376013730303,0.000852381099113209,0,0,0,0,0,0,0,0,0,0,0,0,0,0,0,0,0.000391916366788696,0.000254865505622519,0.000294645880665709,0.000231731616181564,0.000184861005622798,0.000258765248963838,0.000167422240672379,0.000107280839080184,0.000217625583522484,0.000134499777284565,0.000141336340434432,9.73392695633204e-05,6.79938928076273e-05,7.87437706902125e-05,3.90555334420236e-05,1.91832782990552e-05,0.00302463238126359,0.00240820123674879,0.00257840553863027,0.00177608086412973,0.00124078445602819,0.00143711969963637,0.00071284392836153,0.000350148477944765,0.00240971436531225,0.00247972770333155,0.00274020934281557,0.00189367651164454,0.00132582048830179,0.00153886123272124,0.000764438434827095,0.000375768503789205
"108",2025,108,0.00359710330371826,0.00493462337246576,0.0062301078060585,0.00434715720973417,0.00307391324714073,0.00361964736510548,0.00184470643164059,0.000935571942088206,0,0,0,0,0,0,0,0,0,0,0,0,0,0,0,0,0.000230760556231764,0.000244960822538505,0.000324081185004241,0.000255867471569831,0.000204656069809395,0.000286944867186996,0.000186115721537753,0.000119421249335744,0.000131097355104383,0.000131957041720011,0.000158736234222422,0.000109747923558889,7.68662222395189e-05,8.91672061855686e-05,4.43360958782273e-05,2.18068563691943e-05,0.00179995398790289,0.00228248396372729,0.00282129208558876,0.00195098772720075,0.00136663296838356,0.00158554402180416,0.000788443047522124,0.000387816097600107,0.00143529140447922,0.00227522154447996,0.00292599830124308,0.00203055408740471,0.00142575798670826,0.00165799126992875,0.000825811566702487,0.000406527738783161
"109",2025,109,0.000163000813676745,0.0061474903376691,0.00932578495627424,0.0065541357546138,0.00465730474488843,0.0055097414274456,0.00281832257535332,0.00143207348423794,0,0,0,0,0,0,0,0,0,0,0,0,0,0,0,0,0.000163000813676745,0.000320584767521707,0.000484883845537271,0.000385197152975789,0.000309402863421311,0.000435532744417332,0.000283405970232128,0.000182162150280421,0,0.00017488070020378,0.000240953560857855,0.000167646270559115,0.000117925798708419,0.000137358303957391,6.85261867910251e-05,3.37655157110553e-05,0,0.0029020805256495,0.00424462360785483,0.00295412809251653,0.00207841568029621,0.00242139308470871,0.00120816993635391,0.000595354378114387,0,0.00274994434429411,0.00435532394202428,0.00304716423856237,0.0021515604024625,0.00251545729436216,0.00125822048197626,0.000620791440132079
"110",2025,110,0,0.00580043358611862,0.0094335156742843,0.00670780122924052,0.00480548958248729,0.00573326285495133,0.00295197016076407,0.00150623079517333,0,0,0,0,0,0,0,0,0,0,0,0,0,0,0,0,0,0.000290576020207358,0.000512946567447394,0.000412152122766433,0.000333628672108971,0.000473299336703115,0.000309668239045146,0.000199607716418481,0,0.000159117097733043,0.000254997369355163,0.000179448553109968,0.00012721117520941,0.000149333594174208,7.49104405122211e-05,3.70167772634629e-05,0,0.00269376007359908,0.00434138825000467,0.00305609902152768,0.00216693472758146,0.00254431571571196,0.00127650347985007,0.000630829164639367,0,0.00265698039457914,0.00432418348747707,0.00306010153183644,0.00217771500758745,0.00256631420836204,0.00129088800135663,0.00063877713685202
"111",2025,111,0.0180762166422223,0.00343806765215757,0.00573126225576105,0.00411527640630476,0.00296794164711658,0.00356459032525746,0.00184332741395054,0.000942231012364837,0,0,0,0,0,0,0,0,0,0,0,0,0,0,0,0,0.00129693468622264,0.000166402177690124,0.000301365570152593,0.000244897891832083,0.000199795715319039,0.000285702327766528,0.000187989240987519,0.000121534652665577,0.000606145461438637,7.45621403020645e-05,0.000122568122192967,8.721872597865e-05,6.23061847096814e-05,7.3713698173225e-05,3.7182014234398e-05,1.84262556132056e-05,0.00891258455718501,0.00147916291174819,0.00244356616842486,0.00173908065796807,0.00124246962580438,0.00147010372552755,0.00074159233760371,0.000367524260666315,0.00726055193737603,0.00171794042241719,0.00286376239499063,0.00204407913052595,0.00146337012128348,0.00173507057379016,0.000876563821124915,0.00043474584341974
"112",2025,112,0.031482327952889,0.00101908571141658,0.00127055533144419,0.000917785670048307,0.000664854096696544,0.000802547320102445,0.000416991786625799,0.000213992959692349,0,0,0,0,0,0,0,0,0,0,0,0,0,0,0,0,0.00221394458316915,5.30437172077069e-05,7.23528806703768e-05,5.91958764228283e-05,4.85232234368808e-05,6.97278300547319e-05,4.6040873969227e-05,2.9820618046256e-05,0.000874798516817906,2.00821993836937e-05,2.48571441896837e-05,1.78053195783433e-05,1.27781014098242e-05,1.5189222021073e-05,7.68727241884993e-06,3.81625920742684e-06,0.0145029347953731,0.000413533012944325,0.000512286272947267,0.000366964428482439,0.00026335984736033,0.000313060286158767,0.000158442399194974,7.86575529944569e-05,0.0138906500575289,0.000532426781880854,0.000661059033636867,0.000473820045564697,0.000340192924489508,0.000404569981867873,0.000204821241042748,0.000101698529444209
"113",2025,113,0.0278105695162461,0.00215348858933314,0.00259218190453035,0.00187133378042852,0.00135581983778528,0.00163714866456182,0.000851193839285523,0.000436998243157364,0,0,0,0,0,0,0,0,0,0,0,0,0,0,0,0,0.0020143648637371,0.000112366707873322,0.000147569094606205,0.000120612470813051,9.8853451628172e-05,0.00014205769093281,9.38433437840801e-05,6.0803074153425e-05,0.000811867040116285,4.34271998688619e-05,5.17648462661724e-05,3.70441502942412e-05,2.65826144376436e-05,3.16015591918045e-05,1.60017892758441e-05,7.94690562914632e-06,0.0130581445729389,0.000887454235080223,0.00105991242833378,0.000758544764381085,0.000544349810914574,0.000647154639161544,0.00032770420999285,0.000162749125556993,0.0119261930394538,0.00111024044651073,0.00133293553532419,0.000955132394940147,0.000686033960804895,0.00081633477527566,0.000413644496232749,0.000205499137817799
"114",2025,114,0.0220741871967155,0.00416733663985794,0.00513088629223589,0.00370777873611467,0.0026897908805014,0.00325254363941088,0.00169375030387061,0.000870320328159476,0,0,0,0,0,0,0,0,0,0,0,0,0,0,0,0,0.00168346026657841,0.000218603715270455,0.000291800843141483,0.000238549397296146,0.0001956559232697,0.000281412443042165,0.000186128189105074,0.000120686530113395,0.000710282882110758,8.85027588606888e-05,0.000107271310842802,7.6791118578778e-05,5.51496067045344e-05,6.56264573869494e-05,3.32744860884308e-05,1.65384282570465e-05,0.010711623068197,0.00176963141447376,0.00215538369812227,0.00154314577254363,0.0011083509962792,0.00131902675279657,0.00066882865938981,0.000332439468307601,0.00896882097982941,0.00209059875125304,0.00257643044012933,0.00184929244769611,0.00133063435424797,0.0015864779861852,0.000805518969287299,0.000400655901481434
"115",2025,115,0.0135068602558153,0.00647887685418932,0.00845828566810648,0.00614138359921839,0.00447299183347231,0.00543306909884761,0.00284055132924809,0.00146330186003613,0,0,0,0,0,0,0,0,0,0,0,0,0,0,0,0,0.00110410799979669,0.000352542569592975,0.000492077354579145,0.000403699177456859,0.000332114962035129,0.000479294233089163,0.000317927211396538,0.000206480326035012,0.000496415399850653,0.000151871249555022,0.000192618009903713,0.000138395297980469,9.97059456893074e-05,0.000119066127789253,6.05531475447767e-05,3.01484406854403e-05,0.00677621903674144,0.00287063302698389,0.00368658354475395,0.00264939422958312,0.00190904467873088,0.00228010516014644,0.00115972669353828,0.00057744515249876,0.00513011781942656,0.00310383000805744,0.00408700675886967,0.00294989489419794,0.00213212624701699,0.00255460357782275,0.0013023442767685,0.000649227940816917
"116",2025,116,0.0063993993230137,0.00793194441879601,0.0113759788275239,0.00834645743689821,0.00612703358078442,0.0075051427487606,0.00394972792227238,0.00204281373664834,0,0,0,0,0,0,0,0,0,0,0,0,0,0,0,0,0.000557477554864298,0.000458847548912139,0.000681783446086973,0.000564573875434481,0.000467699616574794,0.000679896514494015,0.000453389940727917,0.000295293756050237,0.000263534425741111,0.000207231728945502,0.000280134824098335,0.000203187023099932,0.00014742074312445,0.00017735840485189,9.06907209523556e-05,4.52860075165022e-05,0.00326646518460501,0.00364264477950495,0.00508459337009538,0.00368914092647119,0.00267725039911676,0.0032217159199734,0.00164769156766503,0.000822843784179592,0.00231192215780328,0.00362322036143342,0.00532946718724321,0.00388955561189261,0.00283466282196842,0.00342617190944129,0.00175795569292707,0.000879390188902013
"117",2025,117,0.000272642983444218,0.00768542821365022,0.0130588184560103,0.00970869343009347,0.00719779109284448,0.00891119538329779,0.00472853957011623,0.00245745231631283,0,0,0,0,0,0,0,0,0,0,0,0,0,0,0,0,0.000272642983444218,0.000473903927046999,0.000800999066841576,0.000671712172926828,0.000561653496038342,0.000824573699551272,0.000553900815245671,0.000362175383822783,0,0.000217203269527596,0.000334448468084257,0.000245674767427019,0.000179923719854081,0.00021862871131706,0.000112624373757763,5.64635716066712e-05,0,0.00360314125630331,0.00589518152604625,0.00433203355523219,0.0031735092166831,0.00385731791045319,0.00198749386517574,0.000996532950232658,0,0.00339117976077231,0.0060281893950382,0.00445927293450744,0.00328270466026895,0.00401067506197627,0.00207452051593706,0.00104228041065072
"118",2025,118,0,0.0060389791259082,0.0109355475701748,0.00846365036389767,0.00634211014479102,0.00794550434471805,0.00425740871109192,0.00222647350833864,0,0,0,0,0,0,0,0,0,0,0,0,0,0,0,0,0,0.000366520558408284,0.00072344574565281,0.000615472849456485,0.000520117854767378,0.000772387634879127,0.000523342650605495,0.000343799762458343,0,0,0,0.000224325603713257,0.000166031076188649,0.000204058472322472,0.000106025314630853,5.34032309471443e-05,0,0.00285327006629797,0.00512325759188792,0.00381406285678999,0.00282361675865124,0.00347125608288105,0.00180397239494552,0.00090872963730088,0,0.00281918850120195,0.00508884423263403,0.00380978905393794,0.00283234445518375,0.0034978021546354,0.00182406835091005,0.000920540877632274
"119",2025,119,0,0.00712099552409122,0.0131452900156034,0.0102895392528255,0.00778619726280676,0.00986251320987867,0.0053316685137437,0.00280329675370792,0,0,0,0,0,0,0,0,0,0,0,0,0,0,0,0,0,0.000445964042990576,0.000894202168688957,0.000769005085513259,0.000655765146336587,0.00098357558400219,0.000671542355427076,0.000443012406268271,0,0,0,0.000271731121397353,0.000202960817537376,0.00025197644582315,0.000131943516033457,6.67441534981807e-05,0,0.00336248693738166,0.00614784330104562,0.00462598012506252,0.00345624265627367,0.00429231679519747,0.00224816564350405,0.00113739577457112,0,0.00331254454371898,0.00610324454586885,0.00462282292085237,0.00347122864265912,0.00433464438485586,0.00228001699877912,0.00115614441937035
"120",2025,120,0,0.00653151016407433,0.0123759567569201,0.00956025623603588,0.0075027242274085,0.0096210561967442,0.00525356433174845,0.00277900680573939,0,0,0,0,0,0,0,0,0,0,0,0,0,0,0,0,0,0.000420583280964402,0.000861914616503352,0.000750640540477617,0.000647029057800582,0.000982245865266324,0.000676979686538663,0.000448941400710009,0,0,0,0,0.000194501628746972,0.00024439690724166,0.000129184031185951,6.56909622982726e-05,0,0.00307786852629572,0.00576999709552987,0.00440150613027443,0.00332032209687997,0.00417335003653616,0.00220649219985815,0.00112216288640065,0,0.00303305835681421,0.00574404504488691,0.00440810956528384,0.00334087144398098,0.00422106338770005,0.00224090841416568,0.00114221155633046
"121",2025,121,0,0.00650889583238152,0.0125775946877348,0.00984057649372742,0.00779445695923207,0.0101154091604488,0.0055787520904188,0.00296907907648606,0,0,0,0,0,0,0,0,0,0,0,0,0,0,0,0,0,0.000427718810800171,0.000898161885383205,0.000792085953209857,0.000688900943886251,0.00105785387876208,0.000735763837871527,0.000490435060802909,0,0,0,0,0.000202229410365382,0.000257039191173278,0.000137115556574051,7.00855760006638e-05,0,0.00306064912172483,0.00585940664339082,0.00452609620578898,0.00344494427910303,0.00437998641209582,0.00233705681953097,0.00119473386289649,0,0.00302052789985652,0.00582002615896073,0.00452239433472859,0.0034583823258774,0.00442052967841759,0.00236881587644225,0.001213824576786
"122",2025,122,0,0.00737220891934284,0.0144639265486156,0.0114640903102337,0.00893731797114251,0.0120480837094103,0.00671623406296751,0.00359812995301796,0,0,0,0,0,0,0,0,0,0,0,0,0,0,0,0,0,0.000496525021588699,0.00105982156204953,0.00094627275250892,0.000830445380671359,0.00129023024198859,0.000905956508630253,0.00060716424806662,0,0,0,0,0,0.000305477278692389,0.000164532957356138,8.45667087982819e-05,0,0.00346230306517921,0.00673134052937259,0.00526451748847494,0.00404689769039592,0.0052016328374302,0.00280247946084015,0.0014406572649547,0,0.00341338083257494,0.0066727644571935,0.00525330006924986,0.00405997490007523,0.00525074335129912,0.00284326513614097,0.00146574173119836
"123",2025,123,0,0.00137142855384769,0.0157601874492303,0.0126694788143182,0.00999321894903753,0.0136518383511794,0.00770514379513786,0.00415979577839383,0,0,0,0,0,0,0,0,0,0,0,0,0,0,0,0,0,0.000547923847799719,0.0011859313358547,0.00107349330320554,0.000952689621848704,0.00149888578435954,0.00106434549211691,0.000717960470753771,0,0,0,0,0,0.000345682231920834,0.000188310400087209,9.74280204220935e-05,0,0.000823504706047973,0.00733406774532322,0.00581518941904513,0.00452064112808357,0.00588408959075728,0.00320642409379913,0.00165925157036469,0,0,0.00724018836805233,0.00578079609206754,0.00451988819910525,0.0059231807441418,0.00324606380913462,0.00168515571685328
"124",2025,124,0,0.000611792252134342,0.0163423023905271,0.0133298611276123,0.0106449587204267,0.0147525708912694,0.00844111711282293,0.00459656224553161,0,0,0,0,0,0,0,0,0,0,0,0,0,0,0,0,0,0.000611792252134342,0.00126433444634039,0.0011609313946061,0.00104272044682866,0.00166329801518929,0.00119604987550293,0.000812792981547191,0,0,0,0,0,0.000372628539468486,0.000205576049674145,0.000107159224010668,0,0,0.00759368008456866,0.00610754491245508,0.00480522126362722,0.00634121458349392,0.00349963702751702,0.00182460463546951,0,0,0.00748428785961808,0.00606138482055116,0.0047970170099708,0.00637542975311774,0.00353985416012884,0.00185200540450425
"125",2025,125,0.00687325914496612,0.000491199416314647,0.0128105798672621,0.0105849506200301,0.0085478426716996,0.0117066238394771,0.00693302094527985,0.00380149062788594,0,0,0,0,0,0,0,0,0,0,0,0,0,0,0,0,0.00117554291876828,0.000491199416314647,0.000966592843941636,0.000900149784025539,0.000818419734456858,0.00132438178909027,0.000965221267052555,0.000661228589809605,0.000433237100513781,0,0,0,0,0,0.000151438723778592,7.95641124975077e-05,0.00526447912568406,0,0.00576037781137799,0.00469805445204493,0.00374105727150663,0.00501100861980964,0.00280041179063909,0.00147152340210237,0,0,0.00608360921194246,0.00498674638395962,0.00398836566573611,0.00537123343057721,0.00301594916380961,0.00158917452347646
"126",2025,126,0,0.000526702140245139,0.0127716649612105,0.0106730537831314,0.00870803317782433,0.0120876751080942,0.00726547434515789,0.00402217690036911,0,0,0,0,0,0,0,0,0,0,0,0,0,0,0,0,0,0.000526702140245139,0.00104118462451663,0.000979947690276264,0.00089937651340851,0.00147285526766425,0.00108446032630309,0.000747820557803698,0,0,0,0,0,0,0.000172876817882492,9.14338375694618e-05,0,0,0.00586804977842414,0.00483682875162744,0.00388791826847733,0.00527043889633401,0.00297573633652394,0.00157412231446409,0,0,0.00586243055826969,0.00485627734122768,0.00392073839593849,0.00534438094409593,0.00303240086444837,0.00160880019053186
"127",2025,127,0,0,0.00249110225230233,0.0123520273387387,0.0101756377712313,0.0143048115963058,0.00869891947940347,0.00485326850738572,0,0,0,0,0,0,0,0,0,0,0,0,0,0,0,0,0,0,0.00121152475603527,0.00115188601262208,0.00106691912425368,0.00176813992244449,0.00131546579310404,0.000913339828153611,0,0,0,0,0,0,0.000209888479600555,0.000111786489609709,0,0,0.00127957749626706,0.00563155186352171,0.00456861149397053,0.00626794613136071,0.00357613226561337,0.00190503729489731,0,0,0,0.00556858946259494,0.00454010715300706,0.00626872554250064,0.00359743294108551,0.0019231048947251
"128",2025,128,0,0,0.00138579470249909,0.0135240521276065,0.0112574642250036,0.0160471281640092,0.00988104818280804,0.00555934579176565,0,0,0,0,0,0,0,0,0,0,0,0,0,0,0,0,0,0,0.00138579470249909,0.00126222515273628,0.00118114838652217,0.00198426948185798,0.00149429979675228,0.00104596798094638,0,0,0,0,0,0,0.000238685402479317,0.000128173677440889,0,0,0,0.00617463765988322,0.00506073127570405,0.00703857706611557,0.00406500951221218,0.00218341034509737,0,0,0,0.00608718931498697,0.00501558456277742,0.00702428161603563,0.00408305347136426,0.00220179378828101
"129",2025,129,0,0,0.00129294234000486,0.0119728256912541,0.0100697308960482,0.0145592960503607,0.00908325988949541,0.00515644271688243,0,0,0,0,0,0,0,0,0,0,0,0,0,0,0,0,0,0,0.00129294234000486,0.00111657257286162,0.00105616093776144,0.00180058737361246,0.00137433444328265,0.000970844393221066,0,0,0,0,0,0,0.000219602569910103,0.000119000165785126,0,0,0,0.00546334746540202,0.00452580546191144,0.00638696874447329,0.00373828311093211,0.00202616333281912,0,0,0,0.00539290565299043,0.00448776449637533,0.00637173993227495,0.00375103976537054,0.00204043482505711
"130",2025,130,0,0,0.00154907849835189,0.0050589433647016,0.0115938318124958,0.0169870182853428,0.0107312699657634,0.00614576488189071,0,0,0,0,0,0,0,0,0,0,0,0,0,0,0,0,0,0,0.00154907849835189,0.00127619445335093,0.00121819919208113,0.00210368635042672,0.00162510523144842,0.00115762516034487,0,0,0,0,0,0,0.000259644694958725,0.000141899416290245,0,0,0,0.00378274891135066,0.00521844490538694,0.0074601662687837,0.00441945009510853,0.002415892411612,0,0,0,0,0.0051571877150277,0.00742316566613241,0.0044270699442477,0.0024303478936436
"131",2025,131,0,0,0.00161906671896157,0.00131340461427122,0.0115684672899177,0.0171942149453565,0.0110145175695414,0.00637103734605035,0,0,0,0,0,0,0,0,0,0,0,0,0,0,0,0,0,0,0.00161906671896157,0.00131340461427122,0.00121879519560649,0.00213520737829623,0.00167244277020663,0.00120306423289539,0,0,0,0,0,0,0.000266773143894285,0.00014723087883747,0,0,0,0,0.00521232872788709,0.0075589749704063,0.0045402197997425,0.0025063631151909,0,0,0,0,0.00513734336642411,0.00750003259665394,0.00453508185569803,0.00251437911912659
"132",2025,132,0,0,0.00161559199112475,0.00131256093330935,0.0110135056530815,0.0165951226243979,0.0105214885917409,0.00629678107085855,0,0,0,0,0,0,0,0,0,0,0,0,0,0,0,0,0,0,0.00161559199112475,0.00131256093330935,0.00116440614426197,0.00206848636836956,0.00164266663089222,0.00119346769025914,0,0,0,0,0,0,0,0.000145363663066869,0,0,0,0,0.00495809724279558,0.00729034828754436,0.00444179845973626,0.00247510202838321,0,0,0,0,0.004891002266024,0.00723628796848396,0.00443702350111244,0.00248284768914933
"133",2025,133,0,0,0.00158029018121349,0.00128580097453925,0.0102848542818317,0.0156939060732001,0.0100858660393894,0.00609170711095731,0,0,0,0,0,0,0,0,0,0,0,0,0,0,0,0,0,0,0.00158029018121349,0.00128580097453925,0.00109288670454496,0.00196648856533995,0.00158307578983247,0.00116070498506275,0,0,0,0,0,0,0,0.00014025105732975,0,0,0,0,0.00462285077196698,0.00688452023216393,0.0042516804163039,0.00239075675399807,0,0,0,0,0.00456911680531978,0.00684289727569626,0.00425110983325304,0.00239999431456673
"134",2025,134,0,0,0.00149518819964023,0.00121833354031886,0.00195061397768526,0.014432857654906,0.00939123914351263,0.00572118561597118,0,0,0,0,0,0,0,0,0,0,0,0,0,0,0,0,0,0,0.00149518819964023,0.00121833354031886,0.000995054391491395,0.00181134613007231,0.00147677346884146,0.00109218160215435,0,0,0,0,0,0,0,0.000131905502881304,0,0,0,0,0.000955559586193866,0.00633497209191868,0.0039617645341393,0.00224697356978816,0,0,0,0,0,0.00628653943291504,0.00395270114053188,0.00225012494114736
"135",2025,135,0,0,0.00149018621964633,0.00121593454826939,0.000989882443133769,0.013966702053925,0.00919291443303825,0.00564537238149255,0,0,0,0,0,0,0,0,0,0,0,0,0,0,0,0,0,0,0.00149018621964633,0.00121593454826939,0.000989882443133769,0.00176146573201826,0.00145264834486289,0.00108296326867277,0,0,0,0,0,0,0,0.000129323884185022,0,0,0,0,0,0.00611543118395965,0.00386832476873534,0.00221153878717994,0,0,0,0,0,0.00608980513794707,0.00387194131944002,0.00222154644145482
"136",2025,136,0,0,0.00148833409098753,0.00121609489723034,0.000991026522142259,0.0138279873122586,0.00919564193435692,0.00568812611073082,0,0,0,0,0,0,0,0,0,0,0,0,0,0,0,0,0,0,0.00148833409098753,0.00121609489723034,0.000991026522142259,0.00171813886905479,0.00143244645653277,0.00107622333475373,0,0,0,0,0,0,0,0.000131201997790853,0,0,0,0,0,0.00607476028797957,0.00388453582209858,0.00223804522537793,0,0,0,0,0,0.00603508815522425,0.00387865965572557,0.00224265555280831
"137",2025,137,0,0,0.00148174053437722,0.00121236632588327,0.000988996620264263,0.013852632179786,0.0093002106921829,0.00578736929929577,0,0,0,0,0,0,0,0,0,0,0,0,0,0,0,0,0,0,0.00148174053437722,0.00121236632588327,0.000988996620264263,0.00167088918649187,0.00140794233262139,0.0010659951006545,0,0,0,0,0,0,0,0.000130985050324425,0,0,0,0,0,0.00606290062569674,0.00391821098880493,0.00227484707487185,0,0,0,0,0,0.00611884236759738,0.00397405737075659,0.002315542073445
"138",2025,138,0.0795138803038798,0,0.000178287489972888,0.00014607864596702,0.000119285637446616,0.00190721314095855,0.00128423766364306,0.000792523324390076,0,0,0,0,0,0,0,0,0,0,0,0,0,0,0,0,0.00805723044153267,0,0.000178287489972888,0.00014607864596702,0.000119285637446616,0.000196362026592969,0.000167207557803849,0.000127582423721747,0.00215964228580894,0,0,0,0,0,0,1.14925476423438e-05,0.0357690428931873,0,0,0,0,0.000669254750278191,0.000436818449316937,0.000255471593962368,0.033527964683351,0,0,0,0,0.00104159636408739,0.000680211656522274,0.000397976759063618
"139",2025,139,0.06900780317964,0.011884868072788,0.00010994177100968,9.01049367662996e-05,7.35875316452221e-05,0.0010596196899091,0.000716654626906502,0.000445111720086998,0,0,0,0,0,0,0,0,0,0,0,0,0,0,0,0,0.00703936075968186,0.000826769417253118,0.00010994177100968,9.01049367662996e-05,7.35875316452221e-05,0.000120687968637062,0.000102906310660125,7.8608320307914e-05,0.00191247478113341,0.000220054117566916,0,0,0,0,0,7.1092057041365e-06,0.0312681857748544,0.00459598492999532,0,0,0,0.000390030888590977,0.000254903222903675,0.00014924419408398,0.0287877818639703,0.00624205960797261,0,0,0,0.000548900832681062,0.000358845093342703,0.000210149999990967
"140",2025,140,0.037295472696248,0.0471072481100849,0.00474394981713028,0.000592118865339003,0.000412082020493236,0.000533759279524509,0.00035737948714097,0.000222861600094217,0,0,0,0,0,0,0,0,0,0,0,0,0,0,0,0,0.00399796817931729,0.00409029607984957,0.000404988820531038,5.80076667938146e-05,4.54693936050574e-05,6.95854376070955e-05,5.84601781941726e-05,4.44707168189216e-05,0.00112518577762038,0.00108972743300911,0.000100017896536007,0,0,0,0,4.09572171461347e-06,0.017075261071908,0.0202723221117605,0.00191374644646431,0.000240354180017155,0.000164948490147957,0.000208812700389356,0.000134458764674616,7.83955218671494e-05,0.0150970576674023,0.0216549024854657,0.00232519665359893,0.000293757018528034,0.000201664136740222,0.000255361141528057,0.000164460544272182,9.5899639693533e-05
"141",2025,141,0.0332983943873388,0.0472072680355249,0.0065393110710356,0.00186823427288371,0.00118025243972422,0.00125897948263547,0.000798414302426585,0.000488979032161558,0,0,0,0,0,0,0,0,0,0,0,0,0,0,0,0,0.00353440730814321,0.00400983344311755,0.000539970463360145,0.00017698777517739,0.000125921434888578,0.000158747066635203,0.000126458112443246,9.45926339939432e-05,0.00103496311743845,0.00111021244710407,0.00013874355664409,0,0,0,0,9.06848184698769e-06,0.015392852273391,0.0205361826716782,0.00265212448451329,0.000762445652076921,0.000475001671641271,0.000495420516331763,0.000302500820229158,0.000173435501607426,0.0133361716883662,0.0215510394736251,0.00320847256651807,0.000928800845629402,0.000579329333194369,0.000604811899668503,0.000369455369754181,0.000211882414713201
"142",2025,142,0.0324064839544527,0.0475843088474735,0.0120453272757866,0.00496242941393721,0.00299474613063006,0.00292720793219802,0.0017924458503109,0.00108336170002355,0,0,0,0,0,0,0,0,0,0,0,0,0,0,0,0,0.0035007159496566,0.00386549503952557,0.00094129090279775,0.000434787003370277,0.00030150901925471,0.000348350179491831,0.000268396309580407,0.00019858255933747,0.00107862582801882,0.00112976613612683,0.000255280081318804,0.00010342390525658,0,0,0,2.01221213086672e-05,0.0153306424430465,0.0209764741730262,0.00492474211860495,0.00199633758529776,0.00121315107989972,0.00115996351229473,0.00068511482155353,0.000388557301160678,0.0124964997337308,0.0216125734987949,0.00592401417306511,0.00242788092001259,0.00148008603147564,0.00141889424041145,0.000838934719176966,0.00047609971821673
"143",2025,143,0.0216228354422504,0.0405550910268642,0.020532753761417,0.0102779226600242,0.00631438797267138,0.0057729116320083,0.00345448492621055,0.00207331495247037,0,0,0,0,0,0,0,0,0,0,0,0,0,0,0,0,0.00232362804880629,0.00322966717712613,0.00157085652066754,0.00087862711762672,0.000606446018824854,0.000668615797544927,0.000503552169904678,0.000369853020163003,0.000781935956144973,0.00102855414386263,0.000462383331773002,0.000227005527921743,0.000137319280213431,0,0,4.07643071213016e-05,0.0104666508203414,0.0183945690787243,0.00868608356912964,0.00426821936089934,0.00258284316508493,0.00235936798953506,0.00136240064639231,0.000767112348000562,0.00805062061695774,0.0179023006271511,0.00981343033984681,0.00490407065357638,0.00298777950854817,0.00274492784492832,0.00158853210991356,0.000895585277185505
"144",2025,144,0.00694677923404161,0.029425817546651,0.0276516720073831,0.0157533949464149,0.00980496600283642,0.00882681066100962,0.00521481260236243,0.00312197930313855,0,0,0,0,0,0,0,0,0,0,0,0,0,0,0,0,0.00113531338938441,0.00229849995569463,0.00207239164942713,0.00131681363904036,0.000918922235791775,0.000997193717241028,0.000741538294653159,0.000542878147099829,0.00042250874613479,0.000807274932533862,0.000668711296600084,0.000373064969740506,0.000228277198050927,0,0,6.57056751846165e-05,0.00538895709852241,0.0136627319424055,0.0121025606245674,0.00675959372932512,0.00413857373425825,0.00372463828547907,0.00212406093879934,0.00119218759457454,0,0.012657310716017,0.0128080084367885,0.00730392260830889,0.00451919283473548,0.00410497865828952,0.00234921336890993,0.00132120788627956
"145",2025,145,0,0.0238580662263095,0.0344627705695752,0.0210909326191632,0.0134609178528434,0.012301463549937,0.00727658377958473,0.00436732679924446,0,0,0,0,0,0,0,0,0,0,0,0,0,0,0,0,0,0.00184433116425453,0.00251728098215206,0.00171527800495605,0.00122534033000576,0.00134865500613679,0.00100429562656865,0.000737003512148332,0,0.000697156409060847,0.000871597347364751,0.000521575181975377,0.000326835382903902,0,0,9.58612952709553e-05,0,0.0112428173377668,0.0153907398461144,0.00922276923735724,0.0057838288106512,0.00528448874883584,0.00301842300303623,0.00169838384369955,0,0.0100737613152273,0.015683152393944,0.00963131019487456,0.00612491332928249,0.00566831979496441,0.00325386514997985,0.00183607814812563
"146",2025,146,0,0.0220192924533718,0.0358885505918096,0.0231652429317377,0.0148886537488595,0.0143655571405294,0.00859553638337002,0.00520062926440117,0,0,0,0,0,0,0,0,0,0,0,0,0,0,0,0,0,0.00150178850778392,0.00264028638707333,0.00189814949102813,0.00139862842555801,0.00158614149839732,0.00119395641378972,0.000881721587228282,0,0.000600579775274627,0.000959660893930893,0.000605794143685959,0,0,0,0.00012043351577381,0,0.0101598617739881,0.0163062971612931,0.0103082277045867,0.00667994643514138,0.00628156166375976,0.00362727865124781,0.00205396899852865,0,0.00975706239632515,0.0159823061495123,0.010353071592437,0.00681007888816011,0.00649785397837236,0.00377430131833249,0.00214450516287043
"147",2025,147,0,0.0203776497256577,0.0346947164815172,0.0235439646571083,0.0160358979162077,0.0159723335077584,0.00967299741059915,0.00589250992865472,0,0,0,0,0,0,0,0,0,0,0,0,0,0,0,0,0,0.00138170624303231,0.00254546115471579,0.00192804294758411,0.00147009023488659,0.00172106833284069,0.00131186128394254,0.000975966050068516,0,0,0,0,0,0,0,0.000137534907285285,0,0.00968121278064936,0.0162494120747717,0.0108026621509845,0.00722473351201135,0.00701372095352296,0.00410134421772191,0.00233965599492236,0,0.00931473070197603,0.0158998432520297,0.0108132595585397,0.00734107416930975,0.00723754422139471,0.0042597919089347,0.00243935297637856
"148",2025,148,0,0.0193953935790932,0.0342108465585431,0.0242957970048598,0.017070166435343,0.0175803233146229,0.0107896166635251,0.00662286145568129,0,0,0,0,0,0,0,0,0,0,0,0,0,0,0,0,0,0.00127610849884955,0.00244107178864442,0.00193784021834737,0.00152496611103801,0.00184626111537519,0.00142688136291075,0.00107032897477196,0,0,0,0,0,0,0,0.0001554533138686,0,0.00922638532404898,0.0160670153349592,0.01119029515755,0.00772294616457394,0.00775329832597573,0.00459710748234835,0.00264422833505179,0,0.0088928997561947,0.0157027594349395,0.0111676616289624,0.00782225415973108,0.007980763873272,0.004765627818266,0.00275285083198894
"149",2025,149,0,0.010543076066057,0.0336394977640827,0.024902486940012,0.0180371352792114,0.0192328941719367,0.0119782186746442,0.00741602170461238,0,0,0,0,0,0,0,0,0,0,0,0,0,0,0,0,0,0.00118687954795718,0.00234162529148759,0.00194037646029689,0.00157502892927204,0.00197462285151427,0.00154924881468057,0.00117278307633195,0,0,0,0,0,0,0,0.000174924475023828,0,0.0088220352842754,0.0158349394692849,0.0115078767671013,0.00819081558938502,0.00851492915903438,0.00512547348534224,0.0029752243955886,0,0.000534161233824437,0.0154629330033102,0.0114542337126138,0.00827129076055439,0.00874334216138809,0.00530349637462136,0.003093089757668
"150",2025,150,0,0.00116868657667906,0.0242635517225425,0.0246973437248592,0.0184214378856354,0.020354219750493,0.0128815331860959,0.00787514221595452,0,0,0,0,0,0,0,0,0,0,0,0,0,0,0,0,0,0.00116868657667906,0.00220290085759523,0.00189775692114015,0.00158747529941102,0.00206304783215621,0.00164517884874159,0.00125798615323356,0,0,0,0,0,0,0,9.42230438205627e-06,0,0,0.0152188642876548,0.0114943004416171,0.00842932212423469,0.00908258692483089,0.00555685712385403,0.00325945499877798,0,0,0.00684178657729251,0.011305286362102,0.00840464046198966,0.00920858499350593,0.00567949721350032,0.00334827875956092
"151",2025,151,0,0.00113938284393779,0.00196386360285897,0.017715766683185,0.0170312627153246,0.0194774783749865,0.0125307301699597,0.00773373841911593,0,0,0,0,0,0,0,0,0,0,0,0,0,0,0,0,0,0.00113938284393779,0.00196386360285897,0.00169009584701796,0.00145404697116859,0.00195821437992437,0.00158827336284702,0.00122799713612539,0,0,0,0,0,0,0,0,0,0,0,0.0104231395751657,0.00785926096658849,0.00877287636568029,0.00545859230053689,0.00323736221370036,0,0,0,0.0056025312610013,0.00771795477756757,0.00874638762938185,0.00548386450657578,0.00326837906929018
"152",2025,152,0,0.00118843132167492,0.00206576237600993,0.00165804493772899,0.016863950658305,0.01990252334068,0.0130075500974215,0.00811318454980702,0,0,0,0,0,0,0,0,0,0,0,0,0,0,0,0,0,0.00118843132167492,0.00206576237600993,0.00165804493772899,0.001431645180022,0.00199060648338469,0.00164045199737132,0.00128194949366602,0,0,0,0,0,0,0,0,0,0,0,0,0.00781604731919099,0.00900649756759952,0.00569370165069784,0.00341304958129181,0,0,0,0,0.00761625815909201,0.00890541928969578,0.00567339644935232,0.00341818547484919
"153",2025,153,0,0.00103320445810467,0.00181121952123481,0.00145643855872859,0.00160177847246713,0.00477240490947672,0.0112345322322501,0.00708047878473869,0,0,0,0,0,0,0,0,0,0,0,0,0,0,0,0,0,0.00103320445810467,0.00181121952123481,0.00145643855872859,0.00117571631247194,0.00168549861560463,0.00141138168919273,0.00111508946215343,0,0,0,0,0,0,0,0,0,0,0,0,0.000426062159995189,0.00308690629387209,0.00492888434623661,0.00298672258776369,0,0,0,0,0,0,0.00489426619682077,0.00297866673482157
"154",2025,154,0,0.000996758446611752,0.00176269926781717,0.00141973068222021,0.0011453524390384,0.00163628026815959,0.0108135327493544,0.00687693941998282,0,0,0,0,0,0,0,0,0,0,0,0,0,0,0,0,0,0.000996758446611752,0.00176269926781717,0.00141973068222021,0.0011453524390384,0.00163628026815959,0.00135140639023186,0.0010777228513153,0,0,0,0,0,0,0,0,0,0,0,0,0,0,0.00474721912901669,0.00290349589852337,0,0,0,0,0,0,0.00471490723010583,0.00289572067014416
"155",2025,155,0,0.000968982484484049,0.00173199418941649,0.00139721381651835,0.00112857466287771,0.00161469011968368,0.0105486057670529,0.00676564956135761,0,0,0,0,0,0,0,0,0,0,0,0,0,0,0,0,0,0.000968982484484049,0.00173199418941649,0.00139721381651835,0.00112857466287771,0.00161469011968368,0.00130730031954372,0.00105184745519275,0,0,0,0,0,0,0,0,0,0,0,0,0,0,0.00463126906097805,0.00285773633026639,0,0,0,0,0,0,0.00461003638653115,0.00285606577589847
"156",2025,156,0,0,0.0017879959277796,0.00144464837688889,0.00116829764354411,0.00167394812713176,0.0108277868624542,0.00700221783850348,0,0,0,0,0,0,0,0,0,0,0,0,0,0,0,0,0,0,0.0017879959277796,0.00144464837688889,0.00116829764354411,0.00167394812713176,0.00132921403050327,0.00107867292685673,0,0,0,0,0,0,0,0,0,0,0,0,0,0,0.0047634602798496,0.00296455727930869,0,0,0,0,0,0,0.00473511255210128,0.00295898763233805
"157",2025,157,0,0,0.00200600019548521,0.00162339306388766,0.00131448278971861,0.00188622459017859,0.0120378892368062,0.00785257699062617,0,0,0,0,0,0,0,0,0,0,0,0,0,0,0,0,0,0,0.00200600019548521,0.00162339306388766,0.00131448278971861,0.00188622459017859,0.00146820821525284,0.00120186221824917,0,0,0,0,0,0,0,0,0,0,0,0,0,0,0.0053046690544009,0.00333033338191424,0,0,0,0,0,0,0.00526501196715248,0.00332038139046276
"158",2025,158,0.106706189432742,0,0.000568742048859167,0.000461086710340731,0.000373868093515956,0.000537384979674649,0.00475628804926534,0.00309454521821193,0,0,0,0,0,0,0,0,0,0,0,0,0,0,0,0,0.00877146833120546,0,0.000568742048859167,0.000461086710340731,0.000373868093515956,0.000537384979674649,0.000409128445795126,0.000338120787405216,0.00342854147730672,0,0,0,0,0,0,0,0.0533649229072606,0,0,0,0,0,0.00164129978478529,0.00103981248958102,0.0411412567169687,0,0,0,0,0,0.00270585981868492,0.00171661194122569
"159",2025,159,0.0389133951574856,0,0.00138932867529071,0.00112695401096429,0.000914140170197977,0.00131459628501304,0.0096162138832161,0.00631826615570819,0,0,0,0,0,0,0,0,0,0,0,0,0,0,0,0,0.00338081708501994,0,0.00138932867529071,0.00112695401096429,0.000914140170197977,0.00131459628501304,0.000991582051964722,0.000822561261101094,0.00159295428075593,0,0,0,0,0,0,0,0.0206873507545156,0,0,0,0,0,0.00399910161557736,0.00254368909099601,0.0132522730371942,0,0,0,0,0,0.00462553021567402,0.00295201580361109
"160",2025,160,0,0,0.0018601212473888,0.00151075586029712,0.00122664326184127,0.00176605909160254,0.0115875438767027,0.00769609967560903,0,0,0,0,0,0,0,0,0,0,0,0,0,0,0,0,0,0,0.0018601212473888,0.00151075586029712,0.00122664326184127,0.00176605909160254,0.00130808135706045,0.00109332210107705,0,0,0,0,0,0,0,0,0,0,0,0,0,0,0.00506669666125621,0.00324752742812473,0,0,0,0,0,0,0.00521276585838608,0.00335525014640725
"161",2025,161,0,0,0.00200027074752287,0.00162744883077223,0.00132309025914213,0.00190788921219032,0.0119190256531703,0.00799505199215378,0,0,0,0,0,0,0,0,0,0,0,0,0,0,0,0,0,0,0.00200027074752287,0.00162744883077223,0.00132309025914213,0.00190788921219032,0.00138298575120099,0.00116632075521746,0,0,0,0,0,0,0,0,0,0,0,0,0,0,0.0052929119900855,0.00342306586302583,0,0,0,0,0,0,0.00524312791188381,0.00340566537391049
"162",2025,162,0,0,0.00188388505411224,0.00153561828272712,0.00125015659945051,0.00180574116381311,0.0111244838600114,0.00752658879642882,0,0,0,0,0,0,0,0,0,0,0,0,0,0,0,0,0,0,0.00188388505411224,0.00153561828272712,0.00125015659945051,0.00180574116381311,0.0012804152437234,0.00108965626230727,0,0,0,0,0,0,0,0,0,0,0,0,0,0,0.00494385094599556,0.00322625688993639,0,0,0,0,0,0,0.00490021767029246,0.00321067564418517
"163",2025,163,0,0,0.00188172558782097,0.00153654675413779,0.00125253489672673,0.00181203570805195,0.0110086958001966,0.00750857213516666,0,0,0,0,0,0,0,0,0,0,0,0,0,0,0,0,0,0,0.00188172558782097,0.00153654675413779,0.00125253489672673,0.00181203570805195,0.00125872123757755,0.00108016736142786,0,0,0,0,0,0,0,0,0,0,0,0,0,0,0.00489653030686466,0.00322206542910661,0,0,0,0,0,0,0.00485344425575436,0.00320633934463219
"164",2025,164,0.102005567136725,0,0.000632669717448312,0.000517511216499833,0.000422400966956242,0.000612050303291264,0.00505210641760853,0.00343739019036944,0,0,0,0,0,0,0,0,0,0,0,0,0,0,0,0,0.00777008332632726,0,0.000632669717448312,0.000517511216499833,0.000422400966956242,0.000612050303291264,0.000416593034847677,0.0003604224106034,0.00336600809008128,0,0,0,0,0,0,0,0.0518600527335655,0,0,0,0,0,0.0017963684356448,0.00119134995877639,0.0390094229867511,0,0,0,0,0,0.00283914494711606,0.00188561782098965
"165",2025,165,0.157875434532817,0.00673859434429794,0.000182537425204073,0.000149414076606503,0.00012200718766749,0.000176882239033022,0.00157123280303842,0.00107018497426402,0,0,0,0,0,0,0,0,0,0,0,0,0,0,0,0,0.0111708184139217,0.000235699672558805,0.000182537425204073,0.000149414076606503,0.00012200718766749,0.000176882239033022,0.000119213414297254,0.00010351901655639,0.00450134517107728,9.59076433859704e-05,0,0,0,0,0,0,0.0745786271308548,0.00220406706020718,0,0,0,0,0.000493212324066966,0.000328265812245894,0.0676246438169629,0.00420291996814599,0,0,0,0,0.000958807064674199,0.000638400145461733
"166",2025,166,0.0936028198973317,0.0244658237896528,0.000530972916836348,0.00067251062020527,0.000549221583103501,0.000796381888128258,0.00623723659968633,0.00426886199286552,0,0,0,0,0,0,0,0,0,0,0,0,0,0,0,0,0.00743682408489378,0.00102027814802278,0.000530972916836348,0.00067251062020527,0.000549221583103501,0.000796381888128258,0.000535066532060819,0.000465099776519818,0.00332255179020764,0.000454084902039504,0,0,0,0,0,0,0.0489082574422286,0.0098231078783436,0,0,0,0,0.00231242966623153,0.00154087765545173,0.0339351865800017,0.0131683528612469,0,0,0,0,0.00338974040139397,0.00226288456089397
"167",2025,167,0.104443478232594,0.0180468020670417,0.000157856752794672,0.000593186367628794,0.000484710807420012,0.000703332998906742,0.00374478950780615,0.00388821170578278,0,0,0,0,0,0,0,0,0,0,0,0,0,0,0,0,0.00815737021891194,0.000720683029485804,0.000157856752794672,0.000593186367628794,0.000484710807420012,0.000703332998906742,0.00046686840653503,0.000407659654239443,0.00358585634366718,0,0,0,0,0,0,0,0.0540673408283479,0.00705775409906305,0,0,0,0,0.00203552270535312,0.00136247477110175,0.038632910841667,0.0102683649384928,0,0,0,0,0.001242398395918,0.00211807728044159
"168",2025,168,0.0222602200135695,0.0193509224085583,0.000100101427540578,0.00133509042023209,0.00109147741779557,0.00158475677924154,0.00104485259858168,0.00737072903151099,0,0,0,0,0,0,0,0,0,0,0,0,0,0,0,0,0.00280037220685662,0.00136107448372383,0.000100101427540578,0.00133509042023209,0.00109147741779557,0.00158475677924154,0.00104485259858168,0.000912163085072147,0.0014609611128848,0,0,0,0,0,0,0,0.0179988866938281,0.0129093230791446,0,0,0,0,0,0.00302439456335339,0,0.00508052484568988,0,0,0,0,0,0.00343417138308545
"169",2025,169,0.00124067365232892,0.00107353152933826,2.81387052134541e-05,0.00134857809134538,0.00110371529925355,0.00160472115142274,0.00105928912354434,0.00722045294110858,0,0,0,0,0,0,0,0,0,0,0,0,0,0,0,0,0.00124067365232892,0.00107353152933826,2.81387052134541e-05,0.00134857809134538,0.00110371529925355,0.00160472115142274,0.00105928912354434,0.000912198491538566,0,0,0,0,0,0,0,0,0,0,0,0,0,0,0,0.00308114759890388,0,0,0,0,0,0,0,0.00322710685066613
"170",2025,170,0,0,0,0.00143035487721181,0.00117192917900926,0.00170625401099247,0.00112768286423237,0.00664038149879584,0,0,0,0,0,0,0,0,0,0,0,0,0,0,0,0,0,0,0,0.00143035487721181,0.00117192917900926,0.00170625401099247,0.00112768286423237,0.000958221826567346,0,0,0,0,0,0,0,0,0,0,0,0,0,0,0,0.00284777723489214,0,0,0,0,0,0,0,0.00283438243733635
"171",2025,171,0,0,0,0.00122627221820792,0.00107426184410311,0.00156634428972051,0.00103655375811997,0.00596774168668686,0,0,0,0,0,0,0,0,0,0,0,0,0,0,0,0,0,0,0,0.00122627221820792,0.00107426184410311,0.00156634428972051,0.00103655375811997,0.000870316492443082,0,0,0,0,0,0,0,0,0,0,0,0,0,0,0,0.00255261172569605,0,0,0,0,0,0,0,0.00254481346854773
"172",2025,172,0.0695007166426245,0.0963030967936002,0.00470438909155483,0,5.6186030422761e-05,8.20325900878876e-05,5.43506679870433e-05,0.000330422416585985,0,0,0,0,0,0,0,0,0,0,0,0,0,0,0,0,0.00541875484469852,0.00585922523138249,0.000257947084765954,0,5.6186030422761e-05,8.20325900878876e-05,5.43506679870433e-05,4.51474675929625e-05,0.00221116316414261,0.00226393989341577,9.33304190108678e-05,0,0,0,0,0,0.0329477776717788,0.042696294481555,0.00183089242020465,0,0,0,0,0.000119496031581516,0.0289230209620046,0.0454836371872469,0.00252221916757336,0,0,0,0,0.000165778917411506
"173",2025,173,0.0578558017689348,0.0760420708015858,0.0161926698918759,0.00105605680542067,0.000708406355715729,6.97508873384266e-05,0.000390634967115848,0.000253053303196335,0,0,0,0,0,0,0,0,0,0,0,0,0,0,0,0,0.00447671197410633,0.0047347532999552,0.000955941212239659,7.11138573045841e-05,5.3950930078194e-05,6.97508873384266e-05,4.49241295782876e-05,3.66815747138584e-05,0.00183531890866302,0.00183669752458718,0.000344357599430798,0,0,0,0,0,0.0275588888592589,0.0339924949875439,0.00658493674097512,0.000430599200939437,0.000286015167481005,0,0.00015100666118718,9.4504278924867e-05,0.0239848820269066,0.0354781249894995,0.00830743433923034,0.000554343747176651,0.00036844025815653,0,0.000194704176350381,0.00012186744955761
"174",2025,174,0.0745837038995638,0.0607227620434942,0.0152456762670235,0.00322194782089054,0.00191518473389933,0.00168562290363054,0.000802006304259458,0.000499139902645962,0,0,0,0,0,0,0,0,0,0,0,0,0,0,0,0,0.00590046878792902,0.00345693268047288,0.000845720424810907,0.00020019467459099,0.000137209503418243,0.000143675238942542,8.6889143263873e-05,6.82887229061405e-05,0.00240586338255004,0.00135505992735228,0.000306276933017475,6.36140499819644e-05,0,0,0,0,0.036275727872595,0.0263163035070288,0.0060882552349319,0.00126561186557419,0.000759794824282675,0.000658261016219991,0.000305150127172741,0.000183820755280251,0.0300016438564898,0.0295944659286402,0.00800542367426323,0.00169252723074339,0.00101818040619841,0.000883686648468005,0.000409967033822843,0.000247030424459571
"175",2025,175,0.0624099268371919,0.0554021925415584,0.0206861738297594,0.00788423524854839,0.00468943385179318,0.0037098524656921,0.00170100230662412,0.00103038241662075,0,0,0,0,0,0,0,0,0,0,0,0,0,0,0,0,0.00503208906828222,0.00315057602510529,0.00114868351230081,0.000489736624409649,0.000328664050474875,0.000315006413604801,0.000183484363531467,0.000140345810805472,0.0021142655102862,0.001271841221801,0.000427898604956033,0.000160093105662965,9.4118635876186e-05,0,0,0,0.0308642527655083,0.0244708511413575,0.00844710142258213,0.00316346580015408,0.00186028680990588,0.00147639244535265,0.000659298741391099,0.000386549149094012,0.0243993194931152,0.0265089241532946,0.0106624902899205,0.0040709397183217,0.00240636435553624,0.00191845360673466,0.000858219201701555,0.000503487456721264
"176",2025,176,0.0371367683665033,0.0576043583785558,0.0391674149751433,0.0200734126657924,0.0120780048900449,0.00931379162477107,0.00419602630113413,0.00250008136397934,0,0,0,0,0,0,0,0,0,0,0,0,0,0,0,0,0.00320739488989115,0.0034174188969858,0.00220752065574969,0.00125609926147126,0.000848164153493013,0.000789282100897484,0.000450946906061253,0.000339109100568396,0.00145457196744277,0.00147715030688654,0.000881096983410814,0.000440466715159388,0.000260794386211633,0,0,0,0.0188833617805781,0.0269093905196308,0.0168112798365656,0.008418004064544,0.0049877203221614,0.00385024395815634,0.00168722395020598,0.000972696689005234,0.0135914397285913,0.0258003986550526,0.0192675174994172,0.00995884262461776,0.00598132602817888,0.00467426556571724,0.00205785544486689,0.00118827557440571
"177",2025,177,0.0323291678380388,0.0410299365163357,0.0460066972218836,0.0279061503093552,0.0173801915764561,0.0136624073083256,0.0061543350253041,0.00364253552101691,0,0,0,0,0,0,0,0,0,0,0,0,0,0,0,0,0.00289196361602506,0.00230446479915113,0.00256796138094065,0.00173001419686071,0.00120566413183657,0.00114033699406782,0.000650783473377569,0.000486150772980952,0.0013687116840268,0.0010480763683405,0.00106952674715516,0.000632833907073088,0.000386901651542918,0,0,0,0.0168355954560664,0.0191107947991646,0.0202609852157311,0.0120087212710251,0.00734907166706624,0.005773161238923,0.00252782995745825,0.00144785619123378,0.0112328970819205,0.0185666005496795,0.0221082238780567,0.0135345809343963,0.00843855412601032,0.00674890907533475,0.00297572159446828,0.00170852855680218
"178",2025,178,0.000922618587815128,0.0317853277681765,0.051453137630633,0.033560190269838,0.0218426785750625,0.01792125319118,0.00820433609863489,0.00488086702305769,0,0,0,0,0,0,0,0,0,0,0,0,0,0,0,0,0.000922618587815128,0.00190174041902914,0.00294551414896483,0.00213221039449414,0.00154987977587747,0.00152795249681243,0.00088457093557845,0.000663470397882101,0,0.000927914381824748,0.00131422357415807,0.000835560645128557,0.000532965589575624,0,0,0,0,0.0152781193965915,0.0234357219896933,0.0149286482033944,0.00953397797041761,0.00781628320342482,0.00347295391840927,0.00199750723045367,0,0.0136775535707311,0.0237576779178168,0.0156637710268208,0.0102258552391918,0.00857701749094276,0.00384681124464717,0.00221988939472192
"179",2025,179,0,0.0254181118663542,0.0463262802023427,0.0323606269747934,0.0220695702561703,0.019537167393206,0.00914563584668716,0.00548916868537792,0,0,0,0,0,0,0,0,0,0,0,0,0,0,0,0,0,0.00143353081881157,0.00281401914009323,0.00219162449319991,0.00167138984299332,0.00173667362567905,0.00102649950464871,0.000775587757865631,0,0,2.00096694698004e-05,0,0,0,0,0,0,0.0122767709821168,0.0220481144591266,0.0150732133243457,0.0100852832546686,0.00869613097789856,0.00394556594935557,0.00228619601797485,0,0.0117078100654257,0.0214441369336532,0.0150957891572478,0.0103128971585084,0.00910436278962843,0.00417357039268288,0.00242738490953743
"180",2025,180,0,0.0192579231082481,0.0403734518205218,0.0298249688355475,0.0212006536371307,0.0197248985568458,0.00944094712150441,0.0057119006757415,0,0,0,0,0,0,0,0,0,0,0,0,0,0,0,0,0,0.00118167343454848,0.00242375070725153,0.00200292810482803,0.00159495696846767,0.00174360796053075,0.00105394041391084,0.000802817727153347,0,0,0,0,0,0,0,0,0,0.0102713958023058,0.0192233332793844,0.013932901000652,0.00973011275036899,0.00882453595929397,0.00409437685725559,0.0023917877736527,0,0.00780485387139385,0.0187263678338858,0.0138891397300675,0.00987558391829409,0.00915675463702104,0.00429262985033798,0.00251729517493545
"181",2025,181,0,0.0011237609723175,0.0389531752269486,0.0300929277307558,0.022186353548157,0.0216482988782274,0.0106003308170042,0.00646815051558037,0,0,0,0,0,0,0,0,0,0,0,0,0,0,0,0,0,0.0011237609723175,0.00232917797394943,0.00201631376211113,0.00166640678581577,0.00191023470281835,0.0011807502407162,0.00090694135717724,0,0,0,0,0,0,0,0,0,0,0.018665438366409,0.0141664330154851,0.0102657648669244,0.00976263967869839,0.00463245004768314,0.00272892143253226,0,0,0.0179585588865901,0.0139101809531596,0.0102541818954168,0.00997542449671068,0.00478713052860486,0.00283228772587087
"182",2025,182,0,0.00119122688868481,0.00682650080116251,0.0285278548735371,0.0217562985088922,0.0222623598386014,0.0111702956470975,0.00688132496207372,0,0,0,0,0,0,0,0,0,0,0,0,0,0,0,0,0,0.00119122688868481,0.00212624199463393,0.00191646713698734,0.00164027890886174,0.00197312012134608,0.00124952020762652,0.000968738367173043,0,0,0,0,0,0,0,0,0,0,0.00470025880652858,0.0135181611929471,0.0101419989301159,0.0101191447909232,0.00491934093869518,0.00292508799345906,0,0,0,0.0130932265436027,0.00997402066991455,0.0101700949263321,0.00500143450077581,0.00298749860144163
"183",2025,183,0,0.00119078653369319,0.00210629308428571,0.00662057697588688,0.0199869015751603,0.00310408432900133,0.0109942019347829,0.00684128441625963,0,0,0,0,0,0,0,0,0,0,0,0,0,0,0,0,0,0.00119078653369319,0.00210629308428571,0.00172590069574926,0.00152319606726653,0.00191800520692609,0.00124478794744757,0.00097450184191449,0,0,0,0,0,0,0,0,0,0,0,0.00489467628013762,0.00936380729770807,0.00118607912207525,0.00487036065087967,0.00292421321885082,0,0,0,0,0.00909989821018571,0,0.00487905333645569,0.00294256935549432
"184",2025,184,0,0.00111410840058503,0.00204283891445985,0.00164078572413354,0.0101380614337751,0.001865003023492,0.00335580783205945,0.00672766545360608,0,0,0,0,0,0,0,0,0,0,0,0,0,0,0,0,0,0.00111410840058503,0.00204283891445985,0.00164078572413354,0.00136553261189827,0.001865003023492,0.00118934610667718,0.000939939403720022,0,0,0,0,0,0,0,0,0,0,0,0,0.00848222729096557,0,0.00216646172538226,0.00284835355076368,0,0,0,0,0.000290301530911252,0,0,0.00293937249912238
"185",2025,185,0,0,0.00197121725198173,0.00158642650687,0.00127144970994727,0.00180894215788785,0.00114977302443127,0.00617543107759652,0,0,0,0,0,0,0,0,0,0,0,0,0,0,0,0,0,0,0.00197121725198173,0.00158642650687,0.00127144970994727,0.00180894215788785,0.00114977302443127,0.00090208217998219,0,0,0,0,0,0,0,0,0,0,0,0,0,0,0,0.00264362551136881,0,0,0,0,0,0,0,0.00262972338624552
"186",2025,186,0.00133655643709029,0,0.00164841553955601,0.00132918405025348,0.00106678886414911,0.00152026108212609,0.000967701563137809,0.00568134534381958,0,0,0,0,0,0,0,0,0,0,0,0,0,0,0,0,0.00133655643709029,0,0.00164841553955601,0.00132918405025348,0.00106678886414911,0.00152026108212609,0.000967701563137809,0.000750934912683871,0,0,0,0,0,0,0,0,0,0,0,0,0,0,0,0.00240061307559652,0,0,0,0,0,0,0,0.00252979735553919
"187",2025,187,0.140484658735417,0.00445030048129379,0.000182273661974387,0.000147225767041341,0.00011830146173433,0.000168821725163072,0.000107593154199738,0.000805716173589248,0,0,0,0,0,0,0,0,0,0,0,0,0,0,0,0,0.0103666558693535,0.000167246490643128,0.000182273661974387,0.000147225767041341,0.00011830146173433,0.000168821725163072,0.000107593154199738,8.26339641497077e-05,0.00397325253663421,0,0,0,0,0,0,0,0.0658530402976033,0.00149751011013232,0,0,0,0,0,0.000250535042565946,0.060291710031826,0.00278554388051835,0,0,0,0,0,0.000472547166873594
"188",2025,188,0.128590950215571,0.00620906318629631,0.000264123196860418,0.000213241883646776,0.000171371026528338,0.000244594543808886,0.000155905056691907,0.00114509725801675,0,0,0,0,0,0,0,0,0,0,0,0,0,0,0,0,0.00971086726199825,0.000238933934934369,0.000264123196860418,0.000213241883646776,0.000171371026528338,0.000244594543808886,0.000155905056691907,0.000119543332278608,0.00374769253935136,0,0,0,0,0,0,0,0.0612736841553237,0.00214645138930831,0,0,0,0,0,0.000363994715038293,0.0538587062588973,0.00382367786205363,0,0,0,0,0,0.000661559210699845
"189",2025,189,0.0712439887627539,0.0215795229304539,0.00113722502736242,0.000917861299777298,0.00073777766267635,0.00105325962029589,0.000671479301631937,0.00440265299885402,0,0,0,0,0,0,0,0,0,0,0,0,0,0,0,0,0.00647973208128522,0.000984823529620966,0.00113722502736242,0.000917861299777298,0.00073777766267635,0.00105325962029589,0.000671479301631937,0.000513706445874309,0.00277691267132777,0,0,0,0,0,0,0,0.0380020623936251,0.00916754474480656,0,0,0,0,0,0.00164289494854593,0.0239852816165158,0.0114271546560264,0,0,0,0,0,0.00224605160443377
"190",2025,190,0.00169333405492189,0.00655340477738789,0.00205536999377551,0.0016601519953589,0.00133551580301025,0.00190841772513875,0.00121769509735913,0.00685232367651445,0,0,0,0,0,0,0,0,0,0,0,0,0,0,0,0,0.00169333405492189,0.00141139736946086,0.00205536999377551,0.0016601519953589,0.00133551580301025,0.00190841772513875,0.00121769509735913,0.000923960300893736,0,0,0,0,0,0,0,0,0,0.00514200740792703,0,0,0,0,0,0.00286826177560794,0,0,0,0,0,0,0,0.00306010160001277
"191",2025,191,0.149617562834831,0.00415319351354064,0.000202561188312195,0.000163903678667303,0.000132045935429186,0.000189014114393987,0.000120788949647419,0.00094679382677909,0,0,0,0,0,0,0,0,0,0,0,0,0,0,0,0,0.0113424313133078,0.000144699348048799,0.000202561188312195,0.000163903678667303,0.000132045935429186,0.000189014114393987,0.000120788949647419,9.05268906835851e-05,0.00426799029078468,0,0,0,0,0,0,0,0.070496079837685,0.00133945828218839,0,0,0,0,0,0.000283685032864893,0.0635110613930536,0.00266903588330346,0,0,0,0,0,0.000572581903230611
"192",2025,192,0.0984216811120265,0.00936022874397534,0.000552282017708619,0.000446855866613249,0.000360054311194595,0.000515485040200317,0.00032946792366592,0.00222380690621861,0,0,0,0,0,0,0,0,0,0,0,0,0,0,0,0,0.00801732844100545,0.000388078393013828,0.000552282017708619,0.000446855866613249,0.000360054311194595,0.000515485040200317,0.00032946792366592,0.000246455764263052,0.00316796403767613,0,0,0,0,0,0,0,0.0491358418904993,0.00351038676140846,0,0,0,0,0,0.000757517008218555,0.0381005467428456,0.00546176358955304,0,0,0,0,0,0.001219834133737
"193",2025,193,0.0253276112961626,0.00127095564962593,0.00153209275587384,0.00124005908110996,0.000999572708965301,0.00143174930117299,0.00091546659225145,0.00523554505627859,0,0,0,0,0,0,0,0,0,0,0,0,0,0,0,0,0.00354744827057961,0.000984551233844838,0.00153209275587384,0.00124005908110996,0.000999572708965301,0.00143174930117299,0.00091546659225145,0.000681920581367083,0.00163334487198616,0,0,0,0,0,0,0,0.0201468181535969,0.000286404415781094,0,0,0,0,0,0.00210554586021031,0,0,0,0,0,0,0,0.00244807861470119
"194",2025,194,0,0.00093204724583505,0.0015595922167292,0.00126390696573464,0.00101990339018729,0.00146274428020963,0.000936360619333315,0.00467244511801132,0,0,0,0,0,0,0,0,0,0,0,0,0,0,0,0,0,0.00093204724583505,0.0015595922167292,0.00126390696573464,0.00101990339018729,0.00146274428020963,0.000936360619333315,0.000690883758283397,0,0,0,0,0,0,0,0,0,0,0,0,0,0,0,0.00195750367753118,0,0,0,0,0,0,0,0.00202405768219675
"195",2025,195,0.0940918962996327,0.0167264047004009,0.000173989235053304,0.000141200793165156,0.000114067137575803,0.000163808628916626,0.000104983456691305,0.000496385801997592,0,0,0,0,0,0,0,0,0,0,0,0,0,0,0,0,0.0100741954343947,0.000999526256163678,0.000173989235053304,0.000141200793165156,0.000114067137575803,0.000163808628916626,0.000104983456691305,7.68256357001567e-05,0.00268663771099624,0.00026674737981807,0,0,0,0,0,0,0.0432915868080741,0.00608849450807161,0,0,0,0,0,0.000160258788693682,0.0380394763461677,0.00937163655634759,0,0,0,0,0,0.000259301377603753
"196",2025,196,0.0813575426637331,0.00864942186757425,0.0037804839991311,0.00257424019244311,0.0017784706875842,0.000211536103494983,0.000133898924548547,0.000590154344277117,0,0,0,0,0,0,0,0,0,0,0,0,0,0,0,0,0.00872458469337135,0.000544104091119749,0.000259713779737942,0.000199778949113798,0.000155793993360988,0.000211536103494983,0.000133898924548547,9.7214001698111e-05,0.00228842797673082,0.000142233184790305,0,0,0,0,0,0,0.0371281541190839,0.00317586857221861,0.0013850170309222,0.000932957795832916,0.00063706793425181,0,0,0.000193248201559085,0.033216375874547,0.00478721601944558,0.00213575318847096,0.0014415034474964,0.0009856087599714,0,0,0.000299692141019921
"197",2025,197,0.0547549058155245,0.0173242098061769,0.0116541426955112,0.00786319324120978,0.00539509063477325,0.00307478028079483,0.000741615646621325,0.00175634276596868,0,0,0,0,0,0,0,0,0,0,0,0,0,0,0,0,0.00619822289189193,0.00113724717926416,0.00081881833822246,0.000622107337470379,0.000480761475189711,0.000643285276682228,0.000405087522436161,0.000292879064595469,0.00182079621663306,0.000329706948731211,0,0,0,0,0,0,0.0266230282848532,0.00701368710672356,0.00466045360662006,0.00310250831623146,0.0021003105471552,0.00232619662531136,0.000336528124185165,0.000622629688388715,0.0201128584221463,0.00884356857145794,0.0061748707506687,0.00413857758750794,0.00281401861242834,0.000105298378801244,0,0.000840834012984501
"198",2025,198,0.0191886925947972,0.0335648656276695,0.0220586608155148,0.0150625157668578,0.0109256992935081,0.00125279923828187,0.000792989603831846,0.00425367962038578,0,0,0,0,0,0,0,0,0,0,0,0,0,0,0,0,0.00266069625691277,0.00186780933662802,0.00152742793477331,0.00117831706105189,0.000920486624634754,0.00125279923828187,0.000792989603831846,0.000572026617047035,0.00123503914818558,0.000835052647902768,0,0,0,0,0,0,0.0152929571896988,0.0155085754147277,0.0120778645381521,0.00816940971008253,0.00559340532185701,0,0,0.00169373228024333,0,0.015353428228411,0.00845336834258936,0.00571478899572342,0.00441180734701629,0,0,0.00198792072309541
"199",2025,199,0,0.0244260732834335,0.00160145909521466,0.00127328762228327,0.00101303785556194,0.00144324424979567,0.000914469415485614,0.00472585687002027,0,0,0,0,0,0,0,0,0,0,0,0,0,0,0,0,0,0.00145317205543787,0.00160145909521466,0.00127328762228327,0.00101303785556194,0.00144324424979567,0.000914469415485614,0.000654634115685185,0,0,0,0,0,0,0,0,0,0.0121130702284211,0,0,0,0,0,0.00197753864455151,0,0.0108598309995746,0,0,0,0,0,0.00209368410978358
"200",2025,200,0.135442732481852,0.00704072085834473,0.000179265137984533,0.000142721533327691,0.000113682004301073,0.000162169846534689,0.000102874982465674,0.000726497557907206,0,0,0,0,0,0,0,0,0,0,0,0,0,0,0,0,0.00984239512451347,0.00025688842008168,0.000179265137984533,0.000142721533327691,0.000113682004301073,0.000162169846534689,0.000102874982465674,7.30273030143834e-05,0.00387387844828423,0.000101481679948122,0,0,0,0,0,0,0.0639116098835064,0.00236534618349591,0,0,0,0,0,0.000228141852977524,0.0578148490255477,0.00431700457481902,0,0,0,0,0,0.000425328401915298
"201",2025,201,0.061257168369335,0.0880002168233329,0.00397491178133925,6.88499195347255e-05,5.48480113391015e-05,7.82534438334896e-05,4.96477295455741e-05,0.000256904314388825,0,0,0,0,0,0,0,0,0,0,0,0,0,0,0,0,0.00486956345780777,0.00531703275942601,0.000218416640612361,6.88499195347255e-05,5.48480113391015e-05,7.82534438334896e-05,4.96477295455741e-05,3.51925929540369e-05,0.00197909187953401,0.00204835761386355,7.85910152528901e-05,0,0,0,0,0,0.0291352794756087,0.038920960854686,0.0015556858810646,0,0,0,0,9.34532302878247e-05,0.0252732335563845,0.0417138655953574,0.0021222182444094,0,0,0,0,0.000128258491146963
"202",2025,202,0.0753038611120223,0.0637778543027668,0.00827724115110545,0.00295197871920126,0.00195593590955734,0.0021132406714694,0.00102857570585562,0.000568279713256385,0,0,0,0,0,0,0,0,0,0,0,0,0,0,0,0,0.0059879035574812,0.00340750580019495,0.000422667497631656,0.000173190030704114,0.000129848382573538,0.00016711721889694,0.000103566537468052,7.24146046812516e-05,0.00248186432920706,0.00136280394004511,0.000156455955508819,0,0,0,0,0,0.0368725033468303,0.0273408008623325,0.00322357510715375,0.00115821505918728,0.000760365073070312,0.000809620255844689,0.000384608293041305,0.000206126717960803,0.0299615898785037,0.0316667437001943,0.00447454259081123,0.00162057362930987,0.00106572245391348,0.00113650319672777,0.000540400875346265,0.000289738390614331
"203",2025,203,0.10060496284573,0.0387401678900837,0.00684626319217758,0.00279459066745449,0.00179831367864176,0.00182019142398649,0.000870306017372938,0.000475040962162252,0,0,0,0,0,0,0,0,0,0,0,0,0,0,0,0,0.00752477709119169,0.00177930664529465,0.000319428177520093,0.000149904079452811,0.000109233584936955,0.000131862461923655,8.0442112927888e-05,5.57061540070682e-05,0.00313269531601037,0.000726023200397814,0.000119488066441288,0,0,0,0,0,0.0490647035576628,0.0153968071575889,0.00256608635750457,0.0010554602225227,0.000673437673192161,0.000672558221626207,0.000314498996439119,0.00016693270721608,0.0408827868808653,0.0208380308868023,0.00384126059071162,0.00158922636547898,0.00101564242051265,0.00101577074043663,0.000475364908005931,0.000252402100939104
"204",2025,204,0.0702636270499846,0.0382144463359114,0.0150643049261083,0.00682450853469169,0.00431636256715737,0.00415679890417286,0.0019621384517185,0.00106276297064073,0,0,0,0,0,0,0,0,0,0,0,0,0,0,0,0,0.00531149662654219,0.00186086808368305,0.000742237701170152,0.000385327287168282,0.000275411548442208,0.00031565404461714,0.000189769401245131,0.000130200915860437,0.00235445801953042,0.000801091760465847,0.000292963742252094,0,0,0,0,0,0.0351110987916224,0.0162158906067378,0.00602968061493105,0.00274743802750646,0.00171994928212394,0.00163134211285941,0.000751895011836193,0.000395440857086923,0.0274865736122895,0.0193365958850247,0.00799942286775499,0.00369174322001694,0.00232100173659123,0.00220980274669631,0.00102047403863718,0.00053712119769337
"205",2025,205,0.0386366991018944,0.0432163974131003,0.0361104450477458,0.0173712803837082,0.0110030328062538,0.0103968165878834,0.00489012974595933,0.00263943022435504,0,0,0,0,0,0,0,0,0,0,0,0,0,0,0,0,0.0031496304006031,0.00222259806816513,0.00183525579027993,0.00100137949570789,0.000713572880462519,0.000799051126679605,0.000477621421960537,0.000326201374622836,0.00155904333840356,0.0010584539467037,0.00080162536738146,0,0,0,0,0,0.0200922616877665,0.0199061131942746,0.0155990202845976,0.00749960853547719,0.00468412904106895,0.00434426171559631,0.00199162254778706,0.00104288204339688,0.0138357636751213,0.0200292322039569,0.0178745436054869,0.00887029235252316,0.0056053308847223,0.00525350374560747,0.00242088577621174,0.00127034680633533
"206",2025,206,0.00112835273485428,0.0365616593338044,0.0501728194339286,0.0262779238071591,0.0170840656008058,0.0164462212177564,0.00781651829515584,0.0042343225705589,0,0,0,0,0,0,0,0,0,0,0,0,0,0,0,0,0.00112835273485428,0.00198882152948095,0.00259973406394893,0.00153683013146564,0.00112015899326543,0.00127318875507506,0.000767456847696953,0.000525564240617611,0,0.00105046941460562,0.0012575567071734,0,0,0,0,0,0,0.017665034111844,0.02279853552678,0.0119095120455804,0.0076126403975089,0.0071714501201743,0.00331684809586651,0.00174185673936881,0,0.0158573342778739,0.0235169931360263,0.0128315816301131,0.00835126621003151,0.00800158234250702,0.00373221335159237,0.00196690159057248
"207",2025,207,0,0.0270584833051012,0.0428084247229975,0.0250846454532347,0.0169359659681816,0.016927474121579,0.00820593115919027,0.0044857873652411,0,0,0,0,0,0,0,0,0,0,0,0,0,0,0,0,0,0.0013720934093937,0.00233440045727926,0.00151980381146956,0.00115120795397645,0.00135830369374337,0.000834333329433508,0.000575920569217605,0,0,0,0,0,0,0,0,0,0.0131945131811758,0.0204946250856817,0.0117197055622759,0.00778393047270542,0.00761183935877643,0.00358765412386339,0.00189917883033703,0,0.0124918767145318,0.0199793991800365,0.0118451360794892,0.00800082754149969,0.00795733106905919,0.00378394370589337,0.00201068796568647
"208",2025,208,0.0489767867924695,0.0191621906361277,0.0326305002714735,0.0204265673786421,0.0142278409607593,0.0123600627200672,0.00722315161022607,0.00396209154095051,0,0,0,0,0,0,0,0,0,0,0,0,0,0,0,0,0.00370784443649878,0.000814510782198369,0.00147984834833444,0.00103701206312973,0.000813351537767974,0.000994991437647815,0.000623000245450459,0.000433622282971993,0.0019969762855119,0,0,0,0,0,0,0,0.0262181870525392,0.00859467738119532,0.0143444461008311,0.00881632265026463,0.00605956674824776,0.00613977881228523,0.00294888234679152,0.00157378745594664,0.0170537790179196,0.009753002472734,0.016806205822308,0.0105732326652477,0.00735492267474361,0.00522529247013415,0.00365126901798408,0.00195468180203188
"209",2025,209,0.0448257994046491,0.00395487130351477,0.0304056468343537,0.0200129072141912,0.0143134111929922,0.00102656430925135,0.000650091894225433,0.00420298321743171,0,0,0,0,0,0,0,0,0,0,0,0,0,0,0,0,0.00327999572908068,0.00070453591626782,0.00136240889126171,0.00100571704102826,0.000810393405736572,0.00102656430925135,0.000650091894225433,0.000455786732215755,0.00183327938320125,0,0,0,0,0,0,0,0.0240417396065112,0.00325033538724695,0.0135171541981497,0.0087488782504194,0.00617713210880398,0,0,0.0016924173635589,0.015670784685856,0,0.0155260837449423,0.0102583119227436,0.00732588567845165,0,0,0.00205477912165705
"210",2025,210,0.113658864393528,0.000216147520783397,0.0109112001542885,0.00432055332442664,0.00542817770572578,0.000335348513681156,0.000212536077665782,0.00164947058569909,0,0,0,0,0,0,0,0,0,0,0,0,0,0,0,0,0.00723366895801443,0.000216147520783397,0.000390256873618307,0.00030141929932334,0.000249098673331889,0.000335348513681156,0.000212536077665782,0.000147844706805771,0.00354240244907501,0,0,0,0,0,0,0,0.0564981724191019,0,0.00393324514819095,0.00266059905166067,0.00192540377941175,0,0,0.000555696716288482,0.0463846205673366,0,0.00658769813247923,0.00135853497344263,0.00325367525298215,0,0,0.000945929162604832
"211",2025,211,0.0498646969377785,0.000622639257700556,0.00107222531507751,0.000852713723981865,0.00745718163444301,0.000966397469308627,0.000612633560936052,0.00408353393465395,0,0,0,0,0,0,0,0,0,0,0,0,0,0,0,0,0.00346009897169166,0.000622639257700556,0.00107222531507751,0.000852713723981865,0.00070127653584087,0.000966397469308627,0.000612633560936052,0.000424793385910725,0.00198919880244289,0,0,0,0,0,0,0,0.0268686706343187,0,0,0,0.00558332261172057,0,0,0.00164691054212604,0.0175467285293252,0,0,0,0.00117258248688157,0,0,0.00201183000661718
"212",2025,212,0.000945110695101296,0.000786570813198552,0.00141884585286505,0.00112953242913954,0.000902079581576173,0.00128223368098305,0.000813490109829462,0.0050738986678825,0,0,0,0,0,0,0,0,0,0,0,0,0,0,0,0,0.000945110695101296,0.000786570813198552,0.00141884585286505,0.00112953242913954,0.000902079581576173,0.00128223368098305,0.000813490109829462,0.000559746169817855,0,0,0,0,0,0,0,0,0,0,0,0,0,0,0,0.00220682416920826,0,0,0,0,0,0,0,0.00230732832885639
"213",2025,213,0,0,0.00135874223000672,0.00108326866333837,0.000866007592251324,0.00123239968914731,0.000782687196368273,0.00450736973004365,0,0,0,0,0,0,0,0,0,0,0,0,0,0,0,0,0,0,0.00135874223000672,0.00108326866333837,0.000866007592251324,0.00123239968914731,0.000782687196368273,0.000533497734833402,0,0,0,0,0,0,0,0,0,0,0,0,0,0,0,0.00198701534909271,0,0,0,0,0,0,0,0.00198685664611754
"214",2025,214,0.145497967052217,0,0.000173491883512746,0.000138512536686504,0.00011083958054184,0.000157910617869578,0.000100387902332622,0.0008658723509069,0,0,0,0,0,0,0,0,0,0,0,0,0,0,0,0,0.0083050353431783,0,0.000173491883512746,0.000138512536686504,0.00011083958054184,0.000157910617869578,0.000100387902332622,6.7864371726697e-05,0.00421604038000308,0,0,0,0,0,0,0,0.0697699882024849,0,0,0,0,0,0,0.000271472567496742,0.0632069031265506,0,0,0,0,0,0,0.000526535411683461
"215",2025,215,0.0683392934270506,0.0978491592450548,0.00412297492593929,6.0674359010615e-05,4.8558314963882e-05,6.91903593789438e-05,4.39915591045893e-05,0.000269878109548743,0,0,0,0,0,0,0,0,0,0,0,0,0,0,0,0,0.00431196200469039,0.00472180754495474,0.000178635395283721,6.0674359010615e-05,4.8558314963882e-05,6.91903593789438e-05,4.39915591045893e-05,2.96879277500496e-05,0.00223312242829027,0.00231747649254709,8.16405238320727e-05,0,0,0,0,0,0.0329966067175878,0.043927173705325,0.00161336029861856,0,0,0,0,9.99530133641891e-05,0.0287976022764821,0.046882701502228,0.00224933870820493,0,0,0,0,0.000140237168434504
"216",2025,216,0.0630744799546775,0.0906958048052449,0.019256842013997,0.00132995001885469,0.00089034451152276,0.000973327224782357,0.000474812110506922,0.000249410972838125,0,0,0,0,0,0,0,0,0,0,0,0,0,0,0,0,0.00398644944007278,0.00437469311429338,0.000855072009010753,6.7306449657155e-05,5.10755575062313e-05,6.66735838444059e-05,4.15568493163185e-05,2.77376886696412e-05,0.00211214549753987,0.00219703254728463,0.00039828563245178,0,0,0,0,0,0.0308291916542742,0.0412145776043381,0.00777902615946923,0.000538176006808536,0.00035756096465972,0.000386111165402269,0.000184460515306341,9.43675511302194e-05,0.0261466933627907,0.0429095015393287,0.0102244582130652,0.000724467562388998,0.000481707989356809,0.000520542475535682,0.000248794745884262,0.000127305733038264
"217",2025,217,0.0267732796494113,0.0389156783162454,0.0648045295134189,0.0460926022048311,0.00253881883954149,0.00042999909043074,0.000198527841224749,0.000101234997687949,0,0,0,0,0,0,0,0,0,0,0,0,0,0,0,0,0.00168377227430064,0.00185188232810083,0.00319025785977442,0.00253819678348287,0.00015339483314215,3.16900240777316e-05,1.8667884599959e-05,1.20734661669887e-05,0.00099365367024478,0.00103690932184917,0.00162576029035767,0.00113433803342399,6.03865574819516e-05,0,0,0,0.0134803001681206,0.0181075547781054,0.0292989691532706,0.0204692603552145,0.00109271734505416,0.00018685515456464,8.43661005369003e-05,4.18205080274216e-05,0.0106155535367453,0.01791933188819,0.0306895422100162,0.0219508070327098,0.00123232010386323,0.000211453911788368,9.54938560878894e-05,4.73410234935389e-05
"218",2025,218,0.0290472108357839,0.0334965053211836,0.0585182144101512,0.046999653710376,0.00346652950526877,0.000708846340958321,0.000298291709462854,0.000143675302521311,0,0,0,0,0,0,0,0,0,0,0,0,0,0,0,0,0.00179374976972161,0.00153387255945185,0.00280665784707341,0.00253378163268142,0.000204905506064894,5.10789287464753e-05,2.74359198684494e-05,1.67702091826471e-05,0.00107836332527057,0.000877014133800621,0.00145916827523755,0.00115423497286048,8.22240638014852e-05,0,0,0,0.0146988862534249,0.0154901618996183,0.0264276120627995,0.0209234002419034,0.00149477597682663,0.000308491917829213,0.00012700509684618,5.95015467241098e-05,0.0114762114873669,0.0155954567283128,0.0278247762250407,0.0223882368629307,0.00168462395857576,0.000349275494382633,0.000143850692748225,6.74035466145537e-05
"219",2025,219,0.0436839127177161,0.0308206221846768,0.0520722693517591,0.0460730104604061,0.00448199440033295,0.00107010944263461,0.000421900277045341,0.000193758397826967,0,0,0,0,0,0,0,0,0,0,0,0,0,0,0,0,0.00269268326113555,0.00132593676167722,0.0023754231129218,0.00237229467752414,0.000253327868850073,7.36461667597206e-05,3.70924595799046e-05,2.16431099304716e-05,0.00161772869331876,0.000762702105284221,0.00124186336951731,0.00108597362092566,0.000102111725038682,0,0,0,0.0223737440555106,0.0139946311404052,0.0231642464348169,0.0202671590960888,0.00191080711530307,0.000459989217654233,0.000177579868400963,7.94182217874755e-05,0.0169997567077512,0.0147373521773102,0.0252907364345031,0.0223475830658675,0.00221574769114112,0.000536474058220653,0.000207227949064473,9.26970661090202e-05
"220",2025,220,0.0289524775828199,0.0402762766585803,0.0666557845828961,0.0283721373353833,0.0026813730633341,0.000746932980943498,0.000274631865908861,0.000121442260949601,0,0,0,0,0,0,0,0,0,0,0,0,0,0,0,0,0.00170895971399547,0.00184819346359822,0.00317860450699532,0.00149303262984305,0.000156816732779601,5.20581533331858e-05,2.50211111468578e-05,1.40448325638306e-05,0.00104159186805327,0.00106760808074944,0.00167083070491308,0.000689972316701603,6.36750460879681e-05,1.74922832266823e-05,0,0,0.0145071496726016,0.0187316723887606,0.0301625584468439,0.0124866030518274,0.00115431321218797,0.00031716286994373,0.000116847012147705,5.02707891012354e-05,0.0116947763281696,0.0186288027254721,0.0316437909241438,0.0137025293370113,0.00130656807227857,0.000360219674439899,0.000132763742614298,5.71266392845345e-05
"221",2025,221,0.0252601855676428,0.0348266838860599,0.0574552686400089,0.0407845026848566,0.00628994708265056,0.000718505547703816,0.000254293407950649,0.00010866512082772,0,0,0,0,0,0,0,0,0,0,0,0,0,0,0,0,0.00144157747228496,0.00155331460735013,0.00267049036525939,0.00212466526323445,0.000362298676376294,4.91833843840219e-05,2.27736957969642e-05,1.23589501722268e-05,0.000913120428475896,0.000932341645499074,0.00145823071730316,0.00101716255853243,0.000152526858912604,1.71449473830245e-05,0,0,0.0126887294952121,0.0162412839144165,0.0261145866078385,0.0182369915204452,0.00274073629252463,0.000308212049913697,0.000109390788529644,4.55005144879285e-05,0.0102167581716699,0.0160997437187941,0.0272119609496079,0.0194056833426446,0.00303438525483703,0.000343965166023073,0.00012212892362404,5.08056561675643e-05
"222",2025,222,0.0175773723979592,0.0330094346421297,0.0607525553736034,0.0470825539430787,0.00870535701998046,0.00113831347451199,0.000388509846976948,0.000160971574389646,0,0,0,0,0,0,0,0,0,0,0,0,0,0,0,0,0.00099143238028547,0.00146511427478349,0.00277789243788061,0.00241706728508228,0.000492471048880438,7.63970371722933e-05,3.41350908523859e-05,1.79696758261353e-05,0.000651556520593893,0.000910896632233502,0.00157114621611816,0.00119807738079745,0.000214770990075048,2.75972131867891e-05,0,0,0.00883958650122019,0.0155336206528855,0.0278258858866095,0.0212409328991598,0.00381747006027828,0.000490833640314882,0.000168111333147519,6.78310708153122e-05,0.00709479699585965,0.0150998030822271,0.0285776308329951,0.0222264763780392,0.00418064492074669,0.000543485583838026,0.000186263422977044,7.51708277481989e-05
"223",2025,223,0.03143355465597,0.0439327801740809,0.0537325784876474,0.0346025904328124,0.00760290371082888,0.0011306092374924,0.000386344011364393,0.00015225501235363,0,0,0,0,0,0,0,0,0,0,0,0,0,0,0,0,0.00176651278541675,0.00191576548032608,0.00239937533106573,0.00172865581643256,0.000422096828684023,7.45558955424349e-05,3.25724305562508e-05,1.66999155355726e-05,0.00113690006494825,0.0011686185435335,0.00133479947979433,0.000843410439435543,0.000180916541408047,2.64636977439492e-05,8.86200544769221e-06,0,0.0158572064635101,0.0205705496100973,0.0242130129907165,0.0153194998792137,0.00329191646850488,0.000481777079447091,0.000161340185443751,6.34025564062764e-05,0.0126729353420949,0.020277846540124,0.0257853906860709,0.0167110242977306,0.00370797387223193,0.00054781256475893,0.0001835693899167,7.21525404117807e-05
"224",2025,224,0.0169708876905046,0.0390599957038474,0.0579468474812421,0.0406610316035769,0.0102848461014682,0.00172285455658791,0.000579032349665551,0.000222751301574299,0,0,0,0,0,0,0,0,0,0,0,0,0,0,0,0,0.000921235399057649,0.00171809674329882,0.00256856845019094,0.0020180661679401,0.000565561403532408,0.000112303519235999,4.8257043356121e-05,2.41758532702079e-05,0.000622796375323335,0.00109612693484812,0.00149407749239536,0.00102926235369021,0.000253513666506711,4.17047148300176e-05,1.37367431288098e-05,0,0.00851482855538969,0.0185646332014275,0.0265042845681606,0.018282522928991,0.00451255948688436,0.000742881936488961,0.000244704477173134,9.39668094157636e-05,0.00691202736073395,0.017681138824273,0.0273799169704952,0.0193311801529555,0.00495321154454476,0.00082596438603293,0.000272334086007486,0.000104608638888328
"225",2025,225,0.0153991367500776,0.0368533470137553,0.0654036894925094,0.049955128778587,0.0146594464558305,0.00277227315125705,0.000921498934870318,0.000347268146095976,0,0,0,0,0,0,0,0,0,0,0,0,0,0,0,0,0.00085705576531112,0.00158446342329613,0.00282431006261796,0.00241752682080698,0.000782683559176283,0.000174915167018018,7.43549762540649e-05,3.65166460832402e-05,0.000597755846306112,0.00104520677598058,0.001697184167423,0.00127340066961072,0.000362543125118105,6.71618966096287e-05,2.18860006376307e-05,0,0.00782408838675325,0.0175731455129677,0.0300751282865137,0.0225939341891792,0.00644879087201885,0.0011958754272495,0.000389732943054358,0.000146716292630147,0.0061202367517071,0.0166505313015109,0.0308070669759547,0.0236702670989901,0.00706542889951725,0.0013343206603799,0.000435525014924264,0.000164035207382589
"226",2025,226,0.0143561578871073,0.0304822529417876,0.0614196536886093,0.0507014618041956,0.0173718921947574,0.00373204783500408,0.0012339140171937,0.000456977195288133,0,0,0,0,0,0,0,0,0,0,0,0,0,0,0,0,0.000784761319253534,0.00126127307896191,0.0025910009363839,0.00240527051824921,0.000910183802438877,0.000230649306912793,9.75294906343679e-05,4.70996431105009e-05,0.00056390648422381,0.000858706029397548,0.00160467849821206,0.00130502785215384,0.000434149413583034,9.12270588223227e-05,2.9572932347407e-05,0,0.00733066692839673,0.0144807260812437,0.028347624380661,0.0230764535867272,0.00769586480523315,0.0016190853518907,0.00052491799865633,0.000194321466820143,0.00567682315523324,0.0138815477521845,0.0288763498733523,0.0239147098470653,0.00833169417350233,0.00179108611737827,0.000581893595555596,0.000215556085357489
"227",2025,227,0.0114569276599536,0.0228728933075946,0.0494773332923924,0.0434092151715796,0.0171782163354529,0.00419725690325887,0.00138680890233028,0.000506126063297489,0,0,0,0,0,0,0,0,0,0,0,0,0,0,0,0,0.000581717228500784,0.000914423336285847,0.00204635247800822,0.00202672807425177,0.000890576191891135,0.000256774769332735,0.000108508125440575,5.16723907132801e-05,0.000431985797236677,0.000642590861248726,0.00130702456217155,0.00113352411949907,0.000437480572851128,0.000104583720194367,3.38822767479447e-05,0,0.00580451054044926,0.0108286718867798,0.0229062248371176,0.0198779580160654,0.00768733980368984,0.00183996014268254,0.000596176787048636,0.000217634551909903,0.00463871409376685,0.0104872072232802,0.023217731415095,0.0203710049617634,0.00816281976702084,0.00199593827104923,0.000648241713093128,0.000236819120674305
"228",2025,228,0.0157876123483255,0.0237830131671692,0.052968732620039,0.0485579761138555,0.0218539454995206,0.00606896092075303,0.00201018379576944,0.000742686771992883,0,0,0,0,0,0,0,0,0,0,0,0,0,0,0,0,0.000839484375203831,0.000908451330131783,0.00210957932459054,0.00218589546913528,0.00109161773414992,0.000356635368673922,0.000151091568298243,7.11530852186466e-05,0.000635917690921968,0.000654488643343643,0.00138063853442012,0.00125237806372739,0.000549300625773668,0.000148868242774518,4.83573164281407e-05,1.74566820969247e-05,0.00816939852686029,0.0112192670621627,0.0244849076030325,0.0222219830307634,0.00976708789872674,0.00265101245123581,0.000861299428925,0.000310942589561857,0.00614281175533941,0.0110008061315311,0.0249936071579958,0.0228977195502294,0.0104459392408703,0.00291244485806878,0.00094943548211806,0.000343134415115455
"229",2025,229,0.0773543357678149,0.0157142297286488,0.0305660939429652,0.0288482232941086,0.0145810958538583,0.00460494379811299,0.00153242852124915,0.00056020594209021,0,0,0,0,0,0,0,0,0,0,0,0,0,0,0,0,0.00394563195430655,0.000500292688467159,0.00105830045283815,0.00113288292079625,0.000642682199102214,0.0002405276989829,0.000102637833402689,4.79507948878573e-05,0.00272945195052617,0.000335240282729887,0.000643510621653874,0.000603000115916968,0.000299923430495597,9.30012988217124e-05,3.04243002716056e-05,1.08951511860322e-05,0.0402909499048261,0.00668536444261931,0.0128957480081583,0.012086327010931,0.00601713962198555,0.00186733177954569,0.000610947793534743,0.000218793015630603,0.0303883019581561,0.00819333231483246,0.0159685348603149,0.0150260132464644,0.00762135060227498,0.00240408302076269,0.000788418594040114,0.000282566980385717
"230",2025,230,0.0329517407896602,0.0214260719244419,0.0396858243441404,0.037900127691889,0.0209628589970114,0.00744159471560829,0.00249853938233193,0.000908368405977752,0,0,0,0,0,0,0,0,0,0,0,0,0,0,0,0,0.00168729195155153,0.000738819308280182,0.00145944522503235,0.00157975392977371,0.00097753970426246,0.00040904341554909,0.000175789255034416,8.15647589472284e-05,0.00129181356043222,0.000541613496116602,0.000971685993920902,0.00092059717049183,0.000499645443781903,0.000173364653039041,5.71279827495119e-05,2.0319662400278e-05,0.0173045380310972,0.00986485605734998,0.0179766803191401,0.0170362221825758,0.0092584514265235,0.00321674335902887,0.00106022787123424,0.00037713612289906,0.0126680972465793,0.0102807830626951,0.0192780128060471,0.0183635544090476,0.0102272224224435,0.00364244328799129,0.00120539427331376,0.000429347861731185
"231",2025,231,0.0139593621405668,0.0234528656177295,0.045269279043542,0.0433165099467148,0.0262837535542282,0.0106223522083463,0.00361386449389003,0.00130897408584658,0,0,0,0,0,0,0,0,0,0,0,0,0,0,0,0,0.00071443099485195,0.000836044050921689,0.00165581205534709,0.00179515869466675,0.00121791508631887,0.000578087287284086,0.000251508972279482,0.000116245863550354,0.000587978913059892,0.000655128293108168,0.00118011940144226,0.00111980037281177,0.000666335641129391,0.00026239939216527,8.75513296596011e-05,3.10226019277506e-05,0.00732715674957391,0.0111776364403604,0.020969923803996,0.019904831252782,0.0118616965584275,0.004679242504936,0.0015617708282604,0.000553452931833698,0.00532979548308103,0.0107840568333392,0.0214634237827567,0.0204967196264543,0.0125378062683524,0.00510262302396093,0.00171303336369055,0.000608252688534779
"232",2025,232,0.00361669453406047,0.0218211114415433,0.0484855603850374,0.0460145695262941,0.0304991821020576,0.0141971270032727,0.00492050047340755,0.00178086986155082,0,0,0,0,0,0,0,0,0,0,0,0,0,0,0,0,0.000291608753370344,0.000811003967363471,0.00172465237560956,0.00185356601847223,0.00137506584283073,0.000750027282405995,0.000332195395186638,0.000153446466758633,0.000253486858416225,0.000668023194837429,0.001295307992637,0.00121847290559396,0.000792611592802458,0.000358777789496134,0.000121886330218714,4.31663901897872e-05,0.0030715989222739,0.0106750275316269,0.0226451401265928,0.0213106650071159,0.0138822932524302,0.00629662828663848,0.00214007798604038,0.000758030808540428,0,0.00966705674771549,0.0228204598901981,0.021631865595112,0.0144492114139942,0.00679169364473212,0.00232634076196182,0.000826226196061975
"233",2025,233,0,0.0176441152054704,0.0442027972396623,0.0412190787055931,0.0295441210760933,0.015978094632929,0.0056725648995778,0.00205902235378869,0,0,0,0,0,0,0,0,0,0,0,0,0,0,0,0,0,0.00064761454125828,0.00152947128140353,0.00161468561191535,0.00129970247812615,0.000824988934953218,0.000374224257237053,0.000173397950830886,0,0.000556795860586328,0.00119971769364962,0.00110869098219044,0.000782141935398778,0.000411871065089432,0.000143312797127752,5.09146285827908e-05,0,0.00865826840750158,0.020756133010064,0.0191899884568534,0.013553350348885,0.0071509724076234,0.0024894698959179,0.000884590818584954,0,0.00778143639612422,0.0207174752545452,0.0193057136546339,0.0139089263136834,0.00759026222526294,0.00266555794929509,0.000950118955790061
"234",2025,234,0,0.0174179817183538,0.036396493714012,0.0330118297442037,0.0251291427583904,0.0157224293935744,0.00574116357302842,0.00209628568774073,0,0,0,0,0,0,0,0,0,0,0,0,0,0,0,0,0,0.000548852825488058,0.00124911100308481,0.00128243975392379,0.00110010684574364,0.000810952278766654,0.0003784217558889,0.000176382992206661,0,0.000489874341952314,0.0010114704518533,0.000909144384592725,0.000683231483306222,0.000417579969663013,0.000149467519895139,5.34163096151367e-05,0,0.00827597891186798,0.0171971530407701,0.0154646907832868,0.0116315299580852,0.00712058641435674,0.00255000659924971,0.000911484529858703,0,0.00810327563904548,0.0169387592183038,0.0153555548224003,0.0117142744712553,0.00737331073078796,0.00266326769799467,0.000955001856060227
"235",2025,235,0,0.0177979389324933,0.0329293454665495,0.0287308475150076,0.0226548657761664,0.0160645725086977,0.00602886932021664,0.00221686681930577,0,0,0,0,0,0,0,0,0,0,0,0,0,0,0,0,0,0.000549374928773318,0.0011037244775298,0.00108940649750056,0.000969756976747038,0.00081226468888726,0.000389654757254913,0.000182954072845565,0,0.000501915543149381,0.000915247466047174,0.000790993003897802,0.00061672853052422,0.000428116174197452,0.00015753016681811,5.6712149415662e-05,0,0.00848208324581965,0.0155619997339608,0.0134565171842201,0.0104988883693461,0.00729830342203071,0.0026868608277335,0.000967481071695332,0,0.00826456521475099,0.0153483737890117,0.0133939308293891,0.010569491899549,0.00752588822358224,0.00279482356841012,0.00100971952534921
"236",2025,236,0,0.018174329065396,0.0316431445266968,0.0266202463239235,0.0213791085276663,0.016917737562492,0.00652891847580425,0.00242117672530716,0,0,0,0,0,0,0,0,0,0,0,0,0,0,0,0,0,0.000549115347157934,0.00103683879366748,0.000986060146903652,0.000894776200750182,0.000837767451436518,0.000413320839069922,0.000195764709705428,0,0.000513478502783976,0.000880179380420048,0.000733024500033687,0.00058255560659904,0.000451918813140472,0.000171020036669071,6.21088472603706e-05,0,0.00867953197170956,0.0149653606354715,0.0124710030619348,0.00991693578364653,0.00770284681783227,0.00291654303703989,0.00105941624966365,0,0.00843220324374451,0.0147607657171378,0.0124301586150514,0.00998484093667053,0.00792520448008274,0.00302803456302537,0.00110388691867771
"237",2025,237,0,0.0196533208294377,0.0332184437377947,0.0271614018523301,0.0219814382105043,0.0191727255580144,0.00761984917521116,0.00285424718790933,0,0,0,0,0,0,0,0,0,0,0,0,0,0,0,0,0,0.000581727671993601,0.00106500297407914,0.000983417991187413,0.000899301636482335,0.000928572551338434,0.000471640081316527,0.000225656109207238,0,0.000556710152017803,0.00092537173719785,0.000748352357942177,0.000599340312557251,0.000512681463577229,0.000199753165090161,7.32846978301641e-05,0,0.00940939482389145,0.0157326710875291,0.0127323596729765,0.0102031990538284,0.00873875854594347,0.0034068571971214,0.00125020205079655,0,0.00910548818153489,0.0154953979389886,0.012697271830224,0.0102795972076363,0.00899271299715526,0.00354159873168307,0.00130510433007537
"238",2025,238,0,0.0203722189217883,0.0339857672631503,0.0272328746692416,0.0220848599129558,0.0210142104330261,0.00862674744399177,0.00327012304149425,0,0,0,0,0,0,0,0,0,0,0,0,0,0,0,0,0,0.000589928942398865,0.00106560118762554,0.000963614253420064,0.000883065893356368,0.000995525925330285,0.00052221871253464,0.000252870736183839,0,0.000578058511564178,0.000948074553617398,0.000750906368989214,0.000602659738306809,0.00056276868544964,0.000226462895070443,8.4090375668481e-05,0,0.00977104527983009,0.0161172245269749,0.0127757163915364,0.010259700030152,0.00959195383147068,0.00386236562983874,0.001434573672967,0,0.00943318618799516,0.0158548669949324,0.0127426376552958,0.0103394342511406,0.0098639619907755,0.00401570020654794,0.00149858825667493
"239",2025,239,0,0.0196855352036123,0.0326512239805365,0.0257923087406964,0.0208982830855907,0.0214346327100481,0.0091089278351977,0.00349985764388736,0,0,0,0,0,0,0,0,0,0,0,0,0,0,0,0,0,0.000556786771857758,0.00100069416121892,0.000892035258186836,0.00081702162467611,0.000994282847192736,0.000540073901527614,0.000265134753287552,0,0.000558665798716327,0.000911646572995204,0.000711789560926145,0.000570940249053367,0.000575403442721578,0.000239756531151251,9.02593525572814e-05,0,0.00944699266655661,0.0154967790668815,0.012109447922163,0.00971889045479433,0.00980530407764977,0.00408827193935505,0.00153952967466996,0,0.00912308996648158,0.0152421041794409,0.0120790359994204,0.00979143075706689,0.010059642342484,0.00424082546316378,0.00160493386337257
"240",2025,240,0,0.0187386333441128,0.030980364459626,0.0242282790527282,0.0195767443406658,0.021359023811114,0.00939945576647968,0.00366530095833224,0,0,0,0,0,0,0,0,0,0,0,0,0,0,0,0,0,0.00051790514136076,0.000928663398290972,0.000819708957713931,0.00074894702650498,0.000970861607588785,0.00054633451726742,0.00027228032118787,0,0.00053168625261975,0.00086557576852004,0.000669191889629181,0.000535453859636682,0.000574713942690667,0.000248077023342387,9.48096137220623e-05,0,0.0089945040992945,0.0147127913490815,0.0113839872457681,0.00911399834956668,0.00979155179209413,0.00422923463483948,0.00161680509189546,0,0.0086945378508378,0.0144733339437335,0.011355390959617,0.00917834510495746,0.0100218964687404,0.0043758095910304,0.00168140593152685
"241",2025,241,0,0.018271687115911,0.030172639078929,0.0234365541016485,0.0188743506413658,0.02165240723154,0.00986269363390442,0.00390817499909002,0,0,0,0,0,0,0,0,0,0,0,0,0,0,0,0,0,0.00049415876114071,0.000885561218475087,0.000776401735633756,0.000707139367643067,0.000964739015902575,0.000562103561851762,0.000284733236405702,0,0.000518556213200819,0.000843675197046842,0.000647870356590875,0.000516754291723344,0.000583655188520314,0.000260844402128789,0.000101324655905514,0,0.0087747425205232,0.0143397718730271,0.0110207300484542,0.00879522562514551,0.00994260934044626,0.00444631440130726,0.00172770487658849,0,0.00848422962104625,0.01410363079038,0.0109915519609697,0.00885523135685385,0.0101614036866709,0.00459343126861661,0.00179441223019031
"242",2025,242,0.0181533703823381,0.0145159592103814,0.0251137590246491,0.0193512810355876,0.0155204726471859,0.0185264336918793,0.00871399599594323,0.00351073203883957,0,0,0,0,0,0,0,0,0,0,0,0,0,0,0,0,0.00074724867178075,0.000378830988228806,0.000692353817764566,0.000603004887961133,0.000547576600728946,0.000779145573609792,0.000469623424984824,0.000242192066572823,0.000782535080915592,0.00037989534485195,0.000630849349181402,0.00048120070281521,0.000382648949261555,0.000450645268864769,0.000208309379487234,8.23738673415053e-05,0.00982727640432477,0.00683370894383878,0.0115882155448743,0.00884485090157228,0.00703634677610993,0.00829187474249872,0.00383473023803592,0.00151678147497202,0.00679631022531703,0.00692352393346191,0.0122023403128288,0.00942222454323894,0.00755390032108547,0.00900476810690605,0.00420133295343525,0.00166938462995322
"243",2025,243,0.000257400567573826,0.0139398424347768,0.0275058410108882,0.0213707398414088,0.016886640537727,0.0207966283960471,0.0100799112589874,0.00413518666902495,0,0,0,0,0,0,0,0,0,0,0,0,0,0,0,0,0.000257400567573826,0.000383798353064223,0.000752422549089935,0.000660424876617525,0.000590408916962242,0.000866471973665563,0.00053794113613758,0.000282415649207844,0,0.000206438802935915,0.000736625196196513,0.000566270942981268,0.00044333282297666,0.000538512501621002,0.000256411918691371,0.000103225574998516,0,0.00688671004324968,0.0129468391066925,0.00995993599626462,0.00780170063388056,0.00948330557935596,0.00451800305443044,0.0018193947562197,0,0.00646289523552695,0.0130699541589092,0.0101841080255454,0.00805119816390759,0.00990833834140461,0.00476755514972806,0.00193015068859889
"244",2025,244,0,0.0134178467117072,0.026775466303036,0.0210016376750159,0.0164213345680975,0.0207758993476344,0.0103916521210035,0.00435793443361707,0,0,0,0,0,0,0,0,0,0,0,0,0,0,0,0,0,0.000347850077310589,0.000739210394537258,0.000655197048235399,0.000579499062059019,0.000873972036090558,0.000559933674591301,0.000300435306249871,0,0,0.000750620716287102,0.000582678556684264,0.000451331653148509,0.000563357674950107,0.000276806586321115,0.00011389126127404,0,0.00661387441765637,0.0127540978711908,0.00990771578425893,0.00767862756321565,0.00959121021982087,0.00471537624731048,0.00194075459796574,0,0.00645612221674026,0.0125315373210208,0.00985604628583727,0.00771187628967433,0.00974735941677288,0.00483953561278059,0.00200285326812743
"245",2025,245,0.0225142254001411,0.0105786391829366,0.0206941174096376,0.0167936817639676,0.0132944072368115,0.0168947233740416,0.008668125487864,0.00371312948625205,0,0,0,0,0,0,0,0,0,0,0,0,0,0,0,0,0.000877140236925863,0.000259288752463311,0.000544568751830157,0.000489196040000434,0.000438733536659016,0.000665836044779313,0.000438452268957546,0.000240685007074626,0.000950811171727407,0,0,0.000404550320195114,0.000317709809347687,0.000399003653456992,0.000201470603503717,8.47981275780862e-05,0.0122301999465235,0.00501671702914086,0.00968725509022711,0.00760775611476312,0.00597693057918575,0.00750993612652278,0.00379354803572584,0.00159705958648752,0.00845607404496433,0.00530263340133245,0.0104622935675804,0.00829217928900896,0.00656103331161909,0.00831994754928254,0.00423465457967689,0.00179058676511182
"246",2025,246,0.000272931662997747,0.00959236049563105,0.0201129021161896,0.0165659177119795,0.0132823895906039,0.017208523295428,0.0088766583959349,0.00388575987233228,0,0,0,0,0,0,0,0,0,0,0,0,0,0,0,0,0.000272931662997747,0.000243091435180403,0.000532481886300454,0.00048452688490688,0.000440192188354024,0.000681128209775621,0.000450866680058556,0.000252894415323808,0,0,0,0.000437623843408156,0.000348142025784193,0.000445773557517474,0.000226264785786603,9.7309901270249e-05,0,0.00473244849269067,0.00971507352080691,0.00772694884109776,0.00614942786072599,0.00787806076409311,0.00400052336283969,0.00172095289222438,0,0.00461682056775998,0.00986534670908225,0.00791681814256671,0.00634462751573974,0.00820356076404176,0.00419900356725005,0.00181460266351383
"247",2025,247,0,0.0037852698037528,0.020273221794428,0.0165519368195812,0.0138243898012168,0.0182710843463941,0.00959078125556796,0.00424282859305314,0,0,0,0,0,0,0,0,0,0,0,0,0,0,0,0,0,0.000229963390525924,0.00054284612871705,0.000502119217805651,0.00046287048886278,0.000730517305025287,0.000491902988553146,0.000278733452753188,0,0,0,0,0.000381153158643232,0.000497784317922705,0.000257029392127865,0.000111674774687625,0,0.00355530641322688,0.0099377009731831,0.00804907954103642,0.00648694095556948,0.0084766405673577,0.00437905448792705,0.00190317778273153,0,0,0.00979267469252785,0.00800073806073912,0.00649342519814132,0.00856614215608842,0.0044627943869599,0.0019492425828808
"248",2025,248,0,0.000191773008859354,0.0164987081116735,0.013690955634973,0.0115725979151498,0.0155870360788843,0.00832197096696428,0.00371961683010804,0,0,0,0,0,0,0,0,0,0,0,0,0,0,0,0,0,0.000191773008859354,0.000433720473378203,0.000408197491755981,0.000381012197758486,0.000613495156975966,0.000420580881035104,0.000240937144233046,0,0,0,0,0.000319938912922447,0.000426254623886753,0.00022405810138291,9.84122268990533e-05,0,0,0.00809186828350782,0.00666822662712037,0.00544255769679906,0.00725442471061019,0.00381483973711111,0.00167600211981904,0,0,0.00797311935478751,0.00661453151609669,0.00542908910766976,0.00729286158741134,0.00386249224743516,0.0017042653391569
"249",2025,249,0,0.000197863619591728,0.0162781830960527,0.0136856356538082,0.0116811305666688,0.0159898414956071,0.00866583646686848,0.00390952934610583,0,0,0,0,0,0,0,0,0,0,0,0,0,0,0,0,0,0.000197863619591728,0.000420885167937915,0.00040143209431432,0.000378415980238364,0.000619363165950915,0.000431068121781609,0.00024929108809676,0,0,0,0,0.000323270798699341,0.000437788138819591,0.000233622638043018,0.000103588676205857,0,0,0.00798753433843937,0.00667040597627945,0.00549816747491262,0.0074492217088637,0.00397691628987903,0.00176383437879678,0,0,0.00786976358967541,0.0066137975832144,0.00548127631281847,0.00748346848197285,0.00402422941716482,0.00179281520300644
"250",2025,250,0,0.000223164667990715,0.0175343515668421,0.0149275454464969,0.0125242951384905,0.0178973904886901,0.00985190966282388,0.00448885468816882,0,0,0,0,0,0,0,0,0,0,0,0,0,0,0,0,0,0.000223164667990715,0.000446505955506754,0.000431222270215143,0.000410385450347389,0.000682606258144626,0.000482419508659494,0.000281734138961557,0,0,0,0,0,0.000490531310001166,0.000265817923126433,0.000119028903686193,0,0,0.00861345221517991,0.00728344746569836,0.00606905171560408,0.00834419160411358,0.0045238296665651,0.00202629866335716,0,0,0.00847439339615545,0.0072128757105834,0.00604485797253908,0.00838006131643073,0.00457984256447285,0.00206179298216391
"251",2025,251,0,0.000225439239742651,0.0148403104542558,0.0145103131690522,0.0123109337112288,0.0178693761233854,0.0100019885563625,0.00460699612394793,0,0,0,0,0,0,0,0,0,0,0,0,0,0,0,0,0,0.000225439239742651,0.000421774738423647,0.000412575085765081,0.000397152700318074,0.000671168427388601,0.000482437199087012,0.000284876512582943,0,0,0,0,0,0.000490297665607392,0.000270223615930355,0.000122346242313313,0,0,0.00827081597502194,0.00708346385562946,0.00597013235794744,0.00833929575592295,0.00459827017251104,0.00208253461508891,0,0,0.00614771974081019,0.00701427422765765,0.00594364865296327,0.00836861427446643,0.0046510575688341,0.00211723875396277
"252",2025,252,0,0.000222809648205456,0.000394098772174516,0.0137595865822061,0.0117956650346805,0.0173796001011009,0.00988826304815076,0.00460472181939578,0,0,0,0,0,0,0,0,0,0,0,0,0,0,0,0,0,0.000222809648205456,0.000394098772174516,0.000386559685753095,0.000376098571233997,0.000645314341458356,0.000471652304482596,0.000281632770572343,0,0,0,0,0,0.000478751770650257,0.000268289086471514,0.000122831496498569,0,0,0,0.00673981842871616,0.00574127060273684,0.00814224078505355,0.00456489470056382,0.00209057712503797,0,0,0,0.00663320846773689,0.00567829586070967,0.00811329320393875,0.00458342695663283,0.0021096804272869
"253",2025,253,0,0.000231015075932255,0.000411725008667829,0.0137112446673337,0.0118662826681117,0.0172583153133738,0.0102493508637143,0.00482517929656828,0,0,0,0,0,0,0,0,0,0,0,0,0,0,0,0,0,0.000231015075932255,0.000411725008667829,0.000380943747310805,0.000374224173476695,0.000651253444546914,0.00048366421107188,0.000291989869635185,0,0,0,0,0,0,0.000278341859376176,0.000128839783936788,0,0,0,0.00671873818650252,0.00577866083097788,0.00832026726796768,0.00473501195147048,0.00219242753329547,0,0,0,0.00661156273352039,0.00571339766365714,0.00828679460085916,0.00475233284179579,0.00221192210970084
"254",2025,254,0.00023886496306651,0.000203954496872583,0.000372489407628662,0.0123050282504449,0.0107418158188358,0.0158444002694887,0.0095294694720844,0.00453317798981901,0,0,0,0,0,0,0,0,0,0,0,0,0,0,0,0,0.00023886496306651,0.000203954496872583,0.000372489407628662,0.000325083522584459,0.000322290193056897,0.000569264492606597,0.000429201258487491,0.000262052249274934,0,0,0,0,0,0,0.000244211627411179,0.000114319364076424,0,0,0,0.00592939865164597,0.00514662184887813,0.0075207386601347,0.00434512741882314,0.00203456546369061,0,0,0,0.00605054607621446,0.00527290377690079,0.00775439711674737,0.00451092916736259,0.00212224091277705
"255",2025,255,0,0,0.000385275272683498,0.00772583901760822,0.0103702857356867,0.0154975082405207,0.00946571404293356,0.00455140936646123,0,0,0,0,0,0,0,0,0,0,0,0,0,0,0,0,0,0,0.000385275272683498,0.000319013197891408,0.000318761971627475,0.000570461820542771,0.000436032115599231,0.000269018740023295,0,0,0,0,0,0,0.000257540422885486,0.000121825018509578,0,0,0,0.00577448564055412,0.00505156827116517,0.0074791290038267,0.00438047996962383,0.00207268854004327,0,0,0,0.00163234017916269,0.00499995549289409,0.00744791741615125,0.00439166153482501,0.00208787706788509
"256",2025,256,0.000227638989615157,0,0.000344723291373865,0.000276327419830361,0.00929426167251328,0.0140522040921799,0.00867605941169128,0.00421147925741459,0,0,0,0,0,0,0,0,0,0,0,0,0,0,0,0,0.000227638989615157,0,0.000344723291373865,0.000276327419830361,0.000273123518637263,0.000494845870669339,0.000383247780395519,0.000238902851760371,0,0,0,0,0,0,0.00022262686098239,0.000106396313288151,0,0,0,0,0.00445823395539458,0.00668225256485238,0.0039657123549828,0.00189572097977714,0,0,0,0,0.00456290419848144,0.00687510565665819,0.00410447241533057,0.00197045911258893
"257",2025,257,0,0,0.000368127372768833,0.000295253400356378,0.00930046087587912,0.0142148591569118,0.00889760959366726,0.00436151814134161,0,0,0,0,0,0,0,0,0,0,0,0,0,0,0,0,0,0,0.000368127372768833,0.000295253400356378,0.000280543549717667,0.000513779553781906,0.000402638406301217,0.000253363450486114,0,0,0,0,0,0,0.000242695883945017,0.000117085584058193,0,0,0,0,0.00453814318707993,0.00687545348717164,0.00412867526733817,0.00199234561367507,0,0,0,0,0.00448177413908152,0.0068256261159582,0.00412360003608285,0.00199872349312223
"258",2025,258,0,0,0.000355576959766377,0.000285353927501689,0.00872403952493768,0.013470178045651,0.00852889936394011,0.00422001130787117,0,0,0,0,0,0,0,0,0,0,0,0,0,0,0,0,0,0,0.000355576959766377,0.000285353927501689,0.000260631140828351,0.000482328873687137,0.000382461055395962,0.000242984693507513,0,0,0,0,0,0,0.000232775131846397,0.000113378894522966,0,0,0,0,0.00425677634477114,0.00651683025195554,0.00395958636418728,0.00192909288640891,0,0,0,0,0.00420663203933819,0.00647101892000828,0.00395407681251047,0.00193455483343178
"259",2025,259,0,0,0.000334908728179723,0.000268921937725939,0.00805780727501932,0.0125565116314798,0.00803537973978969,0.00401082601356074,0,0,0,0,0,0,0,0,0,0,0,0,0,0,0,0,0,0,0.000334908728179723,0.000268921937725939,0.000236661863763478,0.000442169763058418,0.000354492900533505,0.000227283887460086,0,0,0,0,0,0,0.00021949829392996,0.000107891087954413,0,0,0,0,0.00393217807207356,0.00607749592818149,0.00373347260985651,0.00183555902079077,0,0,0,0,0.00388896733918228,0.00603684594023986,0.00372791593546972,0.00184009201735547
"260",2025,260,0,0,0.000296009697866393,0.000237819874307726,0.00700322001497085,0.011002486376409,0.00710920968314174,0.003577332118794,0,0,0,0,0,0,0,0,0,0,0,0,0,0,0,0,0,0,0.000296009697866393,0.000237819874307726,0.000202210577409782,0.000381058368304152,0.000308606320495238,0.00019956683053053,0,0,0,0,0,0,0.000194351794889816,9.63494696939969e-05,0,0,0,0,0.00341694465848518,0.005326569619635,0.00330550943868486,0.00163903444666148,0,0,0,0,0.0033840647790759,0.00529485838846984,0.00330074212907183,0.00164238137190799
"261",2025,261,0,0,0.000291811608881404,0.000234570335094461,0.00681332131553733,0.0107802455167749,0.00702541236797528,0.0035611435308885,0,0,0,0,0,0,0,0,0,0,0,0,0,0,0,0,0,0,0.000291811608881404,0.000234570335094461,0.000193556833012395,0.000367409907416703,0.000300171321089826,0.000195585548847364,0,0,0,0,0,0,0.000192204832959449,9.60075464871722e-05,0,0,0,0,0.00332553260038729,0.00522182200319359,0.00326899998269568,0.00163321544785462,0,0,0,0,0.00329423188213765,0.00519101360616462,0.00326403623123032,0.00163633498769934
"262",2025,262,0,0,0.000294427270185699,0.000236796928911837,0.000189766874756477,0.0108075385904253,0.00691037682918458,0.00362632849905057,0,0,0,0,0,0,0,0,0,0,0,0,0,0,0,0,0,0,0.000294427270185699,0.000236796928911837,0.000189766874756477,0.000362712175463153,0.000298860901443971,0.000196185292841463,0,0,0,0,0,0,0,9.79374136174451e-05,0,0,0,0,0,0.00524234096955336,0.00331114529573958,0.00166593898902407,0,0,0,0,0,0.00520248544540875,0.00330037063200103,0.00166626680356759
"263",2025,263,0,0,0.000295037399327043,0.000237412954049134,0.00019030141404919,0.0107662211418934,0.00694352957156956,0.00366893711191055,0,0,0,0,0,0,0,0,0,0,0,0,0,0,0,0,0,0,0.000295037399327043,0.000237412954049134,0.00019030141404919,0.000355597049802006,0.000295590969617599,0.000195416801917857,0,0,0,0,0,0,0,9.91823200618776e-05,0,0,0,0,0,0.00522526961595197,0.00332954181134273,0.00168707945582814,0,0,0,0,0,0.00518535447613946,0.00331839679060923,0.00168725853410268
"264",2025,264,0,0,0.000294561711748342,0.000237155923912156,0.000190136362709342,0.0106842336230339,0.00694927950476298,0.00369736128041826,0,0,0,0,0,0,0,0,0,0,0,0,0,0,0,0,0,0,0.000294561711748342,0.000237155923912156,0.000190136362709342,0.000347356734946485,0.000291255210673273,0.000193917140640023,0,0,0,0,0,0,0,0.000100043102926814,0,0,0,0,0,0.00518826630787897,0.00333472196572284,0.0017016854840951,0,0,0,0,0,0.00514861058020845,0.00332330232836687,0.00170171555275632
"265",2025,265,0,0,0.000264247446170576,0.000212862641547719,0.000170696357187081,0.0094336100730075,0.0061861548328789,0.00331354118151444,0,0,0,0,0,0,0,0,0,0,0,0,0,0,0,0,0,0,0.000264247446170576,0.000212862641547719,0.000170696357187081,0.000304920237145137,0.000257854460830112,0.000172892096414046,0,0,0,0,0,0,0,8.9460608113109e-05,0,0,0,0,0,0.00457600399820025,0.00296623170432962,0.0015243374514638,0,0,0,0,0,0.00455268583766211,0.00296206866771918,0.00152685102552349
"266",2025,266,0,0,0.00023313491691355,0.000187895878125875,0.000150704566362391,0.00830396243641637,0.00548361299376672,0.00295468436909598,0,0,0,0,0,0,0,0,0,0,0,0,0,0,0,0,0,0,0.00023313491691355,0.000187895878125875,0.000150704566362391,0.00026391474838148,0.000224836490253585,0.000151699070581757,0,0,0,0,0,0,0,7.99104468298543e-05,0,0,0,0,0,0.00402974078118326,0.00263149329863688,0.00136079226175362,0,0,0,0,0,0.00401030690685163,0.00262728320487626,0.00136228258993075
"267",2025,267,0,0,0.000241161509668,0.000194459352075395,0.00015599578158207,0.00858566189095232,0.00570557697409003,0.00300776981676449,0,0,0,0,0,0,0,0,0,0,0,0,0,0,0,0,0,0,0.000241161509668,0.000194459352075395,0.00015599578158207,0.000268436087615313,0.000230164375735149,0.000156155779862546,0,0,0,0,0,0,0,0,0,0,0,0,0,0.0041695376484005,0.00274035464098967,0.00142519300277314,0,0,0,0,0,0.00414768815493651,0.00273505795736521,0.0014264210341288
"268",2025,268,0,0,0.000201302702161502,0.000162399892886508,0.000130300854555793,0.00716111898205497,0.00478820705516359,0.0025379909488633,0,0,0,0,0,0,0,0,0,0,0,0,0,0,0,0,0,0,0.000201302702161502,0.000162399892886508,0.000130300854555793,0.000220190334120008,0.000190045080168871,0.000129699840321621,0,0,0,0,0,0,0,0,0,0,0,0,0,0.00347828492057193,0.00230110498497053,0.00120379811790222,0,0,0,0,0,0.00346264372736303,0.00229705699002419,0.00120449299063946
"269",2025,269,0,0,0.000198214984389943,0.000159983033505179,0.00012838100176335,0.00706303699580554,0.00474743971577395,0.00252836650046301,0,0,0,0,0,0,0,0,0,0,0,0,0,0,0,0,0,0,0.000198214984389943,0.000159983033505179,0.00012838100176335,0.000213681240158046,0.000185429262457259,0.00012717854695293,0,0,0,0,0,0,0,0,0,0,0,0,0,0.00343246966591829,0.00228312503952669,0.00120032234304574,0,0,0,0,0,0.0034168860897292,0.00227888541379001,0.00120086561046433
"270",2025,270,0,0,0.000187405724602266,0.000151328762328946,0.000121454279413585,0.006689999407123,0.00451954262226281,0.00241820852585403,0,0,0,0,0,0,0,0,0,0,0,0,0,0,0,0,0,0,0.000187405724602266,0.000151328762328946,0.000121454279413585,0.000199147568896003,0.000173734632937364,0.000119742684557166,0,0,0,0,0,0,0,0,0,0,0,0,0,0.00325254659958017,0.00217491903576312,0.00114903812564531,0,0,0,0,0,0.00323830523864682,0.00217088895356233,0.00114942771565155
"271",2025,271,0,0,0.000182731789894124,0.000147621907921396,0.000118495940728395,0.00653863698910968,0.00443846406389029,0.00238540862485407,0,0,0,0,0,0,0,0,0,0,0,0,0,0,0,0,0,0,0.000182731789894124,0.000147621907921396,0.000118495940728395,0.000191556495684978,0.000167943659507048,0.000116291184159826,0,0,0,0,0,0,0,0,0,0,0,0,0,0.00318044826464928,0.00213728020115648,0.00113441334830818,0,0,0,0,0,0.00316663222877542,0.00213324020322676,0.00113470409238606
"272",2025,272,0,0,0.000176611473757573,0.00014274236279093,0.000114594973708663,0.00633601433276769,0.00432083423327219,0.00233229780768524,0,0,0,0,0,0,0,0,0,0,0,0,0,0,0,0,0,0,0.000176611473757573,0.00014274236279093,0.000114594973708663,0.000182693208849951,0.000160944455365794,0.000111953469631179,0,0,0,0,0,0,0,0,0,0,0,0,0,0.00308323224591619,0.00208192153837234,0.00111006956562766,0,0,0,0,0,0.00307008887800155,0.00207796823953405,0.0011102747724264
"273",2025,273,0,0,0.000176159392429726,0.000142441207227291,0.000114368552977995,0.00632514447559394,0.00433280116216516,0.00234876455506385,0,0,0,0,0,0,0,0,0,0,0,0,0,0,0,0,0,0,0.000176159392429726,0.000142441207227291,0.000114368552977995,0.000179889924363352,0.000159207408540858,0.000111236057942393,0,0,0,0,0,0,0,0,0,0,0,0,0,0.00306166513171343,0.00207690992706255,0.00111230382541494,0,0,0,0,0,0.00308358941951716,0.00209668382656175,0.00112522467170652
"274",2025,274,0,0,0.000163413587230966,0.000132197121563492,0.000106157651464907,0.00584579582070389,0.00402205545635983,0.00218957107823701,0,0,0,0,0,0,0,0,0,0,0,0,0,0,0,0,0,0,0.000163413587230966,0.000132197121563492,0.000106157651464907,0.00016473999762927,0.000146466384425311,0.000102787265114402,0,0,0,0,0,0,0,0,0,0,0,0,0,0.00284355061063945,0.00193776343648536,0.00104236929119355,0,0,0,0,0,0.00283750521243517,0.00193782563544915,0.00104441452192906
"275",2025,275,0,0,0.000140600992993558,0.000113795010790127,9.13917657546803e-05,0.00505425548433938,0.00349095542921216,0.0019076460763315,0,0,0,0,0,0,0,0,0,0,0,0,0,0,0,0,0,0,0.000140600992993558,0.000113795010790127,9.13917657546803e-05,0.000140068486369285,0.000125051845786588,8.81193078785724e-05,0,0,0,0,0,0,0,0,0,0,0,0,0,0.00245985809369019,0.00168328171098982,0.000909182293946925,0,0,0,0,0,0.0024543289042799,0.00168262187243575,0.000910344474506004
"276",2025,276,0.00185142213497875,0,0.000116615179974038,9.44242841239838e-05,7.5842945826323e-05,0.00434514475370827,0.00301030594480514,0.00164986954618156,0,0,0,0,0,0,0,0,0,0,0,0,0,0,0,0,0.000107697711468081,0,0.000116615179974038,9.44242841239838e-05,7.5842945826323e-05,0.000114990266283183,0.00010302742620998,7.28587775489841e-05,0,0,0,0,0,0,0,0,0.00174372442351067,0,0,0,0,0.00207130102182144,0.00142242178457432,0.000771017534687141,0,0,0,0,0,0.00215885346560365,0.00148485673402085,0.000805993233945431
"277",2025,277,0,0,0.000107449239689353,8.70423644483554e-05,6.99201851396125e-05,0.00390395338894256,0.00271291908065606,0.0014916173227885,0,0,0,0,0,0,0,0,0,0,0,0,0,0,0,0,0,0,0.000107449239689353,8.70423644483554e-05,6.99201851396125e-05,0.000105029066249615,9.43857069871255e-05,6.69538478814258e-05,0,0,0,0,0,0,0,0,0,0,0,0,0,0.00189652127305027,0.00130631017637943,0.000710264146583303,0,0,0,0,0,0.00190240304964268,0.0013122231972895,0.000714399328323774
"278",2025,278,0,0,9.47512365668438e-05,7.67911024973665e-05,6.16908196260536e-05,0.00346800299152577,0.00241589456242908,0.00133170703189377,0,0,0,0,0,0,0,0,0,0,0,0,0,0,0,0,0,0,9.47512365668438e-05,7.67911024973665e-05,6.16908196260536e-05,9.1896641975099e-05,8.28040649663156e-05,5.89021973017595e-05,0,0,0,0,0,0,0,0,0,0,0,0,0,0.00168819265540982,0.00116590723391416,0.000635689126347417,0,0,0,0,0,0.00168791369414085,0.0011671832635486,0.000637115708244597
"279",2025,279,0,0,8.72120553035924e-05,7.07127747037503e-05,5.68121884780727e-05,0.00322427702234134,0.00225093084714386,0.00124360428524342,0,0,0,0,0,0,0,0,0,0,0,0,0,0,0,0,0,0,8.72120553035924e-05,7.07127747037503e-05,5.68121884780727e-05,8.40031106937169e-05,7.58677716858399e-05,5.41027640320439e-05,0,0,0,0,0,0,0,0,0,0,0,0,0,0.00157068349341702,0.0010872751457177,0.000594292874554985,0,0,0,0,0,0.0015695904182306,0.00108778792974032,0.000595208646656394
"280",2025,280,0,0,9.47188489322775e-05,7.68336238733918e-05,6.17343407604801e-05,0.00353831622540561,0.00247526019929768,0.00137057193668165,0,0,0,0,0,0,0,0,0,0,0,0,0,0,0,0,0,0,9.47188489322775e-05,7.68336238733918e-05,6.17343407604801e-05,9.06525478830769e-05,8.20482270517062e-05,5.86464552241643e-05,0,0,0,0,0,0,0,0,0,0,0,0,0,0.00172480038686155,0.00119651338318783,0.000655527119363874,0,0,0,0,0,0.00172286329066098,0.00119669858905815,0.000656398362093615
"281",2025,281,0,0,9.45137147641604e-05,7.67020633146161e-05,6.1633513253724e-05,0.00356501942656831,0.00249949902340303,0.00138728918889142,0,0,0,0,0,0,0,0,0,0,0,0,0,0,0,0,0,0,9.45137147641604e-05,7.67020633146161e-05,6.1633513253724e-05,8.98204771993142e-05,8.14865789705138e-05,5.83930679483397e-05,0,0,0,0,0,0,0,0,0,0,0,0,0,0.00173879098907332,0.00120905870828226,0.00066408378219661,0,0,0,0,0,0.00173640796029567,0.00120895373615025,0.000664812338746473
"282",2025,282,0,0,7.85571340166507e-05,6.37816824036202e-05,5.1255486373631e-05,0.000713321546944622,0.00210251486860131,0.00116963288952676,0,0,0,0,0,0,0,0,0,0,0,0,0,0,0,0,0,0,7.85571340166507e-05,6.37816824036202e-05,5.1255486373631e-05,7.41271048488085e-05,6.74080892539506e-05,4.84281123226155e-05,0,0,0,0,0,0,0,0,0,0,0,0,0,0.000639194442095814,0.00101778027154495,0.000560448758767563,0,0,0,0,0,0,0.00101732650780241,0.000560756018436586
"283",2025,283,0,0,7.94190924589851e-05,6.45101671568887e-05,5.18444544004976e-05,7.48775105385876e-05,0.00215315795884681,0.00120022125629703,0,0,0,0,0,0,0,0,0,0,0,0,0,0,0,0,0,0,7.94190924589851e-05,6.45101671568887e-05,5.18444544004976e-05,7.48775105385876e-05,6.7877297205196e-05,4.88708985355336e-05,0,0,0,0,0,0,0,0,0,0,0,0,0,0,0.00104303491287661,0.000575600335889978,0,0,0,0,0,0,0.001042245748765,0.000575750021871522
"284",2025,284,0,0,8.13189929651638e-05,6.60829072158705e-05,5.31121028553459e-05,7.6713729890368e-05,0.00223231105970347,0.00124691889647874,0,0,0,0,0,0,0,0,0,0,0,0,0,0,0,0,0,0,8.13189929651638e-05,6.60829072158705e-05,5.31121028553459e-05,7.6713729890368e-05,6.92182945857639e-05,4.99464458754304e-05,0,0,0,0,0,0,0,0,0,0,0,0,0,0,0.00108197562863808,0.00059840865414535,0,0,0,0,0,0,0.00108111713647963,0.000598563796457963
"285",2025,285,0.0187914637643725,0.000370297621265127,5.21385128610852e-06,4.23887992541836e-06,3.40711246704652e-06,4.92149766474552e-06,0.000123844482615903,6.93962304455211e-05,0,0,0,0,0,0,0,0,0,0,0,0,0,0,0,0,0.00034907284663906,5.81662652893275e-06,5.21385128610852e-06,4.23887992541836e-06,3.40711246704652e-06,4.92149766474552e-06,4.4192484660092e-06,3.19609303526802e-06,0.000534572017715626,8.4154570916128e-06,0,0,0,0,0,0,0.00901249074256978,0.000162774751553041,0,0,0,0,5.45457742100346e-05,3.02350993814904e-05,0.00889532815744804,0.00019329078609154,0,0,0,0,6.48794599398595e-05,3.59650380287626e-05
"286",2025,286,0.0123108146293106,0.000390345131789874,5.19301294609991e-06,4.21708196204814e-06,3.38964469563872e-06,4.89631553906165e-06,0.000118824095264241,6.66253600684498e-05,0,0,0,0,0,0,0,0,0,0,0,0,0,0,0,0,0.000221988208218346,6.35068734696815e-06,5.19301294609991e-06,4.21708196204814e-06,3.38964469563872e-06,4.89631553906165e-06,4.39453810122741e-06,3.17899923303474e-06,0.000350826403100041,9.45649959354e-06,0,0,0,0,0,0,0.00590901785726887,0.000176163120050102,0,0,0,0,5.376997326023e-05,2.9812356051996e-05,0.00582898216072331,0.000198374824799264,0,0,0,0,6.06595839027834e-05,3.3634004783419e-05
"287",2025,287,0.0119391627830622,0.000607348398768113,7.30198276566084e-06,5.92213259144404e-06,4.76021294464352e-06,6.87616046043455e-06,0.000173657284769023,9.73523306115407e-05,0,0,0,0,0,0,0,0,0,0,0,0,0,0,0,0,0.00021007496223983,9.49259548139718e-06,7.30198276566084e-06,5.92213259144404e-06,4.76021294464352e-06,6.87616046043455e-06,6.1686101443783e-06,4.46342629673707e-06,0.000343543709280633,1.46347571853107e-05,0,0,0,0,0,0,0.00575408010956168,0.000273942481649059,0,0,0,0,7.85504882478063e-05,4.3562189093813e-05,0.00563146400198007,0.000309278564452346,0,0,0,0,8.8938186376838e-05,4.93267152209907e-05
"288",2025,288,0.0118857428201867,0.000960400528588641,1.06024179867005e-05,8.58727336972637e-06,6.90255096442044e-06,9.970900634199e-06,0.000265067535716918,0.000148563047394185,0,0,0,0,0,0,0,0,0,0,0,0,0,0,0,0,0.000204231696994945,1.4263110666321e-05,1.06024179867005e-05,8.58727336972637e-06,6.90255096442044e-06,9.970900634199e-06,8.93972848119891e-06,6.47040990957188e-06,0.00034767922417286,2.29143080515639e-05,0,0,0,0,0,0,0.00576662970168605,0.000432458013780401,0,0,0,0,0.000119677946404958,6.63899124341894e-05,0.0055672021973328,0.000490765096090355,0,0,0,0,0.000136449860830761,7.57027250504237e-05
"289",2025,289,0.0102625838691648,0.0013102651108663,1.39986690781292e-05,1.13223866491004e-05,9.10120099317441e-06,1.31470942241339e-05,0.000356315525622906,0.00019974458486232,0,0,0,0,0,0,0,0,0,0,0,0,0,0,0,0,0.000173363738831185,1.90920538812466e-05,1.39986690781292e-05,1.13223866491004e-05,9.10120099317441e-06,1.31470942241339e-05,1.17784082295299e-05,8.52821662097942e-06,0.00030560193636096,3.17613837463067e-05,0,0,0,0,0,0,0.00501238783046649,0.000594693395318285,0,0,0,0,0.000162118484455161,8.9967450160279e-05,0.00477123036350617,0.000664718277920462,0,0,0,0,0.000182418632938215,0.000101248918081062
"290",2025,290,0.00862382642137559,0.00172862879531626,1.80830245094894e-05,1.46058041658478e-05,1.17406712588382e-05,1.69602203469736e-05,0.00047046046365908,0.000263799324496666,0,0,0,0,0,0,0,0,0,0,0,0,0,0,0,0,0.00014304719459357,2.46267069748045e-05,1.80830245094894e-05,1.46058041658478e-05,1.17406712588382e-05,1.69602203469736e-05,1.51800688170321e-05,1.09963120290493e-05,0.000262860051572794,4.27122778691739e-05,0,0,0,0,0,0,0.00424675026812305,0.000791801359332447,0,0,0,0,0.000215932617893216,0.000119887450242849,0.00397116890708618,0.000869488451139836,0,0,0,0,0.000239347776948831,0.000132915562224769
"291",2025,291,0.00667367352575823,0.00205108684871743,2.13983778300158e-05,1.72605098610373e-05,1.38748523744781e-05,2.00436057698241e-05,0.000566123505862456,0.000317570294211565,0,0,0,0,0,0,0,0,0,0,0,0,0,0,0,0,0.000108136934003996,2.87160112530051e-05,2.13983778300158e-05,1.72605098610373e-05,1.38748523744781e-05,2.00436057698241e-05,1.7918491271648e-05,1.29874354061032e-05,0.000207923595409941,5.20995214400618e-05,0,0,0,0,0,0,0.0033095351377842,0.000950408100784527,0,0,0,0,0.00026278166317239,0.000145982199003614,0.00304807785856009,0.00101986321523983,0,0,0,0,0.000285423351418418,0.000158600659801848
"292",2025,292,0.00510878522748186,0.00236866494322166,2.48662448391307e-05,2.00320902629109e-05,1.6103069558607e-05,2.32630268642622e-05,0.000671103789485346,0.000376638528317722,0,0,0,0,0,0,0,0,0,0,0,0,0,0,0,0,8.11179179940459e-05,3.25190765164334e-05,2.48662448391307e-05,2.00320902629109e-05,1.6103069558607e-05,2.32630268642622e-05,2.07677554665309e-05,1.50625775697883e-05,0.000163094568706443,6.16903396649835e-05,0,0,0,0,0,0,0.00255212833081846,0.00110866257505189,0,0,0,0,0.000314451824345325,0.000174802438888865,0.00231244440996292,0.00116579295198835,0,0,0,0,0.00033588420967349,0.000186773511859069
"293",2025,293,0.0063592792847326,0.00182372081929235,2.01001200882493e-05,1.61730854932089e-05,1.30011979378699e-05,1.87824481875628e-05,0.000531180906058444,0.000298378912905348,0,0,0,0,0,0,0,0,0,0,0,0,0,0,0,0,0.000102088851136239,2.53964368794445e-05,2.01001200882493e-05,1.61730854932089e-05,1.30011979378699e-05,1.87824481875628e-05,1.67409153237725e-05,1.21512115783352e-05,0.000197462516248368,4.63433169304069e-05,0,0,0,0,0,0,0.00314994100502306,0.000845076514135001,0,0,0,0,0.000246736200303257,0.000137263735324051,0.00290978691232493,0.000906904551347494,0,0,0,0,0.000267703790431414,0.000148963966002962
"294",2025,294,0.00570782506242897,0.00160185430486006,1.81173782337178e-05,1.45608156848045e-05,1.17052908362651e-05,1.69106632909833e-05,0.000474859826951089,0.000266919809244908,0,0,0,0,0,0,0,0,0,0,0,0,0,0,0,0,9.04151130783443e-05,2.24096506923594e-05,1.81173782337178e-05,1.45608156848045e-05,1.17052908362651e-05,1.69106632909833e-05,1.5052804602256e-05,1.09327514621787e-05,0.000175755069004448,4.10675272180141e-05,0,0,0,0,0,0,0.00281866386904795,0.000744277732656293,0,0,0,0,0.00022134015708479,0.000123212386536344,0.00262299101129822,0.000794099394293391,0,0,0,0,0.000238466865264043,0.000132774671246386
"295",2025,295,0.00211152588872082,0.000861092718519942,2.13292091632646e-05,1.7122896541218e-05,1.37650743074926e-05,1.98868454760538e-05,0.000265220897464425,0.000150732816435094,0,0,0,0,0,0,0,0,0,0,0,0,0,0,0,0,7.18800442871108e-05,2.58752506975493e-05,2.13292091632646e-05,1.7122896541218e-05,1.37650743074926e-05,1.98868454760538e-05,1.76808586761642e-05,1.28488130199979e-05,6.51285744697453e-05,2.21071667428323e-05,0,0,0,0,0,0,0.00102817523914994,0.000396482889111624,0,0,0,0,0.000120146539848979,6.69196591044179e-05,0.000946342030814027,0.000416627411967936,0,0,0,0,0.000127393498939281,7.09643443106783e-05
"296",2025,296,0.00172937673095925,0.0010384727510875,2.58168587007039e-05,2.07031720101447e-05,1.66434541122233e-05,2.40458878840958e-05,0.000327458860059902,0.000186095981373259,0,0,0,0,0,0,0,0,0,0,0,0,0,0,0,0,5.88840879828774e-05,3.06567461788543e-05,2.58168587007039e-05,2.07031720101447e-05,1.66434541122233e-05,2.40458878840958e-05,2.13627441400057e-05,1.55301407951821e-05,5.50954609072059e-05,2.70657591714409e-05,0,0,0,0,0,0,0.000850407553528453,0.000481051874947892,0,0,0,0,0.000149135842994231,8.3096772017719e-05,0.000764989628540711,0.000499698370789315,0,0,0,0,0.000156960272925665,8.7469068560358e-05
"297",2025,297,0.00123154586300886,0.0010851314778873,2.76715932906849e-05,2.2168070824074e-05,1.78213484279657e-05,2.57483547177792e-05,0.000354795431764243,0.000201668784385974,0,0,0,0,0,0,0,0,0,0,0,0,0,0,0,0,4.14104250516482e-05,3.17766172965127e-05,2.76715932906849e-05,2.2168070824074e-05,1.78213484279657e-05,2.57483547177792e-05,2.28555060509814e-05,1.66223732850339e-05,3.99690448422426e-05,2.89333956192681e-05,0,0,0,0,0,0,0.000608764084289961,0.000506536017097645,0,0,0,0,0.000162698609380035,9.06922519860587e-05,0.000541402308825012,0.000517885447873875,0,0,0,0,0.000169241316333226,9.43541591148818e-05
"298",2025,298,0.000876968361867162,0.00117891484580261,3.13170439912355e-05,2.50652386471627e-05,2.01507248146712e-05,2.91146649136677e-05,0.00040662823124048,0.000231173833827147,0,0,0,0,0,0,0,0,0,0,0,0,0,0,0,0,3.05537051318134e-05,3.43304901738465e-05,3.13170439912355e-05,2.50652386471627e-05,2.01507248146712e-05,2.91146649136677e-05,2.58199123929392e-05,1.87867461458671e-05,0,3.20747945252695e-05,0,0,0,0,0,0,0.000451818536705544,0.000554110902607077,0,0,0,0,0.000187325011313515,0.000104466610310747,0.000394596120029804,0.000558398658496417,0,0,0,0,0.000193483307534025,0.000107920477370532
"299",2025,299,0.000741265822112939,0.000935766023061924,2.7150400256704e-05,2.17128139465896e-05,1.74558817661345e-05,2.52218171107396e-05,0.000350302453081672,0.000199265142468962,0,0,0,0,0,0,0,0,0,0,0,0,0,0,0,0,2.51862681080983e-05,2.80185728133127e-05,2.7150400256704e-05,2.17128139465896e-05,1.74558817661345e-05,2.52218171107396e-05,2.23447890956376e-05,1.62662876203217e-05,0,0,0,0,0,0,0,0,0.000379366287534482,0.000452282135541733,0,0,0,0,0.000161685302192739,9.02125044460678e-05,0.000336713266470358,0.000455465314706878,0,0,0,0,0.000166272361793294,9.27863504025727e-05
"300",2025,300,1.60874510054536e-05,0.000814940975041507,2.51790021890726e-05,2.0121790075304e-05,1.61769816976369e-05,2.33745940387382e-05,0.000322470097572323,0.000183533266963578,0,0,0,0,0,0,0,0,0,0,0,0,0,0,0,0,1.60874510054536e-05,2.4614376715328e-05,2.51790021890726e-05,2.0121790075304e-05,1.61769816976369e-05,2.33745940387382e-05,2.06894904421782e-05,1.50679370803163e-05,0,0,0,0,0,0,0,0,0,0.00039573541936476,0,0,0,0,0.000149425706459563,8.3408995207365e-05,0,0.000394591178961418,0,0,0,0,0.000152354900670582,8.5056334675897e-05
"301",2025,301,0,0.00071905607177394,2.32080231605167e-05,1.85351656435592e-05,1.4901556086381e-05,2.15322550365069e-05,0.000292712836253383,0.000166709450857074,0,0,0,0,0,0,0,0,0,0,0,0,0,0,0,0,0,2.15815171866167e-05,2.32080231605167e-05,1.85351656435592e-05,1.4901556086381e-05,2.15322550365069e-05,1.90425640521039e-05,1.38742460276459e-05,0,0,0,0,0,0,0,0,0,0.000349283364972936,0,0,0,0,0.000136547025431421,7.62516666024116e-05,0,0.000348191189614387,0,0,0,0,0.000137123246769857,7.65835382270166e-05
"302",2025,302,0,0.000717917680203302,2.36571266878737e-05,1.8882737147281e-05,1.51811075704867e-05,2.19367341078469e-05,0.000297308685694853,0.000169399762936443,0,0,0,0,0,0,0,0,0,0,0,0,0,0,0,0,0,2.15604642074998e-05,2.36571266878737e-05,1.8882737147281e-05,1.51811075704867e-05,2.19367341078469e-05,1.93849292447035e-05,1.41291334549915e-05,0,0,0,0,0,0,0,0,0,0.000348706955871373,0,0,0,0,0.00013874322456704,7.75079601370089e-05,0,0.000347650260124429,0,0,0,0,0.00013918053188311,7.77626693444428e-05
"303",2025,303,0,0.000641711531642855,2.15219361488009e-05,1.71688768219903e-05,1.38033213289044e-05,1.99463244686252e-05,0.000269546672161101,0.000153646593192865,0,0,0,0,0,0,0,0,0,0,0,0,0,0,0,0,0,1.92811291134795e-05,2.15219361488009e-05,1.71688768219903e-05,1.38033213289044e-05,1.99463244686252e-05,1.76119649250125e-05,1.28418599953263e-05,0,0,0,0,0,0,0,0,0,0.000311630807273542,0,0,0,0,0.000125829888785556,7.0321265549996e-05,0,0.000310799595255833,0,0,0,0,0.000126104818450532,7.04834676475424e-05
"304",2025,304,0,0.000538839335963048,1.83476845576716e-05,1.46288043688249e-05,1.17612320207359e-05,1.69958199040417e-05,0.000228990749998307,0.000130580610511127,0,0,0,0,0,0,0,0,0,0,0,0,0,0,0,0,0,1.62089487868985e-05,1.83476845576716e-05,1.46288043688249e-05,1.17612320207359e-05,1.69958199040417e-05,1.49956009853381e-05,1.09380795261757e-05,0,0,0,0,0,0,0,0,0,0.00026160703783546,0,0,0,0,0.00010691217425297,5.97704352225124e-05,0,0.000261023349340689,0,0,0,0,0.000107082974759999,5.98720957624392e-05
"305",2025,305,0,0.000658902706302332,2.27855478016255e-05,1.815771530559e-05,1.45984324145537e-05,2.10962101405315e-05,0.000283429468141669,0.000161685178327945,0,0,0,0,0,0,0,0,0,0,0,0,0,0,0,0,0,1.98864824221771e-05,2.27855478016255e-05,1.815771530559e-05,1.45984324145537e-05,2.10962101405315e-05,1.86010785342978e-05,1.35723640175958e-05,0,0,0,0,0,0,0,0,0,0.000319948906771566,0,0,0,0,0.000132277683761473,7.3975337283561e-05,0,0.00031906731710859,0,0,0,0,0.000132550705845898,7.41374770267887e-05
"306",2025,306,0,0.000636921334421026,2.24233586918223e-05,1.78602790865622e-05,1.43593701234731e-05,2.07512398591226e-05,0.000277730550681648,0.000158502576147193,0,0,0,0,0,0,0,0,0,0,0,0,0,0,0,0,0,1.92911198489965e-05,2.24233586918223e-05,1.78602790865622e-05,1.43593701234731e-05,2.07512398591226e-05,1.82828190016128e-05,1.33451223725157e-05,0,0,0,0,0,0,0,0,0,0.000309229804354702,0,0,0,0,0.00012957290165036,7.24897325805641e-05,0,0.000308400410217327,0,0,0,0,0.000129874830029675,7.26677211941134e-05
"307",2025,307,0,0.000504396554134215,1.80316800371595e-05,1.43555422950299e-05,1.15416665741031e-05,1.6679671460663e-05,0.000222501906050429,0.000127034484779922,0,0,0,0,0,0,0,0,0,0,0,0,0,0,0,0,0,1.52947663456525e-05,1.80316800371595e-05,1.43555422950299e-05,1.15416665741031e-05,1.6679671460663e-05,1.46844343496343e-05,1.07224970773125e-05,0,0,0,0,0,0,0,0,0,0.000244810116155758,0,0,0,0,0.000103826599840156,5.81071148088736e-05,0,0.000244291671632804,0,0,0,0,0.00010399087186064,5.82048728937357e-05
"308",2025,308,0,0.000483773366640941,1.7700804811178e-05,1.40856972445496e-05,1.13247199419955e-05,1.63664777031127e-05,0.000217681934126268,0.000124327125566278,0,0,0,0,0,0,0,0,0,0,0,0,0,0,0,0,0,1.4804748243715e-05,1.7700804811178e-05,1.40856972445496e-05,1.13247199419955e-05,1.63664777031127e-05,1.43993625145012e-05,1.05176428666014e-05,0,0,0,0,0,0,0,0,0,0.000234725390553197,0,0,0,0,0.000101325640908395,5.67252478853283e-05,0,0.000234243227844028,0,0,0,0,0.000101956930703371,5.70842348143485e-05
"309",2025,309,0,0.000393491628136631,1.46836520957763e-05,1.16798318741982e-05,9.3904324920855e-06,1.35713174357731e-05,0.000179455810516435,0.000102535868601628,0,0,0,0,0,0,0,0,0,0,0,0,0,0,0,0,0,1.20312360373845e-05,1.46836520957763e-05,1.16798318741982e-05,9.3904324920855e-06,1.35713174357731e-05,1.19325356435289e-05,8.71850561153666e-06,0,0,0,0,0,0,0,0,0,0.000190885596360573,0,0,0,0,8.3671220800139e-05,4.68561560095385e-05,0,0.000190574795738674,0,0,0,0,8.38520540727668e-05,4.69612069805529e-05
"310",2025,310,0.00065710430996875,0.00037292973613617,1.43900751512691e-05,1.14416647434168e-05,9.19892290894178e-06,1.32947754484768e-05,0.000173385651546634,9.91206636809313e-05,0,0,0,0,0,0,0,0,0,0,0,0,0,0,0,0,2.1728390468403e-05,1.16312848824091e-05,1.43900751512691e-05,1.14416647434168e-05,9.19892290894178e-06,1.32947754484768e-05,1.16828150385036e-05,8.53837238952341e-06,2.03342177709101e-05,0,0,0,0,0,0,0,0.000320035491407219,0.000178659118820441,0,0,0,0,7.96316189969216e-05,4.46061057641128e-05,0.000295006210322218,0.00018263933243332,0,0,0,0,8.20712175112087e-05,4.59761855272951e-05
"311",2025,311,0.00181020798628568,4.26010312769539e-05,2.05854661789597e-06,1.63614993776334e-06,1.31543482957638e-06,1.90116962656774e-06,2.0092782066552e-05,1.15431530212553e-05,0,0,0,0,0,0,0,0,0,0,0,0,0,0,0,0,7.0280246967212e-05,1.63746866140474e-06,2.05854661789597e-06,1.63614993776334e-06,1.31543482957638e-06,1.90116962656774e-06,1.66973933619212e-06,1.22065177406929e-06,5.02126291229195e-05,0,0,0,0,0,0,0,0.000848032300444516,1.9832449572205e-05,0,0,0,0,8.91764811844659e-06,4.99657019166298e-06,0.000841682809751032,2.11311130433441e-05,0,0,0,0,9.50539461191324e-06,5.32593105552308e-06
"312",2025,312,0.00104919260603323,2.31429465559378e-05,1.4022666007505e-06,1.11399183685773e-06,8.95617838726367e-07,1.29442685222962e-06,1.03799243068664e-05,6.01068837859454e-06,0,0,0,0,0,0,0,0,0,0,0,0,0,0,0,0,4.9352433787528e-05,1.19006262537878e-06,1.4022666007505e-06,1.11399183685773e-06,8.95617838726367e-07,1.29442685222962e-06,1.13657608893192e-06,8.30987518106552e-07,2.85708999081606e-05,0,0,0,0,0,0,0,0.000485697817226344,1.09631600781445e-05,0,0,0,0,4.61588748435868e-06,2.58660202299671e-06,0.0004855714551112,1.09897238524145e-05,0,0,0,0,4.62746073357582e-06,2.59309883749128e-06
"313",2025,313,0.00103398632291975,2.14628638954474e-05,1.17726706280025e-06,9.34677296761983e-07,7.51443627857279e-07,1.08606094641916e-06,8.89107234054349e-06,5.14567692292316e-06,0,0,0,0,0,0,0,0,0,0,0,0,0,0,0,0,4.75590270151081e-05,1.0793692683434e-06,1.17726706280025e-06,9.34677296761983e-07,7.51443627857279e-07,1.08606094641916e-06,9.534038995643e-07,6.97142736727428e-07,2.81871026641852e-05,0,0,0,0,0,0,0,0.000479174324240337,1.0179609856052e-05,0,0,0,0,3.9639529575346e-06,2.22152722801283e-06,0.000479065869000123,1.0203884771052e-05,0,0,0,0,3.97371548344459e-06,2.2270069581829e-06
"314",2025,314,0,1.48672880011667e-05,6.80081456454654e-07,5.39532579644239e-07,4.33756425902516e-07,6.2691208034817e-07,5.55914470959737e-06,3.20984930741368e-06,0,0,0,0,0,0,0,0,0,0,0,0,0,0,0,0,0,6.86723749056053e-07,6.80081456454654e-07,5.39532579644239e-07,4.33756425902516e-07,6.2691208034817e-07,5.50214900357136e-07,4.02369666813718e-07,0,0,0,0,0,0,0,0,0,7.09049164460056e-06,0,0,0,0,2.5044710304093e-06,1.40374156229054e-06,0,7.09007260751013e-06,0,0,0,0,2.50445877883094e-06,1.40373807830942e-06
"315",2025,315,0.00168933886053913,9.20154860176645e-05,9.94361939396683e-07,7.88256003283137e-07,6.33707039668858e-07,9.15908296868313e-07,9.29204411049126e-06,5.34599169165141e-06,0,0,0,0,0,0,0,0,0,0,0,0,0,0,0,0,6.8165824375556e-05,3.59724751681562e-06,9.94361939396683e-07,7.88256003283137e-07,6.33707039668858e-07,9.15908296868313e-07,8.0368046782496e-07,5.87791058443626e-07,4.67099518760387e-05,2.31575949359338e-06,0,0,0,0,0,0,0.000789694840863744,4.17263744321458e-05,0,0,0,0,4.11189523479612e-06,2.30494161460559e-06,0.000784768243423792,4.43761045751097e-05,0,0,0,0,4.37646840787018e-06,2.4532590186022e-06
"316",2025,316,0.00148091158946382,6.57133058785206e-05,2.9407009448864e-05,1.97286865947e-05,1.35939649872168e-05,1.57111053969035e-05,1.06387120867363e-05,6.09965757328347e-06,0,0,0,0,0,0,0,0,0,0,0,0,0,0,0,0,5.95779323924649e-05,2.5748611591741e-06,1.29677835282115e-06,9.87537271368172e-07,7.71752345132659e-07,1.06567699659985e-06,9.22450667127778e-07,6.7228609609058e-07,4.09581739020869e-05,1.66260822733294e-06,0,0,0,0,0,0,0.000692377120382124,2.98515240989226e-05,1.36458759581907e-05,9.09764114294581e-06,6.22433176260238e-06,7.10933880519368e-06,4.71655664201055e-06,2.63459821793143e-06,0.000687998362787141,3.16243123930909e-05,1.44643551378521e-05,9.643508180386e-06,6.59788087948174e-06,7.53608959510998e-06,4.999704777598e-06,2.79277325926146e-06
"317",2025,317,0.00165595230158134,7.7330352274367e-05,4.58361189477258e-05,3.02270591931101e-05,2.05547249148687e-05,2.32044850369104e-05,1.55836701421329e-05,8.91367778608678e-06,0,0,0,0,0,0,0,0,0,0,0,0,0,0,0,0,6.65989821093859e-05,2.96901196282109e-06,1.9796150022374e-06,1.48204768230932e-06,1.14318264142714e-06,1.54228614604118e-06,1.32456820826514e-06,9.63554047768711e-07,4.59815793856893e-05,1.92693341323098e-06,0,0,0,0,0,0,0.000775289872478241,3.49725322286004e-05,2.11671979940092e-05,1.3873460254233e-05,9.36866986980673e-06,1.04548152949296e-05,6.88183257711789e-06,3.83693394174487e-06,0.000768081867608024,3.74618746697145e-05,2.26893059514792e-05,1.48715512565679e-05,1.00428724036348e-05,1.12073835959396e-05,7.37726935674988e-06,4.11318979657319e-06
"318",2025,318,0.0015428109358729,8.28950584718521e-05,5.76223584892172e-05,3.7651220520907e-05,2.5414046722884e-05,2.82869944368327e-05,1.88954922924346e-05,1.07941648439672e-05,0,0,0,0,0,0,0,0,0,0,0,0,0,0,0,0,6.18520508506469e-05,3.16369810790503e-06,2.47363429752953e-06,1.8349778928512e-06,1.40501217736643e-06,1.869006273553e-06,1.59677646769091e-06,1.16025269530022e-06,4.29856785887755e-05,2.06702652689306e-06,0,0,0,0,0,0,0.000723211867771681,3.75089013774092e-05,2.66242258342927e-05,1.72906996582123e-05,1.15904869648307e-05,1.27532721643473e-05,8.35090265621988e-06,4.6507224592499e-06,0.000714761338661799,4.01554324596448e-05,2.8524498357395e-05,1.85255429698435e-05,1.24185475806868e-05,1.36647159989324e-05,8.9478131685238e-06,4.9831896894171e-06
"319",2025,319,0.00104662629649874,6.40582881261658e-05,4.95946994581448e-05,3.22218720637602e-05,2.16464953995993e-05,2.38629634166228e-05,1.58835156237855e-05,9.07091898036635e-06,0,0,0,0,0,0,0,0,0,0,0,0,0,0,0,0,4.15736607846829e-05,2.49371651693252e-06,2.17327539064739e-06,1.60281746912697e-06,1.22127770352243e-06,1.60867355761059e-06,1.36892199056443e-06,9.93904537395306e-07,2.91217608690061e-05,1.64020070230203e-06,0,0,0,0,0,0,0.000490478206118652,2.92283054231058e-05,2.31225696460106e-05,1.49295083862995e-05,9.95899785201832e-06,1.08507136957479e-05,7.07697189602884e-06,3.93814700483337e-06,0.000485452668726398,3.06960654838254e-05,2.42988544214868e-05,1.56895462083337e-05,1.04662198440586e-05,1.14035761632643e-05,7.43762173719219e-06,4.13886743813768e-06
"320",2025,320,0.00100544967175163,7.43663735910882e-05,5.88784849222837e-05,3.81524079470234e-05,2.55849340794255e-05,2.81007191596268e-05,1.86773138220975e-05,1.06679141279265e-05,0,0,0,0,0,0,0,0,0,0,0,0,0,0,0,0,4.07877671373419e-05,2.94221023002179e-06,2.62135877383069e-06,1.92797304699656e-06,1.46624786220225e-06,1.92387358307541e-06,1.63427617705891e-06,1.18626565078685e-06,2.80489627925325e-05,1.90018417222471e-06,0,0,0,0,0,0,0.000471312710062537,3.38968926615821e-05,2.74177690016953e-05,1.76541550133321e-05,1.17542057436232e-05,1.27570941578183e-05,8.30575516987108e-06,4.62076817705763e-06,0.000465300231759222,3.56270865272596e-05,2.88393571467577e-05,1.85702798866947e-05,1.23644804736e-05,1.34197514187331e-05,8.73728247516747e-06,4.86088030008205e-06
"321",2025,321,0.00103901290554835,7.4414358498774e-05,6.05694034918911e-05,3.91565243406261e-05,2.62169743011318e-05,2.86983752228864e-05,1.9052042827909e-05,1.08863161543321e-05,0,0,0,0,0,0,0,0,0,0,0,0,0,0,0,0,4.35242861767749e-05,3.02073006439293e-06,2.76596770811386e-06,2.02925453025055e-06,1.54056383269667e-06,2.01400245843169e-06,1.70794496039245e-06,1.23944747976726e-06,2.89739948923898e-05,1.88903645014785e-06,0,0,0,0,0,0,0.000486540843044858,3.38226873030975e-05,2.81172177415197e-05,1.8059352256346e-05,1.2002875761223e-05,1.29794113381627e-05,8.4362090726865e-06,4.69223939837676e-06,0.000479973781434325,3.56819046811357e-05,2.96862180422575e-05,1.90679175540295e-05,1.26735347072121e-05,1.3704961426292e-05,8.9078887948301e-06,4.95462927618807e-06
"322",2025,322,0.00101172557235616,5.38094895495801e-05,4.47862120166277e-05,2.88969705475493e-05,1.93236022717701e-05,2.10932026982008e-05,1.39944595025244e-05,8.00452453284781e-06,0,0,0,0,0,0,0,0,0,0,0,0,0,0,0,0,4.41836467034566e-05,2.29031488144087e-06,2.14457375535448e-06,1.56983516029967e-06,1.1898791619677e-06,1.55028713612598e-06,1.31258136069673e-06,9.5232937484824e-07,2.80271075810069e-05,1.36447683963582e-06,0,0,0,0,0,0,0.000472128301145425,2.4412983744943e-05,2.07499321584956e-05,1.32974955806781e-05,8.82385628727847e-06,9.50948230452423e-06,6.17091193970683e-06,3.43153759916007e-06,0.000467386516926267,2.57417140835604e-05,2.18917061027776e-05,1.40296398065715e-05,9.30986682252389e-06,1.00334332575506e-05,6.51096620212081e-06,3.62065755883951e-06
"323",2025,323,0.00091232132862031,4.24380537381356e-05,3.5524788083957e-05,2.2879853622141e-05,1.52822229624056e-05,1.66376920066104e-05,1.1031729680937e-05,6.31607580299779e-06,0,0,0,0,0,0,0,0,0,0,0,0,0,0,0,0,4.12976253535579e-05,1.88727354604026e-06,1.77739687552289e-06,1.29831783851275e-06,9.82607318835558e-07,1.27614072174449e-06,1.07878605137265e-06,7.82540799186657e-07,2.5167260685096e-05,1.07983577567959e-06,0,0,0,0,0,0,0.000424662741551781,1.92497059326088e-05,1.64545176573664e-05,1.05225670164363e-05,6.97204714506987e-06,7.48976032038751e-06,4.85269520032692e-06,2.69794495199556e-06,0.000421193701029875,2.02212384838069e-05,1.72928735510677e-05,1.10589687671919e-05,7.3275684985002e-06,7.87179096447837e-06,5.10024842923744e-06,2.83559005181557e-06
"324",2025,324,0.000801060584603444,4.56643968846637e-05,3.81410632315952e-05,2.45186824297571e-05,1.63562693097116e-05,1.77567142573198e-05,1.17626417343989e-05,6.73837921208017e-06,0,0,0,0,0,0,0,0,0,0,0,0,0,0,0,0,3.71912613214767e-05,2.08883318584859e-06,1.96259906653874e-06,1.43061570518893e-06,1.08112843445865e-06,1.39960710006009e-06,1.18130084468481e-06,8.56722095081385e-07,2.21072598386202e-05,1.16561353456887e-06,0,0,0,0,0,0,0.00037261660817648,2.07177300623879e-05,1.76688546590784e-05,1.12756042957665e-05,7.45991422929739e-06,7.98825245331167e-06,5.16754801693886e-06,2.87238337496093e-06,0.000369145455266867,2.16922201018583e-05,1.8509609505978e-05,1.18124624288016e-05,7.81522664595553e-06,8.36885470394802e-06,5.41379287277523e-06,3.00927374203786e-06
"325",2025,325,0.00075467627190978,5.19326528316861e-05,4.38069521846847e-05,2.81079959171284e-05,1.87261611467079e-05,2.02695668518809e-05,1.34129572755091e-05,7.6872414013207e-06,0,0,0,0,0,0,0,0,0,0,0,0,0,0,0,0,3.60022793498304e-05,2.4332651658107e-06,2.30819068038179e-06,1.67907051267491e-06,1.26697873850186e-06,1.6348405556842e-06,1.37762321635962e-06,9.98877936157741e-07,2.0858138303243e-05,1.32356812007194e-06,0,0,0,0,0,0,0.000350896758845894,2.35331337437901e-05,2.02649131928762e-05,1.29057189231916e-05,8.52555020414678e-06,9.09950395769633e-06,5.8769388712895e-06,3.26596573110658e-06,0.000346919095410813,2.46426858020134e-05,2.12338483114268e-05,1.3523206481262e-05,8.93363220405925e-06,9.53522233850033e-06,6.15839518786e-06,3.42239773405638e-06
"326",2025,326,0.000744901558641445,6.18345396455983e-05,5.30975488508603e-05,3.40084076739012e-05,2.26281473860074e-05,2.44215764255277e-05,1.61423846985823e-05,9.25494914408336e-06,0,0,0,0,0,0,0,0,0,0,0,0,0,0,0,0,3.65797443964698e-05,2.95822875056431e-06,2.85530990763992e-06,2.073038374359e-06,1.56198131506759e-06,2.00903454696866e-06,1.69023903781579e-06,1.22527514533411e-06,2.06499010003909e-05,1.56842721627275e-06,0,0,0,0,0,0,0.000346356067014767,2.79598083065302e-05,2.45023655740573e-05,1.55740865553805e-05,1.02733262694127e-05,1.09297965345328e-05,7.0477627130861e-06,3.91575341979501e-06,0.000341315846229818,2.9348075372231e-05,2.5739873369163e-05,1.63612827441618e-05,1.07928398015271e-05,1.14827453440262e-05,7.40438294768037e-06,4.11392057895424e-06
"327",2025,327,0.000637122203220303,6.30441323843867e-05,5.53795237447597e-05,3.54157096538071e-05,2.35387509907088e-05,2.53378545217038e-05,1.67342712200444e-05,9.60092519756129e-06,0,0,0,0,0,0,0,0,0,0,0,0,0,0,0,0,3.21360480361119e-05,3.10958597467009e-06,3.0698292545838e-06,2.22485219928124e-06,1.67409461999934e-06,2.14667308346224e-06,1.80323523535353e-06,1.30691369155641e-06,1.76766901405847e-05,1.60618206918006e-06,0,0,0,0,0,0,0.000296033901544719,2.85199135867894e-05,2.55652969502947e-05,1.62210281533296e-05,1.06855600662132e-05,1.13337258990021e-05,7.29688798193283e-06,4.05331913196529e-06,0.000291275563498888,2.98084507537471e-05,2.67443975398812e-05,1.69698293011962e-05,1.11790963044963e-05,1.18574555392394e-05,7.63414800275804e-06,4.24069237403958e-06
"328",2025,328,0.000467891208598098,4.76870674297238e-05,4.09087525224413e-05,2.61772757738088e-05,1.74260423628213e-05,1.88075791369135e-05,1.24731007383546e-05,7.19553494682973e-06,0,0,0,0,0,0,0,0,0,0,0,0,0,0,0,0,2.55883145534015e-05,2.7747607368288e-06,2.67957540272423e-06,1.94043970122459e-06,1.46007654087452e-06,1.87231738810816e-06,1.57239669984635e-06,1.13972512010399e-06,1.26395782595564e-05,1.28261705722159e-06,0,0,0,0,0,0,0.000214868392705549,2.18055689757056e-05,1.91055635526214e-05,1.21125175941161e-05,7.97902523697598e-06,8.46336456248035e-06,5.44758672469282e-06,3.02636067240963e-06,0.000214794923079592,2.18241206599677e-05,1.91236135670956e-05,1.21243184784682e-05,7.98694058497085e-06,8.47189718632501e-06,5.45311731381547e-06,3.02944915431611e-06
"329",2025,329,0.00035145149207155,3.61409732267364e-05,3.18484264191316e-05,2.03519978461991e-05,1.35354855304706e-05,1.45736569744928e-05,9.66175805677749e-06,5.58086678511118e-06,0,0,0,0,0,0,0,0,0,0,0,0,0,0,0,0,2.00670703982163e-05,2.19560351458987e-06,2.17734169413282e-06,1.57397521653019e-06,1.18268897991633e-06,1.51187469790772e-06,1.26767277768554e-06,9.18644403792604e-07,9.46947539291803e-06,9.6953467672576e-07,0,0,0,0,0,0,0.000160978534442447,1.64826964303578e-05,1.48303279801195e-05,9.38560360545482e-06,6.17411407313251e-06,6.52843492470244e-06,4.19545273690304e-06,2.33022338590984e-06,0.000160936411837969,1.6493138605063e-05,1.48407567448793e-05,9.39241902421408e-06,6.17868247742174e-06,6.53334735188261e-06,4.19863254218891e-06,2.33199899540873e-06
"330",2025,330,0.000332627034884572,3.45677382280784e-05,3.11839571439512e-05,1.99022928249522e-05,1.32242824722322e-05,1.42055330216752e-05,9.41238484886935e-06,5.44197982358838e-06,0,0,0,0,0,0,0,0,0,0,0,0,0,0,0,0,1.96131420609949e-05,2.16846644977888e-06,2.20081810009772e-06,1.58844872560889e-06,1.19205679393372e-06,1.5194508301984e-06,1.27209477384206e-06,9.21657704878758e-07,8.94448274591537e-06,9.25395174309596e-07,0,0,0,0,0,0,0.000152053884597331,1.57322612370607e-05,1.44867893046903e-05,9.15379878763126e-06,6.01402041475014e-06,6.34079616735325e-06,4.06869374467547e-06,2.2593506906878e-06,0.00015201552548033,1.57416153669292e-05,1.44963497391632e-05,9.16004531171206e-06,6.01820526354831e-06,6.34528602412352e-06,4.07159633035182e-06,2.26097142802182e-06
"331",2025,331,0.000297589190715857,3.25042118260553e-05,2.86568420547563e-05,1.82819583699858e-05,1.21524576290042e-05,1.30635957239431e-05,8.66374728309383e-06,5.0167262075746e-06,0,0,0,0,0,0,0,0,0,0,0,0,0,0,0,0,1.8235276755664e-05,2.11876499421051e-06,2.10088270776819e-06,1.5151179793461e-06,1.13698783100021e-06,1.44928751962761e-06,1.21304997374757e-06,8.78958973295869e-07,7.98254205305527e-06,8.67909853743431e-07,0,0,0,0,0,0,0.000135701320837471,1.47549148173562e-05,1.32740991563905e-05,8.3808838352361e-06,5.50603466741232e-06,5.80532892171098e-06,3.72416873962253e-06,2.06822460920611e-06,0.000135670051069667,1.47626221607452e-05,1.32818601905977e-05,8.3859565554036e-06,5.50943513059172e-06,5.80897928260448e-06,3.72652856972373e-06,2.06954262507263e-06
"332",2025,332,0.000211870608548523,2.33220515665676e-05,2.11286429721118e-05,1.34871742657263e-05,8.97516861061333e-06,9.65701039714728e-06,6.43592526278165e-06,3.7548460001042e-06,0,0,0,0,0,0,0,0,0,0,0,0,0,0,0,0,1.57191209776342e-05,1.83926925186821e-06,1.87066012087268e-06,1.34699487694413e-06,1.00953121920624e-06,1.28303900487023e-06,1.07224114386636e-06,7.76760977607775e-07,5.60483147966721e-06,6.13672493035047e-07,0,0,0,0,0,0,9.5281182548791e-05,1.04326529707261e-05,9.62702829981756e-06,6.06880676208053e-06,3.98195913857699e-06,4.18606507871171e-06,2.68124768303982e-06,1.4887105572579e-06,9.52654735424309e-05,1.04364568509382e-05,9.63095455142155e-06,6.0713726267016e-06,3.9836782528301e-06,4.18790631356534e-06,2.68243643587548e-06,1.48937446523853e-06
"333",2025,333,0.000165018817775532,1.90394791077826e-05,1.68858438153374e-05,1.07795330551666e-05,7.17993927688993e-06,7.73752484968591e-06,5.16864638802878e-06,3.02500135711136e-06,0,0,0,0,0,0,0,0,0,0,0,0,0,0,0,0,1.31112590613652e-05,1.60754671720334e-06,1.59939912207793e-06,1.15074605265261e-06,8.62410465306352e-07,1.09607292401452e-06,9.15759318396048e-07,6.63459401977612e-07,4.34052429735985e-06,4.97980194664353e-07,0,0,0,0,0,0,7.3788329109133e-05,8.46579964833463e-06,7.64202424128109e-06,4.81361021999798e-06,3.1582393053258e-06,3.32016324641413e-06,2.12608023724375e-06,1.1805680275278e-06,7.37787053076735e-05,8.46815254758024e-06,7.64442045197839e-06,4.81517678251603e-06,3.15928950625777e-06,3.32128867925726e-06,2.12680683238898e-06,1.18097392760595e-06
"334",2025,334,0.000139209805781859,1.61281469855882e-05,1.46999248236742e-05,9.37526000879193e-06,6.24059007768743e-06,6.71224811794472e-06,4.48439512854019e-06,2.6292465712908e-06,0,0,0,0,0,0,0,0,0,0,0,0,0,0,0,0,1.15513254226504e-05,1.42186078175304e-06,1.45311488807396e-06,1.0439077199799e-06,7.8133790231831e-07,9.9009152682716e-07,8.2591830881751e-07,5.98233556483127e-07,3.64760669836885e-06,4.20126701342871e-07,0,0,0,0,0,0,6.2008893878727e-05,7.14224999919479e-06,6.62253806480605e-06,4.16510943884062e-06,2.72924637018847e-06,2.86067231141564e-06,1.82897664486099e-06,1.01536028634719e-06,6.2001979782113e-05,7.1439095032975e-06,6.62427187079418e-06,4.16624284997141e-06,2.73000580518065e-06,2.86148427970192e-06,1.8295001748617e-06,1.01565272846048e-06
"335",2025,335,0.000153272690904417,1.7873301878312e-05,1.6684967668007e-05,1.06343191600164e-05,7.07584065182852e-06,7.59915678351463e-06,5.07954237557651e-06,2.98460279611431e-06,0,0,0,0,0,0,0,0,0,0,0,0,0,0,0,0,1.33578060837405e-05,1.65444071329459e-06,1.73072733289665e-06,1.24167943613713e-06,9.2828838279822e-07,1.17309959060092e-06,9.77126989870232e-07,7.07610326208435e-07,3.99783884075439e-06,4.63332462398949e-07,0,0,0,0,0,0,6.79627466258371e-05,7.87676721259303e-06,7.47605455978634e-06,4.69562318715013e-06,3.07330950961213e-06,3.21253071742428e-06,2.05088707213023e-06,1.13831714501011e-06,6.79542993540854e-05,7.87876149002546e-06,7.47818577532399e-06,4.69701653672911e-06,3.07424275941817e-06,3.21352647548943e-06,2.05152831357606e-06,1.13867532489577e-06
"336",2025,336,0.000157084936612122,1.91521330918118e-05,1.75492093408523e-05,1.12011811320676e-05,7.47058539516459e-06,8.05412909501533e-06,5.41618089449937e-06,3.20612851678533e-06,0,0,0,0,0,0,0,0,0,0,0,0,0,0,0,0,1.5786082413726e-05,2.04236504997995e-06,2.09323435267855e-06,1.50063444633116e-06,1.12182766770715e-06,1.41769178702703e-06,1.18055332619937e-06,8.54998873117449e-07,4.03739160656618e-06,4.88783866565451e-07,0,0,0,0,0,0,6.86351229040977e-05,8.30944656948609e-06,7.72688328218099e-06,4.84955106071078e-06,3.17389479287408e-06,3.31770186128137e-06,2.11748098928937e-06,1.17537888428946e-06,6.86263396877318e-05,8.31153760578035e-06,7.72909170599275e-06,4.8509956250256e-06,3.17486293458336e-06,3.31873544670693e-06,2.11814657901063e-06,1.17575075937842e-06
"337",2025,337,8.95589726631583e-05,1.0969080066255e-05,1.03118154946578e-05,6.58049107220097e-06,4.38911179068543e-06,4.72817211672121e-06,3.18478121355118e-06,1.89169898836803e-06,0,0,0,0,0,0,0,0,0,0,0,0,0,0,0,0,9.60916379178474e-06,1.2484457565079e-06,1.31150743851726e-06,9.39000815921655e-07,7.0115976970938e-07,8.83656813464796e-07,7.34744048144843e-07,5.32014066370616e-07,2.28437182629238e-06,2.77711103169865e-07,0,0,0,0,0,0,3.88341470159927e-05,4.72112734900557e-06,4.49979262642532e-06,2.82050867871266e-06,1.84381759720734e-06,1.92208887487639e-06,1.22491003124048e-06,6.79781814396712e-07,3.88312900290885e-05,4.72179585757161e-06,4.50051542971521e-06,2.82098157756665e-06,1.84413442376871e-06,1.92242642838003e-06,1.22512713416585e-06,6.79903107600702e-07
"338",2025,338,0.000107637374601052,1.37682622937354e-05,1.2742429382216e-05,8.16156658466377e-06,5.46977442026226e-06,5.93763047570395e-06,4.04762826830554e-06,2.43814087610652e-06,0,0,0,0,0,0,0,0,0,0,0,0,0,0,0,0,1.45132231291231e-05,1.96549793799271e-06,2.02496186748883e-06,1.44873378284522e-06,1.08171818858409e-06,1.36327084402137e-06,1.13323730834221e-06,8.20622662572777e-07,2.66081654372971e-06,3.37192190670338e-07,0,0,0,0,0,0,4.52336407071726e-05,5.73232090102972e-06,5.35823609677606e-06,3.35609062467636e-06,2.19380972244858e-06,2.28694699931639e-06,1.45704574294257e-06,8.08675428975265e-07,4.52296942210266e-05,5.73325126404262e-06,5.35923141795112e-06,3.35674217714218e-06,2.19424650922959e-06,2.28741263236619e-06,1.45734521702076e-06,8.0884278455848e-07
"339",2025,339,6.90529744205479e-05,8.8760769323594e-06,8.47146622856144e-06,5.45216011891331e-06,3.67381486067429e-06,4.01803646180795e-06,2.77894624012166e-06,1.70334768233529e-06,0,0,0,0,0,0,0,0,0,0,0,0,0,0,0,0,1.19634904403545e-05,1.62398212893591e-06,1.71629987501557e-06,1.22637533880206e-06,9.14647527350039e-07,1.1495708439226e-06,9.54157531431697e-07,6.90792520054815e-07,1.63117637534166e-06,2.07191598594941e-07,0,0,0,0,0,0,2.77299065193422e-05,3.52227726536885e-06,3.3773921695219e-06,2.11276731411214e-06,1.37949984407728e-06,1.43414363038703e-06,9.12337069720085e-07,5.06245570229257e-07,2.77284010855096e-05,3.52262593945969e-06,3.37777418402397e-06,2.11301746599911e-06,1.37966748924698e-06,1.43432198749832e-06,9.12451638969875e-07,5.0630959205122e-07
"340",2025,340,3.35164409718524e-05,4.49339346695443e-06,4.2298205512689e-06,2.73497313766884e-06,1.85343867264408e-06,2.04511030522113e-06,1.43325861914507e-06,8.91367145733716e-07,0,0,0,0,0,0,0,0,0,0,0,0,0,0,0,0,6.97597876176907e-06,9.85382609835023e-07,1.02226015626808e-06,7.2991640775323e-07,5.443478562542e-07,6.8416238321286e-07,5.67713347138303e-07,4.11047141085443e-07,7.58309528284866e-07,1.00226423844063e-07,0,0,0,0,0,0,1.28912417783839e-05,1.70385364534551e-06,1.60373833733469e-06,1.00250093755085e-06,6.54527015575238e-07,6.80454381580536e-07,4.32760059189003e-07,2.40152972561967e-07,1.28909109034145e-05,1.70393078792984e-06,1.60382205766613e-06,1.00255579236476e-06,6.54563800814639e-07,6.80493540427731e-07,4.32785212817762e-07,2.40167032086306e-07
"341",2025,341,2.41984858853584e-05,3.25674955261902e-06,3.16596495845295e-06,2.05907097135882e-06,1.40421586959392e-06,1.56265402810311e-06,1.11186242657254e-06,7.03398881794446e-07,0,0,0,0,0,0,0,0,0,0,0,0,0,0,0,0,6.16369098330576e-06,8.71280441354599e-07,9.2759680815111e-07,6.61532910273249e-07,4.92795658381928e-07,6.17693432526881e-07,5.11785447052422e-07,3.70470434553157e-07,5.1528482165212e-07,6.81551300241219e-08,0,0,0,0,0,0,8.75983249836832e-06,1.15863925026242e-06,1.1191643580772e-06,6.98756106321328e-07,4.5570144106738e-07,4.7247109240082e-07,3.00032584000239e-07,1.66460922791251e-07,8.75967758203225e-06,1.15867473097787e-06,1.11920379222465e-06,6.98781954764246e-07,4.55718770144616e-07,4.72489503175409e-07,3.00044395519882e-07,1.66467524450038e-07
"342",2025,342,3.03525427598806e-05,4.2555807759674e-06,4.08706095023117e-06,2.67267305008098e-06,1.83432155501919e-06,2.06087168431749e-06,1.48639225138708e-06,9.53609924554396e-07,0,0,0,0,0,0,0,0,0,0,0,0,0,0,0,0,9.00475106559695e-06,1.32227539109886e-06,1.38300299673264e-06,9.85600122741864e-07,7.34152748602055e-07,9.20219224636298e-07,7.62238047334438e-07,5.51810778762411e-07,6.09943976892583e-07,8.38071071021843e-08,0,0,0,0,0,0,1.03690341190637e-05,1.42472373807706e-06,1.35200098443457e-06,8.43518103200453e-07,5.50072086311887e-07,5.70313136255594e-07,3.62068701894466e-07,2.00894876731282e-07,1.03688135983274e-05,1.4247745396893e-06,1.35205696906396e-06,8.43554824138665e-07,5.5009672010525e-07,5.70339323425599e-07,3.62085502158181e-07,2.00904269060702e-07
"343",2025,343,3.1190987313439e-05,4.3954776944031e-06,4.37765656438428e-06,2.89164898815328e-06,2.00527812665656e-06,2.28459018273407e-06,1.68410502752318e-06,1.10495043152828e-06,0,0,0,0,0,0,0,0,0,0,0,0,0,0,0,0,1.17011379104045e-05,1.71791069573767e-06,1.8442191748297e-06,1.31280649979024e-06,9.76813143444586e-07,1.22111955933913e-06,1.0099631713112e-06,7.30984305772237e-07,5.5685881344814e-07,7.6500571868101e-08,0,0,0,0,0,0,9.46658842292529e-06,1.30051213928451e-06,1.26669491441005e-06,7.89405637891811e-07,5.14222024519771e-07,5.31724205831957e-07,3.37063811886031e-07,1.86979084688667e-07,9.46640216666101e-06,1.30055428751282e-06,1.26674247514453e-06,7.89436850471222e-07,5.142429586922e-07,5.31746417562982e-07,3.3707804432595e-07,1.86987041067375e-07
"344",2025,344,1.13767598011112e-05,1.68955935296162e-06,1.70449949057849e-06,1.16063418861996e-06,8.29748139174335e-07,9.85961408585704e-07,7.67830370611567e-07,5.29470466227535e-07,0,0,0,0,0,0,0,0,0,0,0,0,0,0,0,0,6.96119041816994e-06,1.06026281301652e-06,1.11908757439697e-06,7.96061665735932e-07,5.92280612257202e-07,7.40411948509024e-07,6.1221633751699e-07,4.43140165208256e-07,1.26159436471912e-07,1.79798308552255e-08,0,0,0,0,0,0,2.14470982538946e-06,3.05657250979033e-07,2.92704722142717e-07,1.82285449742274e-07,1.18733218696463e-07,1.227741516743e-07,7.78066459568524e-08,4.31649432851344e-08,2.14470012107992e-06,3.05659458110834e-07,2.92707194038802e-07,1.82287073141757e-07,1.1873430822067e-07,1.22775308402381e-07,7.78073871377247e-08,4.31653577341448e-08
"345",2025,345,6.2623604881952e-06,9.52928941143799e-07,1.03225524823066e-06,7.33517296264474e-07,5.45167884833435e-07,6.79735395546489e-07,5.61208018620917e-07,4.06128192832108e-07,0,0,0,0,0,0,0,0,0,0,0,0,0,0,0,0,6.2623604881952e-06,9.52928941143799e-07,1.03225524823066e-06,7.33517296264474e-07,5.45167884833435e-07,6.79735395546489e-07,5.61208018620917e-07,4.06128192832108e-07,0,0,0,0,0,0,0,0,0,0,0,0,0,0,0,0,0,0,0,0,0,0,0,0
"346",2025,346,2.64393843734222e-06,4.16795906727736e-07,4.44213962345129e-07,3.15439974910094e-07,2.34425448144533e-07,2.92288933600463e-07,2.41256838038059e-07,1.7460302833484e-07,0,0,0,0,0,0,0,0,0,0,0,0,0,0,0,0,2.64393843734222e-06,4.16795906727736e-07,4.44213962345129e-07,3.15439974910094e-07,2.34425448144533e-07,2.92288933600463e-07,2.41256838038059e-07,1.7460302833484e-07,0,0,0,0,0,0,0,0,0,0,0,0,0,0,0,0,0,0,0,0,0,0,0,0
"347",2025,347,2.98584912302224e-06,4.70010927744882e-07,5.1398305680768e-07,3.64624142842757e-07,2.70699921874493e-07,3.36654695677056e-07,2.77466363058568e-07,2.00764146982976e-07,0,0,0,0,0,0,0,0,0,0,0,0,0,0,0,0,2.98584912302224e-06,4.70010927744882e-07,5.1398305680768e-07,3.64624142842757e-07,2.70699921874493e-07,3.36654695677056e-07,2.77466363058568e-07,2.00764146982976e-07,0,0,0,0,0,0,0,0,0,0,0,0,0,0,0,0,0,0,0,0,0,0,0,0
"348",2025,348,7.12488954091448e-06,1.1605070532224e-06,1.24944457944875e-06,8.85776149733739e-07,6.57557986097988e-07,8.17764815938494e-07,6.73809195446996e-07,4.87579159692341e-07,0,0,0,0,0,0,0,0,0,0,0,0,0,0,0,0,7.12488954091448e-06,1.1605070532224e-06,1.24944457944875e-06,8.85776149733739e-07,6.57557986097988e-07,8.17764815938494e-07,6.73809195446996e-07,4.87579159692341e-07,0,0,0,0,0,0,0,0,0,0,0,0,0,0,0,0,0,0,0,0,0,0,0,0
"349",2025,349,9.3725425854144e-06,1.52392396904929e-06,1.68287171745077e-06,1.19196279396218e-06,8.83984037887154e-07,1.09661882943195e-06,9.02256008792184e-07,6.52743926118879e-07,0,0,0,0,0,0,0,0,0,0,0,0,0,0,0,0,9.3725425854144e-06,1.52392396904929e-06,1.68287171745077e-06,1.19196279396218e-06,8.83984037887154e-07,1.09661882943195e-06,9.02256008792184e-07,6.52743926118879e-07,0,0,0,0,0,0,0,0,0,0,0,0,0,0,0,0,0,0,0,0,0,0,0,0
"350",2025,350,1.12332365004345e-05,1.88787549094145e-06,2.05380377816938e-06,1.4537550562242e-06,1.07805316099275e-06,1.33736427013726e-06,1.100034848611e-06,7.95887430050818e-07,0,0,0,0,0,0,0,0,0,0,0,0,0,0,0,0,1.12332365004345e-05,1.88787549094145e-06,2.05380377816938e-06,1.4537550562242e-06,1.07805316099275e-06,1.33736427013726e-06,1.100034848611e-06,7.95887430050818e-07,0,0,0,0,0,0,0,0,0,0,0,0,0,0,0,0,0,0,0,0,0,0,0,0
"351",2025,351,7.55818327445725e-06,1.31213203422784e-06,1.40686470591077e-06,9.95157078856759e-07,7.37916964848042e-07,9.15409436734178e-07,7.52757132438184e-07,5.44668399303298e-07,0,0,0,0,0,0,0,0,0,0,0,0,0,0,0,0,7.55818327445725e-06,1.31213203422784e-06,1.40686470591077e-06,9.95157078856759e-07,7.37916964848042e-07,9.15409436734178e-07,7.52757132438184e-07,5.44668399303298e-07,0,0,0,0,0,0,0,0,0,0,0,0,0,0,0,0,0,0,0,0,0,0,0,0
"352",2025,352,2.96235008531234e-06,5.29145125051057e-07,5.61470629708503e-07,3.96896181714947e-07,2.94270955946091e-07,3.64975619626463e-07,3.00008029946047e-07,2.1708283913299e-07,0,0,0,0,0,0,0,0,0,0,0,0,0,0,0,0,2.96235008531234e-06,5.29145125051057e-07,5.61470629708503e-07,3.96896181714947e-07,2.94270955946091e-07,3.64975619626463e-07,3.00008029946047e-07,2.1708283913299e-07,0,0,0,0,0,0,0,0,0,0,0,0,0,0,0,0,0,0,0,0,0,0,0,0
"353",2025,353,4.88693631172645e-06,8.97493842594846e-07,9.42966410269721e-07,6.6611121008948e-07,4.93821854367846e-07,6.12337766212999e-07,5.03138661000184e-07,3.64078211655207e-07,0,0,0,0,0,0,0,0,0,0,0,0,0,0,0,0,4.88693631172645e-06,8.97493842594846e-07,9.42966410269721e-07,6.6611121008948e-07,4.93821854367846e-07,6.12337766212999e-07,5.03138661000184e-07,3.64078211655207e-07,0,0,0,0,0,0,0,0,0,0,0,0,0,0,0,0,0,0,0,0,0,0,0,0
"354",2025,354,2.06583105790346e-06,3.89805289794861e-07,4.05746667456456e-07,2.86416010435314e-07,2.12311155173015e-07,2.63204969198044e-07,2.16180556587966e-07,1.56436205877056e-07,0,0,0,0,0,0,0,0,0,0,0,0,0,0,0,0,2.06583105790346e-06,3.89805289794861e-07,4.05746667456456e-07,2.86416010435314e-07,2.12311155173015e-07,2.63204969198044e-07,2.16180556587966e-07,1.56436205877056e-07,0,0,0,0,0,0,0,0,0,0,0,0,0,0,0,0,0,0,0,0,0,0,0,0
"355",2025,355,2.02218141920961e-06,3.91769749942853e-07,4.0420555890289e-07,2.85119919552145e-07,2.11326330789216e-07,2.61921656707958e-07,2.15039413331901e-07,1.55615013050885e-07,0,0,0,0,0,0,0,0,0,0,0,0,0,0,0,0,2.02218141920961e-06,3.91769749942853e-07,4.0420555890289e-07,2.85119919552145e-07,2.11326330789216e-07,2.61921656707958e-07,2.15039413331901e-07,1.55615013050885e-07,0,0,0,0,0,0,0,0,0,0,0,0,0,0,0,0,0,0,0,0,0,0,0,0
"356",2025,356,2.55519945348122e-06,5.07934793017721e-07,5.19707733470973e-07,3.66318857083744e-07,2.71477984587427e-07,3.36391660703356e-07,2.76066882390283e-07,1.99783561276961e-07,0,0,0,0,0,0,0,0,0,0,0,0,0,0,0,0,2.55519945348122e-06,5.07934793017721e-07,5.19707733470973e-07,3.66318857083744e-07,2.71477984587427e-07,3.36391660703356e-07,2.76066882390283e-07,1.99783561276961e-07,0,0,0,0,0,0,0,0,0,0,0,0,0,0,0,0,0,0,0,0,0,0,0,0
"357",2025,357,3.52221747102406e-06,7.17952517501484e-07,7.28846323134772e-07,5.13337817210163e-07,3.8038790129395e-07,4.71223057491987e-07,3.86559578508605e-07,2.79751969090046e-07,0,0,0,0,0,0,0,0,0,0,0,0,0,0,0,0,3.52221747102406e-06,7.17952517501484e-07,7.28846323134772e-07,5.13337817210163e-07,3.8038790129395e-07,4.71223057491987e-07,3.86559578508605e-07,2.79751969090046e-07,0,0,0,0,0,0,0,0,0,0,0,0,0,0,0,0,0,0,0,0,0,0,0,0
"358",2025,358,3.56312964630007e-06,7.44287239216738e-07,7.5001960368618e-07,5.27837173285994e-07,3.91084274264179e-07,4.84346303304299e-07,3.97159685188883e-07,2.87430224340303e-07,0,0,0,0,0,0,0,0,0,0,0,0,0,0,0,0,3.56312964630007e-06,7.44287239216738e-07,7.5001960368618e-07,5.27837173285994e-07,3.91084274264179e-07,4.84346303304299e-07,3.97159685188883e-07,2.87430224340303e-07,0,0,0,0,0,0,0,0,0,0,0,0,0,0,0,0,0,0,0,0,0,0,0,0
"359",2025,359,3.82029939137029e-06,8.1728691454364e-07,8.17888949360575e-07,5.7514184672543e-07,4.26079947241633e-07,5.27544547503606e-07,4.32400356207803e-07,3.12941501357928e-07,0,0,0,0,0,0,0,0,0,0,0,0,0,0,0,0,3.82029939137029e-06,8.1728691454364e-07,8.17888949360575e-07,5.7514184672543e-07,4.26079947241633e-07,5.27544547503606e-07,4.32400356207803e-07,3.12941501357928e-07,0,0,0,0,0,0,0,0,0,0,0,0,0,0,0,0,0,0,0,0,0,0,0,0
"360",2025,360,3.42007035551208e-06,7.48906113510655e-07,7.44602585677578e-07,5.23181157124997e-07,3.87536670115359e-07,4.79689259963412e-07,3.93009608333701e-07,2.84439189929622e-07,0,0,0,0,0,0,0,0,0,0,0,0,0,0,0,0,3.42007035551208e-06,7.48906113510655e-07,7.44602585677578e-07,5.23181157124997e-07,3.87536670115359e-07,4.79689259963412e-07,3.93009608333701e-07,2.84439189929622e-07,0,0,0,0,0,0,0,0,0,0,0,0,0,0,0,0,0,0,0,0,0,0,0,0
"361",2025,361,2.62555014831608e-06,5.88140319026975e-07,5.81217309156015e-07,4.08044025075031e-07,3.0221159248532e-07,3.73967850591042e-07,3.06261411463403e-07,2.21659828250317e-07,0,0,0,0,0,0,0,0,0,0,0,0,0,0,0,0,2.62555014831608e-06,5.88140319026975e-07,5.81217309156015e-07,4.08044025075031e-07,3.0221159248532e-07,3.73967850591042e-07,3.06261411463403e-07,2.21659828250317e-07,0,0,0,0,0,0,0,0,0,0,0,0,0,0,0,0,0,0,0,0,0,0,0,0
"362",2025,362,1.60596124794657e-06,3.67810116450921e-07,3.61425131282306e-07,2.53525779275929e-07,1.87745011164151e-07,2.32254645735306e-07,1.90123531418287e-07,1.37606307141429e-07,0,0,0,0,0,0,0,0,0,0,0,0,0,0,0,0,1.60596124794657e-06,3.67810116450921e-07,3.61425131282306e-07,2.53525779275929e-07,1.87745011164151e-07,2.32254645735306e-07,1.90123531418287e-07,1.37606307141429e-07,0,0,0,0,0,0,0,0,0,0,0,0,0,0,0,0,0,0,0,0,0,0,0,0
"363",2025,363,2.89802534592631e-06,6.78242837107263e-07,6.62960161706054e-07,4.64644974700348e-07,3.44039656041604e-07,4.25475312683938e-07,3.48143219248944e-07,2.51980818175638e-07,0,0,0,0,0,0,0,0,0,0,0,0,0,0,0,0,2.89802534592631e-06,6.78242837107263e-07,6.62960161706054e-07,4.64644974700348e-07,3.44039656041604e-07,4.25475312683938e-07,3.48143219248944e-07,2.51980818175638e-07,0,0,0,0,0,0,0,0,0,0,0,0,0,0,0,0,0,0,0,0,0,0,0,0
"364",2025,364,4.93900843765123e-06,1.18058063731525e-06,1.14834082657704e-06,8.04137033574573e-07,5.95329357036759e-07,7.36021220364453e-07,6.0198380266909e-07,4.35713313995384e-07,0,0,0,0,0,0,0,0,0,0,0,0,0,0,0,0,4.93900843765123e-06,1.18058063731525e-06,1.14834082657704e-06,8.04137033574573e-07,5.95329357036759e-07,7.36021220364453e-07,6.0198380266909e-07,4.35713313995384e-07,0,0,0,0,0,0,0,0,0,0,0,0,0,0,0,0,0,0,0,0,0,0,0,0
"365",2025,365,4.99438660471768e-06,1.2187022660079e-06,1.180064174839e-06,8.25631448410666e-07,6.11156615148666e-07,7.55353493990667e-07,6.17524896903196e-07,4.46968004945209e-07,0,0,0,0,0,0,0,0,0,0,0,0,0,0,0,0,4.99438660471768e-06,1.2187022660079e-06,1.180064174839e-06,8.25631448410666e-07,6.11156615148666e-07,7.55353493990667e-07,6.17524896903196e-07,4.46968004945209e-07,0,0,0,0,0,0,0,0,0,0,0,0,0,0,0,0,0,0,0,0,0,0,0,0
