"","year","DOY","transp_total_Lyr_1","transp_total_Lyr_2","transp_total_Lyr_3","transp_total_Lyr_4","transp_total_Lyr_5","transp_total_Lyr_6","transp_total_Lyr_7","transp_total_Lyr_8","transp_treeNL_Lyr_1","transp_treeNL_Lyr_2","transp_treeNL_Lyr_3","transp_treeNL_Lyr_4","transp_treeNL_Lyr_5","transp_treeNL_Lyr_6","transp_treeNL_Lyr_7","transp_treeNL_Lyr_8","transp_treeBL_Lyr_1","transp_treeBL_Lyr_2","transp_treeBL_Lyr_3","transp_treeBL_Lyr_4","transp_treeBL_Lyr_5","transp_treeBL_Lyr_6","transp_treeBL_Lyr_7","transp_treeBL_Lyr_8","transp_shrub_Lyr_1","transp_shrub_Lyr_2","transp_shrub_Lyr_3","transp_shrub_Lyr_4","transp_shrub_Lyr_5","transp_shrub_Lyr_6","transp_shrub_Lyr_7","transp_shrub_Lyr_8","transp_forbs_Lyr_1","transp_forbs_Lyr_2","transp_forbs_Lyr_3","transp_forbs_Lyr_4","transp_forbs_Lyr_5","transp_forbs_Lyr_6","transp_forbs_Lyr_7","transp_forbs_Lyr_8","transp_grassC3_Lyr_1","transp_grassC3_Lyr_2","transp_grassC3_Lyr_3","transp_grassC3_Lyr_4","transp_grassC3_Lyr_5","transp_grassC3_Lyr_6","transp_grassC3_Lyr_7","transp_grassC3_Lyr_8","transp_grassC4_Lyr_1","transp_grassC4_Lyr_2","transp_grassC4_Lyr_3","transp_grassC4_Lyr_4","transp_grassC4_Lyr_5","transp_grassC4_Lyr_6","transp_grassC4_Lyr_7","transp_grassC4_Lyr_8"
"1",2025,1,2.55739456510353e-06,2.29210145646181e-06,3.86991604320183e-06,3.07893872061433e-06,2.44963031523001e-06,3.49954629815042e-06,2.215188805661e-06,1.4021993238017e-06,0,0,0,0,0,0,0,0,0,0,0,0,0,0,0,0,2.55739456510353e-06,2.29210145646181e-06,3.86991604320183e-06,3.07893872061433e-06,2.44963031523001e-06,3.49954629815042e-06,2.215188805661e-06,1.4021993238017e-06,0,0,0,0,0,0,0,0,0,0,0,0,0,0,0,0,0,0,0,0,0,0,0,0
"2",2025,2,2.28436235385575e-06,2.29576834839921e-06,3.92175528532143e-06,3.12028197489237e-06,2.48253130183157e-06,3.54657159718517e-06,2.24495586202485e-06,1.42104450519233e-06,0,0,0,0,0,0,0,0,0,0,0,0,0,0,0,0,2.28436235385575e-06,2.29576834839921e-06,3.92175528532143e-06,3.12028197489237e-06,2.48253130183157e-06,3.54657159718517e-06,2.24495586202485e-06,1.42104450519233e-06,0,0,0,0,0,0,0,0,0,0,0,0,0,0,0,0,0,0,0,0,0,0,0,0
"3",2025,3,3.14316830863774e-06,3.54654943091497e-06,6.14287846490765e-06,4.88786333676791e-06,3.88885242687743e-06,5.55569358510537e-06,3.51671726636389e-06,2.22606686146914e-06,0,0,0,0,0,0,0,0,0,0,0,0,0,0,0,0,3.14316830863774e-06,3.54654943091497e-06,6.14287846490765e-06,4.88786333676791e-06,3.88885242687743e-06,5.55569358510537e-06,3.51671726636389e-06,2.22606686146914e-06,0,0,0,0,0,0,0,0,0,0,0,0,0,0,0,0,0,0,0,0,0,0,0,0
"4",2025,4,2.77717339753294e-06,3.71870732913654e-06,6.59398269342555e-06,5.24763463458996e-06,4.17511570609039e-06,5.9647057268416e-06,3.77562695327751e-06,2.38996314859259e-06,0,0,0,0,0,0,0,0,0,0,0,0,0,0,0,0,2.77717339753294e-06,3.71870732913654e-06,6.59398269342555e-06,5.24763463458996e-06,4.17511570609039e-06,5.9647057268416e-06,3.77562695327751e-06,2.38996314859259e-06,0,0,0,0,0,0,0,0,0,0,0,0,0,0,0,0,0,0,0,0,0,0,0,0
"5",2025,5,1.32947192216936e-06,2.10724466020013e-06,3.84115741577322e-06,3.05764983819842e-06,2.43274011904951e-06,3.47552236137484e-06,2.19999247089825e-06,1.39259489268048e-06,0,0,0,0,0,0,0,0,0,0,0,0,0,0,0,0,1.32947192216936e-06,2.10724466020013e-06,3.84115741577322e-06,3.05764983819842e-06,2.43274011904951e-06,3.47552236137484e-06,2.19999247089825e-06,1.39259489268048e-06,0,0,0,0,0,0,0,0,0,0,0,0,0,0,0,0,0,0,0,0,0,0,0,0
"6",2025,6,1.20092892464753e-06,1.90455956598341e-06,3.48194119718304e-06,2.77242325459263e-06,2.20581947361036e-06,3.1513536202519e-06,1.99479525597002e-06,1.26270758027059e-06,0,0,0,0,0,0,0,0,0,0,0,0,0,0,0,0,1.20092892464753e-06,1.90455956598341e-06,3.48194119718304e-06,2.77242325459263e-06,2.20581947361036e-06,3.1513536202519e-06,1.99479525597002e-06,1.26270758027059e-06,0,0,0,0,0,0,0,0,0,0,0,0,0,0,0,0,0,0,0,0,0,0,0,0
"7",2025,7,1.68889944267645e-06,2.67988681322258e-06,4.91380432000845e-06,3.91356023858854e-06,3.11376037022308e-06,4.44851468394111e-06,2.81589316644398e-06,1.7824666390155e-06,0,0,0,0,0,0,0,0,0,0,0,0,0,0,0,0,1.68889944267645e-06,2.67988681322258e-06,4.91380432000845e-06,3.91356023858854e-06,3.11376037022308e-06,4.44851468394111e-06,2.81589316644398e-06,1.7824666390155e-06,0,0,0,0,0,0,0,0,0,0,0,0,0,0,0,0,0,0,0,0,0,0,0,0
"8",2025,8,1.02557752350196e-06,1.62820582605095e-06,2.9941975897365e-06,2.38536604747191e-06,1.89789345620012e-06,2.71147060266763e-06,1.71635261890367e-06,1.08645776926015e-06,0,0,0,0,0,0,0,0,0,0,0,0,0,0,0,0,1.02557752350196e-06,1.62820582605095e-06,2.9941975897365e-06,2.38536604747191e-06,1.89789345620012e-06,2.71147060266763e-06,1.71635261890367e-06,1.08645776926015e-06,0,0,0,0,0,0,0,0,0,0,0,0,0,0,0,0,0,0,0,0,0,0,0,0
"9",2025,9,1.26243652531587e-06,2.00527381867009e-06,3.69835874905664e-06,2.94718145205984e-06,2.34491468510695e-06,3.35013735523968e-06,2.12062572188672e-06,1.34236624031689e-06,0,0,0,0,0,0,0,0,0,0,0,0,0,0,0,0,1.26243652531587e-06,2.00527381867009e-06,3.69835874905664e-06,2.94718145205984e-06,2.34491468510695e-06,3.35013735523968e-06,2.12062572188672e-06,1.34236624031689e-06,0,0,0,0,0,0,0,0,0,0,0,0,0,0,0,0,0,0,0,0,0,0,0,0
"10",2025,10,1.4948392914404e-06,2.37561112453549e-06,4.39410016992552e-06,3.5026360003306e-06,2.78688612645772e-06,3.98159945092597e-06,2.52033940224998e-06,1.59538993043521e-06,0,0,0,0,0,0,0,0,0,0,0,0,0,0,0,0,1.4948392914404e-06,2.37561112453549e-06,4.39410016992552e-06,3.5026360003306e-06,2.78688612645772e-06,3.98159945092597e-06,2.52033940224998e-06,1.59538993043521e-06,0,0,0,0,0,0,0,0,0,0,0,0,0,0,0,0,0,0,0,0,0,0,0,0
"11",2025,11,1.71207176545985e-06,2.72215585169207e-06,5.049656947416e-06,4.02641053394795e-06,3.20366423632447e-06,4.57707886392491e-06,2.89727793587371e-06,1.83399840286445e-06,0,0,0,0,0,0,0,0,0,0,0,0,0,0,0,0,1.71207176545985e-06,2.72215585169207e-06,5.049656947416e-06,4.02641053394795e-06,3.20366423632447e-06,4.57707886392491e-06,2.89727793587371e-06,1.83399840286445e-06,0,0,0,0,0,0,0,0,0,0,0,0,0,0,0,0,0,0,0,0,0,0,0,0
"12",2025,12,1.92286317330923e-06,3.05874401778761e-06,5.69038072838809e-06,4.53871048156781e-06,3.61132702150934e-06,5.15954667243297e-06,3.26598247272682e-06,2.06739645477552e-06,0,0,0,0,0,0,0,0,0,0,0,0,0,0,0,0,1.92286317330923e-06,3.05874401778761e-06,5.69038072838809e-06,4.53871048156781e-06,3.61132702150934e-06,5.15954667243297e-06,3.26598247272682e-06,2.06739645477552e-06,0,0,0,0,0,0,0,0,0,0,0,0,0,0,0,0,0,0,0,0,0,0,0,0
"13",2025,13,1.61418144500695e-06,2.56888380311333e-06,4.7927741082741e-06,3.82399133620375e-06,3.04268724654631e-06,4.34716006219918e-06,2.75174831769261e-06,1.74188666457743e-06,0,0,0,0,0,0,0,0,0,0,0,0,0,0,0,0,1.61418144500695e-06,2.56888380311333e-06,4.7927741082741e-06,3.82399133620375e-06,3.04268724654631e-06,4.34716006219918e-06,2.75174831769261e-06,1.74188666457743e-06,0,0,0,0,0,0,0,0,0,0,0,0,0,0,0,0,0,0,0,0,0,0,0,0
"14",2025,14,1.62790635343104e-06,2.59187261392282e-06,4.84947989104423e-06,3.87049925359495e-06,3.07973702510001e-06,4.40012697325194e-06,2.78527927540527e-06,1.76311644748339e-06,0,0,0,0,0,0,0,0,0,0,0,0,0,0,0,0,1.62790635343104e-06,2.59187261392282e-06,4.84947989104423e-06,3.87049925359495e-06,3.07973702510001e-06,4.40012697325194e-06,2.78527927540527e-06,1.76311644748339e-06,0,0,0,0,0,0,0,0,0,0,0,0,0,0,0,0,0,0,0,0,0,0,0,0
"15",2025,15,1.85408130442812e-06,2.9532437619224e-06,5.54133891876774e-06,4.4241709822228e-06,3.52034540829245e-06,5.02967762617877e-06,3.1837882435683e-06,2.01538258023366e-06,0,0,0,0,0,0,0,0,0,0,0,0,0,0,0,0,1.85408130442812e-06,2.9532437619224e-06,5.54133891876774e-06,4.4241709822228e-06,3.52034540829245e-06,5.02967762617877e-06,3.1837882435683e-06,2.01538258023366e-06,0,0,0,0,0,0,0,0,0,0,0,0,0,0,0,0,0,0,0,0,0,0,0,0
"16",2025,16,2.44164152507531e-06,3.89074248899077e-06,7.32110825555016e-06,5.8471346833617e-06,4.65268798315587e-06,6.64756186780618e-06,4.20791685874047e-06,2.66367790380473e-06,0,0,0,0,0,0,0,0,0,0,0,0,0,0,0,0,2.44164152507531e-06,3.89074248899077e-06,7.32110825555016e-06,5.8471346833617e-06,4.65268798315587e-06,6.64756186780618e-06,4.20791685874047e-06,2.66367790380473e-06,0,0,0,0,0,0,0,0,0,0,0,0,0,0,0,0,0,0,0,0,0,0,0,0
"17",2025,17,2.76657739726364e-06,4.41028400840331e-06,8.32214002905303e-06,6.64897211190027e-06,5.29083134725461e-06,7.55938869427627e-06,4.78511981599129e-06,3.0290678940282e-06,0,0,0,0,0,0,0,0,0,0,0,0,0,0,0,0,2.76657739726364e-06,4.41028400840331e-06,8.32214002905303e-06,6.64897211190027e-06,5.29083134725461e-06,7.55938869427627e-06,4.78511981599129e-06,3.0290678940282e-06,0,0,0,0,0,0,0,0,0,0,0,0,0,0,0,0,0,0,0,0,0,0,0,0
"18",2025,18,2.23648374394813e-06,3.56661566273504e-06,6.74907000388588e-06,5.39411768125693e-06,4.29239080209828e-06,6.13291193060656e-06,3.88217052947507e-06,2.45749509166713e-06,0,0,0,0,0,0,0,0,0,0,0,0,0,0,0,0,2.23648374394813e-06,3.56661566273504e-06,6.74907000388588e-06,5.39411768125693e-06,4.29239080209828e-06,6.13291193060656e-06,3.88217052947507e-06,2.45749509166713e-06,0,0,0,0,0,0,0,0,0,0,0,0,0,0,0,0,0,0,0,0,0,0,0,0
"19",2025,19,9.99525815876789e-07,1.59458232970223e-06,3.0258565008917e-06,2.41927048365446e-06,1.92518586684853e-06,2.75070658287132e-06,1.74121874090593e-06,1.10223167770943e-06,0,0,0,0,0,0,0,0,0,0,0,0,0,0,0,0,9.99525815876789e-07,1.59458232970223e-06,3.0258565008917e-06,2.41927048365446e-06,1.92518586684853e-06,2.75070658287132e-06,1.74121874090593e-06,1.10223167770943e-06,0,0,0,0,0,0,0,0,0,0,0,0,0,0,0,0,0,0,0,0,0,0,0,0
"20",2025,20,1.08758279640373e-06,1.73570015467918e-06,3.30281412357115e-06,2.64168793698475e-06,2.10222102404527e-06,3.0036732445125e-06,1.9013480171677e-06,1.2035990470024e-06,0,0,0,0,0,0,0,0,0,0,0,0,0,0,0,0,1.08758279640373e-06,1.73570015467918e-06,3.30281412357115e-06,2.64168793698475e-06,2.10222102404527e-06,3.0036732445125e-06,1.9013480171677e-06,1.2035990470024e-06,0,0,0,0,0,0,0,0,0,0,0,0,0,0,0,0,0,0,0,0,0,0,0,0
"21",2025,21,8.56650165683544e-07,1.36763333976555e-06,2.60964922381451e-06,2.08806565789917e-06,1.66169099775106e-06,2.37425533215948e-06,1.50292157968606e-06,9.51387113222651e-07,0,0,0,0,0,0,0,0,0,0,0,0,0,0,0,0,8.56650165683544e-07,1.36763333976555e-06,2.60964922381451e-06,2.08806565789917e-06,1.66169099775106e-06,2.37425533215948e-06,1.50292157968606e-06,9.51387113222651e-07,0,0,0,0,0,0,0,0,0,0,0,0,0,0,0,0,0,0,0,0,0,0,0,0
"22",2025,22,1.67798517719449e-06,2.67980496900121e-06,5.12759245716828e-06,4.10433737192122e-06,3.26631994609855e-06,4.66700731239727e-06,2.95424905914913e-06,1.87011630818637e-06,0,0,0,0,0,0,0,0,0,0,0,0,0,0,0,0,1.67798517719449e-06,2.67980496900121e-06,5.12759245716828e-06,4.10433737192122e-06,3.26631994609855e-06,4.66700731239727e-06,2.95424905914913e-06,1.87011630818637e-06,0,0,0,0,0,0,0,0,0,0,0,0,0,0,0,0,0,0,0,0,0,0,0,0
"23",2025,23,1.96541465476139e-06,3.13986574724807e-06,6.02441051319245e-06,4.82409540175369e-06,3.83921598173195e-06,5.48562250229591e-06,3.47244338189023e-06,2.19815250887746e-06,0,0,0,0,0,0,0,0,0,0,0,0,0,0,0,0,1.96541465476139e-06,3.13986574724807e-06,6.02441051319245e-06,4.82409540175369e-06,3.83921598173195e-06,5.48562250229591e-06,3.47244338189023e-06,2.19815250887746e-06,0,0,0,0,0,0,0,0,0,0,0,0,0,0,0,0,0,0,0,0,0,0,0,0
"24",2025,24,2.15005357473317e-06,3.43591250859113e-06,6.61049210352464e-06,5.29554186359024e-06,4.21452780000076e-06,6.02193820408041e-06,3.8119439575093e-06,2.41307318097762e-06,0,0,0,0,0,0,0,0,0,0,0,0,0,0,0,0,2.15005357473317e-06,3.43591250859113e-06,6.61049210352464e-06,5.29554186359024e-06,4.21452780000076e-06,6.02193820408041e-06,3.8119439575093e-06,2.41307318097762e-06,0,0,0,0,0,0,0,0,0,0,0,0,0,0,0,0,0,0,0,0,0,0,0,0
"25",2025,25,2.72393086308043e-06,4.35430849566832e-06,8.40028659701019e-06,6.73208110331706e-06,5.35797263574772e-06,7.65582727561403e-06,4.84622431380816e-06,3.06781360453038e-06,0,0,0,0,0,0,0,0,0,0,0,0,0,0,0,0,2.72393086308043e-06,4.35430849566832e-06,8.40028659701019e-06,6.73208110331706e-06,5.35797263574772e-06,7.65582727561403e-06,4.84622431380816e-06,3.06781360453038e-06,0,0,0,0,0,0,0,0,0,0,0,0,0,0,0,0,0,0,0,0,0,0,0,0
"26",2025,26,1.93820018622826e-06,3.09917177322186e-06,5.995134375651e-06,4.80658460915026e-06,3.8256178241119e-06,5.46635985869486e-06,3.46028144055587e-06,2.19047730012341e-06,0,0,0,0,0,0,0,0,0,0,0,0,0,0,0,0,1.93820018622826e-06,3.09917177322186e-06,5.995134375651e-06,4.80658460915026e-06,3.8256178241119e-06,5.46635985869486e-06,3.46028144055587e-06,2.19047730012341e-06,0,0,0,0,0,0,0,0,0,0,0,0,0,0,0,0,0,0,0,0,0,0,0,0
"27",2025,27,1.95375217207482e-06,3.1249057784586e-06,6.06126362509153e-06,4.86166762344404e-06,3.86958007390759e-06,5.5292290274017e-06,3.50008627896322e-06,2.21568193104785e-06,0,0,0,0,0,0,0,0,0,0,0,0,0,0,0,0,1.95375217207482e-06,3.1249057784586e-06,6.06126362509153e-06,4.86166762344404e-06,3.86958007390759e-06,5.5292290274017e-06,3.50008627896322e-06,2.21568193104785e-06,0,0,0,0,0,0,0,0,0,0,0,0,0,0,0,0,0,0,0,0,0,0,0,0
"28",2025,28,2.83605898490426e-06,4.5373057012429e-06,8.82454266659302e-06,7.08111631952608e-06,5.63630520573778e-06,8.05377359799019e-06,5.09817317694643e-06,3.22733908109802e-06,0,0,0,0,0,0,0,0,0,0,0,0,0,0,0,0,2.83605898490426e-06,4.5373057012429e-06,8.82454266659302e-06,7.08111631952608e-06,5.63630520573778e-06,8.05377359799019e-06,5.09817317694643e-06,3.22733908109802e-06,0,0,0,0,0,0,0,0,0,0,0,0,0,0,0,0,0,0,0,0,0,0,0,0
"29",2025,29,3.62579825087541e-06,5.80222875939925e-06,1.1314938482313e-05,9.08350098588455e-06,7.23039145489563e-06,1.03317056037604e-05,6.54017217540735e-06,4.14019855338771e-06,0,0,0,0,0,0,0,0,0,0,0,0,0,0,0,0,3.62579825087541e-06,5.80222875939925e-06,1.1314938482313e-05,9.08350098588455e-06,7.23039145489563e-06,1.03317056037604e-05,6.54017217540735e-06,4.14019855338771e-06,0,0,0,0,0,0,0,0,0,0,0,0,0,0,0,0,0,0,0,0,0,0,0,0
"30",2025,30,3.44207877372083e-06,5.50952035746199e-06,1.07728229482053e-05,8.65219110899342e-06,6.88734596304215e-06,9.84166163909016e-06,6.23000622027136e-06,3.94387379019565e-06,0,0,0,0,0,0,0,0,0,0,0,0,0,0,0,0,3.44207877372083e-06,5.50952035746199e-06,1.07728229482053e-05,8.65219110899342e-06,6.88734596304215e-06,9.84166163909016e-06,6.23000622027136e-06,3.94387379019565e-06,0,0,0,0,0,0,0,0,0,0,0,0,0,0,0,0,0,0,0,0,0,0,0,0
"31",2025,31,4.1941398930879e-06,6.71480086889332e-06,1.31644311024065e-05,1.0577835889082e-05,8.42054692827721e-06,1.20326972837076e-05,7.61703141711525e-06,4.82194990668926e-06,0,0,0,0,0,0,0,0,0,0,0,0,0,0,0,0,4.1941398930879e-06,6.71480086889332e-06,1.31644311024065e-05,1.0577835889082e-05,8.42054692827721e-06,1.20326972837076e-05,7.61703141711525e-06,4.82194990668926e-06,0,0,0,0,0,0,0,0,0,0,0,0,0,0,0,0,0,0,0,0,0,0,0,0
"32",2025,32,4.43853828134438e-06,7.10756687323824e-06,1.39713476266693e-05,1.12314290788528e-05,8.94123767355727e-06,1.27769583400987e-05,8.088235833601e-06,5.12028008050415e-06,0,0,0,0,0,0,0,0,0,0,0,0,0,0,0,0,4.43853828134438e-06,7.10756687323824e-06,1.39713476266693e-05,1.12314290788528e-05,8.94123767355727e-06,1.27769583400987e-05,8.088235833601e-06,5.12028008050415e-06,0,0,0,0,0,0,0,0,0,0,0,0,0,0,0,0,0,0,0,0,0,0,0,0
"33",2025,33,4.88274109203478e-06,7.82042020101987e-06,1.54131284481993e-05,1.23963161631968e-05,9.86904945474294e-06,1.41030383713819e-05,8.92776775015181e-06,5.65178908286443e-06,0,0,0,0,0,0,0,0,0,0,0,0,0,0,0,0,4.88274109203478e-06,7.82042020101987e-06,1.54131284481993e-05,1.23963161631968e-05,9.86904945474294e-06,1.41030383713819e-05,8.92776775015181e-06,5.65178908286443e-06,0,0,0,0,0,0,0,0,0,0,0,0,0,0,0,0,0,0,0,0,0,0,0,0
"34",2025,34,5.5453326919326e-06,8.88328666447899e-06,1.75538661892979e-05,1.41248264995174e-05,1.12457133738648e-05,1.60706158711638e-05,1.01734232443453e-05,6.44041208768109e-06,0,0,0,0,0,0,0,0,0,0,0,0,0,0,0,0,5.5453326919326e-06,8.88328666447899e-06,1.75538661892979e-05,1.41248264995174e-05,1.12457133738648e-05,1.60706158711638e-05,1.01734232443453e-05,6.44041208768109e-06,0,0,0,0,0,0,0,0,0,0,0,0,0,0,0,0,0,0,0,0,0,0,0,0
"35",2025,35,4.70917857800924e-06,7.54509576675984e-06,1.49484905361588e-05,1.2034271170111e-05,9.58178204895515e-06,1.36930706415886e-05,8.66843337380304e-06,5.48770972506502e-06,0,0,0,0,0,0,0,0,0,0,0,0,0,0,0,0,4.70917857800924e-06,7.54509576675984e-06,1.49484905361588e-05,1.2034271170111e-05,9.58178204895515e-06,1.36930706415886e-05,8.66843337380304e-06,5.48770972506502e-06,0,0,0,0,0,0,0,0,0,0,0,0,0,0,0,0,0,0,0,0,0,0,0,0
"36",2025,36,3.31881363623289e-06,5.31830321973259e-06,1.05641322236443e-05,8.50883267953995e-06,6.77514859284877e-06,9.68236571941215e-06,6.12950633251475e-06,3.88042591871512e-06,0,0,0,0,0,0,0,0,0,0,0,0,0,0,0,0,3.31881363623289e-06,5.31830321973259e-06,1.05641322236443e-05,8.50883267953995e-06,6.77514859284877e-06,9.68236571941215e-06,6.12950633251475e-06,3.88042591871512e-06,0,0,0,0,0,0,0,0,0,0,0,0,0,0,0,0,0,0,0,0,0,0,0,0
"37",2025,37,5.0896874463548e-06,8.15737304091958e-06,1.62455264644298e-05,1.30913509503192e-05,1.0424488941399e-05,1.48978596234775e-05,9.43127861919937e-06,5.97072214709396e-06,0,0,0,0,0,0,0,0,0,0,0,0,0,0,0,0,5.0896874463548e-06,8.15737304091958e-06,1.62455264644298e-05,1.30913509503192e-05,1.0424488941399e-05,1.48978596234775e-05,9.43127861919937e-06,5.97072214709396e-06,0,0,0,0,0,0,0,0,0,0,0,0,0,0,0,0,0,0,0,0,0,0,0,0
"38",2025,38,4.08548416290689e-06,6.54882426267683e-06,1.3075699212533e-05,1.05422941481321e-05,8.3951713719638e-06,1.19979600865682e-05,7.59554331316513e-06,4.80860181001342e-06,0,0,0,0,0,0,0,0,0,0,0,0,0,0,0,0,4.08548416290689e-06,6.54882426267683e-06,1.3075699212533e-05,1.05422941481321e-05,8.3951713719638e-06,1.19979600865682e-05,7.59554331316513e-06,4.80860181001342e-06,0,0,0,0,0,0,0,0,0,0,0,0,0,0,0,0,0,0,0,0,0,0,0,0
"39",2025,39,5.48922950433864e-06,8.80013646520542e-06,1.76158589329119e-05,1.42100244887259e-05,1.13165214393964e-05,1.61732898275714e-05,1.02389024406099e-05,6.48210917672675e-06,0,0,0,0,0,0,0,0,0,0,0,0,0,0,0,0,5.48922950433864e-06,8.80013646520542e-06,1.76158589329119e-05,1.42100244887259e-05,1.13165214393964e-05,1.61732898275714e-05,1.02389024406099e-05,6.48210917672675e-06,0,0,0,0,0,0,0,0,0,0,0,0,0,0,0,0,0,0,0,0,0,0,0,0
"40",2025,40,3.70305081067733e-06,5.93729174047789e-06,1.19154622152609e-05,9.61672391762664e-06,7.65898529475844e-06,1.09462681316276e-05,6.92989041038545e-06,4.38725934587792e-06,0,0,0,0,0,0,0,0,0,0,0,0,0,0,0,0,3.70305081067733e-06,5.93729174047789e-06,1.19154622152609e-05,9.61672391762664e-06,7.65898529475844e-06,1.09462681316276e-05,6.92989041038545e-06,4.38725934587792e-06,0,0,0,0,0,0,0,0,0,0,0,0,0,0,0,0,0,0,0,0,0,0,0,0
"41",2025,41,3.85229782381299e-06,6.1772996926998e-06,1.24286473146235e-05,1.00361123585427e-05,7.99344968913863e-06,1.14244778412844e-05,7.23268997828966e-06,4.57898792704946e-06,0,0,0,0,0,0,0,0,0,0,0,0,0,0,0,0,3.85229782381299e-06,6.1772996926998e-06,1.24286473146235e-05,1.00361123585427e-05,7.99344968913863e-06,1.14244778412844e-05,7.23268997828966e-06,4.57898792704946e-06,0,0,0,0,0,0,0,0,0,0,0,0,0,0,0,0,0,0,0,0,0,0,0,0
"42",2025,42,3.60558943873025e-06,5.78229797019557e-06,1.16633518801105e-05,9.42308567072539e-06,7.50563403331078e-06,1.07274634823555e-05,6.79147232752088e-06,4.29968273677212e-06,0,0,0,0,0,0,0,0,0,0,0,0,0,0,0,0,3.60558943873025e-06,5.78229797019557e-06,1.16633518801105e-05,9.42308567072539e-06,7.50563403331078e-06,1.07274634823555e-05,6.79147232752088e-06,4.29968273677212e-06,0,0,0,0,0,0,0,0,0,0,0,0,0,0,0,0,0,0,0,0,0,0,0,0
"43",2025,43,2.43519401248621e-06,3.90570393718163e-06,7.89795978022632e-06,6.38432431099086e-06,5.08551718355479e-06,7.2686224470701e-06,4.60174062086185e-06,2.91338088562978e-06,0,0,0,0,0,0,0,0,0,0,0,0,0,0,0,0,2.43519401248621e-06,3.90570393718163e-06,7.89795978022632e-06,6.38432431099086e-06,5.08551718355479e-06,7.2686224470701e-06,4.60174062086185e-06,2.91338088562978e-06,0,0,0,0,0,0,0,0,0,0,0,0,0,0,0,0,0,0,0,0,0,0,0,0
"44",2025,44,1.91707615107278e-06,3.07499840363221e-06,6.23373069607969e-06,5.04172551549808e-06,4.01628662915786e-06,5.7404720792834e-06,3.63428865601666e-06,2.30089258911122e-06,0,0,0,0,0,0,0,0,0,0,0,0,0,0,0,0,1.91707615107278e-06,3.07499840363221e-06,6.23373069607969e-06,5.04172551549808e-06,4.01628662915786e-06,5.7404720792834e-06,3.63428865601666e-06,2.30089258911122e-06,0,0,0,0,0,0,0,0,0,0,0,0,0,0,0,0,0,0,0,0,0,0,0,0
"45",2025,45,2.97341062941522e-06,4.76976583424944e-06,9.69354764164329e-06,7.84416604519368e-06,6.24910345568855e-06,8.93194364953843e-06,5.65482248909679e-06,3.58011782188537e-06,0,0,0,0,0,0,0,0,0,0,0,0,0,0,0,0,2.97341062941522e-06,4.76976583424944e-06,9.69354764164329e-06,7.84416604519368e-06,6.24910345568855e-06,8.93194364953843e-06,5.65482248909679e-06,3.58011782188537e-06,0,0,0,0,0,0,0,0,0,0,0,0,0,0,0,0,0,0,0,0,0,0,0,0
"46",2025,46,6.24773565229891e-06,1.00229359053975e-05,2.04201260511839e-05,1.65332843568821e-05,1.31721733067817e-05,1.88274928495732e-05,1.19197719114189e-05,7.54655075499987e-06,0,0,0,0,0,0,0,0,0,0,0,0,0,0,0,0,6.24773565229891e-06,1.00229359053975e-05,2.04201260511839e-05,1.65332843568821e-05,1.31721733067817e-05,1.88274928495732e-05,1.19197719114189e-05,7.54655075499987e-06,0,0,0,0,0,0,0,0,0,0,0,0,0,0,0,0,0,0,0,0,0,0,0,0
"47",2025,47,1.19248308816367e-05,1.93093740282052e-05,3.69231113950168e-05,2.74301736914049e-05,2.0124275596741e-05,2.57583936311608e-05,1.4180155901419e-05,7.94515708626245e-06,0,0,0,0,0,0,0,0,0,0,0,0,0,0,0,0,3.76032987073192e-06,6.03277494064144e-06,1.23212220487073e-05,9.98154946244199e-06,7.95294770173415e-06,1.13677441941328e-05,7.1970759774358e-06,4.55660422778829e-06,0,1.02129234535866e-06,1.89247395053145e-06,1.34220311482185e-06,9.36249948854146e-07,1.10695818474307e-06,5.37150006819033e-07,2.60652410797399e-07,4.08226600788543e-06,6.1277257632451e-06,1.13548038953937e-05,8.05321253799186e-06,5.61750664056e-06,6.64176984134889e-06,3.22291462204706e-06,1.56392260468175e-06,4.08223500301935e-06,6.12758097895998e-06,1.13546115003843e-05,8.05320857614921e-06,5.61757130559266e-06,6.64192141093608e-06,3.22301529511714e-06,1.56397784299501e-06
"48",2025,48,1.30327831385833e-05,2.11013170864785e-05,4.04796214307766e-05,3.01219198896088e-05,2.2125324794352e-05,2.83664223607943e-05,1.56522741574768e-05,8.79019369746046e-06,0,0,0,0,0,0,0,0,0,0,0,0,0,0,0,0,4.20798896488455e-06,6.75098909053407e-06,1.38222310671069e-05,1.12041827037539e-05,8.92794246912792e-06,1.27619260658451e-05,8.079962901483e-06,5.11565508963331e-06,0,1.10388945997699e-06,2.05059309855016e-06,1.4552120688819e-06,1.01517618447999e-06,1.20032845010312e-06,5.82473757475075e-07,2.82650356686707e-07,4.41241510044127e-06,6.62330373203341e-06,1.23035118126125e-05,8.73126513195049e-06,6.09106523680988e-06,7.20199503186383e-06,3.49485966726623e-06,1.69591170052647e-06,4.41237907325746e-06,6.62313480393399e-06,1.2303285452507e-05,8.73125998502249e-06,6.09114090393425e-06,7.20217281298232e-06,3.49497783125253e-06,1.69597655061397e-06
"49",2025,49,1.24956132942567e-05,2.02350035137276e-05,3.8862578963397e-05,2.88824296905663e-05,2.11762245043221e-05,2.70740392563611e-05,1.48789674515857e-05,8.3223019428611e-06,0,0,0,0,0,0,0,0,0,0,0,0,0,0,0,0,3.86871925795917e-06,6.2066189204068e-06,1.27389971034806e-05,1.03323533633688e-05,8.23405393932076e-06,1.17706061826834e-05,7.45254397236977e-06,4.71849808248113e-06,0,1.07912375787124e-06,2.00952997078505e-06,1.42693044962985e-06,9.95544813695396e-07,1.17717044558087e-06,5.71252087531884e-07,2.77209478049186e-07,4.31346413987459e-06,6.4747110279519e-06,1.20571348616822e-05,8.56157564766964e-06,5.97327666388848e-06,7.06304602986798e-06,3.42752897183674e-06,1.66326605316031e-06,4.31342989642297e-06,6.47454980749764e-06,1.20569170274491e-05,8.56157022989804e-06,5.97334908741747e-06,7.06321659822889e-06,3.42764241984729e-06,1.66332832917048e-06
"50",2025,50,9.95778495272097e-06,1.61334710094627e-05,3.09438834861159e-05,2.28870645475641e-05,1.66876218583768e-05,2.11577855326905e-05,1.14866947515546e-05,6.34604569147247e-06,0,0,0,0,0,0,0,0,0,0,0,0,0,0,0,0,2.70087130206145e-06,4.33295237297674e-06,8.91513887836225e-06,7.23528267102019e-06,5.76651383946537e-06,8.24362464257527e-06,5.21958483344077e-06,3.3047775010613e-06,0,9.07744392926978e-07,1.69453567822115e-06,1.20398432093564e-06,8.40080435555361e-07,9.93385116746126e-07,4.82077375138045e-07,2.33939295610868e-07,3.62846887485816e-06,5.44644408539445e-06,1.01671820701137e-05,7.22390087180212e-06,5.04048812841601e-06,5.9603273013866e-06,2.89247594774402e-06,1.40364230721524e-06,3.62844477580136e-06,5.44633015816457e-06,1.01670268594188e-05,7.22389668380619e-06,5.04053945494006e-06,5.9604484719825e-06,2.89255659523178e-06,1.40368658758507e-06
"51",2025,51,1.4206331484287e-05,2.30273967498284e-05,4.4118860520338e-05,3.24866511061071e-05,2.35630473249735e-05,2.96365010256263e-05,1.58989448104048e-05,8.67553663584587e-06,0,0,0,0,0,0,0,0,0,0,0,0,0,0,0,0,3.34883371529868e-06,5.37238808276145e-06,1.10807562053953e-05,8.99825289295439e-06,7.17227492254661e-06,1.02536475581814e-05,6.49240323841859e-06,4.1107140972362e-06,0,1.35810483941158e-06,2.54143063181592e-06,1.80680240799865e-06,1.26081789278575e-06,1.49096203977751e-06,7.23562121800912e-07,3.51130272033559e-07,5.42877571098262e-06,8.14857925105205e-06,1.52485117529918e-05,1.08408029889563e-05,7.56491972117784e-06,8.9458095640951e-06,4.34139904624466e-06,2.10679633399694e-06,5.42872205800574e-06,8.14832457660328e-06,1.5248161930135e-05,1.08407928161978e-05,7.56503478846333e-06,8.94608186357231e-06,4.34158040394064e-06,2.10689593257918e-06
"52",2025,52,2.46950293690381e-05,4.00401019563321e-05,7.67027326647482e-05,5.63043867914068e-05,4.06806760889384e-05,5.08589380998504e-05,2.7035333434683e-05,1.4609547838678e-05,0,0,0,0,0,0,0,0,0,0,0,0,0,0,0,0,5.17889012286171e-06,8.30788921091195e-06,1.7177027183964e-05,1.39575151283767e-05,1.11263912262772e-05,1.59073609047819e-05,1.00725387209998e-05,6.37761782747605e-06,0,2.44102735534707e-06,4.57902396197029e-06,3.25746016738787e-06,2.27337173554925e-06,2.68849628878969e-06,1.30477193548539e-06,6.33193166027286e-07,9.75815584099126e-06,1.4646003516812e-05,2.74739097139074e-05,1.95447234999072e-05,1.36402704164908e-05,1.61310988561422e-05,7.82871706403661e-06,3.79920674544699e-06,9.7579834051851e-06,1.46451818732612e-05,2.74727718049064e-05,1.95446879957351e-05,1.36406427106212e-05,1.61319820501365e-05,7.82930571416121e-06,3.79953009972763e-06
"53",2025,53,4.32665513853982e-05,7.01606517210122e-05,0.000134455766733009,9.84728575729203e-05,7.09318907423297e-05,8.82515849402771e-05,4.6562327097769e-05,2.49583805163105e-05,0,0,0,0,0,0,0,0,0,0,0,0,0,0,0,0,8.18251895054053e-06,1.31248284618038e-05,2.72023870678174e-05,2.21186959426193e-05,1.76347109006453e-05,2.52143962228668e-05,1.59666534842441e-05,1.01098982650617e-05,0,4.3876546800765e-06,8.2506617438755e-06,5.87342544995431e-06,4.09967049499908e-06,4.84873363864295e-06,2.35332364287843e-06,1.14208629821461e-06,1.75422934645405e-05,2.63254098468259e-05,4.95032098826387e-05,3.52404298887566e-05,2.45981523821639e-05,2.90927949493021e-05,1.41202194020262e-05,6.852672916139e-06,1.75417389703172e-05,2.6322758732306e-05,4.94995080386775e-05,3.52403062915901e-05,2.45993569645215e-05,2.90956601294652e-05,1.41221305686202e-05,6.8537230368952e-06
"54",2025,54,0.000147076135221723,0.000238775528089049,0.000453306954592878,0.000326472763534694,0.000230727353294076,0.000278459799929461,0.000139886962842455,7.08784714625815e-05,0,0,0,0,0,0,0,0,0,0,0,0,0,0,0,0,1.03046162082775e-05,1.65251434260115e-05,3.43336286897586e-05,2.7938326215364e-05,2.22791256721152e-05,3.18595555767148e-05,2.01766328102913e-05,1.27762900682715e-05,0,1.71004864420962e-05,3.22348608943018e-05,2.2964634376889e-05,1.60327670291082e-05,1.89649642274368e-05,9.20558968703701e-06,4.4677999102312e-06,6.83899567596047e-05,0.0001025950569271,0.000193397544412226,0.000137785914134385,9.61985698721601e-05,0.000113795784694083,5.52377774362695e-05,2.68091696306787e-05,6.83815622538407e-05,0.000102554841293841,0.000193340920596591,0.000137783888808056,9.62168907206928e-05,0.000113839495431227,5.52669629088576e-05,2.68252118534001e-05
"55",2025,55,0.000221660298696315,0.000359559401326089,0.000683959550953842,0.000492758831703953,0.000348085124537619,0.000419581940270614,0.000210244791190838,0.0001061697693102,0,0,0,0,0,0,0,0,0,0,0,0,0,0,0,0,1.41179565227838e-05,2.26231304273194e-05,4.71248044108538e-05,3.83934441481067e-05,3.06330932531598e-05,4.38260829720798e-05,2.77644441138954e-05,1.75840558124101e-05,0,2.59280559520859e-05,4.90015151990938e-05,3.49522568993929e-05,2.44154485206569e-05,2.8894392455484e-05,1.40302428513115e-05,6.81058255428706e-06,0.0001037808173255,0.00015555028086653,0.000293982200090031,0.000209709109597898,0.000146497212493124,0.000173380222020379,8.4191272294989e-05,4.08689862598242e-05,0.000103761524848031,0.000155457934080154,0.000293851031253864,0.000209704021058556,0.000146539370270679,0.000173481242822671,8.42588319306421e-05,4.09061446836785e-05
"56",2025,56,0.000266674826283412,0.000432066993625582,0.000823630377139402,0.000593827144065807,0.00041942925991364,0.000505166939902013,0.000252607602619003,0.000127191512095652,0,0,0,0,0,0,0,0,0,0,0,0,0,0,0,0,1.5490986036579e-05,2.47944827504647e-05,5.17857965710777e-05,4.22557812268796e-05,3.37413162503119e-05,4.83064326622451e-05,3.06185417571128e-05,1.93966294258226e-05,0,3.13430805147229e-05,5.93936111599558e-05,4.24302123287035e-05,2.96625463877423e-05,3.51285566027515e-05,1.70662020513137e-05,8.28645482137323e-06,0.000125606041199581,0.000188032121730075,0.000356322095218847,0.000254574656658238,0.00017798187506611,0.000210791725144282,0.000102411672475347,4.97268250562479e-05,0.000125577799047252,0.00018789730863032,0.000356128874189521,0.000254566493851987,0.000178043522209476,0.000210940225492734,0.000102511186335229,4.9781602792208e-05
"57",2025,57,0.000284595085445046,0.000460466516917308,0.000879735784615066,0.000634942811148054,0.000448541409983417,0.000539988230748455,0.000269598589848906,0.0001354248578601,0,0,0,0,0,0,0,0,0,0,0,0,0,0,0,0,1.52031519694155e-05,2.42996476275263e-05,5.08897117904932e-05,4.1596675125664e-05,3.3246181408912e-05,4.76373888571871e-05,3.02132312651411e-05,1.91458083726438e-05,0,3.35678298481907e-05,6.37816120232815e-05,4.5643994966037e-05,3.19391836901903e-05,3.78563371721136e-05,1.84028287578628e-05,8.93822068959395e-06,0.000134712211457318,0.000201376765068457,0.000382643955131359,0.000273856202532415,0.000191642651109999,0.00022716155151567,0.000110433703895047,5.36387007907853e-05,0.000134679722018312,0.000201222274373134,0.000382420505669933,0.000273845938523939,0.000191713393774316,0.000227332953203484,0.000110548825930855,5.37021280070772e-05
"58",2025,58,1.24119100136401e-05,0.00039154781521332,0.000790860997453542,0.000571479203084772,0.000403838112739173,0.00048607440029659,0.000242399157943738,0.000121530578357256,0,0,0,0,0,0,0,0,0,0,0,0,0,0,0,0,1.24119100136401e-05,2.01727145803258e-05,4.24894744365689e-05,3.47934094666316e-05,2.78365034466957e-05,3.99218093401188e-05,2.5336609006096e-05,1.60608833957259e-05,0,2.91680411169895e-05,5.60337878716963e-05,4.01718348368247e-05,2.81380112302976e-05,3.33806062938276e-05,1.62377641700314e-05,7.88924077305484e-06,0,0.00017288770530877,0.00034311470179024,0.000246005990002139,0.000172323011829963,0.000204441304016685,9.94532554744735e-05,4.83211115217117e-05,0,0.000169319354207234,0.000349223033355037,0.000250507968779176,0.000175540586232217,0.000208330680645959,0.000101371529293137,4.92593426667635e-05
"59",2025,59,0,0.000450386844092585,0.00101811862250474,0.000737044979220636,0.000521244438268224,0.000627736251640294,0.000313074774173163,0.000156908518627262,0,0,0,0,0,0,0,0,0,0,0,0,0,0,0,0,0,2.34115076084722e-05,5.34332352264139e-05,4.38388187099008e-05,3.51052873414792e-05,5.03872144096823e-05,3.19977416615334e-05,2.02894693028597e-05,0,0,7.40663135250804e-05,5.32020555565227e-05,3.72992402946532e-05,4.42850844553961e-05,2.15553100390035e-05,1.04760190771529e-05,0,0.000213887877872926,0.000445102144258854,0.000319751845427211,0.000224191347640517,0.000266200492714108,0.000129577618378801,6.29772734846042e-05,0,0.000213087458611187,0.000445516929494393,0.000320252259527001,0.000224648562991575,0.000266863460061107,0.000129944104093825,6.31657567626447e-05
"60",2025,60,0,0.000509019026888769,0.00116548605716549,0.000845475602524492,0.00059847977581062,0.000721207402416706,0.000359705235590521,0.000180179496621315,0,0,0,0,0,0,0,0,0,0,0,0,0,0,0,0,0,2.55610506694935e-05,5.91371547350389e-05,4.86281646524032e-05,3.8985501948072e-05,5.60150016062251e-05,3.55992110644639e-05,2.25818873688639e-05,0,0,8.49794888299202e-05,6.11792266123132e-05,4.29416880579123e-05,5.10378442539171e-05,2.48615582015316e-05,1.20876050050301e-05,0,0.00024216740556059,0.000510541892682303,0.000367598300237278,0.000258040521436438,0.000306717480444854,0.000149417888697041,7.26487558661683e-05,0,0.000241290570658685,0.000510827520918232,0.000368069911022498,0.000258512064368198,0.00030743707611171,0.000149826577627484,7.28612483812522e-05
"61",2025,61,0,0.000534592123868621,0.00123829310359411,0.000900358347206687,0.00063803123586827,0.000769509681269871,0.000383892036605967,0.000192225161919198,0,0,0,0,0,0,0,0,0,0,0,0,0,0,0,0,0,2.60365200035304e-05,6.09912915681948e-05,5.02773669916954e-05,4.03607070658558e-05,5.80604399793394e-05,3.69320970942233e-05,2.34378465738952e-05,0,0,9.04638216568984e-05,6.52893865224436e-05,4.58869654141381e-05,5.46039006233995e-05,2.66224545126903e-05,1.29495417108166e-05,0,0.000254706331769272,0.000543350078202874,0.000392195670508917,0.000275671202217937,0.000328069358303378,0.000159963202229899,7.78110061388716e-05,0,0.000253849272095819,0.000543487912166139,0.00039259592318363,0.000276112361170339,0.000328775982363754,0.000160374282769154,7.80267674956147e-05
"62",2025,62,0,0.000589311307068219,0.00137989483633089,0.00100579584645721,0.00071363024351501,0.000861535865816598,0.000429980159905799,0.000215256317774255,0,0,0,0,0,0,0,0,0,0,0,0,0,0,0,0,0,2.79450925081953e-05,6.61991951667522e-05,5.4712203461808e-05,4.39821953979481e-05,6.33510007353796e-05,4.03358349017348e-05,2.56101465260151e-05,0,0,0.000100967331515199,7.30595790876445e-05,5.14200127004805e-05,6.1266583427358e-05,2.98995088396881e-05,1.45505348555659e-05,0,0.000281156404646246,0.000606355970775919,0.000438819115098542,0.000308878232439283,0.00036806413466641,0.00017963771991211,8.74236374776882e-05,0,0.000280209809913778,0.00060637233887302,0.000439204948809216,0.000309349802977298,0.00036885414698745,0.000180107096252266,8.76719989149861e-05
"63",2025,63,0.00116661472497663,0.000564196605294534,0.00135070943307076,0.000986964969951313,0.000701108301878293,0.000847144338019302,0.000422842149222994,0.000211544621931884,0,0,0,0,0,0,0,0,0,0,0,0,0,0,0,0,7.07743944494368e-05,2.58319875231972e-05,6.19013419705472e-05,5.13035482828733e-05,4.13060455102964e-05,5.95813930137123e-05,3.79762374712104e-05,2.41248912058161e-05,0.000116074376837836,0,9.04854351345048e-05,6.56581927221272e-05,4.62824048669603e-05,5.52237872020581e-05,2.69791829774343e-05,1.31363642617597e-05,0.000552973606607127,0.000263782019853044,0.000581979814550567,0.000422350611074978,0.000297743337041479,0.000355297806912462,0.000173590296259185,8.45252881591338e-05,0.000426792347082235,0.000274582597918293,0.000616342841415146,0.000447652617871336,0.000315776514459557,0.000377041350891069,0.000184296432515165,8.97580783051746e-05
"64",2025,64,0.000515251865233568,0.000426175004312568,0.00106110133841387,0.000777416275993699,0.000553021639608241,0.000669047396526857,0.000334235524661151,0.000167272725997589,0,0,0,0,0,0,0,0,0,0,0,0,0,0,0,0,2.76530852364549e-05,1.95544941425103e-05,4.83175480335258e-05,4.01584372840791e-05,3.23821457345076e-05,4.67749650718422e-05,2.98449747075569e-05,1.89694108718893e-05,4.86196414471054e-05,0,7.47585952210506e-05,5.43989544537608e-05,3.8403902617967e-05,4.58871444772997e-05,2.24411491671867e-05,1.09324499055652e-05,0.000241406791320563,0.000202624446186838,0.000462795441685849,0.000336793500067849,0.000237784302528713,0.000284139872762899,0.000138966915249198,6.77011663857142e-05,0.000197572347229444,0.00020399606398322,0.000475229753473449,0.000346065384188011,0.000244451288727054,0.000292245414214816,0.000142982485537209,6.96696988344206e-05
"65",2025,65,2.08346625374303e-05,0.000517045146013056,0.00136894345354936,0.00100541439710988,0.000716010277891,0.000866991813301458,0.000433266824492962,0.000216779079993147,0,0,0,0,0,0,0,0,0,0,0,0,0,0,0,0,2.08346625374303e-05,2.35513559269664e-05,6.06112618655215e-05,5.05025651528e-05,4.07731400034407e-05,5.89612965084102e-05,3.76517845388739e-05,2.39414389024337e-05,0,0,9.74842714997141e-05,7.11142553398709e-05,5.026638655673e-05,6.0128912439432e-05,2.94308582787419e-05,1.43436747800557e-05,0,0.000248548677702532,0.000599389491136413,0.000437310548862691,0.0003091407154057,0.000369832843582373,0.000181033119133757,8.82331338269422e-05,0,0.000244945112383557,0.000611458429047712,0.000446487027754516,0.000315830035925129,0.000378068760771243,0.000185151062541589,9.02608324837157e-05
"66",2025,66,1.88065929876112e-05,0.000517367545737502,0.00147206244211269,0.0010844108698888,0.000773402740858765,0.000937679444947916,0.000468949873633249,0.000234663849637154,0,0,0,0,0,0,0,0,0,0,0,0,0,0,0,0,1.88065929876112e-05,2.31929033175533e-05,6.40699528685159e-05,5.3549122969899e-05,4.33001040522404e-05,6.27056484822257e-05,4.0086002737748e-05,2.55031021751655e-05,0,0,0.000105421654986096,7.7141992345567e-05,5.46121020149883e-05,6.54215584236595e-05,3.20560081990882e-05,1.56316009646072e-05,0,0.000249295862571081,0.000645795566523585,0.00047262779501953,0.000334631091744571,0.000400908799678888,0.000196458132088929,9.58035575855222e-05,0,0.000244878779848868,0.000656775267734493,0.000481091959553802,0.000340859443046965,0.000408643438363143,0.000200349730607483,9.77255889118587e-05
"67",2025,67,0,0.00040092258602449,0.00117004173143267,0.000864731577400325,0.000617709036002742,0.000750026156570503,0.000375525032499572,0.000188025710439104,0,0,0,0,0,0,0,0,0,0,0,0,0,0,0,0,0,1.72272131537502e-05,5.09923922893372e-05,4.27626054883335e-05,3.46359351898656e-05,5.02364697542743e-05,3.21522201275289e-05,2.0467574416647e-05,0,0,8.60464474165358e-05,6.31756414607018e-05,4.47990999209916e-05,5.37490163862281e-05,2.63669548474597e-05,1.28648890055228e-05,0,0.000192015818202959,0.000516569776225811,0.000379312356925863,0.000269002707684881,0.000322772589064421,0.000158349083441798,7.72638065248869e-05,0,0.000191679554667781,0.000516433115500988,0.000379480973525427,0.000269271293207004,0.000323268081365579,0.000158656774082786,7.74294404920472e-05
"68",2025,68,0,0.000539387603086421,0.00158221185439854,0.0011728871952223,0.000839006134511884,0.00101997550825235,0.000511078509060782,0.000255948351418778,0,0,0,0,0,0,0,0,0,0,0,0,0,0,0,0,0,2.2890240267455e-05,6.80752492152401e-05,5.72565875510014e-05,4.64384908160867e-05,6.7439236808832e-05,4.32025525686007e-05,2.751504343292e-05,0,0,0.000116430641875349,8.57368503957498e-05,6.08811682571727e-05,7.31363941733288e-05,3.59115832642797e-05,1.75303386696843e-05,0,0.000258535808244695,0.000699024599773483,0.000514827505295663,0.000365621246199684,0.000439273111489333,0.000215712688337105,0.00010530552580108,0,0.000257961554574271,0.000698681363534467,0.000515066251979888,0.00036606522923894,0.000440126765780859,0.000216251684890797,0.000105597443515094
"69",2025,69,0,0.000763609535190315,0.0022528066792168,0.00167613003071747,0.00120130793547143,0.0014629881322654,0.00073393252623097,0.000367710039473175,0,0,0,0,0,0,0,0,0,0,0,0,0,0,0,0,0,3.2050812282044e-05,9.5813327556932e-05,8.08675176436805e-05,6.57066583239317e-05,9.55817978103753e-05,6.13087000247144e-05,3.90716146785043e-05,0,0,0.000165881585855825,0.000122580141712323,8.72022785486993e-05,0.000104935157810686,5.15920798283979e-05,2.52013780120537e-05,0,0.000366318590124468,0.000995998292536469,0.00073617038320178,0.000523797481050847,0.00063042275698659,0.000309992617358279,0.000151433137852492,0,0.000365240132783803,0.000995113473267577,0.000736511988159686,0.000524601517547952,0.000632048419657746,0.000311039129019579,0.000152003908930125
"70",2025,70,0,0.000830678558024257,0.00246384110060246,0.00184116426116626,0.00132291498567367,0.00161486495978685,0.000811475209261413,0.0004068410042974,0,0,0,0,0,0,0,0,0,0,0,0,0,0,0,0,0,3.44918085608864e-05,0.000103695230125007,8.79018809490292e-05,7.16025721690964e-05,0.00010440808181679,6.70917800097324e-05,4.27963791867153e-05,0,0,0.000181545891546926,0.000134741643573834,9.60964599358002e-05,0.000115916052929683,5.70948877045096e-05,2.79150985075061e-05,0,0.000398690092081432,0.00108992813953666,0.000809132337420317,0.000577178103218114,0.000696352059552103,0.000343040915336334,0.000167733261205249,0,0.000397496657381939,0.00108867183939387,0.000809388399223083,0.000578037850350662,0.000698188765488274,0.000344247626210837,0.00016839626539793
"71",2025,71,0,0.000808326176846428,0.00240862354567207,0.00180805133210305,0.00130260354171002,0.00159408031442794,0.000802493029234849,0.000402658932205273,0,0,0,0,0,0,0,0,0,0,0,0,0,0,0,0,0,3.32408972697704e-05,0.0001004466859492,8.554075282168e-05,6.98713882049182e-05,0.000102152214988782,6.57737734743346e-05,4.19982416119572e-05,0,0,0.000177616907859779,0.000132432943899446,9.47100767357715e-05,0.000114544463307882,5.65322873576911e-05,2.76680528306653e-05,0,0.000388164103537794,0.00106618913833341,0.000795150188786588,0.000568764265119448,0.000688005141777032,0.000339607098116592,0.000166222497393527,0,0.000386921176038863,0.00106437081352968,0.000794927446595336,0.00056925781164988,0.000689378494354244,0.000340579870286231,0.000166770140369123
"72",2025,72,0,0.000861166622662951,0.00257696259572604,0.0019431470464066,0.00140372525720723,0.00172224412297894,0.000868647765638138,0.00043622524457296,0,0,0,0,0,0,0,0,0,0,0,0,0,0,0,0,0,3.51518790344449e-05,0.000106687357251087,9.12642036305928e-05,7.47480820819081e-05,0.000109565542223788,7.06866505860156e-05,4.51806190138671e-05,0,0,0.0001902429930777,0.000142485942190218,0.000102175670223917,0.000123894950802235,6.1268503472454e-05,3.00163317088947e-05,0,0.000413710380678705,0.00114119597552382,0.000854935327564348,0.000613193713779052,0.000743689289425508,0.000367826376169589,0.000180217434177973,0,0.000412304362949802,0.00113883626987343,0.000854461573021444,0.000613607791122348,0.000745094340527413,0.000368866235410079,0.000180810859672226
"73",2025,73,0,0.000871879038324805,0.00261883486905887,0.00198390001249789,0.00143726330868324,0.00176821357442447,0.000893639088760873,0.000449196369913353,0,0,0,0,0,0,0,0,0,0,0,0,0,0,0,0,0,3.53408225011547e-05,0.000107680704073638,9.25451708101291e-05,7.60164058176727e-05,0.000111735710381979,7.22407682390642e-05,4.62242200101164e-05,0,0,0.000193399072522576,0.000145527739328254,0.00010465872688359,0.000127260262754853,6.30672895341661e-05,3.09312552067344e-05,0,0.000418970312385302,0.00116010873025054,0.000873173821521906,0.000628088536414767,0.000763884854141314,0.000378624493341996,0.000185710579120661,0,0.000417567903438349,0.00115764636221212,0.0008726532808376,0.000628499639567206,0.000765332747146321,0.000379706537645647,0.000186330315575841
"74",2025,74,0,0.000704947208820569,0.00215319116511375,0.00163844530998834,0.00119026396631343,0.00146821305800134,0.000743483217345633,0.000374065329222926,0,0,0,0,0,0,0,0,0,0,0,0,0,0,0,0,0,2.87400876495839e-05,8.79469462524794e-05,7.5939884449177e-05,6.2560393216125e-05,9.22194678010405e-05,5.97536218532249e-05,3.82770020129212e-05,0,0,0.000157533352195527,0.000119094026026688,8.58991169953089e-05,0.000104745776990354,5.20225411394692e-05,2.55426829736218e-05,0,0.000338988657535161,0.000951583268858607,0.000719537828753607,0.000519070218498335,0.000633063636724158,0.000314455738200543,0.000154405572887334,0,0.000337218463635823,0.000956127597807133,0.000723873570758866,0.000522734237603664,0.00063818417648579,0.000317251316152396,0.00015584007134905
"75",2025,75,0,0.000692831332532017,0.00213745306667436,0.00163309526543023,0.00118927081018367,0.00147045352846075,0.000745961041020096,0.000375655393687348,0,0,0,0,0,0,0,0,0,0,0,0,0,0,0,0,0,2.79152019246606e-05,8.72167543457637e-05,7.56174810894051e-05,6.24473893493509e-05,9.22714661853744e-05,5.98962108990883e-05,3.84042789374528e-05,0,0,0.000157505059398927,0.000119559576819532,8.64460764400185e-05,0.000105662987900213,5.25736563335165e-05,2.58374560252308e-05,0,0.000332880005117163,0.000946427898482146,0.000718565066244929,0.000519637891242825,0.000635260978828686,0.000316122237802393,0.000155369369549838,0,0.000332036125490194,0.00094630335444752,0.000719353141276364,0.000520739453151479,0.000637258095546475,0.000317368935985098,0.000156044289174826
"76",2025,76,0,0.000113241112022464,0.00286469017091574,0.00219809640191237,0.0016049430763172,0.00198947878449666,0.00101120513062095,0.000509700354896974,0,0,0,0,0,0,0,0,0,0,0,0,0,0,0,0,0,3.70714402553632e-05,0.000116438810624624,0.000101361194004604,8.39114524900721e-05,0.00012428057547817,8.08214098664321e-05,5.18698582393274e-05,0,0,0.000211260264258964,0.000161015717707085,0.000116706883939047,0.000142993124589947,7.12793653228706e-05,3.5064030457456e-05,0,7.61696717671012e-05,0.00126924580895932,0.000967641100640737,0.000701522414648249,0.000859725173685625,0.000428633556667565,0.000210874076656425,0,0,0.00126774528707284,0.000968078389559941,0.00070280232523983,0.000862479910742916,0.000430470798764081,0.000211892389543766
"77",2025,77,0,4.32325414456801e-05,0.00333668165800735,0.00257319157654009,0.00188510529008947,0.00234445762237443,0.00119463550703523,0.000602908868462064,0,0,0,0,0,0,0,0,0,0,0,0,0,0,0,0,0,4.32325414456801e-05,0.000135172703060427,0.000118246973620362,9.82056548568692e-05,0.00014591352501292,9.51233474816083e-05,6.11260903931307e-05,0,0,0.000246253208520769,0.000188609932705013,0.000137150011037414,0.00016857744737654,8.42412201296781e-05,4.14933974594207e-05,0,0,0.0014790710024362,0.00113320414144771,0.000824242362937458,0.00101338645496098,0.000506514595293067,0.000249512552213917,0,0,0.00147618474398995,0.001133130528767,0.000825507261257726,0.00101658019502399,0.000508756344130874,0.000250776828395596
"78",2025,78,0,3.9397280448688e-05,0.00302210336415419,0.00234292544430849,0.00172263322093087,0.00215011719060229,0.0010986807253278,0.000555277637203381,0,0,0,0,0,0,0,0,0,0,0,0,0,0,0,0,0,3.9397280448688e-05,0.00012223175399859,0.000107506673564081,8.96188986141582e-05,0.000133649870851665,8.7381076903138e-05,5.623496829287e-05,0,0,0.000222186275766663,0.000171098129664067,0.000124879060837929,0.000154062834947196,7.72103474954134e-05,3.80869660185936e-05,0,0,0.00133821507686916,0.00103080346927024,0.000752531088575696,0.000928621022131989,0.000465478719746784,0.000229637556740164,0,0,0.00133947025751978,0.00103351717181011,0.00075560417290309,0.000933783462671441,0.000468610581182467,0.000231318146151754
"79",2025,79,0,2.9216967932723e-05,0.00224338685735489,0.00174734331121235,0.00128877695172343,0.00161365098033364,0.000826577776978329,0.000418287742298899,0,0,0,0,0,0,0,0,0,0,0,0,0,0,0,0,0,2.9216967932723e-05,9.06139753537277e-05,8.00937638560606e-05,6.69939698712645e-05,0.000100248219297407,6.57170492479401e-05,4.2351219900629e-05,0,0,0.000165459239876322,0.000128044477894527,9.37707155081121e-05,0.000116073855700647,5.8324603919507e-05,2.88099885841343e-05,0,0,0.000994035648842392,0.000769416938565617,0.000563567222936361,0.000697737624645005,0.00035064893113977,0.00017321906051202,0,0,0.000993277993282448,0.000769788130896141,0.000564445043407692,0.000699591280690578,0.000351887192671112,0.000173907473302116
"80",2025,80,0,3.56516155025401e-05,0.00273066973827013,0.00213559854819946,0.00157939831829719,0.00198286251163749,0.0010178219923967,0.00051561262767892,0,0,0,0,0,0,0,0,0,0,0,0,0,0,0,0,0,3.56516155025401e-05,0.000110102760767579,9.77037639754714e-05,8.19333736283203e-05,0.000122916798575839,8.07381009129735e-05,5.20859160604671e-05,0,0,0.000201501335386867,0.000156553427761619,0.000114944407575753,0.000142650302834912,7.18231501818786e-05,3.55152923130712e-05,0,0,0.00121036122769041,0.000940607372979064,0.000690761582592678,0.000857452275636254,0.000431796439152858,0.000213535079875682,0,0,0.00120870441442528,0.000940733983483309,0.000691758954500443,0.000859843134590483,0.000433464302148987,0.000214476339429699
"81",2025,81,0,4.36448977013315e-05,0.00308312423938477,0.00261249940745216,0.00193840276344646,0.00244159170550405,0.00125652628487158,0.000637380654086427,0,0,0,0,0,0,0,0,0,0,0,0,0,0,0,0,0,4.36448977013315e-05,0.000133918365897185,0.00011937023757972,0.000100411934678231,0.000151107321972424,9.94980903589675e-05,6.42707019347702e-05,0,0,0,0.000191633493068424,0.000141138043554041,0.000175706884820685,8.86855676100913e-05,4.39104185880143e-05,0,0,0.0014761356202759,0.00115089396464481,0.000847858112121807,0.00105581198928632,0.000533022981808719,0.000263942288793372,0,0,0.00147307025321168,0.0011506017121592,0.000848994673092383,0.00105896550942462,0.000535319645093805,0.00026525724477027
"82",2025,82,0,4.57004256301357e-05,0.00320605920643274,0.00272721227341814,0.00203111667602398,0.0025681735996211,0.00132567665799455,0.000673516084569109,0,0,0,0,0,0,0,0,0,0,0,0,0,0,0,0,0,4.57004256301357e-05,0.000139109257359591,0.000124476800642276,0.000105097431514173,0.000158758648380548,0.000104850771645036,6.78350853958186e-05,0,0,0,0.000200131970719924,0.000147946563091739,0.000184882959702079,9.35984657347783e-05,4.64162223418969e-05,0,0,0.00153534791670812,0.00120163648513671,0.000888548524219298,0.00111070116040949,0.000562430789696045,0.000278946692225674,0,0,0.00153160203236502,0.00120096701691923,0.000889524157198768,0.00111383083112899,0.000564796630918694,0.00028031808460572
"83",2025,83,0,4.71322512495646e-05,0.00327850681532129,0.00279974413288806,0.00209321413057436,0.00265724437715997,0.00137601431133152,0.00070025364218762,0,0,0,0,0,0,0,0,0,0,0,0,0,0,0,0,0,4.71322512495646e-05,0.000142158320347246,0.000127701814273921,0.000108236255902165,0.00016414836703033,0.000108753103109335,7.04768091980543e-05,0,0,0,0.000205517713732107,0.000152514187699114,0.000191347175409725,9.71776852174886e-05,4.82715076782089e-05,0,0,0.0015702903782662,0.00123374546076308,0.00091581699344083,0.00114933861446368,0.000583842716833604,0.000290050196281795,0,0,0.00156605811670784,0.00123277914411894,0.000916646693532256,0.00115241022025624,0.000586240806171087,0.000291455129029562
"84",2025,84,0,6.13133033337797e-05,0.00422360703614651,0.00362087976440797,0.00271861043208702,0.00346636986734353,0.00180135652729738,0.000918408058397006,0,0,0,0,0,0,0,0,0,0,0,0,0,0,0,0,0,6.13133033337797e-05,0.000183100574727438,0.000165120790833848,0.000140501560180507,0.000213949326495468,0.000142210782114212,9.23179666178394e-05,0,0,0,0.000265871956049572,0.000198084249362806,0.000249542711782288,0.00012715229039531,6.3271821002285e-05,0,0,0.00202399803567604,0.00159594245371634,0.00118946512952046,0.00149903472449782,0.000764056751094041,0.00038026034778521,0,0,0.00201650842574303,0.00159394456380821,0.00119055949302325,0.00150384310456795,0.000767936703693815,0.000382557922991672
"85",2025,85,0,6.03483032009448e-05,0.00409632893246353,0.00352827568402389,0.00266222241006729,0.00341219096886187,0.00178073006323216,0.000909944749531989,0,0,0,0,0,0,0,0,0,0,0,0,0,0,0,0,0,6.03483032009448e-05,0.000177726607563058,0.000161015658134581,0.000137693976599656,0.000210774794543428,0.000140696491808152,9.15404665441374e-05,0,0,0,0.000259383295130419,0.000194215717537997,0.000245952345110721,0.00012585535137339,6.2767274287538e-05,0,0,0.0019638359899153,0.00155569970711669,0.00116525292756513,0.00147620918064404,0.000755615861596983,0.000376904355580246,0,0,0.00195476633498518,0.0015521770236422,0.00116505978836451,0.00147925464856368,0.000758562358453638,0.000378732653120069
"86",2025,86,0,6.53733849728923e-05,0.00437086752568002,0.00378135395273169,0.00286724382835322,0.00369422637799962,0.00193619140659231,0.000991658299807765,0,0,0,0,0,0,0,0,0,0,0,0,0,0,0,0,0,6.53733849728923e-05,0.000189840306445929,0.000172748572239238,0.000148442085026934,0.000228392093338674,0.000153093522445977,9.98279428530888e-05,0,0,0,0.000278069069287471,0.000209215496191702,0.000266308925657976,0.000136843350755759,6.83998764673378e-05,0,0,0.00209571716046159,0.00166732997503576,0.00125494446957129,0.00159804565848137,0.000821429520500095,0.000410654271192704,0,0,0.00208531005877249,0.00166320633616922,0.00125464177756329,0.0016014797005216,0.000824825012890482,0.000412776209294634
"87",2025,87,0,6.90540567482856e-05,0.00502216629718561,0.00404984586120265,0.00332716539244373,0.00431144088376346,0.00227041588267268,0.00116580947207698,0,0,0,0,0,0,0,0,0,0,0,0,0,0,0,0,0,6.90540567482856e-05,0.000218470398241894,0.000199702580413016,0.000172483779731553,0.000266840216323611,0.000179673348885054,0.000117443047209381,0,0,0,0,0.00024285020761846,0.000310828760618898,0.000160446198019705,8.03931992401153e-05,0,0,0.00240876948770581,0.00192788414811797,0.00145616986350216,0.00186463744330813,0.000962873819125215,0.000482554565300243,0,0,0.00239492641123791,0.00192225913267167,0.00145566154159155,0.00186913446351282,0.000967422516642705,0.000485418660327245
"88",2025,88,0.018682493499619,0.00415303984775153,0.000490193539873283,0.00039747445448758,0.000321335622201718,0.000418640322141863,0.000221580886595764,0.000114191656903548,0,0,0,0,0,0,0,0,0,0,0,0,0,0,0,0,0.00102636090886174,0.000164908265462865,2.22224321637703e-05,2.04475883190705e-05,1.77348632151544e-05,2.76102105464043e-05,1.8688716013173e-05,1.22503655564693e-05,0.00147179819599194,0.000230930936387042,0,0,1.73024925096433e-05,2.22816936267204e-05,1.15596878812811e-05,5.80765581630765e-06,0.00838903887221799,0.0016827554701326,0.000207585234481147,0.000167221245824713,0.00012696513366195,0.000163507676884852,8.4829709954178e-05,4.26195654539092e-05,0.0077952955225473,0.00207444517576902,0.000260385873228366,0.000209805620343796,0.00015933313281497,0.000205240741083886,0.000106502772747131,5.35140700768623e-05
"89",2025,89,0.00713019927206425,0.00773629015699404,0.00535851009996651,0.000156865596879776,0.000115557159273583,0.000143690484384452,7.55896142281719e-05,3.89681439276462e-05,0,0,0,0,0,0,0,0,0,0,0,0,0,0,0,0,0.000411328630665373,0.000372345695131214,0.000273724433265305,9.04832870759503e-06,7.55131331927341e-06,1.11981697263648e-05,7.50737274317367e-06,4.90113623651904e-06,0.000602570476150643,0.000524625826865962,0.00035121610723441,1.01714044531139e-05,7.43151881758988e-06,9.11580264856734e-06,4.68401297083118e-06,2.3437314683907e-06,0.00324194129371909,0.00333709937061068,0.00227510225838811,6.59495493757313e-05,4.81853180365944e-05,5.91069382077501e-05,3.03715208570914e-05,1.51970344619999e-05,0.00287435887152914,0.00350221926438618,0.00245846730107869,7.16963143433355e-05,5.23890091001249e-05,6.42695738017692e-05,3.30267076570757e-05,1.65262417607366e-05
"90",2025,90,0.00590105908818687,0.00772279278520731,0.00488113677833964,0.000331401530978393,0.000211142791345949,0.000217022558287293,0.00010905885911309,5.50699849222832e-05,0,0,0,0,0,0,0,0,0,0,0,0,0,0,0,0,0.000339235886392215,0.000374090004893505,0.000249756416090231,1.91531959510811e-05,1.38228771144185e-05,1.69424786228089e-05,1.08495158193276e-05,6.93743552556827e-06,0.000501389902172785,0.000531189822983869,0.000323139563418116,2.17091731622619e-05,1.37167095822831e-05,1.39068092142237e-05,6.82567498427788e-06,3.34515724923442e-06,0.00268534259991348,0.00334494189283362,0.00207804617369272,0.000139729873089427,8.82900575954754e-05,8.95164934176981e-05,4.3936838578943e-05,2.15329474809439e-05,0.00237509069970839,0.00347257106449631,0.00223019462513857,0.000150809288775623,9.5313147053772e-05,9.66567770325626e-05,4.74468297305418e-05,2.32544446665367e-05
"91",2025,91,0.00533322887659356,0.00865100791900185,0.00531548811627005,0.000644326792556962,0.000392589161105238,0.000359852513383006,0.000173529548593198,8.58380363830486e-05,0,0,0,0,0,0,0,0,0,0,0,0,0,0,0,0,0.000312395237387155,0.000417829678190218,0.000268123512910344,3.67029147098277e-05,2.53308890916748e-05,2.76892654379771e-05,1.70199935190364e-05,1.06652282081793e-05,0.000466534967973086,0.000600980010992688,0.000351829352142515,4.21930848964158e-05,2.54947732593189e-05,2.30527227756586e-05,1.08607421538605e-05,5.21621076280407e-06,0.00244226172828441,0.00376235377014006,0.00226422310804803,0.000271793947753655,0.000164240791487849,0.000148517978418877,6.99727848303307e-05,3.36070807748676e-05,0.00211203694294891,0.00386984445967889,0.00243131214316916,0.000293636845197063,0.000177522707266395,0.000160592546750493,7.56760280899701e-05,3.63495166371976e-05
"92",2025,92,0.00435868828660736,0.00890884673268078,0.0056228277782357,0.00106189599160898,0.000642630042449521,0.000549988687410802,0.000256003916737585,0.000124154843431381,0,0,0,0,0,0,0,0,0,0,0,0,0,0,0,0,0.000257255208869412,0.00043034780124401,0.000280237444299415,5.97665868387619e-05,4.09648607139217e-05,4.18087155405408e-05,2.4811180765454e-05,1.5247730329971e-05,0.000390814944216588,0.000630243561653321,0.000374900533844494,7.00469909039423e-05,4.20353970907861e-05,3.54891425682945e-05,1.614253238659e-05,7.60357045603058e-06,0.0020060505180206,0.00389758249499863,0.00240144793911345,0.000449127560084337,0.000269554419019089,0.000227599932959688,0.000103530495224683,4.87666792998102e-05,0.00170456761550076,0.00395067287478481,0.00256624186097834,0.00048295485378194,0.000290075365625725,0.000245090896342279,0.000111519708360858,5.25368633455697e-05
"93",2025,93,0.00313442107316219,0.00789448912765179,0.0053544002925141,0.00143685673804132,0.000877109738377884,0.000722652278583708,0.000326783268930692,0.000155614663673126,0,0,0,0,0,0,0,0,0,0,0,0,0,0,0,0,0.00018096266203459,0.000381216899798154,0.000264980574025921,8.03423483306306e-05,5.55406680318181e-05,5.45646122473105e-05,3.1460555254105e-05,1.89875474840609e-05,0.000281922673973238,0.000571152205294952,0.000362916442521913,9.63914881351661e-05,5.83428859723531e-05,4.7416195204927e-05,2.09547930105477e-05,9.69341694292033e-06,0.00144367134974863,0.00347472811911009,0.00229843935999517,0.00061101269969907,0.000369885829294276,0.000300655862866063,0.000132878052497186,6.14693331256183e-05,0.00122786438740573,0.00346739190344859,0.0024280639159711,0.000649110201876452,0.000393340355079437,0.000320015608265408,0.000141489868168853,6.54643661205266e-05
"94",2025,94,0.00410317501176925,0.00669137604700934,0.00493453670886278,0.00174690780841713,0.00108261000810735,0.00087685765249538,0.000387561135055866,0.000181522239859929,0,0,0,0,0,0,0,0,0,0,0,0,0,0,0,0,0.000235967340941405,0.000313000206988444,0.00024097222626734,9.64551140962064e-05,6.76931819058978e-05,6.53783403879302e-05,3.68524681996134e-05,2.18831757200779e-05,0.000369603385628534,0.000472964443930089,0.000332165484243964,0.000116456737226278,7.15605244770883e-05,5.71758170754562e-05,2.47030989700338e-05,1.12431666847187e-05,0.00189527886039289,0.00292954160665115,0.00211698199735314,0.000742764602545222,0.00045649911175969,0.000364800989061617,0.000157625915602338,7.17428660509318e-05,0.00160232542480642,0.00297586978943966,0.00224441700099834,0.000791231354549424,0.000486857189964673,0.000389502505970377,0.00016837965228388,7.66530314042007e-05
"95",2025,95,0.00285266800862668,0.00595769458061312,0.00487513176214091,0.00213508164215757,0.0013470269983069,0.00108865805402945,0.000473053155147913,0.000218391164880751,0,0,0,0,0,0,0,0,0,0,0,0,0,0,0,0,0.000161085788677736,0.000278030251937906,0.00023566407243552,0.000116746053936224,8.34047476741695e-05,8.0373328179909e-05,4.45462731526587e-05,2.60792336816613e-05,0.000259847212298994,0.000431928537761983,0.000334249191527838,0.000145023871654581,9.07162732589918e-05,7.23219207480111e-05,3.07243377706301e-05,1.3786779304163e-05,0.00132069695587197,0.00262672652839071,0.00210343035910393,0.000913255257735721,0.000571392089050704,0.000455633875712653,0.000193584157102611,8.68695229828448e-05,0.00111103805177798,0.00262100926252252,0.00220178813907361,0.000960056458831044,0.00060151388832303,0.000480328929388876,0.000204198387122013,9.16556289120815e-05
"96",2025,96,0.00220718181790755,0.0060412007381008,0.00576252933466905,0.00295806516017951,0.00190204402324372,0.00155074079360414,0.000665779221139205,0.000303534973644384,0,0,0,0,0,0,0,0,0,0,0,0,0,0,0,0,0.000127787502083188,0.000281629105682768,0.000272398490223956,0.000158165709855569,0.0001151452861533,0.000111925087890947,6.13108736949409e-05,3.54658403179113e-05,0.00021105529078367,0.000449429117689651,0.000397730101191207,0.000202262555618751,0.000128932856697242,0.000103689703666138,4.35384357573978e-05,1.93041052563887e-05,0.00103173670139379,0.0026859242387498,0.00249388115425466,0.00126916690340657,0.000809277015812162,0.000651036817408635,0.000273402074445105,0.000121228094491944,0.000836602323646903,0.00262421827597858,0.00259851958899923,0.00132846999129861,0.000848688864581021,0.00068408918463842,0.000287527837241762,0.00012753693357814
"97",2025,97,0.00160454290808376,0.00613261818515239,0.00725476222570737,0.00418294134589132,0.00274349527430052,0.00227709193938767,0.000970696439753552,0.000438055198158485,0,0,0,0,0,0,0,0,0,0,0,0,0,0,0,0,9.76138172939516e-05,0.000290407768621545,0.000334610161998957,0.000218174642856799,0.000161966190061095,0.000160232145393923,8.71740442319784e-05,4.99425801599634e-05,0.000164603188959986,0.000475317824978627,0.000503144770009519,0.00028733460017916,0.000186786809687959,0.000152897778547125,6.37656897831634e-05,2.80018121480654e-05,0.00075914193154809,0.00276114703746047,0.00314797815216913,0.00179923694529317,0.0011701095205087,0.000958244272756516,0.000399713702425303,0.000175543283600256,0.000583183970281736,0.00260574555409175,0.00326902914152976,0.00187819515756219,0.00122463275404277,0.00100571774269011,0.000420043003313107,0.0001845675222502
"98",2025,98,6.39904861306226e-05,0.00568476912363101,0.00891064114849402,0.00558797256961104,0.00374158097796567,0.00318798189268437,0.00135603278818724,0.000607366823999017,0,0,0,0,0,0,0,0,0,0,0,0,0,0,0,0,6.39904861306226e-05,0.000280461107802515,0.000402269791846107,0.000285199728237051,0.000216069367197443,0.000219347701843966,0.000119090432452804,6.77467731703376e-05,0,0.000468912349447573,0.000621964863541465,0.000386221241003287,0.000256237618805396,0.000215255991720764,8.95927886410797e-05,3.90673453532993e-05,0,0.00260265131687176,0.00387842206536199,0.00241065445273193,0.00160020911363776,0.00134509188998135,0.000560004776977858,0.00024422118529852,0,0.00233274434950916,0.00400798442774446,0.00250589714763877,0.00166906487832508,0.00140828630913829,0.000587344790115497,0.00025633152017686
"99",2025,99,0,0.00592187917374728,0.0100141144827093,0.00669809787646649,0.00458498926619173,0.00404412037187128,0.0017264927786674,0.000770692853616737,0,0,0,0,0,0,0,0,0,0,0,0,0,0,0,0,0,0.000258289495722727,0.000465751814062768,0.000352069784466215,0.00027252179129741,0.00028614228158014,0.000155782720570033,8.82459559824002e-05,0,0.000446401992159066,0.000732643007167577,0.000485074387164804,0.000328825050565724,0.000285732438019924,0.000119261249996546,5.17868879070494e-05,0,0.00263847532063073,0.00441037825634209,0.00292306531625727,0.001982814356578,0.00172427975041262,0.000719960663887289,0.000312677598872982,0,0.00257871236523476,0.0044053414051369,0.0029378883885782,0.0020008280677506,0.00174796590185859,0.000731488144213532,0.000317982410854305
"100",2025,100,0,0.005576441266306,0.00932616825509151,0.00648982380994315,0.00453001454172258,0.00414594952453902,0.00178050631471835,0.000793128984158712,0,0,0,0,0,0,0,0,0,0,0,0,0,0,0,0,0,0.000240774297747449,0.000433005530340684,0.000340701539769884,0.000268965294174594,0.000293067129819892,0.000160501326097886,9.07278038782134e-05,0,0.000418017440181974,0.000683578649626873,0.000471063552960146,0.000325667495262972,0.000293662809777025,0.000123300579144206,5.34286067793109e-05,0,0.0024812890655508,0.00410942012808088,0.00283444122126324,0.00196080361956094,0.00176941560464332,0.00074320897138642,0.000322099052069297,0,0.00243636046282578,0.00410016394704307,0.00284361749594988,0.00197457813272408,0.00178980398029879,0.000753495438089841,0.000326873521431891
"101",2025,101,0,0.00560581252383935,0.00927365489386799,0.00659919212095479,0.00467764857076864,0.00444074961574912,0.0019215891519321,0.000855391080869724,0,0,0,0,0,0,0,0,0,0,0,0,0,0,0,0,0,0.000241201832030481,0.000430370582374687,0.00034633025685389,0.000277644163375393,0.000313800192826444,0.00017314438866296,9.78039325328946e-05,0,0.000419417745659169,0.000680256624514637,0.000479424805970661,0.000336580077565757,0.000314815510061769,0.000133175350817718,5.76665625569214e-05,0,0.00249350085760637,0.0040872769746772,0.00288313450430514,0.00202536906389538,0.00189581964704718,0.000802307210040541,0.000347469090748104,0,0.00245169208854333,0.00407575071230147,0.00289030255382511,0.00203805526593211,0.00191631426581372,0.000812962202410885,0.000352451495031804
"102",2025,102,0,0.0063672488405409,0.01046966438351,0.00754592241516651,0.00541435765635565,0.00532721209501927,0.00232623684545357,0.00103619742511935,0,0,0,0,0,0,0,0,0,0,0,0,0,0,0,0,0,0.000274125860754292,0.000486239695528118,0.000396155816730947,0.000321385068294455,0.000376305804627504,0.000209464518255272,0.000118381810923593,0,0.000476604965524093,0.00076844522516902,0.00054833240494156,0.000389572005188344,0.000377512340186215,0.000161115963043755,6.98040812022177e-05,0,0.00283365147443064,0.00461602833810148,0.00329706094562193,0.00234410484452305,0.00227346868653017,0.000970747633059912,0.000420668031688907,0,0.00278286653983188,0.00459895112471136,0.00330437324787208,0.0023592957383498,0.00229992526367538,0.00098490873109463,0.000427343501304633
"103",2025,103,0,0.0072361663558152,0.0118765452104799,0.00862574212798207,0.00625190780498538,0.0063737622798755,0.00281371144532313,0.00125600225701809,0,0,0,0,0,0,0,0,0,0,0,0,0,0,0,0,0,0.000311969098462192,0.000552320649458334,0.000453224173005248,0.000371273405726424,0.000450241785490077,0.000253269318112028,0.000143418382900542,0,0.000542014316235383,0.000872255015212534,0.000626905136624462,0.000449763037140766,0.000451430513438319,0.00019471305082041,8.45285626155422e-05,0,0.00322232251957445,0.00523834961574928,0.00376909125934559,0.00270623459198047,0.00271887363596179,0.0011733914652687,0.000509519767184838,0,0.00315986042154317,0.00521361993005978,0.00377652155900678,0.00272463677013772,0.00275321634498532,0.00119233761112199,0.000518535544317165
"104",2025,104,0,0.00597552962254941,0.00977216175675137,0.0071227469179545,0.00520131549781572,0.00548602651548257,0.00245108397751636,0.00109776120986388,0,0,0,0,0,0,0,0,0,0,0,0,0,0,0,0,0,0.000256895174216917,0.000454925686508714,0.000374922181011729,0.000309607556662929,0.000388714115118535,0.000221362146711758,0.000125772540762363,0,0.000446078424508391,0.000717735317261997,0.000518043247588751,0.000374633927465357,0.000389249493445931,0.00016995767427732,7.40279080450366e-05,0,0.00265739633494902,0.00430897944908038,0.00311297210706273,0.00225268913388845,0.00234240247349083,0.00102326567356172,0.000445798544625708,0,0.00261515968887509,0.00429052130390028,0.00311680938229129,0.00226438487979898,0.00236566043342727,0.00103649848296556,0.000452162216430768
"105",2025,105,0,0.00525163375704223,0.00853579612798975,0.00621924668991717,0.00455866715047186,0.00494931699308316,0.00223715924059145,0.00100546209490833,0,0,0,0,0,0,0,0,0,0,0,0,0,0,0,0,0,0.000225989580730662,0.000398623680879413,0.000328530940525097,0.000272402907160142,0.000352182703599828,0.000202928625315237,0.00011569896074923,0,0.000391368680961073,0.00062708474121055,0.00045260737464023,0.000328632671747271,0.000351590235578053,0.000155322724107805,6.78867801895974e-05,0,0.00233343434173448,0.00376279925201064,0.00271805467877565,0.00197467823988015,0.00211404502234666,0.000934339808049433,0.000408453106280124,0,0.00230084115361601,0.00374728845388914,0.00272005369597619,0.0019829533316843,0.00213149903155862,0.00094456808311897,0.000413423247689376
"106",2025,106,0,0.00602380753837514,0.00976068376177198,0.0071029985351025,0.00521733374970262,0.00580999396327686,0.00265792698881281,0.00119950030354803,0,0,0,0,0,0,0,0,0,0,0,0,0,0,0,0,0,0.000263535710100606,0.000462865265840428,0.000380782592086259,0.000316248458635133,0.000419163497066197,0.00024429583858179,0.000139787542128654,0,0.000449236397217477,0.000716821433413924,0.000516465221778431,0.000375633633780976,0.000412013730417851,0.000184116581983168,8.07656158588737e-05,0,0.00267674181897474,0.0043009765561887,0.00310172777474584,0.00225742023773773,0.00247792083313582,0.0011078806885639,0.000486104546109045,0,0.00263429361208232,0.00428002050632893,0.00310402294649196,0.00226803141954878,0.00250089590265699,0.00112163387968395,0.000492842599451455
"107",2025,107,0,0.00734433696996574,0.0119138696612578,0.00866621148333106,0.00638108293150937,0.00727748420690291,0.00337588628733699,0.00153145267695789,0,0,0,0,0,0,0,0,0,0,0,0,0,0,0,0,0,0.000327225812721521,0.000574219864644797,0.000471734304727552,0.000392468406658429,0.000532322520625671,0.000314335977988374,0.00018069070458704,0,0.000548648909684446,0.000874864026767222,0.000629521630304138,0.00045869283834756,0.000514903079213014,0.000233150697669123,0.000102751605164537,0,0.00326538395695491,0.00524864740951581,0.00378110631153823,0.00275727132767412,0.00309796747076937,0.00140367603437071,0.000618798180755957,0,0.00320307829060486,0.00521613836032997,0.00378384923676113,0.00277265035882925,0.00313229113629486,0.00142472357730878,0.000629212186450359
"108",2025,108,0.00583239454347991,0.00514501803162962,0.00861247322146456,0.00625645664857811,0.00461241550430597,0.0053713841681845,0.00252740375349108,0.00115247838028395,0,0,0,0,0,0,0,0,0,0,0,0,0,0,0,0,0.000413206617566345,0.000229108198382574,0.000402860137085136,0.000331000333244552,0.00027602703914585,0.000382835309874426,0.00022959773877433,0.000132796219454487,0.00064592655631744,0.000356076261323486,0.000570391489462406,0.000410427146349066,0.000299718877837216,0.000343977263129007,0.000158166690018409,7.01305354006606e-05,0.00282045741761319,0.00225666738982034,0.00370639684477153,0.00266897623271782,0.00195007530463927,0.00223934169631847,0.00103012684762485,0.000456847185520677,0.00195280395198293,0.00230316618210322,0.00393282475014549,0.00284605293626667,0.00208659428268364,0.00240522989886259,0.00110951247707349,0.000492704439908121
"109",2025,109,0.00413088136180049,0.0042348373659123,0.00719375353178056,0.00521210099576667,0.00383975253391771,0.0045471629550908,0.00216998979710131,0.000996230957112481,0,0,0,0,0,0,0,0,0,0,0,0,0,0,0,0,0.000272863957537216,0.000195186505367701,0.00034896348844323,0.00028603497757429,0.000238378116417222,0.00033620303992302,0.000204394956485585,0.000118920991524892,0.000428863957737669,0.000301337863019008,0.000490783521566187,0.000352289701439963,0.00025709120845006,0.000300020852593713,0.000139839359818918,6.23707250059547e-05,0.00196798297646632,0.0018630457926734,0.00311046334832896,0.00223419982811557,0.00163119991982975,0.00190452282921202,0.00088802387237575,0.000396144570787078,0.00146117047005928,0.0018752672048522,0.00324354317344219,0.00233957648863685,0.00171308328922068,0.00200641623336204,0.000937731608421054,0.000418794669794556
"110",2025,110,0.00124710702961083,0.00498027907322383,0.00892436955499764,0.00645296338238186,0.00474715592133871,0.00569961888197815,0.00275560863995278,0.00127334743314804,0,0,0,0,0,0,0,0,0,0,0,0,0,0,0,0,0.000161380168806756,0.000243465197268704,0.00043909130139657,0.000358895363699957,0.000298499408665914,0.000426554831773516,0.00026254811620005,0.000153670976526543,0,0.00037768006150249,0.000623285024086591,0.000446176945143921,0.000324975217165376,0.000384275403646483,0.000181350739907299,8.13745941026643e-05,0.00108572686080408,0.00223024403723206,0.00388003029959261,0.00277986683735679,0.00202591063041238,0.00239707539352714,0.00113178231145172,0.000507963965514697,0,0.00212888977722058,0.00398196292992186,0.00286802423618119,0.00209777066509504,0.00249171325303101,0.00117992747239371,0.000530337897004135
"111",2025,111,0,0.00623087375516869,0.0109081440083184,0.00790330107113086,0.0058202307976775,0.00709159442610048,0.00348337460091006,0.00162459710317574,0,0,0,0,0,0,0,0,0,0,0,0,0,0,0,0,0,0.000300724626614093,0.000562944288626168,0.000460526248270031,0.000383069222543735,0.000554870291459407,0.00034646700190994,0.000204365447510186,0,0.000466235417766134,0.000794066246477046,0.000568986017828235,0.000414504720399712,0.000496877137214264,0.0002379077402819,0.000107590606488864,0,0.00276290716908711,0.00478214928497693,0.00343036316439704,0.00250088168097789,0.00300021843204666,0.00143739212160211,0.000650238162683933,0,0.00270100654170135,0.00476898418823826,0.00344342564063555,0.00252177517375616,0.00303962856538016,0.00146160773711611,0.000662402886492753
"112",2025,112,0,0.00721091091919688,0.0122128779257108,0.00886060338140322,0.00653287847495642,0.00806468077856208,0.00402434176932138,0.00189538475743517,0,0,0,0,0,0,0,0,0,0,0,0,0,0,0,0,0,0.000353259785849067,0.000644692277679675,0.000527740038816933,0.000439246171027774,0.000644198500345406,0.000408311498658444,0.000243027054877687,0,0.000537049792446474,0.000890964668523273,0.000638876432401563,0.000465730956003235,0.00056530041551042,0.000274770831399193,0.000125394298457199,0,0.00319313347677867,0.00535363003052344,0.00384359849234181,0.00280429534927362,0.00340680572077757,0.00165705123946954,0.000756474534728063,0,0.00312746786412267,0.00532359094898445,0.00385038841784292,0.00282360599865179,0.00344837614192869,0.00168420819979421,0.000770488869372216
"113",2025,113,0,0.00777416495065263,0.0129233548796877,0.00938667232438591,0.00692903462595644,0.0086539007447777,0.00438714501435867,0.00208860787338907,0,0,0,0,0,0,0,0,0,0,0,0,0,0,0,0,0,0.000388392188349089,0.00069697137727383,0.000570908085650428,0.000475554991953087,0.000705283488726245,0.000453847555140243,0.000272857795649285,0,0.000577985888104668,0.000942679930969957,0.000676435193158472,0.000493523398858789,0.000605785621554975,0.000298953357916956,0.000137813173343982,0,0.00343957587926713,0.00566067000858886,0.00406722247647652,0.00297010021180415,0.00364906825835517,0.00180211763711217,0.000831063659412122,0,0.00336821099493175,0.00562303356285506,0.00407210656910049,0.00298985602334041,0.00369376337614132,0.0018322264641893,0.000846873244983681
"114",2025,114,0,0.00742299783331582,0.0122000789023232,0.00886614426352053,0.00655060495093756,0.00826213449611976,0.00425289118370026,0.00204785422155081,0,0,0,0,0,0,0,0,0,0,0,0,0,0,0,0,0,0.00037803046283832,0.000672205152980495,0.000550969503060279,0.00045934990588483,0.000687925629428358,0.000449313807292398,0.000273060460073285,0,0.000550312166280125,0.000889159881311659,0.000638422537483432,0.000466192189704575,0.000577828106278013,0.000289424150428126,0.000134865565082611,0,0.00327875016351394,0.00533710559551124,0.00383684133026032,0.00280415872258524,0.00347866132769475,0.0017436070960804,0.000812779785472955,0,0.00321590504068343,0.00530160827251977,0.00383991089271651,0.00282090413276292,0.00351771943271864,0.00177054612989933,0.000827148410921962
"115",2025,115,0.00802515869218349,0.00692702490633581,0.0118487484769875,0.00857544232730589,0.00633318929363525,0.0080418557037205,0.00419115574718757,0.0020376706745132,0,0,0,0,0,0,0,0,0,0,0,0,0,0,0,0,0.000704782844183718,0.000351957741818953,0.000628914186721448,0.000513578425133843,0.000428187383842942,0.000646026768208359,0.000427637256698726,0.000262696207627425,0.000938622582511111,0.000471233238801719,0.000767389715726299,0.000548936302510482,0.000400845912541661,0.000500507771119956,0.000254065164197876,0.000119665851639645,0.00388492958911848,0.0030221028780319,0.00505645745622247,0.00362096853437252,0.00264607685398214,0.00330642222518541,0.0016793898873341,0.000791251810045466,0.00249682367637018,0.00308173104768324,0.00539598711831723,0.00389195906528904,0.00285807914326851,0.00358889893920677,0.00183006343895687,0.00086405680520066
"116",2025,116,0.0196870551884835,0.0043148162996588,0.00743113315590539,0.00536812371605037,0.00394634407059362,0.00503770717154466,0.00265778935783414,0.00130671444111743,0,0,0,0,0,0,0,0,0,0,0,0,0,0,0,0,0.00153009370452631,0.000215612086669734,0.000401748185301496,0.000327996461759525,0.000272493357166557,0.000413715417726558,0.000277367645992264,0.0001722814197997,0.00182763677251349,0.000255836889534292,0.000433033550637174,0.00030962619365472,0.000225261461503964,0.000282986184807788,0.00014545994958985,6.92647763930102e-05,0.00918742542534084,0.0017871666259763,0.00304657124868307,0.00217969612847312,0.00158646128254399,0.00199383343106768,0.00102520997905298,0.000488270550667744,0.00714189928610285,0.00205620069747847,0.00354978017128365,0.00255080493216301,0.0018621279693791,0.00234717213794263,0.00120975178319905,0.000576897694256972
"117",2025,117,0.01181910459524,0.00782321988890671,0.0136619145599642,0.00990178652147557,0.00722409977117697,0.00924889717560661,0.00492521519417028,0.00244470611123376,0,0,0,0,0,0,0,0,0,0,0,0,0,0,0,0,0.00114100231118182,0.000405249444978359,0.000743732798035774,0.000607630118693438,0.000500036961764722,0.000760064106375282,0.000513614061185708,0.000321829397328789,0.00140524277922147,0.000506731595706646,0.000846916990454631,0.000606180777287802,0.000436959883757333,0.000549722069435476,0.000284887910013455,0.000136879887833198,0.00574174133611072,0.00337422263307016,0.0057691748613809,0.0041342902512533,0.00298269928957352,0.00375546245432228,0.00194749704280826,0.000936043493740937,0.00353111816872598,0.00353701621515154,0.00630208991009286,0.00455368537424103,0.0033044036360814,0.00418364854547357,0.00217921618016286,0.00104995333233084
"118",2025,118,0.000451966679204601,0.00888505429005748,0.017659791568523,0.0129574980439801,0.0095464258092251,0.0121962529679618,0.00659016829111642,0.00331697488147156,0,0,0,0,0,0,0,0,0,0,0,0,0,0,0,0,0.000451966679204601,0.000529001033596003,0.00101834481099589,0.000840547195429554,0.000697331712814938,0.00105548433343158,0.000722073471839885,0.000457806808879502,0,0.000680705206982853,0.0012023620645232,0.000869643293336761,0.000632089888614339,0.000792055057811631,0.000415649797053023,0.000202107571929936,0,0.0040271181295366,0.00764590995603958,0.0055395347463085,0.00403121157869398,0.00505740441512057,0.00265647292628645,0.0012923599067865,0,0.00364822991994202,0.0077931747369643,0.00570777280890525,0.00418579262910185,0.005291309161598,0.00279597209593707,0.00136470059387562
"119",2025,119,0,0.00660656671301124,0.0144404716491207,0.0107337327224523,0.00799520685452524,0.0101730935976134,0.0055950526256819,0.00286447633861529,0,0,0,0,0,0,0,0,0,0,0,0,0,0,0,0,0,0.000403402276946904,0.000894016890092956,0.000748140380379172,0.000627659413824146,0.000945817524547363,0.000657788171904284,0.000423363768211681,0,0,0.00104956339499273,0.000769524217224983,0.000565560342603863,0.000705497090002002,0.0003763330949782,0.000185748665849906,0,0.00312775731709755,0.00628392524164677,0.00461401235843647,0.00339463710495021,0.00423913617704954,0.00226315208041421,0.00111755219387982,0,0.00307540711896679,0.00621296612238825,0.00460205576641163,0.00340734999314702,0.00428264280601445,0.00229777927838521,0.00113781171067388
"120",2025,120,0,0.00702287357474833,0.0150953539148943,0.0113765911137976,0.00856759838274646,0.0110469736486739,0.00605674839344458,0.00314512738343615,0,0,0,0,0,0,0,0,0,0,0,0,0,0,0,0,0,0.000440091238123696,0.000959022231521537,0.000813406940647886,0.000689653285428163,0.00105241393453609,0.000728913532603053,0.00047538256143382,0,0,0.00109572702379357,0.000814267532876381,0.000604811224210875,0.000764071142051905,0.000405940161376102,0.000203038239891049,0,0.00332115674051305,0.006559351712148,0.00488175442988476,0.00362999799704616,0.0045910887556196,0.00244138413836587,0.00122170796996146,0,0.00326162559611159,0.0064812529474312,0.00486716221038857,0.00364313587606125,0.00463939981646631,0.00248051056109956,0.00124499861214983
"121",2025,121,0.0484930955809863,0.0148983902661393,0.00171202178320156,0.00130027075367637,0.000986173601489303,0.00128385725969382,0.000699768364570626,0.000368040377791752,0,0,0,0,0,0,0,0,0,0,0,0,0,0,0,0,0.00432045824494669,0.000915666757541613,0.000110903523373077,9.52745436535217e-05,8.1648986394306e-05,0.000126257987153124,8.71392828582689e-05,5.75971405086765e-05,0.00380269114740444,0.000797538819162404,8.82007302359458e-05,6.63408621550161e-05,4.97767917415734e-05,6.36745651284578e-05,3.36854970500023e-05,1.70663195159832e-05,0.0213118194623308,0.00583944882412969,0.000653639074847405,0.000491697936685332,0.000368962755894946,0.00047202169148667,0.000249730667893615,0.000126527981094458,0.0190581267263044,0.00734573586530555,0.00085927845474513,0.000646957411182496,0.000485785067458477,0.000621903015925567,0.000329212916768739,0.000166848936672634
"122",2025,122,0.0371170584770784,0.0162737601222368,0.00390488262727521,0.00276968988936157,0.00202793586992093,0.00252552101917208,0.0013563186739109,0.000713636065597183,0,0,0,0,0,0,0,0,0,0,0,0,0,0,0,0,0.0034809363450383,0.00103983143214792,0.000260618534204399,0.000208822648372771,0.000172607813188132,0.000255055962138072,0.000173237540214092,0.000114419268413313,0.00308450797743355,0.000912707725205804,0.000209147831703196,0.000146750130510753,0.000106214089824801,0.000129850895879855,6.76114271783179e-05,3.42309377126534e-05,0.0165676134173259,0.00653089199536613,0.00152097150160671,0.00106753715228411,0.000772817171405625,0.000944995888144038,0.000492122262658132,0.000249176703902901,0.0139840007372806,0.00779032896951694,0.0019141447597609,0.00134657995819394,0.000976296795502368,0.00119561827301011,0.000623347443860357,0.000315809155568316
"123",2025,123,0.0269329767256789,0.0180283147946552,0.00849987292490713,0.00583011939530877,0.00417522971489016,0.00503533455816503,0.00268052153862571,0.00140981858919642,0,0,0,0,0,0,0,0,0,0,0,0,0,0,0,0,0.00276253087669267,0.00118076842454767,0.000573189230640508,0.00044313991659825,0.000357767289495893,0.000511240375308183,0.000343852616934897,0.00022687857825098,0.00251355538804235,0.00107173219217786,0.000476383714124027,0.000322635660408112,0.000228137818381385,0.000269792387597741,0.000139135843698099,7.03824519518338e-05,0.0123413941699062,0.00745897406504643,0.0033962983722488,0.0023019043837206,0.0016284607127454,0.00192668235501526,0.000993943144820016,0.000502875534785738,0.0093154962910377,0.00831684011288324,0.00405400160789379,0.00276243943458181,0.00196086389426748,0.00232761944024385,0.00120358993317269,0.000609682024207871
"124",2025,124,0.0149759438201156,0.0187901858108335,0.0155588980453186,0.010622528448752,0.00755617176074007,0.00898855685945173,0.00478056177085672,0.00252010050650147,0,0,0,0,0,0,0,0,0,0,0,0,0,0,0,0,0.00177644953480352,0.00130388281359551,0.00107924900145444,0.000827574688417762,0.000662100387092308,0.00093095864940811,0.00062434263072966,0.000412317489273898,0.00167903474995581,0.00124126855859944,0.000943077535920073,0.000633863864646546,0.00044433268950578,0.000517275107513617,0.000266090341263103,0.000134754985502895,0.00701497832311096,0.00809349679391313,0.00642094167111927,0.00432212878667736,0.00303262045053171,0.00353368587194743,0.00181889920367918,0.000921435896464557,0.00450548121224534,0.0081515376447254,0.00711562983682478,0.00483896110901034,0.00341711823361027,0.00400663723058257,0.00207122959518478,0.00105159213526012
"125",2025,125,0.000728233704045616,0.0160306929951891,0.0201602944845199,0.0140102776186495,0.0100623385271466,0.0120672614955255,0.00646571375466643,0.0034317590831127,0,0,0,0,0,0,0,0,0,0,0,0,0,0,0,0,0.000728233704045616,0.0012399374980317,0.00146342660049522,0.0011394531796293,0.000918693709647005,0.0012993403735828,0.000875881391913052,0.000581226518074579,0,0.0012158874495989,0.00132476670539693,0.000904462892044537,0.00063912485652935,0.000748691447169577,0.000387231977989534,0.000197091956175145,0,0.00713308194010018,0.00849304789490332,0.00581048786196784,0.00411135227539763,0.0048224859926305,0.00249651566304611,0.00127126619922302,0,0.00644178610745833,0.00887905328372444,0.00615587368500779,0.00439316768557263,0.0051967436821426,0.00270608472171774,0.00138217440963995
"126",2025,126,0,0.0128541585805048,0.0205776040692383,0.014721681276065,0.0107769879652481,0.0131940460671909,0.00715465225894338,0.00383375348745201,0,0,0,0,0,0,0,0,0,0,0,0,0,0,0,0,0,0.00100198695756732,0.00157132312308775,0.00125901249897571,0.00103387880181688,0.0014908402984359,0.00101510463596374,0.000678627505425117,0,0.000983718576655253,0.0014176307933785,0.000995988946751947,0.000716867756616644,0.000856285713462365,0.000447411914033375,0.000229442357171444,0,0.00567151020104943,0.00876146857785007,0.00616874255334427,0.00444633204327235,0.00531877177102125,0.00278195804057945,0.00142742182550565,0,0.00519694284523281,0.00882718157492202,0.00629793727699307,0.00457990936354221,0.0055281482842714,0.00291017766836681,0.00149826179934979
"127",2025,127,0.0306620008351869,0.0349919618818042,0.010668122878637,0.000765097738121713,0.000568837904830378,0.00070897057847492,0.000390635940087146,0.000210787864713024,0,0,0,0,0,0,0,0,0,0,0,0,0,0,0,0,0.00338225661773107,0.00305076722277678,0.000942564359888265,7.55244852037586e-05,6.32318441401079e-05,9.30844222053032e-05,6.43285261569667e-05,4.31198919277706e-05,0.00251156439957057,0.00219724077446496,0.000625149483959132,4.39727158022879e-05,3.22328715600647e-05,3.92523567130141e-05,2.07923207280893e-05,1.06826350345954e-05,0.0132941377223875,0.0143834925977859,0.00421508652779884,0.000297033137675479,0.000217744555389714,0.000265180719008688,0.000140475206654036,7.21748802960896e-05,0.0114740420954978,0.0153604612867766,0.00488532250699074,0.000348567399440188,0.000255628633740491,0.000311453080547915,0.000165039886548055,8.48104574545688e-05
"128",2025,128,0.0349318557416038,0.0328138376048347,0.0103250308545785,0.00167978418648705,0.00110628357262452,0.00115963057029681,0.000610873101562474,0.000322704863053751,0,0,0,0,0,0,0,0,0,0,0,0,0,0,0,0,0.0038845816415956,0.00275568143733824,0.000880506296758286,0.000160233986411053,0.000118833033021783,0.000147179301646158,9.73527567632806e-05,6.39793850289335e-05,0.00289479603546549,0.00200630376156178,0.000590027614012603,9.42273181064131e-05,6.11900204476319e-05,6.27002044326007e-05,3.17909130168821e-05,1.60143373010764e-05,0.0152382596119809,0.0134167357927562,0.00405593567494316,0.000648816991302807,0.000421398021207577,0.000431858502856091,0.000218982303107008,0.000110314327913148,0.0129142184525618,0.0146351166131785,0.00479856126886443,0.000776505890666781,0.000504862497947532,0.000517892561361958,0.000262747128675303,0.000132396812810593
"129",2025,129,0.0276676237686355,0.0386892943852435,0.014051462372777,0.00392351609933002,0.00249554199063746,0.00237692672425154,0.00120602578478521,0.000625932261409148,0,0,0,0,0,0,0,0,0,0,0,0,0,0,0,0,0.00322074425511486,0.00327880137691102,0.00117283389213989,0.000365654410054853,0.000261694133395156,0.000294366185671542,0.000187630016953699,0.000121254938880764,0.0024637672081136,0.00245552870721341,0.000812357010887588,0.000222354228160597,0.000139381039598171,0.000129749106092515,6.34030836459152e-05,3.14091684380162e-05,0.0122172927307487,0.0161097927752046,0.00555875525475314,0.00152470866295837,0.000956102664497161,0.000890328372549515,0.000435137687489585,0.000215579164697834,0.0097658195746584,0.0168451715259144,0.00650751621499638,0.0018107987981562,0.00113836415314698,0.00106248305993797,0.000519854996696016,0.000257688989392534
"130",2025,130,0.0192613884804896,0.0408453099632519,0.0201939832200601,0.00818060844148009,0.00521253023824933,0.0047429041633066,0.0023391997793729,0.00119588483164648,0,0,0,0,0,0,0,0,0,0,0,0,0,0,0,0,0.00238663306560525,0.00351709818262408,0.00164731524305365,0.000743300220259316,0.000532053087619815,0.000570932376680046,0.000353795284896966,0.000225411334625841,0.00190162024273428,0.00275254513161677,0.0011979956815743,0.000474807471266005,0.000297809279971599,0.000264615414042951,0.000125743950415676,6.14220839547329e-05,0.008628270517626,0.017430652636232,0.00809648940566487,0.00321760796511982,0.00201970266029999,0.00179588706285432,0.000853682322154637,0.000417062963506232,0.00634486465452411,0.017145014012779,0.00925218288976732,0.00374489278483495,0.00236296521035793,0.00211146930972928,0.00100597822190562,0.000491988449559678
"131",2025,131,0.0103499581687135,0.0336145943250952,0.0259501430154368,0.0134907992764179,0.00877256076089579,0.00791857799264059,0.00383952061495707,0.00194264872792024,0,0,0,0,0,0,0,0,0,0,0,0,0,0,0,0,0.00133179513375561,0.00296932829076117,0.00209571618925595,0.00121207873990335,0.000883511402113133,0.000938368997794315,0.000571321137032319,0.000360310665127807,0.00112590666830015,0.00246690538143906,0.00162084511530903,0.000823483742874546,0.000526240269791337,0.000463124099156603,0.000216301948506913,0.000104606030494171,0.00468426152700425,0.0147086462531751,0.0106319411072116,0.00541865711410453,0.00346721603749871,0.00305526760630603,0.00142780233068095,0.000690687559249614,0.00320799483965351,0.0134697143997198,0.0116016406036602,0.00603657967953547,0.00389559305149261,0.00346181728938364,0.00162409519873689,0.000787044473048651
"132",2025,132,0.000640842397564987,0.024751018770984,0.0322121816956271,0.0196217976466556,0.0131563694170542,0.012136643109053,0.00585357918847093,0.00294606803433439,0,0,0,0,0,0,0,0,0,0,0,0,0,0,0,0,0.000640842397564987,0.00229283606874359,0.00255600867912928,0.00173060697605279,0.00129785511762097,0.00140504882755039,0.000850291702846177,0.000533586779029202,0,0.00201768807640259,0.00210304818336815,0.00125079510850107,0.000822752676054888,0.000738623124454937,0.000343041575455409,0.000165117503036075,0,0.0110975904678503,0.0134506157210208,0.00802831175962473,0.00529086142055618,0.0047592280437266,0.00221242650004412,0.00106537259274443,0,0.00934290415798757,0.0141025091121088,0.00861208380247699,0.0057449002028222,0.00523374311332105,0.00244781941012522,0.00118199115952468
"133",2025,133,0,0.0206354101525446,0.0325809250535321,0.0218984891766557,0.0152386591093177,0.0147380927875254,0.00717653338314604,0.00362625785256175,0,0,0,0,0,0,0,0,0,0,0,0,0,0,0,0,0,0.00160797816869225,0.00270276698868566,0.00202123914651423,0.00157133151415618,0.00177955127073978,0.001084635840871,0.000681854454512308,0,0.00151201005358469,0.00231507637888825,0.00152021735676998,0.00103675270627629,0.000974060596438814,0.000455778138263488,0.000219816866281932,0,0.00894945938208879,0.0138867691608102,0.00915108899923575,0.00625454874861305,0.00589062354433931,0.00275972504850274,0.00133174390371674,0,0.00856596254817886,0.0136763125251481,0.00920594367413578,0.00637602614027218,0.00609385737600748,0.00287639435550882,0.00139284262805078
"134",2025,134,0,0.0196991848802458,0.0323112230844477,0.0229861357468492,0.0165158982353466,0.0168287546961225,0.00831415300319292,0.00422523862304863,0,0,0,0,0,0,0,0,0,0,0,0,0,0,0,0,0,0.00150709750500337,0.00264266650588995,0.00209465293444012,0.00168160475156466,0.00200590271121746,0.00124011358564834,0.000784219098461919,0,0.00144265250639033,0.00230258166952059,0.0016018898842346,0.00112804824340141,0.00111636347479417,0.000529945882155405,0.000257137196695431,0,0.00855065326029856,0.0138017729551135,0.00963332482758805,0.00679890506950959,0.0067457993446708,0.00320679738796435,0.0015570118179945,0,0.00819878160855354,0.0135642019539237,0.00965626810058646,0.006907340170871,0.00696068916544003,0.00333729614742482,0.00162687050989678
"135",2025,135,0.0625435121820656,0.0367727977136367,0.00350891295105512,0.0025546386148119,0.00186958145529159,0.00198986912407577,0.000995240472515967,0.000508315769770303,0,0,0,0,0,0,0,0,0,0,0,0,0,0,0,0,0.00693330803663768,0.0027814052295158,0.000267352702577177,0.000219659072636752,0.000181232421131366,0.000228303243704082,0.000143851422225259,9.17856432467331e-05,0.00508392608470184,0.00202981812550331,0.000179949617129846,0.000129466323096349,9.35329983111561e-05,9.74903996120115e-05,4.70902431831486e-05,2.30316324275856e-05,0.0273711929413183,0.0145443289694262,0.00132115270092434,0.000950748981540533,0.00068698894278725,0.000716203651342884,0.000345986140290803,0.000169230216161129,0.0231550851194078,0.0174172453891914,0.00174045793042375,0.00125476423753826,0.00090782709306182,0.000947871829416792,0.000458312666816757,0.000224268277934856
"136",2025,136,0.0431164885768654,0.0404459830861807,0.00769761992146324,0.00531751564004498,0.00381346607410012,0.00400817238362694,0.00199146595969624,0.00101335786408663,0,0,0,0,0,0,0,0,0,0,0,0,0,0,0,0,0.00488046744732566,0.00312728050294115,0.000585243121333621,0.000455392118599707,0.000367794187304991,0.000457011264036251,0.000285912718296984,0.000181740369967338,0.00379671945546441,0.00241091946847171,0.000417714643568351,0.000284727644775757,0.000201404941487243,0.000207134891495956,9.93612766187213e-05,4.84198147531328e-05,0.0192120784490661,0.0165988467266399,0.00298021227683414,0.00203266999543825,0.00143840029473573,0.00147998613341117,0.000710124741258726,0.000346094202427616,0.0152272232250093,0.0183089363881279,0.00371444987972713,0.00254472588123126,0.00180586665057216,0.00186404009468357,0.000896067223521812,0.000437103476938539
"137",2025,137,0.0269904184920496,0.0387603696165665,0.0149763444439324,0.0102183184810449,0.00725166654173386,0.00758049781373869,0.00375096615526137,0.00190282220348544,0,0,0,0,0,0,0,0,0,0,0,0,0,0,0,0,0.00316532239824389,0.00301289156097292,0.00112096493725068,0.000858878399905854,0.000685201619871644,0.000845231341655395,0.000526343652322747,0.000333654133398662,0.00266919029187081,0.00251848228953186,0.000868821048448438,0.000583483194245819,0.000407858680150504,0.00041664588690405,0.000199008666294289,9.67342274919941e-05,0.0122875135252238,0.0165068548007715,0.00599107416387456,0.00402878335063141,0.00281847945454779,0.00288182710763809,0.00137721158659512,0.000669601720344247,0.00886839227671112,0.0167221409652901,0.00699548429435869,0.0047471735362618,0.00334012678716393,0.00343679347754116,0.00164840225004921,0.000802832122250532
"138",2025,138,0.0134001174347015,0.0309056144592331,0.0234280176200304,0.0161796759460979,0.0115019356267191,0.0121249212051595,0.00601208925683046,0.003049715241376,0,0,0,0,0,0,0,0,0,0,0,0,0,0,0,0,0.00163488463136929,0.0024206222982954,0.00172892112814446,0.00133620509260704,0.00106542775183308,0.00132219411496267,0.000824314325816254,0.000522587307780611,0.00151306802923609,0.00222508028075556,0.00147265915947657,0.000998214537599898,0.000697700428992227,0.000717495237256795,0.00034325359467896,0.00016690797349153,0.006193886413741,0.0135981047595521,0.00969360595267483,0.0065851215429219,0.00460919941375777,0.00474733273202235,0.0022732014209992,0.0011058232132566,0.00405827836035511,0.0126618071206301,0.0105328313797345,0.00726013477296902,0.00512960803213604,0.00533789912091772,0.00257131991533605,0.00125439674684725
"139",2025,139,0.0475739469857861,0.0154292145922968,0.0169365457577126,0.0119390305570817,0.00857624007690067,0.00924084535054558,0.00460871745371432,0.00233858541823824,0,0,0,0,0,0,0,0,0,0,0,0,0,0,0,0,0.00519454592327515,0.000955292623704485,0.00110813649890572,0.000877996081799108,0.000709654785078964,0.00090390114866896,0.000569326048814203,0.000362677452886504,0.00453314293853497,0.000850274081075317,0.00089913617392848,0.00062436483178722,0.000442165488893443,0.000466399595261178,0.000225334911328532,0.000110073950663386,0.0221517835399483,0.00621550382529778,0.00666175970712789,0.00463201497816754,0.00328319394238282,0.00346649565139347,0.00167577203518042,0.000818828149336925,0.0156944745840276,0.00740814406221917,0.00826751337775055,0.00580465466532783,0.00414122586054544,0.00440404895522196,0.00213828445839117,0.00104700586535143
"140",2025,140,0.0199263381742366,0.0181628066154393,0.0240375486328899,0.0172643417052796,0.0125580152102721,0.0139021919626779,0.0070139891678353,0.00358246830104557,0,0,0,0,0,0,0,0,0,0,0,0,0,0,0,0,0.00232179703415567,0.00121634468558789,0.00165141619074631,0.00132865651812118,0.00108462527341556,0.00141481725512663,0.000898906387619959,0.000575116104141219,0.00226171513878501,0.00119866399254057,0.00148777377542894,0.00104957743866491,0.000751003228495305,0.000811726727014662,0.000395775125675201,0.000194227674992458,0.00941944058662939,0.00781775980495533,0.0100171896568636,0.00708187712565041,0.00507467878857988,0.00549389799834143,0.00268138896009545,0.0013165456884669,0.00592338541466656,0.00793003813235546,0.010881169009851,0.00780423062284308,0.00564770791978138,0.00618174998219515,0.00303791869444469,0.00149657883344499
"141",2025,141,0.000873388158178006,0.0174898494876561,0.0288590163175921,0.0211973042709654,0.0157000497213911,0.0180132663752311,0.00924543924310487,0.004764442301273,0,0,0,0,0,0,0,0,0,0,0,0,0,0,0,0,0.000873388158178006,0.00125137009697799,0.00198740595172194,0.00163230932256303,0.00135486259911781,0.00182843124165975,0.00118018976631559,0.000761349268682465,0,0.00132966019547831,0.00194231361926125,0.00139911909181707,0.00101812044020912,0.00113888160266704,0.000564319097379227,0.000279307144699051,0,0.0078138294026092,0.0123102140786765,0.00889167613655509,0.0064827110745795,0.00726724679693659,0.00360604024566632,0.00178604065219065,0,0.00709498979259062,0.0126190826679324,0.00927419972003018,0.00684435560748464,0.00777870673396769,0.00389489013374373,0.00193774523570083
"142",2025,142,0,0.0146482339641938,0.0283265824949184,0.0215118929641431,0.0162202610611119,0.019382813993774,0.0101161433368073,0.00528711794604441,0,0,0,0,0,0,0,0,0,0,0,0,0,0,0,0,0,0.00101910714405423,0.00199502799120767,0.0016950427751008,0.00143195839236914,0.00201177929333448,0.00131890459826302,0.00086196236839974,0,0,0.00205334798070113,0.00152981050383749,0.00113300422793007,0.00131939661447835,0.000664109738074443,0.000333031769748094,0,0.00693543613175152,0.0122648879935967,0.00916288700172266,0.00680010440473703,0.00793724965199724,0.00400169053512349,0.00200837439934023,0,0.00669369068838809,0.012013318529413,0.00912415268348217,0.00685519403607561,0.00811438843396393,0.00413143846534637,0.00208374940855635
"143",2025,143,0,0.0145260894544296,0.0280698858828066,0.0224551284516436,0.0173835929990787,0.0214547369249667,0.0114551838591878,0.0060215363615908,0,0,0,0,0,0,0,0,0,0,0,0,0,0,0,0,0,0.000983638007494798,0.00196248894491113,0.00172579997122024,0.00149735096125512,0.00217275328517629,0.00145737601939463,0.000958401447189616,0,0,0.00148364621921515,0.0016033335363615,0.0012194252599831,0.00146666507887832,0.00075537511648245,0.000381205038950652,0,0.00689245571544891,0.0124488628861083,0.00959306825605341,0.00731111516666442,0.00881501053174585,0.0045481527303687,0.00229739184264345,0,0.00664999573148594,0.012174887832572,0.00953292668800846,0.00735570161117607,0.00900030802916628,0.00469427999294199,0.00238453803280709
"144",2025,144,0.000963853303889817,0.00785359075120013,0.0292092400529733,0.0235758543132203,0.0199320644792485,0.0254367681193835,0.01391463272233,0.00734261931943355,0,0,0,0,0,0,0,0,0,0,0,0,0,0,0,0,0.000963853303889817,0.000978492204859312,0.00198993916983973,0.0018010221375081,0.00160400180043688,0.00240688734873191,0.00165527823592281,0.00109448271074694,0,0,0,0,0.00132774293495099,0.00165144272715231,0.000872183644782355,0.000442626883498731,0,0.00687509854634082,0.0136716091769721,0.0108461646880836,0.00840979019278438,0.0104872969548715,0.0055497953569216,0.00281951117949086,0,0,0.0135476917061615,0.0109286674876287,0.00859052955107629,0.0108911410886278,0.00583737548470326,0.00298599854569702
"145",2025,145,0.0445371399488229,0.000443162989697781,0.0171454955864181,0.0142420392645211,0.0121042618502912,0.0159391345582343,0.00892332467712476,0.00476095843024867,0,0,0,0,0,0,0,0,0,0,0,0,0,0,0,0,0.00451328545037492,0.000443162989697781,0.00100720965268359,0.000943290532021559,0.00085846656723671,0.00133823253302121,0.000948168139114067,0.000637432019729552,0.00465849062662312,0,0,0,0.000637116056685596,0.000822368512687428,0.000447046471727268,0.000230528179855111,0.021565019890946,0,0.00727797545192555,0.00597030028916505,0.00474376587275224,0.006130499720088,0.00333586582740668,0.00172114548290009,0.0138003439808788,0,0.00886031048180893,0.00732844844333445,0.00586491335361669,0.00764803379243765,0.00419224423887674,0.00217185274776391
"146",2025,146,0.110462689977867,8.31261675851715e-05,0.00319955961501609,0.00269574236736083,0.00219722147451337,0.00307132546068497,0.0017420136710252,0.000935907864123522,0,0,0,0,0,0,0,0,0,0,0,0,0,0,0,0,0.00925713053936058,8.31261675851715e-05,0.00017543767185801,0.000167398943810775,0.000154373331729305,0.000246143492470136,0.000177642588466049,0.000120703073949345,0.00824858097251237,0,0,0,0,0.000128912485072452,7.1320296570215e-05,3.71472118046089e-05,0.0481559966516534,0,0.0011554049403464,0.000965242427573059,0.000779355395684424,0.00102771637685022,0.00056866652681955,0.000296215979834065,0.0448009818143412,0,0.00186871700281168,0.00156310099597699,0.00126349274709964,0.00166855310629217,0.000924384259169388,0.000481841598535502
"147",2025,147,0.113843920091627,0.0121125836425272,0.00305945520248551,0.00258563482707756,0.00211370799979376,0.00296612677026285,0.00168772736802977,0.000908382516960658,0,0,0,0,0,0,0,0,0,0,0,0,0,0,0,0,0.0097089075462986,0.000589854752829201,0.000165891670220552,0.000158797655553189,0.000146893464658018,0.000235131925145577,0.000170287937411306,0.000115954033666418,0.00874841061760713,0.000542814828096247,0,0,0,0.000125030892074909,6.94136687484679e-05,3.62314751911722e-05,0.0502822672415218,0.00430722692154174,0.00111201456485957,0.00093196507876333,0.000754805050389507,0.000999229603531788,0.000554826352597168,0.000289624162426564,0.0451043346861989,0.00667268714006,0.00178154896740538,0.00149487209276104,0.00121200948474624,0.00160673434951058,0.000893199409272825,0.000466572845676504
"148",2025,148,0.101808236690679,0.0267455152673357,0.00303738196192574,0.00238229650959589,0.00187911498177783,0.00256059411424679,0.00145273984584129,0.000782755212986575,0,0,0,0,0,0,0,0,0,0,0,0,0,0,0,0,0.00885915023606802,0.00143015351578551,0.000175776800378085,0.000156042938139868,0.00013919427762109,0.00021548527278628,0.000155396598827165,0.000105746505931848,0.00809411799675104,0.00132057828010413,0,0,0,0.000115593516513873,6.39008803931513e-05,3.33322882545361e-05,0.0454531677183038,0.0100532931462689,0.00114941508444264,0.000893414103791763,0.000697774500842017,0.000893399354525786,0.000493944858619021,0.00025767397162304,0.0394018007395557,0.0139414903251772,0.00171219007710502,0.00133283946766426,0.00104214620331472,0.00133611597042085,0.000739497508001951,0.000386002447177151
"149",2025,149,0.0934076719598902,0.0334724633852947,0.0032181526128556,0.0023337465352493,0.00184969624119418,0.00228886812955652,0.00128791225406102,0.000692729160585208,0,0,0,0,0,0,0,0,0,0,0,0,0,0,0,0,0.00809714219788162,0.00188096989449005,0.000193669924650648,0.000158871371497116,0.000135560835412525,0.000199536368978341,0.000142595707123405,9.67633749760248e-05,0.00751838808491677,0.00175091173213372,0,0,8.88303674616665e-05,0.000108173061977992,5.925822730435e-05,3.08235454043567e-05,0.0417990056913411,0.0129403310513949,0.00124720139655124,0.000895861080566515,0.000669000263198744,0.000814821504484801,0.000446424477740494,0.00023222732696123,0.0359931359857507,0.016900250707276,0.00177728129165371,0.00127901408318567,0.000956304775121244,0.00116633719411539,0.000639633841892773,0.000332914913243597
"150",2025,150,0.0710420653790914,0.0407593157327801,0.0105763994749317,0.00724573081439218,0.00527789084435219,0.00623720844305369,0.00347612578004173,0.00186240475413574,0,0,0,0,0,0,0,0,0,0,0,0,0,0,0,0,0.00651944589495725,0.00227449753012346,0.000584614691538322,0.000451761595244316,0.000371503475875681,0.000521459297808954,0.000369017124231647,0.000249586348893143,0.00642243148341284,0.00226048035618391,0.000535424573334683,0.000362464779668898,0.000261061273859716,0.000303271575225693,0.000164556036508268,8.53295575064514e-05,0.0330003070731278,0.0164985821196466,0.00402079439191399,0.00272432253710774,0.0019632014918412,0.00228189354739079,0.00123861239195333,0.000642404261221361,0.0250998809275936,0.0197257557268261,0.00543556581814467,0.00370718190237122,0.00268212460277559,0.00313058402262825,0.00170394022734849,0.000885084586514785
"151",2025,151,0.0404760046673399,0.0418785268052826,0.0265033979126885,0.0179584662287839,0.0129186166483256,0.0149423805837111,0.00832684040860131,0.00446811470686427,0,0,0,0,0,0,0,0,0,0,0,0,0,0,0,0,0.00420199776723889,0.00240672614038489,0.00147003771271782,0.00111487928255402,0.000901276303551037,0.00123238214100337,0.00086977677549898,0.000588505139011609,0.00456804843783954,0.00266266790724547,0.0015014955895236,0.000998662076870402,0.00070756449767506,0.000801417483786388,0.000433932212206919,0.000225193848670832,0.0195883332777951,0.0182322067490295,0.010765771140664,0.0071783378794572,0.00509355100396007,0.00577807286430684,0.00313158654574914,0.0016260328619474,0.0121176251844664,0.0185769260086228,0.012766093469783,0.00866658698990232,0.0062162248431394,0.00713050809461454,0.00389154487514628,0.00202838285723443
"152",2025,152,0.00326240839384302,0.0320795452068687,0.0359928375664618,0.0252541712483683,0.0185245087333742,0.0218534806419835,0.0123830801457804,0.00671697856407511,0,0,0,0,0,0,0,0,0,0,0,0,0,0,0,0,0.0014685370525888,0.00197934828018528,0.00207123908363067,0.00161937033394933,0.00133049746301321,0.00184821009420851,0.00132243773916228,0.00090262847228205,0.00179387134125421,0.00244061316270971,0.00236186172764177,0.0016203410586121,0.0011672890622738,0.00134399416747474,0.000738110277294901,0.000386549978212344,0,0.0146463747517966,0.0154066205773382,0.0106098247988355,0.00766148579119723,0.0088435745567816,0.00486461849429519,0.00254990127700145,0,0.013013209012177,0.0161531161778512,0.0114046350569714,0.00836523641688999,0.00981770182351862,0.00545791363502808,0.00287789883657927
"153",2025,153,0.0531185524641409,0.0212241245306939,0.0279505531328868,0.020595543455082,0.0155946568118974,0.0190497375032565,0.0115815708414863,0.00634590908379854,0,0,0,0,0,0,0,0,0,0,0,0,0,0,0,0,0.00542947548016569,0.000997094053476012,0.00143935350785822,0.00118988888665262,0.00101337497092539,0.00146416140144422,0.00107426368786465,0.000744041289427845,0.00619448715821885,0.00119016352352927,0,0,0,0,0.000570776320019773,0.000303254195680464,0.0265871734599176,0.00884882436712036,0.0119551129477703,0.00866420138903922,0.00646645681425102,0.00773952569964243,0.00435072213253568,0.00231313986371299,0.0149074163658387,0.0101880425865683,0.0145560866772583,0.0107414531793902,0.00811482502672097,0.00984605040216983,0.00558580870106616,0.00298547373497723
"154",2025,154,0.132892183252479,0.00570066161553268,0.00848888742592509,0.0064544685852546,0.00499212746635191,0.00624687979071082,0.00380158086983993,0.00209750237769568,0,0,0,0,0,0,0,0,0,0,0,0,0,0,0,0,0.0105065617039051,0.000219932200713974,0.000356818801421158,0.000307192492977322,0.000269026048290952,0.000401477590189909,0.000300581170844824,0.000211046186084361,0.0107543816337854,0,0,0,0,0,0.000141739342662665,7.62935267489712e-05,0.0607972798438899,0.00198747164395398,0.00293230146334132,0.00221074869117859,0.00169536386677017,0.00209352970096448,0.00120123214471084,0.000646692988273451,0.050833960070899,0.00349325777086473,0.00519976716116261,0.00393652740109868,0.00302773755129078,0.00375187249955643,0.0021580282116216,0.0011634696765889
"155",2025,155,0.0609322744724408,0.0119871454031403,0.0180448825545477,0.0139416686164253,0.010915519498613,0.0138736566331586,0.00864640506173542,0.00481871623350129,0,0,0,0,0,0,0,0,0,0,0,0,0,0,0,0,0.00523310472144389,0.000564415003697208,0.00091105570217937,0.000793326247326701,0.000700600165895151,0.00105633753785327,0.000796074536200708,0.000561483390082394,0.00609398278967075,0,0,0,0,0,0.000422194550334155,0.000228373746050585,0.029702995917454,0.00507992391869428,0.00750704723278973,0.00572703660405915,0.0044303551675489,0.00553057812461269,0.0031934473439146,0.00172827573234075,0.0199021910438721,0.00634280648074886,0.00962677961957856,0.0074213057650395,0.00578456416516891,0.00728674097069268,0.00423468863128596,0.00230058336502756
"156",2025,156,0.143764667867061,0.00854370304305703,0.00407892973680867,0.00320926982580434,0.00254604506202897,0.00328814168337629,0.00204732018344562,0.0011469419905822,0,0,0,0,0,0,0,0,0,0,0,0,0,0,0,0,0.0107254692550325,0.000335006831013998,0.000179493591336544,0.000160107703430186,0.000143929601372907,0.000221830253091208,0.000169602252979478,0.000120840111305867,0.0110575390877616,0.000355249392294021,0,0,0,0,7.95152677171407e-05,4.34275475155868e-05,0.0641173573580421,0.00289138438404546,0.00141597607148521,0.00110589536754647,0.00087043745584475,0.00110988369433216,0.000650346938578918,0.000355222978781454,0.0578643021662247,0.00496206243570355,0.00248346007398692,0.00194326675482769,0.00153167800481131,0.00195642773595292,0.00114785572417008,0.000627451352979295
"157",2025,157,0.079889993370156,0.0820993186137619,0.0019449847499236,0.00148957968759673,0.00116687264226995,0.00149428242362155,0.000946251128972152,0.00053452807344293,0,0,0,0,0,0,0,0,0,0,0,0,0,0,0,0,0.00646726813703204,0.00488302562200264,0.000113826776181168,9.86866888508707e-05,8.74374089714733e-05,0.000133202752314972,0.000101774813617769,7.26086840669076e-05,0.00674925007403555,0.0049921711324874,0,0,0,0,4.71369278213684e-05,2.5776377436533e-05,0.035901482128337,0.0340794847633889,0.000775032183559875,0.000588319773000949,0.000456375372235872,0.000575144542496948,0.0003367985033479,0.000184185381095598,0.0307719930307514,0.038144637095883,0.00105612579018256,0.00080257322574491,0.000623059861062601,0.000785935128809631,0.000460540884185115,0.000251957630843892
"158",2025,158,0.0929671763640741,0.0564837090515342,0.00296992320405363,0.00203071956726512,0.00150155928372872,0.00179378555211309,0.00111557977930054,0.000626199843423418,0,0,0,0,0,0,0,0,0,0,0,0,0,0,0,0,0.0072781594813308,0.00307798149922565,0.000166810383198977,0.000129087172499509,0.000107970816116596,0.000153500997036518,0.000115438544372264,8.19306376382835e-05,0.00769704159725812,0.0032221703286236,0,0,0,0,5.42806545068081e-05,2.95296185960705e-05,0.0420664086430127,0.0227693065610397,0.00117537561324402,0.000796454576954263,0.00058327664868175,0.000686023819039452,0.000395407234442015,0.000215122361130928,0.0359255666424724,0.0274142506626453,0.00162773720761064,0.00110517781781135,0.000810311818930369,0.000954260736037118,0.000550453345979453,0.000299617226058135
"159",2025,159,0.0825115348997722,0.070202872343002,0.01225305788912,0.00752607551828291,0.00534765522906185,0.00603599321661297,0.00368628752929096,0.00205471348007104,0,0,0,0,0,0,0,0,0,0,0,0,0,0,0,0,0.00700811759442817,0.00364975472367197,0.00059078132349732,0.000429546413957007,0.000344813008631135,0.000462836221498333,0.000343029220492261,0.000242302542463652,0.00775144823961695,0.00405959867047421,0.000610883821593285,0,0,0,0.000172719359545266,9.35326402962957e-05,0.0388421041623636,0.0291856812545517,0.00459633004333757,0.00293720956894623,0.00206509739889166,0.0022941535070711,0.00130305063142206,0.000705786595940176,0.0289098649033635,0.0333078376943042,0.00645506270069181,0.00415931953537968,0.00293774482153905,0.00327900348804353,0.00186748831783137,0.00101309170137091
"160",2025,160,0.0415080200267534,0.048666405705443,0.0262301411781984,0.0168729355321806,0.011810389455362,0.0122478814473825,0.00749943891609905,0.00418697920777493,0,0,0,0,0,0,0,0,0,0,0,0,0,0,0,0,0.00358030004321577,0.00261703329297862,0.00134342944562789,0.000966818943353214,0.000760983638488088,0.000987223383937968,0.000726211196504575,0.00051257414709665,0.00442397714593745,0.0032334015670371,0.00153519420772759,0.000968989029121602,0.000668413417287849,0,0.000405227910150102,0.00021934097877357,0.0200038798225658,0.0214430268959683,0.0107034612329786,0.00677461488545703,0.00468038187457015,0.00504646933340325,0.00284436256913299,0.00154033994690175,0.0134998630150343,0.0213729439494589,0.0126480562918643,0.00816251267424873,0.00570061052501595,0.00621418873004127,0.00352363724031139,0.00191472413500296
"161",2025,161,0.0127816427199081,0.039673248659885,0.0426572162227364,0.0270317781445311,0.019258128889678,0.0214560695821952,0.0133241324709444,0.00750018613531107,0,0,0,0,0,0,0,0,0,0,0,0,0,0,0,0,0.0017084064413416,0.00219970328387926,0.00219468437331074,0.00163443303535462,0.00130430051242637,0.00171204944897072,0.00126802851883334,0.000901056754625667,0.00233582251915334,0.00302699864299022,0.00279400238261096,0,0,0,0.000790702378363921,0.000431066598502047,0.0087374137594132,0.0182761851943679,0.0182853719253173,0.0121280183373212,0.00848764236532698,0.00923623002603874,0.00523910762475472,0.0028589033132068,0,0.0161703615386476,0.0193831575414973,0.0132693267718552,0.00946618601192463,0.0105077901071857,0.00602629394899241,0.00330915946897656
"162",2025,162,0,0.0319449603399767,0.0425306376874503,0.0308418035438729,0.0229315155616086,0.0267796529713153,0.017185551748854,0.00985188839761285,0,0,0,0,0,0,0,0,0,0,0,0,0,0,0,0,0,0.00174610594625803,0.00246885848025271,0.00199295920695954,0.00165747238021799,0.00227401560748265,0.00172233413690557,0.00124295681408798,0,0.000382645798539638,0,0,0,0,0.00115360764277323,0.000638919417422543,0,0.0155803886364546,0.0203255304017328,0.0144013975825334,0.0105051664120707,0.0119540854413301,0.00692998104149181,0.00384339182268859,0,0.0142358199587244,0.0197362488054648,0.01444744675438,0.0107688767693198,0.0125515519225027,0.00737962892768343,0.00412662034341373
"163",2025,163,0.180828833898922,0.00634375273681395,0.00612196875583979,0.00464985119194055,0.00356453274600641,0.00430520558839566,0.00261308720394272,0.00155935563455079,0,0,0,0,0,0,0,0,0,0,0,0,0,0,0,0,0.0124150091548611,0.000197568155053759,0.000214822566439351,0.000185080527010506,0.000160916467971207,0.000232351172235892,0.000180824274167231,0.000133093717489275,0.01408127926266,0.000233641835381675,0,0,0,0,0,5.32809802691566e-05,0.0817415510141687,0.00199197094409599,0.00197424665188627,0.00148936213142621,0.00113381811656942,0.00135450932360895,0.000808054479430816,0.000455847160250267,0.0725909944672327,0.00392057180228253,0.00393289953751417,0.00297540853350383,0.00226979816146579,0.00271834509255082,0.00162420845034467,0.000917133776542091
"164",2025,164,0.10114757150663,0.0222942793205468,0.022393928957338,0.0172404988101264,0.0133648644715354,0.0163730658238578,0.0100319568301877,0.0060675901374643,0,0,0,0,0,0,0,0,0,0,0,0,0,0,0,0,0.00831886192275351,0.000799336165371694,0.000870717506266966,0.000755572414970229,0.000661079872415275,0.000962141730550483,0.000752213086676703,0.000555275790857581,0.0103928001526757,0.000870804500885947,0,0,0,0,0,0.000248746984419157,0.0511618267752965,0.00859047222190398,0.00866867694748028,0.00659026113646088,0.00505097650111474,0.00608664869446195,0.00364955649510482,0.00206468409309853,0.0312740826559046,0.0120336664323852,0.0128545345035908,0.00989466525869533,0.00765280809800535,0.00932427539884535,0.00563018724840614,0.00319888326908903
"165",2025,165,0.0168240170085121,0.0191742959834798,0.00233581870803386,0.0228473520093314,0.0223034845974023,0.0283328338141743,0.0178081105085915,0.011137379704305,0,0,0,0,0,0,0,0,0,0,0,0,0,0,0,0,0.00270012289373299,0.00136362379402357,0.00169507272959764,0.0015159456948337,0.00135740198523766,0.00203344799300588,0.00161883552775729,0.001208083504573,0.0039536576832799,0,0,0,0,0,0,0.000629601774711436,0.0101702364314992,0.0137368331185222,0.000640745978436219,0.0127275090830386,0.00998780454278791,0.0124000021352205,0.00757606803813772,0.00433143313278908,0,0.00407383907093406,0,0.00860389723145916,0.0109582780693767,0.0138993836859479,0.00861320694269653,0.00496826129223147
"166",2025,166,0,0.00133498397071118,0.00225935790700067,0.00179756978097043,0.0216840138013548,0.0312849709657111,0.0203513229680555,0.013164897902794,0,0,0,0,0,0,0,0,0,0,0,0,0,0,0,0,0,0.00133498397071118,0.00225935790700067,0.00179756978097043,0.00161877604963298,0.00254076684475627,0.00208632962053253,0.00158611793001735,0,0,0,0,0,0,0,0.000887996379473594,0,0,0,0,0.011165208245757,0.0145259360089547,0.00915607932503877,0.00533079720070709,0,0,0,0,0.0089000295059648,0.0142182681120002,0.00910891402248415,0.00535998639259593
"167",2025,167,0,0.00134863149583874,0.00231414374019782,0.00184614397873981,0.00148413883688358,0.0293874985553256,0.0197534270662645,0.0130460294017665,0,0,0,0,0,0,0,0,0,0,0,0,0,0,0,0,0,0.00134863149583874,0.00231414374019782,0.00184614397873981,0.00148413883688358,0.00241547966819376,0.00205053706567804,0.00159104946224426,0,0,0,0,0,0,0,0.000882734999569942,0,0,0,0,0,0.0136853356057191,0.00891623323328844,0.00529777494436162,0,0,0,0,0,0.0132866832814127,0.00878665676729798,0.00527446999559068
"168",2025,168,0.198275339106463,0.00795049602516769,0.000187084106616081,0.000149664163936183,0.000120570001564493,0.00374487922088439,0.00255075002107419,0.00162931339513097,0,0,0,0,0,0,0,0,0,0,0,0,0,0,0,0,0.0131900381941314,0.000224028244968111,0.000187084106616081,0.000149664163936183,0.000120570001564493,0.000182057079844237,0.000159295233458261,0.000126028173203246,0.0154336265189696,0.000274873787975717,0,0,0,0,0,5.23598136307605e-05,0.0898447646283665,0.00239984514199293,0,0,0,0.00112862190417741,0.000756940827557739,0.000458977309531642,0.0798069097649958,0.00505174885023094,0,0,0,0.00243420023686274,0.00163451396005819,0.000991948098765323
"169",2025,169,0.141782089027595,0.0339014603443022,0.000138582952867448,0.000110679987956664,8.91775611128689e-05,0.00201696806517206,0.00138537738841631,0.000901642474475455,0,0,0,0,0,0,0,0,0,0,0,0,0,0,0,0,0.00979402803426595,0.00136808607400679,0.000138582952867448,0.000110679987956664,8.91775611128689e-05,0.000133307004088784,0.000117049944499362,9.28608653976711e-05,0.0113891559070162,0.00161162316834821,0,0,0,0,0,3.73311581107216e-05,0.0646597772659677,0.0124005681506545,0,0,0,0.000713668674882671,0.00048031046619269,0.000292046953278087,0.0559391278203449,0.0185211829512927,0,0,0,0.0011699923862006,0.000788016977724259,0.000479403497688976
"170",2025,170,0.110389676231589,0.0403368812063692,0.0168905415234345,0.0110523726702978,0.00745478582523144,0.00846709395045874,0.00567095867041394,0.00366079008573198,0,0,0,0,0,0,0,0,0,0,0,0,0,0,0,0,0.00864132244854037,0.00155972628854947,0.000678535207176296,0.000500267592874245,0.000381049038454938,0.000515361268568029,0.000441204863825781,0.000347731584132413,0.0104917799385424,0.00196128385804967,0,0,0,0,0,0.000149820893974113,0.0540254749904967,0.0155441134591168,0.00637511392459605,0.00411876568221277,0.00274831809320002,0.00307667973918145,0.00201934837949505,0.00121969432212076,0.0372310988540099,0.0212717576006533,0.00983689239166215,0.0064333393952108,0.00432541869357649,0.00487505294270925,0.00321040542709311,0.00194354328550469
"171",2025,171,0.0312634523464863,0.0464260386232432,0.0385234398724092,0.0266602764520834,0.018255242258268,0.0199539873815973,0.0139885785256929,0.00920315593088454,0,0,0,0,0,0,0,0,0,0,0,0,0,0,0,0,0.00412014878008366,0.00218118598176909,0.00185662397986308,0.00138832043196414,0.00106442810284358,0.00142961254654764,0.0012237627008183,0.000967972537793859,0.00560681006046855,0.00307384623543887,0,0,0,0,0,0.000472182403165381,0.0215364935059341,0.0209472345998154,0.0175693017563048,0.0115305398542001,0.00775331558514075,0.00863010608373147,0.00566648220273462,0.00343378830528258,0,0.0202237718062198,0.0190975141362413,0.0137414161659191,0.00943749857028371,0.00989426875131816,0.00709833362213999,0.00432921268464272
"172",2025,172,0,0.0248030856155848,0.00227604755461941,0.0018171553631484,0.00257632715940517,0.00205655068236989,0.0168331717102726,0.0107357679286773,0,0,0,0,0,0,0,0,0,0,0,0,0,0,0,0,0,0.00184613220367943,0.00227604755461941,0.0018171553631484,0.00146109696027676,0.00205655068236989,0.00179427440576219,0.00143938185687056,0,0,0,0,0,0,0,0,0,0.0166860326958191,0,0,0.0011152301991284,0,0.00740433136413717,0.00455769682890631,0,0.00627092071608626,0,0,0,0,0.00763456594037325,0.00473868924290045
"173",2025,173,0,0.00142824456639016,0.00238649430905624,0.0019103385873717,0.00152933001280756,0.00217193724117787,0.0167600700586987,0.0108883847023888,0,0,0,0,0,0,0,0,0,0,0,0,0,0,0,0,0,0.00142824456639016,0.00238649430905624,0.0019103385873717,0.00152933001280756,0.00217193724117787,0.00181994671718444,0.00148647141906454,0,0,0,0,0,0,0,0,0,0,0,0,0,0,0.00752012638827033,0.0047128382166397,0,0,0,0,0,0,0.00741999695324392,0.00468907506668456
"174",2025,174,0,0.00127872600338175,0.00217385831661286,0.00174495609514584,0.00140003795301939,0.00199346302977946,0.0146762912704552,0.00969952239453045,0,0,0,0,0,0,0,0,0,0,0,0,0,0,0,0,0,0.00127872600338175,0.00217385831661286,0.00174495609514584,0.00140003795301939,0.00199346302977946,0.00160458980813464,0.00133380426189264,0,0,0,0,0,0,0,0,0,0,0,0,0,0,0.00657265654652829,0.00419134811653909,0,0,0,0,0,0,0.00649904491579226,0.00417437001609872
"175",2025,175,0,0.00115260548033365,0.00199066050570713,0.00160196320416411,0.00128790760467075,0.00183813993960921,0.0130019166689636,0.00872051085279729,0,0,0,0,0,0,0,0,0,0,0,0,0,0,0,0,0,0.00115260548033365,0.00199066050570713,0.00160196320416411,0.00128790760467075,0.00183813993960921,0.00142831861579575,0.00120533109081966,0,0,0,0,0,0,0,0,0,0,0,0,0,0,0.00581855287324603,0.00376636400575578,0,0,0,0,0,0,0.00575504517992184,0.00374881575622184
"176",2025,176,0,0.00117238959804419,0.00205117409784084,0.00165452110737394,0.00133261952373523,0.00190608363859116,0.0129806927217994,0.00882269062139756,0,0,0,0,0,0,0,0,0,0,0,0,0,0,0,0,0,0.00117238959804419,0.00205117409784084,0.00165452110737394,0.00133261952373523,0.00190608363859116,0.00143551777273211,0.00122741067305272,0,0,0,0,0,0,0,0,0,0,0,0,0,0,0.00580582897273898,0.00380768336321631,0,0,0,0,0,0,0.00573934597632827,0.00378759658512854
"177",2025,177,0.0851004593705363,0,0.000930664661653597,0.00075250890497623,0.000607254047959922,0.000870519130431034,0.00838217463201994,0.00570481825397087,0,0,0,0,0,0,0,0,0,0,0,0,0,0,0,0,0.00708301566816304,0,0.000930664661653597,0.00075250890497623,0.000607254047959922,0.000870519130431034,0.000635457421881334,0.000550386401444312,0.00898708513521561,0,0,0,0,0,0,0,0.0435183221868046,0,0,0,0,0,0.00313296201841438,0.00208045388721284,0.0255120363803531,0,0,0,0,0,0.00461375519172423,0.00307397796531372
"178",2025,178,0.00205030833050216,0,0.00178753339612496,0.00144701472320774,0.00116870853430346,0.00167711495330918,0.0121075906706984,0.00837410503393661,0,0,0,0,0,0,0,0,0,0,0,0,0,0,0,0,0.00205030833050216,0,0.00178753339612496,0.00144701472320774,0.00116870853430346,0.00167711495330918,0.00119836443233948,0.00104655393083928,0,0,0,0,0,0,0,0,0,0,0,0,0,0,0.00532922318091579,0.00356926454826077,0,0,0,0,0,0,0.00558000305744318,0.00375828655483655
"179",2025,179,0,0,0.00212647669858339,0.00172542389309205,0.00139587608670539,0.0020070336266237,0.0123093757963985,0.00865027321990349,0,0,0,0,0,0,0,0,0,0,0,0,0,0,0,0,0,0,0.00212647669858339,0.00172542389309205,0.00139587608670539,0.0020070336266237,0.00139208263535936,0.00123012652159084,0,0,0,0,0,0,0,0,0,0,0,0,0,0,0.005496012344041,0.00372482350859927,0,0,0,0,0,0,0.00542128081699815,0.00369532318971338
"180",2025,180,0,0,0.00211853400998287,0.0017236178555341,0.00139715619357338,0.00201356137192886,0.00685066729425453,0.00842920562914027,0,0,0,0,0,0,0,0,0,0,0,0,0,0,0,0,0,0,0.00211853400998287,0.0017236178555341,0.00139715619357338,0.00201356137192886,0.00135595077208564,0.00121229185462858,0,0,0,0,0,0,0,0,0,0,0,0,0,0,0.00528314278258641,0.00362251107754035,0,0,0,0,0,0,0.000211573739582471,0.00359440269697134
"181",2025,181,0.0395771051731024,0,0.000591110323074573,0.00111457275559789,0.00090523442775939,0.00130764988477745,0.000868395120024717,0.00744155452548309,0,0,0,0,0,0,0,0,0,0,0,0,0,0,0,0,0.00511248516369302,0,0.000591110323074573,0.00111457275559789,0.00090523442775939,0.00130764988477745,0.000868395120024717,0.000773768529530483,0.00679339368352704,0,0,0,0,0,0,0,0.0276712263258823,0,0,0,0,0,0,0.00294586037334076,0,0,0,0,0,0,0,0.00372192562261184
"182",2025,182,0,0,0,0.00141455175734048,0.00115031006234041,0.00166419223539172,0.00110656567459819,0.00667207505347666,0,0,0,0,0,0,0,0,0,0,0,0,0,0,0,0,0,0,0,0.00141455175734048,0.00115031006234041,0.00166419223539172,0.00110656567459819,0.000968371590589898,0,0,0,0,0,0,0,0,0,0,0,0,0,0,0,0.00283471765722616,0,0,0,0,0,0,0,0.0028689858056606
"183",2025,183,0.00183312709475701,0,0,0.00137638673353269,0.0011210242473341,0.00162492979944376,0.00108220624847444,0.00701310015499427,0,0,0,0,0,0,0,0,0,0,0,0,0,0,0,0,0.00183312709475701,0,0,0.00137638673353269,0.0011210242473341,0.00162492979944376,0.00108220624847444,0.000932680770426376,0,0,0,0,0,0,0,0,0,0,0,0,0,0,0,0.00299205840677125,0,0,0,0,0,0,0,0.00308836097779664
"184",2025,184,0,0,0,0.000918865428222171,0.00126418041436852,0.00183585017580662,0.00122460612568899,0.00700628645368526,0,0,0,0,0,0,0,0,0,0,0,0,0,0,0,0,0,0,0,0.000918865428222171,0.00126418041436852,0.00183585017580662,0.00122460612568899,0.00103830330337835,0,0,0,0,0,0,0,0,0,0,0,0,0,0,0,0.00299522259933186,0,0,0,0,0,0,0,0.00297276055097504
"185",2025,185,0.109342395375963,0,0,0,0.000409543694435718,0.000595981437351192,0.000398259235109404,0.00404291997230272,0,0,0,0,0,0,0,0,0,0,0,0,0,0,0,0,0.00882305693636605,0,0,0,0.000409543694435718,0.000595981437351192,0.000398259235109404,0.000332326868004641,0.0106404476973842,0,0,0,0,0,0,0,0.0549893837321739,0,0,0,0,0,0,0.00133357959594288,0.0348895070100392,0,0,0,0,0,0,0.0023770135083552
"186",2025,186,0.0733864373566609,0,0,0,0.000609001903534225,0.000886848679920564,0.000592953893713925,0.00522913627580294,0,0,0,0,0,0,0,0,0,0,0,0,0,0,0,0,0.00649556901533892,0,0,0,0.000609001903534225,0.000886848679920564,0.000592953893713925,0.000489752306388833,0.00821040481410431,0,0,0,0,0,0,0,0.0380538871995486,0,0,0,0,0,0,0.00192344299347653,0.0206265763276691,0,0,0,0,0,0,0.00281594097593758
"187",2025,187,0.00208074671542582,0,0,0,0.000950970821552906,0.00138621953480458,0.000927613104019275,0.00570090636917148,0,0,0,0,0,0,0,0,0,0,0,0,0,0,0,0,0.00208074671542582,0,0,0,0.000950970821552906,0.00138621953480458,0.000927613104019275,0.000756306326131015,0,0,0,0,0,0,0,0,0,0,0,0,0,0,0,0.00238133222949812,0,0,0,0,0,0,0,0.00256326781354235
"188",2025,188,0,0,0,0,0.00107648921118752,0.00157159701705646,0.00105306264279355,0.00557768763258997,0,0,0,0,0,0,0,0,0,0,0,0,0,0,0,0,0,0,0,0,0.00107648921118752,0.00157159701705646,0.00105306264279355,0.000847236772169025,0,0,0,0,0,0,0,0,0,0,0,0,0,0,0,0.00236955630436321,0,0,0,0,0,0,0,0.00236089455605773
"189",2025,189,0.0175864298111895,0,0,0,0.000817182506831493,0.00120037568723795,0.000805540464884867,0.00503064700487629,0,0,0,0,0,0,0,0,0,0,0,0,0,0,0,0,0.00268837419325207,0,0,0,0.000817182506831493,0.00120037568723795,0.000805540464884867,0.000639958604550325,0.00321571987355841,0,0,0,0,0,0,0,0.0116823357443791,0,0,0,0,0,0,0.0020390629382503,0,0,0,0,0,0,0,0.00235162546207567
"190",2025,190,0,0,0,0,0,0.00159069761250055,0.00106869721132738,0.00543533768436148,0,0,0,0,0,0,0,0,0,0,0,0,0,0,0,0,0,0,0,0,0,0.00159069761250055,0.00106869721132738,0.000839017240843726,0,0,0,0,0,0,0,0,0,0,0,0,0,0,0,0.00230362258889083,0,0,0,0,0,0,0,0.00229269785462692
"191",2025,191,0,0,0,0,0,0.00162350392334949,0.00109239817552636,0.00542816695175742,0,0,0,0,0,0,0,0,0,0,0,0,0,0,0,0,0,0,0,0,0,0.00162350392334949,0.00109239817552636,0.000847190317432654,0,0,0,0,0,0,0,0,0,0,0,0,0,0,0,0.00229725717431391,0,0,0,0,0,0,0,0.00228371946001086
"192",2025,192,0.0213626054331888,0,0,0,0,0.000937075164639679,0.000631498802909074,0.0039223926139762,0,0,0,0,0,0,0,0,0,0,0,0,0,0,0,0,0.00319908886731718,0,0,0,0,0.000937075164639679,0.000631498802909074,0.000483820007442018,0.00364255375101138,0,0,0,0,0,0,0,0.0145209628148603,0,0,0,0,0,0,0.00154509607046781,0,0,0,0,0,0,0,0.00189347653606637
"193",2025,193,0.00154750642837434,0,0,0,0,0.00116265142021704,0.000784191138999726,0.00421851309997278,0,0,0,0,0,0,0,0,0,0,0,0,0,0,0,0,0.00154750642837434,0,0,0,0,0.00116265142021704,0.000784191138999726,0.000595233324835819,0,0,0,0,0,0,0,0,0,0,0,0,0,0,0,0.00176276721068047,0,0,0,0,0,0,0,0.00186051256445649
"194",2025,194,0,0,0,0,0,0.00132760090048742,0.000896412680614786,0.00422846125680268,0,0,0,0,0,0,0,0,0,0,0,0,0,0,0,0,0,0,0,0,0,0.00132760090048742,0.000896412680614786,0.000673835553541425,0,0,0,0,0,0,0,0,0,0,0,0,0,0,0,0.00178142858068691,0,0,0,0,0,0,0,0.00177319712257435
"195",2025,195,0,0,0,0,0,0.00137866651341422,0.000932041031097567,0.00333971118668937,0,0,0,0,0,0,0,0,0,0,0,0,0,0,0,0,0,0,0,0,0,0.00137866651341422,0.000932041031097567,0.000694041586999421,0,0,0,0,0,0,0,0,0,0,0,0,0,0,0,0.00132508190498341,0,0,0,0,0,0,0,0.00132058769470653
"196",2025,196,0,0,0,0,0,0.000340855813616425,0.000855278027369906,0.0029613326727774,0,0,0,0,0,0,0,0,0,0,0,0,0,0,0,0,0,0,0,0,0,0.000340855813616425,0.000855278027369906,0.00063254576327777,0,0,0,0,0,0,0,0,0,0,0,0,0,0,0,0.00116167304185092,0,0,0,0,0,0,0,0.00116711386764871
"197",2025,197,0,0,0,0,0,2.37956413906559e-07,0.000844482337140024,0.00300292539192546,0,0,0,0,0,0,0,0,0,0,0,0,0,0,0,0,0,0,0,0,0,2.37956413906559e-07,0.000844482337140024,0.000620830800302182,0,0,0,0,0,0,0,0,0,0,0,0,0,0,0,0.00118951081738252,0,0,0,0,0,0,0,0.00119258377424076
"198",2025,198,0.154071655957043,0.00306724336694874,0,0,0,2.37727074026139e-07,8.4955165077008e-05,0.000666223164218437,0,0,0,0,0,0,0,0,0,0,0,0,0,0,0,0,0.0106449109407456,0.000103926468043706,0,0,0,2.37727074026139e-07,8.4955165077008e-05,6.20729290676557e-05,0.0116263445244361,0,0,0,0,0,0,0,0.0682602935248598,0.00101047283959131,0,0,0,0,0,0.000204319770840647,0.0635401069670019,0.00195284405931373,0,0,0,0,0,0.000399830464310135
"199",2025,199,0.10574852301655,0.0100381845340271,0,0,0,2.37468989805478e-07,0.000370208649775375,0.00305122268636418,0,0,0,0,0,0,0,0,0,0,0,0,0,0,0,0,0.00861720071509144,0.000457282975346812,0,0,0,2.37468989805478e-07,0.000370208649775375,0.000270024981459825,0.0100816061915615,0,0,0,0,0,0,0,0.0523902545051643,0.00504467791235072,0,0,0,0,0,0.0010165063799708,0.0346594616047323,0.00453622364632955,0,0,0,0,0,0.00176469132493355
"200",2025,200,0.121934155169556,0.000343628875195507,0,0,0,2.37182895101995e-07,0.000314821620515099,0.0028134198050633,0,0,0,0,0,0,0,0,0,0,0,0,0,0,0,0,0.00954781823180021,0.000343628875195507,0,0,0,2.37182895101995e-07,0.000314821620515099,0.000227870760945346,0.0112610935345662,0,0,0,0,0,0,0,0.06005999662417,0,0,0,0,0,0,0.000896775659537317,0.0410652467790193,0,0,0,0,0,0,0.00168877338458064
"201",2025,201,0.0257265809748516,0.00104532916264537,0,0,0,2.36869476255563e-07,0.000966612676004542,0.0062745899859749,0,0,0,0,0,0,0,0,0,0,0,0,0,0,0,0,0.00354109425869566,0.00104532916264537,0,0,0,2.36869476255563e-07,0.000966612676004542,0.000694646995273087,0.00486156707834514,0,0,0,0,0,0,0,0.0173239196378108,0,0,0,0,0,0,0.0025809305241885,0,0,0,0,0,0,0,0.00299901246651332
"202",2025,202,0.00113272175698157,0,0,0,0,2.36528914232537e-07,0.000779043925591746,0.00465725688938188,0,0,0,0,0,0,0,0,0,0,0,0,0,0,0,0,0.00113272175698157,0,0,0,0,2.36528914232537e-07,0.000779043925591746,0.000551439496871577,0,0,0,0,0,0,0,0,0,0,0,0,0,0,0,0.0020341555774723,0,0,0,0,0,0,0,0.002071661815038
"203",2025,203,0,0,0,0,0,2.36160710320732e-07,0.000704058909193211,0.0034163087688789,0,0,0,0,0,0,0,0,0,0,0,0,0,0,0,0,0,0,0,0,0,2.36160710320732e-07,0.000704058909193211,0.000492858976035604,0,0,0,0,0,0,0,0,0,0,0,0,0,0,0,0.00146436751678651,0,0,0,0,0,0,0,0.00145908227605678
"204",2025,204,0.129377410230403,0,0,0,0,2.35764334721722e-07,0.000275018631261911,0.00262976894322962,0,0,0,0,0,0,0,0,0,0,0,0,0,0,0,0,0.0092398804484056,0,0,0,0,2.35764334721722e-07,0.000275018631261911,0.000191026726387669,0.0117945598011482,0,0,0,0,0,0,0,0.0637213303002154,0,0,0,0,0,0,0.00082158110907226,0.0446216396806335,0,0,0,0,0,0,0.00161716110776969
"205",2025,205,0.0252909673808891,0,0,0,0,2.35339262522061e-07,0.00078174535559226,0.00527342326605145,0,0,0,0,0,0,0,0,0,0,0,0,0,0,0,0,0.00304337020634524,0,0,0,0,2.35339262522061e-07,0.00078174535559226,0.000539322579705363,0.00461327584150322,0,0,0,0,0,0,0,0.0176343213330406,0,0,0,0,0,0,0.00217624676259108,0,0,0,0,0,0,0,0.002557853923755
"206",2025,206,0.000698519150822844,0,0,0,0,2.34884720562434e-07,0.00054809752552047,0.00294710283005367,0,0,0,0,0,0,0,0,0,0,0,0,0,0,0,0,0.000698519150822844,0,0,0,0,2.34884720562434e-07,0.00054809752552047,0.000373275552248282,0,0,0,0,0,0,0,0,0,0,0,0,0,0,0,0.00127531149733664,0,0,0,0,0,0,0,0.00129851578046874
"207",2025,207,0,0,0,0,0,2.34399526899409e-07,0.000560460791713122,0.00219816261302727,0,0,0,0,0,0,0,0,0,0,0,0,0,0,0,0,0,0,0,0,0,2.34399526899409e-07,0.000560460791713122,0.000379062822734575,0,0,0,0,0,0,0,0,0,0,0,0,0,0,0,0.001242243642664,0,0,0,0,0,0,0,0.000576856147628702
"208",2025,208,0,0,0,0,0,2.3388241787714e-07,0.000583423179802489,0.000392731462902748,0,0,0,0,0,0,0,0,0,0,0,0,0,0,0,0,0,0,0,0,0,2.3388241787714e-07,0.000583423179802489,0.000392731462902748,0,0,0,0,0,0,0,0,0,0,0,0,0,0,0,0,0,0,0,0,0,0,0,0
"209",2025,209,0,0,0,0,0,2.33332107413275e-07,0.00059279275965271,0.000399258182904369,0,0,0,0,0,0,0,0,0,0,0,0,0,0,0,0,0,0,0,0,0,2.33332107413275e-07,0.00059279275965271,0.000399258182904369,0,0,0,0,0,0,0,0,0,0,0,0,0,0,0,0,0,0,0,0,0,0,0,0
"210",2025,210,0,0,0,0,0,2.32747290551671e-07,0.000606825268366445,0.000408936815209648,0,0,0,0,0,0,0,0,0,0,0,0,0,0,0,0,0,0,0,0,0,2.32747290551671e-07,0.000606825268366445,0.000408936815209648,0,0,0,0,0,0,0,0,0,0,0,0,0,0,0,0,0,0,0,0,0,0,0,0
"211",2025,211,0,0,0,0,0,2.3212664523875e-07,0.000542633567831152,0.000365885735006855,0,0,0,0,0,0,0,0,0,0,0,0,0,0,0,0,0,0,0,0,0,2.3212664523875e-07,0.000542633567831152,0.000365885735006855,0,0,0,0,0,0,0,0,0,0,0,0,0,0,0,0,0,0,0,0,0,0,0,0
"212",2025,212,0,0,0,0,0,2.31468835654169e-07,0.000513671084009717,0.000346530738583426,0,0,0,0,0,0,0,0,0,0,0,0,0,0,0,0,0,0,0,0,0,2.31468835654169e-07,0.000513671084009717,0.000346530738583426,0,0,0,0,0,0,0,0,0,0,0,0,0,0,0,0,0,0,0,0,0,0,0,0
"213",2025,213,0.144662609576681,0.0416742599942841,0,0,0,2.30772514875355e-07,6.61841682161885e-05,4.46699218495326e-05,0,0,0,0,0,0,0,0,0,0,0,0,0,0,0,0,0.00849744096935952,0.0013337422202097,0,0,0,2.30772514875355e-07,6.61841682161885e-05,4.46699218495326e-05,0.0120218106201108,0.00191304074471933,0,0,0,0,0,0,0.0674337995103078,0.0151982883112913,0,0,0,0,0,0,0.056709558476903,0.0232291887180637,0,0,0,0,0,0
"214",2025,214,0.101566045869545,0.0395078544569821,0.0167630141354153,0.0110010673210575,0.00730020405827162,0.000395283604771517,0.000253476094813846,0.00133894447013574,0,0,0,0,0,0,0,0,0,0,0,0,0,0,0,0,0.00656725134958508,0.00125382157849076,0.000552921432016025,0.000409281541254262,0.000307007321775075,0.000395283604771517,0.000253476094813846,0.000169030714990077,0.00985737208309056,0.00193420178260821,0,0,0,0,0,0,0.0504626096719384,0.0153943303998143,0.0063943319283975,0.00414694571777414,0.00272481764336003,0,0,0.00072988020042777,0.0346788127649312,0.0209255006960688,0.00981576077500173,0.00644484006202908,0.00426837909313651,0,0,0.000440033554717889
"215",2025,215,0.0270379628499648,0.0419162392101477,0.024298475140986,0.0143208266742247,0.00574927480258343,0.00100662416215136,0.000642073834011191,0.000770282026674666,0,0,0,0,0,0,0,0,0,0,0,0,0,0,0,0,0.00284899422562042,0.00161763784364966,0.0013462881101903,0.00101229578954601,0.000766870001404924,0.00100662416215136,0.000642073834011191,0.000425607369777973,0.00483262031038928,0.00280737738946513,0,0,0,0,0,0,0.0193563483139551,0.0189734275141229,0.0154605985579798,0.0101959065807476,0.00498240480117851,0,0,0.000344674656896693,0,0.01851779646291,0.00749158847281584,0.00311262430393111,0,0,0,0
"216",2025,216,0,0.0227653483769308,0.00124874928191311,0.000992711932610081,0.000789808698913976,0.00106858206610117,0.000682270271865967,0.000452072322866342,0,0,0,0,0,0,0,0,0,0,0,0,0,0,0,0,0,0.00100639005316128,0.00124874928191311,0.000992711932610081,0.000789808698913976,0.00106858206610117,0.000682270271865967,0.000452072322866342,0,0,0,0,0,0,0,0,0,0.0114400250487763,0,0,0,0,0,0,0,0.0103189332749932,0,0,0,0,0,0
"217",2025,217,0,0.000811891758175394,0.00134329925981876,0.00106940169597984,0.000851822029510624,0.00115422759010812,0.00073773328005296,0.00048913499593318,0,0,0,0,0,0,0,0,0,0,0,0,0,0,0,0,0,0.000811891758175394,0.00134329925981876,0.00106940169597984,0.000851822029510624,0.00115422759010812,0.00073773328005296,0.00048913499593318,0,0,0,0,0,0,0,0,0,0,0,0,0,0,0,0,0,0,0,0,0,0,0,0
"218",2025,218,0,0.000799389763071884,0.00134364571802054,0.00107135750050176,0.000854456690523751,0.00115967904001071,0.000742069066864379,0.000492352029789082,0,0,0,0,0,0,0,0,0,0,0,0,0,0,0,0,0,0.000799389763071884,0.00134364571802054,0.00107135750050176,0.000854456690523751,0.00115967904001071,0.000742069066864379,0.000492352029789082,0,0,0,0,0,0,0,0,0,0,0,0,0,0,0,0,0,0,0,0,0,0,0,0
"219",2025,219,0,0.000753435057109655,0.00128440589155232,0.00102575615646789,0.000819119386456287,0.0011135284668994,0.000713359936737154,0.000473635305487394,0,0,0,0,0,0,0,0,0,0,0,0,0,0,0,0,0,0.000753435057109655,0.00128440589155232,0.00102575615646789,0.000819119386456287,0.0011135284668994,0.000713359936737154,0.000473635305487394,0,0,0,0,0,0,0,0,0,0,0,0,0,0,0,0,0,0,0,0,0,0,0,0
"220",2025,220,0,0.000749756020863205,0.0012944998114442,0.00103541542808458,0.000827829063892746,0.0011271254733491,0.000722868159922963,0.000480270540166098,0,0,0,0,0,0,0,0,0,0,0,0,0,0,0,0,0,0.000749756020863205,0.0012944998114442,0.00103541542808458,0.000827829063892746,0.0011271254733491,0.000722868159922963,0.000480270540166098,0,0,0,0,0,0,0,0,0,0,0,0,0,0,0,0,0,0,0,0,0,0,0,0
"221",2025,221,0,0.000663882808386072,0.00116032643106768,0.000929559245128317,0.000744097638676706,0.00101471726575558,0.00065150439194569,0.000433151525465702,0,0,0,0,0,0,0,0,0,0,0,0,0,0,0,0,0,0.000663882808386072,0.00116032643106768,0.000929559245128317,0.000744097638676706,0.00101471726575558,0.00065150439194569,0.000433151525465702,0,0,0,0,0,0,0,0,0,0,0,0,0,0,0,0,0,0,0,0,0,0,0,0
"222",2025,222,0,0.000611647736646023,0.00108051089100118,0.000866860052569497,0.000694662518675397,0.000948649128043389,0.000609693612125342,0.000405600858171478,0,0,0,0,0,0,0,0,0,0,0,0,0,0,0,0,0,0.000611647736646023,0.00108051089100118,0.000866860052569497,0.000694662518675397,0.000948649128043389,0.000609693612125342,0.000405600858171478,0,0,0,0,0,0,0,0,0,0,0,0,0,0,0,0,0,0,0,0,0,0,0,0
"223",2025,223,0.133581219303656,0.000148631816454729,0.000265215034353715,0.000213062582567014,0.000170911602236327,0.000233711623836586,0.000150345242309549,0.000100074526477778,0,0,0,0,0,0,0,0,0,0,0,0,0,0,0,0,0.00654680548355854,0.000148631816454729,0.000265215034353715,0.000213062582567014,0.000170911602236327,0.000233711623836586,0.000150345242309549,0.000100074526477778,0.0112280244715485,0,0,0,0,0,0,0,0.0635344826458099,0,0,0,0,0,0,0,0.052271906702739,0,0,0,0,0,0,0
"224",2025,224,0.0627247332348904,0.000493901001139034,0.000870784157357684,0.00069981686801813,0.00056151026283779,0.000768124152079294,0.000494216389651515,0.000329002166430053,0,0,0,0,0,0,0,0,0,0,0,0,0,0,0,0,0.00377176525795018,0.000493901001139034,0.000870784157357684,0.00069981686801813,0.00056151026283779,0.000768124152079294,0.000494216389651515,0.000329002166430053,0.00729522617720678,0,0,0,0,0,0,0,0.0331734396023905,0,0,0,0,0,0,0,0.018484302197343,0,0,0,0,0,0,0
"225",2025,225,0.00073234565802778,0,0.000965516854827698,0.000776841930709618,0.000623821581271323,0.000854290825188966,0.000550062711886502,0.000366345192679614,0,0,0,0,0,0,0,0,0,0,0,0,0,0,0,0,0.00073234565802778,0,0.000965516854827698,0.000776841930709618,0.000623821581271323,0.000854290825188966,0.000550062711886502,0.000366345192679614,0,0,0,0,0,0,0,0,0,0,0,0,0,0,0,0,0,0,0,0,0,0,0,0
"226",2025,226,0,0,0.000991366889739546,0.000798837401973855,0.000642065370514597,0.000880328467625882,0.000567298072453019,0.000378016280843056,0,0,0,0,0,0,0,0,0,0,0,0,0,0,0,0,0,0,0.000991366889739546,0.000798837401973855,0.000642065370514597,0.000880328467625882,0.000567298072453019,0.000378016280843056,0,0,0,0,0,0,0,0,0,0,0,0,0,0,0,0,0,0,0,0,0,0,0,0
"227",2025,227,0,0,0.000965223713567093,0.000778957963786494,0.000626669853991797,0.000860276953432511,0.000554851516448323,0.00036991708040659,0,0,0,0,0,0,0,0,0,0,0,0,0,0,0,0,0,0,0.000965223713567093,0.000778957963786494,0.000626669853991797,0.000860276953432511,0.000554851516448323,0.00036991708040659,0,0,0,0,0,0,0,0,0,0,0,0,0,0,0,0,0,0,0,0,0,0,0,0
"228",2025,228,0,0,0.000887355832047797,0.000717184638528446,0.000577496586465912,0.000793725544743483,0.000512355669477386,0.000341760782623824,0,0,0,0,0,0,0,0,0,0,0,0,0,0,0,0,0,0,0.000887355832047797,0.000717184638528446,0.000577496586465912,0.000793725544743483,0.000512355669477386,0.000341760782623824,0,0,0,0,0,0,0,0,0,0,0,0,0,0,0,0,0,0,0,0,0,0,0,0
"229",2025,229,0.153643084603087,0,0.000199722745318088,0.00016164705840961,0.00013027129800737,0.000179247149012909,0.000115793913800862,7.72753821397673e-05,0,0,0,0,0,0,0,0,0,0,0,0,0,0,0,0,0.00680051661574005,0,0.000199722745318088,0.00016164705840961,0.00013027129800737,0.000179247149012909,0.000115793913800862,7.72753821397673e-05,0.0127687929932863,0,0,0,0,0,0,0,0.0729733931657884,0,0,0,0,0,0,0,0.0611003818282719,0,0,0,0,0,0,0
"230",2025,230,0.156780888166634,0,0.000138333166726076,0.00011202514780171,9.02987167560231e-05,0.000124284987369754,8.02979617552419e-05,5.35911970497828e-05,0,0,0,0,0,0,0,0,0,0,0,0,0,0,0,0,0.00661069498941401,0,0.000138333166726076,0.00011202514780171,9.02987167560231e-05,0.000124284987369754,8.02979617552419e-05,5.35911970497828e-05,0.0125092249518325,0,0,0,0,0,0,0,0.0727166429620684,0,0,0,0,0,0,0,0.0649443252633189,0,0,0,0,0,0,0
"231",2025,231,0.0862105668081097,0,0.000543586481906145,0.000440400750372311,0.000355037934132696,0.000488780969328211,0.000315811238553645,0.000210782580800572,0,0,0,0,0,0,0,0,0,0,0,0,0,0,0,0,0.00437733871331896,0,0.000543586481906145,0.000440400750372311,0.000355037934132696,0.000488780969328211,0.000315811238553645,0.000210782580800572,0.00913429069596746,0,0,0,0,0,0,0,0.0452303518033756,0,0,0,0,0,0,0,0.0274685855954477,0,0,0,0,0,0,0
"232",2025,232,0.00112621065857627,0,0.000911458849284307,0.00073911875694758,0.000596163693840488,0.000821322357614888,0.000530909433685656,0.00035444389430482,0,0,0,0,0,0,0,0,0,0,0,0,0,0,0,0,0.00112621065857627,0,0.000911458849284307,0.00073911875694758,0.000596163693840488,0.000821322357614888,0.000530909433685656,0.00035444389430482,0,0,0,0,0,0,0,0,0,0,0,0,0,0,0,0,0,0,0,0,0,0,0,0
"233",2025,233,0,0,0.000678827242089696,0.000551297074172722,0.000445051869957383,0.00061383962329837,0.000397106228448108,0.000265244639483189,0,0,0,0,0,0,0,0,0,0,0,0,0,0,0,0,0,0,0.000678827242089696,0.000551297074172722,0.000445051869957383,0.00061383962329837,0.000397106228448108,0.000265244639483189,0,0,0,0,0,0,0,0,0,0,0,0,0,0,0,0,0,0,0,0,0,0,0,0
"234",2025,234,0.0162053666207086,0,0.000819218567795906,0.000666132720834081,0.000538103526480718,0.000742828237643164,0.000480829057010894,0.000321281538271778,0,0,0,0,0,0,0,0,0,0,0,0,0,0,0,0,0.00145051520791628,0,0.000819218567795906,0.000666132720834081,0.000538103526480718,0.000742828237643164,0.000480829057010894,0.000321281538271778,0.00365934743243426,0,0,0,0,0,0,0,0.0110955039803581,0,0,0,0,0,0,0,0,0,0,0,0,0,0,0
"235",2025,235,0.000515568923877029,0,0.000596905356214021,0.000486094271214227,0.000392973209706329,0.000543045012289795,0.000351760718083919,0.000235143908561035,0,0,0,0,0,0,0,0,0,0,0,0,0,0,0,0,0.000515568923877029,0,0.000596905356214021,0.000486094271214227,0.000392973209706329,0.000543045012289795,0.000351760718083919,0.000235143908561035,0,0,0,0,0,0,0,0,0,0,0,0,0,0,0,0,0,0,0,0,0,0,0,0
"236",2025,236,0,0,9.61396851792973e-05,0.000509529212733245,0.000412154411489314,0.000569994008357762,0.000369402811800197,0.000247014416244192,0,0,0,0,0,0,0,0,0,0,0,0,0,0,0,0,0,0,9.61396851792973e-05,0.000509529212733245,0.000412154411489314,0.000569994008357762,0.000369402811800197,0.000247014416244192,0,0,0,0,0,0,0,0,0,0,0,0,0,0,0,0,0,0,0,0,0,0,0,0
"237",2025,237,0,0,0,0.000498537154552053,0.000403502131333334,0.000558480894455714,0.000362133676916299,0.000242233601081746,0,0,0,0,0,0,0,0,0,0,0,0,0,0,0,0,0,0,0,0.000498537154552053,0.000403502131333334,0.000558480894455714,0.000362133676916299,0.000242233601081746,0,0,0,0,0,0,0,0,0,0,0,0,0,0,0,0,0,0,0,0,0,0,0,0
"238",2025,238,0,0,0,0.000466043235440293,0.000377418744752391,0.000522794754422432,0.000339169910552978,0.000226946283216497,0,0,0,0,0,0,0,0,0,0,0,0,0,0,0,0,0,0,0,0.000466043235440293,0.000377418744752391,0.000522794754422432,0.000339169910552978,0.000226946283216497,0,0,0,0,0,0,0,0,0,0,0,0,0,0,0,0,0,0,0,0,0,0,0,0
"239",2025,239,0,0,0,0.000446188404813786,0.000361531124339994,0.000501162272452877,0.000325292325547073,0.00021772586171564,0,0,0,0,0,0,0,0,0,0,0,0,0,0,0,0,0,0,0,0.000446188404813786,0.000361531124339994,0.000501162272452877,0.000325292325547073,0.00021772586171564,0,0,0,0,0,0,0,0,0,0,0,0,0,0,0,0,0,0,0,0,0,0,0,0
"240",2025,240,0.103451505343882,0,0,9.80266178556622e-05,7.94674425293737e-05,0.000110238781469748,7.1586222254514e-05,4.79280942721792e-05,0,0,0,0,0,0,0,0,0,0,0,0,0,0,0,0,0.00368402242081918,0,0,9.80266178556622e-05,7.94674425293737e-05,0.000110238781469748,7.1586222254514e-05,4.79280942721792e-05,0.00842781305211083,0,0,0,0,0,0,0,0.0484508743295711,0,0,0,0,0,0,0,0.0428887955413811,0,0,0,0,0,0,0
"241",2025,241,0.0982486216034862,0,0,0.000113217419388496,9.17920242856101e-05,0.000127363483392667,8.27108364620897e-05,5.53781514895768e-05,0,0,0,0,0,0,0,0,0,0,0,0,0,0,0,0,0.00350366608820363,0,0,0.000113217419388496,9.17920242856101e-05,0.000127363483392667,8.27108364620897e-05,5.53781514895768e-05,0.00817266777925599,0,0,0,0,0,0,0,0.0465009256908584,0,0,0,0,0,0,0,0.0400713620451682,0,0,0,0,0,0,0
"242",2025,242,0.0526541092748248,0,0,0.000311171671486137,0.000252316471868687,0.000350178814574726,0.000227424707042655,0.000152276823891219,0,0,0,0,0,0,0,0,0,0,0,0,0,0,0,0,0.00217151083244596,0,0,0.000311171671486137,0.000252316471868687,0.000350178814574726,0.000227424707042655,0.000152276823891219,0.00565859982692929,0,0,0,0,0,0,0,0.0273474571315173,0,0,0,0,0,0,0,0.0174765414839322,0,0,0,0,0,0,0
"243",2025,243,0.000529811751602862,0,0,0.000350978301949853,0.000284692144641567,0.000395319014176248,0.000256818821268965,0.000171990894633975,0,0,0,0,0,0,0,0,0,0,0,0,0,0,0,0,0.000529811751602862,0,0,0.000350978301949853,0.000284692144641567,0.000395319014176248,0.000256818821268965,0.000171990894633975,0,0,0,0,0,0,0,0,0,0,0,0,0,0,0,0,0,0,0,0,0,0,0,0
"244",2025,244,0,0,0,0.000394651725357116,0.000320240851949928,0.000134078391839099,0.000289156405431903,0.000193689715085729,0,0,0,0,0,0,0,0,0,0,0,0,0,0,0,0,0,0,0,0.000394651725357116,0.000320240851949928,0.000134078391839099,0.000289156405431903,0.000193689715085729,0,0,0,0,0,0,0,0,0,0,0,0,0,0,0,0,0,0,0,0,0,0,0,0
"245",2025,245,0,0,0,0.000384436027499689,0.000312085598382066,1.04298067451492e-05,0.000282088120347893,0.000189002344166773,0,0,0,0,0,0,0,0,0,0,0,0,0,0,0,0,0,0,0,0.000384436027499689,0.000312085598382066,1.04298067451492e-05,0.000282088120347893,0.000189002344166773,0,0,0,0,0,0,0,0,0,0,0,0,0,0,0,0,0,0,0,0,0,0,0,0
"246",2025,246,0,0,0,0.000371311006323464,0.000301555613049396,9.69623678281906e-06,0.00027284923119656,0.000182856404202504,0,0,0,0,0,0,0,0,0,0,0,0,0,0,0,0,0,0,0,0.000371311006323464,0.000301555613049396,9.69623678281906e-06,0.00027284923119656,0.000182856404202504,0,0,0,0,0,0,0,0,0,0,0,0,0,0,0,0,0,0,0,0,0,0,0,0
"247",2025,247,0,0,0,0.000278451889187181,0.000291433786311957,8.986995204463e-06,0.000263952262339985,0.000176934841497766,0,0,0,0,0,0,0,0,0,0,0,0,0,0,0,0,0,0,0,0.000278451889187181,0.000291433786311957,8.986995204463e-06,0.000263952262339985,0.000176934841497766,0,0,0,0,0,0,0,0,0,0,0,0,0,0,0,0,0,0,0,0,0,0,0,0
"248",2025,248,0,0,0,0,0.000283222218052566,8.30152729136557e-06,0.000256760962391172,0.000172152427910209,0,0,0,0,0,0,0,0,0,0,0,0,0,0,0,0,0,0,0,0,0.000283222218052566,8.30152729136557e-06,0.000256760962391172,0.000172152427910209,0,0,0,0,0,0,0,0,0,0,0,0,0,0,0,0,0,0,0,0,0,0,0,0
"249",2025,249,0,0,0,0,0.000260495118978796,7.63681357041079e-06,0.000236376649712862,0.000158518997867557,0,0,0,0,0,0,0,0,0,0,0,0,0,0,0,0,0,0,0,0,0.000260495118978796,7.63681357041079e-06,0.000236376649712862,0.000158518997867557,0,0,0,0,0,0,0,0,0,0,0,0,0,0,0,0,0,0,0,0,0,0,0,0
"250",2025,250,0,0,0,0,0.000263958260786595,7.0258520601385e-06,0.000239723451729078,0.000160794293905615,0,0,0,0,0,0,0,0,0,0,0,0,0,0,0,0,0,0,0,0,0.000263958260786595,7.0258520601385e-06,0.000239723451729078,0.000160794293905615,0,0,0,0,0,0,0,0,0,0,0,0,0,0,0,0,0,0,0,0,0,0,0,0
"251",2025,251,0,0,0,0,0.000259472926699405,6.40875103252725e-06,0.000235852858981191,0.000158228821212124,0,0,0,0,0,0,0,0,0,0,0,0,0,0,0,0,0,0,0,0,0.000259472926699405,6.40875103252725e-06,0.000235852858981191,0.000158228821212124,0,0,0,0,0,0,0,0,0,0,0,0,0,0,0,0,0,0,0,0,0,0,0,0
"252",2025,252,0,0,0,0,0.000251503957478345,5.80363120494809e-06,0.000228802216487713,0.000153527752194097,0,0,0,0,0,0,0,0,0,0,0,0,0,0,0,0,0,0,0,0,0.000251503957478345,5.80363120494809e-06,0.000228802216487713,0.000153527752194097,0,0,0,0,0,0,0,0,0,0,0,0,0,0,0,0,0,0,0,0,0,0,0,0
"253",2025,253,0,0,0,0,0.000243566399299597,5.21836818556665e-06,0.000221761808859198,0.000148830577030514,0,0,0,0,0,0,0,0,0,0,0,0,0,0,0,0,0,0,0,0,0.000243566399299597,5.21836818556665e-06,0.000221761808859198,0.000148830577030514,0,0,0,0,0,0,0,0,0,0,0,0,0,0,0,0,0,0,0,0,0,0,0,0
"254",2025,254,0,0,0,0,0.000236230531469179,4.65280821582148e-06,0.000215251973453871,0.000144486692005812,0,0,0,0,0,0,0,0,0,0,0,0,0,0,0,0,0,0,0,0,0.000236230531469179,4.65280821582148e-06,0.000215251973453871,0.000144486692005812,0,0,0,0,0,0,0,0,0,0,0,0,0,0,0,0,0,0,0,0,0,0,0,0
"255",2025,255,0,0,0,0,0.000228029050397132,4.10550324159153e-06,0.000207936952473424,0.000139599695187387,0,0,0,0,0,0,0,0,0,0,0,0,0,0,0,0,0,0,0,0,0.000228029050397132,4.10550324159153e-06,0.000207936952473424,0.000139599695187387,0,0,0,0,0,0,0,0,0,0,0,0,0,0,0,0,0,0,0,0,0,0,0,0
"256",2025,256,0,0,0,0,0.000221367396920924,3.57834578590399e-06,0.000202010072524454,0.00013564205872435,0,0,0,0,0,0,0,0,0,0,0,0,0,0,0,0,0,0,0,0,0.000221367396920924,3.57834578590399e-06,0.000202010072524454,0.00013564205872435,0,0,0,0,0,0,0,0,0,0,0,0,0,0,0,0,0,0,0,0,0,0,0,0
"257",2025,257,0.0702387160905646,0,0,0,2.04685463441016e-05,3.06775987279906e-06,1.86919200994758e-05,1.25528081153383e-05,0,0,0,0,0,0,0,0,0,0,0,0,0,0,0,0,0.00193449704039331,0,0,0,2.04685463441016e-05,3.06775987279906e-06,1.86919200994758e-05,1.25528081153383e-05,0.00541990904447301,0,0,0,0,0,0,0,0.0320060545688629,0,0,0,0,0,0,0,0.0308782554368354,0,0,0,0,0,0,0
"258",2025,258,0.0627980476722774,0,0,0,3.38563787052217e-05,3.01454201623308e-06,3.09196792899488e-05,2.07638982027805e-05,0,0,0,0,0,0,0,0,0,0,0,0,0,0,0,0,0.00174381040816747,0,0,0,3.38563787052217e-05,3.01454201623308e-06,3.09196792899488e-05,2.07638982027805e-05,0.00497847633626744,0,0,0,0,0,0,0,0.0289806060232644,0,0,0,0,0,0,0,0.0270951549045781,0,0,0,0,0,0,0
"259",2025,259,0.0492091175555604,0,0,0,7.96271238554185e-05,2.93101764481385e-06,7.27279922097124e-05,4.88390995240477e-05,0,0,0,0,0,0,0,0,0,0,0,0,0,0,0,0,0.00143093379953508,0,0,0,7.96271238554185e-05,2.93101764481385e-06,7.27279922097124e-05,4.88390995240477e-05,0.00438221633513766,0,0,0,0,0,0,0,0.0238705757971604,0,0,0,0,0,0,0,0.0195253916237272,0,0,0,0,0,0,0
"260",2025,260,0.0550768102821049,0,0,0,4.80049940533794e-05,2.74376340758664e-06,4.38567567654083e-05,2.94518458361751e-05,0,0,0,0,0,0,0,0,0,0,0,0,0,0,0,0,0.00150608306741241,0,0,0,4.80049940533794e-05,2.74376340758664e-06,4.38567567654083e-05,2.94518458361751e-05,0.00454126891231477,0,0,0,0,0,0,0,0.0258750469588363,0,0,0,0,0,0,0,0.0231544113435413,0,0,0,0,0,0,0
"261",2025,261,0.0338055141702805,0,0,0,9.01785546543152e-05,2.62868700828811e-06,8.23983776131076e-05,5.53340128543981e-05,0,0,0,0,0,0,0,0,0,0,0,0,0,0,0,0,0.000949792215294333,0,0,0,9.01785546543152e-05,2.62868700828811e-06,8.23983776131076e-05,5.53340128543981e-05,0.0031388671941343,0,0,0,0,0,0,0,0.0165664094024935,0,0,0,0,0,0,0,0.0131504453583583,0,0,0,0,0,0,0
"262",2025,262,0.0165163524730035,0,0,0,0.000136593293469409,2.41815338575257e-06,0.000124844218465135,8.38408820965785e-05,0,0,0,0,0,0,0,0,0,0,0,0,0,0,0,0,0.000496270905245498,0,0,0,0.000136593293469409,2.41815338575257e-06,0.000124844218465135,8.38408820965785e-05,0.00183828777954219,0,0,0,0,0,0,0,0.00844354370048979,0,0,0,0,0,0,0,0.00573825008772599,0,0,0,0,0,0,0
"263",2025,263,0.000174106637767211,0,0,0,0.000146854047125152,2.1028205836604e-06,0.000134280424976888,9.01845208202488e-05,0,0,0,0,0,0,0,0,0,0,0,0,0,0,0,0,0.000174106637767211,0,0,0,0.000146854047125152,2.1028205836604e-06,0.000134280424976888,9.01845208202488e-05,0,0,0,0,0,0,0,0,0,0,0,0,0,0,0,0,0,0,0,0,0,0,0,0
"264",2025,264,0,0,0,0,0.000154823243853425,1.7649955819099e-06,0.000141632959791782,9.51304003207312e-05,0,0,0,0,0,0,0,0,0,0,0,0,0,0,0,0,0,0,0,0,0.000154823243853425,1.7649955819099e-06,0.000141632959791782,9.51304003207312e-05,0,0,0,0,0,0,0,0,0,0,0,0,0,0,0,0,0,0,0,0,0,0,0,0
"265",2025,265,0.000190546702508308,0,0,0,0.000133929520044419,1.40994513375681e-06,0.000122579059554798,8.23398128313553e-05,0,0,0,0,0,0,0,0,0,0,0,0,0,0,0,0,0.000190546702508308,0,0,0,0.000133929520044419,1.40994513375681e-06,0.000122579059554798,8.23398128313553e-05,0,0,0,0,0,0,0,0,0,0,0,0,0,0,0,0,0,0,0,0,0,0,0,0
"266",2025,266,0.054432450384007,0.00595166212347223,0,0,1.12018904266543e-05,1.10311972978394e-06,1.0256836484327e-05,6.89028559905923e-06,0,0,0,0,0,0,0,0,0,0,0,0,0,0,0,0,0.00134857177551483,0.00010449375949487,0,0,1.12018904266543e-05,1.10311972978394e-06,1.0256836484327e-05,6.89028559905923e-06,0.00427585842767539,0.000322613896081009,0,0,0,0,0,0,0.0250014167274715,0.00237199311817965,0,0,0,0,0,0,0.0238066034533453,0.0031525613497167,0,0,0,0,0,0
"267",2025,267,0.0130656250515401,0.0136642813656679,0.021556914265469,0.000310559258182588,9.64699614949795e-05,4.07588876314956e-06,2.56654776475945e-06,1.70669127346753e-06,0,0,0,0,0,0,0,0,0,0,0,0,0,0,0,0,0.000332898702147734,0.000300648373890262,0.000507983688894821,8.21033712667929e-06,3.11516083925665e-06,4.07588876314956e-06,2.56654776475945e-06,1.70669127346753e-06,0.00113661444458472,0.000982965606553728,0.00151061817546182,2.14000336774986e-05,0,0,0,0,0.00613332271983078,0.00610685204963118,0.00952724620220983,0.000135440781282787,4.49950327794084e-05,0,0,0,0.00546278918497691,0.00627381533559275,0.0100110661989026,0.000145508106095623,4.83597678763144e-05,0,0,0
"268",2025,268,0.0142416819594733,0.0160135159229533,0.0209659779958785,0.000835668169562068,0.000347299366341667,0.000247687450570595,0.000108423206160191,5.27289449182537e-05,0,0,0,0,0,0,0,0,0,0,0,0,0,0,0,0,0.000367961012417771,0.00034202731210989,0.00047495947957901,2.12243725607915e-05,1.00330929988608e-05,9.2122623228935e-06,5.20198147280088e-06,3.2530887723276e-06,0.00127630381864808,0.0011415228704013,0.00144298805100996,5.65191199691324e-05,2.33913361757339e-05,0,0,0,0.00674293703429394,0.00715477824259977,0.00922193450890471,0.000362524387467215,0.00015005801297186,0.000113983690555876,4.93319272810765e-05,2.36448046351571e-05,0.00585448009411347,0.00737518749784232,0.00982609595638478,0.000395400289564929,0.000163816924195212,0.000124491497691826,5.38892974063136e-05,2.5831051510769e-05
"269",2025,269,0.0131684195118619,0.0175344561503996,0.0204992625183324,0.00167090475513401,0.000810761198358429,0.000504844927230364,0.000204509095449046,9.41960987734362e-05,0,0,0,0,0,0,0,0,0,0,0,0,0,0,0,0,0.000343188070428042,0.0003652068891562,0.000447450335699033,4.08821007386896e-05,2.25565769018079e-05,1.80687035284953e-05,9.44503548455786e-06,5.59682508499458e-06,0.00122058536301382,0.00125472232463024,0.00140085627044617,0.000112182212828176,5.41920875727224e-05,0,0,0,0.00628792750381061,0.00786263730897934,0.00900521564546016,0.000723821251959411,0.000349743411849172,0.000231810014427866,9.28745322803616e-05,4.21810612462266e-05,0.00531671857460942,0.00805188962763386,0.00964574026672706,0.00079401918960773,0.000384269122034727,0.000254966209274003,0.000102189527684127,4.6418212442215e-05
"270",2025,270,0.0109703467307893,0.0182887765295262,0.0202420109190427,0.0029811462760911,0.00159043470632837,0.000954272235758004,0.000365954798602993,0.000160847729871756,0,0,0,0,0,0,0,0,0,0,0,0,0,0,0,0,0.000288307085400582,0.000372283809521973,0.000425136254654261,7.02019996947569e-05,4.25663841998468e-05,3.28389209889654e-05,1.6254255747799e-05,9.19549655383201e-06,0.00106080452494356,0.00132827844299252,0.00138420691553426,0.000200324641730622,0.000106350528813073,0,0,0,0.00528883035375614,0.00825781523168858,0.00890438245007809,0.00129339930653487,0.000686923350600993,0.00043861517055348,0.000166401796331798,7.21526730732187e-05,0.00433240476668897,0.00833039904532315,0.00952828529877607,0.00141722032813085,0.000754594442714454,0.000482818144215559,0.000183298746523395,7.94995602447053e-05
"271",2025,271,0.00761510897045164,0.0159967343569704,0.0177095843853956,0.00430220791092129,0.00245809950943131,0.0015863589068737,0.000546707484101565,0.000231278750840715,0,0,0,0,0,0,0,0,0,0,0,0,0,0,0,0,0.000194497446513214,0.00031878543681481,0.000360147833997797,9.8359534663436e-05,6.38434432536405e-05,4.9440403070415e-05,2.35819422514023e-05,1.28444829263e-05,0.000750584063254329,0.00119242389382425,0.00123074904562855,0.000294521786025681,0.00016738531566517,0.000107236582023531,0,0,0.00368399717679899,0.0072818368244447,0.00783425707646571,0.00188062147203107,0.00106937810560694,0.000685439847922073,0.000250663879478465,0.000104645149788874,0.00298603028388511,0.00720368820188662,0.00828443042930349,0.00202870511820111,0.00115749264490556,0.000744242073857686,0.000272461662371698,0.000113789118125542
"272",2025,272,0.00533900937537718,0.0145319879575653,0.0171932018018305,0.00625077026943527,0.00376857663456235,0.00250372603239924,0.00084249916603374,0.000345789674604957,0,0,0,0,0,0,0,0,0,0,0,0,0,0,0,0,0.000136014483090585,0.000282730705225542,0.000334047347988766,0.000136775352671509,9.36189457033483e-05,7.45756266729122e-05,3.47579544077822e-05,1.83758374914147e-05,0.000552552331163426,0.00111656311301595,0.00120785890105516,0.000433266078428434,0.000259672809948802,0.000171139236841927,0,0,0.00260859577544878,0.00668239805148934,0.00764079113229162,0.00274838469922662,0.00164840868533864,0.00108719827869678,0.000388572646605917,0.000157456824953786,0.00204184678567439,0.00645029608783451,0.00801050442049491,0.00293234413910871,0.00176687619357156,0.00117081289018761,0.000419168565020041,0.000169957012159756
"273",2025,273,0.00345873181443166,0.0115498993041718,0.0155899888349048,0.00761390889836557,0.0048057141470849,0.00334621808286255,0.00111208131321067,0.000446452252174237,0,0,0,0,0,0,0,0,0,0,0,0,0,0,0,0,8.56889231849287e-05,0.000218773343678212,0.000290241676106112,0.000160060300872176,0.00011465858244167,9.56737542277555e-05,4.40925105395285e-05,2.28095695601869e-05,0.000368152949719664,0.000913975029423719,0.00111214161979946,0.000537197408663809,0.000336959742785876,0.000232633653875475,0,0,0.00169908091913315,0.0053543458603865,0.0069666063739383,0.00337247717038687,0.00211720007689986,0.00146305644497249,0.00051714714698438,0.000205053798462257,0.00130580902239392,0.00506280507068337,0.00722099916506094,0.00354417401844271,0.0022368957449575,0.00155485422978683,0.000550841655686763,0.000218588884151793
"274",2025,274,4.65368884633697e-05,0.00900842324954461,0.0145282772995416,0.00855247970635562,0.0056186959500442,0.004144288210005,0.00137560956703683,0.000544285690422596,0,0,0,0,0,0,0,0,0,0,0,0,0,0,0,0,4.65368884633697e-05,0.000168653980834243,0.000259567527783754,0.000172866396359991,0.000128877326210298,0.000113877116797768,5.24755683184192e-05,2.67641731613474e-05,0,0.000742341167588398,0.00105142091890071,0.000613233728666078,0.00040032483238624,0.00029267815734295,0,0,0,0.00421821109550545,0.00652426988724225,0.00381203969782477,0.0024908290098503,0.0018230098630498,0.000644409366506131,0.000251921065529642,0,0.00387921700561652,0.00669301896561491,0.00395433988350478,0.00259866478159736,0.00191472307281448,0.000678724632212276,0.000265600451731606
"275",2025,275,0,0.00787077443951046,0.0129891814038055,0.00853579389115548,0.00580287656556848,0.00453875139601343,0.0016407749437085,0.00059735456640134,0,0,0,0,0,0,0,0,0,0,0,0,0,0,0,0,0,0.000131158248441407,0.000231807764777154,0.000172588861793306,0.000133168247819075,0.000124772911713883,5.82466353150594e-05,2.94746727214182e-05,0,0.00060930468321562,0.000979646183422678,0.000638708679955998,0.000431524126157102,0.000334535032195826,0.000119711860556045,0,0,0.00360831735596718,0.00589675474148241,0.00385023732791821,0.00260368660064446,0.00202076531403567,0.000723488987595283,0.000280707305528525,0,0.00352199415188625,0.00588097271412324,0.00387425902148797,0.00263449759094785,0.00205867813806805,0.000739327460242113,0.000287172588151397
"276",2025,276,0,0.00743354070766448,0.0120880688187281,0.0084008732864506,0.00586527368943281,0.00485124196588925,0.00178095902277279,0.000645734295064333,0,0,0,0,0,0,0,0,0,0,0,0,0,0,0,0,0,0.000119567326715705,0.000210011995501194,0.000165498697592316,0.000131176252056094,0.000129995773279344,6.16324072683268e-05,3.10762302073351e-05,0,0.000572572314480412,0.000914032527645708,0.000630722555413819,0.000437729347865556,0.0003589133721526,0.00013044168096383,0,0,0.00340430121492674,0.00549301642022759,0.00379528482986337,0.00263628562481168,0.00216402159851331,0.000786905514644843,0.000304227535768881,0,0.00333709985154162,0.00547100787535358,0.0038093672035811,0.00266008246469948,0.00219831122194399,0.000801979419895788,0.000310430529088117
"277",2025,277,0,0.0072672810565385,0.011728913698685,0.00838422037462132,0.00597005475182185,0.00520098715232546,0.00194153006442343,0.000703072652900174,0,0,0,0,0,0,0,0,0,0,0,0,0,0,0,0,0,0.000113659377480259,0.000198690764197455,0.000161112182034234,0.000130259593395678,0.000135985088829485,6.55627747058219e-05,3.30276799436984e-05,0,0.00055903113950395,0.000887920411608344,0.000630435204883372,0.000446296421888602,0.000385486612586806,0.0001424703010291,0,0,0.00332813928285022,0.00533324500327913,0.0037912305160241,0.00268617716617507,0.00232275337486281,0.000858949268524495,0.000331787394751058,0,0.00326645125670407,0.00530905751960011,0.00380144247167961,0.00270732157036249,0.00235676207604636,0.000874547720164015,0.000338257578205417
"278",2025,278,0,0.00613303720835428,0.00985392981562083,0.00714165024436642,0.00515580225152987,0.00470719434823331,0.00178728550372656,0.000647493391659173,0,0,0,0,0,0,0,0,0,0,0,0,0,0,0,0,0,9.33069510921299e-05,0.000162942116620647,0.000134070436064813,0.000109964600614502,0.000120401381317492,5.90670139810867e-05,2.97847827493763e-05,0,0.000470588387963729,0.000746414686660242,0.000537748917337793,0.000386178979925756,0.000349823999866591,0.000131553729930963,0,0,0.0028062506327627,0.00448158641617976,0.0032319460991334,0.00232265712168357,0.0021059775231661,0.000792376796310516,0.000306363294591502,0,0.00276289123653572,0.00446298659616018,0.00323788479183041,0.00233700154930604,0.00213099144388313,0.000804287963503994,0.000311345314318295
"279",2025,279,0.00969506242072987,0.00348514168047079,0.0056091205658481,0.0040828265479192,0.00297010821063203,0.00282079469748314,0.00108756725412405,0.00039773837921299,0,0,0,0,0,0,0,0,0,0,0,0,0,0,0,0,0.000188538224875037,5.12948151744799e-05,8.95093631166253e-05,7.40963166513672e-05,6.13180950773597e-05,6.99615523309326e-05,3.48888226864975e-05,1.76247794476103e-05,0.000902236454076149,0.000238137581175189,0.000377512942656685,0.000273610037380708,0.000198239519500317,0.000187111238382508,7.15221187659991e-05,0,0.00468680200652272,0.00154342562121008,0.00246694163969743,0.00178886629422375,0.0012965629067888,0.00122435645632698,0.000468131141483642,0.000181292881307932,0.00391748573525596,0.00165228366291104,0.00267515662037735,0.00194625389966337,0.00141398768926555,0.00133936545044272,0.000513025171187907,0.000198820718457448
"280",2025,280,0.00557514799352444,0.00348493606414492,0.00558902365805225,0.00406586799620665,0.00296690163268003,0.00290933758736044,0.00113660471460367,0.000414913188529001,0,0,0,0,0,0,0,0,0,0,0,0,0,0,0,0,0.000104671531167544,5.07963989537787e-05,8.77138873689436e-05,7.25696464703854e-05,6.02425218095594e-05,7.09758343130067e-05,3.5867952872987e-05,1.81437241683356e-05,0.000531975581546252,0.000249968321060025,0.000392406039439245,0.000284245766109425,0.000206589215319149,0.000201349885225323,7.79940028493517e-05,0,0.00270380018599366,0.00156705764554823,0.00249118851664192,0.00180548684533165,0.00131271895686521,0.00128004357282387,0.000495977508580994,0.000192338031428507,0.00223470069481698,0.00161711369858288,0.00261771521460214,0.00190356573829518,0.00138735093868612,0.00135696829499824,0.000526765250300338,0.000204431432932159
"281",2025,281,0.00342583245596359,0.00362088947199653,0.00592461961618569,0.00430656761985999,0.0031487677462247,0.0031775533417753,0.00125755157304958,0.000459077218381053,0,0,0,0,0,0,0,0,0,0,0,0,0,0,0,0,6.37186236215899e-05,5.20669995743675e-05,9.05971898100611e-05,7.48881629944778e-05,6.22882694547935e-05,7.55238839093518e-05,3.86664744315108e-05,1.95969496482654e-05,0.000339304657707333,0.000268747318580233,0.000425645219504601,0.000308048641927689,0.000224325541587084,0.000225005567527567,8.82996821481087e-05,0,0.00167255420772024,0.00164547235889157,0.00265957121043374,0.00192590195454024,0.00140304505506318,0.0014080218096681,0.000552734751127778,0.000214766583059841,0.00135025496691443,0.00165460279495036,0.00274880599643729,0.00199772886039758,0.00145910888011964,0.00146900208067028,0.000577850665342179,0.000224713685672946
"282",2025,282,0.0011203861334324,0.00401567028440972,0.00688748917171113,0.00500710401318579,0.0036679917330222,0.00380248926563008,0.00152458342070466,0.000557343773399449,0,0,0,0,0,0,0,0,0,0,0,0,0,0,0,0,4.16124299264306e-05,5.75440262947e-05,0.000102270470970368,8.45200510050666e-05,7.04203536880127e-05,8.76972815114482e-05,4.54852401196244e-05,2.31101543062227e-05,0,0.000309071069324856,0.000501266922651177,0.000362707311487692,0.000264584635587331,0.000272579806334639,0.000108367546777379,0,0.00107877370350597,0.00184584824919659,0.00310422729439484,0.00224770118145464,0.00164042807608832,0.00169100570438949,0.000672544590038833,0.000261984176633308,0,0.00180320693959357,0.00317972448369475,0.00231217546923839,0.00169255866765853,0.00175120647339451,0.00069818604376882,0.000272249442459918
"283",2025,283,0,0.00435817854513574,0.00783905269305253,0.00570971504530489,0.00419418892366178,0.00446339836095546,0.00181592184829359,0.00066502242919736,0,0,0,0,0,0,0,0,0,0,0,0,0,0,0,0,0,6.1979248841037e-05,0.000114459846024223,9.47400402838168e-05,7.91338097169309e-05,0.000101141470111531,5.32231407663025e-05,2.71271183547437e-05,0,0.00034458618878331,0.000581418114776913,0.000421358195355505,0.000308143824733498,0.000325811561310822,0.000131421059347988,0,0,0.00201523530716367,0.00355080759326475,0.00257535506080482,0.00188444747601348,0.00199385437716901,0.000804626655158377,0.000314447802062081,0,0.00193637780034773,0.00359236713898664,0.00261826174886075,0.00192246381319787,0.00204259095236409,0.000826650993020924,0.000323447508780535
"284",2025,284,0.00313276826383101,0.00332061328095701,0.00625845281200716,0.00449902754439069,0.00331356772518333,0.00363583459231294,0.00148984383207271,0.000548399023456691,0,0,0,0,0,0,0,0,0,0,0,0,0,0,0,0,5.7802397029967e-05,4.45649646871962e-05,8.89764606298287e-05,7.27307309692897e-05,6.09421816599251e-05,8.0368492853215e-05,4.26173636320943e-05,2.1788822905222e-05,0.000327988584652511,0.000246763821881613,0.000448611839108179,0.000321061440439294,0.000235533995338322,0.00025695214502508,0.00010444073776194,0,0.00155092986107422,0.00151207902198031,0.00281223321469826,0.00201393346992956,0.00147807840135352,0.00161330894227542,0.000655985910486104,0.000257132726021539,0.00119604742107431,0.00151720547240789,0.00290863129757089,0.00209130190305255,0.00153901314683156,0.00168520501215923,0.00068679982019257,0.00026947747452993
"285",2025,285,0.001082519076108,0.0030344213029261,0.00598718222879927,0.00429712008738032,0.00314185344902233,0.00354127763777172,0.00145975199803764,0.000537958897496748,0,0,0,0,0,0,0,0,0,0,0,0,0,0,0,0,3.77226274871363e-05,4.03235414681944e-05,8.34811802019281e-05,6.81379330770495e-05,5.66834565007032e-05,7.68041547539054e-05,4.09769714520356e-05,2.10033784516018e-05,0,0.000230852494483496,0.00043562195097192,0.000311302689991907,0.000226733045215983,0.000254137964673622,0.000103929713902469,0,0.00104479644862087,0.00139028238238094,0.00270051809089405,0.00193103763204613,0.00140704406257195,0.00157786958120178,0.000645503368965199,0.000253665884527267,0,0.00137296288459347,0.00276756100673138,0.00198664183226524,0.0014513928847337,0.00163246593714241,0.000669341943717936,0.00026328963451788
"286",2025,286,0,0.00230275024754627,0.00518320510797318,0.00374554975163631,0.00269986461036919,0.00312106886817277,0.00129357577432774,0.000476855995288151,0,0,0,0,0,0,0,0,0,0,0,0,0,0,0,0,0,3.26036854279217e-05,7.14423476992392e-05,5.87322327724512e-05,4.8177300754158e-05,6.69739054899574e-05,3.59363747025774e-05,1.84649722104801e-05,0,0,0.00038655430159407,0.000278226572872766,0.000199814442064457,0.000229778510924543,9.45035737422553e-05,0,0,0.00114758778898813,0.00235150324208067,0.00169344658898579,0.0012166639412293,0.00139969432006095,0.000575856034368266,0.000226845181155315,0,0.00112255877313022,0.00237370521659919,0.00171514435700531,0.00123520892632128,0.00142462213169731,0.000587279791514645,0.000231545841922355
"287",2025,287,0,0.00200088638124838,0.00461619802686525,0.00336214939386746,0.00243588474883052,0.00283155672665444,0.00117884656401559,0.000434762301986955,0,0,0,0,0,0,0,0,0,0,0,0,0,0,0,0,0,2.69670866479098e-05,6.30851922780753e-05,5.2285154864152e-05,4.31157490265932e-05,6.02821221721545e-05,3.24962973521411e-05,1.67322015030422e-05,0,0,0.000350589015342338,0.000254397393917811,0.000183666367683626,0.000212421330567612,8.7770860919133e-05,0,0,0.00098974008305307,0.00210408755409963,0.00152753565792729,0.00110322334437847,0.0012764293209434,0.000527569903602141,0.000208253000029875,0,0.000984179211547396,0.00209843626514521,0.00152793118715821,0.00110587928774183,0.00128242395297128,0.000531009502142174,0.000209777100454039
"288",2025,288,0,0.00224798226668993,0.00522918726798566,0.00383700589589899,0.00279342691775421,0.00326444856887583,0.00136489113510866,0.000504293340206144,0,0,0,0,0,0,0,0,0,0,0,0,0,0,0,0,0,2.97010567296456e-05,7.00513235505342e-05,5.8480798689231e-05,4.84525983274032e-05,6.80952399080789e-05,3.68637175422674e-05,1.90172260830045e-05,0,0,0.000397360692877988,0.000290433902657364,0.000210674815499135,0.000244924011585505,0.00010163054582427,0,0,0.0011125984730525,0.00238465749538936,0.0017439237714112,0.00126551919773779,0.00147189184208127,0.000610969683483117,0.000241644759905133,0,0.00110568273690778,0.00237711775616777,0.0017441674231412,0.00126878030618989,0.00147953747530097,0.000615427188259004,0.000243631354218007
"289",2025,289,0,0.00223941754734835,0.00524960623110806,0.00388283156228753,0.00284192467386289,0.00334076408890522,0.00140356327991209,0.000519700014590957,0,0,0,0,0,0,0,0,0,0,0,0,0,0,0,0,0,2.9407001990785e-05,6.99227549408365e-05,5.88425355858702e-05,4.90136427800283e-05,6.92910283649978e-05,3.7692975244846e-05,1.94879543821027e-05,0,0,0.000399006346431827,0.000293979719215445,0.000214389877016299,0.000250716803167677,0.000104538876541764,0,0,0.00110836655259174,0.00239429259213009,0.00176502956901265,0.00128770276323384,0.00150655765832616,0.000628397378949848,0.000249088440240432,0,0.00110164399276583,0.00238638453760531,0.00176497973847356,0.00129081839083272,0.00151419859904638,0.000632934049175631,0.000251123619968423
"290",2025,290,0,0.001987951001284,0.00469458050078196,0.00349907664568508,0.00257440650544017,0.00304388382168762,0.0012849744160942,0.000476805044329024,0,0,0,0,0,0,0,0,0,0,0,0,0,0,0,0,0,2.59726045113015e-05,6.22148648831188e-05,5.27727856180386e-05,4.41947071586859e-05,6.28530192253353e-05,3.43601498931287e-05,1.78051998832721e-05,0,0,0.000356729630054848,0.000264920956893709,0.000194238459023412,0.000228510927275839,9.57510828327448e-05,0,0,0.000983677995010881,0.00214087855400897,0.00159066468783787,0.00116669030298583,0.00137309196691428,0.000575541580266575,0.000228649611569555,0,0.000978300401761823,0.00213475745183502,0.00159071821533546,0.00116928303627224,0.00137942790827216,0.00057932160310175,0.000230350232876197
"291",2025,291,0,0.00179974497747457,0.00427752990242088,0.00321027949206141,0.00237301518381415,0.00282060099659261,0.00119595775221029,0.000444637855003048,0,0,0,0,0,0,0,0,0,0,0,0,0,0,0,0,0,2.33715362509228e-05,5.63761568065397e-05,4.81600501464365e-05,4.05265020343459e-05,5.79490951641142e-05,3.18226991594216e-05,1.65247702357111e-05,0,0,0.00032506963238548,0.000243123280503384,0.000179116423700171,0.000211863586906476,8.9176840991123e-05,0,0,0.000890349038907177,0.00195067781808294,0.00145956835240376,0.00107566569069666,0.00127278923196917,0.000535898093747146,0.00021334085334413,0,0.000886024402316474,0.00194540629514592,0.00145942780900783,0.00107770656738297,0.00127799908255285,0.000539060118312595,0.000214772231423208
"292",2025,292,0,0.00143193904122654,0.00342187811920843,0.00258381412917653,0.00191785370062414,0.00229034360158315,0.000974971842658412,0.000363100992959977,0,0,0,0,0,0,0,0,0,0,0,0,0,0,0,0,0,1.84841435590985e-05,4.48575429513556e-05,3.85678726278186e-05,3.25977447235464e-05,4.68449811424674e-05,2.58330927124028e-05,1.34407094154331e-05,0,0,0.000260021928011751,0.000195728684700244,0.000144833593042908,0.000172168281543574,7.27723818912762e-05,0,0,0.000708076748518123,0.00156022944748253,0.00117484985177424,0.000869585676372629,0.00103400759269022,0.000437162243457449,0.000174365509757976,0,0.000705378149149323,0.0015567692007628,0.00117466772007423,0.000870836686485056,0.00103732274620689,0.000439204124597284,0.000175294773786568
"293",2025,293,0,0.00162090187887084,0.00389378666965636,0.00295608518290576,0.00220221408798925,0.00264101315614562,0.00112825520235269,0.000420888267222625,0,0,0,0,0,0,0,0,0,0,0,0,0,0,0,0,0,2.08305873538553e-05,5.08124488165002e-05,4.39178127149497e-05,3.72508066329157e-05,5.3749538528264e-05,2.97430705773257e-05,1.54999220413139e-05,0,0,0.000295953135483292,0.000223949191080227,0.000166302650629229,0.000198494854153127,8.41905995799886e-05,0,0,0.000801751935798043,0.00177579107689963,0.00134427144609596,0.000998545234196979,0.00119224031624799,0.000505824227261652,0.000202083191583734,0,0.000798319355718938,0.00177123000845694,0.00134394673301463,0.00100011539653013,0.00119652844721624,0.000508497304933723,0.000203305153597577
"294",2025,294,0,0.00132222539322173,0.00319128671425298,0.00243619527703162,0.00182181575023037,0.00219442184789932,0.000940972252621225,0.000351603318665399,0,0,0,0,0,0,0,0,0,0,0,0,0,0,0,0,0,1.68999931068607e-05,4.14362953562692e-05,3.60226777146585e-05,3.0677090874743e-05,4.44694422380698e-05,2.47048857665323e-05,1.28982370586339e-05,0,0,0.000242534029088977,0.000184595151707378,0.000137629069666535,0.000165030635316215,7.02723731260192e-05,0,0,0.000653794103331177,0.0014552158645112,0.00110792865432607,0.000826245440307153,0.000991023309321824,0.000422089733442706,0.000168935581885326,0,0.000651531296783688,0.00145210052529654,0.00110764879328352,0.000827264149381935,0.000993898461023206,0.000423905260285967,0.000169769499721439
"295",2025,295,0,0.000653439015716245,0.00158587803391375,0.0012184594295726,0.000916036247241012,0.00111164799588999,0.000481487047456257,0.000182370345757877,0,0,0,0,0,0,0,0,0,0,0,0,0,0,0,0,0,1.82890643368635e-05,4.50449336518194e-05,3.9350134788681e-05,3.36215926011472e-05,4.8925822350747e-05,2.727067954965e-05,1.4260042058025e-05,0,0,0.0001185262482232,9.0650087682513e-05,6.78098829718074e-05,8.16246592972422e-05,3.48722614409857e-05,0,0,0.000317935196225022,0.00071140528398581,0.00054417306898277,0.000407112351871448,0.000490119307488888,0.000209416250574268,8.39394298884268e-05,0,0.00031721475515436,0.000710901568052915,0.000544286138118636,0.00040749241979661,0.000490978206753114,0.000209927855891354,8.41708738114252e-05
"296",2025,296,0,0.000635818821396555,0.00155170986823208,0.00119547995005179,0.00090025705006561,0.00109471604346115,0.000475008286059614,0.000180069110162174,0,0,0,0,0,0,0,0,0,0,0,0,0,0,0,0,0,1.78318328159135e-05,4.41661700078139e-05,3.86886500678157e-05,3.31114690382255e-05,4.82809740017392e-05,2.69592220806957e-05,1.41089487099944e-05,0,0,0.000116006106973658,8.89667368462512e-05,6.66614772214164e-05,8.04045577850162e-05,3.44122107494803e-05,0,0,0.000309399176175332,0.000696165600078617,0.00053397866233712,0.000400149737233278,0.000482710031699834,0.000206617591473355,8.28866736548491e-05,0,0.00030858781240531,0.000695371991171996,0.000533845900800603,0.000400334366572691,0.00048332047997456,0.000207019261756083,8.30734877973309e-05
"297",2025,297,0,0.000635131996689229,0.00155852112541747,0.00120398034132752,0.000908151064136936,0.00110653654434682,0.000480998289513999,0.000182496826352015,0,0,0,0,0,0,0,0,0,0,0,0,0,0,0,0,0,1.78547670583362e-05,4.44635920737087e-05,3.90543534735889e-05,3.34790644113815e-05,4.89141314851816e-05,2.73607876517541e-05,1.43309383706235e-05,0,0,0.000116539280522246,8.96169463912956e-05,6.72583868402234e-05,8.12860075510975e-05,3.48506496412043e-05,0,0,0.000309044441414062,0.000699161505256696,0.000537724504288778,0.000403615409142205,0.000487860402157922,0.00020918966629103,8.39879670696423e-05,0,0.000308232788216831,0.00069835674756482,0.00053758453717386,0.000403798203743126,0.000488476003152614,0.000209597185930011,8.41779209117494e-05
"298",2025,298,0,0.000560916345652369,0.00128073478763221,0.0010716139050758,0.000809603799347412,0.00098839962286113,0.000430400348088576,0.000163437150631214,0,0,0,0,0,0,0,0,0,0,0,0,0,0,0,0,0,1.58001889604611e-05,3.95573763287668e-05,3.48388230955661e-05,2.99144100138397e-05,4.37936423695467e-05,2.45400249919312e-05,1.28642499697344e-05,0,0,0,7.97673899045551e-05,5.99643700344048e-05,7.26156169599056e-05,3.11883496143145e-05,0,0,0.000272878815173992,0.000620906819160218,0.000478560453356069,0.00035979118301121,0.000435751944804673,0.000187174186931599,7.52108893083358e-05,0,0.000272237341517916,0.000620270592143226,0.000478447238719613,0.000359933836287958,0.000436238418727005,0.000187497786550731,7.53620113531433e-05
"299",2025,299,0,0.000548106553118234,0.00125845682641571,0.00105501541515999,0.000798235569645488,0.000976292231836325,0.000425822667047695,0.000161829445136895,0,0,0,0,0,0,0,0,0,0,0,0,0,0,0,0,0,1.54745948720483e-05,3.89576601900658e-05,3.43771526835284e-05,2.9561300302741e-05,4.33549266032804e-05,2.4333268215703e-05,1.27655573602089e-05,0,0,0,7.85256404785439e-05,5.91174678585865e-05,7.17193941925066e-05,3.08529574565555e-05,0,0,0.000266626478613362,0.000610057287702752,0.000471112159743812,0.00035471017672353,0.000430373667941511,0.000185161021544752,7.44584044975704e-05,0,0.000266005479632823,0.000609441878522893,0.000471000462254103,0.00035484662476063,0.000430844243099026,0.000185475419830684,7.46054832791161e-05
"300",2025,300,0,0.000510909823244581,0.00117936257044605,0.000990600957318329,0.000750569610095146,0.000919622162650204,0.000401746711740765,0.000152800292417939,0,0,0,0,0,0,0,0,0,0,0,0,0,0,0,0,0,1.44563760827399e-05,3.65935824115486e-05,3.23528834267631e-05,2.78607503976337e-05,4.09337708563344e-05,2.3010930646444e-05,1.20809444026577e-05,0,0,0,7.37246187019648e-05,5.55830421529591e-05,6.75516665045176e-05,2.9106202820785e-05,0,0,0.0002485003607539,0.000571655131961982,0.000442311764458887,0.000333503517755392,0.000405361311952101,0.000174675867290359,7.02945755508873e-05,0,0.000247953086407941,0.000571113856072518,0.000442211690730715,0.000333622299789161,0.000405775413337251,0.000174953710983178,7.04247724643936e-05
"301",2025,301,0.00096941830668171,0.000366215741826729,0.000858384975556585,0.000719270653315519,0.000545708342435686,0.00066975134295781,0.000293062921547393,0.000112028452081762,0,0,0,0,0,0,0,0,0,0,0,0,0,0,0,0,3.10627679644491e-05,1.05831607124203e-05,2.69446067171584e-05,2.38659187831635e-05,2.05800683639856e-05,3.02878506303339e-05,1.70520608541711e-05,8.95891152926224e-06,8.63067456753639e-05,0,0,5.06637388446651e-05,3.82483716522897e-05,4.6562369809944e-05,2.00925753970107e-05,0,0.000455504220438217,0.000175302559519345,0.000408191467185004,0.000316449700842875,0.0002389182401808,0.000290873731923973,0.000125525906882046,5.05499677622306e-05,0.00039654457260368,0.000180330021594964,0.000423248901654423,0.000328291294844816,0.000247961662238611,0.00030202739059356,0.000130392378414165,5.25195727902696e-05
"302",2025,302,0.000516505671182205,0.000266964191558252,0.000633208325602511,0.000532377905281514,0.000404297059793262,0.000496806882866619,0.000217635920432762,8.3100916010259e-05,0,0,0,0,0,0,0,0,0,0,0,0,0,0,0,0,1.55836965214544e-05,7.75518792707851e-06,1.99789276582294e-05,1.77239994578504e-05,1.52990973404411e-05,2.25447014468073e-05,1.27074414518948e-05,6.67997311150338e-06,4.44723992713576e-05,0,0,3.83814220487575e-05,2.90048162723604e-05,3.53546188180948e-05,1.52738426412337e-05,0,0.000240599143743505,0.000128758948999853,0.000303422627274805,0.000235611832182913,0.000178060674915599,0.000217054656981045,9.3776229248785e-05,3.7784261033656e-05,0.000215850431645888,0.00013045005463132,0.000309806770669477,0.000240660651591993,0.000181932471264862,0.000221852905620672,9.58784070908482e-05,3.86366818650995e-05
"303",2025,303,0.000389984572677154,0.00030006889709764,0.000725688667636971,0.000611108412853206,0.000464433132174282,0.000571255063384282,0.000250457124811935,9.56354320115918e-05,0,0,0,0,0,0,0,0,0,0,0,0,0,0,0,0,1.31713100782239e-05,8.68671833659473e-06,2.26935154986392e-05,2.0160007488189e-05,1.74150693111043e-05,2.56885727609119e-05,1.44928761932548e-05,7.6218288008259e-06,0,0,0,4.42045400110715e-05,3.34308304876575e-05,4.07906396871266e-05,1.76386396762243e-05,0,0.000200756591878978,0.000145185157955971,0.000348250312752481,0.000270786961485594,0.000204801525129245,0.000249905255355968,0.000108069903656941,4.356266894344e-05,0.000176056670719952,0.000146197020805074,0.00035474483938585,0.000275956903868351,0.000208785707246275,0.000254870595580275,0.000110255705285515,4.44509342673259e-05
"304",2025,304,9.77730635411728e-06,0.000304478529296156,0.000757914666294146,0.000639513021526651,0.000486434905730992,0.00059897594168397,0.000262867816282348,0.00010036755253258,0,0,0,0,0,0,0,0,0,0,0,0,0,0,0,0,9.77730635411728e-06,8.82741541233871e-06,2.3607485911675e-05,2.10035831260455e-05,1.81594559021652e-05,2.68166761791349e-05,1.51448591028803e-05,7.96857005654627e-06,0,0,0,4.65529568927262e-05,3.52373096181139e-05,4.30431309844698e-05,1.86317916966481e-05,0,0,0.000147902031176162,0.000364561170027735,0.000283894059323847,0.000214900894441166,0.000262524426792682,0.000113644035421238,4.58319513455021e-05,0,0.000147749082707655,0.000369746010354736,0.000288062422184032,0.000218137245769547,0.000266591707727683,0.000115447130061581,4.65670311305312e-05
"305",2025,305,0,0.000268696813926892,0.000679124033336934,0.000574752052320061,0.000437581872805153,0.00053948058252129,0.000237039744165944,9.04538974259796e-05,0,0,0,0,0,0,0,0,0,0,0,0,0,0,0,0,0,7.76420220829798e-06,2.1421679419205e-05,1.90893211509344e-05,1.6519275890606e-05,2.44230060229007e-05,1.38077095728654e-05,7.26869056682928e-06,0,0,0,4.25587026472524e-05,3.22429132171e-05,3.94312371050293e-05,1.70864678024483e-05,0,0,0.000130565290578279,0.000328427330056507,0.000256169044844344,0.000194087106572205,0.000237372601493063,0.000102864717335599,4.15054491679822e-05,0,0.000130367321140315,0.000329275023861222,0.00025693498367753,0.000194732577125242,0.000238253737900298,0.000103280849455031,4.16797576911681e-05
"306",2025,306,0,0.000149699315947083,0.00074018268027702,0.000627482257035267,0.000478133371524733,0.000590131239484663,0.000259563996019905,9.90888404504874e-05,0,0,0,0,0,0,0,0,0,0,0,0,0,0,0,0,0,8.40714462985128e-06,2.3413699606599e-05,2.08964291342372e-05,1.8097876408313e-05,2.67855100131802e-05,1.5158238763367e-05,7.98336078415433e-06,0,0,0,4.65451865384448e-05,3.52919993284101e-05,4.32063403394153e-05,1.87407404667431e-05,0,0,0.000141292171317232,0.000358164457663482,0.00027978632687249,0.000212155523654301,0.000259750228986856,0.000112673411759382,4.5484678280989e-05,0,0,0.000358604523006939,0.000280254314490095,0.00021258797213371,0.000260389160145211,0.000112991605030412,4.56208013853442e-05
"307",2025,307,0,9.76503683367244e-06,0.000861908174072808,0.000731861023625585,0.000558189747656861,0.000689773611702227,0.000303730448242842,0.000116012823146764,0,0,0,0,0,0,0,0,0,0,0,0,0,0,0,0,0,9.76503683367244e-06,2.73231907820694e-05,2.44243057810089e-05,2.11720297756579e-05,3.13713609755778e-05,1.7772101065299e-05,9.36469953629558e-06,0,0,0,5.43079017490485e-05,4.12145321292996e-05,5.05151816211963e-05,2.19341026236387e-05,0,0,0,0.000417144860636239,0.000326364819487368,0.000247697379336175,0.000303618616150066,0.000131842982209029,5.32504939407869e-05,0,0,0.0004174401226545,0.000326763996608159,0.000248105806415728,0.000304268452955388,0.000132181262344875,5.33976296696814e-05
"308",2025,308,0,7.4414318916041e-06,0.000656334835289953,0.00055828626167639,0.000426217307878583,0.000527350736766944,0.000232480505593065,8.88449029998882e-05,0,0,0,0,0,0,0,0,0,0,0,0,0,0,0,0,0,7.4414318916041e-06,2.08665024368326e-05,1.86841676080693e-05,1.62127641784441e-05,2.40543909887545e-05,1.36431939055588e-05,7.19315439218194e-06,0,0,0,4.14577549571287e-05,3.14944670493367e-05,3.86517661544291e-05,1.68027432937755e-05,0,0,0,0.000317686166709072,0.000248985895301546,0.00018915884073392,0.000232160738521749,0.00010093065278855,4.07877880503371e-05,0,0,0.000317782166144048,0.000249158443809646,0.000189351235916882,0.000232483841102011,0.00010110391560518,4.08639605573692e-05
"309",2025,309,0,8.92451033859564e-06,0.000786287412004762,0.000669826610636547,0.000511806305847614,0.000633953321850404,0.0002797661682996,0.000106974865948272,0,0,0,0,0,0,0,0,0,0,0,0,0,0,0,0,0,8.92451033859564e-06,2.50587508142234e-05,2.2471607375231e-05,1.95147898888363e-05,2.89838017336934e-05,1.64549144526776e-05,8.67959759805707e-06,0,0,0,4.97336390332829e-05,3.78117142958207e-05,4.64534002643818e-05,2.02138576839307e-05,0,0,0,0.000380570204677933,0.000298706330210238,0.000227116459084234,0.000279043686705152,0.000121431700568446,4.90958747962672e-05,0,0,0.000380658456512606,0.000298915034017795,0.000227363342578723,0.000279472433147177,0.000121665695594546,4.91993935539479e-05
"310",2025,310,0,7.4991994149357e-06,0.00065957564661469,0.000562803589157873,0.000430424971199086,0.000533784145874864,0.000235822880740543,9.02215215225996e-05,0,0,0,0,0,0,0,0,0,0,0,0,0,0,0,0,0,7.4991994149357e-06,2.10816274786625e-05,1.89354716109087e-05,1.64594196159975e-05,2.4475559013371e-05,1.39109026812307e-05,7.34162431176366e-06,0,0,0,4.17973189726776e-05,3.18076825379947e-05,3.91244291417563e-05,1.70435493989526e-05,0,0,0,0.000319231032727221,0.00025097387950562,0.000191001011090689,0.000234951879477245,0.000102356323540208,4.14052742883555e-05,0,0,0.000319262986408806,0.000251096919068667,0.000191156857954405,0.000235232278242492,0.000102512105120152,4.14746229224804e-05
"311",2025,311,0,7.78871432452108e-06,0.000683745243825334,0.000584299322709212,0.00044723373794149,0.000555231502873906,0.000245548422633689,9.3992916336167e-05,0,0,0,0,0,0,0,0,0,0,0,0,0,0,0,0,0,7.78871432452108e-06,2.19172116008725e-05,1.97152738058192e-05,1.71510430855783e-05,2.55309002520599e-05,1.45248277858848e-05,7.66922524388611e-06,0,0,0,4.33915054207234e-05,3.30474449049198e-05,4.06922534767205e-05,1.77437910881269e-05,0,0,0,0.0003309064865241,0.000260537823761987,0.000198439605896112,0.000244360226798323,0.000106558932428412,4.31256441259421e-05,0,0,0.000330921545700361,0.000260654719720682,0.00019859564405488,0.000244648122346803,0.000106720871331266,4.31980469663388e-05
"312",2025,312,0,6.51423603991373e-06,0.000569549165220358,0.000487434736782062,0.000373398038254415,0.000464068860085475,0.000205444583545402,7.86888105923558e-05,0,0,0,0,0,0,0,0,0,0,0,0,0,0,0,0,0,6.51423603991373e-06,1.83482019373591e-05,1.652960661983e-05,1.43916872217876e-05,2.14466213937474e-05,1.22134577539406e-05,6.45193088219365e-06,0,0,0,3.61800560547988e-05,2.75780035770839e-05,3.39943432118506e-05,1.48379647962868e-05,0,0,0,0.000275549165153421,0.00021728570674609,0.000165632313641798,0.000204179672434289,8.91252545578431e-05,3.60871579131966e-05,0,0,0.000275651798129578,0.000217439367361343,0.000165796033813746,0.000204448223045588,8.92679064373315e-05,3.61497217969655e-05
"313",2025,313,0,5.17840227377056e-06,0.000451889667273851,0.000387292304230472,0.000296888580264523,0.000369322530071552,0.00016364472085216,6.27067313072975e-05,0,0,0,0,0,0,0,0,0,0,0,0,0,0,0,0,0,5.17840227377056e-06,1.46068578885135e-05,1.31774631052544e-05,1.14812477071044e-05,1.71255786636554e-05,9.76124281013939e-06,5.15869776903139e-06,0,0,0,2.87537014273766e-05,2.19328130498517e-05,2.70611020616068e-05,1.18220090819993e-05,0,0,0,0.000218617104359274,0.000172638533467716,0.000131690500178116,0.000162489142346001,7.09882627393892e-05,2.87552892528629e-05,0,0,0.000218665705026064,0.000172722606230126,0.000131784019329451,0.000162646707000289,7.10732062206325e-05,2.87927442854032e-05
"314",2025,314,0,4.94492280274887e-06,0.000430557265397302,0.000369490078996763,0.000283409755184483,0.000352841664907129,0.000156464879896584,5.99811133161136e-05,0,0,0,0,0,0,0,0,0,0,0,0,0,0,0,0,0,4.94492280274887e-06,1.3964939580343e-05,1.26146063009578e-05,1.0997250557155e-05,1.64166504172346e-05,9.36413490318551e-06,4.95060964779748e-06,0,0,0,2.74313048875118e-05,2.09363030255495e-05,2.58520575004047e-05,1.13022222720818e-05,0,0,0,0.000208278069729118,0.000164687074102364,0.000125698014127982,0.000155217765337659,6.7861868396109e-05,2.74987072631342e-05,0,0,0.000208314256087841,0.00016475709370593,0.000125778187473796,0.000155355191651832,6.79366543252077e-05,2.7531796405182e-05
"315",2025,315,0,5.98478611172073e-06,0.000519959239988042,0.000446774972870129,0.000342897197862874,0.000427255739019996,0.000189614266688734,7.27223144169785e-05,0,0,0,0,0,0,0,0,0,0,0,0,0,0,0,0,0,5.98478611172073e-06,1.69215199078763e-05,1.53046617557012e-05,1.33498993256907e-05,1.99439532957882e-05,1.1384334665874e-05,6.02074412336734e-06,0,0,0,3.31615355801597e-05,2.53240317615875e-05,3.12940758603681e-05,1.36913339169761e-05,0,0,0,0.00025149695862684,0.000199106904622753,0.000152055840483712,0.000187911784043895,8.22160471587546e-05,3.33271544331787e-05,0,0,0.000251540761453325,0.000199201870911515,0.000152167426291884,0.000188105925819944,8.23225509471288e-05,3.33744158604324e-05
"316",2025,316,0,6.36064470586762e-06,0.000551341133671341,0.000474376623681844,0.000364331809127534,0.00045438242725126,0.00020183120442802,7.7445951331384e-05,0,0,0,0,0,0,0,0,0,0,0,0,0,0,0,0,0,6.36064470586762e-06,1.80066870891404e-05,1.63079412980335e-05,1.42344387012782e-05,2.12841624040557e-05,1.21593599101339e-05,6.43320397138008e-06,0,0,0,3.52060582386463e-05,2.69031342844367e-05,3.32748121817274e-05,1.45699342964698e-05,0,0,0,0.000266648122045091,0.000211382337824779,0.00016153768877196,0.00019980647499223,8.74926713009922e-05,3.54804221966329e-05,0,0,0.000266686324537109,0.000211480286320385,0.00016165654736986,0.000200016977673247,8.76092389204236e-05,3.55323251633711e-05
"317",2025,317,0,5.83767227582535e-06,0.000504695104995491,0.000434839996418428,0.000334200879890647,0.00041719494434105,0.000185479749386998,7.12065855114646e-05,0,0,0,0,0,0,0,0,0,0,0,0,0,0,0,0,0,5.83767227582535e-06,1.65466851335306e-05,1.50060592685498e-05,1.31072141267918e-05,1.96167726194684e-05,1.1216453749682e-05,5.93683252000666e-06,0,0,0,3.2271275024947e-05,2.46776443514212e-05,3.05503875689872e-05,1.33884961864829e-05,0,0,0,0.000244062197167581,0.000193743500379507,0.00014816060664911,0.000183428500068419,8.03896934939525e-05,3.26135670290023e-05,0,0,0.00024408622269438,0.000193819161745424,0.000148255414763324,0.000183599284084176,8.04851059568806e-05,3.26561859624557e-05
"318",2025,318,0,5.99495714402299e-06,0.00051686433916998,0.000445914001656498,0.000342941812764014,0.000428492657119051,0.000190668227471374,7.3234518915196e-05,0,0,0,0,0,0,0,0,0,0,0,0,0,0,0,0,0,5.99495714402299e-06,1.70132047145089e-05,1.54494392436612e-05,1.35032273563556e-05,2.02269416046215e-05,1.15746997777532e-05,6.1288767008036e-06,0,0,0,3.30889482237779e-05,2.5319305537199e-05,3.13718769364942e-05,1.37596489023417e-05,0,0,0,0.000249915889583314,0.000198650494059416,0.000152011674255771,0.00018835937068623,8.26176912444676e-05,3.3530767788523e-05,0,0,0.000249935244872156,0.000198725120129643,0.000152107605614688,0.000188534467891706,8.27161875468115e-05,3.35748744258694e-05
"319",2025,319,0,5.9173927623975e-06,0.000508667235409706,0.000439426262056819,0.000338182219426045,0.000422931548401654,0.000188359605008702,7.23839759666887e-05,0,0,0,0,0,0,0,0,0,0,0,0,0,0,0,0,0,5.9173927623975e-06,1.68139572103601e-05,1.52886737215192e-05,1.33715655220656e-05,2.00473813465141e-05,1.14814123021906e-05,6.08194052775311e-06,0,0,0,3.26039094963867e-05,2.49646813152985e-05,3.09597472338543e-05,1.35900894171194e-05,0,0,0,0.000245919681742695,0.000195732668211162,0.000149877982691114,0.000185879063599883,8.15969832501882e-05,3.31298916898728e-05,0,0,0.00024593359645665,0.000195801010627751,0.000149967989897567,0.000186045356221402,8.16911200392039e-05,3.31721437490628e-05
"320",2025,320,0,5.12755021239769e-06,0.000428880510646745,0.000371008915169253,0.000285748880031988,0.000357743954256457,0.000159518202684527,6.13658994096349e-05,0,0,0,0,0,0,0,0,0,0,0,0,0,0,0,0,0,5.12755021239769e-06,1.4587871322369e-05,1.32818937811003e-05,1.1624032772108e-05,1.74425866524681e-05,9.9977726996534e-06,5.2981538351226e-06,0,0,0,2.75022683519158e-05,2.10721376224161e-05,2.61551755198876e-05,1.14904242254345e-05,0,0,0,0.00020714258006171,0.000165089115936881,0.000126495138437492,0.000157014878972812,6.89818824692665e-05,2.80189795645623e-05,0,0,0.000207150059262667,0.000165135637099356,0.000126557571199972,0.000157131313111289,6.9048123290173e-05,2.804876600995e-05
"321",2025,321,0,5.07012508357907e-06,0.000412224442608986,0.000357062528942868,0.0002752044015482,0.000344892868826768,0.000153965564541615,5.92942370451111e-05,0,0,0,0,0,0,0,0,0,0,0,0,0,0,0,0,0,5.07012508357907e-06,1.44426901279517e-05,1.31659897015504e-05,1.15291560568674e-05,1.7313546653844e-05,9.93102341454711e-06,5.26466334486271e-06,0,0,0,2.64397426114209e-05,2.02695654831734e-05,2.51783856100012e-05,1.10693427650743e-05,0,0,0,0.000198887875401217,0.000158707337840496,0.000121674320906688,0.000151147026460172,6.64521102150042e-05,2.70010615614536e-05,0,0,0.000198893877079818,0.000158749458789401,0.000121731359101471,0.000151253910102751,6.65130881469898e-05,2.70285121387948e-05
"322",2025,322,0,4.91384338841323e-06,0.000387928730950508,0.000336449026842946,0.000259500143875758,0.000325540380634097,0.000145495534877717,5.60954404271511e-05,0,0,0,0,0,0,0,0,0,0,0,0,0,0,0,0,0,4.91384338841323e-06,1.40157828703819e-05,1.27924113046027e-05,1.12082125700888e-05,1.68441987911263e-05,9.66865553815054e-06,5.12736773203993e-06,0,0,0,2.48845068410416e-05,1.90878083052066e-05,2.37281998237986e-05,1.04391777741477e-05,0,0,0,0.000186953999068459,0.000149367610623738,0.000114576958746575,0.000142436809198336,6.26668798838225e-05,2.54718845384915e-05,0,0,0.000186958949011667,0.000149404498073564,0.000114627164253888,0.000142531172820836,6.27208216815963e-05,2.54961881566197e-05
"323",2025,323,0,4.34811146380833e-06,0.00033290048303116,0.000289089130254344,0.000223124616190636,0.000280184100723099,0.000125369590171565,4.83919912601222e-05,0,0,0,0,0,0,0,0,0,0,0,0,0,0,0,0,0,4.34811146380833e-06,1.24187914105418e-05,1.13483765264924e-05,9.94825148155617e-06,1.49614240633557e-05,8.59378981657672e-06,4.55889304569867e-06,0,0,0,2.13557268862495e-05,1.63896619643056e-05,2.03887302766254e-05,8.97608358861195e-06,0,0,0,0.000160238967980866,0.00012817893472836,9.83748661497122e-05,0.000122382200230554,5.38799615671485e-05,2.19075800205408e-05,0,0,0.000160242723639752,0.000128206092113242,9.84118365950621e-05,0.000122451746152564,5.39197551992281e-05,2.19255181938827e-05
"324",2025,324,0,4.43866205723712e-06,0.000329165881983709,0.000286193800829203,0.000221034730293782,0.000277825509098943,0.000124457319311027,4.80978281990549e-05,0,0,0,0,0,0,0,0,0,0,0,0,0,0,0,0,0,4.43866205723712e-06,1.2694882179743e-05,1.16139887857206e-05,1.01858691310117e-05,1.53287191884925e-05,8.81021575559822e-06,4.67513554146e-06,0,0,0,2.11126903877016e-05,1.62107446355265e-05,2.01792432024382e-05,8.88936268825047e-06,0,0,0,0.000158233367650678,0.000126720095464586,9.73008403083289e-05,0.000121124573072952,5.33593086246486e-05,2.17025277953167e-05,0,0,0.000158237632153288,0.000126747026191194,9.73372762189149e-05,0.000121192973635061,5.33984322425298e-05,2.17201648622782e-05
"325",2025,325,4.73507172281033e-06,3.50512903343688e-06,0.000251190354489472,0.000218355366668424,0.000168753196936916,0.000212319186593642,9.52282793912529e-05,3.69005379610232e-05,0,0,0,0,0,0,0,0,0,0,0,0,0,0,0,0,4.73507172281033e-06,3.50512903343688e-06,1.00472326956121e-05,9.20226999179626e-06,8.07447395061791e-06,1.21591090107763e-05,6.99277839023452e-06,3.71184628078137e-06,0,0,0,1.57960619308644e-05,1.21341687132099e-05,1.5114385008784e-05,6.66226843544808e-06,0,0,0,0.000119827239272876,9.6074921249327e-05,7.38040162065978e-05,9.19328533980244e-05,4.05239255898253e-05,1.64869678915627e-05,0,0,0.000121315882520984,9.72821134964366e-05,7.47405380664902e-05,9.31128391760574e-05,4.1049306975745e-05,1.67017237886791e-05
"326",2025,326,0.00018191970392821,0,0.000206794114850877,0.000179872313515513,0.0001391085565367,0.000175207622943988,7.86957510955697e-05,3.05668276129972e-05,0,0,0,0,0,0,0,0,0,0,0,0,0,0,0,0,7.10781552040062e-06,0,8.71851379179744e-06,7.99418010173491e-06,7.01712820651165e-06,1.05726261700271e-05,6.08357825882448e-06,3.2300734305997e-06,1.51408347138531e-05,0,0,1.28771817849668e-05,9.89573057697659e-06,1.23328561380182e-05,5.43904684476914e-06,0,8.33859045693783e-05,0,9.81441354933421e-05,7.87785565030487e-05,6.05399682667522e-05,7.545124001943e-05,3.32761411419818e-05,1.35417096318752e-05,7.62851491245784e-05,0,9.99314655657373e-05,8.02223951257625e-05,6.16557294864593e-05,7.68509006165123e-05,3.38969848499943e-05,1.37950445505223e-05
"327",2025,327,0.000136567522134858,0,0.000219945951412521,0.000191572530112904,0.000148233956263085,0.000186847581616614,8.40062906599927e-05,3.26583608029366e-05,0,0,0,0,0,0,0,0,0,0,0,0,0,0,0,0,6.08748299290823e-06,0,9.53806932252168e-06,8.75514342244334e-06,7.68766905463625e-06,1.15885538613321e-05,6.67131534197418e-06,3.54296529922652e-06,0,0,0,1.37336619100637e-05,1.05574626267024e-05,1.31639683039342e-05,5.80834525491403e-06,0,6.85588267464785e-05,0,0.00010435836181118,8.38572251808085e-05,6.4464600069241e-05,8.03817606886549e-05,3.54675387908127e-05,1.44369160718269e-05,6.19212123954711e-05,0,0.000106049520278819,8.52264995995884e-05,6.55242245125057e-05,8.17132987626931e-05,3.60590912722918e-05,1.46784794318832e-05
"328",2025,328,4.96188376067785e-06,0,0.000226722850157854,0.000197769500446344,0.000153115441736829,0.000193165270413195,8.69410154625506e-05,3.38317838619121e-05,0,0,0,0,0,0,0,0,0,0,0,0,0,0,0,0,4.96188376067785e-06,0,1.01556790637096e-05,9.33246361334202e-06,8.19748665740908e-06,1.2363286324219e-05,7.12080321886307e-06,3.78259855493664e-06,0,0,0,1.42095275614444e-05,1.0927127584955e-05,1.36317689188726e-05,6.01770634231162e-06,0,0,0,0.000107559371456312,8.65256937876057e-05,6.65394686437815e-05,8.3010835664667e-05,3.6645595525473e-05,1.49200906124499e-05,0,0,0.000109007799637833,8.77018154839516e-05,6.74513588506832e-05,8.41593795054361e-05,3.71569103759029e-05,1.51290946945255e-05
"329",2025,329,0,0,0.000216270931029684,0.000189018129867599,0.000146433591788407,0.000184915196129982,8.33348262558248e-05,3.24588129998514e-05,0,0,0,0,0,0,0,0,0,0,0,0,0,0,0,0,0,0,1.01031742276274e-05,9.29491787802496e-06,8.16746069731333e-06,1.23243180685595e-05,7.10189808774821e-06,3.77349396787421e-06,0,0,0,1.36708646596209e-05,1.05166985595541e-05,1.3126478814812e-05,5.79753631576938e-06,0,0,0,0.00010269202673741,8.27056373117975e-05,6.36247537974197e-05,7.94152367553713e-05,3.50757516739664e-05,1.42844776567299e-05,0,0,0.000103475730064647,8.33467100181552e-05,6.412467873412e-05,8.00491624912395e-05,3.53596401783409e-05,1.44008413752473e-05
"330",2025,330,0,0,0.000126310599651856,0.000110622563481712,8.57576767469202e-05,0.000108406725864885,4.89253039667814e-05,1.90781374851155e-05,0,0,0,0,0,0,0,0,0,0,0,0,0,0,0,0,0,0,6.20190429659419e-06,5.71241875868402e-06,5.02128193842193e-06,7.58066731368945e-06,4.37049311219274e-06,2.32276553729922e-06,0,0,0,8.05853787346271e-06,6.20142722932055e-06,7.74418440650798e-06,3.42200182180021e-06,0,0,0,6.00268348584815e-05,4.84019423869194e-05,3.7247973066919e-05,4.6514882351658e-05,2.05542269015545e-05,8.37259743087802e-06,0,0,6.00818604967804e-05,4.84496644626455e-05,3.72869945122586e-05,4.65669917930293e-05,2.05785821312339e-05,8.38277451693822e-06
"331",2025,331,0,0,0.000115072531469012,0.000100905506904754,7.82714141957698e-05,9.90367272471732e-05,4.47564673780875e-05,1.74835038265157e-05,0,0,0,0,0,0,0,0,0,0,0,0,0,0,0,0,0,0,5.91696849494379e-06,5.45593575927221e-06,4.79706176689176e-06,7.24493764775584e-06,4.17853130139538e-06,2.22116848634646e-06,0,0,0,7.33384736689549e-06,5.64519148821569e-06,7.05227267186403e-06,3.1174500096525e-06,0,0,0,5.45578624567858e-05,4.40404006161167e-05,3.39001892904158e-05,4.23503804889542e-05,1.87211261639135e-05,7.62734703463603e-06,0,0,5.45977005172823e-05,4.40753231624697e-05,3.39289716502466e-05,4.23891364385991e-05,1.87393599031261e-05,7.63498830553321e-06
"332",2025,332,0,0,0.000122385769540988,9.96661202670364e-05,8.34001618639457e-05,0.000105631262214535,4.78051355462899e-05,1.87109090625389e-05,0,0,0,0,0,0,0,0,0,0,0,0,0,0,0,0,0,0,6.60712542390435e-06,6.09891667942599e-06,5.36371703803512e-06,8.10373900231665e-06,4.67557286470814e-06,2.48583854159071e-06,0,0,0,0,5.99583344260334e-06,7.4930829043342e-06,3.31353608090679e-06,0,0,0,5.78686959470153e-05,4.67653810683848e-05,3.60052059327665e-05,4.49967707615561e-05,1.98983483551565e-05,8.10847680610539e-06,0,0,5.79099481700684e-05,4.68018225192256e-05,3.60354054505407e-05,4.50376695463284e-05,1.99176782455186e-05,8.11659371484279e-06
"333",2025,333,0,0,0.000132163172705915,0.000107793617028826,9.02364348779018e-05,0.000114413025324004,5.18604209970024e-05,2.03418839620927e-05,0,0,0,0,0,0,0,0,0,0,0,0,0,0,0,0,0,0,7.51356024549138e-06,6.94344771847793e-06,6.10776487623153e-06,9.23137249562104e-06,5.32819182904076e-06,2.83335060690793e-06,0,0,0,0,6.46380801607921e-06,8.08098347893623e-06,3.57486862360953e-06,0,0,0,6.23024921890311e-05,5.04052358469178e-05,3.88159013622636e-05,4.85278342882897e-05,2.14680029715204e-05,8.74977516301792e-06,0,0,6.23471202713926e-05,5.04449334634306e-05,3.88489606233274e-05,4.85728350611572e-05,2.14893575728316e-05,8.75875819216689e-06
"334",2025,334,0,0,6.95575239560112e-05,5.68213907720987e-05,4.75887623083982e-05,6.0408842081551e-05,2.7428524535804e-05,1.07839984929157e-05,0,0,0,0,0,0,0,0,0,0,0,0,0,0,0,0,0,0,4.18122932797512e-06,3.86835582140893e-06,3.4035472424608e-06,5.14618805360764e-06,2.97145058528752e-06,1.58042595543783e-06,0,0,0,0,3.39685395363178e-06,4.24835730301101e-06,1.88011466866982e-06,0,0,0,3.26823138032173e-05,2.64712995123386e-05,2.03898183246438e-05,2.55011864867019e-05,1.12856414684557e-05,4.60059068747346e-06,0,0,3.26939808248188e-05,2.64817354383512e-05,2.03985427876618e-05,2.55131102382304e-05,1.1291317813391e-05,4.60298185000446e-06
"335",2025,335,0,0,5.9267453906386e-05,4.8491937547287e-05,4.06294151300357e-05,5.16363737547614e-05,2.34880259825854e-05,9.25903192362221e-06,0,0,0,0,0,0,0,0,0,0,0,0,0,0,0,0,0,0,3.78071333420313e-06,3.50152870440274e-06,3.08135459838695e-06,4.66047466657516e-06,2.6918468171914e-06,1.4319407594618e-06,0,0,0,0,2.88683822093704e-06,3.61161151622492e-06,1.59882688239881e-06,0,0,0,2.77390780120786e-05,2.24913696265659e-05,1.73274092278968e-05,2.16777724787473e-05,9.5965966594095e-06,3.91266983707047e-06,0,0,2.77476625601043e-05,2.24990392163184e-05,1.73338130828149e-05,2.1686515093214e-05,9.60075562358566e-06,3.91442132708995e-06
"336",2025,336,0,0,7.27809580341359e-05,5.96464142707818e-05,4.99963220577621e-05,6.3624312325129e-05,2.89993474720551e-05,1.14655211278734e-05,0,0,0,0,0,0,0,0,0,0,0,0,0,0,0,0,0,0,4.94777237966093e-06,4.58721253574139e-06,4.03746784148322e-06,6.10838425206754e-06,3.52921921453712e-06,1.8776727140726e-06,0,0,0,0,3.53302321559059e-06,4.42134502032791e-06,1.95788675383992e-06,0,0,0,3.39099465603827e-05,2.75236773626808e-05,2.12079804586469e-05,2.65405680369693e-05,1.17529269890365e-05,4.79257999300985e-06,0,0,3.39232390940923e-05,2.75355243723596e-05,2.12178505420413e-05,2.65540150157643e-05,1.17593145146416e-05,4.79526842079094e-06
"337",2025,337,2.93564655472985e-06,0,9.41234496764484e-05,7.72714067990768e-05,6.47406009841318e-05,8.25099383362595e-05,3.76931317069354e-05,1.49654786949e-05,0,0,0,0,0,0,0,0,0,0,0,0,0,0,0,0,2.93564655472985e-06,0,6.8471644392236e-06,6.35492395851456e-06,5.59438344445574e-06,8.46653927990815e-06,4.89324868907519e-06,2.60380723427275e-06,0,0,0,0,4.49121796090125e-06,5.62223945901362e-06,2.49047759652334e-06,0,0,0,4.34443420109514e-05,3.52998982935583e-05,2.7204853232003e-05,3.40561371358397e-05,1.50859294381762e-05,6.15271733248277e-06,0,0,4.38319432262733e-05,3.5616584547004e-05,2.74501463467718e-05,3.4365022461498e-05,1.52234759831607e-05,6.20895412814447e-06
"338",2025,338,0,0,4.68724923996535e-05,3.85758018846999e-05,3.23776806683146e-05,4.1374364437681e-05,1.89814887694619e-05,7.57880942144982e-06,0,0,0,0,0,0,0,0,0,0,0,0,0,0,0,0,0,0,3.87121777688992e-06,3.59689161362681e-06,3.16708006716787e-06,4.79469685147518e-06,2.77205971362124e-06,1.475333486273e-06,0,0,0,0,2.2469947378984e-06,2.81380709787973e-06,1.24685522309715e-06,0,0,0,2.15012201023881e-05,1.74897174229195e-05,1.34818555192365e-05,1.68827749223614e-05,7.48113053792923e-06,3.05165722101535e-06,0,0,2.15000545203755e-05,1.74891928481536e-05,1.34817503440118e-05,1.68830855659647e-05,7.48144329481432e-06,3.05181871416146e-06
"339",2025,339,0,0,4.56072014164723e-05,3.76077682206444e-05,3.1582902406586e-05,4.04319233948169e-05,1.86018780787396e-05,7.45884512975482e-06,0,0,0,0,0,0,0,0,0,0,0,0,0,0,0,0,0,0,4.0602067113932e-06,3.77643958818981e-06,3.3257480700476e-06,5.03631912280378e-06,2.91259765028784e-06,1.55035784130149e-06,0,0,0,0,2.17365111822486e-06,2.72272622350329e-06,1.20684533744297e-06,0,0,0,2.07740413423919e-05,1.69159099477497e-05,1.30418010649282e-05,1.63362940007691e-05,7.24107127718598e-06,2.95416808312958e-06,0,0,2.07729533626872e-05,1.69154186847049e-05,1.30417021533854e-05,1.63365840477407e-05,7.24136381382279e-06,2.95431920532374e-06
"340",2025,340,0,0,5.35659482254808e-05,4.4264485276267e-05,3.71969706970969e-05,4.77195805888199e-05,2.20278604918952e-05,8.87672003787745e-06,0,0,0,0,0,0,0,0,0,0,0,0,0,0,0,0,0,0,5.18223068101127e-06,4.82505270071242e-06,4.24995701174076e-06,6.43768167137057e-06,3.72410530254636e-06,1.98260899789902e-06,0,0,0,0,2.53441815600179e-06,3.17551367351174e-06,1.40795074601865e-06,0,0,0,2.41925964667386e-05,1.97200504739146e-05,1.52063653311174e-05,1.90529959025736e-05,8.44770346228879e-06,3.44695279476358e-06,0,0,2.41911210777309e-05,1.971938210164e-05,1.52062301982369e-05,1.9053389341364e-05,8.44810098104142e-06,3.44715824521484e-06
"341",2025,341,3.81683778364835e-05,0,5.56518244193846e-05,4.61082311043642e-05,3.8779386033061e-05,4.989528346925e-05,2.31392774483322e-05,9.39020793835678e-06,0,0,0,0,0,0,0,0,0,0,0,0,0,0,0,0,3.55505169130541e-06,0,6.00627699118465e-06,5.59811851435875e-06,4.93178122929488e-06,7.47264421717539e-06,4.32410383256328e-06,2.30238105188646e-06,0,0,0,0,2.60366840704785e-06,3.26322717085025e-06,1.44727347787015e-06,0,1.73074905584429e-05,0,2.48232575741729e-05,2.02551703833047e-05,1.56218556269292e-05,1.9579267979948e-05,8.68363797951222e-06,3.54376322961248e-06,1.73058355867351e-05,0,2.48222898540271e-05,2.02549422067007e-05,1.5622080769789e-05,1.95801441012764e-05,8.6842621583865e-06,3.54406365685785e-06
"342",2025,342,3.25995321717565e-05,0,4.77519997135172e-05,3.96683178986303e-05,3.339249151853e-05,4.30937170030883e-05,2.00801379721527e-05,8.2068934717409e-06,0,0,0,0,0,0,0,0,0,0,0,0,0,0,0,0,3.36961603696101e-06,0,5.709128561864e-06,5.3266423148891e-06,4.69349219065311e-06,7.11366297596398e-06,4.11761349260452e-06,2.19277161165527e-06,0,0,0,0,2.20762018421867e-06,2.76765875148662e-06,1.22785238284748e-06,0,1.46155480798975e-05,0,2.10217837638949e-05,1.71709212331176e-05,1.32456098273628e-05,1.66058841656092e-05,7.36711222623588e-06,3.00695312712178e-06,1.4614368054898e-05,0,2.10210873877583e-05,1.71707543506236e-05,1.32457693162954e-05,1.66065111100285e-05,7.36755987046477e-06,3.00716873296386e-06
"343",2025,343,3.00676776790815e-05,0,5.19965539830866e-05,4.33126279726899e-05,3.64436664048254e-05,4.71816123795192e-05,2.20954986830925e-05,9.1085575559042e-06,0,0,0,0,0,0,0,0,0,0,0,0,0,0,0,0,3.99567491466396e-06,0,6.85845986143658e-06,6.40543207133355e-06,5.6450807966377e-06,8.55834060410356e-06,4.95528093480833e-06,2.63925225791621e-06,0,0,0,0,2.32293017917051e-06,2.91304428179954e-06,1.29272984479765e-06,0,1.36334858256414e-05,0,2.24166552811707e-05,1.83287650444225e-05,1.41413479065124e-05,1.77338771231726e-05,7.86984422938203e-06,3.21263065870986e-06,1.24385169387761e-05,0,2.27214388404793e-05,1.85784308569338e-05,1.43343075225048e-05,1.79763503704435e-05,7.97764367410453e-06,3.25667463927813e-06
"344",2025,344,3.43990002347771e-06,0,4.91610393640995e-05,4.11104420578324e-05,3.46470001811935e-05,4.50803819903891e-05,2.1278428382825e-05,8.87292425165358e-06,0,0,0,0,0,0,0,0,0,0,0,0,0,0,0,0,3.43990002347771e-06,0,7.49382823782775e-06,7.00605915256587e-06,6.17557105930482e-06,9.36528622693206e-06,5.42410903027149e-06,2.88939657227819e-06,0,0,0,0,2.15332280472605e-06,2.70112629124593e-06,1.19904251458642e-06,0,0,0,2.07130286461382e-05,1.69533043862798e-05,1.30826014688672e-05,1.64108726937197e-05,7.28488991464875e-06,2.97429409536572e-06,0,0,2.09541824801335e-05,1.71510785189868e-05,1.32355048482954e-05,1.66030967784914e-05,7.37038692331839e-06,3.00923358400967e-06
"345",2025,345,0,0,3.88108445902046e-05,3.26289024858851e-05,2.75754334443822e-05,3.61394089736705e-05,1.72518726055253e-05,7.30874783544829e-06,0,0,0,0,0,0,0,0,0,0,0,0,0,0,0,0,0,0,7.11281529654221e-06,6.6568790027988e-06,5.86888447648496e-06,8.90271287716788e-06,5.15771041027315e-06,2.7479023322254e-06,0,0,0,0,1.66036703943908e-06,2.08335153035119e-06,9.25079953324119e-07,0,0,0,1.58176990960965e-05,1.29602397307754e-05,1.00031169363571e-05,1.25514874700276e-05,5.57330953161189e-06,2.27582694867049e-06,0,0,1.58803301975659e-05,1.30117837523109e-05,1.00430649921011e-05,1.26018570961239e-05,5.5957727103161e-06,2.28501855455239e-06
"346",2025,346,0,0,3.38448934923017e-05,2.86651928388098e-05,2.42993677778753e-05,3.21785889041139e-05,1.56084167910793e-05,6.7632476869251e-06,0,0,0,0,0,0,0,0,0,0,0,0,0,0,0,0,0,0,7.75617528834804e-06,7.26666243140531e-06,6.40765238303632e-06,9.72260791816755e-06,5.63429082491964e-06,3.00224835404471e-06,0,0,0,0,1.37251270512555e-06,1.72263055364189e-06,7.65122773150357e-07,0,0,0,1.30317345198932e-05,1.06888335210613e-05,8.25149244890156e-06,1.03564147581936e-05,4.59991125946131e-06,1.87861853220444e-06,0,0,1.30569836840604e-05,1.07096968863431e-05,8.26771024081189e-06,1.03769356741109e-05,4.60909193354803e-06,1.88238080067594e-06
"347",2025,347,0,0,2.36236863021695e-05,2.00726946735635e-05,1.70352876471118e-05,2.26419104816323e-05,1.10427270843313e-05,4.82021857053424e-06,0,0,0,0,0,0,0,0,0,0,0,0,0,0,0,0,0,0,5.78561604280571e-06,5.42617472363417e-06,4.78559643082476e-06,7.26330084055615e-06,4.21026947439086e-06,2.24377428958052e-06,0,0,0,0,9.40868751975646e-07,1.18118534018096e-06,5.24777607429651e-07,0,0,0,8.91430476601044e-06,7.31934014148742e-06,5.65135848503928e-06,7.09484075838531e-06,3.15210451734119e-06,1.28751024900413e-06,0,0,8.9237654933534e-06,7.32717980844191e-06,5.65746397927209e-06,7.1025835425099e-06,3.15557548516963e-06,1.28893403194959e-06
"348",2025,348,0,0,2.53389922724937e-05,2.15477385048926e-05,1.8288749969421e-05,2.43053871439881e-05,1.18507687920025e-05,5.16973561066357e-06,0,0,0,0,0,0,0,0,0,0,0,0,0,0,0,0,0,0,6.16414092346809e-06,5.78720467683138e-06,5.10489872340939e-06,7.74985542733952e-06,4.49348659733419e-06,2.39503515461653e-06,0,0,0,0,1.01274778670736e-06,1.27174193126447e-06,5.65158735872065e-07,0,0,0,9.58278235791182e-06,7.87640908954906e-06,6.08254220845572e-06,7.63807066224716e-06,3.39434428696571e-06,1.38664512890942e-06,0,0,9.59206899111376e-06,7.88412473851218e-06,6.08856125084851e-06,7.64571912313691e-06,3.39777917183056e-06,1.38805532713762e-06
"349",2025,349,0,0,6.20254819160897e-06,5.8293336957919e-06,5.14297862194341e-06,7.80963421966503e-06,4.52934537862266e-06,2.41448020151301e-06,0,0,0,0,0,0,0,0,0,0,0,0,0,0,0,0,0,0,6.20254819160897e-06,5.8293336957919e-06,5.14297862194341e-06,7.80963421966503e-06,4.52934537862266e-06,2.41448020151301e-06,0,0,0,0,0,0,0,0,0,0,0,0,0,0,0,0,0,0,0,0,0,0,0,0
"350",2025,350,0,0,7.38108625303105e-06,6.9440387899412e-06,6.12745336634305e-06,9.30667301522627e-06,5.39888593429706e-06,2.87837407340145e-06,0,0,0,0,0,0,0,0,0,0,0,0,0,0,0,0,0,0,7.38108625303105e-06,6.9440387899412e-06,6.12745336634305e-06,9.30667301522627e-06,5.39888593429706e-06,2.87837407340145e-06,0,0,0,0,0,0,0,0,0,0,0,0,0,0,0,0,0,0,0,0,0,0,0,0
"351",2025,351,0,0,7.23806915149614e-06,6.81644398733016e-06,6.01587927883584e-06,9.13929310545031e-06,5.30307669567347e-06,2.82765481118559e-06,0,0,0,0,0,0,0,0,0,0,0,0,0,0,0,0,0,0,7.23806915149614e-06,6.81644398733016e-06,6.01587927883584e-06,9.13929310545031e-06,5.30307669567347e-06,2.82765481118559e-06,0,0,0,0,0,0,0,0,0,0,0,0,0,0,0,0,0,0,0,0,0,0,0,0
"352",2025,352,0,0,6.95792651343889e-06,6.55930826133492e-06,5.78993325410593e-06,8.79804308300202e-06,5.10630672417509e-06,2.72308267978871e-06,0,0,0,0,0,0,0,0,0,0,0,0,0,0,0,0,0,0,6.95792651343889e-06,6.55930826133492e-06,5.78993325410593e-06,8.79804308300202e-06,5.10630672417509e-06,2.72308267978871e-06,0,0,0,0,0,0,0,0,0,0,0,0,0,0,0,0,0,0,0,0,0,0,0,0
"353",2025,353,0,0,5.53075959586069e-06,5.21922064059716e-06,4.60782852954243e-06,7.00338161201263e-06,4.0656870354331e-06,2.16841955406419e-06,0,0,0,0,0,0,0,0,0,0,0,0,0,0,0,0,0,0,5.53075959586069e-06,5.21922064059716e-06,4.60782852954243e-06,7.00338161201263e-06,4.0656870354331e-06,2.16841955406419e-06,0,0,0,0,0,0,0,0,0,0,0,0,0,0,0,0,0,0,0,0,0,0,0,0
"354",2025,354,0,0,7.54615719668174e-06,7.12833981345499e-06,6.29440542341684e-06,9.56895572979985e-06,5.5564218817654e-06,2.9638730291391e-06,0,0,0,0,0,0,0,0,0,0,0,0,0,0,0,0,0,0,7.54615719668174e-06,7.12833981345499e-06,6.29440542341684e-06,9.56895572979985e-06,5.5564218817654e-06,2.9638730291391e-06,0,0,0,0,0,0,0,0,0,0,0,0,0,0,0,0,0,0,0,0,0,0,0,0
"355",2025,355,0,0,5.26096395786391e-06,4.97473190732885e-06,4.39352574258511e-06,6.68070572246969e-06,3.88024062448967e-06,2.07004073049143e-06,0,0,0,0,0,0,0,0,0,0,0,0,0,0,0,0,0,0,5.26096395786391e-06,4.97473190732885e-06,4.39352574258511e-06,6.68070572246969e-06,3.88024062448967e-06,2.07004073049143e-06,0,0,0,0,0,0,0,0,0,0,0,0,0,0,0,0,0,0,0,0,0,0,0,0
"356",2025,356,0,0,6.43045998780247e-06,6.08675473156695e-06,5.37658777727147e-06,8.17738123422471e-06,4.75067033469882e-06,2.53472139324133e-06,0,0,0,0,0,0,0,0,0,0,0,0,0,0,0,0,0,0,6.43045998780247e-06,6.08675473156695e-06,5.37658777727147e-06,8.17738123422471e-06,4.75067033469882e-06,2.53472139324133e-06,0,0,0,0,0,0,0,0,0,0,0,0,0,0,0,0,0,0,0,0,0,0,0,0
"357",2025,357,0,0,7.77521718216233e-06,7.36705612301377e-06,6.50869035974755e-06,9.9014786056507e-06,5.7536798024497e-06,3.07027061790296e-06,0,0,0,0,0,0,0,0,0,0,0,0,0,0,0,0,0,0,7.77521718216233e-06,7.36705612301377e-06,6.50869035974755e-06,9.9014786056507e-06,5.7536798024497e-06,3.07027061790296e-06,0,0,0,0,0,0,0,0,0,0,0,0,0,0,0,0,0,0,0,0,0,0,0,0
"358",2025,358,0,0,6.82451075753357e-06,6.47275143758663e-06,5.71963806303989e-06,8.70311275946688e-06,5.05854932163191e-06,2.69968554454357e-06,0,0,0,0,0,0,0,0,0,0,0,0,0,0,0,0,0,0,6.82451075753357e-06,6.47275143758663e-06,5.71963806303989e-06,8.70311275946688e-06,5.05854932163191e-06,2.69968554454357e-06,0,0,0,0,0,0,0,0,0,0,0,0,0,0,0,0,0,0,0,0,0,0,0,0
"359",2025,359,0,0,8.0552093376041e-06,7.6476778102993e-06,6.75911463698548e-06,1.02871511657256e-05,5.98069542638315e-06,3.19223494465335e-06,0,0,0,0,0,0,0,0,0,0,0,0,0,0,0,0,0,0,8.0552093376041e-06,7.6476778102993e-06,6.75911463698548e-06,1.02871511657256e-05,5.98069542638315e-06,3.19223494465335e-06,0,0,0,0,0,0,0,0,0,0,0,0,0,0,0,0,0,0,0,0,0,0,0,0
"360",2025,360,0,0,8.1778838979037e-06,7.77193367626311e-06,6.87022838069474e-06,1.04586677460687e-05,6.08189347331406e-06,3.24667257593261e-06,0,0,0,0,0,0,0,0,0,0,0,0,0,0,0,0,0,0,8.1778838979037e-06,7.77193367626311e-06,6.87022838069474e-06,1.04586677460687e-05,6.08189347331406e-06,3.24667257593261e-06,0,0,0,0,0,0,0,0,0,0,0,0,0,0,0,0,0,0,0,0,0,0,0,0
"361",2025,361,0,0,7.12176975650471e-06,6.77503110868223e-06,5.99012887774882e-06,9.12097716420039e-06,5.30529756038714e-06,2.83247506570897e-06,0,0,0,0,0,0,0,0,0,0,0,0,0,0,0,0,0,0,7.12176975650471e-06,6.77503110868223e-06,5.99012887774882e-06,9.12097716420039e-06,5.30529756038714e-06,2.83247506570897e-06,0,0,0,0,0,0,0,0,0,0,0,0,0,0,0,0,0,0,0,0,0,0,0,0
"362",2025,362,0,0,5.66596719776747e-06,5.39550391640608e-06,4.7713387437179e-06,7.26683076645597e-06,4.22784194392771e-06,2.25751922988963e-06,0,0,0,0,0,0,0,0,0,0,0,0,0,0,0,0,0,0,5.66596719776747e-06,5.39550391640608e-06,4.7713387437179e-06,7.26683076645597e-06,4.22784194392771e-06,2.25751922988963e-06,0,0,0,0,0,0,0,0,0,0,0,0,0,0,0,0,0,0,0,0,0,0,0,0
"363",2025,363,0,0,3.57363209587373e-06,3.40644519189759e-06,3.01296073264065e-06,4.58983698604731e-06,2.67100946256308e-06,1.42640896924936e-06,0,0,0,0,0,0,0,0,0,0,0,0,0,0,0,0,0,0,3.57363209587373e-06,3.40644519189759e-06,3.01296073264065e-06,4.58983698604731e-06,2.67100946256308e-06,1.42640896924936e-06,0,0,0,0,0,0,0,0,0,0,0,0,0,0,0,0,0,0,0,0,0,0,0,0
"364",2025,364,0,0,4.04311167162769e-06,3.85779759011199e-06,3.41283744819044e-06,5.20016943388098e-06,3.02690583855257e-06,1.6166751989157e-06,0,0,0,0,0,0,0,0,0,0,0,0,0,0,0,0,0,0,4.04311167162769e-06,3.85779759011199e-06,3.41283744819044e-06,5.20016943388098e-06,3.02690583855257e-06,1.6166751989157e-06,0,0,0,0,0,0,0,0,0,0,0,0,0,0,0,0,0,0,0,0,0,0,0,0
"365",2025,365,0,0,5.87520659355577e-06,5.61148845823022e-06,4.96522968062985e-06,7.56727698609226e-06,4.40579774549731e-06,2.35344427407531e-06,0,0,0,0,0,0,0,0,0,0,0,0,0,0,0,0,0,0,5.87520659355577e-06,5.61148845823022e-06,4.96522968062985e-06,7.56727698609226e-06,4.40579774549731e-06,2.35344427407531e-06,0,0,0,0,0,0,0,0,0,0,0,0,0,0,0,0,0,0,0,0,0,0,0,0
