system:index,DOY,NDVI,date,.geo
20230102T181749_20230102T181935_T12TYT_5,2,-0.018562168532704773,2023-01-02,"{""type"":""MultiPoint"",""coordinates"":[]}"
20230102T181749_20230102T181935_T12UYB_6,2,-0.05699688142790789,2023-01-02,"{""type"":""MultiPoint"",""coordinates"":[]}"
20230102T181749_20230102T181935_T12UYU_5,2,-0.017892644135188856,2023-01-02,"{""type"":""MultiPoint"",""coordinates"":[]}"
20230102T181749_20230102T181935_T13UCS_6,2,-0.05628616517622305,2023-01-02,"{""type"":""MultiPoint"",""coordinates"":[]}"
20230105T173721_20230105T174210_T13REP_0,5,0.15926892950391647,2023-01-05,"{""type"":""MultiPoint"",""coordinates"":[]}"
20230107T181731_20230107T181733_T12TYT_5,7,-0.021335268505079812,2023-01-07,"{""type"":""MultiPoint"",""coordinates"":[]}"
20230107T181731_20230107T181733_T12UYB_6,7,-0.040702111422030056,2023-01-07,"{""type"":""MultiPoint"",""coordinates"":[]}"
20230107T181731_20230107T181733_T12UYU_5,7,-0.020197616971810477,2023-01-07,"{""type"":""MultiPoint"",""coordinates"":[]}"
20230107T181731_20230107T181733_T13UCS_6,7,-0.04465476719811982,2023-01-07,"{""type"":""MultiPoint"",""coordinates"":[]}"
20230108T174721_20230108T174719_T13SGC_2,8,0.15441539220522946,2023-01-08,"{""type"":""MultiPoint"",""coordinates"":[]}"
20230108T174721_20230108T174719_T13TEF_3,8,0.11803713527851457,2023-01-08,"{""type"":""MultiPoint"",""coordinates"":[]}"
20230110T173709_20230110T173757_T13REP_0,10,0.13608748481166466,2023-01-10,"{""type"":""MultiPoint"",""coordinates"":[]}"
20230113T174659_20230113T175147_T13SGC_2,13,0.1438961038961039,2023-01-13,"{""type"":""MultiPoint"",""coordinates"":[]}"
20230116T175659_20230116T175850_T13TEF_3,16,0.13760504201680665,2023-01-16,"{""type"":""MultiPoint"",""coordinates"":[]}"
20230120T173639_20230120T173711_T13REP_0,20,0.1406528189910979,2023-01-20,"{""type"":""MultiPoint"",""coordinates"":[]}"
20230120T173639_20230120T173711_T13SFT_1,20,0.15914221218961627,2023-01-20,"{""type"":""MultiPoint"",""coordinates"":[]}"
20230120T173639_20230120T173711_T13SGC_2,20,0.15302491103202842,2023-01-20,"{""type"":""MultiPoint"",""coordinates"":[]}"
20230120T182651_20230120T182654_T12UYB_6,20,-0.03458213256484149,2023-01-20,"{""type"":""MultiPoint"",""coordinates"":[]}"
20230120T182651_20230120T182654_T13UCS_6,20,-0.034151034151034126,2023-01-20,"{""type"":""MultiPoint"",""coordinates"":[]}"
20230125T173611_20230125T173725_T13REP_0,25,0.15482695810564667,2023-01-25,"{""type"":""MultiPoint"",""coordinates"":[]}"
20230126T175619_20230126T175849_T13TEF_3,26,-0.010649627263045804,2023-01-26,"{""type"":""MultiPoint"",""coordinates"":[]}"
20230131T175551_20230131T175554_T13TDH_4,31,-0.010973256134546413,2023-01-31,"{""type"":""MultiPoint"",""coordinates"":[]}"
20230131T175551_20230131T175554_T13TDJ_4,31,-0.014451343480411006,2023-01-31,"{""type"":""MultiPoint"",""coordinates"":[]}"
20230131T175551_20230131T175554_T13TEF_3,31,-0.002566295979469646,2023-01-31,"{""type"":""MultiPoint"",""coordinates"":[]}"
20230201T181559_20230201T181930_T12TYT_5,32,-0.00444212176639665,2023-02-01,"{""type"":""MultiPoint"",""coordinates"":[]}"
20230201T181559_20230201T181930_T12UYU_5,32,0.00572608654839012,2023-02-01,"{""type"":""MultiPoint"",""coordinates"":[]}"
20230202T174539_20230202T174536_T13SGC_2,33,0.024734982332155472,2023-02-02,"{""type"":""MultiPoint"",""coordinates"":[]}"
20230202T174539_20230202T174536_T13TEF_3,33,-0.015301530153015303,2023-02-02,"{""type"":""MultiPoint"",""coordinates"":[]}"
20230204T173521_20230204T174425_T13REP_0,35,0.1426592797783934,2023-02-04,"{""type"":""MultiPoint"",""coordinates"":[]}"
20230206T181531_20230206T181651_T12TYT_5,37,0.14401749453295842,2023-02-06,"{""type"":""MultiPoint"",""coordinates"":[]}"
20230206T181531_20230206T181651_T12UYB_6,37,-0.07973421926910296,2023-02-06,"{""type"":""MultiPoint"",""coordinates"":[]}"
20230206T181531_20230206T181651_T12UYU_5,37,0.14618044640050296,2023-02-06,"{""type"":""MultiPoint"",""coordinates"":[]}"
20230206T181531_20230206T181651_T13UCS_6,37,-0.07761710542578176,2023-02-06,"{""type"":""MultiPoint"",""coordinates"":[]}"
20230207T174511_20230207T174510_T13SGC_2,38,0.1463775258748152,2023-02-07,"{""type"":""MultiPoint"",""coordinates"":[]}"
20230207T174511_20230207T174510_T13TEF_3,38,0.029627047751829932,2023-02-07,"{""type"":""MultiPoint"",""coordinates"":[]}"
20230209T173459_20230209T173454_T13REP_0,40,0.14481044126786827,2023-02-09,"{""type"":""MultiPoint"",""coordinates"":[]}"
20230209T182521_20230209T182737_T13UCS_6,40,-0.05071521456436932,2023-02-09,"{""type"":""MultiPoint"",""coordinates"":[]}"
20230210T175501_20230210T175836_T13TDH_4,41,-0.030839694656488545,2023-02-10,"{""type"":""MultiPoint"",""coordinates"":[]}"
20230210T175501_20230210T175836_T13TDJ_4,41,-0.032222629073599386,2023-02-10,"{""type"":""MultiPoint"",""coordinates"":[]}"
20230210T175501_20230210T175836_T13TEF_3,41,0.09076803723816913,2023-02-10,"{""type"":""MultiPoint"",""coordinates"":[]}"
20230211T181459_20230211T181457_T12UYB_6,42,-0.07833251352680765,2023-02-11,"{""type"":""MultiPoint"",""coordinates"":[]}"
20230211T181459_20230211T181457_T13UCS_6,42,-0.07560414984158541,2023-02-11,"{""type"":""MultiPoint"",""coordinates"":[]}"
20230212T174439_20230212T174949_T13SGC_2,43,0.15659209900047594,2023-02-12,"{""type"":""MultiPoint"",""coordinates"":[]}"
20230214T173421_20230214T174005_T13REP_0,45,0.1517747858017136,2023-02-14,"{""type"":""MultiPoint"",""coordinates"":[]}"
20230214T173421_20230214T174005_T13SFT_1,45,0.1654514862591139,2023-02-14,"{""type"":""MultiPoint"",""coordinates"":[]}"
20230214T182449_20230214T182443_T12UYB_6,45,-0.05893909626719062,2023-02-14,"{""type"":""MultiPoint"",""coordinates"":[]}"
20230214T182449_20230214T182443_T13UCS_6,45,-0.061264822134387324,2023-02-14,"{""type"":""MultiPoint"",""coordinates"":[]}"
20230216T181421_20230216T181423_T12TYT_5,47,0.21013412816691504,2023-02-16,"{""type"":""MultiPoint"",""coordinates"":[]}"
20230216T181421_20230216T181423_T12UYU_5,47,0.21272660007399186,2023-02-16,"{""type"":""MultiPoint"",""coordinates"":[]}"
20230217T174411_20230217T175103_T13TEF_3,48,0.12659303313508918,2023-02-17,"{""type"":""MultiPoint"",""coordinates"":[]}"
20230219T173349_20230219T173459_T13SGC_2,50,0.11321370309951063,2023-02-19,"{""type"":""MultiPoint"",""coordinates"":[]}"
20230224T173311_20230224T174143_T13SGC_2,55,0.13799283154121866,2023-02-24,"{""type"":""MultiPoint"",""coordinates"":[]}"
20230225T175319_20230225T175825_T13TDH_4,56,-0.011054281471704343,2023-02-25,"{""type"":""MultiPoint"",""coordinates"":[]}"
20230225T175319_20230225T175825_T13TDJ_4,56,-0.011369253583786423,2023-02-25,"{""type"":""MultiPoint"",""coordinates"":[]}"
20230225T175319_20230225T175825_T13TEF_3,56,-0.02944848351325543,2023-02-25,"{""type"":""MultiPoint"",""coordinates"":[]}"
20230226T181321_20230226T181736_T12UYU_5,57,-0.009293680297397777,2023-02-26,"{""type"":""MultiPoint"",""coordinates"":[]}"
20230227T174251_20230227T174544_T13SGC_2,58,0.1505711318795431,2023-02-27,"{""type"":""MultiPoint"",""coordinates"":[]}"
20230227T174251_20230227T174544_T13TEF_3,58,0.14020344980097302,2023-02-27,"{""type"":""MultiPoint"",""coordinates"":[]}"
20230302T175241_20230302T180046_T13TDH_4,61,-0.024354552106198378,2023-03-02,"{""type"":""MultiPoint"",""coordinates"":[]}"
20230302T175241_20230302T180046_T13TDJ_4,61,-0.024638735835325918,2023-03-02,"{""type"":""MultiPoint"",""coordinates"":[]}"
20230302T175241_20230302T180046_T13TEF_3,61,0.1295097132284921,2023-03-02,"{""type"":""MultiPoint"",""coordinates"":[]}"
20230303T181249_20230303T181759_T12TYT_5,62,0.03507404520654711,2023-03-03,"{""type"":""MultiPoint"",""coordinates"":[]}"
20230303T181249_20230303T181759_T12UYU_5,62,0.028739302592923774,2023-03-03,"{""type"":""MultiPoint"",""coordinates"":[]}"
20230306T173201_20230306T173846_T13SGC_2,65,0.13297394429469897,2023-03-06,"{""type"":""MultiPoint"",""coordinates"":[]}"
20230307T175209_20230307T175207_T13TDH_4,66,-0.007185095695301131,2023-03-07,"{""type"":""MultiPoint"",""coordinates"":[]}"
20230308T181201_20230308T181202_T12UYB_6,67,-0.04963747908533187,2023-03-08,"{""type"":""MultiPoint"",""coordinates"":[]}"
20230308T181201_20230308T181202_T13UCS_6,67,-0.046582984658298444,2023-03-08,"{""type"":""MultiPoint"",""coordinates"":[]}"
20230309T174141_20230309T174157_T13TEF_3,68,0.14716312056737588,2023-03-09,"{""type"":""MultiPoint"",""coordinates"":[]}"
20230311T173129_20230311T173813_T13REP_0,70,0.1289954337899543,2023-03-11,"{""type"":""MultiPoint"",""coordinates"":[]}"
20230312T175131_20230312T175329_T13TDH_4,71,0.07397778303001659,2023-03-12,"{""type"":""MultiPoint"",""coordinates"":[]}"
20230312T175131_20230312T175329_T13TDJ_4,71,0.07236842105263157,2023-03-12,"{""type"":""MultiPoint"",""coordinates"":[]}"
20230312T175131_20230312T175329_T13TEF_3,71,0.11028806584362136,2023-03-12,"{""type"":""MultiPoint"",""coordinates"":[]}"
20230313T181139_20230313T181520_T12TYT_5,72,-0.007213706041478849,2023-03-13,"{""type"":""MultiPoint"",""coordinates"":[]}"
20230313T181139_20230313T181520_T12UYU_5,72,-0.007988055244494245,2023-03-13,"{""type"":""MultiPoint"",""coordinates"":[]}"
20230314T174119_20230314T174130_T13SGC_2,73,0.15257628814407204,2023-03-14,"{""type"":""MultiPoint"",""coordinates"":[]}"
20230316T173051_20230316T174227_T13SFT_1,75,0.1419816138917262,2023-03-16,"{""type"":""MultiPoint"",""coordinates"":[]}"
20230317T175059_20230317T175328_T13TEF_3,76,0.11232187761944684,2023-03-17,"{""type"":""MultiPoint"",""coordinates"":[]}"
20230318T181051_20230318T181611_T12TYT_5,77,9.643201542911899E-4,2023-03-18,"{""type"":""MultiPoint"",""coordinates"":[]}"
20230319T174031_20230319T175141_T13SGC_2,78,0.1307284129281235,2023-03-19,"{""type"":""MultiPoint"",""coordinates"":[]}"
20230319T174031_20230319T175141_T13TEF_3,78,0.11772917636109821,2023-03-19,"{""type"":""MultiPoint"",""coordinates"":[]}"
20230321T182041_20230321T182246_T13UCS_6,80,-0.02469652574298865,2023-03-21,"{""type"":""MultiPoint"",""coordinates"":[]}"
20230324T173909_20230324T174505_T13TEF_3,83,0.13594662218515427,2023-03-24,"{""type"":""MultiPoint"",""coordinates"":[]}"
20230326T172941_20230326T173754_T13REP_0,85,0.1519274376417233,2023-03-26,"{""type"":""MultiPoint"",""coordinates"":[]}"
20230326T172941_20230326T173754_T13SFT_1,85,0.15177713736791548,2023-03-26,"{""type"":""MultiPoint"",""coordinates"":[]}"
20230326T172941_20230326T173754_T13SGC_2,85,0.1423948220064725,2023-03-26,"{""type"":""MultiPoint"",""coordinates"":[]}"
20230328T180941_20230328T181622_T12UYB_6,87,-0.018606663781912586,2023-03-28,"{""type"":""MultiPoint"",""coordinates"":[]}"
20230328T180941_20230328T181622_T13UCS_6,87,-0.015927679724494166,2023-03-28,"{""type"":""MultiPoint"",""coordinates"":[]}"
20230331T172909_20230331T174141_T13REP_0,90,0.14,2023-03-31,"{""type"":""MultiPoint"",""coordinates"":[]}"
20230331T181921_20230331T182455_T12UYB_6,90,-0.034361233480176216,2023-03-31,"{""type"":""MultiPoint"",""coordinates"":[]}"
20230331T181921_20230331T182455_T13UCS_6,90,-0.03245614035087721,2023-03-31,"{""type"":""MultiPoint"",""coordinates"":[]}"
20230401T174911_20230401T175537_T13TEF_3,91,0.12975206611570242,2023-04-01,"{""type"":""MultiPoint"",""coordinates"":[]}"
20230403T173909_20230403T175238_T13SGC_2,93,0.12372505543237254,2023-04-03,"{""type"":""MultiPoint"",""coordinates"":[]}"
20230405T172901_20230405T173926_T13SGC_2,95,0.1365283930728957,2023-04-05,"{""type"":""MultiPoint"",""coordinates"":[]}"
20230406T174909_20230406T175138_T13TDH_4,96,-0.015409652647103695,2023-04-06,"{""type"":""MultiPoint"",""coordinates"":[]}"
20230406T174909_20230406T175138_T13TDJ_4,96,-0.015757575757575762,2023-04-06,"{""type"":""MultiPoint"",""coordinates"":[]}"
20230406T174909_20230406T175138_T13TEF_3,96,0.15402298850574714,2023-04-06,"{""type"":""MultiPoint"",""coordinates"":[]}"
20230407T180911_20230407T181117_T12TYT_5,97,0.22132990684227427,2023-04-07,"{""type"":""MultiPoint"",""coordinates"":[]}"
20230407T180911_20230407T181117_T12UYB_6,97,-0.023351085620647263,2023-04-07,"{""type"":""MultiPoint"",""coordinates"":[]}"
20230407T180911_20230407T181117_T12UYU_5,97,0.22472633612363174,2023-04-07,"{""type"":""MultiPoint"",""coordinates"":[]}"
20230407T180911_20230407T181117_T13UCS_6,97,-0.022094926350245507,2023-04-07,"{""type"":""MultiPoint"",""coordinates"":[]}"
20230408T173901_20230408T174902_T13SGC_2,98,0.12151137827393728,2023-04-08,"{""type"":""MultiPoint"",""coordinates"":[]}"
20230410T172859_20230410T173356_T13SFT_1,100,0.15424285044538208,2023-04-10,"{""type"":""MultiPoint"",""coordinates"":[]}"
20230410T172859_20230410T173356_T13SGC_2,100,0.12854889589905366,2023-04-10,"{""type"":""MultiPoint"",""coordinates"":[]}"
20230410T172859_20230410T174507_T13REP_0,100,0.13914455874390905,2023-04-10,"{""type"":""MultiPoint"",""coordinates"":[]}"
20230411T174911_20230411T175556_T13TDH_4,101,0.18062283737024218,2023-04-11,"{""type"":""MultiPoint"",""coordinates"":[]}"
20230411T174911_20230411T175556_T13TDJ_4,101,0.18415566365531616,2023-04-11,"{""type"":""MultiPoint"",""coordinates"":[]}"
20230411T174911_20230411T175556_T13TEF_3,101,0.11917098445595856,2023-04-11,"{""type"":""MultiPoint"",""coordinates"":[]}"
20230415T172901_20230415T173529_T13REP_0,105,0.12815126050420161,2023-04-15,"{""type"":""MultiPoint"",""coordinates"":[]}"
20230415T172901_20230415T173529_T13SFT_1,105,0.14699231117141567,2023-04-15,"{""type"":""MultiPoint"",""coordinates"":[]}"
20230415T181919_20230415T182242_T12UYB_6,105,0.17167668670674682,2023-04-15,"{""type"":""MultiPoint"",""coordinates"":[]}"
20230415T181919_20230415T182242_T13UCS_6,105,0.17797179314976497,2023-04-15,"{""type"":""MultiPoint"",""coordinates"":[]}"
20230420T172859_20230420T174500_T13REP_0,110,0.14373088685015287,2023-04-20,"{""type"":""MultiPoint"",""coordinates"":[]}"
20230422T180919_20230422T181238_T12UYB_6,112,-0.03244882486732369,2023-04-22,"{""type"":""MultiPoint"",""coordinates"":[]}"
20230422T180919_20230422T181238_T13UCS_6,112,-0.030150381509741517,2023-04-22,"{""type"":""MultiPoint"",""coordinates"":[]}"
20230423T173909_20230423T174122_T13SGC_2,113,0.1427371956339211,2023-04-23,"{""type"":""MultiPoint"",""coordinates"":[]}"
20230425T172901_20230425T173533_T13REP_0,115,0.12326043737574555,2023-04-25,"{""type"":""MultiPoint"",""coordinates"":[]}"
20230430T172859_20230430T173317_T13REP_0,120,0.12727272727272723,2023-04-30,"{""type"":""MultiPoint"",""coordinates"":[]}"
20230430T172859_20230430T173317_T13SFT_1,120,0.1415174765558397,2023-04-30,"{""type"":""MultiPoint"",""coordinates"":[]}"
20230430T172859_20230430T173317_T13SGC_2,120,0.1295546558704454,2023-04-30,"{""type"":""MultiPoint"",""coordinates"":[]}"
20230430T181921_20230430T182900_T12UYB_6,120,0.14570361145703614,2023-04-30,"{""type"":""MultiPoint"",""coordinates"":[]}"
20230430T181921_20230430T182900_T13UCS_6,120,0.14519170333123818,2023-04-30,"{""type"":""MultiPoint"",""coordinates"":[]}"
20230501T174911_20230501T175521_T13TDH_4,121,0.22597402597402597,2023-05-01,"{""type"":""MultiPoint"",""coordinates"":[]}"
20230501T174911_20230501T175521_T13TDJ_4,121,0.22171945701357468,2023-05-01,"{""type"":""MultiPoint"",""coordinates"":[]}"
20230501T174911_20230501T175521_T13TEF_3,121,0.12345185777067516,2023-05-01,"{""type"":""MultiPoint"",""coordinates"":[]}"
20230502T180919_20230502T181325_T12TYT_5,122,0.4026284348864994,2023-05-02,"{""type"":""MultiPoint"",""coordinates"":[]}"
20230502T180919_20230502T181325_T12UYB_6,122,0.1595881595881596,2023-05-02,"{""type"":""MultiPoint"",""coordinates"":[]}"
20230502T180919_20230502T181325_T12UYU_5,122,0.40191387559808606,2023-05-02,"{""type"":""MultiPoint"",""coordinates"":[]}"
20230502T180919_20230502T181325_T13UCS_6,122,0.15612903225806452,2023-05-02,"{""type"":""MultiPoint"",""coordinates"":[]}"
20230505T172901_20230505T173523_T13REP_0,125,0.13829787234042554,2023-05-05,"{""type"":""MultiPoint"",""coordinates"":[]}"
20230505T172901_20230505T173523_T13SFT_1,125,0.14593623709025588,2023-05-05,"{""type"":""MultiPoint"",""coordinates"":[]}"
20230505T172901_20230505T173523_T13SGC_2,125,0.15224358974358976,2023-05-05,"{""type"":""MultiPoint"",""coordinates"":[]}"
20230505T181919_20230505T182519_T12UYB_6,125,0.15566944266495836,2023-05-05,"{""type"":""MultiPoint"",""coordinates"":[]}"
20230505T181919_20230505T182519_T13UCS_6,125,0.1648351648351648,2023-05-05,"{""type"":""MultiPoint"",""coordinates"":[]}"
20230506T174909_20230506T175337_T13TEF_3,126,0.1632329635499208,2023-05-06,"{""type"":""MultiPoint"",""coordinates"":[]}"
20230508T173901_20230508T174901_T13SGC_2,128,0.189068100358423,2023-05-08,"{""type"":""MultiPoint"",""coordinates"":[]}"
20230510T172859_20230510T173751_T13REP_0,130,0.13583815028901736,2023-05-10,"{""type"":""MultiPoint"",""coordinates"":[]}"
20230510T172859_20230510T173751_T13SFT_1,130,0.13298791018998274,2023-05-10,"{""type"":""MultiPoint"",""coordinates"":[]}"
20230515T181919_20230515T182328_T12UYB_6,135,0.21657754010695185,2023-05-15,"{""type"":""MultiPoint"",""coordinates"":[]}"
20230515T181919_20230515T182328_T13UCS_6,135,0.2242990654205608,2023-05-15,"{""type"":""MultiPoint"",""coordinates"":[]}"
20230516T174909_20230516T175652_T13TDJ_4,136,0.3107760205958072,2023-05-16,"{""type"":""MultiPoint"",""coordinates"":[]}"
20230516T174909_20230516T175652_T13TEF_3,136,0.1262392597488433,2023-05-16,"{""type"":""MultiPoint"",""coordinates"":[]}"
20230517T180921_20230517T181307_T12UYB_6,137,0.17358892438764642,2023-05-17,"{""type"":""MultiPoint"",""coordinates"":[]}"
20230517T180921_20230517T181307_T12UYU_5,137,0.1353503184713376,2023-05-17,"{""type"":""MultiPoint"",""coordinates"":[]}"
20230517T180921_20230517T181307_T13UCS_6,137,0.17716747442110933,2023-05-17,"{""type"":""MultiPoint"",""coordinates"":[]}"
20230520T172859_20230520T173827_T13SGC_2,140,0.33434650455927056,2023-05-20,"{""type"":""MultiPoint"",""coordinates"":[]}"
20230521T174911_20230521T175520_T13TDH_4,141,0.2587412587412587,2023-05-21,"{""type"":""MultiPoint"",""coordinates"":[]}"
20230521T174911_20230521T175520_T13TDJ_4,141,0.3020457280385078,2023-05-21,"{""type"":""MultiPoint"",""coordinates"":[]}"
20230521T174911_20230521T175520_T13TEF_3,141,0.2079207920792079,2023-05-21,"{""type"":""MultiPoint"",""coordinates"":[]}"
20230522T180919_20230522T181147_T12TYT_5,142,0.40583232077764275,2023-05-22,"{""type"":""MultiPoint"",""coordinates"":[]}"
20230522T180919_20230522T181147_T12UYU_5,142,0.42453987730061354,2023-05-22,"{""type"":""MultiPoint"",""coordinates"":[]}"
20230523T173909_20230523T174707_T13TEF_3,143,0.23842862699338782,2023-05-23,"{""type"":""MultiPoint"",""coordinates"":[]}"
20230526T174909_20230526T175710_T13TDH_4,146,0.2985611510791367,2023-05-26,"{""type"":""MultiPoint"",""coordinates"":[]}"
20230526T174909_20230526T175710_T13TDJ_4,146,0.3594377510040161,2023-05-26,"{""type"":""MultiPoint"",""coordinates"":[]}"
20230526T174909_20230526T175710_T13TEF_3,146,0.22821240372922574,2023-05-26,"{""type"":""MultiPoint"",""coordinates"":[]}"
20230528T173911_20230528T174651_T13SGC_2,148,0.4247080516287645,2023-05-28,"{""type"":""MultiPoint"",""coordinates"":[]}"
20230528T173911_20230528T174651_T13TEF_3,148,0.2566915313734094,2023-05-28,"{""type"":""MultiPoint"",""coordinates"":[]}"
20230530T172859_20230530T173732_T13REP_0,150,0.23235445646573932,2023-05-30,"{""type"":""MultiPoint"",""coordinates"":[]}"
20230530T172859_20230530T173732_T13SFT_1,150,0.22646784715750226,2023-05-30,"{""type"":""MultiPoint"",""coordinates"":[]}"
20230530T172859_20230530T173732_T13SGC_2,150,0.39187295656235394,2023-05-30,"{""type"":""MultiPoint"",""coordinates"":[]}"
20230530T181921_20230530T182422_T12UYB_6,150,0.30374904361132365,2023-05-30,"{""type"":""MultiPoint"",""coordinates"":[]}"
20230530T181921_20230530T182422_T13UCS_6,150,0.3240954580446497,2023-05-30,"{""type"":""MultiPoint"",""coordinates"":[]}"
20230531T174911_20230531T175227_T13TDH_4,151,0.35006784260515605,2023-05-31,"{""type"":""MultiPoint"",""coordinates"":[]}"
20230531T174911_20230531T175227_T13TDJ_4,151,0.3569482288828338,2023-05-31,"{""type"":""MultiPoint"",""coordinates"":[]}"
20230531T174911_20230531T175227_T13TEF_3,151,0.2839042702956358,2023-05-31,"{""type"":""MultiPoint"",""coordinates"":[]}"
20230604T172901_20230604T173826_T13REP_0,155,0.1959183673469388,2023-06-04,"{""type"":""MultiPoint"",""coordinates"":[]}"
20230604T181919_20230604T182340_T12UYB_6,155,0.3727923627684965,2023-06-04,"{""type"":""MultiPoint"",""coordinates"":[]}"
20230604T181919_20230604T182340_T13UCS_6,155,0.3841754051477598,2023-06-04,"{""type"":""MultiPoint"",""coordinates"":[]}"
20230605T174909_20230605T175800_T13TDH_4,156,0.40878828229027964,2023-06-05,"{""type"":""MultiPoint"",""coordinates"":[]}"
20230605T174909_20230605T175800_T13TDJ_4,156,0.41184298070525616,2023-06-05,"{""type"":""MultiPoint"",""coordinates"":[]}"
20230606T180921_20230606T181425_T12TYT_5,157,0.3607990012484394,2023-06-06,"{""type"":""MultiPoint"",""coordinates"":[]}"
20230606T180921_20230606T181425_T12UYU_5,157,0.36713615023474183,2023-06-06,"{""type"":""MultiPoint"",""coordinates"":[]}"
20230607T173911_20230607T174416_T13TEF_3,158,0.34901960784313724,2023-06-07,"{""type"":""MultiPoint"",""coordinates"":[]}"
20230609T181921_20230609T182201_T12UYB_6,160,0.37288135593220334,2023-06-09,"{""type"":""MultiPoint"",""coordinates"":[]}"
20230609T181921_20230609T182201_T13UCS_6,160,0.3957446808510638,2023-06-09,"{""type"":""MultiPoint"",""coordinates"":[]}"
20230610T174911_20230610T175445_T13TEF_3,161,0.3604500216356556,2023-06-10,"{""type"":""MultiPoint"",""coordinates"":[]}"
20230611T180919_20230611T181237_T12TYT_5,162,0.4301913536498937,2023-06-11,"{""type"":""MultiPoint"",""coordinates"":[]}"
20230611T180919_20230611T181237_T12UYB_6,162,0.40056417489421714,2023-06-11,"{""type"":""MultiPoint"",""coordinates"":[]}"
20230611T180919_20230611T181237_T12UYU_5,162,0.4311016648955013,2023-06-11,"{""type"":""MultiPoint"",""coordinates"":[]}"
20230611T180919_20230611T181237_T13UCS_6,162,0.41748942172073344,2023-06-11,"{""type"":""MultiPoint"",""coordinates"":[]}"
20230614T172901_20230614T174254_T13SFT_1,165,0.24224719101123593,2023-06-14,"{""type"":""MultiPoint"",""coordinates"":[]}"
20230614T172901_20230614T174254_T13SGC_2,165,0.4845580404685836,2023-06-14,"{""type"":""MultiPoint"",""coordinates"":[]}"
20230616T180921_20230616T181103_T12TYT_5,167,0.436164067013287,2023-06-16,"{""type"":""MultiPoint"",""coordinates"":[]}"
20230616T180921_20230616T181103_T12UYB_6,167,0.40506329113924056,2023-06-16,"{""type"":""MultiPoint"",""coordinates"":[]}"
20230616T180921_20230616T181103_T12UYU_5,167,0.43352601156069365,2023-06-16,"{""type"":""MultiPoint"",""coordinates"":[]}"
20230616T180921_20230616T181103_T13UCS_6,167,0.37805730258560444,2023-06-16,"{""type"":""MultiPoint"",""coordinates"":[]}"
20230619T172859_20230619T173914_T13SFT_1,170,0.2260034904013962,2023-06-19,"{""type"":""MultiPoint"",""coordinates"":[]}"
20230619T172859_20230619T173914_T13SGC_2,170,0.46942705825710157,2023-06-19,"{""type"":""MultiPoint"",""coordinates"":[]}"
20230619T181921_20230619T182514_T12UYB_6,170,0.41540785498489424,2023-06-19,"{""type"":""MultiPoint"",""coordinates"":[]}"
20230619T181921_20230619T182514_T13UCS_6,170,0.4300831443688587,2023-06-19,"{""type"":""MultiPoint"",""coordinates"":[]}"
20230621T180919_20230621T181309_T12TYT_5,172,0.39705882352941174,2023-06-21,"{""type"":""MultiPoint"",""coordinates"":[]}"
20230621T180919_20230621T181309_T12UYU_5,172,0.3985330073349634,2023-06-21,"{""type"":""MultiPoint"",""coordinates"":[]}"
20230625T174909_20230625T175706_T13TDH_4,176,0.3968926553672316,2023-06-25,"{""type"":""MultiPoint"",""coordinates"":[]}"
20230625T174909_20230625T175706_T13TDJ_4,176,0.4170854271356784,2023-06-25,"{""type"":""MultiPoint"",""coordinates"":[]}"
20230625T174909_20230625T175706_T13TEF_3,176,0.4715660542432195,2023-06-25,"{""type"":""MultiPoint"",""coordinates"":[]}"
20230626T180921_20230626T181453_T12UYB_6,177,0.33616418966737444,2023-06-26,"{""type"":""MultiPoint"",""coordinates"":[]}"
20230626T180921_20230626T181453_T13UCS_6,177,0.3504639543183441,2023-06-26,"{""type"":""MultiPoint"",""coordinates"":[]}"
20230627T173911_20230627T175228_T13TEF_3,178,0.4900662251655629,2023-06-27,"{""type"":""MultiPoint"",""coordinates"":[]}"
20230629T172859_20230629T174157_T13REP_0,180,0.1474940334128878,2023-06-29,"{""type"":""MultiPoint"",""coordinates"":[]}"
20230629T181921_20230629T181920_T12UYB_6,180,0.35135135135135137,2023-06-29,"{""type"":""MultiPoint"",""coordinates"":[]}"
20230629T181921_20230629T181920_T13UCS_6,180,0.3495038588754135,2023-06-29,"{""type"":""MultiPoint"",""coordinates"":[]}"
20230629T181921_20230629T183002_T12UYB_6,180,0.3509933774834437,2023-06-29,"{""type"":""MultiPoint"",""coordinates"":[]}"
20230629T181921_20230629T183002_T13UCS_6,180,0.35259259259259257,2023-06-29,"{""type"":""MultiPoint"",""coordinates"":[]}"
20230701T180919_20230701T181259_T12TYT_5,182,0.3621301775147929,2023-07-01,"{""type"":""MultiPoint"",""coordinates"":[]}"
20230701T180919_20230701T181259_T12UYB_6,182,0.32413793103448274,2023-07-01,"{""type"":""MultiPoint"",""coordinates"":[]}"
20230701T180919_20230701T181259_T12UYU_5,182,0.3608490566037736,2023-07-01,"{""type"":""MultiPoint"",""coordinates"":[]}"
20230701T180919_20230701T181259_T13UCS_6,182,0.34067446662078466,2023-07-01,"{""type"":""MultiPoint"",""coordinates"":[]}"
20230702T173909_20230702T174715_T13SGC_2,183,0.4310972438897556,2023-07-02,"{""type"":""MultiPoint"",""coordinates"":[]}"
20230702T173909_20230702T174715_T13TEF_3,183,0.44353518821603927,2023-07-02,"{""type"":""MultiPoint"",""coordinates"":[]}"
20230704T172901_20230704T174049_T13REP_0,185,0.08196721311475408,2023-07-04,"{""type"":""MultiPoint"",""coordinates"":[]}"
20230704T172901_20230704T174049_T13SFT_1,185,0.18885448916408665,2023-07-04,"{""type"":""MultiPoint"",""coordinates"":[]}"
20230704T172901_20230704T174049_T13SGC_2,185,0.4038371548900327,2023-07-04,"{""type"":""MultiPoint"",""coordinates"":[]}"
20230706T180921_20230706T181429_T12UYU_5,187,0.3203991130820399,2023-07-06,"{""type"":""MultiPoint"",""coordinates"":[]}"
20230707T173911_20230707T174422_T13TEF_3,188,0.4732441471571906,2023-07-07,"{""type"":""MultiPoint"",""coordinates"":[]}"
20230709T172859_20230709T173904_T13REP_0,190,0.13984410820724438,2023-07-09,"{""type"":""MultiPoint"",""coordinates"":[]}"
20230709T172859_20230709T173904_T13SFT_1,190,0.22834008097165995,2023-07-09,"{""type"":""MultiPoint"",""coordinates"":[]}"
20230709T172859_20230709T173904_T13SGC_2,190,0.2139433551198257,2023-07-09,"{""type"":""MultiPoint"",""coordinates"":[]}"
20230709T181921_20230709T182525_T12UYB_6,190,0.3100824350031706,2023-07-09,"{""type"":""MultiPoint"",""coordinates"":[]}"
20230709T181921_20230709T182525_T13UCS_6,190,0.3188775510204082,2023-07-09,"{""type"":""MultiPoint"",""coordinates"":[]}"
20230710T174911_20230710T175432_T13TDH_4,191,0.44023323615160354,2023-07-10,"{""type"":""MultiPoint"",""coordinates"":[]}"
20230710T174911_20230710T175432_T13TDJ_4,191,0.43145743145743143,2023-07-10,"{""type"":""MultiPoint"",""coordinates"":[]}"
20230711T180919_20230711T181219_T12UYU_5,192,0.17209302325581394,2023-07-11,"{""type"":""MultiPoint"",""coordinates"":[]}"
20230712T173909_20230712T174721_T13SGC_2,193,0.43307943416757344,2023-07-12,"{""type"":""MultiPoint"",""coordinates"":[]}"
20230712T173909_20230712T174721_T13TEF_3,193,0.48242270224481154,2023-07-12,"{""type"":""MultiPoint"",""coordinates"":[]}"
20230714T172901_20230714T174053_T13REP_0,195,0.1358721203573108,2023-07-14,"{""type"":""MultiPoint"",""coordinates"":[]}"
20230715T174909_20230715T175717_T13TDH_4,196,0.3748411689961881,2023-07-15,"{""type"":""MultiPoint"",""coordinates"":[]}"
20230715T174909_20230715T175717_T13TDJ_4,196,0.46949780923491735,2023-07-15,"{""type"":""MultiPoint"",""coordinates"":[]}"
20230715T174909_20230715T175717_T13TEF_3,196,0.4152733845458653,2023-07-15,"{""type"":""MultiPoint"",""coordinates"":[]}"
20230716T180921_20230716T181346_T12TYT_5,197,0.23562676720075396,2023-07-16,"{""type"":""MultiPoint"",""coordinates"":[]}"
20230716T180921_20230716T181346_T12UYU_5,197,0.24517647058823533,2023-07-16,"{""type"":""MultiPoint"",""coordinates"":[]}"
20230717T173911_20230717T174435_T13SGC_2,198,0.43273905996758516,2023-07-17,"{""type"":""MultiPoint"",""coordinates"":[]}"
20230717T173911_20230717T174435_T13TEF_3,198,0.3752122241086588,2023-07-17,"{""type"":""MultiPoint"",""coordinates"":[]}"
20230719T172859_20230719T173904_T13REP_0,200,0.1432519576232151,2023-07-19,"{""type"":""MultiPoint"",""coordinates"":[]}"
20230719T172859_20230719T173904_T13SFT_1,200,0.21099365750528543,2023-07-19,"{""type"":""MultiPoint"",""coordinates"":[]}"
20230721T180919_20230721T181148_T12TYT_5,202,0.2372528616024974,2023-07-21,"{""type"":""MultiPoint"",""coordinates"":[]}"
20230721T180919_20230721T181148_T12UYB_6,202,0.3305613305613305,2023-07-21,"{""type"":""MultiPoint"",""coordinates"":[]}"
20230721T180919_20230721T181148_T12UYU_5,202,0.23868954758190325,2023-07-21,"{""type"":""MultiPoint"",""coordinates"":[]}"
20230721T180919_20230721T181148_T13UCS_6,202,0.3503909026297086,2023-07-21,"{""type"":""MultiPoint"",""coordinates"":[]}"
20230722T173909_20230722T174708_T13SGC_2,203,0.41438929168990524,2023-07-22,"{""type"":""MultiPoint"",""coordinates"":[]}"
20230722T173909_20230722T174708_T13TEF_3,203,0.44455445544554456,2023-07-22,"{""type"":""MultiPoint"",""coordinates"":[]}"
20230724T172901_20230724T173509_T13REP_0,205,0.1317614424410541,2023-07-24,"{""type"":""MultiPoint"",""coordinates"":[]}"
20230724T172901_20230724T173509_T13SFT_1,205,0.19661016949152543,2023-07-24,"{""type"":""MultiPoint"",""coordinates"":[]}"
20230724T172901_20230724T173509_T13SGC_2,205,0.35710796287249635,2023-07-24,"{""type"":""MultiPoint"",""coordinates"":[]}"
20230725T174909_20230725T175704_T13TDH_4,206,0.31065468549422337,2023-07-25,"{""type"":""MultiPoint"",""coordinates"":[]}"
20230725T174909_20230725T175704_T13TDJ_4,206,0.31704180064308685,2023-07-25,"{""type"":""MultiPoint"",""coordinates"":[]}"
20230725T174909_20230725T175704_T13TEF_3,206,0.36038961038961037,2023-07-25,"{""type"":""MultiPoint"",""coordinates"":[]}"
20230726T180921_20230726T181259_T12TYT_5,207,0.1989150090415913,2023-07-26,"{""type"":""MultiPoint"",""coordinates"":[]}"
20230726T180921_20230726T181259_T12UYB_6,207,0.2861271676300578,2023-07-26,"{""type"":""MultiPoint"",""coordinates"":[]}"
20230726T180921_20230726T181259_T12UYU_5,207,0.19981793354574418,2023-07-26,"{""type"":""MultiPoint"",""coordinates"":[]}"
20230726T180921_20230726T181259_T13UCS_6,207,0.2985507246376811,2023-07-26,"{""type"":""MultiPoint"",""coordinates"":[]}"
20230727T173911_20230727T174635_T13SGC_2,208,0.3460317460317461,2023-07-27,"{""type"":""MultiPoint"",""coordinates"":[]}"
20230727T173911_20230727T174635_T13TEF_3,208,0.3401797175866495,2023-07-27,"{""type"":""MultiPoint"",""coordinates"":[]}"
20230729T172859_20230729T173354_T13SFT_1,210,0.18584790565270443,2023-07-29,"{""type"":""MultiPoint"",""coordinates"":[]}"
20230729T172859_20230729T173354_T13SGC_2,210,0.31905195989061075,2023-07-29,"{""type"":""MultiPoint"",""coordinates"":[]}"
20230729T172859_20230729T174505_T13REP_0,210,0.14220393232738912,2023-07-29,"{""type"":""MultiPoint"",""coordinates"":[]}"
20230730T174911_20230730T175418_T13TDH_4,211,0.2664092664092664,2023-07-30,"{""type"":""MultiPoint"",""coordinates"":[]}"
20230730T174911_20230730T175418_T13TDJ_4,211,0.26295585412667943,2023-07-30,"{""type"":""MultiPoint"",""coordinates"":[]}"
20230730T174911_20230730T175418_T13TEF_3,211,0.3284671532846716,2023-07-30,"{""type"":""MultiPoint"",""coordinates"":[]}"
20230731T180919_20230731T181125_T12TYT_5,212,0.23377369327972433,2023-07-31,"{""type"":""MultiPoint"",""coordinates"":[]}"
20230731T180919_20230731T181125_T12UYB_6,212,0.28794326241134754,2023-07-31,"{""type"":""MultiPoint"",""coordinates"":[]}"
20230731T180919_20230731T181125_T12UYU_5,212,0.23475258918296893,2023-07-31,"{""type"":""MultiPoint"",""coordinates"":[]}"
20230731T180919_20230731T181125_T13UCS_6,212,0.2958748221906116,2023-07-31,"{""type"":""MultiPoint"",""coordinates"":[]}"
20230801T173909_20230801T174638_T13SGC_2,213,0.29664832416208103,2023-08-01,"{""type"":""MultiPoint"",""coordinates"":[]}"
20230801T173909_20230801T174638_T13TEF_3,213,0.45113924050632914,2023-08-01,"{""type"":""MultiPoint"",""coordinates"":[]}"
20230803T172901_20230803T173354_T13REP_0,215,0.13136209403780902,2023-08-03,"{""type"":""MultiPoint"",""coordinates"":[]}"
20230803T172901_20230803T173354_T13SFT_1,215,0.13692946058091285,2023-08-03,"{""type"":""MultiPoint"",""coordinates"":[]}"
20230803T181919_20230803T182832_T12UYB_6,215,0.27460426703372337,2023-08-03,"{""type"":""MultiPoint"",""coordinates"":[]}"
20230804T174909_20230804T175655_T13TEF_3,216,0.3634703196347032,2023-08-04,"{""type"":""MultiPoint"",""coordinates"":[]}"
20230806T173911_20230806T174909_T13TEF_3,218,0.4276284771334276,2023-08-06,"{""type"":""MultiPoint"",""coordinates"":[]}"
20230808T172859_20230808T173854_T13REP_0,220,0.12523719165085387,2023-08-08,"{""type"":""MultiPoint"",""coordinates"":[]}"
20230808T172859_20230808T173854_T13SGC_2,220,0.3239709443099273,2023-08-08,"{""type"":""MultiPoint"",""coordinates"":[]}"
20230809T174911_20230809T175605_T13TDH_4,221,0.29696969696969694,2023-08-09,"{""type"":""MultiPoint"",""coordinates"":[]}"
20230809T174911_20230809T175605_T13TDJ_4,221,0.29791526563550774,2023-08-09,"{""type"":""MultiPoint"",""coordinates"":[]}"
20230809T174911_20230809T175605_T13TEF_3,221,0.39897435897435896,2023-08-09,"{""type"":""MultiPoint"",""coordinates"":[]}"
20230810T180919_20230810T182019_T12TYT_5,222,0.18993586581154412,2023-08-10,"{""type"":""MultiPoint"",""coordinates"":[]}"
20230810T180919_20230810T182019_T12UYU_5,222,0.18953603158933854,2023-08-10,"{""type"":""MultiPoint"",""coordinates"":[]}"
20230811T173909_20230811T174653_T13TEF_3,223,0.38017682643089806,2023-08-11,"{""type"":""MultiPoint"",""coordinates"":[]}"
20230813T172901_20230813T174104_T13REP_0,225,0.12110726643598616,2023-08-13,"{""type"":""MultiPoint"",""coordinates"":[]}"
20230814T174909_20230814T175309_T13TDH_4,226,0.2785670166769611,2023-08-14,"{""type"":""MultiPoint"",""coordinates"":[]}"
20230814T174909_20230814T175309_T13TDJ_4,226,0.2754158964879852,2023-08-14,"{""type"":""MultiPoint"",""coordinates"":[]}"
20230814T174909_20230814T175309_T13TEF_3,226,0.436844732900649,2023-08-14,"{""type"":""MultiPoint"",""coordinates"":[]}"
20230815T180921_20230815T181749_T12TYT_5,227,0.1761194029850746,2023-08-15,"{""type"":""MultiPoint"",""coordinates"":[]}"
20230815T180921_20230815T181749_T12UYB_6,227,0.25417151726814124,2023-08-15,"{""type"":""MultiPoint"",""coordinates"":[]}"
20230815T180921_20230815T181749_T12UYU_5,227,0.17594433399602388,2023-08-15,"{""type"":""MultiPoint"",""coordinates"":[]}"
20230815T180921_20230815T181749_T13UCS_6,227,0.25687352710133543,2023-08-15,"{""type"":""MultiPoint"",""coordinates"":[]}"
20230816T173911_20230816T175049_T13SGC_2,228,0.29116684841875684,2023-08-16,"{""type"":""MultiPoint"",""coordinates"":[]}"
20230816T173911_20230816T175049_T13TEF_3,228,0.37137511693171193,2023-08-16,"{""type"":""MultiPoint"",""coordinates"":[]}"
20230818T172859_20230818T174317_T13REP_0,230,0.14835680751173708,2023-08-18,"{""type"":""MultiPoint"",""coordinates"":[]}"
20230818T172859_20230818T174317_T13SFT_1,230,0.16267942583732062,2023-08-18,"{""type"":""MultiPoint"",""coordinates"":[]}"
20230818T172859_20230818T174317_T13SGC_2,230,0.26859308384651814,2023-08-18,"{""type"":""MultiPoint"",""coordinates"":[]}"
20230819T174911_20230819T175603_T13TDJ_4,231,0.15313653136531363,2023-08-19,"{""type"":""MultiPoint"",""coordinates"":[]}"
20230819T174911_20230819T175603_T13TEF_3,231,0.3368072003789673,2023-08-19,"{""type"":""MultiPoint"",""coordinates"":[]}"
20230821T173909_20230821T175105_T13SGC_2,233,0.25267993874425726,2023-08-21,"{""type"":""MultiPoint"",""coordinates"":[]}"
20230821T173909_20230821T175105_T13TEF_3,233,0.3612517257248044,2023-08-21,"{""type"":""MultiPoint"",""coordinates"":[]}"
20230824T174909_20230824T175448_T13TEF_3,236,0.32124105011933174,2023-08-24,"{""type"":""MultiPoint"",""coordinates"":[]}"
20230825T180921_20230825T180920_T12TYT_5,237,0.17598343685300208,2023-08-25,"{""type"":""MultiPoint"",""coordinates"":[]}"
20230825T180921_20230825T180920_T12UYU_5,237,0.1775025799793602,2023-08-25,"{""type"":""MultiPoint"",""coordinates"":[]}"
20230828T172859_20230828T173914_T13SGC_2,240,0.24386724386724384,2023-08-28,"{""type"":""MultiPoint"",""coordinates"":[]}"
20230828T181921_20230828T182431_T12UYB_6,240,0.2849740932642487,2023-08-28,"{""type"":""MultiPoint"",""coordinates"":[]}"
20230828T181921_20230828T182431_T13UCS_6,240,0.2842105263157894,2023-08-28,"{""type"":""MultiPoint"",""coordinates"":[]}"
20230829T174911_20230829T175555_T13TDH_4,241,0.24288550628722697,2023-08-29,"{""type"":""MultiPoint"",""coordinates"":[]}"
20230829T174911_20230829T175555_T13TDJ_4,241,0.24238410596026486,2023-08-29,"{""type"":""MultiPoint"",""coordinates"":[]}"
20230829T174911_20230829T175555_T13TEF_3,241,0.3642081189251001,2023-08-29,"{""type"":""MultiPoint"",""coordinates"":[]}"
20230830T180919_20230830T181715_T12UYU_5,242,0.16281310211946048,2023-08-30,"{""type"":""MultiPoint"",""coordinates"":[]}"
20230831T173909_20230831T174801_T13SGC_2,243,0.21850899742930588,2023-08-31,"{""type"":""MultiPoint"",""coordinates"":[]}"
20230831T173909_20230831T174801_T13TEF_3,243,0.36395759717314485,2023-08-31,"{""type"":""MultiPoint"",""coordinates"":[]}"
20230902T172901_20230902T173922_T13REP_0,245,0.1435717858929465,2023-09-02,"{""type"":""MultiPoint"",""coordinates"":[]}"
20230902T172901_20230902T173922_T13SFT_1,245,0.1611842105263158,2023-09-02,"{""type"":""MultiPoint"",""coordinates"":[]}"
20230902T172901_20230902T173922_T13SGC_2,245,0.2250922509225092,2023-09-02,"{""type"":""MultiPoint"",""coordinates"":[]}"
20230902T181919_20230902T182553_T12UYB_6,245,0.3083197389885807,2023-09-02,"{""type"":""MultiPoint"",""coordinates"":[]}"
20230902T181919_20230902T182553_T13UCS_6,245,0.30743801652892566,2023-09-02,"{""type"":""MultiPoint"",""coordinates"":[]}"
20230903T174909_20230903T175246_T13TDH_4,246,0.20226130653266325,2023-09-03,"{""type"":""MultiPoint"",""coordinates"":[]}"
20230903T174909_20230903T175246_T13TDJ_4,246,0.20325203252032514,2023-09-03,"{""type"":""MultiPoint"",""coordinates"":[]}"
20230903T174909_20230903T175246_T13TEF_3,246,0.29133858267716534,2023-09-03,"{""type"":""MultiPoint"",""coordinates"":[]}"
20230905T173911_20230905T174900_T13SGC_2,248,0.21439280359820087,2023-09-05,"{""type"":""MultiPoint"",""coordinates"":[]}"
20230907T172859_20230907T173853_T13REP_0,250,0.12981744421906694,2023-09-07,"{""type"":""MultiPoint"",""coordinates"":[]}"
20230907T172859_20230907T173853_T13SFT_1,250,0.16860683439729623,2023-09-07,"{""type"":""MultiPoint"",""coordinates"":[]}"
20230907T172859_20230907T173853_T13SGC_2,250,0.2158744003488879,2023-09-07,"{""type"":""MultiPoint"",""coordinates"":[]}"
20230907T181921_20230907T182253_T12UYB_6,250,0.3583938487825716,2023-09-07,"{""type"":""MultiPoint"",""coordinates"":[]}"
20230907T181921_20230907T182253_T13UCS_6,250,0.36332179930795844,2023-09-07,"{""type"":""MultiPoint"",""coordinates"":[]}"
20230908T174911_20230908T175950_T13TDH_4,251,0.23607427055702923,2023-09-08,"{""type"":""MultiPoint"",""coordinates"":[]}"
20230908T174911_20230908T175950_T13TDJ_4,251,0.23619427811044577,2023-09-08,"{""type"":""MultiPoint"",""coordinates"":[]}"
20230908T174911_20230908T175950_T13TEF_3,251,0.2922143579373104,2023-09-08,"{""type"":""MultiPoint"",""coordinates"":[]}"
20230909T180919_20230909T181551_T12TYT_5,252,0.17255936675461744,2023-09-09,"{""type"":""MultiPoint"",""coordinates"":[]}"
20230913T174909_20230913T175114_T13TDH_4,256,0.24514991181657853,2023-09-13,"{""type"":""MultiPoint"",""coordinates"":[]}"
20230913T174909_20230913T175114_T13TDJ_4,256,0.2511737089201878,2023-09-13,"{""type"":""MultiPoint"",""coordinates"":[]}"
20230913T174909_20230913T175114_T13TEF_3,256,0.26759167492566904,2023-09-13,"{""type"":""MultiPoint"",""coordinates"":[]}"
20230914T180951_20230914T181031_T12TYT_5,257,0.15157384987893466,2023-09-14,"{""type"":""MultiPoint"",""coordinates"":[]}"
20230914T180951_20230914T181031_T12UYB_6,257,0.30625507717303,2023-09-14,"{""type"":""MultiPoint"",""coordinates"":[]}"
20230914T180951_20230914T181031_T13UCS_6,257,0.3076292042657916,2023-09-14,"{""type"":""MultiPoint"",""coordinates"":[]}"
20230917T172859_20230917T173309_T13SGC_2,260,0.22984092155787164,2023-09-17,"{""type"":""MultiPoint"",""coordinates"":[]}"
20230917T172859_20230917T174322_T13SGC_2,260,0.22521551724137928,2023-09-17,"{""type"":""MultiPoint"",""coordinates"":[]}"
20230917T182021_20230917T182953_T12UYB_6,260,0.297553275453828,2023-09-17,"{""type"":""MultiPoint"",""coordinates"":[]}"
20230917T182021_20230917T182953_T13UCS_6,260,0.302547770700637,2023-09-17,"{""type"":""MultiPoint"",""coordinates"":[]}"
20230918T175011_20230918T180113_T13TDH_4,261,0.242212333121424,2023-09-18,"{""type"":""MultiPoint"",""coordinates"":[]}"
20230918T175011_20230918T180113_T13TDJ_4,261,0.23767383059418457,2023-09-18,"{""type"":""MultiPoint"",""coordinates"":[]}"
20230919T180929_20230919T181304_T12TYT_5,262,0.15349773527931557,2023-09-19,"{""type"":""MultiPoint"",""coordinates"":[]}"
20230919T180929_20230919T181304_T12UYU_5,262,0.15888778550148958,2023-09-19,"{""type"":""MultiPoint"",""coordinates"":[]}"
20230920T173929_20230920T174508_T13SGC_2,263,0.23875870804306523,2023-09-20,"{""type"":""MultiPoint"",""coordinates"":[]}"
20230920T173929_20230920T174508_T13TEF_3,263,0.3019079685746353,2023-09-20,"{""type"":""MultiPoint"",""coordinates"":[]}"
20230922T173031_20230922T173104_T13REP_0,265,0.15657142857142856,2023-09-22,"{""type"":""MultiPoint"",""coordinates"":[]}"
20230922T173031_20230922T173104_T13SFT_1,265,0.2086693548387097,2023-09-22,"{""type"":""MultiPoint"",""coordinates"":[]}"
20230922T173031_20230922T173104_T13SGC_2,265,0.20465362242199894,2023-09-22,"{""type"":""MultiPoint"",""coordinates"":[]}"
20230922T181959_20230922T182801_T12UYB_6,265,0.29211746522411125,2023-09-22,"{""type"":""MultiPoint"",""coordinates"":[]}"
20230922T181959_20230922T182801_T13UCS_6,265,0.3016738030362008,2023-09-22,"{""type"":""MultiPoint"",""coordinates"":[]}"
20230923T174949_20230923T175459_T13TEF_3,266,0.26482617586912066,2023-09-23,"{""type"":""MultiPoint"",""coordinates"":[]}"
20230925T174101_20230925T174435_T13SGC_2,268,0.19616685456595262,2023-09-25,"{""type"":""MultiPoint"",""coordinates"":[]}"
20230925T174101_20230925T174435_T13TEF_3,268,0.2503522780648192,2023-09-25,"{""type"":""MultiPoint"",""coordinates"":[]}"
20230927T173009_20230927T173854_T13REP_0,270,0.19128065395095364,2023-09-27,"{""type"":""MultiPoint"",""coordinates"":[]}"
20230927T173009_20230927T173854_T13SFT_1,270,0.2815076560659599,2023-09-27,"{""type"":""MultiPoint"",""coordinates"":[]}"
20230927T173009_20230927T173854_T13SGC_2,270,0.18369453044375642,2023-09-27,"{""type"":""MultiPoint"",""coordinates"":[]}"
20230928T175121_20230928T175605_T13TDH_4,271,0.24814063556457067,2023-09-28,"{""type"":""MultiPoint"",""coordinates"":[]}"
20230928T175121_20230928T175605_T13TDJ_4,271,0.2545824847250509,2023-09-28,"{""type"":""MultiPoint"",""coordinates"":[]}"
20230928T175121_20230928T175605_T13TEF_3,271,0.208695652173913,2023-09-28,"{""type"":""MultiPoint"",""coordinates"":[]}"
20230929T181039_20230929T181353_T12TYT_5,272,0.18121613485851895,2023-09-29,"{""type"":""MultiPoint"",""coordinates"":[]}"
20230929T181039_20230929T181353_T12UYB_6,272,0.3098125689084895,2023-09-29,"{""type"":""MultiPoint"",""coordinates"":[]}"
20230929T181039_20230929T181353_T13UCS_6,272,0.31393568147013784,2023-09-29,"{""type"":""MultiPoint"",""coordinates"":[]}"
20230930T174039_20230930T175056_T13SGC_2,273,0.17234262125903,2023-09-30,"{""type"":""MultiPoint"",""coordinates"":[]}"
20230930T174039_20230930T175056_T13TEF_3,273,0.25045703839122485,2023-09-30,"{""type"":""MultiPoint"",""coordinates"":[]}"
20231005T174201_20231005T174853_T13SGC_2,278,0.17572254335260115,2023-10-05,"{""type"":""MultiPoint"",""coordinates"":[]}"
20231005T174201_20231005T174853_T13TEF_3,278,0.2301850972947318,2023-10-05,"{""type"":""MultiPoint"",""coordinates"":[]}"
20231007T173119_20231007T174227_T13SFT_1,280,0.295624332977588,2023-10-07,"{""type"":""MultiPoint"",""coordinates"":[]}"
20231007T173119_20231007T174227_T13SGC_2,280,0.16799152093269742,2023-10-07,"{""type"":""MultiPoint"",""coordinates"":[]}"
20231007T182231_20231007T182324_T12UYB_6,280,0.28088926891834115,2023-10-07,"{""type"":""MultiPoint"",""coordinates"":[]}"
20231007T182231_20231007T182324_T13UCS_6,280,0.2818733738074588,2023-10-07,"{""type"":""MultiPoint"",""coordinates"":[]}"
20231008T175231_20231008T175927_T13TDH_4,281,0.28403593642017966,2023-10-08,"{""type"":""MultiPoint"",""coordinates"":[]}"
20231008T175231_20231008T175927_T13TDJ_4,281,0.27747252747252743,2023-10-08,"{""type"":""MultiPoint"",""coordinates"":[]}"
20231008T175231_20231008T175927_T13TEF_3,281,0.21370143149284257,2023-10-08,"{""type"":""MultiPoint"",""coordinates"":[]}"
20231009T181249_20231009T181906_T12TYT_5,282,0.18075262183837135,2023-10-09,"{""type"":""MultiPoint"",""coordinates"":[]}"
20231009T181249_20231009T181906_T12UYB_6,282,0.28542591844973764,2023-10-09,"{""type"":""MultiPoint"",""coordinates"":[]}"
20231009T181249_20231009T181906_T12UYU_5,282,0.18294190358467236,2023-10-09,"{""type"":""MultiPoint"",""coordinates"":[]}"
20231009T181249_20231009T181906_T13UCS_6,282,0.28929765886287623,2023-10-09,"{""type"":""MultiPoint"",""coordinates"":[]}"
20231010T174149_20231010T174752_T13SGC_2,283,0.16795580110497235,2023-10-10,"{""type"":""MultiPoint"",""coordinates"":[]}"
20231010T174149_20231010T174752_T13TEF_3,283,0.21934662706830715,2023-10-10,"{""type"":""MultiPoint"",""coordinates"":[]}"
20231012T173241_20231012T174232_T13REP_0,285,0.24134078212290505,2023-10-12,"{""type"":""MultiPoint"",""coordinates"":[]}"
20231012T173241_20231012T174232_T13SFT_1,285,0.29706666666666665,2023-10-12,"{""type"":""MultiPoint"",""coordinates"":[]}"
20231012T173241_20231012T174232_T13SGC_2,285,0.1643700787401575,2023-10-12,"{""type"":""MultiPoint"",""coordinates"":[]}"
20231014T181321_20231014T181736_T12UYB_6,287,0.2811773818745159,2023-10-14,"{""type"":""MultiPoint"",""coordinates"":[]}"
20231014T181321_20231014T181736_T12UYU_5,287,0.23438767234387675,2023-10-14,"{""type"":""MultiPoint"",""coordinates"":[]}"
20231014T181321_20231014T181736_T13UCS_6,287,0.28283642224012895,2023-10-14,"{""type"":""MultiPoint"",""coordinates"":[]}"
20231015T174301_20231015T174705_T13SGC_2,288,0.16230936819172118,2023-10-15,"{""type"":""MultiPoint"",""coordinates"":[]}"
20231015T174301_20231015T174705_T13TEF_3,288,0.21408182683158888,2023-10-15,"{""type"":""MultiPoint"",""coordinates"":[]}"
20231017T173329_20231017T173939_T13REP_0,290,0.23269012485811583,2023-10-17,"{""type"":""MultiPoint"",""coordinates"":[]}"
20231017T173329_20231017T173939_T13SFT_1,290,0.2990556138509968,2023-10-17,"{""type"":""MultiPoint"",""coordinates"":[]}"
20231017T173329_20231017T173939_T13SGC_2,290,0.16389309127584467,2023-10-17,"{""type"":""MultiPoint"",""coordinates"":[]}"
20231017T182341_20231017T182913_T12UYB_6,290,0.23943661971830993,2023-10-17,"{""type"":""MultiPoint"",""coordinates"":[]}"
20231017T182341_20231017T182913_T13UCS_6,290,0.23027888446215142,2023-10-17,"{""type"":""MultiPoint"",""coordinates"":[]}"
20231018T175331_20231018T175538_T13TDJ_4,291,0.2931156848828957,2023-10-18,"{""type"":""MultiPoint"",""coordinates"":[]}"
20231018T175331_20231018T175538_T13TEF_3,291,0.17757009345794394,2023-10-18,"{""type"":""MultiPoint"",""coordinates"":[]}"
20231019T181359_20231019T181353_T12TYT_5,292,0.19480519480519481,2023-10-19,"{""type"":""MultiPoint"",""coordinates"":[]}"
20231019T181359_20231019T181353_T12UYB_6,292,0.2699462587846217,2023-10-19,"{""type"":""MultiPoint"",""coordinates"":[]}"
20231019T181359_20231019T181353_T12UYU_5,292,0.19809394145677328,2023-10-19,"{""type"":""MultiPoint"",""coordinates"":[]}"
20231019T181359_20231019T181353_T13UCS_6,292,0.2652027027027027,2023-10-19,"{""type"":""MultiPoint"",""coordinates"":[]}"
20231020T174349_20231020T175208_T13SGC_2,293,0.16221985058697969,2023-10-20,"{""type"":""MultiPoint"",""coordinates"":[]}"
20231020T174349_20231020T175208_T13TEF_3,293,0.1946179721287842,2023-10-20,"{""type"":""MultiPoint"",""coordinates"":[]}"
20231022T173401_20231022T173905_T13SGC_2,295,0.1413096996553422,2023-10-22,"{""type"":""MultiPoint"",""coordinates"":[]}"
20231023T175409_20231023T180003_T13TEF_3,296,0.17298347910592812,2023-10-23,"{""type"":""MultiPoint"",""coordinates"":[]}"
20231027T173429_20231027T173425_T13REP_0,300,0.24644030668127054,2023-10-27,"{""type"":""MultiPoint"",""coordinates"":[]}"
20231027T173429_20231027T173425_T13SFT_1,300,0.27951674903898954,2023-10-27,"{""type"":""MultiPoint"",""coordinates"":[]}"
20231027T173429_20231027T173425_T13SGC_2,300,0.15774099318403123,2023-10-27,"{""type"":""MultiPoint"",""coordinates"":[]}"
20231030T174449_20231030T175119_T13TEF_3,303,0.14031180400890864,2023-10-30,"{""type"":""MultiPoint"",""coordinates"":[]}"
20231101T173451_20231101T174230_T13REP_0,305,0.2467692307692308,2023-11-01,"{""type"":""MultiPoint"",""coordinates"":[]}"
20231101T173451_20231101T174230_T13SFT_1,305,0.25275938189845476,2023-11-01,"{""type"":""MultiPoint"",""coordinates"":[]}"
20231102T175509_20231102T175511_T13TEF_3,306,0.18727552591072338,2023-11-02,"{""type"":""MultiPoint"",""coordinates"":[]}"
20231104T174521_20231104T174515_T13SGC_2,308,0.13946280991735535,2023-11-04,"{""type"":""MultiPoint"",""coordinates"":[]}"
20231104T174521_20231104T174515_T13TEF_3,308,0.19356460532931125,2023-11-04,"{""type"":""MultiPoint"",""coordinates"":[]}"
20231106T173529_20231106T173933_T13REP_0,310,0.20222634508348789,2023-11-06,"{""type"":""MultiPoint"",""coordinates"":[]}"
20231106T173529_20231106T173933_T13SFT_1,310,0.2114537444933921,2023-11-06,"{""type"":""MultiPoint"",""coordinates"":[]}"
20231107T175541_20231107T180154_T13TEF_3,311,0.2026275896917635,2023-11-07,"{""type"":""MultiPoint"",""coordinates"":[]}"
20231108T181549_20231108T181937_T12TYT_5,312,0.2,2023-11-08,"{""type"":""MultiPoint"",""coordinates"":[]}"
20231108T181549_20231108T181937_T12UYU_5,312,0.20325203252032517,2023-11-08,"{""type"":""MultiPoint"",""coordinates"":[]}"
20231109T174549_20231109T174836_T13TEF_3,313,0.20975609756097557,2023-11-09,"{""type"":""MultiPoint"",""coordinates"":[]}"
20231111T173551_20231111T173546_T13SFT_1,315,0.10479199578725637,2023-11-11,"{""type"":""MultiPoint"",""coordinates"":[]}"
20231111T173551_20231111T173546_T13SGC_2,315,0.15522388059701486,2023-11-11,"{""type"":""MultiPoint"",""coordinates"":[]}"
20231112T175559_20231112T175756_T13TEF_3,316,0.1645310097385956,2023-11-12,"{""type"":""MultiPoint"",""coordinates"":[]}"
20231114T174611_20231114T174851_T13TEF_3,318,0.189453125,2023-11-14,"{""type"":""MultiPoint"",""coordinates"":[]}"
20231117T175621_20231117T175654_T13TDH_4,321,0.24207687120701285,2023-11-17,"{""type"":""MultiPoint"",""coordinates"":[]}"
20231117T175621_20231117T175654_T13TDJ_4,321,0.2338709677419355,2023-11-17,"{""type"":""MultiPoint"",""coordinates"":[]}"
20231117T175621_20231117T175654_T13TEF_3,321,0.1903323262839879,2023-11-17,"{""type"":""MultiPoint"",""coordinates"":[]}"
20231118T181629_20231118T181932_T12UYB_6,322,0.238255033557047,2023-11-18,"{""type"":""MultiPoint"",""coordinates"":[]}"
20231118T181629_20231118T181932_T12UYU_5,322,0.19969742813918304,2023-11-18,"{""type"":""MultiPoint"",""coordinates"":[]}"
20231118T181629_20231118T181932_T13UCS_6,322,0.23850823937554208,2023-11-18,"{""type"":""MultiPoint"",""coordinates"":[]}"
20231121T173631_20231121T173847_T13SFT_1,325,0.21335597057159023,2023-11-21,"{""type"":""MultiPoint"",""coordinates"":[]}"
20231121T173631_20231121T173847_T13SGC_2,325,0.14206642066420663,2023-11-21,"{""type"":""MultiPoint"",""coordinates"":[]}"
20231122T175639_20231122T175845_T13TEF_3,326,0.17202970297029704,2023-11-22,"{""type"":""MultiPoint"",""coordinates"":[]}"
20231123T181651_20231123T181651_T13UCS_6,327,0.11554748941318818,2023-11-23,"{""type"":""MultiPoint"",""coordinates"":[]}"
20231126T173649_20231126T173647_T13SFT_1,330,0.1906659077973819,2023-11-26,"{""type"":""MultiPoint"",""coordinates"":[]}"
20231126T173649_20231126T173647_T13SGC_2,330,0.16933207902163683,2023-11-26,"{""type"":""MultiPoint"",""coordinates"":[]}"
20231127T175701_20231127T175941_T13TDH_4,331,4.754546535124349E-4,2023-11-27,"{""type"":""MultiPoint"",""coordinates"":[]}"
20231127T175701_20231127T175941_T13TDJ_4,331,-0.003794616387999569,2023-11-27,"{""type"":""MultiPoint"",""coordinates"":[]}"
20231127T175701_20231127T175941_T13TEF_3,331,0.007344632768361558,2023-11-27,"{""type"":""MultiPoint"",""coordinates"":[]}"
20231128T181709_20231128T181930_T12TYT_5,332,0.19285714285714287,2023-11-28,"{""type"":""MultiPoint"",""coordinates"":[]}"
20231128T181709_20231128T181930_T12UYB_6,332,0.1782178217821782,2023-11-28,"{""type"":""MultiPoint"",""coordinates"":[]}"
20231128T181709_20231128T181930_T12UYU_5,332,0.19653179190751446,2023-11-28,"{""type"":""MultiPoint"",""coordinates"":[]}"
20231128T181709_20231128T181930_T13UCS_6,332,0.1726147123088128,2023-11-28,"{""type"":""MultiPoint"",""coordinates"":[]}"
20231129T174659_20231129T175058_T13TEF_3,333,0.0866599292572006,2023-11-29,"{""type"":""MultiPoint"",""coordinates"":[]}"
20231201T173701_20231201T174111_T13REP_0,335,0.1542857142857143,2023-12-01,"{""type"":""MultiPoint"",""coordinates"":[]}"
20231201T173701_20231201T174111_T13SFT_1,335,0.17822349570200577,2023-12-01,"{""type"":""MultiPoint"",""coordinates"":[]}"
20231203T181721_20231203T181731_T12TYT_5,337,0.1927374301675978,2023-12-03,"{""type"":""MultiPoint"",""coordinates"":[]}"
20231203T181721_20231203T181731_T12UYU_5,337,0.19682768565248743,2023-12-03,"{""type"":""MultiPoint"",""coordinates"":[]}"
20231206T173719_20231206T174007_T13SFT_1,340,0.1693811074918567,2023-12-06,"{""type"":""MultiPoint"",""coordinates"":[]}"
20231206T173719_20231206T174007_T13SGC_2,340,0.14748035136384652,2023-12-06,"{""type"":""MultiPoint"",""coordinates"":[]}"
20231206T182731_20231206T182733_T12UYB_6,340,0.1929530201342282,2023-12-06,"{""type"":""MultiPoint"",""coordinates"":[]}"
20231206T182731_20231206T182733_T13UCS_6,340,0.18965517241379315,2023-12-06,"{""type"":""MultiPoint"",""coordinates"":[]}"
20231207T175721_20231207T175723_T13TDH_4,341,0.18111964873765093,2023-12-07,"{""type"":""MultiPoint"",""coordinates"":[]}"
20231207T175721_20231207T175723_T13TEF_3,341,0.17469204927211643,2023-12-07,"{""type"":""MultiPoint"",""coordinates"":[]}"
20231211T173721_20231211T174208_T13REP_0,345,0.17323327079424636,2023-12-11,"{""type"":""MultiPoint"",""coordinates"":[]}"
20231211T182749_20231211T182745_T12UYB_6,345,0.20581484315225707,2023-12-11,"{""type"":""MultiPoint"",""coordinates"":[]}"
20231211T182749_20231211T182745_T13UCS_6,345,0.20751699320271894,2023-12-11,"{""type"":""MultiPoint"",""coordinates"":[]}"
20231213T181741_20231213T181818_T12TYT_5,347,0.21919302071973823,2023-12-13,"{""type"":""MultiPoint"",""coordinates"":[]}"
20231213T181741_20231213T181818_T12UYB_6,347,0.18518518518518517,2023-12-13,"{""type"":""MultiPoint"",""coordinates"":[]}"
20231213T181741_20231213T181818_T12UYU_5,347,0.22125181950509465,2023-12-13,"{""type"":""MultiPoint"",""coordinates"":[]}"
20231213T181741_20231213T181818_T13UCS_6,347,0.1696085955487337,2023-12-13,"{""type"":""MultiPoint"",""coordinates"":[]}"
20231216T173739_20231216T174045_T13REP_0,350,0.1655548817465131,2023-12-16,"{""type"":""MultiPoint"",""coordinates"":[]}"
20231216T173739_20231216T174045_T13SFT_1,350,0.16760124610591903,2023-12-16,"{""type"":""MultiPoint"",""coordinates"":[]}"
20231216T173739_20231216T174045_T13SGC_2,350,0.16035856573705182,2023-12-16,"{""type"":""MultiPoint"",""coordinates"":[]}"
20231217T175741_20231217T175740_T13TDH_4,351,0.20695652173913043,2023-12-17,"{""type"":""MultiPoint"",""coordinates"":[]}"
20231217T175741_20231217T175740_T13TEF_3,351,0.16018662519440122,2023-12-17,"{""type"":""MultiPoint"",""coordinates"":[]}"
20231219T174739_20231219T175033_T13TEF_3,353,0.17541371158392433,2023-12-19,"{""type"":""MultiPoint"",""coordinates"":[]}"
20231221T173731_20231221T174320_T13REP_0,355,0.17350157728706622,2023-12-21,"{""type"":""MultiPoint"",""coordinates"":[]}"
20231221T173731_20231221T174320_T13SFT_1,355,0.1584948688711516,2023-12-21,"{""type"":""MultiPoint"",""coordinates"":[]}"
20231222T175749_20231222T175746_T13TDH_4,356,0.20741183502689783,2023-12-22,"{""type"":""MultiPoint"",""coordinates"":[]}"
20231222T175749_20231222T175746_T13TDJ_4,356,0.20952380952380953,2023-12-22,"{""type"":""MultiPoint"",""coordinates"":[]}"
20231222T175749_20231222T175746_T13TEF_3,356,0.17474302496328928,2023-12-22,"{""type"":""MultiPoint"",""coordinates"":[]}"
20231226T173739_20231226T174059_T13REP_0,360,0.1546649968691296,2023-12-26,"{""type"":""MultiPoint"",""coordinates"":[]}"
20231226T182801_20231226T182802_T12UYB_6,360,0.1858006042296072,2023-12-26,"{""type"":""MultiPoint"",""coordinates"":[]}"
20231226T182801_20231226T182802_T13UCS_6,360,0.18210361067503927,2023-12-26,"{""type"":""MultiPoint"",""coordinates"":[]}"
20231227T175741_20231227T175741_T13TDH_4,361,0.18132201334141904,2023-12-27,"{""type"":""MultiPoint"",""coordinates"":[]}"
20231227T175741_20231227T175741_T13TDJ_4,361,0.18236714975845414,2023-12-27,"{""type"":""MultiPoint"",""coordinates"":[]}"
20231228T181749_20231228T181751_T13UCS_6,362,0.10368763557483733,2023-12-28,"{""type"":""MultiPoint"",""coordinates"":[]}"
20231229T174739_20231229T175031_T13SGC_2,363,0.15348837209302327,2023-12-29,"{""type"":""MultiPoint"",""coordinates"":[]}"
20231229T174739_20231229T175031_T13TEF_3,363,0.14854234150856085,2023-12-29,"{""type"":""MultiPoint"",""coordinates"":[]}"
20231231T173731_20231231T174218_T13REP_0,365,0.1578282828282829,2023-12-31,"{""type"":""MultiPoint"",""coordinates"":[]}"
20231231T173731_20231231T174218_T13SFT_1,365,0.14925373134328357,2023-12-31,"{""type"":""MultiPoint"",""coordinates"":[]}"
20240101T175739_20240101T175741_T13TDH_4,1,0.18985849056603776,2024-01-01,"{""type"":""MultiPoint"",""coordinates"":[]}"
20240101T175739_20240101T175741_T13TDJ_4,1,0.18877849210987724,2024-01-01,"{""type"":""MultiPoint"",""coordinates"":[]}"
20240102T181741_20240102T181807_T12TYT_5,2,0.14751286449399656,2024-01-02,"{""type"":""MultiPoint"",""coordinates"":[]}"
20240102T181741_20240102T181807_T12UYU_5,2,0.14922813036020588,2024-01-02,"{""type"":""MultiPoint"",""coordinates"":[]}"
20240103T174731_20240103T175044_T13SGC_2,3,0.13899010931806352,2024-01-03,"{""type"":""MultiPoint"",""coordinates"":[]}"
20240103T174731_20240103T175044_T13TEF_3,3,0.17090584560464084,2024-01-03,"{""type"":""MultiPoint"",""coordinates"":[]}"
20240105T173729_20240105T174028_T13REP_0,5,0.16321559074299635,2024-01-05,"{""type"":""MultiPoint"",""coordinates"":[]}"
20240105T173729_20240105T174028_T13SFT_1,5,0.15709342560553627,2024-01-05,"{""type"":""MultiPoint"",""coordinates"":[]}"
20240106T175731_20240106T175727_T13TDH_4,6,0.20624437105974178,2024-01-06,"{""type"":""MultiPoint"",""coordinates"":[]}"
20240106T175731_20240106T175727_T13TDJ_4,6,0.2077294685990338,2024-01-06,"{""type"":""MultiPoint"",""coordinates"":[]}"
20240106T175731_20240106T175727_T13TEF_3,6,0.17713745866792635,2024-01-06,"{""type"":""MultiPoint"",""coordinates"":[]}"
20240110T173711_20240110T174135_T13REP_0,10,0.15292712066905614,2024-01-10,"{""type"":""MultiPoint"",""coordinates"":[]}"
20240110T173711_20240110T174135_T13SFT_1,10,0.14810562571756603,2024-01-10,"{""type"":""MultiPoint"",""coordinates"":[]}"
20240113T174701_20240113T174954_T13SGC_2,13,0.0522648083623693,2024-01-13,"{""type"":""MultiPoint"",""coordinates"":[]}"
20240113T174701_20240113T174954_T13TEF_3,13,0.03851640513552063,2024-01-13,"{""type"":""MultiPoint"",""coordinates"":[]}"
20240115T182711_20240115T182711_T12UYB_6,15,0.014856081708449372,2024-01-15,"{""type"":""MultiPoint"",""coordinates"":[]}"
20240115T182711_20240115T182711_T13UCS_6,15,0.018832391713747662,2024-01-15,"{""type"":""MultiPoint"",""coordinates"":[]}"
20240118T174649_20240118T174805_T13SGC_2,18,0.053507728894173566,2024-01-18,"{""type"":""MultiPoint"",""coordinates"":[]}"
20240121T175649_20240121T180048_T13TDH_4,21,-5.460644356034278E-4,2024-01-21,"{""type"":""MultiPoint"",""coordinates"":[]}"
20240121T175649_20240121T180048_T13TDJ_4,21,-7.756748371082848E-4,2024-01-21,"{""type"":""MultiPoint"",""coordinates"":[]}"
20240123T174631_20240123T174802_T13SGC_2,23,0.016936394429808068,2024-01-23,"{""type"":""MultiPoint"",""coordinates"":[]}"
20240125T173619_20240125T173857_T13REP_0,25,0.11881188118811878,2024-01-25,"{""type"":""MultiPoint"",""coordinates"":[]}"
20240125T173619_20240125T173857_T13SGC_2,25,0.13879003558718864,2024-01-25,"{""type"":""MultiPoint"",""coordinates"":[]}"
20240125T182631_20240125T182633_T12UYB_6,25,-0.001407261469180975,2024-01-25,"{""type"":""MultiPoint"",""coordinates"":[]}"
20240125T182631_20240125T182633_T13UCS_6,25,-0.006543385490753902,2024-01-25,"{""type"":""MultiPoint"",""coordinates"":[]}"
20240128T174609_20240128T174616_T13SGC_2,28,0.13498622589531678,2024-01-28,"{""type"":""MultiPoint"",""coordinates"":[]}"
20240128T174609_20240128T174616_T13TEF_3,28,0.17779868297271872,2024-01-28,"{""type"":""MultiPoint"",""coordinates"":[]}"
20240130T173551_20240130T173734_T13REP_0,30,0.1389983117613956,2024-01-30,"{""type"":""MultiPoint"",""coordinates"":[]}"
20240130T173551_20240130T173734_T13SFT_1,30,0.13785557986870897,2024-01-30,"{""type"":""MultiPoint"",""coordinates"":[]}"
20240130T173551_20240130T173734_T13SGC_2,30,0.1280763435459568,2024-01-30,"{""type"":""MultiPoint"",""coordinates"":[]}"
20240131T175559_20240131T180025_T13TDH_4,31,0.20789636027143743,2024-01-31,"{""type"":""MultiPoint"",""coordinates"":[]}"
20240131T175559_20240131T180025_T13TDJ_4,31,0.21030042918454936,2024-01-31,"{""type"":""MultiPoint"",""coordinates"":[]}"
20240131T175559_20240131T180025_T13TEF_3,31,0.16039980961446926,2024-01-31,"{""type"":""MultiPoint"",""coordinates"":[]}"
20240201T181601_20240201T181556_T12TYT_5,32,0.20481075344888577,2024-02-01,"{""type"":""MultiPoint"",""coordinates"":[]}"
20240201T181601_20240201T181556_T12UYB_6,32,0.22595078299776283,2024-02-01,"{""type"":""MultiPoint"",""coordinates"":[]}"
20240201T181601_20240201T181556_T12UYU_5,32,0.2152080344332855,2024-02-01,"{""type"":""MultiPoint"",""coordinates"":[]}"
20240201T181601_20240201T181556_T13UCS_6,32,0.21420301042068698,2024-02-01,"{""type"":""MultiPoint"",""coordinates"":[]}"
20240204T173529_20240204T174402_T13REP_0,35,0.16150442477876098,2024-02-04,"{""type"":""MultiPoint"",""coordinates"":[]}"
20240204T173529_20240204T174402_T13SFT_1,35,0.14156796390298926,2024-02-04,"{""type"":""MultiPoint"",""coordinates"":[]}"
20240205T175531_20240205T175949_T13TDH_4,36,0.20707732634338138,2024-02-05,"{""type"":""MultiPoint"",""coordinates"":[]}"
20240205T175531_20240205T175949_T13TDJ_4,36,0.20762155059132717,2024-02-05,"{""type"":""MultiPoint"",""coordinates"":[]}"
20240205T175531_20240205T175949_T13TEF_3,36,0.17096774193548384,2024-02-05,"{""type"":""MultiPoint"",""coordinates"":[]}"
20240207T174509_20240207T174512_T13SGC_2,38,0.12425393380358114,2024-02-07,"{""type"":""MultiPoint"",""coordinates"":[]}"
20240211T181501_20240211T181458_T12UYB_6,42,-0.0032272936837251837,2024-02-11,"{""type"":""MultiPoint"",""coordinates"":[]}"
20240211T181501_20240211T181458_T13UCS_6,42,-0.001808951391725566,2024-02-11,"{""type"":""MultiPoint"",""coordinates"":[]}"
20240212T174441_20240212T175146_T13TEF_3,43,-0.010584084672677303,2024-02-12,"{""type"":""MultiPoint"",""coordinates"":[]}"
20240214T173429_20240214T174126_T13SFT_1,45,0.12922906267332224,2024-02-14,"{""type"":""MultiPoint"",""coordinates"":[]}"
20240217T174409_20240217T174412_T13TEF_3,48,0.0617678381256656,2024-02-17,"{""type"":""MultiPoint"",""coordinates"":[]}"
20240219T173351_20240219T173943_T13REP_0,50,0.1503477795612627,2024-02-19,"{""type"":""MultiPoint"",""coordinates"":[]}"
20240219T173351_20240219T173943_T13SFT_1,50,0.14162162162162162,2024-02-19,"{""type"":""MultiPoint"",""coordinates"":[]}"
20240219T173351_20240219T173943_T13SGC_2,50,0.12016503352243424,2024-02-19,"{""type"":""MultiPoint"",""coordinates"":[]}"
20240219T182419_20240219T182415_T12UYB_6,50,0.0022779043280182253,2024-02-19,"{""type"":""MultiPoint"",""coordinates"":[]}"
20240219T182419_20240219T182415_T13UCS_6,50,0.003186162949476587,2024-02-19,"{""type"":""MultiPoint"",""coordinates"":[]}"
20240220T175359_20240220T175531_T13TDH_4,51,0.2080362929358393,2024-02-20,"{""type"":""MultiPoint"",""coordinates"":[]}"
20240220T175359_20240220T175531_T13TDJ_4,51,0.2079845460399227,2024-02-20,"{""type"":""MultiPoint"",""coordinates"":[]}"
20240220T175359_20240220T175531_T13TEF_3,51,0.15747583854462766,2024-02-20,"{""type"":""MultiPoint"",""coordinates"":[]}"
20240224T173319_20240224T173659_T13REP_0,55,0.1557682083997874,2024-02-24,"{""type"":""MultiPoint"",""coordinates"":[]}"
20240224T173319_20240224T173659_T13SFT_1,55,0.13357778941854379,2024-02-24,"{""type"":""MultiPoint"",""coordinates"":[]}"
20240225T175321_20240225T180137_T13TDH_4,56,0.19494584837545123,2024-02-25,"{""type"":""MultiPoint"",""coordinates"":[]}"
20240225T175321_20240225T180137_T13TDJ_4,56,0.1899340922708209,2024-02-25,"{""type"":""MultiPoint"",""coordinates"":[]}"
20240225T175321_20240225T180137_T13TEF_3,56,0.1824417009602195,2024-02-25,"{""type"":""MultiPoint"",""coordinates"":[]}"
20240229T173241_20240229T173355_T13SGC_2,60,0.1414728682170543,2024-02-29,"{""type"":""MultiPoint"",""coordinates"":[]}"
20240301T175239_20240301T175524_T13TDH_4,61,0.17619872905834777,2024-03-01,"{""type"":""MultiPoint"",""coordinates"":[]}"
20240301T175239_20240301T175524_T13TEF_3,61,0.16720704029643357,2024-03-01,"{""type"":""MultiPoint"",""coordinates"":[]}"
20240303T174231_20240303T174317_T13SGC_2,63,0.13173333333333334,2024-03-03,"{""type"":""MultiPoint"",""coordinates"":[]}"
20240305T173109_20240305T174115_T13REP_0,65,0.16168898043254376,2024-03-05,"{""type"":""MultiPoint"",""coordinates"":[]}"
20240306T175201_20240306T175643_T13TEF_3,66,0.17594254937163376,2024-03-06,"{""type"":""MultiPoint"",""coordinates"":[]}"
20240307T181109_20240307T181715_T12TYT_5,67,0.03142126415783703,2024-03-07,"{""type"":""MultiPoint"",""coordinates"":[]}"
20240307T181109_20240307T181715_T12UYU_5,67,0.03127326880119143,2024-03-07,"{""type"":""MultiPoint"",""coordinates"":[]}"
20240310T173131_20240310T173905_T13SFT_1,70,0.14994934143870314,2024-03-10,"{""type"":""MultiPoint"",""coordinates"":[]}"
20240310T173131_20240310T173905_T13SGC_2,70,0.12747875354107654,2024-03-10,"{""type"":""MultiPoint"",""coordinates"":[]}"
20240312T181131_20240312T181326_T12UYU_5,72,0.17696044413601666,2024-03-12,"{""type"":""MultiPoint"",""coordinates"":[]}"
20240315T172959_20240315T174106_T13REP_0,75,0.1504854368932039,2024-03-15,"{""type"":""MultiPoint"",""coordinates"":[]}"
20240316T175101_20240316T175835_T13TDH_4,76,0.2224147891392259,2024-03-16,"{""type"":""MultiPoint"",""coordinates"":[]}"
20240316T175101_20240316T175835_T13TEF_3,76,0.16086065573770492,2024-03-16,"{""type"":""MultiPoint"",""coordinates"":[]}"
20240317T180959_20240317T181058_T12TYT_5,77,0.18548939082819985,2024-03-17,"{""type"":""MultiPoint"",""coordinates"":[]}"
20240317T180959_20240317T181058_T12UYU_5,77,0.18630136986301368,2024-03-17,"{""type"":""MultiPoint"",""coordinates"":[]}"
20240318T173949_20240318T175235_T13SGC_2,78,0.13721413721413717,2024-03-18,"{""type"":""MultiPoint"",""coordinates"":[]}"
20240318T173949_20240318T175235_T13TEF_3,78,0.15973154362416106,2024-03-18,"{""type"":""MultiPoint"",""coordinates"":[]}"
20240321T174919_20240321T175414_T13TEF_3,81,0.1518427518427518,2024-03-21,"{""type"":""MultiPoint"",""coordinates"":[]}"
20240323T174001_20240323T174958_T13TEF_3,83,0.13683304647160066,2024-03-23,"{""type"":""MultiPoint"",""coordinates"":[]}"
20240326T174951_20240326T175902_T13TDJ_4,86,0.21713870733478574,2024-03-26,"{""type"":""MultiPoint"",""coordinates"":[]}"
20240327T180919_20240327T181844_T12TYT_5,87,0.08753943217665615,2024-03-27,"{""type"":""MultiPoint"",""coordinates"":[]}"
20240327T180919_20240327T181844_T12UYB_6,87,0.1773962804005722,2024-03-27,"{""type"":""MultiPoint"",""coordinates"":[]}"
20240327T180919_20240327T181844_T12UYU_5,87,0.09331197436924316,2024-03-27,"{""type"":""MultiPoint"",""coordinates"":[]}"
20240327T180919_20240327T181844_T13UCS_6,87,0.1812865497076023,2024-03-27,"{""type"":""MultiPoint"",""coordinates"":[]}"
20240328T173859_20240328T174749_T13SGC_2,88,0.1593625498007968,2024-03-28,"{""type"":""MultiPoint"",""coordinates"":[]}"
20240401T180911_20240401T181943_T12TYT_5,92,0.23619427811044577,2024-04-01,"{""type"":""MultiPoint"",""coordinates"":[]}"
20240401T180911_20240401T181943_T12UYB_6,92,0.14705882352941174,2024-04-01,"{""type"":""MultiPoint"",""coordinates"":[]}"
20240401T180911_20240401T181943_T12UYU_5,92,0.23885562208915506,2024-04-01,"{""type"":""MultiPoint"",""coordinates"":[]}"
20240401T180911_20240401T181943_T13UCS_6,92,0.15462427745664736,2024-04-01,"{""type"":""MultiPoint"",""coordinates"":[]}"
20240402T173901_20240402T174230_T13SGC_2,93,0.14599999999999994,2024-04-02,"{""type"":""MultiPoint"",""coordinates"":[]}"
20240402T173901_20240402T174230_T13TEF_3,93,0.1537147736976943,2024-04-02,"{""type"":""MultiPoint"",""coordinates"":[]}"
20240404T172859_20240404T174056_T13REP_0,95,0.16458132820019247,2024-04-04,"{""type"":""MultiPoint"",""coordinates"":[]}"
20240404T172859_20240404T174056_T13SFT_1,95,0.14720314033366044,2024-04-04,"{""type"":""MultiPoint"",""coordinates"":[]}"
20240404T172859_20240404T174056_T13SGC_2,95,0.14801444043321302,2024-04-04,"{""type"":""MultiPoint"",""coordinates"":[]}"
20240407T173859_20240407T174209_T13SGC_2,98,0.16374269005847955,2024-04-07,"{""type"":""MultiPoint"",""coordinates"":[]}"
20240409T172901_20240409T173530_T13REP_0,100,0.12093987560469939,2024-04-09,"{""type"":""MultiPoint"",""coordinates"":[]}"
20240409T181919_20240409T182939_T12UYB_6,100,0.16218181818181818,2024-04-09,"{""type"":""MultiPoint"",""coordinates"":[]}"
20240409T181919_20240409T182939_T13UCS_6,100,0.16468842729970323,2024-04-09,"{""type"":""MultiPoint"",""coordinates"":[]}"
20240411T180921_20240411T181523_T12TYT_5,102,0.30984204131227217,2024-04-11,"{""type"":""MultiPoint"",""coordinates"":[]}"
20240411T180921_20240411T181523_T12UYB_6,102,0.15679442508710803,2024-04-11,"{""type"":""MultiPoint"",""coordinates"":[]}"
20240411T180921_20240411T181523_T12UYU_5,102,0.3105968331303289,2024-04-11,"{""type"":""MultiPoint"",""coordinates"":[]}"
20240411T180921_20240411T181523_T13UCS_6,102,0.1569186875891584,2024-04-11,"{""type"":""MultiPoint"",""coordinates"":[]}"
20240412T173901_20240412T175055_T13SGC_2,103,0.1596474045053869,2024-04-12,"{""type"":""MultiPoint"",""coordinates"":[]}"
20240412T173901_20240412T175055_T13TEF_3,103,0.16264090177133658,2024-04-12,"{""type"":""MultiPoint"",""coordinates"":[]}"
20240414T172859_20240414T173425_T13SGC_2,105,0.15280801044841094,2024-04-14,"{""type"":""MultiPoint"",""coordinates"":[]}"
20240415T174911_20240415T180048_T13TEF_3,106,0.14162162162162167,2024-04-15,"{""type"":""MultiPoint"",""coordinates"":[]}"
20240420T174909_20240420T175329_T13TDJ_4,111,0.22572509457755363,2024-04-20,"{""type"":""MultiPoint"",""coordinates"":[]}"
20240424T181921_20240424T182055_T12UYB_6,115,0.17511832319134554,2024-04-24,"{""type"":""MultiPoint"",""coordinates"":[]}"
20240424T181921_20240424T182055_T13UCS_6,115,0.17083333333333328,2024-04-24,"{""type"":""MultiPoint"",""coordinates"":[]}"
20240425T174911_20240425T175809_T13TEF_3,116,0.17323881258307489,2024-04-25,"{""type"":""MultiPoint"",""coordinates"":[]}"
20240429T172901_20240429T174252_T13REP_0,120,0.1443946188340807,2024-04-29,"{""type"":""MultiPoint"",""coordinates"":[]}"
20240429T172901_20240429T174252_T13SFT_1,120,0.1778867588051716,2024-04-29,"{""type"":""MultiPoint"",""coordinates"":[]}"
20240429T172901_20240429T174252_T13SGC_2,120,0.13492741246797604,2024-04-29,"{""type"":""MultiPoint"",""coordinates"":[]}"
20240430T174909_20240430T175332_T13TEF_3,121,0.1876923076923077,2024-04-30,"{""type"":""MultiPoint"",""coordinates"":[]}"
20240502T173911_20240502T175028_T13SGC_2,123,0.13761467889908258,2024-05-02,"{""type"":""MultiPoint"",""coordinates"":[]}"
20240504T172859_20240504T173425_T13REP_0,125,0.13606340819022456,2024-05-04,"{""type"":""MultiPoint"",""coordinates"":[]}"
20240504T172859_20240504T173425_T13SGC_2,125,0.1286477599671188,2024-05-04,"{""type"":""MultiPoint"",""coordinates"":[]}"
20240507T173909_20240507T174341_T13SGC_2,128,0.14561403508771928,2024-05-07,"{""type"":""MultiPoint"",""coordinates"":[]}"
20240507T173909_20240507T174341_T13TEF_3,128,0.20063821300358994,2024-05-07,"{""type"":""MultiPoint"",""coordinates"":[]}"
20240509T172901_20240509T174227_T13REP_0,130,0.1475268817204301,2024-05-09,"{""type"":""MultiPoint"",""coordinates"":[]}"
20240509T172901_20240509T174227_T13SFT_1,130,0.16412556053811655,2024-05-09,"{""type"":""MultiPoint"",""coordinates"":[]}"
20240509T181919_20240509T182535_T12UYB_6,130,0.25295857988165676,2024-05-09,"{""type"":""MultiPoint"",""coordinates"":[]}"
20240509T181919_20240509T182535_T13UCS_6,130,0.2568428946381703,2024-05-09,"{""type"":""MultiPoint"",""coordinates"":[]}"
20240510T174909_20240510T175043_T13TDJ_4,131,0.09167367535744322,2024-05-10,"{""type"":""MultiPoint"",""coordinates"":[]}"
20240511T180921_20240511T181413_T12TYT_5,132,0.41755319148936165,2024-05-11,"{""type"":""MultiPoint"",""coordinates"":[]}"
20240511T180921_20240511T181413_T12UYB_6,132,0.26613488034807836,2024-05-11,"{""type"":""MultiPoint"",""coordinates"":[]}"
20240511T180921_20240511T181413_T12UYU_5,132,0.42381902860944787,2024-05-11,"{""type"":""MultiPoint"",""coordinates"":[]}"
20240511T180921_20240511T181413_T13UCS_6,132,0.26539589442815253,2024-05-11,"{""type"":""MultiPoint"",""coordinates"":[]}"
20240514T172859_20240514T173340_T13REP_0,135,0.14749893116716553,2024-05-14,"{""type"":""MultiPoint"",""coordinates"":[]}"
20240514T172859_20240514T173340_T13SFT_1,135,0.1696942844483828,2024-05-14,"{""type"":""MultiPoint"",""coordinates"":[]}"
20240514T172859_20240514T173340_T13SGC_2,135,0.1287535993418346,2024-05-14,"{""type"":""MultiPoint"",""coordinates"":[]}"
20240517T173859_20240517T174143_T13SGC_2,138,0.15134370579915135,2024-05-17,"{""type"":""MultiPoint"",""coordinates"":[]}"
20240517T173859_20240517T174143_T13TEF_3,138,0.20422249289484362,2024-05-17,"{""type"":""MultiPoint"",""coordinates"":[]}"
20240519T172901_20240519T173651_T13SGC_2,140,0.16384726921217982,2024-05-19,"{""type"":""MultiPoint"",""coordinates"":[]}"
20240519T172901_20240519T174425_T13REP_0,140,0.145788798631894,2024-05-19,"{""type"":""MultiPoint"",""coordinates"":[]}"
20240519T172901_20240519T174425_T13SFT_1,140,0.18817905258583223,2024-05-19,"{""type"":""MultiPoint"",""coordinates"":[]}"
20240520T174909_20240520T175430_T13TEF_3,141,0.20122217372326495,2024-05-20,"{""type"":""MultiPoint"",""coordinates"":[]}"
20240522T173901_20240522T174948_T13SGC_2,143,0.18395303326810172,2024-05-22,"{""type"":""MultiPoint"",""coordinates"":[]}"
20240524T172859_20240524T173410_T13SFT_1,145,0.18695831613702024,2024-05-24,"{""type"":""MultiPoint"",""coordinates"":[]}"
20240524T172859_20240524T173410_T13SGC_2,145,0.17523167649536653,2024-05-24,"{""type"":""MultiPoint"",""coordinates"":[]}"
20240527T173859_20240527T174720_T13SGC_2,148,0.18318867062585661,2024-05-27,"{""type"":""MultiPoint"",""coordinates"":[]}"
20240527T173859_20240527T174720_T13TEF_3,148,0.19683794466403165,2024-05-27,"{""type"":""MultiPoint"",""coordinates"":[]}"
20240529T172901_20240529T174415_T13REP_0,150,0.12918254976704785,2024-05-29,"{""type"":""MultiPoint"",""coordinates"":[]}"
20240530T174909_20240530T175011_T13TDH_4,151,0.3746312684365781,2024-05-30,"{""type"":""MultiPoint"",""coordinates"":[]}"
20240530T174909_20240530T175011_T13TEF_3,151,0.18977469670710573,2024-05-30,"{""type"":""MultiPoint"",""coordinates"":[]}"
20240601T173911_20240601T174959_T13SGC_2,153,0.2156280909990109,2024-06-01,"{""type"":""MultiPoint"",""coordinates"":[]}"
20240601T173911_20240601T174959_T13TEF_3,153,0.17613636363636362,2024-06-01,"{""type"":""MultiPoint"",""coordinates"":[]}"
20240603T172859_20240603T174031_T13SFT_1,155,0.21413892314015615,2024-06-03,"{""type"":""MultiPoint"",""coordinates"":[]}"
20240603T172859_20240603T174031_T13SGC_2,155,0.22017956391620347,2024-06-03,"{""type"":""MultiPoint"",""coordinates"":[]}"
20240605T180919_20240605T181408_T12TYT_5,157,0.3773462783171521,2024-06-05,"{""type"":""MultiPoint"",""coordinates"":[]}"
20240606T173909_20240606T174223_T13SGC_2,158,0.2245093346098612,2024-06-06,"{""type"":""MultiPoint"",""coordinates"":[]}"
20240606T173909_20240606T174223_T13TEF_3,158,0.18196202531645567,2024-06-06,"{""type"":""MultiPoint"",""coordinates"":[]}"
20240611T173911_20240611T174951_T13SGC_2,163,0.22855726326227072,2024-06-11,"{""type"":""MultiPoint"",""coordinates"":[]}"
20240611T173911_20240611T174951_T13TEF_3,163,0.17842323651452274,2024-06-11,"{""type"":""MultiPoint"",""coordinates"":[]}"
20240613T172859_20240613T173443_T13REP_0,165,0.1249484536082474,2024-06-13,"{""type"":""MultiPoint"",""coordinates"":[]}"
20240613T172859_20240613T173443_T13SFT_1,165,0.2318658280922432,2024-06-13,"{""type"":""MultiPoint"",""coordinates"":[]}"
20240613T172859_20240613T173443_T13SGC_2,165,0.2270815811606392,2024-06-13,"{""type"":""MultiPoint"",""coordinates"":[]}"
20240616T173909_20240616T174343_T13SGC_2,168,0.25465838509316774,2024-06-16,"{""type"":""MultiPoint"",""coordinates"":[]}"
20240616T173909_20240616T174343_T13TEF_3,168,0.16545012165450118,2024-06-16,"{""type"":""MultiPoint"",""coordinates"":[]}"
20240618T172901_20240618T174038_T13REP_0,170,0.1251580278128951,2024-06-18,"{""type"":""MultiPoint"",""coordinates"":[]}"
20240618T172901_20240618T174038_T13SFT_1,170,0.308779443254818,2024-06-18,"{""type"":""MultiPoint"",""coordinates"":[]}"
20240618T172901_20240618T174038_T13SGC_2,170,0.21425540941875265,2024-06-18,"{""type"":""MultiPoint"",""coordinates"":[]}"
20240618T181919_20240618T182946_T12UYB_6,170,0.5010511562718992,2024-06-18,"{""type"":""MultiPoint"",""coordinates"":[]}"
20240618T181919_20240618T182946_T13UCS_6,170,0.514726507713885,2024-06-18,"{""type"":""MultiPoint"",""coordinates"":[]}"
20240621T173911_20240621T175026_T13TEF_3,173,0.14509122502172023,2024-06-21,"{""type"":""MultiPoint"",""coordinates"":[]}"
20240623T172859_20240623T173445_T13REP_0,175,0.12634408602150538,2024-06-23,"{""type"":""MultiPoint"",""coordinates"":[]}"
20240623T172859_20240623T173445_T13SFT_1,175,0.32756382518390303,2024-06-23,"{""type"":""MultiPoint"",""coordinates"":[]}"
20240623T172859_20240623T173445_T13SGC_2,175,0.14683734939759033,2024-06-23,"{""type"":""MultiPoint"",""coordinates"":[]}"
20240623T181921_20240623T182850_T12UYB_6,175,0.4945210321668435,2024-06-23,"{""type"":""MultiPoint"",""coordinates"":[]}"
20240623T181921_20240623T182850_T13UCS_6,175,0.49876281371509373,2024-06-23,"{""type"":""MultiPoint"",""coordinates"":[]}"
20240624T174911_20240624T175615_T13TDH_4,176,0.2678787878787878,2024-06-24,"{""type"":""MultiPoint"",""coordinates"":[]}"
20240624T174911_20240624T175615_T13TDJ_4,176,0.25631768953068595,2024-06-24,"{""type"":""MultiPoint"",""coordinates"":[]}"
20240625T180919_20240625T181424_T12TYT_5,177,0.2682926829268293,2024-06-25,"{""type"":""MultiPoint"",""coordinates"":[]}"
20240625T180919_20240625T181424_T12UYU_5,177,0.26760563380281693,2024-06-25,"{""type"":""MultiPoint"",""coordinates"":[]}"
20240626T173909_20240626T174127_T13SGC_2,178,0.18136135221562358,2024-06-26,"{""type"":""MultiPoint"",""coordinates"":[]}"
20240626T173909_20240626T174127_T13TEF_3,178,0.14831013916500993,2024-06-26,"{""type"":""MultiPoint"",""coordinates"":[]}"
20240628T172901_20240628T173909_T13REP_0,180,0.12261580381471388,2024-06-28,"{""type"":""MultiPoint"",""coordinates"":[]}"
20240628T172901_20240628T173909_T13SFT_1,180,0.24905818334030974,2024-06-28,"{""type"":""MultiPoint"",""coordinates"":[]}"
20240628T172901_20240628T173909_T13SGC_2,180,0.16475409836065574,2024-06-28,"{""type"":""MultiPoint"",""coordinates"":[]}"
20240629T174909_20240629T175336_T13TDH_4,181,0.23337363966142682,2024-06-29,"{""type"":""MultiPoint"",""coordinates"":[]}"
20240629T174909_20240629T175336_T13TDJ_4,181,0.23373493975903614,2024-06-29,"{""type"":""MultiPoint"",""coordinates"":[]}"
20240629T174909_20240629T175336_T13TEF_3,181,0.17083162638263008,2024-06-29,"{""type"":""MultiPoint"",""coordinates"":[]}"
20240630T180921_20240630T181948_T12UYU_5,182,0.2578541790160047,2024-06-30,"{""type"":""MultiPoint"",""coordinates"":[]}"
20240701T174051_20240701T175042_T13SGC_2,183,0.15345854328905184,2024-07-01,"{""type"":""MultiPoint"",""coordinates"":[]}"
20240703T172859_20240703T173439_T13REP_0,185,0.12169770463404071,2024-07-03,"{""type"":""MultiPoint"",""coordinates"":[]}"
20240704T174911_20240704T175506_T13TEF_3,186,0.15745741587037806,2024-07-04,"{""type"":""MultiPoint"",""coordinates"":[]}"
20240706T173909_20240706T174340_T13SGC_2,188,0.20885200553250344,2024-07-06,"{""type"":""MultiPoint"",""coordinates"":[]}"
20240706T173909_20240706T174340_T13TEF_3,188,0.1450834879406308,2024-07-06,"{""type"":""MultiPoint"",""coordinates"":[]}"
20240708T172901_20240708T174319_T13REP_0,190,0.13018714401952808,2024-07-08,"{""type"":""MultiPoint"",""coordinates"":[]}"
20240708T172901_20240708T174319_T13SGC_2,190,0.22902921771913284,2024-07-08,"{""type"":""MultiPoint"",""coordinates"":[]}"
20240709T174909_20240709T175111_T13TDH_4,191,0.2276029055690073,2024-07-09,"{""type"":""MultiPoint"",""coordinates"":[]}"
20240709T174909_20240709T175111_T13TDJ_4,191,0.21676646706586827,2024-07-09,"{""type"":""MultiPoint"",""coordinates"":[]}"
20240709T174909_20240709T175111_T13TEF_3,191,0.07334710743801655,2024-07-09,"{""type"":""MultiPoint"",""coordinates"":[]}"
20240710T180921_20240710T181340_T12TYT_5,192,0.23222748815165875,2024-07-10,"{""type"":""MultiPoint"",""coordinates"":[]}"
20240710T180921_20240710T181340_T12UYB_6,192,0.4945054945054944,2024-07-10,"{""type"":""MultiPoint"",""coordinates"":[]}"
20240710T180921_20240710T181340_T12UYU_5,192,0.23295070898041864,2024-07-10,"{""type"":""MultiPoint"",""coordinates"":[]}"
20240710T180921_20240710T181340_T13UCS_6,192,0.5155555555555554,2024-07-10,"{""type"":""MultiPoint"",""coordinates"":[]}"
20240711T173911_20240711T174608_T13SGC_2,193,0.2231718898385565,2024-07-11,"{""type"":""MultiPoint"",""coordinates"":[]}"
20240713T172859_20240713T173424_T13SFT_1,195,0.2310244711737868,2024-07-13,"{""type"":""MultiPoint"",""coordinates"":[]}"
20240713T172859_20240713T173424_T13SGC_2,195,0.21845651286239284,2024-07-13,"{""type"":""MultiPoint"",""coordinates"":[]}"
20240715T180919_20240715T181416_T12TYT_5,197,0.20744680851063832,2024-07-15,"{""type"":""MultiPoint"",""coordinates"":[]}"
20240716T173909_20240716T175031_T13SGC_2,198,0.20769230769230765,2024-07-16,"{""type"":""MultiPoint"",""coordinates"":[]}"
20240716T173909_20240716T175031_T13TEF_3,198,0.15649452269170572,2024-07-16,"{""type"":""MultiPoint"",""coordinates"":[]}"
20240718T172901_20240718T174225_T13SGC_2,200,0.2406466512702079,2024-07-18,"{""type"":""MultiPoint"",""coordinates"":[]}"
20240719T174909_20240719T175419_T13TDH_4,201,0.2235722964763062,2024-07-19,"{""type"":""MultiPoint"",""coordinates"":[]}"
20240719T174909_20240719T175419_T13TEF_3,201,0.15117370892018783,2024-07-19,"{""type"":""MultiPoint"",""coordinates"":[]}"
20240720T180921_20240720T181747_T12TYT_5,202,0.17067448680351907,2024-07-20,"{""type"":""MultiPoint"",""coordinates"":[]}"
20240720T180921_20240720T181747_T12UYB_6,202,0.4063745019920319,2024-07-20,"{""type"":""MultiPoint"",""coordinates"":[]}"
20240720T180921_20240720T181747_T12UYU_5,202,0.1748826291079812,2024-07-20,"{""type"":""MultiPoint"",""coordinates"":[]}"
20240720T180921_20240720T181747_T13UCS_6,202,0.5261707988980716,2024-07-20,"{""type"":""MultiPoint"",""coordinates"":[]}"
20240723T172859_20240723T173414_T13REP_0,205,0.13806793118659025,2024-07-23,"{""type"":""MultiPoint"",""coordinates"":[]}"
20240723T172859_20240723T173414_T13SFT_1,205,0.3974287311347121,2024-07-23,"{""type"":""MultiPoint"",""coordinates"":[]}"
20240723T172859_20240723T173414_T13SGC_2,205,0.2650602409638554,2024-07-23,"{""type"":""MultiPoint"",""coordinates"":[]}"
20240723T181921_20240723T182554_T12UYB_6,205,0.4534118462071355,2024-07-23,"{""type"":""MultiPoint"",""coordinates"":[]}"
20240724T174911_20240724T180026_T13TDH_4,206,0.20888355342136852,2024-07-24,"{""type"":""MultiPoint"",""coordinates"":[]}"
20240724T174911_20240724T180026_T13TDJ_4,206,0.22411693057247256,2024-07-24,"{""type"":""MultiPoint"",""coordinates"":[]}"
20240724T174911_20240724T180026_T13TEF_3,206,0.1523239760699494,2024-07-24,"{""type"":""MultiPoint"",""coordinates"":[]}"
20240726T173909_20240726T174716_T13SGC_2,208,0.21266073194856577,2024-07-26,"{""type"":""MultiPoint"",""coordinates"":[]}"
20240728T172901_20240728T173757_T13REP_0,210,0.13362831858407076,2024-07-28,"{""type"":""MultiPoint"",""coordinates"":[]}"
20240728T172901_20240728T173757_T13SFT_1,210,0.31362007168458783,2024-07-28,"{""type"":""MultiPoint"",""coordinates"":[]}"
20240728T172901_20240728T173757_T13SGC_2,210,0.17883690424136425,2024-07-28,"{""type"":""MultiPoint"",""coordinates"":[]}"
20240728T181919_20240728T182210_T12UYB_6,210,0.5301455301455302,2024-07-28,"{""type"":""MultiPoint"",""coordinates"":[]}"
20240728T181919_20240728T182210_T13UCS_6,210,0.5327754532775453,2024-07-28,"{""type"":""MultiPoint"",""coordinates"":[]}"
20240729T174909_20240729T175330_T13TDH_4,211,0.17931422147273748,2024-07-29,"{""type"":""MultiPoint"",""coordinates"":[]}"
20240729T174909_20240729T175330_T13TDJ_4,211,0.20322394933793897,2024-07-29,"{""type"":""MultiPoint"",""coordinates"":[]}"
20240729T174909_20240729T175330_T13TEF_3,211,0.1452838623156012,2024-07-29,"{""type"":""MultiPoint"",""coordinates"":[]}"
20240731T173911_20240731T175229_T13TEF_3,213,0.13190436933223412,2024-07-31,"{""type"":""MultiPoint"",""coordinates"":[]}"
20240802T172859_20240802T173921_T13REP_0,215,0.15266168059832824,2024-08-02,"{""type"":""MultiPoint"",""coordinates"":[]}"
20240802T172859_20240802T173921_T13SFT_1,215,0.25240174672489085,2024-08-02,"{""type"":""MultiPoint"",""coordinates"":[]}"
20240802T172859_20240802T173921_T13SGC_2,215,0.1603305785123967,2024-08-02,"{""type"":""MultiPoint"",""coordinates"":[]}"
20240803T180011_20240803T180014_T13TDH_4,216,0.1036036036036036,2024-08-03,"{""type"":""MultiPoint"",""coordinates"":[]}"
20240803T180011_20240803T180014_T13TDJ_4,216,0.10337078651685394,2024-08-03,"{""type"":""MultiPoint"",""coordinates"":[]}"
20240803T180011_20240803T180014_T13TEF_3,216,0.02640970735189157,2024-08-03,"{""type"":""MultiPoint"",""coordinates"":[]}"
20240805T173909_20240805T174849_T13TEF_3,218,0.12453760789149201,2024-08-05,"{""type"":""MultiPoint"",""coordinates"":[]}"
20240807T172901_20240807T173814_T13SFT_1,220,0.24828178694158082,2024-08-07,"{""type"":""MultiPoint"",""coordinates"":[]}"
20240809T180921_20240809T181632_T12TYT_5,222,0.2050599201065246,2024-08-09,"{""type"":""MultiPoint"",""coordinates"":[]}"
20240809T180921_20240809T181632_T12UYB_6,222,0.3924581005586592,2024-08-09,"{""type"":""MultiPoint"",""coordinates"":[]}"
20240809T180921_20240809T181632_T12UYU_5,222,0.2034574468085106,2024-08-09,"{""type"":""MultiPoint"",""coordinates"":[]}"
20240809T180921_20240809T181632_T13UCS_6,222,0.39853300733496333,2024-08-09,"{""type"":""MultiPoint"",""coordinates"":[]}"
20240810T173901_20240810T175156_T13TEF_3,223,0.14366197183098597,2024-08-10,"{""type"":""MultiPoint"",""coordinates"":[]}"
20240812T172859_20240812T173831_T13REP_0,225,0.13489606368863336,2024-08-12,"{""type"":""MultiPoint"",""coordinates"":[]}"
20240814T180919_20240814T181309_T12TYT_5,227,0.18400000000000005,2024-08-14,"{""type"":""MultiPoint"",""coordinates"":[]}"
20240814T180919_20240814T181309_T12UYB_6,227,0.3360160965794768,2024-08-14,"{""type"":""MultiPoint"",""coordinates"":[]}"
20240814T180919_20240814T181309_T13UCS_6,227,0.3460360666893501,2024-08-14,"{""type"":""MultiPoint"",""coordinates"":[]}"
20240815T173909_20240815T174811_T13SGC_2,228,0.17283950617283952,2024-08-15,"{""type"":""MultiPoint"",""coordinates"":[]}"
20240815T173909_20240815T174811_T13TEF_3,228,0.16108108108108105,2024-08-15,"{""type"":""MultiPoint"",""coordinates"":[]}"
20240817T172901_20240817T173610_T13REP_0,230,0.13664596273291924,2024-08-17,"{""type"":""MultiPoint"",""coordinates"":[]}"
20240817T172901_20240817T173610_T13SFT_1,230,0.2088472990216929,2024-08-17,"{""type"":""MultiPoint"",""coordinates"":[]}"
20240817T172901_20240817T173610_T13SGC_2,230,0.15640674874601002,2024-08-17,"{""type"":""MultiPoint"",""coordinates"":[]}"
20240817T181919_20240817T182801_T13UCS_6,230,0.3283632666892579,2024-08-17,"{""type"":""MultiPoint"",""coordinates"":[]}"
20240818T174909_20240818T175815_T13TDH_4,231,0.19764397905759162,2024-08-18,"{""type"":""MultiPoint"",""coordinates"":[]}"
20240818T174909_20240818T175815_T13TDJ_4,231,0.1950424005218526,2024-08-18,"{""type"":""MultiPoint"",""coordinates"":[]}"
20240818T174909_20240818T175815_T13TEF_3,231,0.18074656188605107,2024-08-18,"{""type"":""MultiPoint"",""coordinates"":[]}"
20240820T173901_20240820T174100_T13TEF_3,233,0.18934348239771648,2024-08-20,"{""type"":""MultiPoint"",""coordinates"":[]}"
20240820T173901_20240820T175258_T13SGC_2,233,0.14932614555256066,2024-08-20,"{""type"":""MultiPoint"",""coordinates"":[]}"
20240822T172859_20240822T173608_T13REP_0,235,0.1385199240986717,2024-08-22,"{""type"":""MultiPoint"",""coordinates"":[]}"
20240822T172859_20240822T173608_T13SFT_1,235,0.1927212572373862,2024-08-22,"{""type"":""MultiPoint"",""coordinates"":[]}"
20240822T172859_20240822T173608_T13SGC_2,235,0.14352941176470588,2024-08-22,"{""type"":""MultiPoint"",""coordinates"":[]}"
20240823T174901_20240823T175543_T13TEF_3,236,0.20597014925373136,2024-08-23,"{""type"":""MultiPoint"",""coordinates"":[]}"
20240825T173909_20240825T174804_T13SGC_2,238,0.15844155844155844,2024-08-25,"{""type"":""MultiPoint"",""coordinates"":[]}"
20240825T173909_20240825T174804_T13TEF_3,238,0.175531914893617,2024-08-25,"{""type"":""MultiPoint"",""coordinates"":[]}"
20240828T174909_20240828T180134_T13TDH_4,241,0.21290322580645163,2024-08-28,"{""type"":""MultiPoint"",""coordinates"":[]}"
20240828T174909_20240828T180134_T13TDJ_4,241,0.21028938906752412,2024-08-28,"{""type"":""MultiPoint"",""coordinates"":[]}"
20240828T174909_20240828T180134_T13TEF_3,241,0.25462731365682845,2024-08-28,"{""type"":""MultiPoint"",""coordinates"":[]}"
20240830T173901_20240830T175223_T13TEF_3,243,0.22393822393822393,2024-08-30,"{""type"":""MultiPoint"",""coordinates"":[]}"
20240901T172859_20240901T173815_T13SGC_2,245,0.1643564356435643,2024-09-01,"{""type"":""MultiPoint"",""coordinates"":[]}"
20240901T181921_20240901T181918_T12UYB_6,245,0.30025170801869827,2024-09-01,"{""type"":""MultiPoint"",""coordinates"":[]}"
20240901T181921_20240901T181918_T13UCS_6,245,0.30330548492553583,2024-09-01,"{""type"":""MultiPoint"",""coordinates"":[]}"
20240901T181921_20240901T182957_T12UYB_6,245,0.29682997118155613,2024-09-01,"{""type"":""MultiPoint"",""coordinates"":[]}"
20240901T181921_20240901T182957_T13UCS_6,245,0.2999273783587509,2024-09-01,"{""type"":""MultiPoint"",""coordinates"":[]}"
20240902T174911_20240902T175625_T13TDH_4,246,0.19264892268694547,2024-09-02,"{""type"":""MultiPoint"",""coordinates"":[]}"
20240902T174911_20240902T175625_T13TDJ_4,246,0.18318695106649932,2024-09-02,"{""type"":""MultiPoint"",""coordinates"":[]}"
20240902T174911_20240902T175625_T13TEF_3,246,0.19191919191919188,2024-09-02,"{""type"":""MultiPoint"",""coordinates"":[]}"
20240904T173909_20240904T174307_T13SGC_2,248,0.14999999999999997,2024-09-04,"{""type"":""MultiPoint"",""coordinates"":[]}"
20240906T172901_20240906T174247_T13SFT_1,250,0.19619706136560067,2024-09-06,"{""type"":""MultiPoint"",""coordinates"":[]}"
20240906T172901_20240906T174247_T13SGC_2,250,0.152046783625731,2024-09-06,"{""type"":""MultiPoint"",""coordinates"":[]}"
20240906T181919_20240906T181921_T12UYB_6,250,0.29424697691462076,2024-09-06,"{""type"":""MultiPoint"",""coordinates"":[]}"
20240906T181919_20240906T181921_T13UCS_6,250,0.29542097488921715,2024-09-06,"{""type"":""MultiPoint"",""coordinates"":[]}"
20240907T174909_20240907T175259_T13TDH_4,251,0.17178612059158127,2024-09-07,"{""type"":""MultiPoint"",""coordinates"":[]}"
20240907T174909_20240907T175259_T13TDJ_4,251,0.17351598173515978,2024-09-07,"{""type"":""MultiPoint"",""coordinates"":[]}"
20240907T174909_20240907T175259_T13TEF_3,251,0.20447609359104782,2024-09-07,"{""type"":""MultiPoint"",""coordinates"":[]}"
20240908T180911_20240908T181826_T12TYT_5,252,0.15379449294828745,2024-09-08,"{""type"":""MultiPoint"",""coordinates"":[]}"
20240908T180911_20240908T181826_T12UYB_6,252,0.2768044849334268,2024-09-08,"{""type"":""MultiPoint"",""coordinates"":[]}"
20240908T180911_20240908T181826_T12UYU_5,252,0.14285714285714285,2024-09-08,"{""type"":""MultiPoint"",""coordinates"":[]}"
20240908T180911_20240908T181826_T13UCS_6,252,0.2818696883852691,2024-09-08,"{""type"":""MultiPoint"",""coordinates"":[]}"
20240909T173901_20240909T175112_T13SGC_2,253,0.13562005277044856,2024-09-09,"{""type"":""MultiPoint"",""coordinates"":[]}"
20240909T173901_20240909T175112_T13TEF_3,253,0.19047619047619044,2024-09-09,"{""type"":""MultiPoint"",""coordinates"":[]}"
20240911T172859_20240911T173549_T13REP_0,255,0.14102564102564108,2024-09-11,"{""type"":""MultiPoint"",""coordinates"":[]}"
20240911T172859_20240911T173549_T13SFT_1,255,0.1832460732984293,2024-09-11,"{""type"":""MultiPoint"",""coordinates"":[]}"
20240912T174931_20240912T180223_T13TEF_3,256,0.12417145382235976,2024-09-12,"{""type"":""MultiPoint"",""coordinates"":[]}"
20240914T173859_20240914T174615_T13SGC_2,258,0.1441670911869587,2024-09-14,"{""type"":""MultiPoint"",""coordinates"":[]}"
20240914T173859_20240914T174615_T13TEF_3,258,0.2155339805825243,2024-09-14,"{""type"":""MultiPoint"",""coordinates"":[]}"
20240916T172951_20240916T173435_T13REP_0,260,0.12992304210049793,2024-09-16,"{""type"":""MultiPoint"",""coordinates"":[]}"
20240916T172951_20240916T173435_T13SFT_1,260,0.16104553119730178,2024-09-16,"{""type"":""MultiPoint"",""coordinates"":[]}"
20240916T181919_20240916T182448_T12UYB_6,260,0.31735537190082636,2024-09-16,"{""type"":""MultiPoint"",""coordinates"":[]}"
20240916T181919_20240916T182448_T13UCS_6,260,0.3119341563786008,2024-09-16,"{""type"":""MultiPoint"",""coordinates"":[]}"
20240917T174909_20240917T175744_T13TEF_3,261,0.17378351539225423,2024-09-17,"{""type"":""MultiPoint"",""coordinates"":[]}"
20240922T175041_20240922T180013_T13TDH_4,266,0.17700112739571597,2024-09-22,"{""type"":""MultiPoint"",""coordinates"":[]}"
20240922T175041_20240922T180013_T13TDJ_4,266,0.1751412429378531,2024-09-22,"{""type"":""MultiPoint"",""coordinates"":[]}"
20240923T180959_20240923T181330_T12TYT_5,267,0.17822520507084263,2024-09-23,"{""type"":""MultiPoint"",""coordinates"":[]}"
20240923T180959_20240923T181330_T12UYB_6,267,0.42666666666666664,2024-09-23,"{""type"":""MultiPoint"",""coordinates"":[]}"
20240923T180959_20240923T181330_T12UYU_5,267,0.17849141150112025,2024-09-23,"{""type"":""MultiPoint"",""coordinates"":[]}"
20240923T180959_20240923T181330_T13UCS_6,267,0.4639376218323587,2024-09-23,"{""type"":""MultiPoint"",""coordinates"":[]}"
20240924T173959_20240924T174821_T13TEF_3,268,0.19134931828866955,2024-09-24,"{""type"":""MultiPoint"",""coordinates"":[]}"
20240926T173101_20240926T173820_T13REP_0,270,0.1467051467051467,2024-09-26,"{""type"":""MultiPoint"",""coordinates"":[]}"
20240926T173101_20240926T173820_T13SFT_1,270,0.15097540288379982,2024-09-26,"{""type"":""MultiPoint"",""coordinates"":[]}"
20240926T173101_20240926T173820_T13SGC_2,270,0.15952143569292124,2024-09-26,"{""type"":""MultiPoint"",""coordinates"":[]}"
20240927T175019_20240927T175607_T13TDH_4,271,0.16919617762788083,2024-09-27,"{""type"":""MultiPoint"",""coordinates"":[]}"
20240927T175019_20240927T175607_T13TDJ_4,271,0.16396194739787348,2024-09-27,"{""type"":""MultiPoint"",""coordinates"":[]}"
20240927T175019_20240927T175607_T13TEF_3,271,0.1531356344190569,2024-09-27,"{""type"":""MultiPoint"",""coordinates"":[]}"
20240928T181131_20240928T181716_T12TYT_5,272,0.15837104072398184,2024-09-28,"{""type"":""MultiPoint"",""coordinates"":[]}"
20240928T181131_20240928T181716_T12UYB_6,272,0.3243890752275994,2024-09-28,"{""type"":""MultiPoint"",""coordinates"":[]}"
20240928T181131_20240928T181716_T12UYU_5,272,0.1593118922961855,2024-09-28,"{""type"":""MultiPoint"",""coordinates"":[]}"
20240928T181131_20240928T181716_T13UCS_6,272,0.3047711781888997,2024-09-28,"{""type"":""MultiPoint"",""coordinates"":[]}"
20240929T174131_20240929T174916_T13SGC_2,273,0.16367476240760295,2024-09-29,"{""type"":""MultiPoint"",""coordinates"":[]}"
20240929T174131_20240929T174916_T13TEF_3,273,0.18841955386805884,2024-09-29,"{""type"":""MultiPoint"",""coordinates"":[]}"
20241001T173039_20241001T174258_T13REP_0,275,0.14039073148568829,2024-10-01,"{""type"":""MultiPoint"",""coordinates"":[]}"
20241001T173039_20241001T174258_T13SFT_1,275,0.1597633136094674,2024-10-01,"{""type"":""MultiPoint"",""coordinates"":[]}"
20241001T173039_20241001T174258_T13SGC_2,275,0.15925394548063126,2024-10-01,"{""type"":""MultiPoint"",""coordinates"":[]}"
20241002T175151_20241002T175522_T13TDH_4,276,0.17057220708446863,2024-10-02,"{""type"":""MultiPoint"",""coordinates"":[]}"
20241002T175151_20241002T175522_T13TDJ_4,276,0.17557251908396948,2024-10-02,"{""type"":""MultiPoint"",""coordinates"":[]}"
20241002T175151_20241002T175522_T13TEF_3,276,0.1678691678691679,2024-10-02,"{""type"":""MultiPoint"",""coordinates"":[]}"
20241003T181119_20241003T181935_T12TYT_5,277,0.1585535465924896,2024-10-03,"{""type"":""MultiPoint"",""coordinates"":[]}"
20241003T181119_20241003T181935_T12UYU_5,277,0.15811373092926498,2024-10-03,"{""type"":""MultiPoint"",""coordinates"":[]}"
20241004T174109_20241004T174108_T13TEF_3,278,0.15303791685701235,2024-10-04,"{""type"":""MultiPoint"",""coordinates"":[]}"
20241004T174109_20241004T175248_T13SGC_2,278,0.16300459887583035,2024-10-04,"{""type"":""MultiPoint"",""coordinates"":[]}"
20241006T173211_20241006T174303_T13REP_0,280,0.14505893019038985,2024-10-06,"{""type"":""MultiPoint"",""coordinates"":[]}"
20241006T173211_20241006T174303_T13SFT_1,280,0.14755480607082633,2024-10-06,"{""type"":""MultiPoint"",""coordinates"":[]}"
20241006T173211_20241006T174303_T13SGC_2,280,0.15384615384615383,2024-10-06,"{""type"":""MultiPoint"",""coordinates"":[]}"
20241007T175129_20241007T175718_T13TDH_4,281,0.17771883289124668,2024-10-07,"{""type"":""MultiPoint"",""coordinates"":[]}"
20241007T175129_20241007T175718_T13TDJ_4,281,0.19226638023630505,2024-10-07,"{""type"":""MultiPoint"",""coordinates"":[]}"
20241007T175129_20241007T175718_T13TEF_3,281,0.12776093546990044,2024-10-07,"{""type"":""MultiPoint"",""coordinates"":[]}"
20241008T181241_20241008T181330_T12TYT_5,282,0.14403292181069963,2024-10-08,"{""type"":""MultiPoint"",""coordinates"":[]}"
20241008T181241_20241008T181330_T12UYB_6,282,0.29857022708158115,2024-10-08,"{""type"":""MultiPoint"",""coordinates"":[]}"
20241008T181241_20241008T181330_T12UYU_5,282,0.14580467675378264,2024-10-08,"{""type"":""MultiPoint"",""coordinates"":[]}"
20241008T181241_20241008T181330_T13UCS_6,282,0.2917023096663815,2024-10-08,"{""type"":""MultiPoint"",""coordinates"":[]}"
20241009T174231_20241009T174421_T13SGC_2,283,0.14466634193862637,2024-10-09,"{""type"":""MultiPoint"",""coordinates"":[]}"
20241009T174231_20241009T174421_T13TEF_3,283,0.15187021180712032,2024-10-09,"{""type"":""MultiPoint"",""coordinates"":[]}"
20241011T173149_20241011T173852_T13REP_0,285,0.1491509866911427,2024-10-11,"{""type"":""MultiPoint"",""coordinates"":[]}"
20241011T173149_20241011T173852_T13SFT_1,285,0.15976821192052978,2024-10-11,"{""type"":""MultiPoint"",""coordinates"":[]}"
20241011T173149_20241011T173852_T13SGC_2,285,0.14339801230477997,2024-10-11,"{""type"":""MultiPoint"",""coordinates"":[]}"
20241011T182301_20241011T182507_T12UYB_6,285,0.27332782824112306,2024-10-11,"{""type"":""MultiPoint"",""coordinates"":[]}"
20241011T182301_20241011T182507_T13UCS_6,285,0.2575822298163178,2024-10-11,"{""type"":""MultiPoint"",""coordinates"":[]}"
20241012T175301_20241012T180009_T13TDH_4,286,0.14232730644413538,2024-10-12,"{""type"":""MultiPoint"",""coordinates"":[]}"
20241012T175301_20241012T180009_T13TEF_3,286,0.17061831706183175,2024-10-12,"{""type"":""MultiPoint"",""coordinates"":[]}"
20241013T181219_20241013T181445_T12TYT_5,287,0.1633522727272727,2024-10-13,"{""type"":""MultiPoint"",""coordinates"":[]}"
20241014T174209_20241014T174540_T13SGC_2,288,0.15353938185443666,2024-10-14,"{""type"":""MultiPoint"",""coordinates"":[]}"
20241014T174209_20241014T174540_T13TEF_3,288,0.1821826280623608,2024-10-14,"{""type"":""MultiPoint"",""coordinates"":[]}"
20241016T173321_20241016T173645_T13REP_0,290,0.133879781420765,2024-10-16,"{""type"":""MultiPoint"",""coordinates"":[]}"
20241016T173321_20241016T173645_T13SFT_1,290,0.13787375415282394,2024-10-16,"{""type"":""MultiPoint"",""coordinates"":[]}"
20241016T173321_20241016T173645_T13SGC_2,290,0.13165266106442577,2024-10-16,"{""type"":""MultiPoint"",""coordinates"":[]}"
20241018T181351_20241018T181742_T12UYB_6,292,0.23477594791267717,2024-10-18,"{""type"":""MultiPoint"",""coordinates"":[]}"
20241018T181351_20241018T181742_T13UCS_6,292,0.2260061919504644,2024-10-18,"{""type"":""MultiPoint"",""coordinates"":[]}"
20241019T174341_20241019T174809_T13TEF_3,293,0.14133805937084623,2024-10-19,"{""type"":""MultiPoint"",""coordinates"":[]}"
20241021T173259_20241021T173917_T13SFT_1,295,0.16169154228855726,2024-10-21,"{""type"":""MultiPoint"",""coordinates"":[]}"
20241021T173259_20241021T173917_T13SGC_2,295,0.1763191763191763,2024-10-21,"{""type"":""MultiPoint"",""coordinates"":[]}"
20241022T175411_20241022T175447_T13TDH_4,296,0.1568816169393648,2024-10-22,"{""type"":""MultiPoint"",""coordinates"":[]}"
20241022T175411_20241022T175447_T13TEF_3,296,0.1597863040310831,2024-10-22,"{""type"":""MultiPoint"",""coordinates"":[]}"
20241023T181329_20241023T181540_T12UYB_6,297,0.2647289866457188,2024-10-23,"{""type"":""MultiPoint"",""coordinates"":[]}"
20241023T181329_20241023T181540_T13UCS_6,297,0.2650120096076861,2024-10-23,"{""type"":""MultiPoint"",""coordinates"":[]}"
20241024T174319_20241024T174534_T13SGC_2,298,0.1704745166959578,2024-10-24,"{""type"":""MultiPoint"",""coordinates"":[]}"
20241026T173421_20241026T174151_T13REP_0,300,0.15532118887823584,2024-10-26,"{""type"":""MultiPoint"",""coordinates"":[]}"
20241026T173421_20241026T174151_T13SFT_1,300,0.14177852348993286,2024-10-26,"{""type"":""MultiPoint"",""coordinates"":[]}"
20241026T173421_20241026T174151_T13SGC_2,300,0.15122972265829407,2024-10-26,"{""type"":""MultiPoint"",""coordinates"":[]}"
20241027T175339_20241027T175619_T13TEF_3,301,0.0976778474014007,2024-10-27,"{""type"":""MultiPoint"",""coordinates"":[]}"
20241028T181451_20241028T181452_T12TYT_5,302,0.15655853314527507,2024-10-28,"{""type"":""MultiPoint"",""coordinates"":[]}"
20241028T181451_20241028T181452_T12UYB_6,302,0.20483749055177622,2024-10-28,"{""type"":""MultiPoint"",""coordinates"":[]}"
20241028T181451_20241028T181452_T12UYU_5,302,0.15618374558303882,2024-10-28,"{""type"":""MultiPoint"",""coordinates"":[]}"
20241028T181451_20241028T181452_T13UCS_6,302,0.2146118721461187,2024-10-28,"{""type"":""MultiPoint"",""coordinates"":[]}"
20241029T174441_20241029T175146_T13SGC_2,303,0.15548098434004476,2024-10-29,"{""type"":""MultiPoint"",""coordinates"":[]}"
20241031T173359_20241031T174053_T13REP_0,305,0.14353163361661944,2024-10-31,"{""type"":""MultiPoint"",""coordinates"":[]}"
20241031T173359_20241031T174053_T13SFT_1,305,0.15711947626841244,2024-10-31,"{""type"":""MultiPoint"",""coordinates"":[]}"
20241031T173359_20241031T174053_T13SGC_2,305,0.13741636644364386,2024-10-31,"{""type"":""MultiPoint"",""coordinates"":[]}"
20241101T175511_20241101T175842_T13TDH_4,306,-0.010126989230027283,2024-11-01,"{""type"":""MultiPoint"",""coordinates"":[]}"
20241101T175511_20241101T175842_T13TDJ_4,306,-0.012550963306419326,2024-11-01,"{""type"":""MultiPoint"",""coordinates"":[]}"
20241101T175511_20241101T175842_T13TEF_3,306,0.16795069337442217,2024-11-01,"{""type"":""MultiPoint"",""coordinates"":[]}"
20241105T173521_20241105T173648_T13SFT_1,310,0.1423444976076555,2024-11-05,"{""type"":""MultiPoint"",""coordinates"":[]}"
20241105T173521_20241105T173648_T13SGC_2,310,0.15309446254071657,2024-11-05,"{""type"":""MultiPoint"",""coordinates"":[]}"
20241105T173521_20241105T174520_T13REP_0,310,0.14411247803163446,2024-11-05,"{""type"":""MultiPoint"",""coordinates"":[]}"
20241107T181541_20241107T181544_T12TYT_5,312,0.11852624261383385,2024-11-07,"{""type"":""MultiPoint"",""coordinates"":[]}"
20241107T181541_20241107T181544_T12UYB_6,312,0.22307382008874552,2024-11-07,"{""type"":""MultiPoint"",""coordinates"":[]}"
20241107T181541_20241107T181544_T12UYU_5,312,0.12110726643598616,2024-11-07,"{""type"":""MultiPoint"",""coordinates"":[]}"
20241107T181541_20241107T181544_T13UCS_6,312,0.21252059308072482,2024-11-07,"{""type"":""MultiPoint"",""coordinates"":[]}"
20241110T173449_20241110T173458_T13SGC_2,315,0.1733497840838988,2024-11-10,"{""type"":""MultiPoint"",""coordinates"":[]}"
20241110T173449_20241110T174330_T13REP_0,315,0.1522227211495285,2024-11-10,"{""type"":""MultiPoint"",""coordinates"":[]}"
20241110T173449_20241110T174330_T13SFT_1,315,0.17159763313609463,2024-11-10,"{""type"":""MultiPoint"",""coordinates"":[]}"
20241111T175601_20241111T180115_T13TDH_4,316,0.16372489348752287,2024-11-11,"{""type"":""MultiPoint"",""coordinates"":[]}"
20241111T175601_20241111T180115_T13TEF_3,316,0.14115092290988054,2024-11-11,"{""type"":""MultiPoint"",""coordinates"":[]}"
20241113T174509_20241113T174506_T13SGC_2,318,0.1663807890222984,2024-11-13,"{""type"":""MultiPoint"",""coordinates"":[]}"
20241113T174509_20241113T174506_T13TEF_3,318,0.1557336004006009,2024-11-13,"{""type"":""MultiPoint"",""coordinates"":[]}"
20241115T173611_20241115T173829_T13REP_0,320,0.12528895053166897,2024-11-15,"{""type"":""MultiPoint"",""coordinates"":[]}"
20241115T173611_20241115T173829_T13SFT_1,320,0.12479914301017678,2024-11-15,"{""type"":""MultiPoint"",""coordinates"":[]}"
20241115T173611_20241115T173829_T13SGC_2,320,0.16004296455424272,2024-11-15,"{""type"":""MultiPoint"",""coordinates"":[]}"
20241116T175529_20241116T175525_T13TEF_3,321,0.15030820293978192,2024-11-16,"{""type"":""MultiPoint"",""coordinates"":[]}"
20241116T175529_20241116T180234_T13TEF_3,321,0.16674769081186191,2024-11-16,"{""type"":""MultiPoint"",""coordinates"":[]}"
20241118T174631_20241118T174754_T13TEF_3,323,0.11807228915662653,2024-11-18,"{""type"":""MultiPoint"",""coordinates"":[]}"
20241120T173539_20241120T173905_T13REP_0,325,0.15922968529826212,2024-11-20,"{""type"":""MultiPoint"",""coordinates"":[]}"
20241120T173539_20241120T173905_T13SFT_1,325,0.15824468085106386,2024-11-20,"{""type"":""MultiPoint"",""coordinates"":[]}"
20241120T173539_20241120T173905_T13SGC_2,325,0.16108786610878667,2024-11-20,"{""type"":""MultiPoint"",""coordinates"":[]}"
20241120T182651_20241120T182650_T12UYB_6,325,0.03174149270803545,2024-11-20,"{""type"":""MultiPoint"",""coordinates"":[]}"
20241120T182651_20241120T182650_T13UCS_6,325,0.02778573474649102,2024-11-20,"{""type"":""MultiPoint"",""coordinates"":[]}"
20241121T175641_20241121T175642_T13TDH_4,326,0.1691259931895573,2024-11-21,"{""type"":""MultiPoint"",""coordinates"":[]}"
20241121T175641_20241121T175642_T13TDJ_4,326,0.15973003374578174,2024-11-21,"{""type"":""MultiPoint"",""coordinates"":[]}"
20241121T175641_20241121T175642_T13TEF_3,326,0.11404667547335978,2024-11-21,"{""type"":""MultiPoint"",""coordinates"":[]}"
20241125T173651_20241125T174027_T13SGC_2,330,0.1588204862907398,2024-11-25,"{""type"":""MultiPoint"",""coordinates"":[]}"
20241128T174701_20241128T174941_T13SGC_2,333,0.16978922716627634,2024-11-28,"{""type"":""MultiPoint"",""coordinates"":[]}"
20241128T174701_20241128T174941_T13TEF_3,333,0.11958568738229758,2024-11-28,"{""type"":""MultiPoint"",""coordinates"":[]}"
20241130T173619_20241130T173801_T13SGC_2,335,0.14812805208898536,2024-11-30,"{""type"":""MultiPoint"",""coordinates"":[]}"
20241201T175721_20241201T175716_T13TDH_4,336,0.06706971471755144,2024-12-01,"{""type"":""MultiPoint"",""coordinates"":[]}"
20241201T175721_20241201T175716_T13TDJ_4,336,0.06712172923777017,2024-12-01,"{""type"":""MultiPoint"",""coordinates"":[]}"
20241201T175721_20241201T175716_T13TEF_3,336,0.12476547842401507,2024-12-01,"{""type"":""MultiPoint"",""coordinates"":[]}"
20241203T174629_20241203T174733_T13SGC_2,338,0.15836597649692216,2024-12-03,"{""type"":""MultiPoint"",""coordinates"":[]}"
20241203T174629_20241203T174733_T13TEF_3,338,0.13534482758620694,2024-12-03,"{""type"":""MultiPoint"",""coordinates"":[]}"
20241205T173721_20241205T174141_T13SGC_2,340,0.14704343275771847,2024-12-05,"{""type"":""MultiPoint"",""coordinates"":[]}"
20241206T175639_20241206T180051_T13TDH_4,341,0.16313680595306237,2024-12-06,"{""type"":""MultiPoint"",""coordinates"":[]}"
20241206T175639_20241206T180051_T13TDJ_4,341,0.1505131128848347,2024-12-06,"{""type"":""MultiPoint"",""coordinates"":[]}"
20241206T175639_20241206T180051_T13TEF_3,341,0.14070588235294115,2024-12-06,"{""type"":""MultiPoint"",""coordinates"":[]}"
20241208T174731_20241208T175045_T13SGC_2,343,0.144960362400906,2024-12-08,"{""type"":""MultiPoint"",""coordinates"":[]}"
20241210T173639_20241210T173634_T13REP_0,345,0.10875955320399758,2024-12-10,"{""type"":""MultiPoint"",""coordinates"":[]}"
20241215T173741_20241215T174227_T13REP_0,350,0.14233576642335768,2024-12-15,"{""type"":""MultiPoint"",""coordinates"":[]}"
20241215T173801_20241215T173802_T13REP_0,350,0.14078110808356034,2024-12-15,"{""type"":""MultiPoint"",""coordinates"":[]}"
20241216T175649_20241216T180117_T13TDH_4,351,0.012512441347931145,2024-12-16,"{""type"":""MultiPoint"",""coordinates"":[]}"
20241216T175649_20241216T180117_T13TEF_3,351,0.12024756852343059,2024-12-16,"{""type"":""MultiPoint"",""coordinates"":[]}"
20241220T173639_20241220T173642_T13REP_0,355,0.14156898106402158,2024-12-20,"{""type"":""MultiPoint"",""coordinates"":[]}"
20241220T173639_20241220T173642_T13SFT_1,355,0.14205502526670413,2024-12-20,"{""type"":""MultiPoint"",""coordinates"":[]}"
20241220T173639_20241220T173642_T13SGC_2,355,0.14514514514514512,2024-12-20,"{""type"":""MultiPoint"",""coordinates"":[]}"
20241221T175751_20241221T175745_T13TDJ_4,356,0.14847161572052403,2024-12-21,"{""type"":""MultiPoint"",""coordinates"":[]}"
20241221T175751_20241221T175745_T13TEF_3,356,0.1064793837788854,2024-12-21,"{""type"":""MultiPoint"",""coordinates"":[]}"
20241222T181659_20241222T181700_T12TYT_5,357,0.06307775965198477,2024-12-22,"{""type"":""MultiPoint"",""coordinates"":[]}"
20241222T181659_20241222T181700_T12UYU_5,357,0.0636215334420881,2024-12-22,"{""type"":""MultiPoint"",""coordinates"":[]}"
20241225T173741_20241225T174246_T13REP_0,360,0.15263644773358,2024-12-25,"{""type"":""MultiPoint"",""coordinates"":[]}"
20241227T181751_20241227T181836_T12TYT_5,362,0.16287215411558667,2024-12-27,"{""type"":""MultiPoint"",""coordinates"":[]}"
20241230T173639_20241230T173956_T13REP_0,365,0.15119825708061002,2024-12-30,"{""type"":""MultiPoint"",""coordinates"":[]}"
20241230T173639_20241230T173956_T13SFT_1,365,0.14586799778147533,2024-12-30,"{""type"":""MultiPoint"",""coordinates"":[]}"
20241230T173639_20241230T173956_T13SGC_2,365,0.13699999999999996,2024-12-30,"{""type"":""MultiPoint"",""coordinates"":[]}"
20250102T174639_20250102T175210_T13SGC_2,2,0.13510580575149217,2025-01-02,"{""type"":""MultiPoint"",""coordinates"":[]}"
20250109T173619_20250109T173916_T13REP_0,9,0.16324062877871826,2025-01-09,"{""type"":""MultiPoint"",""coordinates"":[]}"
20250109T182731_20250109T182950_T12UYB_6,9,-0.02681992337164755,2025-01-09,"{""type"":""MultiPoint"",""coordinates"":[]}"
20250109T182731_20250109T182950_T13UCS_6,9,-0.03139866793529969,2025-01-09,"{""type"":""MultiPoint"",""coordinates"":[]}"
20250110T175721_20250110T175715_T13TEF_3,10,0.07917888563049853,2025-01-10,"{""type"":""MultiPoint"",""coordinates"":[]}"
20250112T174609_20250112T175231_T13SGC_2,12,0.13761467889908255,2025-01-12,"{""type"":""MultiPoint"",""coordinates"":[]}"
20250112T174609_20250112T175231_T13TEF_3,12,0.05593607305936075,2025-01-12,"{""type"":""MultiPoint"",""coordinates"":[]}"
20250114T173701_20250114T174059_T13REP_0,14,0.15114646700982684,2025-01-14,"{""type"":""MultiPoint"",""coordinates"":[]}"
20250114T173701_20250114T174059_T13SFT_1,14,0.11692844677137874,2025-01-14,"{""type"":""MultiPoint"",""coordinates"":[]}"
20250114T173701_20250114T174059_T13SGC_2,14,0.13926701570680627,2025-01-14,"{""type"":""MultiPoint"",""coordinates"":[]}"
20250115T175609_20250115T175917_T13TEF_3,15,0.09712380158399334,2025-01-15,"{""type"":""MultiPoint"",""coordinates"":[]}"
20250116T181711_20250116T181705_T12UYB_6,16,-0.048859536476487546,2025-01-16,"{""type"":""MultiPoint"",""coordinates"":[]}"
20250116T181711_20250116T181705_T13UCS_6,16,-0.05021940516821065,2025-01-16,"{""type"":""MultiPoint"",""coordinates"":[]}"
20250117T174651_20250117T174738_T13SGC_2,17,0.1410979989738327,2025-01-17,"{""type"":""MultiPoint"",""coordinates"":[]}"
20250119T173549_20250119T173800_T13REP_0,19,0.14595062797747946,2025-01-19,"{""type"":""MultiPoint"",""coordinates"":[]}"
20250119T173549_20250119T173800_T13SFT_1,19,0.07838983050847456,2025-01-19,"{""type"":""MultiPoint"",""coordinates"":[]}"
20250122T174539_20250122T174537_T13SGC_2,22,0.0632911392405063,2025-01-22,"{""type"":""MultiPoint"",""coordinates"":[]}"
20250124T173651_20250124T174336_T13SFT_1,24,0.13347921225382925,2025-01-24,"{""type"":""MultiPoint"",""coordinates"":[]}"
20250124T173651_20250124T174336_T13SGC_2,24,0.129695885509839,2025-01-24,"{""type"":""MultiPoint"",""coordinates"":[]}"
20250126T181651_20250126T182002_T12TYT_5,26,0.010790464240903314,2025-01-26,"{""type"":""MultiPoint"",""coordinates"":[]}"
20250126T181651_20250126T182002_T12UYU_5,26,0.010522827077636958,2025-01-26,"{""type"":""MultiPoint"",""coordinates"":[]}"
20250127T174641_20250127T175220_T13SGC_2,27,0.13191489361702122,2025-01-27,"{""type"":""MultiPoint"",""coordinates"":[]}"
20250127T174641_20250127T175220_T13TEF_3,27,0.022123893805309755,2025-01-27,"{""type"":""MultiPoint"",""coordinates"":[]}"
20250129T173459_20250129T173534_T13REP_0,29,0.13775065387968616,2025-01-29,"{""type"":""MultiPoint"",""coordinates"":[]}"
20250130T175631_20250130T175800_T13TDH_4,30,0.13613200679446738,2025-01-30,"{""type"":""MultiPoint"",""coordinates"":[]}"
20250130T175631_20250130T175800_T13TDJ_4,30,0.13846153846153847,2025-01-30,"{""type"":""MultiPoint"",""coordinates"":[]}"
20250130T175631_20250130T175800_T13TEF_3,30,0.0954198473282443,2025-01-30,"{""type"":""MultiPoint"",""coordinates"":[]}"
20250203T173601_20250203T174139_T13REP_0,34,0.14123801220575408,2025-02-03,"{""type"":""MultiPoint"",""coordinates"":[]}"
20250206T174541_20250206T175027_T13SGC_2,37,0.13841368584758945,2025-02-06,"{""type"":""MultiPoint"",""coordinates"":[]}"
20250208T173409_20250208T174153_T13REP_0,39,0.14038876889848811,2025-02-08,"{""type"":""MultiPoint"",""coordinates"":[]}"
20250208T173409_20250208T174153_T13SFT_1,39,0.1251336898395722,2025-02-08,"{""type"":""MultiPoint"",""coordinates"":[]}"
20250209T175531_20250209T175600_T13TDH_4,40,0.042274977783420084,2025-02-09,"{""type"":""MultiPoint"",""coordinates"":[]}"
20250209T175531_20250209T175600_T13TDJ_4,40,0.04483678394512892,2025-02-09,"{""type"":""MultiPoint"",""coordinates"":[]}"
20250209T175531_20250209T180252_T13TEF_3,40,0.020607375271149662,2025-02-09,"{""type"":""MultiPoint"",""coordinates"":[]}"
20250215T181501_20250215T181723_T12TYT_5,46,0.01463958259460009,2025-02-15,"{""type"":""MultiPoint"",""coordinates"":[]}"
20250215T181501_20250215T181723_T12UYU_5,46,0.013237063778580013,2025-02-15,"{""type"":""MultiPoint"",""coordinates"":[]}"
20250216T174431_20250216T174821_T13SGC_2,47,0.05632306057385759,2025-02-16,"{""type"":""MultiPoint"",""coordinates"":[]}"
20250218T173259_20250218T173932_T13REP_0,49,0.1370767960363336,2025-02-18,"{""type"":""MultiPoint"",""coordinates"":[]}"
20250223T173351_20250223T173530_T13REP_0,54,0.14775510204081632,2025-02-23,"{""type"":""MultiPoint"",""coordinates"":[]}"
20250223T173351_20250223T173530_T13SFT_1,54,0.1406882591093117,2025-02-23,"{""type"":""MultiPoint"",""coordinates"":[]}"
20250223T173351_20250223T173530_T13SGC_2,54,0.13991769547325106,2025-02-23,"{""type"":""MultiPoint"",""coordinates"":[]}"
20250224T175229_20250224T175237_T13TEF_3,55,0.1063472047078604,2025-02-24,"{""type"":""MultiPoint"",""coordinates"":[]}"
20250226T174321_20250226T174406_T13SGC_2,57,0.1387313047962867,2025-02-26,"{""type"":""MultiPoint"",""coordinates"":[]}"
20250226T174321_20250226T174406_T13TEF_3,57,0.1353649893692417,2025-02-26,"{""type"":""MultiPoint"",""coordinates"":[]}"
20250228T173149_20250228T173619_T13REP_0,59,0.13914807302231236,2025-02-28,"{""type"":""MultiPoint"",""coordinates"":[]}"
20250228T173149_20250228T173619_T13SGC_2,59,0.129126213592233,2025-02-28,"{""type"":""MultiPoint"",""coordinates"":[]}"
20250301T175311_20250301T175847_T13TDH_4,60,0.14541387024608504,2025-03-01,"{""type"":""MultiPoint"",""coordinates"":[]}"
20250301T175311_20250301T175847_T13TEF_3,60,0.13265755839576907,2025-03-01,"{""type"":""MultiPoint"",""coordinates"":[]}"
20250302T181149_20250302T181456_T12TYT_5,61,0.14912944738834213,2025-03-02,"{""type"":""MultiPoint"",""coordinates"":[]}"
20250302T181149_20250302T181456_T12UYB_6,61,-0.06935151827071533,2025-03-02,"{""type"":""MultiPoint"",""coordinates"":[]}"
20250302T181149_20250302T181456_T12UYU_5,61,0.1493555724033359,2025-03-02,"{""type"":""MultiPoint"",""coordinates"":[]}"
20250302T181149_20250302T181456_T13UCS_6,61,-0.07097437214978486,2025-03-02,"{""type"":""MultiPoint"",""coordinates"":[]}"
20250303T174139_20250303T174555_T13TEF_3,62,0.1395348837209302,2025-03-03,"{""type"":""MultiPoint"",""coordinates"":[]}"
20250305T173231_20250305T173804_T13SGC_2,64,0.13405797101449277,2025-03-05,"{""type"":""MultiPoint"",""coordinates"":[]}"
20250305T173231_20250305T174405_T13REP_0,64,0.14351673720661798,2025-03-05,"{""type"":""MultiPoint"",""coordinates"":[]}"
20250305T173231_20250305T174405_T13SFT_1,64,0.13198458574181113,2025-03-05,"{""type"":""MultiPoint"",""coordinates"":[]}"
20250307T181241_20250307T181854_T12TYT_5,66,0.15577889447236182,2025-03-07,"{""type"":""MultiPoint"",""coordinates"":[]}"
20250307T181241_20250307T181854_T12UYU_5,66,0.1573676680972818,2025-03-07,"{""type"":""MultiPoint"",""coordinates"":[]}"
20250308T174221_20250308T174907_T13TEF_3,67,0.1323777403035413,2025-03-08,"{""type"":""MultiPoint"",""coordinates"":[]}"
20250313T174019_20250313T174444_T13SGC_2,72,0.1350588235294118,2025-03-13,"{""type"":""MultiPoint"",""coordinates"":[]}"
20250313T174019_20250313T174444_T13TEF_3,72,0.11285655229433646,2025-03-13,"{""type"":""MultiPoint"",""coordinates"":[]}"
20250313T175741_20250313T175739_T13TEF_3,72,0.12342767295597483,2025-03-13,"{""type"":""MultiPoint"",""coordinates"":[]}"
20250316T175009_20250316T175714_T13TDH_4,75,0.16211878009630823,2025-03-16,"{""type"":""MultiPoint"",""coordinates"":[]}"
20250316T175009_20250316T175714_T13TEF_3,75,0.1345329905741216,2025-03-16,"{""type"":""MultiPoint"",""coordinates"":[]}"
20250318T174111_20250318T175111_T13SGC_2,77,0.1311120726958027,2025-03-18,"{""type"":""MultiPoint"",""coordinates"":[]}"
20250318T174111_20250318T175111_T13TEF_3,77,0.14819326025172555,2025-03-18,"{""type"":""MultiPoint"",""coordinates"":[]}"
20250321T175051_20250321T180136_T13TDH_4,80,0.15621679064824653,2025-03-21,"{""type"":""MultiPoint"",""coordinates"":[]}"
20250321T175051_20250321T180136_T13TEF_3,80,0.1224407868325974,2025-03-21,"{""type"":""MultiPoint"",""coordinates"":[]}"
20250323T173909_20250323T174743_T13TEF_3,82,0.13136942675159238,2025-03-23,"{""type"":""MultiPoint"",""coordinates"":[]}"
20250325T173011_20250325T173431_T13SGC_2,84,0.11603116031160308,2025-03-25,"{""type"":""MultiPoint"",""coordinates"":[]}"
20250325T173011_20250325T174445_T13SFT_1,84,0.12871287128712877,2025-03-25,"{""type"":""MultiPoint"",""coordinates"":[]}"
20250326T174909_20250326T175845_T13TDH_4,85,0.08239478363959697,2025-03-26,"{""type"":""MultiPoint"",""coordinates"":[]}"
20250326T174909_20250326T175845_T13TEF_3,85,0.13481730365392694,2025-03-26,"{""type"":""MultiPoint"",""coordinates"":[]}"
20250330T172859_20250330T173650_T13REP_0,89,0.13640098603122436,2025-03-30,"{""type"":""MultiPoint"",""coordinates"":[]}"
20250405T174909_20250405T175022_T13TDH_4,95,0.18362573099415205,2025-04-05,"{""type"":""MultiPoint"",""coordinates"":[]}"
20250405T174909_20250405T175022_T13TDJ_4,95,0.1847507331378299,2025-04-05,"{""type"":""MultiPoint"",""coordinates"":[]}"
20250406T173721_20250406T173723_T13SGC_2,96,0.1495652173913044,2025-04-06,"{""type"":""MultiPoint"",""coordinates"":[]}"
20250406T180941_20250406T181856_T12TYT_5,96,0.19839679358717438,2025-04-06,"{""type"":""MultiPoint"",""coordinates"":[]}"
20250406T180941_20250406T181856_T12UYB_6,96,0.15220483641536275,2025-04-06,"{""type"":""MultiPoint"",""coordinates"":[]}"
20250406T180941_20250406T181856_T12UYU_5,96,0.1978537894030852,2025-04-06,"{""type"":""MultiPoint"",""coordinates"":[]}"
20250406T180941_20250406T181856_T13UCS_6,96,0.1640366972477064,2025-04-06,"{""type"":""MultiPoint"",""coordinates"":[]}"
20250407T173931_20250407T174903_T13SGC_2,97,0.14467120181405901,2025-04-07,"{""type"":""MultiPoint"",""coordinates"":[]}"
20250407T173931_20250407T174903_T13TEF_3,97,0.12422616591002884,2025-04-07,"{""type"":""MultiPoint"",""coordinates"":[]}"
20250409T172859_20250409T173307_T13REP_0,99,0.147804054054054,2025-04-09,"{""type"":""MultiPoint"",""coordinates"":[]}"
20250409T172859_20250409T173307_T13SFT_1,99,0.1416390336333491,2025-04-09,"{""type"":""MultiPoint"",""coordinates"":[]}"
20250409T172859_20250409T173307_T13SGC_2,99,0.13719008264462806,2025-04-09,"{""type"":""MultiPoint"",""coordinates"":[]}"
20250409T174731_20250409T174906_T13SGC_2,99,0.12763098969995526,2025-04-09,"{""type"":""MultiPoint"",""coordinates"":[]}"
20250409T174731_20250409T174906_T13TEF_3,99,0.11673469387755102,2025-04-09,"{""type"":""MultiPoint"",""coordinates"":[]}"
20250410T174931_20250410T180144_T13TDH_4,100,0.19352975158867708,2025-04-10,"{""type"":""MultiPoint"",""coordinates"":[]}"
20250410T174931_20250410T180144_T13TDJ_4,100,0.19449225473321857,2025-04-10,"{""type"":""MultiPoint"",""coordinates"":[]}"
20250410T174931_20250410T180144_T13TEF_3,100,0.14105263157894743,2025-04-10,"{""type"":""MultiPoint"",""coordinates"":[]}"
20250415T174909_20250415T180113_T13TDH_4,105,0.21146131805157595,2025-04-15,"{""type"":""MultiPoint"",""coordinates"":[]}"
20250415T174909_20250415T180113_T13TDJ_4,105,0.21260744985673358,2025-04-15,"{""type"":""MultiPoint"",""coordinates"":[]}"
20250415T174909_20250415T180113_T13TEF_3,105,0.14115138592750537,2025-04-15,"{""type"":""MultiPoint"",""coordinates"":[]}"
20250417T173921_20250417T175106_T13SGC_2,107,0.1427368421052631,2025-04-17,"{""type"":""MultiPoint"",""coordinates"":[]}"
20250418T181801_20250418T181758_T12UYB_6,108,0.17694915254237292,2025-04-18,"{""type"":""MultiPoint"",""coordinates"":[]}"
20250418T181801_20250418T181758_T13UCS_6,108,0.17598343685300202,2025-04-18,"{""type"":""MultiPoint"",""coordinates"":[]}"
20250419T172859_20250419T173423_T13REP_0,109,0.14056531703590522,2025-04-19,"{""type"":""MultiPoint"",""coordinates"":[]}"
20250422T173909_20250422T174034_T13TEF_3,112,0.1312803889789303,2025-04-22,"{""type"":""MultiPoint"",""coordinates"":[]}"
20250422T173909_20250422T175312_T13SGC_2,112,0.14514767932489447,2025-04-22,"{""type"":""MultiPoint"",""coordinates"":[]}"
20250422T175741_20250422T175740_T13TDH_4,112,0.22614840989399296,2025-04-22,"{""type"":""MultiPoint"",""coordinates"":[]}"
20250422T175741_20250422T175740_T13TDJ_4,112,0.23623445825932507,2025-04-22,"{""type"":""MultiPoint"",""coordinates"":[]}"
20250424T172921_20250424T174124_T13REP_0,114,0.12360415864458993,2025-04-24,"{""type"":""MultiPoint"",""coordinates"":[]}"
20250424T172921_20250424T174124_T13SFT_1,114,0.21171770972037288,2025-04-24,"{""type"":""MultiPoint"",""coordinates"":[]}"
20250426T173731_20250426T174311_T13REP_0,116,0.1300345224395857,2025-04-26,"{""type"":""MultiPoint"",""coordinates"":[]}"
20250426T180941_20250426T181037_T12UYB_6,116,0.1665551839464883,2025-04-26,"{""type"":""MultiPoint"",""coordinates"":[]}"
20250426T180941_20250426T181037_T13UCS_6,116,0.17316906228610537,2025-04-26,"{""type"":""MultiPoint"",""coordinates"":[]}"
20250427T173931_20250427T174348_T13SGC_2,117,0.15557476231633544,2025-04-27,"{""type"":""MultiPoint"",""coordinates"":[]}"
20250427T173931_20250427T174348_T13TEF_3,117,0.12975206611570242,2025-04-27,"{""type"":""MultiPoint"",""coordinates"":[]}"
20250429T172859_20250429T173506_T13REP_0,119,0.12609329446064138,2025-04-29,"{""type"":""MultiPoint"",""coordinates"":[]}"
20250429T172859_20250429T173506_T13SGC_2,119,0.14940711462450593,2025-04-29,"{""type"":""MultiPoint"",""coordinates"":[]}"
20250429T174731_20250429T174733_T13SGC_2,119,0.1432280398096062,2025-04-29,"{""type"":""MultiPoint"",""coordinates"":[]}"
20250429T174731_20250429T174733_T13TEF_3,119,0.1745106205747605,2025-04-29,"{""type"":""MultiPoint"",""coordinates"":[]}"
20250502T173909_20250502T174857_T13TEF_3,122,0.17666948436179203,2025-05-02,"{""type"":""MultiPoint"",""coordinates"":[]}"
20250504T172921_20250504T173729_T13SGC_2,124,0.16118811881188125,2025-05-04,"{""type"":""MultiPoint"",""coordinates"":[]}"
20250506T180931_20250506T181846_T12UYB_6,126,0.24037854889589907,2025-05-06,"{""type"":""MultiPoint"",""coordinates"":[]}"
20250506T180931_20250506T181846_T13UCS_6,126,0.22768434670116425,2025-05-06,"{""type"":""MultiPoint"",""coordinates"":[]}"
20250509T172859_20250509T173719_T13SGC_2,129,0.17403206883066094,2025-05-09,"{""type"":""MultiPoint"",""coordinates"":[]}"
20250510T174921_20250510T175651_T13TDH_4,130,0.2778108268887567,2025-05-10,"{""type"":""MultiPoint"",""coordinates"":[]}"
20250510T174921_20250510T175651_T13TDJ_4,130,0.276950565812984,2025-05-10,"{""type"":""MultiPoint"",""coordinates"":[]}"
20250510T174921_20250510T175651_T13TEF_3,130,0.22595078299776294,2025-05-10,"{""type"":""MultiPoint"",""coordinates"":[]}"
20250512T173909_20250512T174529_T13SGC_2,132,0.17316561844863734,2025-05-12,"{""type"":""MultiPoint"",""coordinates"":[]}"
20250512T173909_20250512T174529_T13TEF_3,132,0.24420075917334458,2025-05-12,"{""type"":""MultiPoint"",""coordinates"":[]}"
20250512T175741_20250512T175740_T13TDH_4,132,0.2604676454594888,2025-05-12,"{""type"":""MultiPoint"",""coordinates"":[]}"
20250512T175741_20250512T175740_T13TDJ_4,132,0.24375347029428102,2025-05-12,"{""type"":""MultiPoint"",""coordinates"":[]}"
20250512T175741_20250512T175740_T13TEF_3,132,0.21968365553602812,2025-05-12,"{""type"":""MultiPoint"",""coordinates"":[]}"
20250514T172911_20250514T173434_T13SGC_2,134,0.18478678447944683,2025-05-14,"{""type"":""MultiPoint"",""coordinates"":[]}"
20250516T173731_20250516T174322_T13SFT_1,136,0.29447852760736193,2025-05-16,"{""type"":""MultiPoint"",""coordinates"":[]}"
20250516T173731_20250516T174322_T13SGC_2,136,0.1974329935824839,2025-05-16,"{""type"":""MultiPoint"",""coordinates"":[]}"
20250517T173921_20250517T174832_T13SGC_2,137,0.20033044196612976,2025-05-17,"{""type"":""MultiPoint"",""coordinates"":[]}"
20250519T172859_20250519T173516_T13REP_0,139,0.1405739193606974,2025-05-19,"{""type"":""MultiPoint"",""coordinates"":[]}"
20250519T172859_20250519T173516_T13SFT_1,139,0.29599310641964677,2025-05-19,"{""type"":""MultiPoint"",""coordinates"":[]}"
20250519T172859_20250519T173516_T13SGC_2,139,0.19365547768351163,2025-05-19,"{""type"":""MultiPoint"",""coordinates"":[]}"
20250524T172921_20250524T174031_T13REP_0,144,0.12351816443594649,2025-05-24,"{""type"":""MultiPoint"",""coordinates"":[]}"
20250526T180931_20250526T181716_T12UYB_6,146,0.3165769000598444,2025-05-26,"{""type"":""MultiPoint"",""coordinates"":[]}"
20250526T180931_20250526T181716_T13UCS_6,146,0.3297035692679976,2025-05-26,"{""type"":""MultiPoint"",""coordinates"":[]}"
20250527T173921_20250527T175153_T13TEF_3,147,0.3242668933276668,2025-05-27,"{""type"":""MultiPoint"",""coordinates"":[]}"
20250528T181801_20250528T181803_T12TYT_5,148,0.2035398230088496,2025-05-28,"{""type"":""MultiPoint"",""coordinates"":[]}"
20250528T181801_20250528T181803_T12UYB_6,148,0.33690476190476193,2025-05-28,"{""type"":""MultiPoint"",""coordinates"":[]}"
20250528T181801_20250528T181803_T12UYU_5,148,0.20226843100189038,2025-05-28,"{""type"":""MultiPoint"",""coordinates"":[]}"
20250528T181801_20250528T181803_T13UCS_6,148,0.33933933933933935,2025-05-28,"{""type"":""MultiPoint"",""coordinates"":[]}"
20250529T172859_20250529T174103_T13REP_0,149,0.12723129510064568,2025-05-29,"{""type"":""MultiPoint"",""coordinates"":[]}"
20250530T174931_20250530T175422_T13TDH_4,150,0.33939000648929263,2025-05-30,"{""type"":""MultiPoint"",""coordinates"":[]}"
20250530T174931_20250530T175422_T13TDJ_4,150,0.34545454545454546,2025-05-30,"{""type"":""MultiPoint"",""coordinates"":[]}"
20250530T174931_20250530T175422_T13TEF_3,150,0.33827160493827163,2025-05-30,"{""type"":""MultiPoint"",""coordinates"":[]}"
20250601T173909_20250601T174840_T13SGC_2,152,0.26562499999999994,2025-06-01,"{""type"":""MultiPoint"",""coordinates"":[]}"
20250601T173909_20250601T174840_T13TEF_3,152,0.30851063829787234,2025-06-01,"{""type"":""MultiPoint"",""coordinates"":[]}"
20250601T175741_20250601T180159_T13TDH_4,152,0.31598984771573596,2025-06-01,"{""type"":""MultiPoint"",""coordinates"":[]}"
20250601T175741_20250601T180159_T13TDJ_4,152,0.31178707224334595,2025-06-01,"{""type"":""MultiPoint"",""coordinates"":[]}"
20250601T175741_20250601T180159_T13TEF_3,152,0.3183730715287517,2025-06-01,"{""type"":""MultiPoint"",""coordinates"":[]}"
20250603T172921_20250603T173605_T13REP_0,154,0.11847988077496276,2025-06-03,"{""type"":""MultiPoint"",""coordinates"":[]}"
20250605T173731_20250605T173727_T13REP_0,156,0.10349650349650344,2025-06-05,"{""type"":""MultiPoint"",""coordinates"":[]}"
20250608T172859_20250608T173423_T13REP_0,159,0.13256484149855913,2025-06-08,"{""type"":""MultiPoint"",""coordinates"":[]}"
20250608T172859_20250608T173423_T13SFT_1,159,0.24515863205603627,2025-06-08,"{""type"":""MultiPoint"",""coordinates"":[]}"
20250608T172859_20250608T173423_T13SGC_2,159,0.3090043633478779,2025-06-08,"{""type"":""MultiPoint"",""coordinates"":[]}"
20250608T174731_20250608T174933_T13SGC_2,159,0.29690998656515905,2025-06-08,"{""type"":""MultiPoint"",""coordinates"":[]}"
20250608T181941_20250608T182037_T12UYB_6,159,0.36363636363636365,2025-06-08,"{""type"":""MultiPoint"",""coordinates"":[]}"
20250608T181941_20250608T182037_T13UCS_6,159,0.37741734248284464,2025-06-08,"{""type"":""MultiPoint"",""coordinates"":[]}"
20250609T174931_20250609T175606_T13TDH_4,160,0.38780804150453957,2025-06-09,"{""type"":""MultiPoint"",""coordinates"":[]}"
20250609T174931_20250609T175606_T13TDJ_4,160,0.3784655061250806,2025-06-09,"{""type"":""MultiPoint"",""coordinates"":[]}"
20250609T174931_20250609T175606_T13TEF_3,160,0.3895149436550711,2025-06-09,"{""type"":""MultiPoint"",""coordinates"":[]}"
20250610T180909_20250610T181133_T12TYT_5,161,0.19901417128773874,2025-06-10,"{""type"":""MultiPoint"",""coordinates"":[]}"
20250610T180909_20250610T181133_T12UYB_6,161,0.23461538461538453,2025-06-10,"{""type"":""MultiPoint"",""coordinates"":[]}"
20250610T180909_20250610T181133_T12UYU_5,161,0.2034525277435265,2025-06-10,"{""type"":""MultiPoint"",""coordinates"":[]}"
20250610T180909_20250610T181133_T13UCS_6,161,0.24050632911392408,2025-06-10,"{""type"":""MultiPoint"",""coordinates"":[]}"
20250611T173859_20250611T175055_T13SGC_2,162,0.30507726269315666,2025-06-11,"{""type"":""MultiPoint"",""coordinates"":[]}"
20250611T173859_20250611T175055_T13TEF_3,162,0.3567928730512249,2025-06-11,"{""type"":""MultiPoint"",""coordinates"":[]}"
20250613T172921_20250613T173455_T13REP_0,164,0.12991833704528585,2025-06-13,"{""type"":""MultiPoint"",""coordinates"":[]}"
20250613T172921_20250613T173455_T13SFT_1,164,0.22423706324635115,2025-06-13,"{""type"":""MultiPoint"",""coordinates"":[]}"
20250613T172921_20250613T173455_T13SGC_2,164,0.3103724469363236,2025-06-13,"{""type"":""MultiPoint"",""coordinates"":[]}"
20250614T174909_20250614T175921_T13TDH_4,165,0.38911104275607505,2025-06-14,"{""type"":""MultiPoint"",""coordinates"":[]}"
20250614T174909_20250614T175921_T13TDJ_4,165,0.3870769230769231,2025-06-14,"{""type"":""MultiPoint"",""coordinates"":[]}"
20250614T174909_20250614T175921_T13TEF_3,165,0.297246850209986,2025-06-14,"{""type"":""MultiPoint"",""coordinates"":[]}"
20250615T180931_20250615T181331_T12UYB_6,166,0.3421425200566305,2025-06-15,"{""type"":""MultiPoint"",""coordinates"":[]}"
20250615T180931_20250615T181331_T13UCS_6,166,0.3502879078694818,2025-06-15,"{""type"":""MultiPoint"",""coordinates"":[]}"
20250616T173921_20250616T174356_T13SGC_2,167,0.36189608021877845,2025-06-16,"{""type"":""MultiPoint"",""coordinates"":[]}"
20250616T173921_20250616T174356_T13TEF_3,167,0.31207652451175766,2025-06-16,"{""type"":""MultiPoint"",""coordinates"":[]}"
20250618T172859_20250618T173726_T13REP_0,169,0.12757499096494399,2025-06-18,"{""type"":""MultiPoint"",""coordinates"":[]}"
20250618T172859_20250618T173726_T13SFT_1,169,0.20713664055700604,2025-06-18,"{""type"":""MultiPoint"",""coordinates"":[]}"
20250618T172859_20250618T173726_T13SGC_2,169,0.3515468059461631,2025-06-18,"{""type"":""MultiPoint"",""coordinates"":[]}"
20250619T174921_20250619T175459_T13TDH_4,170,0.39124999999999993,2025-06-19,"{""type"":""MultiPoint"",""coordinates"":[]}"
20250619T174921_20250619T175459_T13TDJ_4,170,0.38432835820895517,2025-06-19,"{""type"":""MultiPoint"",""coordinates"":[]}"
20250619T174921_20250619T175459_T13TEF_3,170,0.37221095334685605,2025-06-19,"{""type"":""MultiPoint"",""coordinates"":[]}"
20250621T173909_20250621T174338_T13SGC_2,172,0.3510112359550562,2025-06-21,"{""type"":""MultiPoint"",""coordinates"":[]}"
20250621T173909_20250621T174338_T13TEF_3,172,0.3359614542268944,2025-06-21,"{""type"":""MultiPoint"",""coordinates"":[]}"
20250621T175741_20250621T175740_T13TDH_4,172,0.3660012099213551,2025-06-21,"{""type"":""MultiPoint"",""coordinates"":[]}"
20250621T175741_20250621T175740_T13TDJ_4,172,0.34975961538461536,2025-06-21,"{""type"":""MultiPoint"",""coordinates"":[]}"
20250621T175741_20250621T175740_T13TEF_3,172,0.33584550164861054,2025-06-21,"{""type"":""MultiPoint"",""coordinates"":[]}"
20250625T180931_20250625T181748_T12TYT_5,176,0.21084745762711862,2025-06-25,"{""type"":""MultiPoint"",""coordinates"":[]}"
20250625T180931_20250625T181748_T12UYB_6,176,0.3430656934306569,2025-06-25,"{""type"":""MultiPoint"",""coordinates"":[]}"
20250625T180931_20250625T181748_T12UYU_5,176,0.21273712737127368,2025-06-25,"{""type"":""MultiPoint"",""coordinates"":[]}"
20250625T180931_20250625T181748_T13UCS_6,176,0.3524126455906822,2025-06-25,"{""type"":""MultiPoint"",""coordinates"":[]}"
20250626T173921_20250626T175103_T13SGC_2,177,0.3486279802069276,2025-06-26,"{""type"":""MultiPoint"",""coordinates"":[]}"
20250626T173921_20250626T175103_T13TEF_3,177,0.32461677186654647,2025-06-26,"{""type"":""MultiPoint"",""coordinates"":[]}"
20250628T172859_20250628T173424_T13REP_0,179,0.16884247171453437,2025-06-28,"{""type"":""MultiPoint"",""coordinates"":[]}"
20250628T172859_20250628T173424_T13SGC_2,179,0.32450331125827814,2025-06-28,"{""type"":""MultiPoint"",""coordinates"":[]}"
20250628T174741_20250628T175133_T13SGC_2,179,0.3479404031551271,2025-06-28,"{""type"":""MultiPoint"",""coordinates"":[]}"
20250628T174741_20250628T175133_T13TEF_3,179,0.2887139107611548,2025-06-28,"{""type"":""MultiPoint"",""coordinates"":[]}"
20250629T174931_20250629T175633_T13TEF_3,180,0.2732215677390123,2025-06-29,"{""type"":""MultiPoint"",""coordinates"":[]}"
20250630T180919_20250630T180921_T12TYT_5,181,0.20139372822299656,2025-06-30,"{""type"":""MultiPoint"",""coordinates"":[]}"
20250630T180919_20250630T180921_T12UYB_6,181,0.3712255772646537,2025-06-30,"{""type"":""MultiPoint"",""coordinates"":[]}"
20250630T180919_20250630T180921_T12UYU_5,181,0.20334261838440112,2025-06-30,"{""type"":""MultiPoint"",""coordinates"":[]}"
20250630T180919_20250630T180921_T13UCS_6,181,0.38588319598710136,2025-06-30,"{""type"":""MultiPoint"",""coordinates"":[]}"
20250701T173909_20250701T175049_T13TEF_3,182,0.2646430098332621,2025-07-01,"{""type"":""MultiPoint"",""coordinates"":[]}"
20250703T181919_20250703T182219_T12UYB_6,184,0.38562091503267976,2025-07-03,"{""type"":""MultiPoint"",""coordinates"":[]}"
20250703T181919_20250703T182219_T13UCS_6,184,0.3985294117647059,2025-07-03,"{""type"":""MultiPoint"",""coordinates"":[]}"
20250705T180941_20250705T181900_T12TYT_5,186,0.18121613485851895,2025-07-05,"{""type"":""MultiPoint"",""coordinates"":[]}"
20250706T173931_20250706T175116_T13TEF_3,187,0.265079365079365,2025-07-06,"{""type"":""MultiPoint"",""coordinates"":[]}"
20250707T181801_20250707T181804_T12TYT_5,188,0.15463917525773194,2025-07-07,"{""type"":""MultiPoint"",""coordinates"":[]}"
20250707T181801_20250707T181804_T12UYU_5,188,0.1552986512524085,2025-07-07,"{""type"":""MultiPoint"",""coordinates"":[]}"
20250708T172859_20250708T174112_T13REP_0,189,0.29586426299045604,2025-07-08,"{""type"":""MultiPoint"",""coordinates"":[]}"
20250708T172859_20250708T174112_T13SFT_1,189,0.2659212445308703,2025-07-08,"{""type"":""MultiPoint"",""coordinates"":[]}"
20250708T172859_20250708T174112_T13SGC_2,189,0.33920704845814975,2025-07-08,"{""type"":""MultiPoint"",""coordinates"":[]}"
20250709T174931_20250709T175631_T13TDH_4,190,0.32324455205811137,2025-07-09,"{""type"":""MultiPoint"",""coordinates"":[]}"
20250709T174931_20250709T175631_T13TDJ_4,190,0.31771771771771773,2025-07-09,"{""type"":""MultiPoint"",""coordinates"":[]}"
20250710T180919_20250710T181847_T12TYT_5,191,0.18383311603650587,2025-07-10,"{""type"":""MultiPoint"",""coordinates"":[]}"
20250710T180919_20250710T181847_T12UYU_5,191,0.1848958333333333,2025-07-10,"{""type"":""MultiPoint"",""coordinates"":[]}"
20250711T173909_20250711T174908_T13SGC_2,192,0.35642661804922515,2025-07-11,"{""type"":""MultiPoint"",""coordinates"":[]}"
20250711T175751_20250711T175745_T13TEF_3,192,0.24418604651162795,2025-07-11,"{""type"":""MultiPoint"",""coordinates"":[]}"
20250713T172921_20250713T173636_T13SGC_2,194,0.33781512605042024,2025-07-13,"{""type"":""MultiPoint"",""coordinates"":[]}"
20250713T172921_20250713T174342_T13SGC_2,194,0.33781512605042024,2025-07-13,"{""type"":""MultiPoint"",""coordinates"":[]}"
20250714T174909_20250714T180139_T13TDH_4,195,0.2818991097922849,2025-07-14,"{""type"":""MultiPoint"",""coordinates"":[]}"
20250714T174909_20250714T180139_T13TEF_3,195,0.20897959183673473,2025-07-14,"{""type"":""MultiPoint"",""coordinates"":[]}"
20250715T173731_20250715T174320_T13REP_0,196,0.44132535664979283,2025-07-15,"{""type"":""MultiPoint"",""coordinates"":[]}"
20250715T173731_20250715T174320_T13SFT_1,196,0.2667928098391674,2025-07-15,"{""type"":""MultiPoint"",""coordinates"":[]}"
20250715T173731_20250715T174320_T13SGC_2,196,0.35494071146245054,2025-07-15,"{""type"":""MultiPoint"",""coordinates"":[]}"
20250718T172859_20250718T173225_T13SGC_2,199,0.34955937893411665,2025-07-18,"{""type"":""MultiPoint"",""coordinates"":[]}"
20250718T172859_20250718T174426_T13REP_0,199,0.45937248592115854,2025-07-18,"{""type"":""MultiPoint"",""coordinates"":[]}"
20250718T172859_20250718T174426_T13SFT_1,199,0.22613578356304231,2025-07-18,"{""type"":""MultiPoint"",""coordinates"":[]}"
20250718T174741_20250718T175132_T13SGC_2,199,0.3723252496433666,2025-07-18,"{""type"":""MultiPoint"",""coordinates"":[]}"
20250719T174931_20250719T180004_T13TDH_4,200,0.31476997578692495,2025-07-19,"{""type"":""MultiPoint"",""coordinates"":[]}"
20250719T174931_20250719T180004_T13TDJ_4,200,0.32445520581113796,2025-07-19,"{""type"":""MultiPoint"",""coordinates"":[]}"
20250721T173909_20250721T174755_T13SGC_2,202,0.3257195066240292,2025-07-21,"{""type"":""MultiPoint"",""coordinates"":[]}"
20250721T173909_20250721T174755_T13TEF_3,202,0.19681742043551087,2025-07-21,"{""type"":""MultiPoint"",""coordinates"":[]}"
20250723T172921_20250723T174316_T13SFT_1,204,0.21043000914913082,2025-07-23,"{""type"":""MultiPoint"",""coordinates"":[]}"
20250723T172921_20250723T174316_T13SGC_2,204,0.29279466888796335,2025-07-23,"{""type"":""MultiPoint"",""coordinates"":[]}"
20250724T174909_20250724T180145_T13TDH_4,205,0.36363636363636365,2025-07-24,"{""type"":""MultiPoint"",""coordinates"":[]}"
20250724T174909_20250724T180145_T13TDJ_4,205,0.3631205673758865,2025-07-24,"{""type"":""MultiPoint"",""coordinates"":[]}"
20250724T174909_20250724T180145_T13TEF_3,205,0.18602693602693607,2025-07-24,"{""type"":""MultiPoint"",""coordinates"":[]}"
20250725T180941_20250725T181708_T12TYT_5,206,0.24910778015703064,2025-07-25,"{""type"":""MultiPoint"",""coordinates"":[]}"
20250725T180941_20250725T181708_T12UYB_6,206,0.4685314685314685,2025-07-25,"{""type"":""MultiPoint"",""coordinates"":[]}"
20250725T180941_20250725T181708_T12UYU_5,206,0.24803431022158687,2025-07-25,"{""type"":""MultiPoint"",""coordinates"":[]}"
20250725T180941_20250725T181708_T13UCS_6,206,0.47484276729559755,2025-07-25,"{""type"":""MultiPoint"",""coordinates"":[]}"
20250726T173931_20250726T175050_T13SGC_2,207,0.3555133079847909,2025-07-26,"{""type"":""MultiPoint"",""coordinates"":[]}"
20250726T173931_20250726T175050_T13TEF_3,207,0.18041634541249038,2025-07-26,"{""type"":""MultiPoint"",""coordinates"":[]}"
20250727T181801_20250727T181804_T12TYT_5,208,0.2688870836718116,2025-07-27,"{""type"":""MultiPoint"",""coordinates"":[]}"
20250727T181801_20250727T181804_T12UYU_5,208,0.2649434571890145,2025-07-27,"{""type"":""MultiPoint"",""coordinates"":[]}"
20250728T172859_20250728T173425_T13SGC_2,209,0.30847457627118646,2025-07-28,"{""type"":""MultiPoint"",""coordinates"":[]}"
20250728T181941_20250728T182723_T13UCS_6,209,0.21774856203779783,2025-07-28,"{""type"":""MultiPoint"",""coordinates"":[]}"
20250730T180919_20250730T181337_T12UYB_6,211,0.5033161385408991,2025-07-30,"{""type"":""MultiPoint"",""coordinates"":[]}"
20250730T180919_20250730T181337_T13UCS_6,211,0.5083179297597042,2025-07-30,"{""type"":""MultiPoint"",""coordinates"":[]}"
20250730T182821_20250730T182816_T12UYB_6,211,0.5124223602484472,2025-07-30,"{""type"":""MultiPoint"",""coordinates"":[]}"
20250730T182821_20250730T182816_T13UCS_6,211,0.5120061967467081,2025-07-30,"{""type"":""MultiPoint"",""coordinates"":[]}"
20250731T175741_20250731T175744_T13TDH_4,212,0.05996275605214153,2025-07-31,"{""type"":""MultiPoint"",""coordinates"":[]}"
20250802T172921_20250802T173825_T13SFT_1,214,0.2535211267605634,2025-08-02,"{""type"":""MultiPoint"",""coordinates"":[]}"
20250803T174909_20250803T180133_T13TDH_4,215,0.32170542635658916,2025-08-03,"{""type"":""MultiPoint"",""coordinates"":[]}"
20250803T174909_20250803T180133_T13TDJ_4,215,0.31953428201811124,2025-08-03,"{""type"":""MultiPoint"",""coordinates"":[]}"
20250804T173731_20250804T173930_T13REP_0,216,0.5373195876288661,2025-08-04,"{""type"":""MultiPoint"",""coordinates"":[]}"
20250804T173731_20250804T173930_T13SFT_1,216,0.21132259638848222,2025-08-04,"{""type"":""MultiPoint"",""coordinates"":[]}"
20250804T173731_20250804T173930_T13SGC_2,216,0.33058608058608063,2025-08-04,"{""type"":""MultiPoint"",""coordinates"":[]}"
20250804T180931_20250804T180934_T12TYT_5,216,0.3279411764705883,2025-08-04,"{""type"":""MultiPoint"",""coordinates"":[]}"
20250804T180931_20250804T180934_T12UYB_6,216,0.5245641838351823,2025-08-04,"{""type"":""MultiPoint"",""coordinates"":[]}"
20250804T180931_20250804T180934_T13UCS_6,216,0.5133412982875349,2025-08-04,"{""type"":""MultiPoint"",""coordinates"":[]}"
20250805T173921_20250805T174859_T13TEF_3,217,0.1989881956155143,2025-08-05,"{""type"":""MultiPoint"",""coordinates"":[]}"
20250807T172859_20250807T173332_T13REP_0,219,0.5119697606047879,2025-08-07,"{""type"":""MultiPoint"",""coordinates"":[]}"
20250812T172921_20250812T173513_T13SGC_2,224,0.3110704483074108,2025-08-12,"{""type"":""MultiPoint"",""coordinates"":[]}"
20250812T181919_20250812T182544_T12UYB_6,224,0.5952980688497062,2025-08-12,"{""type"":""MultiPoint"",""coordinates"":[]}"
20250812T181919_20250812T182544_T13UCS_6,224,0.585858585858586,2025-08-12,"{""type"":""MultiPoint"",""coordinates"":[]}"
20250813T174909_20250813T175740_T13TDH_4,225,0.2565379825653798,2025-08-13,"{""type"":""MultiPoint"",""coordinates"":[]}"
20250813T174909_20250813T175740_T13TDJ_4,225,0.2594897324206596,2025-08-13,"{""type"":""MultiPoint"",""coordinates"":[]}"
20250813T174909_20250813T175740_T13TEF_3,225,0.16012084592145012,2025-08-13,"{""type"":""MultiPoint"",""coordinates"":[]}"
20250814T180931_20250814T182033_T12TYT_5,226,0.3692427790788447,2025-08-14,"{""type"":""MultiPoint"",""coordinates"":[]}"
20250814T180931_20250814T182033_T12UYU_5,226,0.3798019801980198,2025-08-14,"{""type"":""MultiPoint"",""coordinates"":[]}"
20250815T173921_20250815T174400_T13SGC_2,227,0.29742843279961184,2025-08-15,"{""type"":""MultiPoint"",""coordinates"":[]}"
20250815T173921_20250815T174400_T13TEF_3,227,0.16660163870464298,2025-08-15,"{""type"":""MultiPoint"",""coordinates"":[]}"
20250816T181801_20250816T181759_T12UYB_6,228,0.6201063315611406,2025-08-16,"{""type"":""MultiPoint"",""coordinates"":[]}"
20250816T181801_20250816T181759_T13UCS_6,228,0.6259842519685039,2025-08-16,"{""type"":""MultiPoint"",""coordinates"":[]}"
20250817T172859_20250817T173203_T13SGC_2,229,0.2678025338575798,2025-08-17,"{""type"":""MultiPoint"",""coordinates"":[]}"
20250817T172859_20250817T174405_T13REP_0,229,0.5432572848430088,2025-08-17,"{""type"":""MultiPoint"",""coordinates"":[]}"
20250818T174931_20250818T180210_T13TDH_4,230,0.24721878862793573,2025-08-18,"{""type"":""MultiPoint"",""coordinates"":[]}"
20250818T174931_20250818T180210_T13TDJ_4,230,0.2473781616286243,2025-08-18,"{""type"":""MultiPoint"",""coordinates"":[]}"
20250818T174931_20250818T180210_T13TEF_3,230,0.17657657657657658,2025-08-18,"{""type"":""MultiPoint"",""coordinates"":[]}"
20250819T180919_20250819T181357_T12TYT_5,231,0.418960244648318,2025-08-19,"{""type"":""MultiPoint"",""coordinates"":[]}"
20250819T180919_20250819T181357_T12UYB_6,231,0.5807228915662651,2025-08-19,"{""type"":""MultiPoint"",""coordinates"":[]}"
20250819T180919_20250819T181357_T12UYU_5,231,0.42505764796310536,2025-08-19,"{""type"":""MultiPoint"",""coordinates"":[]}"
20250819T180919_20250819T181357_T13UCS_6,231,0.5793714746172441,2025-08-19,"{""type"":""MultiPoint"",""coordinates"":[]}"
20250819T182811_20250819T182837_T12UYB_6,231,0.5797163730124624,2025-08-19,"{""type"":""MultiPoint"",""coordinates"":[]}"
20250819T182811_20250819T182837_T13UCS_6,231,0.574924860455131,2025-08-19,"{""type"":""MultiPoint"",""coordinates"":[]}"
20250820T173909_20250820T174849_T13SGC_2,232,0.2643026004728133,2025-08-20,"{""type"":""MultiPoint"",""coordinates"":[]}"
20250820T173909_20250820T174849_T13TEF_3,232,0.15908105765062855,2025-08-20,"{""type"":""MultiPoint"",""coordinates"":[]}"
20250820T175741_20250820T175740_T13TDH_4,232,0.22062350119904076,2025-08-20,"{""type"":""MultiPoint"",""coordinates"":[]}"
20250820T175741_20250820T175740_T13TDJ_4,232,0.21121718377088303,2025-08-20,"{""type"":""MultiPoint"",""coordinates"":[]}"
20250820T175741_20250820T175740_T13TEF_3,232,0.17088607594936708,2025-08-20,"{""type"":""MultiPoint"",""coordinates"":[]}"
20250822T172921_20250822T174212_T13SFT_1,234,0.2628750559785042,2025-08-22,"{""type"":""MultiPoint"",""coordinates"":[]}"
20250822T172921_20250822T174212_T13SGC_2,234,0.25272879932829556,2025-08-22,"{""type"":""MultiPoint"",""coordinates"":[]}"
20250823T174909_20250823T180105_T13TDH_4,235,0.20543093270365997,2025-08-23,"{""type"":""MultiPoint"",""coordinates"":[]}"
20250823T174909_20250823T180105_T13TDJ_4,235,0.2164090368608799,2025-08-23,"{""type"":""MultiPoint"",""coordinates"":[]}"
20250824T173731_20250824T173725_T13REP_0,236,0.429097605893186,2025-08-24,"{""type"":""MultiPoint"",""coordinates"":[]}"
20250824T173731_20250824T173725_T13SGC_2,236,0.22929671244277983,2025-08-24,"{""type"":""MultiPoint"",""coordinates"":[]}"
20250824T180931_20250824T181853_T12TYT_5,236,0.3901216893342878,2025-08-24,"{""type"":""MultiPoint"",""coordinates"":[]}"
20250824T180931_20250824T181853_T12UYB_6,236,0.5724579663730984,2025-08-24,"{""type"":""MultiPoint"",""coordinates"":[]}"
20250824T180931_20250824T181853_T12UYU_5,236,0.3938527519656898,2025-08-24,"{""type"":""MultiPoint"",""coordinates"":[]}"
20250824T180931_20250824T181853_T13UCS_6,236,0.5683104284559418,2025-08-24,"{""type"":""MultiPoint"",""coordinates"":[]}"
20250827T172859_20250827T173405_T13REP_0,239,0.4181184668989547,2025-08-27,"{""type"":""MultiPoint"",""coordinates"":[]}"
20250827T172859_20250827T173405_T13SFT_1,239,0.2494061757719715,2025-08-27,"{""type"":""MultiPoint"",""coordinates"":[]}"
20250827T174731_20250827T175149_T13SGC_2,239,0.27689787001638455,2025-08-27,"{""type"":""MultiPoint"",""coordinates"":[]}"
20250827T181941_20250827T182734_T12UYB_6,239,0.5314197051978278,2025-08-27,"{""type"":""MultiPoint"",""coordinates"":[]}"
20250827T181941_20250827T182734_T13UCS_6,239,0.5255302435192459,2025-08-27,"{""type"":""MultiPoint"",""coordinates"":[]}"
20250901T172921_20250901T174211_T13SFT_1,244,0.2716873212583413,2025-09-01,"{""type"":""MultiPoint"",""coordinates"":[]}"
20250901T172921_20250901T174211_T13SGC_2,244,0.31269349845201233,2025-09-01,"{""type"":""MultiPoint"",""coordinates"":[]}"
20250901T181919_20250901T182342_T12UYB_6,244,0.3962516733601071,2025-09-01,"{""type"":""MultiPoint"",""coordinates"":[]}"
20250901T181919_20250901T182342_T13UCS_6,244,0.39340954942837925,2025-09-01,"{""type"":""MultiPoint"",""coordinates"":[]}"
20250902T174909_20250902T175556_T13TDH_4,245,0.26700898587933247,2025-09-02,"{""type"":""MultiPoint"",""coordinates"":[]}"
20250902T174909_20250902T175556_T13TDJ_4,245,0.26525369299935775,2025-09-02,"{""type"":""MultiPoint"",""coordinates"":[]}"
20250902T174909_20250902T175556_T13TEF_3,245,0.16323455549974888,2025-09-02,"{""type"":""MultiPoint"",""coordinates"":[]}"
20250903T180931_20250903T181906_T12TYT_5,246,0.3488681757656458,2025-09-03,"{""type"":""MultiPoint"",""coordinates"":[]}"
20250903T180931_20250903T181906_T12UYU_5,246,0.3285245901639344,2025-09-03,"{""type"":""MultiPoint"",""coordinates"":[]}"
20250904T173921_20250904T175035_T13SGC_2,247,0.33297121129820745,2025-09-04,"{""type"":""MultiPoint"",""coordinates"":[]}"
20250904T173921_20250904T175035_T13TEF_3,247,0.14920634920634926,2025-09-04,"{""type"":""MultiPoint"",""coordinates"":[]}"
20250905T181801_20250905T181759_T12UYB_6,248,0.4401894986182392,2025-09-05,"{""type"":""MultiPoint"",""coordinates"":[]}"
20250905T181801_20250905T181759_T13UCS_6,248,0.4454183266932271,2025-09-05,"{""type"":""MultiPoint"",""coordinates"":[]}"
20250905T181801_20250905T182030_T12TYT_5,248,0.3568800588668138,2025-09-05,"{""type"":""MultiPoint"",""coordinates"":[]}"
20250905T181801_20250905T182030_T12UYU_5,248,0.36296296296296293,2025-09-05,"{""type"":""MultiPoint"",""coordinates"":[]}"
20250906T181941_20250906T182710_T12UYB_6,249,0.44984802431610943,2025-09-06,"{""type"":""MultiPoint"",""coordinates"":[]}"
20250906T181941_20250906T182710_T13UCS_6,249,0.4576271186440678,2025-09-06,"{""type"":""MultiPoint"",""coordinates"":[]}"
20250909T173859_20250909T174708_T13SGC_2,252,0.3430913348946136,2025-09-09,"{""type"":""MultiPoint"",""coordinates"":[]}"
20250911T172931_20250911T174226_T13REP_0,254,0.35164296223639036,2025-09-11,"{""type"":""MultiPoint"",""coordinates"":[]}"
20250911T172931_20250911T174226_T13SFT_1,254,0.2822117892540428,2025-09-11,"{""type"":""MultiPoint"",""coordinates"":[]}"
20250911T172931_20250911T174226_T13SGC_2,254,0.32186996238581406,2025-09-11,"{""type"":""MultiPoint"",""coordinates"":[]}"
20250912T174909_20250912T175302_T13TDJ_4,255,0.18049792531120332,2025-09-12,"{""type"":""MultiPoint"",""coordinates"":[]}"
20250914T173951_20250914T174705_T13SGC_2,257,0.3503184713375796,2025-09-14,"{""type"":""MultiPoint"",""coordinates"":[]}"
20250916T172859_20250916T173614_T13SGC_2,259,0.32731137088204043,2025-09-16,"{""type"":""MultiPoint"",""coordinates"":[]}"
20250916T174731_20250916T174732_T13SGC_2,259,0.34894613583138173,2025-09-16,"{""type"":""MultiPoint"",""coordinates"":[]}"
20250916T182021_20250916T182634_T12UYB_6,259,0.3566121842496286,2025-09-16,"{""type"":""MultiPoint"",""coordinates"":[]}"
20250916T182021_20250916T182634_T13UCS_6,259,0.3463855421686746,2025-09-16,"{""type"":""MultiPoint"",""coordinates"":[]}"
20250919T173919_20250919T174231_T13TEF_3,262,0.1591255719369599,2025-09-19,"{""type"":""MultiPoint"",""coordinates"":[]}"
20250921T173041_20250921T173743_T13REP_0,264,0.8169014084507041,2025-09-21,"{""type"":""MultiPoint"",""coordinates"":[]}"
20250921T173041_20250921T173743_T13SFT_1,264,0.31702011963023385,2025-09-21,"{""type"":""MultiPoint"",""coordinates"":[]}"
20250921T173041_20250921T173743_T13SGC_2,264,0.32481954469739033,2025-09-21,"{""type"":""MultiPoint"",""coordinates"":[]}"
20250921T181949_20250921T182434_T12UYB_6,264,0.34012368133866855,2025-09-21,"{""type"":""MultiPoint"",""coordinates"":[]}"
20250921T181949_20250921T182434_T13UCS_6,264,0.3387937453462397,2025-09-21,"{""type"":""MultiPoint"",""coordinates"":[]}"
20250923T181111_20250923T181340_T12TYT_5,266,0.2856593617839292,2025-09-23,"{""type"":""MultiPoint"",""coordinates"":[]}"
20250923T181111_20250923T181340_T12UYU_5,266,0.28455910666153256,2025-09-23,"{""type"":""MultiPoint"",""coordinates"":[]}"
20250924T174101_20250924T175124_T13SGC_2,267,0.3515981735159818,2025-09-24,"{""type"":""MultiPoint"",""coordinates"":[]}"
20250924T174101_20250924T175124_T13TEF_3,267,0.19847328244274812,2025-09-24,"{""type"":""MultiPoint"",""coordinates"":[]}"
20250925T181801_20250925T181801_T12TYT_5,268,0.2720306513409962,2025-09-25,"{""type"":""MultiPoint"",""coordinates"":[]}"
20250925T181801_20250925T181801_T12UYB_6,268,0.2981603609857688,2025-09-25,"{""type"":""MultiPoint"",""coordinates"":[]}"
20250925T181801_20250925T181801_T12UYU_5,268,0.2723780253553592,2025-09-25,"{""type"":""MultiPoint"",""coordinates"":[]}"
20250925T181801_20250925T181801_T13UCS_6,268,0.29579472558802566,2025-09-25,"{""type"":""MultiPoint"",""coordinates"":[]}"
20250926T173009_20250926T174011_T13REP_0,269,0.49490043710539106,2025-09-26,"{""type"":""MultiPoint"",""coordinates"":[]}"
20250926T173009_20250926T174011_T13SFT_1,269,0.3037766830870279,2025-09-26,"{""type"":""MultiPoint"",""coordinates"":[]}"
20250926T182141_20250926T182711_T12UYB_6,269,0.33136094674556216,2025-09-26,"{""type"":""MultiPoint"",""coordinates"":[]}"
20250926T182141_20250926T182711_T13UCS_6,269,0.3243039879608728,2025-09-26,"{""type"":""MultiPoint"",""coordinates"":[]}"
20250927T175131_20250927T180122_T13TDH_4,270,0.24779361846571624,2025-09-27,"{""type"":""MultiPoint"",""coordinates"":[]}"
20250927T175131_20250927T180122_T13TDJ_4,270,0.23924731182795705,2025-09-27,"{""type"":""MultiPoint"",""coordinates"":[]}"
20250927T175131_20250927T180122_T13TEF_3,270,0.11688311688311684,2025-09-27,"{""type"":""MultiPoint"",""coordinates"":[]}"
20250928T181039_20250928T181609_T12UYB_6,271,0.31449814126394054,2025-09-28,"{""type"":""MultiPoint"",""coordinates"":[]}"
20250928T181039_20250928T181609_T12UYU_5,271,0.2530465949820789,2025-09-28,"{""type"":""MultiPoint"",""coordinates"":[]}"
20250928T181039_20250928T181609_T13UCS_6,271,0.3106318577374196,2025-09-28,"{""type"":""MultiPoint"",""coordinates"":[]}"
20250928T182811_20250928T182814_T12UYB_6,271,0.3267924528301887,2025-09-28,"{""type"":""MultiPoint"",""coordinates"":[]}"
20250928T182811_20250928T182814_T13UCS_6,271,0.3168086754453912,2025-09-28,"{""type"":""MultiPoint"",""coordinates"":[]}"
20250929T174029_20250929T175001_T13TEF_3,272,0.10057803468208097,2025-09-29,"{""type"":""MultiPoint"",""coordinates"":[]}"
20250929T175741_20250929T175912_T13TEF_3,272,0.17435897435897438,2025-09-29,"{""type"":""MultiPoint"",""coordinates"":[]}"
20251001T173141_20251001T173834_T13SFT_1,274,0.2772551189817377,2025-10-01,"{""type"":""MultiPoint"",""coordinates"":[]}"
20251001T173141_20251001T173834_T13SGC_2,274,0.26655896607431345,2025-10-01,"{""type"":""MultiPoint"",""coordinates"":[]}"
20251001T173141_20251001T174540_T13REP_0,274,0.5321576763485477,2025-10-01,"{""type"":""MultiPoint"",""coordinates"":[]}"
20251001T182109_20251001T182917_T12UYB_6,274,0.32390381895332393,2025-10-01,"{""type"":""MultiPoint"",""coordinates"":[]}"
20251001T182109_20251001T182917_T13UCS_6,274,0.31696750902527077,2025-10-01,"{""type"":""MultiPoint"",""coordinates"":[]}"
20251002T175059_20251002T175331_T13TDH_4,275,0.24817032601463737,2025-10-02,"{""type"":""MultiPoint"",""coordinates"":[]}"
20251002T175059_20251002T175331_T13TDJ_4,275,0.24010554089709762,2025-10-02,"{""type"":""MultiPoint"",""coordinates"":[]}"
20251002T175059_20251002T175331_T13TEF_3,275,0.1733046286329387,2025-10-02,"{""type"":""MultiPoint"",""coordinates"":[]}"
20251003T173731_20251003T174236_T13REP_0,276,0.49831271091113616,2025-10-03,"{""type"":""MultiPoint"",""coordinates"":[]}"
20251003T173731_20251003T174236_T13SFT_1,276,0.2676211453744493,2025-10-03,"{""type"":""MultiPoint"",""coordinates"":[]}"
20251003T173731_20251003T174236_T13SGC_2,276,0.25254691689008046,2025-10-03,"{""type"":""MultiPoint"",""coordinates"":[]}"
20251004T174221_20251004T174910_T13SGC_2,277,0.2593003886729595,2025-10-04,"{""type"":""MultiPoint"",""coordinates"":[]}"
20251006T173119_20251006T174346_T13REP_0,279,0.4473507712944332,2025-10-06,"{""type"":""MultiPoint"",""coordinates"":[]}"
20251007T175241_20251007T175645_T13TDH_4,280,0.35091023226616447,2025-10-07,"{""type"":""MultiPoint"",""coordinates"":[]}"
20251007T175241_20251007T175645_T13TDJ_4,280,0.313782991202346,2025-10-07,"{""type"":""MultiPoint"",""coordinates"":[]}"
20251008T181149_20251008T181604_T12TYT_5,281,0.2544196771714067,2025-10-08,"{""type"":""MultiPoint"",""coordinates"":[]}"
20251008T181149_20251008T181604_T12UYB_6,281,0.3013493253373313,2025-10-08,"{""type"":""MultiPoint"",""coordinates"":[]}"
20251008T181149_20251008T181604_T12UYU_5,281,0.25731895223420653,2025-10-08,"{""type"":""MultiPoint"",""coordinates"":[]}"
20251008T181149_20251008T181604_T13UCS_6,281,0.29683885890516576,2025-10-08,"{""type"":""MultiPoint"",""coordinates"":[]}"
20251009T174139_20251009T174940_T13SGC_2,282,0.24162257495590828,2025-10-09,"{""type"":""MultiPoint"",""coordinates"":[]}"
20251009T174139_20251009T174940_T13TEF_3,282,0.17134986225895318,2025-10-09,"{""type"":""MultiPoint"",""coordinates"":[]}"
20251011T173251_20251011T174316_T13REP_0,284,0.4100719424460431,2025-10-11,"{""type"":""MultiPoint"",""coordinates"":[]}"
20251011T173251_20251011T174316_T13SGC_2,284,0.21146131805157595,2025-10-11,"{""type"":""MultiPoint"",""coordinates"":[]}"
20251012T175159_20251012T175725_T13TDH_4,285,0.30120481927710835,2025-10-12,"{""type"":""MultiPoint"",""coordinates"":[]}"
20251012T175159_20251012T175725_T13TDJ_4,285,0.2951365756162558,2025-10-12,"{""type"":""MultiPoint"",""coordinates"":[]}"
20251012T175159_20251012T175725_T13TEF_3,285,0.2175848636616583,2025-10-12,"{""type"":""MultiPoint"",""coordinates"":[]}"
20251016T173229_20251016T173933_T13REP_0,289,0.3021320852834113,2025-10-16,"{""type"":""MultiPoint"",""coordinates"":[]}"
20251016T173229_20251016T173933_T13SFT_1,289,0.25236966824644547,2025-10-16,"{""type"":""MultiPoint"",""coordinates"":[]}"
20251016T182351_20251016T182349_T12UYB_6,289,0.3112868439971244,2025-10-16,"{""type"":""MultiPoint"",""coordinates"":[]}"
20251016T182351_20251016T182349_T13UCS_6,289,0.30029585798816566,2025-10-16,"{""type"":""MultiPoint"",""coordinates"":[]}"
20251017T175341_20251017T175946_T13TDH_4,290,0.3445121951219513,2025-10-17,"{""type"":""MultiPoint"",""coordinates"":[]}"
20251017T175341_20251017T175946_T13TDJ_4,290,0.3358547655068079,2025-10-17,"{""type"":""MultiPoint"",""coordinates"":[]}"
20251017T175341_20251017T175946_T13TEF_3,290,0.1908226077224398,2025-10-17,"{""type"":""MultiPoint"",""coordinates"":[]}"
20251018T181259_20251018T181445_T12TYT_5,291,0.29531914893617023,2025-10-18,"{""type"":""MultiPoint"",""coordinates"":[]}"
20251018T181259_20251018T181445_T12UYU_5,291,0.3013698630136986,2025-10-18,"{""type"":""MultiPoint"",""coordinates"":[]}"
20251019T174249_20251019T175030_T13SGC_2,292,0.22936824132043257,2025-10-19,"{""type"":""MultiPoint"",""coordinates"":[]}"
20251019T174249_20251019T175030_T13TEF_3,292,0.15846403461330452,2025-10-19,"{""type"":""MultiPoint"",""coordinates"":[]}"
20251019T175741_20251019T175741_T13TDH_4,292,0.3430099312452254,2025-10-19,"{""type"":""MultiPoint"",""coordinates"":[]}"
20251019T175741_20251019T175741_T13TEF_3,292,0.173866090712743,2025-10-19,"{""type"":""MultiPoint"",""coordinates"":[]}"
20251021T173401_20251021T173732_T13REP_0,294,0.32619647355163733,2025-10-21,"{""type"":""MultiPoint"",""coordinates"":[]}"
20251021T173401_20251021T173732_T13SFT_1,294,0.25525866969869243,2025-10-21,"{""type"":""MultiPoint"",""coordinates"":[]}"
20251021T173401_20251021T173732_T13SGC_2,294,0.21292970754232934,2025-10-21,"{""type"":""MultiPoint"",""coordinates"":[]}"
20251022T175309_20251022T175908_T13TDH_4,295,0.3814829043411448,2025-10-22,"{""type"":""MultiPoint"",""coordinates"":[]}"
20251022T175309_20251022T175908_T13TDJ_4,295,0.33874538745387456,2025-10-22,"{""type"":""MultiPoint"",""coordinates"":[]}"
20251022T175309_20251022T175908_T13TEF_3,295,0.20042194092827,2025-10-22,"{""type"":""MultiPoint"",""coordinates"":[]}"
20251023T173731_20251023T173726_T13REP_0,296,0.040690505548705354,2025-10-23,"{""type"":""MultiPoint"",""coordinates"":[]}"
20251023T181431_20251023T181653_T12TYT_5,296,0.24814509480626545,2025-10-23,"{""type"":""MultiPoint"",""coordinates"":[]}"
20251023T181431_20251023T181653_T12UYB_6,296,0.2459016393442623,2025-10-23,"{""type"":""MultiPoint"",""coordinates"":[]}"
20251023T181431_20251023T181653_T12UYU_5,296,0.25164473684210525,2025-10-23,"{""type"":""MultiPoint"",""coordinates"":[]}"
20251023T181431_20251023T181653_T13UCS_6,296,0.23223443223443216,2025-10-23,"{""type"":""MultiPoint"",""coordinates"":[]}"
20251024T174431_20251024T174811_T13SGC_2,297,0.22183098591549297,2025-10-24,"{""type"":""MultiPoint"",""coordinates"":[]}"
20251024T174431_20251024T174811_T13TEF_3,297,0.15110881897885511,2025-10-24,"{""type"":""MultiPoint"",""coordinates"":[]}"
20251026T173329_20251026T174037_T13REP_0,299,0.30019120458891013,2025-10-26,"{""type"":""MultiPoint"",""coordinates"":[]}"
20251026T173329_20251026T174037_T13SFT_1,299,0.23625730994152053,2025-10-26,"{""type"":""MultiPoint"",""coordinates"":[]}"
20251026T182501_20251026T182637_T12UYB_6,299,0.2697616060225847,2025-10-26,"{""type"":""MultiPoint"",""coordinates"":[]}"
20251026T182501_20251026T182637_T13UCS_6,299,0.268939393939394,2025-10-26,"{""type"":""MultiPoint"",""coordinates"":[]}"
20251027T175451_20251027T180147_T13TDH_4,300,0.3333333333333333,2025-10-27,"{""type"":""MultiPoint"",""coordinates"":[]}"
20251027T175451_20251027T180147_T13TEF_3,300,0.18422474338195574,2025-10-27,"{""type"":""MultiPoint"",""coordinates"":[]}"
20251028T181359_20251028T181354_T12TYT_5,301,0.22057677318784094,2025-10-28,"{""type"":""MultiPoint"",""coordinates"":[]}"
20251028T181359_20251028T181354_T12UYB_6,301,0.2458100558659218,2025-10-28,"{""type"":""MultiPoint"",""coordinates"":[]}"
20251028T181359_20251028T181354_T12UYU_5,301,0.2216131558339859,2025-10-28,"{""type"":""MultiPoint"",""coordinates"":[]}"
20251028T181359_20251028T181354_T13UCS_6,301,0.2453371592539455,2025-10-28,"{""type"":""MultiPoint"",""coordinates"":[]}"
20251029T174349_20251029T174942_T13SGC_2,302,0.21648351648351652,2025-10-29,"{""type"":""MultiPoint"",""coordinates"":[]}"
20251029T174349_20251029T174942_T13TEF_3,302,0.16549104720564298,2025-10-29,"{""type"":""MultiPoint"",""coordinates"":[]}"
20251031T173511_20251031T174250_T13REP_0,304,0.2550213024954352,2025-10-31,"{""type"":""MultiPoint"",""coordinates"":[]}"
20251102T181531_20251102T181846_T12TYT_5,306,0.20280811232449297,2025-11-02,"{""type"":""MultiPoint"",""coordinates"":[]}"
20251102T181531_20251102T181846_T12UYB_6,306,0.2435723951285521,2025-11-02,"{""type"":""MultiPoint"",""coordinates"":[]}"
20251102T181531_20251102T181846_T12UYU_5,306,0.2059748427672956,2025-11-02,"{""type"":""MultiPoint"",""coordinates"":[]}"
20251102T181531_20251102T181846_T13UCS_6,306,0.23776223776223776,2025-11-02,"{""type"":""MultiPoint"",""coordinates"":[]}"
20251105T173419_20251105T173851_T13REP_0,309,0.23122765196662692,2025-11-05,"{""type"":""MultiPoint"",""coordinates"":[]}"
20251105T173419_20251105T173851_T13SFT_1,309,0.19703026841804683,2025-11-05,"{""type"":""MultiPoint"",""coordinates"":[]}"
20251105T173419_20251105T173851_T13SGC_2,309,0.18126272912423627,2025-11-05,"{""type"":""MultiPoint"",""coordinates"":[]}"
20251106T180021_20251106T180023_T13TEF_3,310,0.1285493030459473,2025-11-06,"{""type"":""MultiPoint"",""coordinates"":[]}"
20251108T174439_20251108T174439_T13SGC_2,312,0.17973333333333338,2025-11-08,"{""type"":""MultiPoint"",""coordinates"":[]}"
20251108T174439_20251108T174439_T13TEF_3,312,0.18722466960352424,2025-11-08,"{""type"":""MultiPoint"",""coordinates"":[]}"
20251108T175741_20251108T175742_T13TDH_4,312,0.28901200369344415,2025-11-08,"{""type"":""MultiPoint"",""coordinates"":[]}"
20251108T175741_20251108T175742_T13TEF_3,312,0.19510839355197326,2025-11-08,"{""type"":""MultiPoint"",""coordinates"":[]}"
20251110T173551_20251110T174318_T13REP_0,314,0.22663551401869161,2025-11-10,"{""type"":""MultiPoint"",""coordinates"":[]}"
20251110T173551_20251110T174318_T13SFT_1,314,0.19845644983461963,2025-11-10,"{""type"":""MultiPoint"",""coordinates"":[]}"
20251111T175459_20251111T175910_T13TDH_4,315,0.29318332230311045,2025-11-11,"{""type"":""MultiPoint"",""coordinates"":[]}"
20251111T175459_20251111T175910_T13TDJ_4,315,0.2832674571805007,2025-11-11,"{""type"":""MultiPoint"",""coordinates"":[]}"
20251111T175459_20251111T175910_T13TEF_3,315,0.13558441558441559,2025-11-11,"{""type"":""MultiPoint"",""coordinates"":[]}"
20251112T173721_20251112T174346_T13REP_0,316,0.2203777904979966,2025-11-12,"{""type"":""MultiPoint"",""coordinates"":[]}"
20251112T173721_20251112T174346_T13SFT_1,316,0.1936758893280632,2025-11-12,"{""type"":""MultiPoint"",""coordinates"":[]}"
20251113T174611_20251113T174800_T13SGC_2,317,0.1716961498439126,2025-11-13,"{""type"":""MultiPoint"",""coordinates"":[]}"
20251113T174611_20251113T174800_T13TEF_3,317,0.14861995753715504,2025-11-13,"{""type"":""MultiPoint"",""coordinates"":[]}"
20251115T173509_20251115T173741_T13REP_0,319,0.20344827586206898,2025-11-15,"{""type"":""MultiPoint"",""coordinates"":[]}"
20251115T173509_20251115T173741_T13SFT_1,319,0.18974358974358982,2025-11-15,"{""type"":""MultiPoint"",""coordinates"":[]}"
20251116T175631_20251116T175630_T13TDH_4,320,0.27021423635107117,2025-11-16,"{""type"":""MultiPoint"",""coordinates"":[]}"
20251116T175631_20251116T175630_T13TDJ_4,320,0.26899383983572894,2025-11-16,"{""type"":""MultiPoint"",""coordinates"":[]}"
20251116T175631_20251116T175630_T13TEF_3,320,0.18895966029723993,2025-11-16,"{""type"":""MultiPoint"",""coordinates"":[]}"
20251120T182549_20251120T182551_T12UYB_6,324,0.258814703675919,2025-11-20,"{""type"":""MultiPoint"",""coordinates"":[]}"
20251120T182549_20251120T182551_T13UCS_6,324,0.2662090007627766,2025-11-20,"{""type"":""MultiPoint"",""coordinates"":[]}"
20251123T174701_20251123T174836_T13TEF_3,327,0.14366197183098597,2025-11-23,"{""type"":""MultiPoint"",""coordinates"":[]}"
20251125T173549_20251125T173714_T13REP_0,329,0.20382165605095542,2025-11-25,"{""type"":""MultiPoint"",""coordinates"":[]}"
20251125T173549_20251125T173714_T13SFT_1,329,0.19928186714542187,2025-11-25,"{""type"":""MultiPoint"",""coordinates"":[]}"
20251125T173549_20251125T173714_T13SGC_2,329,0.1575793888556022,2025-11-25,"{""type"":""MultiPoint"",""coordinates"":[]}"
20251125T182721_20251125T182910_T13UCS_6,329,0.16378316032295276,2025-11-25,"{""type"":""MultiPoint"",""coordinates"":[]}"
20251201T175619_20251201T180002_T13TDH_4,335,0.023617201323178665,2025-12-01,"{""type"":""MultiPoint"",""coordinates"":[]}"
20251201T175619_20251201T180002_T13TDJ_4,335,0.023141005862388174,2025-12-01,"{""type"":""MultiPoint"",""coordinates"":[]}"
20251201T175619_20251201T180002_T13TEF_3,335,0.17408017572762216,2025-12-01,"{""type"":""MultiPoint"",""coordinates"":[]}"
20251202T173731_20251202T173727_T13REP_0,336,0.20063025210084032,2025-12-02,"{""type"":""MultiPoint"",""coordinates"":[]}"
20251202T173731_20251202T173727_T13SFT_1,336,0.18993135011441642,2025-12-02,"{""type"":""MultiPoint"",""coordinates"":[]}"
20251202T173731_20251202T173727_T13SGC_2,336,0.1374930977360574,2025-12-02,"{""type"":""MultiPoint"",""coordinates"":[]}"
20251205T173619_20251205T173840_T13SFT_1,339,0.19558908879860704,2025-12-05,"{""type"":""MultiPoint"",""coordinates"":[]}"
20251207T181639_20251207T181641_T12TYT_5,341,0.029669803796458772,2025-12-07,"{""type"":""MultiPoint"",""coordinates"":[]}"
20251208T174629_20251208T174756_T13SGC_2,342,0.14863258026159337,2025-12-08,"{""type"":""MultiPoint"",""coordinates"":[]}"
20251208T174629_20251208T174756_T13TEF_3,342,0.16302521008403362,2025-12-08,"{""type"":""MultiPoint"",""coordinates"":[]}"
20251210T173741_20251210T174311_T13REP_0,344,0.1857065511640498,2025-12-10,"{""type"":""MultiPoint"",""coordinates"":[]}"
20251210T173741_20251210T174311_T13SFT_1,344,0.18341121495327098,2025-12-10,"{""type"":""MultiPoint"",""coordinates"":[]}"
20251216T175751_20251216T175857_T13TEF_3,350,0.16552088841882606,2025-12-16,"{""type"":""MultiPoint"",""coordinates"":[]}"
20251218T174649_20251218T174842_T13SGC_2,352,0.15644002211166386,2025-12-18,"{""type"":""MultiPoint"",""coordinates"":[]}"
20251220T173751_20251220T174311_T13REP_0,354,0.20311688311688308,2025-12-20,"{""type"":""MultiPoint"",""coordinates"":[]}"
20251220T182659_20251220T182757_T12UYB_6,354,0.0509633312616532,2025-12-20,"{""type"":""MultiPoint"",""coordinates"":[]}"
20251220T182659_20251220T182757_T13UCS_6,354,0.04864181933038533,2025-12-20,"{""type"":""MultiPoint"",""coordinates"":[]}"
20251222T173801_20251222T173757_T13REP_0,356,0.17725409836065578,2025-12-22,"{""type"":""MultiPoint"",""coordinates"":[]}"
20251222T173801_20251222T173757_T13SFT_1,356,0.1737891737891738,2025-12-22,"{""type"":""MultiPoint"",""coordinates"":[]}"
20251222T173801_20251222T173757_T13SGC_2,356,0.13242961418143903,2025-12-22,"{""type"":""MultiPoint"",""coordinates"":[]}"
20251225T173639_20251225T173640_T13REP_0,359,0.1577946768060837,2025-12-25,"{""type"":""MultiPoint"",""coordinates"":[]}"
20251225T173639_20251225T173640_T13SFT_1,359,0.1460151250727167,2025-12-25,"{""type"":""MultiPoint"",""coordinates"":[]}"
20251226T175751_20251226T175857_T13TEF_3,360,0.08796895213454077,2025-12-26,"{""type"":""MultiPoint"",""coordinates"":[]}"
20251228T174639_20251228T175159_T13TEF_3,362,0.1188222923238696,2025-12-28,"{""type"":""MultiPoint"",""coordinates"":[]}"
20251230T173741_20251230T174314_T13SGC_2,364,0.14151925078043706,2025-12-30,"{""type"":""MultiPoint"",""coordinates"":[]}"
