"","year","DOY","pet_cm"
"1",1994,1,0.0778446763196337
"2",1994,2,0.0807991551016513
"3",1994,3,0.0713898963764904
"4",1994,4,0.0773023212894144
"5",1994,5,0.0876255196386524
"6",1994,6,0.0856028890572217
"7",1994,7,0.0712367681567571
"8",1994,8,0.0706491147271021
"9",1994,9,0.0746264137178289
"10",1994,10,0.0761523935988129
"11",1994,11,0.0765256281376588
"12",1994,12,0.0837752173934335
"13",1994,13,0.0781119440414174
"14",1994,14,0.082194095593649
"15",1994,15,0.0884352594730668
"16",1994,16,0.0911895740540672
"17",1994,17,0.083230130119145
"18",1994,18,0.0913490070109355
"19",1994,19,0.0987836067227108
"20",1994,20,0.101417131705945
"21",1994,21,0.093705210132161
"22",1994,22,0.100800512978297
"23",1994,23,0.108595101567871
"24",1994,24,0.122763163575305
"25",1994,25,0.126329111356402
"26",1994,26,0.114663915111988
"27",1994,27,0.103799811469202
"28",1994,28,0.0978116520467673
"29",1994,29,0.0898151963047039
"30",1994,30,0.0922697704287158
"31",1994,31,0.081291325774188
"32",1994,32,0.0884564507251289
"33",1994,33,0.10509758903748
"34",1994,34,0.132565566950254
"35",1994,35,0.14598674810391
"36",1994,36,0.147528937020969
"37",1994,37,0.155494719164028
"38",1994,38,0.171164584086776
"39",1994,39,0.175408799854771
"40",1994,40,0.148767589979761
"41",1994,41,0.154443150200098
"42",1994,42,0.164919814278918
"43",1994,43,0.16559733130799
"44",1994,44,0.145319480916057
"45",1994,45,0.165445392381755
"46",1994,46,0.182498560088345
"47",1994,47,0.187732487294779
"48",1994,48,0.20407988925435
"49",1994,49,0.220513811985492
"50",1994,50,0.218456903966973
"51",1994,51,0.19646633412148
"52",1994,52,0.2083986000304
"53",1994,53,0.183470158393859
"54",1994,54,0.174423947447519
"55",1994,55,0.192066972538819
"56",1994,56,0.210542862618334
"57",1994,57,0.202601924350208
"58",1994,58,0.222215358150249
"59",1994,59,0.22028642666711
"60",1994,60,0.205274800200431
"61",1994,61,0.209764541682651
"62",1994,62,0.230185028271799
"63",1994,63,0.258191493316722
"64",1994,64,0.264678986187232
"65",1994,65,0.26561341604846
"66",1994,66,0.266944051323142
"67",1994,67,0.243180598488204
"68",1994,68,0.198570549003448
"69",1994,69,0.212919237145511
"70",1994,70,0.253062369514229
"71",1994,71,0.249219455348894
"72",1994,72,0.235693041896592
"73",1994,73,0.248604949842623
"74",1994,74,0.252272500383515
"75",1994,75,0.285437156718753
"76",1994,76,0.308416329390001
"77",1994,77,0.325904263154892
"78",1994,78,0.328862068379651
"79",1994,79,0.323484233363326
"80",1994,80,0.315214428240712
"81",1994,81,0.326143211226081
"82",1994,82,0.332427986264067
"83",1994,83,0.335071799268455
"84",1994,84,0.348693805562486
"85",1994,85,0.343287309845966
"86",1994,86,0.291595604345034
"87",1994,87,0.265632925515897
"88",1994,88,0.299723964306959
"89",1994,89,0.306373350485289
"90",1994,90,0.324914462743637
"91",1994,91,0.367541288708573
"92",1994,92,0.384232810060978
"93",1994,93,0.366243024728957
"94",1994,94,0.394439474740388
"95",1994,95,0.390998841168792
"96",1994,96,0.349255373309131
"97",1994,97,0.392699691399296
"98",1994,98,0.414573385136416
"99",1994,99,0.430475563480542
"100",1994,100,0.429479715859133
"101",1994,101,0.410558576606928
"102",1994,102,0.411479124851444
"103",1994,103,0.440005764444875
"104",1994,104,0.482089829276339
"105",1994,105,0.458105168941837
"106",1994,106,0.429720486597482
"107",1994,107,0.439818328169714
"108",1994,108,0.461551598455736
"109",1994,109,0.479155144430066
"110",1994,110,0.479881661180082
"111",1994,111,0.479900956094052
"112",1994,112,0.485323110429044
"113",1994,113,0.506670858778364
"114",1994,114,0.496316680461757
"115",1994,115,0.495725184511168
"116",1994,116,0.502603298563965
"117",1994,117,0.506306656743899
"118",1994,118,0.468239067669138
"119",1994,119,0.489907915348159
"120",1994,120,0.464681249571517
"121",1994,121,0.495203727609334
"122",1994,122,0.521865514891376
"123",1994,123,0.530084035070798
"124",1994,124,0.545692970010954
"125",1994,125,0.571340979875251
"126",1994,126,0.579478424043747
"127",1994,127,0.579554904439117
"128",1994,128,0.565782129081004
"129",1994,129,0.563588225354528
"130",1994,130,0.573617335521483
"131",1994,131,0.590117476161348
"132",1994,132,0.570499706952186
"133",1994,133,0.552630324702375
"134",1994,134,0.573887906631611
"135",1994,135,0.58300156080094
"136",1994,136,0.603076510494589
"137",1994,137,0.612778544613454
"138",1994,138,0.628024709894175
"139",1994,139,0.589967832653213
"140",1994,140,0.597292940124288
"141",1994,141,0.591735866433585
"142",1994,142,0.571976338122973
"143",1994,143,0.599024188879617
"144",1994,144,0.606793650604184
"145",1994,145,0.616348397321762
"146",1994,146,0.615531919313617
"147",1994,147,0.620132793729306
"148",1994,148,0.646744191823796
"149",1994,149,0.680095608825772
"150",1994,150,0.67841851892552
"151",1994,151,0.68832617819298
"152",1994,152,0.670634261400071
"153",1994,153,0.652046245297286
"154",1994,154,0.627778174765186
"155",1994,155,0.655415090696575
"156",1994,156,0.693922449463539
"157",1994,157,0.705165209183525
"158",1994,158,0.722542844594323
"159",1994,159,0.71091730575862
"160",1994,160,0.71706894937062
"161",1994,161,0.708624444268831
"162",1994,162,0.687112150871774
"163",1994,163,0.690261408582931
"164",1994,164,0.69017443907427
"165",1994,165,0.706422395977955
"166",1994,166,0.7259225108869
"167",1994,167,0.730797879129823
"168",1994,168,0.719484284622739
"169",1994,169,0.694198226692017
"170",1994,170,0.683054305135018
"171",1994,171,0.682562980699542
"172",1994,172,0.693325976483054
"173",1994,173,0.714314137910425
"174",1994,174,0.733461140327367
"175",1994,175,0.744502613106261
"176",1994,176,0.774255554026276
"177",1994,177,0.795198936698846
"178",1994,178,0.800889995749514
"179",1994,179,0.795066454669337
"180",1994,180,0.793827183452576
"181",1994,181,0.792982834830427
"182",1994,182,0.785173820191385
"183",1994,183,0.77914038465784
"184",1994,184,0.7651754722084
"185",1994,185,0.76088577808995
"186",1994,186,0.741988370717909
"187",1994,187,0.75415810793979
"188",1994,188,0.762048161766086
"189",1994,189,0.747053180550978
"190",1994,190,0.718805638294121
"191",1994,191,0.71179825444332
"192",1994,192,0.721918631382474
"193",1994,193,0.745197029830627
"194",1994,194,0.73576169327541
"195",1994,195,0.691345241329759
"196",1994,196,0.693274783627318
"197",1994,197,0.697955642029363
"198",1994,198,0.707160183739814
"199",1994,199,0.719259443386304
"200",1994,200,0.723919313938102
"201",1994,201,0.730398710764943
"202",1994,202,0.715942439344862
"203",1994,203,0.71480126071929
"204",1994,204,0.716839990809968
"205",1994,205,0.716717559738293
"206",1994,206,0.72517361961269
"207",1994,207,0.726658931134734
"208",1994,208,0.696549632260906
"209",1994,209,0.677193320267899
"210",1994,210,0.675716488825669
"211",1994,211,0.669913573499291
"212",1994,212,0.677033207983412
"213",1994,213,0.679423266217036
"214",1994,214,0.68471667404135
"215",1994,215,0.665418734692845
"216",1994,216,0.650966306677036
"217",1994,217,0.654038661617277
"218",1994,218,0.679084148145799
"219",1994,219,0.687730683179557
"220",1994,220,0.683726659175349
"221",1994,221,0.671611608714196
"222",1994,222,0.64294207865644
"223",1994,223,0.631682251805002
"224",1994,224,0.646403132962338
"225",1994,225,0.651139961257995
"226",1994,226,0.634425011529789
"227",1994,227,0.628341608228353
"228",1994,228,0.635950170878781
"229",1994,229,0.665876397810135
"230",1994,230,0.671654742489418
"231",1994,231,0.657490500371217
"232",1994,232,0.649066223551526
"233",1994,233,0.619386760183427
"234",1994,234,0.604262186932825
"235",1994,235,0.609763666472586
"236",1994,236,0.59420600139968
"237",1994,237,0.584783746041426
"238",1994,238,0.591285047078013
"239",1994,239,0.577788946063287
"240",1994,240,0.579035185414844
"241",1994,241,0.57428855654827
"242",1994,242,0.564357597553634
"243",1994,243,0.540044254715331
"244",1994,244,0.506679270842744
"245",1994,245,0.516665885758136
"246",1994,246,0.525532385087519
"247",1994,247,0.53290686935719
"248",1994,248,0.528687191542452
"249",1994,249,0.504038315705631
"250",1994,250,0.493842848077377
"251",1994,251,0.489187458643287
"252",1994,252,0.481023836655338
"253",1994,253,0.475734304667097
"254",1994,254,0.46168712306308
"255",1994,255,0.456106974059416
"256",1994,256,0.458392509879809
"257",1994,257,0.446485394849454
"258",1994,258,0.438622586889679
"259",1994,259,0.403444434093336
"260",1994,260,0.388278792085653
"261",1994,261,0.390216689599305
"262",1994,262,0.392374177998022
"263",1994,263,0.404294434298182
"264",1994,264,0.403215795816322
"265",1994,265,0.350657394850851
"266",1994,266,0.343274718466132
"267",1994,267,0.3637989924903
"268",1994,268,0.362055265732843
"269",1994,269,0.364224540008358
"270",1994,270,0.364848851376614
"271",1994,271,0.357654033519216
"272",1994,272,0.348972284519823
"273",1994,273,0.34503030185178
"274",1994,274,0.340790715945087
"275",1994,275,0.338713472391955
"276",1994,276,0.330506006604605
"277",1994,277,0.336771874318116
"278",1994,278,0.327511055607349
"279",1994,279,0.309561618081119
"280",1994,280,0.278174527616136
"281",1994,281,0.236376916726948
"282",1994,282,0.228591397725644
"283",1994,283,0.217302579842948
"284",1994,284,0.222528989233737
"285",1994,285,0.228445554598149
"286",1994,286,0.214066292980024
"287",1994,287,0.210571788279373
"288",1994,288,0.216148380506365
"289",1994,289,0.222894313795386
"290",1994,290,0.217925892507876
"291",1994,291,0.214092187437856
"292",1994,292,0.216429378959831
"293",1994,293,0.21581004991727
"294",1994,294,0.205044229199205
"295",1994,295,0.198695082793413
"296",1994,296,0.200563186967742
"297",1994,297,0.202895552225914
"298",1994,298,0.174606085647351
"299",1994,299,0.153157775688449
"300",1994,300,0.166267865138034
"301",1994,301,0.17515242386929
"302",1994,302,0.177213744053397
"303",1994,303,0.173035648333294
"304",1994,304,0.157020433313944
"305",1994,305,0.156299158827292
"306",1994,306,0.155517053835987
"307",1994,307,0.159162545128942
"308",1994,308,0.151320474878408
"309",1994,309,0.129575795708576
"310",1994,310,0.142481043132436
"311",1994,311,0.150535057675261
"312",1994,312,0.146994860900065
"313",1994,313,0.127115711318455
"314",1994,314,0.122538873917935
"315",1994,315,0.128326185639363
"316",1994,316,0.132610854140144
"317",1994,317,0.134581259364418
"318",1994,318,0.113314696588102
"319",1994,319,0.0984257311815246
"320",1994,320,0.109603473137632
"321",1994,321,0.115436940185624
"322",1994,322,0.108126306658172
"323",1994,323,0.107076619456078
"324",1994,324,0.0937054141224968
"325",1994,325,0.103091468031189
"326",1994,326,0.10105907295389
"327",1994,327,0.0885674695653762
"328",1994,328,0.0970419581726783
"329",1994,329,0.110763181342968
"330",1994,330,0.108352905766093
"331",1994,331,0.0975039283184884
"332",1994,332,0.07585369033067
"333",1994,333,0.0692619430324579
"334",1994,334,0.0726673249201705
"335",1994,335,0.0817189042923027
"336",1994,336,0.089901761843239
"337",1994,337,0.0877686130024032
"338",1994,338,0.0941274190671617
"339",1994,339,0.0953675823416076
"340",1994,340,0.0964493386282139
"341",1994,341,0.0891974831274535
"342",1994,342,0.084666153373133
"343",1994,343,0.0663364886958799
"344",1994,344,0.0595589871903229
"345",1994,345,0.0652187750798113
"346",1994,346,0.073402477561047
"347",1994,347,0.0785938947901251
"348",1994,348,0.0768695318238428
"349",1994,349,0.0755450556092961
"350",1994,350,0.0714224847928815
"351",1994,351,0.0702010446439857
"352",1994,352,0.0730263635350921
"353",1994,353,0.0811927968418307
"354",1994,354,0.0720285895830981
"355",1994,355,0.0705089043023174
"356",1994,356,0.0699558077159435
"357",1994,357,0.0680435329020458
"358",1994,358,0.0656007596382465
"359",1994,359,0.0686331439980601
"360",1994,360,0.0698471019765861
"361",1994,361,0.0675836839682129
"362",1994,362,0.0701800813264799
"363",1994,363,0.0714847763246914
"364",1994,364,0.070887278931581
"365",1994,365,0.0666289916813032
"366",1994,366,0.0883339828838792
"367",1995,1,0.0607370927086096
"368",1995,2,0.0588066989989226
"369",1995,3,0.0618903883820191
"370",1995,4,0.0617796939675225
"371",1995,5,0.070521679626782
"372",1995,6,0.0761257145213601
"373",1995,7,0.0813955852953364
"374",1995,8,0.0866425220600144
"375",1995,9,0.0939570901232743
"376",1995,10,0.0976879161216727
"377",1995,11,0.0954390307623754
"378",1995,12,0.0903660536702006
"379",1995,13,0.0855001907006008
"380",1995,14,0.092895157366815
"381",1995,15,0.102942924241513
"382",1995,16,0.103458737146931
"383",1995,17,0.0876043320155322
"384",1995,18,0.0799975421793686
"385",1995,19,0.0815798737083373
"386",1995,20,0.098852001251488
"387",1995,21,0.097785146902396
"388",1995,22,0.0956240898519387
"389",1995,23,0.0948635731440486
"390",1995,24,0.104588641825765
"391",1995,25,0.114344056659101
"392",1995,26,0.11592600739686
"393",1995,27,0.112059251607374
"394",1995,28,0.105039883365208
"395",1995,29,0.0964226048179837
"396",1995,30,0.0991082638800127
"397",1995,31,0.115250118287636
"398",1995,32,0.135687689827806
"399",1995,33,0.142983770382594
"400",1995,34,0.136786664490935
"401",1995,35,0.135564490508456
"402",1995,36,0.150231443617422
"403",1995,37,0.156374123056718
"404",1995,38,0.157944594326451
"405",1995,39,0.149825985333789
"406",1995,40,0.170021661062062
"407",1995,41,0.183446192035409
"408",1995,42,0.172912068592343
"409",1995,43,0.16504569711966
"410",1995,44,0.184052248702163
"411",1995,45,0.20584678472063
"412",1995,46,0.209919433410556
"413",1995,47,0.183823435047683
"414",1995,48,0.172044647782569
"415",1995,49,0.186779115105222
"416",1995,50,0.191527710887484
"417",1995,51,0.201711973607295
"418",1995,52,0.201973719228819
"419",1995,53,0.224295100918503
"420",1995,54,0.221172174889292
"421",1995,55,0.201742447442452
"422",1995,56,0.234436449757084
"423",1995,57,0.223643559834292
"424",1995,58,0.227310892291467
"425",1995,59,0.212541201393568
"426",1995,60,0.189509008811571
"427",1995,61,0.192926334632721
"428",1995,62,0.218590979111768
"429",1995,63,0.247452357209382
"430",1995,64,0.253544473541452
"431",1995,65,0.24551570694781
"432",1995,66,0.194020491759738
"433",1995,67,0.190429980253565
"434",1995,68,0.227932691872292
"435",1995,69,0.257727383090378
"436",1995,70,0.273405531808552
"437",1995,71,0.272057980418488
"438",1995,72,0.2558561958364
"439",1995,73,0.253605363902131
"440",1995,74,0.257712378151026
"441",1995,75,0.267398113391669
"442",1995,76,0.28746703837948
"443",1995,77,0.308543609755876
"444",1995,78,0.323456602974184
"445",1995,79,0.347125638252813
"446",1995,80,0.345915908829964
"447",1995,81,0.353408594152695
"448",1995,82,0.34702703292553
"449",1995,83,0.363371977524945
"450",1995,84,0.347458605073055
"451",1995,85,0.32338713719275
"452",1995,86,0.327664355660577
"453",1995,87,0.331905140275435
"454",1995,88,0.312570549601905
"455",1995,89,0.306926865582169
"456",1995,90,0.310539857637227
"457",1995,91,0.330535879695583
"458",1995,92,0.359397711383764
"459",1995,93,0.368757482219419
"460",1995,94,0.353196120377653
"461",1995,95,0.364144121084008
"462",1995,96,0.399585941424893
"463",1995,97,0.424304330422145
"464",1995,98,0.439959921331732
"465",1995,99,0.42807873435404
"466",1995,100,0.381225784314645
"467",1995,101,0.376594751580245
"468",1995,102,0.42555009577487
"469",1995,103,0.455677368944612
"470",1995,104,0.475748313951747
"471",1995,105,0.478931821011586
"472",1995,106,0.497106262419307
"473",1995,107,0.486141551810929
"474",1995,108,0.426075930642013
"475",1995,109,0.436459740194864
"476",1995,110,0.433792064088732
"477",1995,111,0.455379835686754
"478",1995,112,0.448077111651147
"479",1995,113,0.410186807053523
"480",1995,114,0.446554323266507
"481",1995,115,0.475778954789921
"482",1995,116,0.49182789501095
"483",1995,117,0.481142520991511
"484",1995,118,0.509289959946662
"485",1995,119,0.528302368302816
"486",1995,120,0.541644032290259
"487",1995,121,0.536554252364389
"488",1995,122,0.53769678829113
"489",1995,123,0.537363267051205
"490",1995,124,0.542112648644132
"491",1995,125,0.575557272598095
"492",1995,126,0.563585319913515
"493",1995,127,0.559820760690669
"494",1995,128,0.50131994073344
"495",1995,129,0.520142051587822
"496",1995,130,0.546985133528917
"497",1995,131,0.576099183292951
"498",1995,132,0.593084139454524
"499",1995,133,0.61951235498436
"500",1995,134,0.635343189892657
"501",1995,135,0.649465755987366
"502",1995,136,0.627722665197539
"503",1995,137,0.588107140126706
"504",1995,138,0.569961462937524
"505",1995,139,0.5978687680258
"506",1995,140,0.63070501005309
"507",1995,141,0.645000000886891
"508",1995,142,0.64606672904774
"509",1995,143,0.648095988084787
"510",1995,144,0.609560557450977
"511",1995,145,0.631104993745076
"512",1995,146,0.605661878594067
"513",1995,147,0.604124998444334
"514",1995,148,0.61173519075666
"515",1995,149,0.627988770242885
"516",1995,150,0.621594457448349
"517",1995,151,0.640605499428017
"518",1995,152,0.667419224762271
"519",1995,153,0.684183066160613
"520",1995,154,0.680269425774651
"521",1995,155,0.672145962119587
"522",1995,156,0.676692225719658
"523",1995,157,0.693393684185198
"524",1995,158,0.695891650012975
"525",1995,159,0.691812096355431
"526",1995,160,0.690942211746722
"527",1995,161,0.675590271803026
"528",1995,162,0.621746391618814
"529",1995,163,0.648535325193522
"530",1995,164,0.666134821019599
"531",1995,165,0.691258135441704
"532",1995,166,0.684455344520764
"533",1995,167,0.694307103734863
"534",1995,168,0.683200228449448
"535",1995,169,0.675574762867838
"536",1995,170,0.685563908143784
"537",1995,171,0.681808675812708
"538",1995,172,0.685251323617326
"539",1995,173,0.695575488145326
"540",1995,174,0.694208582554335
"541",1995,175,0.687194552767566
"542",1995,176,0.677144754685692
"543",1995,177,0.681837187892629
"544",1995,178,0.680222553711272
"545",1995,179,0.702065635060809
"546",1995,180,0.690949385722809
"547",1995,181,0.67150675026252
"548",1995,182,0.673942579977091
"549",1995,183,0.704723113947487
"550",1995,184,0.706741996686947
"551",1995,185,0.709961111500499
"552",1995,186,0.712891650278951
"553",1995,187,0.710920255579722
"554",1995,188,0.687433011752709
"555",1995,189,0.696670671577926
"556",1995,190,0.706565721452516
"557",1995,191,0.703756432109985
"558",1995,192,0.705498291477171
"559",1995,193,0.71805541642821
"560",1995,194,0.731190075953616
"561",1995,195,0.71935454711209
"562",1995,196,0.707519021750568
"563",1995,197,0.701212799390758
"564",1995,198,0.706881482435575
"565",1995,199,0.712171752974591
"566",1995,200,0.723636521569742
"567",1995,201,0.704028063007004
"568",1995,202,0.715169889954242
"569",1995,203,0.709757348685484
"570",1995,204,0.744238889808672
"571",1995,205,0.746603218558458
"572",1995,206,0.751338512708571
"573",1995,207,0.753412734338071
"574",1995,208,0.744895568741991
"575",1995,209,0.734732538924997
"576",1995,210,0.713839364430571
"577",1995,211,0.702119471292226
"578",1995,212,0.674174551578145
"579",1995,213,0.650394196922541
"580",1995,214,0.659390682216049
"581",1995,215,0.679275092704629
"582",1995,216,0.677690007880812
"583",1995,217,0.66722450240737
"584",1995,218,0.669002024034252
"585",1995,219,0.682421175967248
"586",1995,220,0.687110497694044
"587",1995,221,0.680232959382406
"588",1995,222,0.668642829997112
"589",1995,223,0.667734397219165
"590",1995,224,0.658387733070704
"591",1995,225,0.659878395316906
"592",1995,226,0.660312544744538
"593",1995,227,0.629259332751746
"594",1995,228,0.622596618433734
"595",1995,229,0.633264462076401
"596",1995,230,0.625763814212644
"597",1995,231,0.60814180339259
"598",1995,232,0.603527673816771
"599",1995,233,0.611471016145452
"600",1995,234,0.606957026968484
"601",1995,235,0.597069100247195
"602",1995,236,0.592774642334176
"603",1995,237,0.591012934859132
"604",1995,238,0.590569772847156
"605",1995,239,0.582856750013359
"606",1995,240,0.578327079584778
"607",1995,241,0.578041590131917
"608",1995,242,0.582248161567155
"609",1995,243,0.560268200874158
"610",1995,244,0.538572934852572
"611",1995,245,0.530313131444099
"612",1995,246,0.528999445988533
"613",1995,247,0.53688089738979
"614",1995,248,0.545568074137461
"615",1995,249,0.547038451350878
"616",1995,250,0.534088802593356
"617",1995,251,0.515934712145883
"618",1995,252,0.497757017464403
"619",1995,253,0.472176947852159
"620",1995,254,0.456974170515978
"621",1995,255,0.464037182412926
"622",1995,256,0.435914724992822
"623",1995,257,0.406085311048838
"624",1995,258,0.432745485761618
"625",1995,259,0.447278424530627
"626",1995,260,0.437892299172571
"627",1995,261,0.432780808571907
"628",1995,262,0.418674533236093
"629",1995,263,0.400782467885842
"630",1995,264,0.353740948800667
"631",1995,265,0.304855279274526
"632",1995,266,0.3342476988371
"633",1995,267,0.366139135851679
"634",1995,268,0.361815670240232
"635",1995,269,0.368142602348095
"636",1995,270,0.37818928579819
"637",1995,271,0.372396258605926
"638",1995,272,0.359874917410836
"639",1995,273,0.341294002743928
"640",1995,274,0.328244076627492
"641",1995,275,0.311550842528182
"642",1995,276,0.296246008063087
"643",1995,277,0.297351702422125
"644",1995,278,0.272954877150702
"645",1995,279,0.25890704994084
"646",1995,280,0.271410952994141
"647",1995,281,0.285676914104154
"648",1995,282,0.283258177164668
"649",1995,283,0.268965459188794
"650",1995,284,0.256516105236468
"651",1995,285,0.246721969928724
"652",1995,286,0.237052852228026
"653",1995,287,0.219653181925729
"654",1995,288,0.22250778910608
"655",1995,289,0.226416425240529
"656",1995,290,0.227278322787823
"657",1995,291,0.222990608349377
"658",1995,292,0.213538017738749
"659",1995,293,0.189116252136844
"660",1995,294,0.198657118744968
"661",1995,295,0.200774790182891
"662",1995,296,0.184588439486977
"663",1995,297,0.176826287140562
"664",1995,298,0.188674967768099
"665",1995,299,0.183661885572016
"666",1995,300,0.17936024801407
"667",1995,301,0.17360104797225
"668",1995,302,0.171519426117899
"669",1995,303,0.169509823098889
"670",1995,304,0.153716368756803
"671",1995,305,0.145084612513528
"672",1995,306,0.1344172666523
"673",1995,307,0.116234160370376
"674",1995,308,0.123272651349032
"675",1995,309,0.137348463159838
"676",1995,310,0.141097741537277
"677",1995,311,0.132661396843071
"678",1995,312,0.130031967114207
"679",1995,313,0.137436065273373
"680",1995,314,0.130156071915263
"681",1995,315,0.114827291696321
"682",1995,316,0.121610400287001
"683",1995,317,0.126567805195159
"684",1995,318,0.117708549309108
"685",1995,319,0.108845707722499
"686",1995,320,0.10612495976947
"687",1995,321,0.101544797414355
"688",1995,322,0.101291292572137
"689",1995,323,0.10325330479745
"690",1995,324,0.10055563903404
"691",1995,325,0.0976028228011951
"692",1995,326,0.102667652835113
"693",1995,327,0.097372205277605
"694",1995,328,0.091773716153435
"695",1995,329,0.0993922362389486
"696",1995,330,0.109838839544103
"697",1995,331,0.10388033827441
"698",1995,332,0.0773258259097828
"699",1995,333,0.0820160659616051
"700",1995,334,0.0875026534046796
"701",1995,335,0.0939500663544848
"702",1995,336,0.0931574866130127
"703",1995,337,0.0956858690065354
"704",1995,338,0.0927159245075138
"705",1995,339,0.0987251033684537
"706",1995,340,0.0927828595633461
"707",1995,341,0.0870480606483375
"708",1995,342,0.0768728287820581
"709",1995,343,0.0657103809159947
"710",1995,344,0.0685481376833761
"711",1995,345,0.0788592410221613
"712",1995,346,0.084535569511561
"713",1995,347,0.0893524952890865
"714",1995,348,0.0857356348078164
"715",1995,349,0.0738717488437089
"716",1995,350,0.0684827878776548
"717",1995,351,0.0664747718237899
"718",1995,352,0.0548611831483804
"719",1995,353,0.05253359762732
"720",1995,354,0.0545583348134842
"721",1995,355,0.0572688408449518
"722",1995,356,0.0535170618944132
"723",1995,357,0.0528557398736369
"724",1995,358,0.0576886357272933
"725",1995,359,0.0603825090431298
"726",1995,360,0.0644115875170252
"727",1995,361,0.065461379527014
"728",1995,362,0.064738905679029
"729",1995,363,0.0720311913320137
"730",1995,364,0.070975829729082
"731",1995,365,0.0732955896072415
"732",1996,1,0.0599159815205614
"733",1996,2,0.0448943951654038
"734",1996,3,0.0514114037821594
"735",1996,4,0.0732099686624666
"736",1996,5,0.0771349578631384
"737",1996,6,0.0640528645704236
"738",1996,7,0.06776901820878
"739",1996,8,0.0749452847153959
"740",1996,9,0.0846303752102091
"741",1996,10,0.086732434846808
"742",1996,11,0.0847511430624846
"743",1996,12,0.0870038472893431
"744",1996,13,0.0935558785310464
"745",1996,14,0.0996428144159314
"746",1996,15,0.10100938089135
"747",1996,16,0.105411993967034
"748",1996,17,0.108604730093537
"749",1996,18,0.092293187662051
"750",1996,19,0.0918162388897599
"751",1996,20,0.0958420247909722
"752",1996,21,0.0970024852980464
"753",1996,22,0.111430118031988
"754",1996,23,0.101901197307544
"755",1996,24,0.0963827146154011
"756",1996,25,0.109749666623268
"757",1996,26,0.114805944371641
"758",1996,27,0.11163814329674
"759",1996,28,0.125383921312978
"760",1996,29,0.132551566018514
"761",1996,30,0.140550595217508
"762",1996,31,0.132053500614926
"763",1996,32,0.126292151342669
"764",1996,33,0.103096444606147
"765",1996,34,0.108428168036809
"766",1996,35,0.120307604859994
"767",1996,36,0.148751307122175
"768",1996,37,0.159450919272132
"769",1996,38,0.173382529339235
"770",1996,39,0.182569597829975
"771",1996,40,0.186373201843156
"772",1996,41,0.18000331977551
"773",1996,42,0.158177812206578
"774",1996,43,0.153624834999632
"775",1996,44,0.181676225060109
"776",1996,45,0.191195945684592
"777",1996,46,0.186697123012639
"778",1996,47,0.183912792883822
"779",1996,48,0.205441662888356
"780",1996,49,0.216368170847882
"781",1996,50,0.227385882561388
"782",1996,51,0.241928154721214
"783",1996,52,0.245037905562521
"784",1996,53,0.244773889923148
"785",1996,54,0.23561078203719
"786",1996,55,0.231088924341863
"787",1996,56,0.232884826173051
"788",1996,57,0.240709317287439
"789",1996,58,0.22394679321728
"790",1996,59,0.201462525202682
"791",1996,60,0.187079194411133
"792",1996,61,0.191242597882885
"793",1996,62,0.206863767839128
"794",1996,63,0.227397928950647
"795",1996,64,0.25369034324694
"796",1996,65,0.253865852242609
"797",1996,66,0.237693547352845
"798",1996,67,0.181187568508951
"799",1996,68,0.174573185255959
"800",1996,69,0.201386707657838
"801",1996,70,0.244211982613599
"802",1996,71,0.277909360851265
"803",1996,72,0.283963530585877
"804",1996,73,0.285065729262425
"805",1996,74,0.276617296893259
"806",1996,75,0.264840472372783
"807",1996,76,0.266433825834205
"808",1996,77,0.271629645635239
"809",1996,78,0.265169417855469
"810",1996,79,0.252668440638745
"811",1996,80,0.273034872586979
"812",1996,81,0.30934729218906
"813",1996,82,0.329560161071853
"814",1996,83,0.333352227824693
"815",1996,84,0.325960598059217
"816",1996,85,0.285980450540037
"817",1996,86,0.261418782734058
"818",1996,87,0.287193795489647
"819",1996,88,0.334144596824694
"820",1996,89,0.36408619504291
"821",1996,90,0.363998919606163
"822",1996,91,0.348928996090206
"823",1996,92,0.359780023731144
"824",1996,93,0.382263635513661
"825",1996,94,0.383533537145409
"826",1996,95,0.38014742405933
"827",1996,96,0.285874720513168
"828",1996,97,0.298905443566302
"829",1996,98,0.345991291937682
"830",1996,99,0.392457979578742
"831",1996,100,0.444882252223302
"832",1996,101,0.462086635030164
"833",1996,102,0.465765535756482
"834",1996,103,0.44396933965149
"835",1996,104,0.438479916238119
"836",1996,105,0.436598321624018
"837",1996,106,0.40836067276002
"838",1996,107,0.435036559722015
"839",1996,108,0.476434946003868
"840",1996,109,0.492372239753347
"841",1996,110,0.500754950734062
"842",1996,111,0.482668538275696
"843",1996,112,0.496661398572077
"844",1996,113,0.475456798655987
"845",1996,114,0.479172049397338
"846",1996,115,0.525279627142601
"847",1996,116,0.537197671393538
"848",1996,117,0.53668355105936
"849",1996,118,0.560475907351796
"850",1996,119,0.56209764724965
"851",1996,120,0.445411253272512
"852",1996,121,0.50311897108913
"853",1996,122,0.54027569646659
"854",1996,123,0.556568860706189
"855",1996,124,0.572080754514175
"856",1996,125,0.589412194302959
"857",1996,126,0.59054615682434
"858",1996,127,0.594220354112588
"859",1996,128,0.59718013002643
"860",1996,129,0.612604051149964
"861",1996,130,0.626875254803332
"862",1996,131,0.615131468229341
"863",1996,132,0.606959061275459
"864",1996,133,0.635231435491948
"865",1996,134,0.659721193305764
"866",1996,135,0.654486705883956
"867",1996,136,0.648933479932352
"868",1996,137,0.65156732795762
"869",1996,138,0.669204534132542
"870",1996,139,0.67181806120894
"871",1996,140,0.673571611110539
"872",1996,141,0.677144548456809
"873",1996,142,0.680688305603294
"874",1996,143,0.685524679378726
"875",1996,144,0.676509352345741
"876",1996,145,0.674801625321209
"877",1996,146,0.665024614072384
"878",1996,147,0.6351729746396
"879",1996,148,0.622701059587023
"880",1996,149,0.655347707538658
"881",1996,150,0.681932196078409
"882",1996,151,0.7004427334747
"883",1996,152,0.669555018800335
"884",1996,153,0.673948846808635
"885",1996,154,0.672899817119401
"886",1996,155,0.669099763704769
"887",1996,156,0.684802352676325
"888",1996,157,0.714288780731496
"889",1996,158,0.739283103225856
"890",1996,159,0.682082575609487
"891",1996,160,0.686136644375985
"892",1996,161,0.711920217526544
"893",1996,162,0.727139385342157
"894",1996,163,0.714766948786738
"895",1996,164,0.700972317568975
"896",1996,165,0.689195658108336
"897",1996,166,0.679859108256542
"898",1996,167,0.67104689942341
"899",1996,168,0.682776284569637
"900",1996,169,0.698741760724096
"901",1996,170,0.724740054217478
"902",1996,171,0.762203970744576
"903",1996,172,0.775817952637844
"904",1996,173,0.767154430016311
"905",1996,174,0.756425874158587
"906",1996,175,0.729284575906116
"907",1996,176,0.729521624750993
"908",1996,177,0.722203036748318
"909",1996,178,0.711077705685956
"910",1996,179,0.705906283149018
"911",1996,180,0.712155625044308
"912",1996,181,0.706489788510037
"913",1996,182,0.698456926860266
"914",1996,183,0.721625023566017
"915",1996,184,0.72379407897981
"916",1996,185,0.728836914604498
"917",1996,186,0.724810112468716
"918",1996,187,0.733723976820372
"919",1996,188,0.737964366448724
"920",1996,189,0.747805850992228
"921",1996,190,0.748404243781659
"922",1996,191,0.73546082054182
"923",1996,192,0.727607636904511
"924",1996,193,0.707788513256179
"925",1996,194,0.703914641167198
"926",1996,195,0.705062078835446
"927",1996,196,0.705916961244504
"928",1996,197,0.690428889997701
"929",1996,198,0.692052357285391
"930",1996,199,0.716447363047371
"931",1996,200,0.718066130036189
"932",1996,201,0.722668862450573
"933",1996,202,0.728592157875304
"934",1996,203,0.728154893931294
"935",1996,204,0.72737997531376
"936",1996,205,0.714747923359438
"937",1996,206,0.701088030701021
"938",1996,207,0.684920619719017
"939",1996,208,0.686487692134755
"940",1996,209,0.699192893891066
"941",1996,210,0.696931282137822
"942",1996,211,0.707710097920032
"943",1996,212,0.715954419341043
"944",1996,213,0.708996877870208
"945",1996,214,0.701817546797551
"946",1996,215,0.711714273594606
"947",1996,216,0.711165869008524
"948",1996,217,0.686407686622295
"949",1996,218,0.663929315131629
"950",1996,219,0.662073118206038
"951",1996,220,0.663674238418755
"952",1996,221,0.629803657773317
"953",1996,222,0.630341453178573
"954",1996,223,0.637873592451866
"955",1996,224,0.63021493380861
"956",1996,225,0.631783745581486
"957",1996,226,0.640303840882346
"958",1996,227,0.639274641939908
"959",1996,228,0.632164257012531
"960",1996,229,0.633330500818939
"961",1996,230,0.613634929345746
"962",1996,231,0.608722668168428
"963",1996,232,0.606167686443523
"964",1996,233,0.589197423142771
"965",1996,234,0.58488118156167
"966",1996,235,0.568397158195468
"967",1996,236,0.5510239411887
"968",1996,237,0.547456041417241
"969",1996,238,0.540946728385427
"970",1996,239,0.523729081004849
"971",1996,240,0.519955328573235
"972",1996,241,0.51934434762639
"973",1996,242,0.516268188984788
"974",1996,243,0.509170470879251
"975",1996,244,0.515079895547192
"976",1996,245,0.532732934183066
"977",1996,246,0.526825994619661
"978",1996,247,0.511630365755907
"979",1996,248,0.4917572644546
"980",1996,249,0.483466494445855
"981",1996,250,0.481448593744104
"982",1996,251,0.481283322214724
"983",1996,252,0.472744101245163
"984",1996,253,0.466322820169592
"985",1996,254,0.45119348718929
"986",1996,255,0.43099570190902
"987",1996,256,0.429559926197923
"988",1996,257,0.419083988451284
"989",1996,258,0.408521565966537
"990",1996,259,0.405783360557183
"991",1996,260,0.411756082268662
"992",1996,261,0.417627581591486
"993",1996,262,0.419727429543464
"994",1996,263,0.400681003490745
"995",1996,264,0.388450092540767
"996",1996,265,0.388035660707099
"997",1996,266,0.386528612999489
"998",1996,267,0.3937381679161
"999",1996,268,0.370984006500258
"1000",1996,269,0.365422506926447
"1001",1996,270,0.351938927531501
"1002",1996,271,0.325548363051428
"1003",1996,272,0.299642552898416
"1004",1996,273,0.295103838414305
"1005",1996,274,0.301036306031007
"1006",1996,275,0.310502265768368
"1007",1996,276,0.296568502114214
"1008",1996,277,0.274737664349486
"1009",1996,278,0.263314879110468
"1010",1996,279,0.270666608350388
"1011",1996,280,0.268182703657608
"1012",1996,281,0.265434875831195
"1013",1996,282,0.264616196017258
"1014",1996,283,0.264959606635695
"1015",1996,284,0.269686248322189
"1016",1996,285,0.262435852400511
"1017",1996,286,0.257084512723274
"1018",1996,287,0.247085881742686
"1019",1996,288,0.238197154207119
"1020",1996,289,0.225216551917272
"1021",1996,290,0.21639137541939
"1022",1996,291,0.211722641430262
"1023",1996,292,0.193809899475328
"1024",1996,293,0.20292001733662
"1025",1996,294,0.201319469625903
"1026",1996,295,0.178415335427004
"1027",1996,296,0.138368951214881
"1028",1996,297,0.145958813633578
"1029",1996,298,0.156374859409563
"1030",1996,299,0.166116172998594
"1031",1996,300,0.166093786949092
"1032",1996,301,0.16742824952448
"1033",1996,302,0.15656649936656
"1034",1996,303,0.153173959925292
"1035",1996,304,0.151959745968228
"1036",1996,305,0.174081816322969
"1037",1996,306,0.149845631925995
"1038",1996,307,0.13236061274148
"1039",1996,308,0.136227565283188
"1040",1996,309,0.140485040020143
"1041",1996,310,0.145887334380366
"1042",1996,311,0.151922554144259
"1043",1996,312,0.12683239472457
"1044",1996,313,0.106384757048645
"1045",1996,314,0.115172899792014
"1046",1996,315,0.11724086172085
"1047",1996,316,0.121567312936394
"1048",1996,317,0.119184273023597
"1049",1996,318,0.118321766567303
"1050",1996,319,0.119705242210974
"1051",1996,320,0.116973347988542
"1052",1996,321,0.115690296650006
"1053",1996,322,0.108683270388256
"1054",1996,323,0.112911570461048
"1055",1996,324,0.120208119123517
"1056",1996,325,0.12112816574934
"1057",1996,326,0.117883264954082
"1058",1996,327,0.114750153661152
"1059",1996,328,0.11021377883473
"1060",1996,329,0.0765907859794544
"1061",1996,330,0.0742786476378981
"1062",1996,331,0.0746684109639414
"1063",1996,332,0.0674574031658128
"1064",1996,333,0.0650321940380236
"1065",1996,334,0.0756881270100518
"1066",1996,335,0.0668089765817278
"1067",1996,336,0.0687746693880213
"1068",1996,337,0.0758691539299444
"1069",1996,338,0.0749386257222005
"1070",1996,339,0.0816043778081804
"1071",1996,340,0.0763096399741848
"1072",1996,341,0.082985814321783
"1073",1996,342,0.0862839516042654
"1074",1996,343,0.0827141111107367
"1075",1996,344,0.0903876077752757
"1076",1996,345,0.0876935497202243
"1077",1996,346,0.0889354708980487
"1078",1996,347,0.0844767950950567
"1079",1996,348,0.0848841484675911
"1080",1996,349,0.0853229670414491
"1081",1996,350,0.0596905117494111
"1082",1996,351,0.0521428615367898
"1083",1996,352,0.0416262139517363
"1084",1996,353,0.0327838982660954
"1085",1996,354,0.0399600153363706
"1086",1996,355,0.0550508978304358
"1087",1996,356,0.0709958812595669
"1088",1996,357,0.0791803150492687
"1089",1996,358,0.0742174252367118
"1090",1996,359,0.0653566134561163
"1091",1996,360,0.0654581152579506
"1092",1996,361,0.0794142467764855
"1093",1996,362,0.0800781746999027
"1094",1996,363,0.0794968328250612
"1095",1996,364,0.078002920716995
"1096",1996,365,0.0819137111666766
"1097",1997,1,0.0907600157685968
"1098",1997,2,0.0938707604452944
"1099",1997,3,0.0949786882705313
"1100",1997,4,0.0957387937741676
"1101",1997,5,0.0877426454339043
"1102",1997,6,0.0602888357431057
"1103",1997,7,0.0424638327213243
"1104",1997,8,0.0425946503400581
"1105",1997,9,0.0537970862610454
"1106",1997,10,0.0701843739955705
"1107",1997,11,0.070812180393061
"1108",1997,12,0.0524813428110074
"1109",1997,13,0.0443039851586349
"1110",1997,14,0.0585782281172789
"1111",1997,15,0.0750237399337973
"1112",1997,16,0.0731518387900333
"1113",1997,17,0.0781258353303254
"1114",1997,18,0.0832404917984676
"1115",1997,19,0.0909890577121442
"1116",1997,20,0.0992642779098889
"1117",1997,21,0.106668206306986
"1118",1997,22,0.105859387269589
"1119",1997,23,0.110637772287924
"1120",1997,24,0.110837904529143
"1121",1997,25,0.116067350364982
"1122",1997,26,0.130556334086372
"1123",1997,27,0.125938281083441
"1124",1997,28,0.101323959484376
"1125",1997,29,0.105280410043873
"1126",1997,30,0.118676610930299
"1127",1997,31,0.13442943019542
"1128",1997,32,0.149779605061132
"1129",1997,33,0.149668600971783
"1130",1997,34,0.144910337749122
"1131",1997,35,0.130186260513603
"1132",1997,36,0.140418013677582
"1133",1997,37,0.154695640438456
"1134",1997,38,0.136786473803865
"1135",1997,39,0.123903016904712
"1136",1997,40,0.134150427155232
"1137",1997,41,0.146664827016093
"1138",1997,42,0.15588351964635
"1139",1997,43,0.150634619172966
"1140",1997,44,0.145267199470776
"1141",1997,45,0.143028666798458
"1142",1997,46,0.156197786305684
"1143",1997,47,0.173028263161983
"1144",1997,48,0.186682073155397
"1145",1997,49,0.201879714894147
"1146",1997,50,0.188138024363124
"1147",1997,51,0.184474540114368
"1148",1997,52,0.180854875863374
"1149",1997,53,0.159541762016867
"1150",1997,54,0.17227367419279
"1151",1997,55,0.185064065542108
"1152",1997,56,0.147689465242728
"1153",1997,57,0.168298161907673
"1154",1997,58,0.19165799358521
"1155",1997,59,0.224435412165874
"1156",1997,60,0.202961523452166
"1157",1997,61,0.201219923601544
"1158",1997,62,0.237128388320227
"1159",1997,63,0.245334963779277
"1160",1997,64,0.227119777523799
"1161",1997,65,0.222902640789019
"1162",1997,66,0.263038579679064
"1163",1997,67,0.280071976915686
"1164",1997,68,0.26756655805076
"1165",1997,69,0.255866584469695
"1166",1997,70,0.258712923638829
"1167",1997,71,0.26999152574892
"1168",1997,72,0.28165884877918
"1169",1997,73,0.250331032711882
"1170",1997,74,0.263595612349076
"1171",1997,75,0.296789596864437
"1172",1997,76,0.31405742297034
"1173",1997,77,0.30982654326821
"1174",1997,78,0.278441670565769
"1175",1997,79,0.308012697224356
"1176",1997,80,0.326387158796784
"1177",1997,81,0.316667664835194
"1178",1997,82,0.335591983554427
"1179",1997,83,0.34771587126388
"1180",1997,84,0.303341216270388
"1181",1997,85,0.295063847245022
"1182",1997,86,0.326770655797274
"1183",1997,87,0.349457499460471
"1184",1997,88,0.35144042975547
"1185",1997,89,0.3176579549472
"1186",1997,90,0.326468488632306
"1187",1997,91,0.35648691232065
"1188",1997,92,0.374129417051405
"1189",1997,93,0.373409491096655
"1190",1997,94,0.334610803879768
"1191",1997,95,0.336799492198454
"1192",1997,96,0.368596376120674
"1193",1997,97,0.383838992242715
"1194",1997,98,0.404701883118656
"1195",1997,99,0.39953878221344
"1196",1997,100,0.421340049431449
"1197",1997,101,0.369435691041841
"1198",1997,102,0.319802726138478
"1199",1997,103,0.339179024858972
"1200",1997,104,0.378390174856306
"1201",1997,105,0.430075584015595
"1202",1997,106,0.438160088234437
"1203",1997,107,0.433830132243427
"1204",1997,108,0.432568631831042
"1205",1997,109,0.464053926721572
"1206",1997,110,0.480047314988073
"1207",1997,111,0.496623011892748
"1208",1997,112,0.497175280246175
"1209",1997,113,0.475286444155697
"1210",1997,114,0.48442612690279
"1211",1997,115,0.410110053036524
"1212",1997,116,0.354752375887658
"1213",1997,117,0.39888095660422
"1214",1997,118,0.469790416305387
"1215",1997,119,0.507753093238975
"1216",1997,120,0.52913558064322
"1217",1997,121,0.535240299733288
"1218",1997,122,0.531414033592628
"1219",1997,123,0.522456267704728
"1220",1997,124,0.538794846263976
"1221",1997,125,0.586105099022953
"1222",1997,126,0.591109940242924
"1223",1997,127,0.604392873084431
"1224",1997,128,0.599392216854758
"1225",1997,129,0.514677382882642
"1226",1997,130,0.505882911089613
"1227",1997,131,0.515054738800036
"1228",1997,132,0.512667332403158
"1229",1997,133,0.541776708068831
"1230",1997,134,0.582663229984432
"1231",1997,135,0.5709879910542
"1232",1997,136,0.563644516485335
"1233",1997,137,0.583970972793724
"1234",1997,138,0.617959274161308
"1235",1997,139,0.604634294944016
"1236",1997,140,0.560662032497004
"1237",1997,141,0.561764027142249
"1238",1997,142,0.56448441624871
"1239",1997,143,0.569287290351095
"1240",1997,144,0.598554568864279
"1241",1997,145,0.617568171894569
"1242",1997,146,0.625925147947755
"1243",1997,147,0.617201314768424
"1244",1997,148,0.629075421045703
"1245",1997,149,0.635799246916668
"1246",1997,150,0.657285426480496
"1247",1997,151,0.646070207504974
"1248",1997,152,0.660076953945765
"1249",1997,153,0.688669999286064
"1250",1997,154,0.695021712825913
"1251",1997,155,0.676382296036804
"1252",1997,156,0.658028500651786
"1253",1997,157,0.642409816582986
"1254",1997,158,0.627118243697936
"1255",1997,159,0.657619698304844
"1256",1997,160,0.637769912825635
"1257",1997,161,0.667779093293545
"1258",1997,162,0.691382766633501
"1259",1997,163,0.696760100474351
"1260",1997,164,0.678879297201736
"1261",1997,165,0.675770688412591
"1262",1997,166,0.644043835650835
"1263",1997,167,0.647064946061117
"1264",1997,168,0.658616652502442
"1265",1997,169,0.691540100507975
"1266",1997,170,0.705088171267966
"1267",1997,171,0.704623445204093
"1268",1997,172,0.712720451925524
"1269",1997,173,0.69685546099047
"1270",1997,174,0.705609485957763
"1271",1997,175,0.706440928273507
"1272",1997,176,0.681841024834926
"1273",1997,177,0.679384009892221
"1274",1997,178,0.681763713715353
"1275",1997,179,0.703842292897286
"1276",1997,180,0.7303895843978
"1277",1997,181,0.745829221715197
"1278",1997,182,0.750168798809666
"1279",1997,183,0.739652420170247
"1280",1997,184,0.740008152950983
"1281",1997,185,0.700346031678186
"1282",1997,186,0.69925429055594
"1283",1997,187,0.710566195571903
"1284",1997,188,0.707116652103884
"1285",1997,189,0.710934330252873
"1286",1997,190,0.701303051747314
"1287",1997,191,0.674395278464662
"1288",1997,192,0.676906441838188
"1289",1997,193,0.704779688190763
"1290",1997,194,0.712239253417396
"1291",1997,195,0.706596054158056
"1292",1997,196,0.710519260709611
"1293",1997,197,0.709354085171849
"1294",1997,198,0.720963296839386
"1295",1997,199,0.726532694749611
"1296",1997,200,0.726326034199816
"1297",1997,201,0.720057666832789
"1298",1997,202,0.692429677015428
"1299",1997,203,0.683682055188204
"1300",1997,204,0.67773057123331
"1301",1997,205,0.680609357584458
"1302",1997,206,0.70018563512647
"1303",1997,207,0.70440358345692
"1304",1997,208,0.711954426654986
"1305",1997,209,0.684230650686738
"1306",1997,210,0.686035815793954
"1307",1997,211,0.673781454347438
"1308",1997,212,0.685376250211516
"1309",1997,213,0.6750603557083
"1310",1997,214,0.694442724357065
"1311",1997,215,0.680163937607103
"1312",1997,216,0.668375825113356
"1313",1997,217,0.65430633366379
"1314",1997,218,0.654386815863085
"1315",1997,219,0.604255697543687
"1316",1997,220,0.62587032182954
"1317",1997,221,0.652251290572926
"1318",1997,222,0.659443599818155
"1319",1997,223,0.660557540166446
"1320",1997,224,0.65744515650473
"1321",1997,225,0.647733209595454
"1322",1997,226,0.650556997273628
"1323",1997,227,0.65711805237206
"1324",1997,228,0.651453992884115
"1325",1997,229,0.639360231606274
"1326",1997,230,0.638056387235136
"1327",1997,231,0.619501170130801
"1328",1997,232,0.614264188098171
"1329",1997,233,0.607385213479116
"1330",1997,234,0.616544215074609
"1331",1997,235,0.590736478418624
"1332",1997,236,0.571721264236513
"1333",1997,237,0.562128154759192
"1334",1997,238,0.557556324630878
"1335",1997,239,0.564831082461251
"1336",1997,240,0.582348204808889
"1337",1997,241,0.580088931139173
"1338",1997,242,0.574095400255505
"1339",1997,243,0.546183763071093
"1340",1997,244,0.532204935280163
"1341",1997,245,0.529709535089555
"1342",1997,246,0.522800061767984
"1343",1997,247,0.505863895230922
"1344",1997,248,0.511372812199002
"1345",1997,249,0.507481098176677
"1346",1997,250,0.511107309496045
"1347",1997,251,0.509253205599345
"1348",1997,252,0.505408838874036
"1349",1997,253,0.485162364839246
"1350",1997,254,0.471761965162555
"1351",1997,255,0.488703145065256
"1352",1997,256,0.476939561807205
"1353",1997,257,0.477346672590824
"1354",1997,258,0.476069558193405
"1355",1997,259,0.487214103133515
"1356",1997,260,0.487269545547693
"1357",1997,261,0.474241591184527
"1358",1997,262,0.450031335553869
"1359",1997,263,0.421698688625231
"1360",1997,264,0.382545711728642
"1361",1997,265,0.375859799413637
"1362",1997,266,0.36991051670331
"1363",1997,267,0.354546881175795
"1364",1997,268,0.352982087100824
"1365",1997,269,0.362437945195204
"1366",1997,270,0.375920934936102
"1367",1997,271,0.374066374791722
"1368",1997,272,0.364137864168814
"1369",1997,273,0.362020322150565
"1370",1997,274,0.351478243728543
"1371",1997,275,0.330164213071827
"1372",1997,276,0.335407681612554
"1373",1997,277,0.327074595391488
"1374",1997,278,0.314478515840414
"1375",1997,279,0.300578572878549
"1376",1997,280,0.291124326618197
"1377",1997,281,0.288043369246258
"1378",1997,282,0.278355349466815
"1379",1997,283,0.272030911034855
"1380",1997,284,0.272867622604628
"1381",1997,285,0.245346314391081
"1382",1997,286,0.201135500047164
"1383",1997,287,0.188318692366595
"1384",1997,288,0.190144777148927
"1385",1997,289,0.187281766093628
"1386",1997,290,0.191195612637432
"1387",1997,291,0.200742709626082
"1388",1997,292,0.201677928135961
"1389",1997,293,0.197180919341732
"1390",1997,294,0.184255958110879
"1391",1997,295,0.185569837843638
"1392",1997,296,0.179309253999297
"1393",1997,297,0.178715586764339
"1394",1997,298,0.158274263174027
"1395",1997,299,0.133137614601096
"1396",1997,300,0.134217761185172
"1397",1997,301,0.152406130420508
"1398",1997,302,0.160027480295057
"1399",1997,303,0.15566727990198
"1400",1997,304,0.159476250758395
"1401",1997,305,0.159269104230649
"1402",1997,306,0.139771598931453
"1403",1997,307,0.134604148067547
"1404",1997,308,0.142023409948099
"1405",1997,309,0.13625692403385
"1406",1997,310,0.128570159685211
"1407",1997,311,0.133278708203932
"1408",1997,312,0.134751591215051
"1409",1997,313,0.123665927008178
"1410",1997,314,0.0987731275815356
"1411",1997,315,0.103782973903682
"1412",1997,316,0.0963225334231937
"1413",1997,317,0.103328952339706
"1414",1997,318,0.101278969318123
"1415",1997,319,0.0833685210833835
"1416",1997,320,0.079380416197103
"1417",1997,321,0.0901364339515762
"1418",1997,322,0.0947382641967194
"1419",1997,323,0.099292328578372
"1420",1997,324,0.105332968707341
"1421",1997,325,0.0990527523395448
"1422",1997,326,0.0956308673971574
"1423",1997,327,0.0942254055425698
"1424",1997,328,0.106254623643921
"1425",1997,329,0.10784946555536
"1426",1997,330,0.107201104240222
"1427",1997,331,0.101205695424784
"1428",1997,332,0.086102127272923
"1429",1997,333,0.0775318090676817
"1430",1997,334,0.0781234702653899
"1431",1997,335,0.0836015443279485
"1432",1997,336,0.0780919251473575
"1433",1997,337,0.0707365810209874
"1434",1997,338,0.0681901998844158
"1435",1997,339,0.0727043357441458
"1436",1997,340,0.0749780641540053
"1437",1997,341,0.0794004227381312
"1438",1997,342,0.0800416727456819
"1439",1997,343,0.0686088427439984
"1440",1997,344,0.0573901118583338
"1441",1997,345,0.0430189896498454
"1442",1997,346,0.0401658890625877
"1443",1997,347,0.0515764761676089
"1444",1997,348,0.0603798369338102
"1445",1997,349,0.0657534332771994
"1446",1997,350,0.0649432764933562
"1447",1997,351,0.065626277430672
"1448",1997,352,0.073373879991561
"1449",1997,353,0.0748160532349846
"1450",1997,354,0.0605638737702876
"1451",1997,355,0.063433495897684
"1452",1997,356,0.0711397062381958
"1453",1997,357,0.0605990644233383
"1454",1997,358,0.0602529861928149
"1455",1997,359,0.0596251839078721
"1456",1997,360,0.0422665757715856
"1457",1997,361,0.0448979895608835
"1458",1997,362,0.0547099622938169
"1459",1997,363,0.0644693476633357
"1460",1997,364,0.0684028106035281
"1461",1997,365,0.0677046964974694
"1462",1998,1,0.0767563087092845
"1463",1998,2,0.0825756668584751
"1464",1998,3,0.0883698039745094
"1465",1998,4,0.0850392139573706
"1466",1998,5,0.0811239547171707
"1467",1998,6,0.0770113280711216
"1468",1998,7,0.0632831261124726
"1469",1998,8,0.06780372013349
"1470",1998,9,0.0768239744001274
"1471",1998,10,0.0851403920402395
"1472",1998,11,0.0825089260636355
"1473",1998,12,0.0877654335498671
"1474",1998,13,0.0877307828641314
"1475",1998,14,0.0856978430166197
"1476",1998,15,0.0786270377884229
"1477",1998,16,0.0894687385971408
"1478",1998,17,0.100241998149298
"1479",1998,18,0.106252925235494
"1480",1998,19,0.103391859724645
"1481",1998,20,0.110147158464097
"1482",1998,21,0.1080791266541
"1483",1998,22,0.0992902977133807
"1484",1998,23,0.102606044167496
"1485",1998,24,0.104456276661074
"1486",1998,25,0.112060748053232
"1487",1998,26,0.111787889776348
"1488",1998,27,0.117708823164902
"1489",1998,28,0.132624662000316
"1490",1998,29,0.129699657324081
"1491",1998,30,0.130146351324243
"1492",1998,31,0.126166253938611
"1493",1998,32,0.120056437543502
"1494",1998,33,0.125059818276327
"1495",1998,34,0.137045729011126
"1496",1998,35,0.143781992891391
"1497",1998,36,0.127378674554965
"1498",1998,37,0.130611192093473
"1499",1998,38,0.14331401016011
"1500",1998,39,0.158854324982912
"1501",1998,40,0.159297937437166
"1502",1998,41,0.14571940502729
"1503",1998,42,0.146821709120936
"1504",1998,43,0.150819049098335
"1505",1998,44,0.147812352693201
"1506",1998,45,0.170830305600835
"1507",1998,46,0.177416756555199
"1508",1998,47,0.155988418286978
"1509",1998,48,0.167588235367779
"1510",1998,49,0.165073001494947
"1511",1998,50,0.169289987509554
"1512",1998,51,0.178047337804436
"1513",1998,52,0.181320230106925
"1514",1998,53,0.196724753976166
"1515",1998,54,0.216343108900702
"1516",1998,55,0.221011447879819
"1517",1998,56,0.220557686720099
"1518",1998,57,0.187180395330279
"1519",1998,58,0.179882658914556
"1520",1998,59,0.174264996470343
"1521",1998,60,0.174741637165325
"1522",1998,61,0.195535837679312
"1523",1998,62,0.216300830161624
"1524",1998,63,0.238319264794112
"1525",1998,64,0.242944911866493
"1526",1998,65,0.262150240297469
"1527",1998,66,0.231899304956581
"1528",1998,67,0.190935436508811
"1529",1998,68,0.204508671096972
"1530",1998,69,0.20416681622968
"1531",1998,70,0.211355372708912
"1532",1998,71,0.218343637432019
"1533",1998,72,0.244582401273972
"1534",1998,73,0.270380370591621
"1535",1998,74,0.263991102284921
"1536",1998,75,0.24676945466036
"1537",1998,76,0.26168713476372
"1538",1998,77,0.275611258067098
"1539",1998,78,0.267712278884405
"1540",1998,79,0.261489873974574
"1541",1998,80,0.279811401378292
"1542",1998,81,0.318436783108573
"1543",1998,82,0.343340648223691
"1544",1998,83,0.358753205571203
"1545",1998,84,0.374728520133914
"1546",1998,85,0.382277483847221
"1547",1998,86,0.346065963523941
"1548",1998,87,0.352839040966793
"1549",1998,88,0.388152864220194
"1550",1998,89,0.343124086773426
"1551",1998,90,0.299523637226877
"1552",1998,91,0.337444594284393
"1553",1998,92,0.350716452694213
"1554",1998,93,0.35975881256296
"1555",1998,94,0.397104061901695
"1556",1998,95,0.400182589748722
"1557",1998,96,0.398123715100808
"1558",1998,97,0.390138914659305
"1559",1998,98,0.381786878866046
"1560",1998,99,0.388894273257719
"1561",1998,100,0.421296843265525
"1562",1998,101,0.458866649176293
"1563",1998,102,0.478689082688111
"1564",1998,103,0.460328991628462
"1565",1998,104,0.454998806596502
"1566",1998,105,0.450745580587406
"1567",1998,106,0.432608469418146
"1568",1998,107,0.410840602759362
"1569",1998,108,0.402192297548088
"1570",1998,109,0.42939784163987
"1571",1998,110,0.465588430289526
"1572",1998,111,0.438712573398008
"1573",1998,112,0.460872437729524
"1574",1998,113,0.500416407084927
"1575",1998,114,0.533036349974792
"1576",1998,115,0.516008323290622
"1577",1998,116,0.498729370032868
"1578",1998,117,0.437900216424545
"1579",1998,118,0.441047530867387
"1580",1998,119,0.480201116456861
"1581",1998,120,0.498677943014807
"1582",1998,121,0.52142756419056
"1583",1998,122,0.555953999031718
"1584",1998,123,0.564475991763658
"1585",1998,124,0.566723971986214
"1586",1998,125,0.568145765609498
"1587",1998,126,0.5636977579407
"1588",1998,127,0.56774293402821
"1589",1998,128,0.566398769580989
"1590",1998,129,0.554292932221909
"1591",1998,130,0.576792690644974
"1592",1998,131,0.581888276139255
"1593",1998,132,0.58641036162004
"1594",1998,133,0.603944577105781
"1595",1998,134,0.617000986295533
"1596",1998,135,0.578331889943302
"1597",1998,136,0.595340480477863
"1598",1998,137,0.638844785151058
"1599",1998,138,0.646384851043288
"1600",1998,139,0.635641436802151
"1601",1998,140,0.647679108455258
"1602",1998,141,0.671874897690859
"1603",1998,142,0.675118535376577
"1604",1998,143,0.654129330333191
"1605",1998,144,0.644508501226166
"1606",1998,145,0.64296136728291
"1607",1998,146,0.643506490953794
"1608",1998,147,0.654851619641
"1609",1998,148,0.686180176240413
"1610",1998,149,0.697672083449505
"1611",1998,150,0.709917617395899
"1612",1998,151,0.716133880542327
"1613",1998,152,0.725120761285167
"1614",1998,153,0.724831157462638
"1615",1998,154,0.72201143056451
"1616",1998,155,0.733647073638832
"1617",1998,156,0.678758743735147
"1618",1998,157,0.642905014184637
"1619",1998,158,0.68730136634951
"1620",1998,159,0.684939328604994
"1621",1998,160,0.671344403480594
"1622",1998,161,0.678449263269565
"1623",1998,162,0.631978508309547
"1624",1998,163,0.697660537640835
"1625",1998,164,0.712984138673875
"1626",1998,165,0.697303027676292
"1627",1998,166,0.698618799277653
"1628",1998,167,0.709260999940156
"1629",1998,168,0.728593115707667
"1630",1998,169,0.739811463809638
"1631",1998,170,0.751519615530577
"1632",1998,171,0.78136927536348
"1633",1998,172,0.771076438487191
"1634",1998,173,0.760649906686277
"1635",1998,174,0.742776992505
"1636",1998,175,0.767009813096574
"1637",1998,176,0.777719198894322
"1638",1998,177,0.794018962843331
"1639",1998,178,0.80469975160322
"1640",1998,179,0.801129600837595
"1641",1998,180,0.767223461789733
"1642",1998,181,0.739085725485256
"1643",1998,182,0.675638233869622
"1644",1998,183,0.696240932670663
"1645",1998,184,0.728818749415531
"1646",1998,185,0.732022131715906
"1647",1998,186,0.732903580471938
"1648",1998,187,0.734356813649897
"1649",1998,188,0.738845547098187
"1650",1998,189,0.760813031585844
"1651",1998,190,0.748698820676396
"1652",1998,191,0.757597497764687
"1653",1998,192,0.77535501232573
"1654",1998,193,0.775624937822994
"1655",1998,194,0.763765709249076
"1656",1998,195,0.737129559378145
"1657",1998,196,0.728066902341327
"1658",1998,197,0.709563484964535
"1659",1998,198,0.70764805370664
"1660",1998,199,0.71904830106959
"1661",1998,200,0.726255171437181
"1662",1998,201,0.722951530515686
"1663",1998,202,0.704477797109102
"1664",1998,203,0.69558250547069
"1665",1998,204,0.684978979831994
"1666",1998,205,0.688352353291234
"1667",1998,206,0.706029174158377
"1668",1998,207,0.696350320276086
"1669",1998,208,0.698350649686318
"1670",1998,209,0.706016804161075
"1671",1998,210,0.712712552997166
"1672",1998,211,0.705679842905448
"1673",1998,212,0.692744876008452
"1674",1998,213,0.693237671397317
"1675",1998,214,0.704545358930428
"1676",1998,215,0.699567853290816
"1677",1998,216,0.670612253725107
"1678",1998,217,0.61613016516498
"1679",1998,218,0.616099180949761
"1680",1998,219,0.635879108618116
"1681",1998,220,0.649118848081988
"1682",1998,221,0.667533539768562
"1683",1998,222,0.681371006166799
"1684",1998,223,0.686344978224022
"1685",1998,224,0.662708549045409
"1686",1998,225,0.65027046207436
"1687",1998,226,0.60598445380487
"1688",1998,227,0.618880356958524
"1689",1998,228,0.62537361618572
"1690",1998,229,0.618100760612831
"1691",1998,230,0.608243814393308
"1692",1998,231,0.594978148520776
"1693",1998,232,0.5849708330885
"1694",1998,233,0.580525697409311
"1695",1998,234,0.577808059314367
"1696",1998,235,0.572303116139003
"1697",1998,236,0.584524308896217
"1698",1998,237,0.584974237839759
"1699",1998,238,0.592313434373011
"1700",1998,239,0.587085637679564
"1701",1998,240,0.566864347349218
"1702",1998,241,0.538895157627603
"1703",1998,242,0.533172781374578
"1704",1998,243,0.526604577915851
"1705",1998,244,0.526654205739065
"1706",1998,245,0.509597146158503
"1707",1998,246,0.520683509454555
"1708",1998,247,0.522921546954989
"1709",1998,248,0.511939084239928
"1710",1998,249,0.500583852511763
"1711",1998,250,0.49546786759069
"1712",1998,251,0.492950776344803
"1713",1998,252,0.483715724271346
"1714",1998,253,0.478526117399977
"1715",1998,254,0.451578126660471
"1716",1998,255,0.455719674296468
"1717",1998,256,0.470861151901735
"1718",1998,257,0.492641408812543
"1719",1998,258,0.455643769936839
"1720",1998,259,0.43586885541468
"1721",1998,260,0.42133310339322
"1722",1998,261,0.422689511007796
"1723",1998,262,0.431840089557931
"1724",1998,263,0.438721527929047
"1725",1998,264,0.457005218327272
"1726",1998,265,0.406049189940644
"1727",1998,266,0.415160793946113
"1728",1998,267,0.40853638872314
"1729",1998,268,0.402131284151932
"1730",1998,269,0.401861937196912
"1731",1998,270,0.386806577765119
"1732",1998,271,0.384840723367705
"1733",1998,272,0.384175749427235
"1734",1998,273,0.375428547443319
"1735",1998,274,0.354277419482745
"1736",1998,275,0.345579782944404
"1737",1998,276,0.331043607148674
"1738",1998,277,0.330887667266579
"1739",1998,278,0.321621707882705
"1740",1998,279,0.276550998540775
"1741",1998,280,0.254608357971366
"1742",1998,281,0.261772102498274
"1743",1998,282,0.275688251790127
"1744",1998,283,0.283779923098093
"1745",1998,284,0.284345565430709
"1746",1998,285,0.271138936032362
"1747",1998,286,0.258142610136947
"1748",1998,287,0.254790374345962
"1749",1998,288,0.258101130463185
"1750",1998,289,0.252354660570668
"1751",1998,290,0.234453732095402
"1752",1998,291,0.206763127466175
"1753",1998,292,0.188458628021719
"1754",1998,293,0.177995685724707
"1755",1998,294,0.156942960422612
"1756",1998,295,0.152929206759617
"1757",1998,296,0.170597719788079
"1758",1998,297,0.179254652222655
"1759",1998,298,0.191189751804527
"1760",1998,299,0.191655510771505
"1761",1998,300,0.19123361049214
"1762",1998,301,0.185009333388566
"1763",1998,302,0.187913285697239
"1764",1998,303,0.189385589274518
"1765",1998,304,0.176309736797688
"1766",1998,305,0.139760143350958
"1767",1998,306,0.145156309093604
"1768",1998,307,0.145122231013955
"1769",1998,308,0.131199650441849
"1770",1998,309,0.12381136885803
"1771",1998,310,0.127885344923539
"1772",1998,311,0.132538644640392
"1773",1998,312,0.13574694768338
"1774",1998,313,0.136059700604024
"1775",1998,314,0.115223831429126
"1776",1998,315,0.116259616243488
"1777",1998,316,0.126078094650847
"1778",1998,317,0.110406891820286
"1779",1998,318,0.112929377700462
"1780",1998,319,0.111510925585688
"1781",1998,320,0.11838322313122
"1782",1998,321,0.116987321197191
"1783",1998,322,0.121126248681051
"1784",1998,323,0.116938262733207
"1785",1998,324,0.0988533322464689
"1786",1998,325,0.102879793597369
"1787",1998,326,0.110562998998136
"1788",1998,327,0.109073239311343
"1789",1998,328,0.106968279832858
"1790",1998,329,0.106732520117923
"1791",1998,330,0.106351340958028
"1792",1998,331,0.109597103379947
"1793",1998,332,0.111583552073408
"1794",1998,333,0.106480172304984
"1795",1998,334,0.0918641683641561
"1796",1998,335,0.091023747549583
"1797",1998,336,0.100510371880633
"1798",1998,337,0.088753102731245
"1799",1998,338,0.0887447374852541
"1800",1998,339,0.0970892199676688
"1801",1998,340,0.0812009823994223
"1802",1998,341,0.065641851798004
"1803",1998,342,0.0608785524852374
"1804",1998,343,0.0666315520975575
"1805",1998,344,0.0556549183657137
"1806",1998,345,0.0461361254580957
"1807",1998,346,0.0557379165852635
"1808",1998,347,0.0610907719395653
"1809",1998,348,0.0653118805974891
"1810",1998,349,0.0679097872421995
"1811",1998,350,0.0726499373684447
"1812",1998,351,0.0673871683179655
"1813",1998,352,0.0728619842495228
"1814",1998,353,0.0769479353637006
"1815",1998,354,0.0840847395206374
"1816",1998,355,0.0794714919379111
"1817",1998,356,0.0526567045858738
"1818",1998,357,0.0518858842892749
"1819",1998,358,0.0584981099671247
"1820",1998,359,0.0661075236983527
"1821",1998,360,0.0721407507014466
"1822",1998,361,0.0796962847676103
"1823",1998,362,0.0775335900837882
"1824",1998,363,0.083784999105199
"1825",1998,364,0.0847927960151585
"1826",1998,365,0.0813569620393623
"1827",1998,366,0.0749343469890677
"1828",1999,1,0.0809291544709842
"1829",1999,2,0.0711394159598581
"1830",1999,3,0.0578382529444304
"1831",1999,4,0.061567426025055
"1832",1999,5,0.075760684235096
"1833",1999,6,0.0843736605740675
"1834",1999,7,0.0883094920243305
"1835",1999,8,0.0883048318770708
"1836",1999,9,0.0749579912395801
"1837",1999,10,0.0802042856521881
"1838",1999,11,0.0894020995857607
"1839",1999,12,0.0936307007524866
"1840",1999,13,0.0862813735063601
"1841",1999,14,0.0811209545452909
"1842",1999,15,0.0885002344968558
"1843",1999,16,0.0998416994173576
"1844",1999,17,0.101961204576696
"1845",1999,18,0.110879310223714
"1846",1999,19,0.11960935916603
"1847",1999,20,0.119595078366636
"1848",1999,21,0.118162444036689
"1849",1999,22,0.0999434627896112
"1850",1999,23,0.104758854549723
"1851",1999,24,0.124963675328988
"1852",1999,25,0.136268511842876
"1853",1999,26,0.13906073525906
"1854",1999,27,0.13312074798319
"1855",1999,28,0.134555617834365
"1856",1999,29,0.104419012371578
"1857",1999,30,0.112964425092323
"1858",1999,31,0.123796838015154
"1859",1999,32,0.142409080420601
"1860",1999,33,0.137932940556679
"1861",1999,34,0.145325575519308
"1862",1999,35,0.151920618046742
"1863",1999,36,0.176241648113096
"1864",1999,37,0.170595097020517
"1865",1999,38,0.170695855075193
"1866",1999,39,0.181529798206441
"1867",1999,40,0.192203464661478
"1868",1999,41,0.199162922381821
"1869",1999,42,0.166512140588339
"1870",1999,43,0.136893316796929
"1871",1999,44,0.155485462945664
"1872",1999,45,0.185797488860684
"1873",1999,46,0.206332065358245
"1874",1999,47,0.191227673853881
"1875",1999,48,0.183326062791878
"1876",1999,49,0.211578277822996
"1877",1999,50,0.220474245246161
"1878",1999,51,0.20952610672765
"1879",1999,52,0.19469101655261
"1880",1999,53,0.215955950581333
"1881",1999,54,0.208333082047386
"1882",1999,55,0.22992676200338
"1883",1999,56,0.240667887889633
"1884",1999,57,0.259577551110382
"1885",1999,58,0.23352517569023
"1886",1999,59,0.245565636833814
"1887",1999,60,0.253619979588023
"1888",1999,61,0.25148312527697
"1889",1999,62,0.233902449597304
"1890",1999,63,0.252801836614135
"1891",1999,64,0.25996455507876
"1892",1999,65,0.250075067394384
"1893",1999,66,0.267454335850055
"1894",1999,67,0.254032077141591
"1895",1999,68,0.264517444077721
"1896",1999,69,0.276100239576927
"1897",1999,70,0.281811174278629
"1898",1999,71,0.258959735082918
"1899",1999,72,0.221891194187655
"1900",1999,73,0.248192474245346
"1901",1999,74,0.278997525380318
"1902",1999,75,0.301112797135563
"1903",1999,76,0.298264614757817
"1904",1999,77,0.247345173598429
"1905",1999,78,0.258276594722221
"1906",1999,79,0.290994975444156
"1907",1999,80,0.319800105441863
"1908",1999,81,0.353900379631228
"1909",1999,82,0.349163972857846
"1910",1999,83,0.344370669523489
"1911",1999,84,0.323105420960577
"1912",1999,85,0.329192220801657
"1913",1999,86,0.317775310463328
"1914",1999,87,0.323299429471295
"1915",1999,88,0.332685646664117
"1916",1999,89,0.348319333463343
"1917",1999,90,0.393869095109826
"1918",1999,91,0.394953268119689
"1919",1999,92,0.393443636172509
"1920",1999,93,0.360692220654124
"1921",1999,94,0.372556542536594
"1922",1999,95,0.368515503953116
"1923",1999,96,0.397726346295486
"1924",1999,97,0.474862342852216
"1925",1999,98,0.482435283844378
"1926",1999,99,0.45302077753673
"1927",1999,100,0.439810579710847
"1928",1999,101,0.44077303616806
"1929",1999,102,0.476588479499632
"1930",1999,103,0.495079673684725
"1931",1999,104,0.446599026147465
"1932",1999,105,0.39608270246499
"1933",1999,106,0.371166886113571
"1934",1999,107,0.394100804787695
"1935",1999,108,0.437967040726383
"1936",1999,109,0.495706881374505
"1937",1999,110,0.525944041561309
"1938",1999,111,0.527656771498139
"1939",1999,112,0.548676052520947
"1940",1999,113,0.54666020202572
"1941",1999,114,0.505090011982981
"1942",1999,115,0.504060869283382
"1943",1999,116,0.493039953573823
"1944",1999,117,0.519958923280711
"1945",1999,118,0.527671149090519
"1946",1999,119,0.537974957821206
"1947",1999,120,0.555094882224791
"1948",1999,121,0.546260354796672
"1949",1999,122,0.510183580334208
"1950",1999,123,0.531604128989603
"1951",1999,124,0.55465288989863
"1952",1999,125,0.535602731780346
"1953",1999,126,0.514102251040114
"1954",1999,127,0.547034115162702
"1955",1999,128,0.587870353432104
"1956",1999,129,0.608382661384438
"1957",1999,130,0.586776145867703
"1958",1999,131,0.572228104559006
"1959",1999,132,0.572079376430805
"1960",1999,133,0.617700690519988
"1961",1999,134,0.623764699510558
"1962",1999,135,0.610670744665769
"1963",1999,136,0.621913694990297
"1964",1999,137,0.612043643642844
"1965",1999,138,0.60307308999273
"1966",1999,139,0.624658189621605
"1967",1999,140,0.646759838861912
"1968",1999,141,0.647740998285589
"1969",1999,142,0.629524614481415
"1970",1999,143,0.616499683486716
"1971",1999,144,0.616630005475828
"1972",1999,145,0.630574378236857
"1973",1999,146,0.624932492751806
"1974",1999,147,0.626127937561358
"1975",1999,148,0.62827721886051
"1976",1999,149,0.627123355864536
"1977",1999,150,0.674299691342271
"1978",1999,151,0.688583143939298
"1979",1999,152,0.683853491988915
"1980",1999,153,0.711420197932688
"1981",1999,154,0.707270580011182
"1982",1999,155,0.7129904987625
"1983",1999,156,0.696161336504006
"1984",1999,157,0.677300681963558
"1985",1999,158,0.686979168379773
"1986",1999,159,0.687500770375625
"1987",1999,160,0.661222833590236
"1988",1999,161,0.692572062651198
"1989",1999,162,0.702442088631361
"1990",1999,163,0.670920967377421
"1991",1999,164,0.624855355930336
"1992",1999,165,0.598662221386846
"1993",1999,166,0.61830346447506
"1994",1999,167,0.643548910324087
"1995",1999,168,0.650785594801978
"1996",1999,169,0.660901840947749
"1997",1999,170,0.657701387445052
"1998",1999,171,0.659156897388699
"1999",1999,172,0.670227397089159
"2000",1999,173,0.679960465866022
"2001",1999,174,0.695557046386398
"2002",1999,175,0.709952767767643
"2003",1999,176,0.717402494633028
"2004",1999,177,0.750236145560312
"2005",1999,178,0.768776912373639
"2006",1999,179,0.782026356209824
"2007",1999,180,0.765824039344708
"2008",1999,181,0.789218549865101
"2009",1999,182,0.802623578113128
"2010",1999,183,0.773767276431895
"2011",1999,184,0.738696092670463
"2012",1999,185,0.708188475154579
"2013",1999,186,0.69399011129549
"2014",1999,187,0.708585218072558
"2015",1999,188,0.708457288375052
"2016",1999,189,0.723711778524303
"2017",1999,190,0.733134571329791
"2018",1999,191,0.683711553599691
"2019",1999,192,0.63052035476605
"2020",1999,193,0.660156328394082
"2021",1999,194,0.679006401790747
"2022",1999,195,0.700886936333456
"2023",1999,196,0.695789035372391
"2024",1999,197,0.693393789396118
"2025",1999,198,0.702291299384904
"2026",1999,199,0.689764134700947
"2027",1999,200,0.694935127371618
"2028",1999,201,0.678401649173169
"2029",1999,202,0.663071257852769
"2030",1999,203,0.670381343140764
"2031",1999,204,0.686282066618355
"2032",1999,205,0.702379125855542
"2033",1999,206,0.707494846166103
"2034",1999,207,0.698704840614441
"2035",1999,208,0.693577256559948
"2036",1999,209,0.684641807006761
"2037",1999,210,0.686241726031448
"2038",1999,211,0.694413099294143
"2039",1999,212,0.677442137583513
"2040",1999,213,0.667530818416853
"2041",1999,214,0.659726749923761
"2042",1999,215,0.653122025367252
"2043",1999,216,0.657995038440309
"2044",1999,217,0.663037535153276
"2045",1999,218,0.669476689615925
"2046",1999,219,0.670734221046263
"2047",1999,220,0.665566643286661
"2048",1999,221,0.667194466160034
"2049",1999,222,0.680682106643708
"2050",1999,223,0.671207084760529
"2051",1999,224,0.658455095249812
"2052",1999,225,0.668768507042629
"2053",1999,226,0.657408699721562
"2054",1999,227,0.659415399815872
"2055",1999,228,0.654889634690369
"2056",1999,229,0.634520011675402
"2057",1999,230,0.624255505269487
"2058",1999,231,0.628693262789522
"2059",1999,232,0.624080849852284
"2060",1999,233,0.631682035862647
"2061",1999,234,0.622870095758501
"2062",1999,235,0.601382883884976
"2063",1999,236,0.588495512491426
"2064",1999,237,0.556330712893096
"2065",1999,238,0.575242047597453
"2066",1999,239,0.586567561231992
"2067",1999,240,0.587682715433838
"2068",1999,241,0.574791724098021
"2069",1999,242,0.569329310123788
"2070",1999,243,0.562340968625495
"2071",1999,244,0.55366982713337
"2072",1999,245,0.544103336695639
"2073",1999,246,0.541519652889424
"2074",1999,247,0.525184067249442
"2075",1999,248,0.508829695251029
"2076",1999,249,0.506241044820454
"2077",1999,250,0.513021781020242
"2078",1999,251,0.509791944883874
"2079",1999,252,0.486501283352425
"2080",1999,253,0.493323383589976
"2081",1999,254,0.495952993509953
"2082",1999,255,0.483489447964708
"2083",1999,256,0.441632315020404
"2084",1999,257,0.433590515576663
"2085",1999,258,0.446447506923277
"2086",1999,259,0.44106568599675
"2087",1999,260,0.424734538468972
"2088",1999,261,0.42538338205699
"2089",1999,262,0.428399813443997
"2090",1999,263,0.42090244833446
"2091",1999,264,0.370135280122383
"2092",1999,265,0.371201719398192
"2093",1999,266,0.384798414544503
"2094",1999,267,0.40902002923245
"2095",1999,268,0.398028281119055
"2096",1999,269,0.40016063786125
"2097",1999,270,0.386192227266231
"2098",1999,271,0.376190037835184
"2099",1999,272,0.295634503521557
"2100",1999,273,0.304319326889657
"2101",1999,274,0.333288679742322
"2102",1999,275,0.332662105806672
"2103",1999,276,0.331967609385515
"2104",1999,277,0.31671430936801
"2105",1999,278,0.306053253485604
"2106",1999,279,0.297936362459056
"2107",1999,280,0.306154638365553
"2108",1999,281,0.270415896496357
"2109",1999,282,0.251539260443706
"2110",1999,283,0.255968083364301
"2111",1999,284,0.249063966434568
"2112",1999,285,0.246721969928724
"2113",1999,286,0.247405395894424
"2114",1999,287,0.241388303007732
"2115",1999,288,0.241904228615287
"2116",1999,289,0.228431495589531
"2117",1999,290,0.177625769268381
"2118",1999,291,0.158175364369774
"2119",1999,292,0.15774342015138
"2120",1999,293,0.168519172474036
"2121",1999,294,0.180593172868599
"2122",1999,295,0.18508448267021
"2123",1999,296,0.181972453476319
"2124",1999,297,0.184504900768023
"2125",1999,298,0.18930143488935
"2126",1999,299,0.186932440324331
"2127",1999,300,0.187294532815607
"2128",1999,301,0.184017646929619
"2129",1999,302,0.178081583894528
"2130",1999,303,0.155819661864767
"2131",1999,304,0.139889820540199
"2132",1999,305,0.149443349513988
"2133",1999,306,0.138057495979586
"2134",1999,307,0.139127834218073
"2135",1999,308,0.151152367172761
"2136",1999,309,0.154006684650716
"2137",1999,310,0.150722076919226
"2138",1999,311,0.140629679492759
"2139",1999,312,0.144310750046703
"2140",1999,313,0.149341213265451
"2141",1999,314,0.139681230994207
"2142",1999,315,0.132569066625173
"2143",1999,316,0.126739480148784
"2144",1999,317,0.13045113277905
"2145",1999,318,0.12855533302261
"2146",1999,319,0.121117163652212
"2147",1999,320,0.120269214852255
"2148",1999,321,0.118516476614496
"2149",1999,322,0.121484931531221
"2150",1999,323,0.116786389604714
"2151",1999,324,0.112485039773658
"2152",1999,325,0.113600332227427
"2153",1999,326,0.101363427176694
"2154",1999,327,0.0865646377405715
"2155",1999,328,0.0750502375578008
"2156",1999,329,0.0732637270167696
"2157",1999,330,0.0848624389846325
"2158",1999,331,0.101245053908502
"2159",1999,332,0.0975160296677858
"2160",1999,333,0.0853527779206054
"2161",1999,334,0.0833915508775193
"2162",1999,335,0.0928959457495492
"2163",1999,336,0.0926766631705656
"2164",1999,337,0.0905954719620405
"2165",1999,338,0.0736701792277992
"2166",1999,339,0.0639318635180994
"2167",1999,340,0.0697578520865888
"2168",1999,341,0.0757819523899175
"2169",1999,342,0.082829262843902
"2170",1999,343,0.0697809156783838
"2171",1999,344,0.0683958626024303
"2172",1999,345,0.07365749281694
"2173",1999,346,0.0620074300432486
"2174",1999,347,0.0615406259763659
"2175",1999,348,0.0647551531428926
"2176",1999,349,0.0586687017071712
"2177",1999,350,0.0610230650218339
"2178",1999,351,0.0685260096899228
"2179",1999,352,0.0653097140448447
"2180",1999,353,0.0688752929162698
"2181",1999,354,0.0598143359925518
"2182",1999,355,0.0531148521526087
"2183",1999,356,0.0531848851723194
"2184",1999,357,0.0511940684923306
"2185",1999,358,0.0553766736987562
"2186",1999,359,0.0582299759713732
"2187",1999,360,0.0659738687589803
"2188",1999,361,0.0740902120589004
"2189",1999,362,0.071430132641974
"2190",1999,363,0.0781713440099637
"2191",1999,364,0.0892039563510601
"2192",1999,365,0.0893816938707091
"2193",2000,1,0.0941712448051236
"2194",2000,2,0.0892710491633165
"2195",2000,3,0.0727451824790741
"2196",2000,4,0.060661893476758
"2197",2000,5,0.0720555596049778
"2198",2000,6,0.0739485605708334
"2199",2000,7,0.0682527054857966
"2200",2000,8,0.074743142078245
"2201",2000,9,0.0820366726060535
"2202",2000,10,0.0895923425313246
"2203",2000,11,0.0966927105074352
"2204",2000,12,0.100839218081735
"2205",2000,13,0.0935729706019591
"2206",2000,14,0.086911600993939
"2207",2000,15,0.103200713416893
"2208",2000,16,0.112957386638346
"2209",2000,17,0.118565874880892
"2210",2000,18,0.122362608749186
"2211",2000,19,0.123139434076395
"2212",2000,20,0.115192067100186
"2213",2000,21,0.116974232379763
"2214",2000,22,0.128274052751695
"2215",2000,23,0.122188377350111
"2216",2000,24,0.124899141853743
"2217",2000,25,0.128031258645479
"2218",2000,26,0.133864905217787
"2219",2000,27,0.131408988937066
"2220",2000,28,0.108751842057371
"2221",2000,29,0.10193475564886
"2222",2000,30,0.114553315140544
"2223",2000,31,0.124605516538316
"2224",2000,32,0.124083528122894
"2225",2000,33,0.119530801751926
"2226",2000,34,0.131827317528373
"2227",2000,35,0.12515121367746
"2228",2000,36,0.13170411021262
"2229",2000,37,0.155288256962148
"2230",2000,38,0.157421602600821
"2231",2000,39,0.163163350266008
"2232",2000,40,0.197311157522428
"2233",2000,41,0.193626387632597
"2234",2000,42,0.197371796101799
"2235",2000,43,0.186947340412775
"2236",2000,44,0.196864031282903
"2237",2000,45,0.203885549783242
"2238",2000,46,0.223325945967738
"2239",2000,47,0.226838623037089
"2240",2000,48,0.224535417831272
"2241",2000,49,0.214633343929636
"2242",2000,50,0.209330417481055
"2243",2000,51,0.214391783353771
"2244",2000,52,0.236452028573523
"2245",2000,53,0.230253507527784
"2246",2000,54,0.214916480353188
"2247",2000,55,0.233044899371139
"2248",2000,56,0.222248364347111
"2249",2000,57,0.207359836351757
"2250",2000,58,0.224726215849185
"2251",2000,59,0.250034379476441
"2252",2000,60,0.246463003646144
"2253",2000,61,0.252025220724527
"2254",2000,62,0.250487261424765
"2255",2000,63,0.230982365280285
"2256",2000,64,0.252051605051825
"2257",2000,65,0.267645009548305
"2258",2000,66,0.267341622657948
"2259",2000,67,0.269805243710174
"2260",2000,68,0.247258564180581
"2261",2000,69,0.260116779361764
"2262",2000,70,0.261829056905957
"2263",2000,71,0.244980565983386
"2264",2000,72,0.262431593050018
"2265",2000,73,0.276940054908339
"2266",2000,74,0.291373933683877
"2267",2000,75,0.294417178565989
"2268",2000,76,0.290032216731727
"2269",2000,77,0.266885632155325
"2270",2000,78,0.29589140706118
"2271",2000,79,0.274054637987401
"2272",2000,80,0.317757385761837
"2273",2000,81,0.346293714893423
"2274",2000,82,0.326515485459811
"2275",2000,83,0.300843721406473
"2276",2000,84,0.329131456172572
"2277",2000,85,0.34980626804014
"2278",2000,86,0.363035899734711
"2279",2000,87,0.381705004424904
"2280",2000,88,0.376724564156227
"2281",2000,89,0.38019505790165
"2282",2000,90,0.380489077868612
"2283",2000,91,0.388494410377375
"2284",2000,92,0.324003284022474
"2285",2000,93,0.334767539128486
"2286",2000,94,0.338317879968489
"2287",2000,95,0.370679585588602
"2288",2000,96,0.422172527028487
"2289",2000,97,0.441994106060025
"2290",2000,98,0.441684587806222
"2291",2000,99,0.409113235143802
"2292",2000,100,0.420400199690758
"2293",2000,101,0.456341808280598
"2294",2000,102,0.448042487233402
"2295",2000,103,0.425154692141151
"2296",2000,104,0.445189919751797
"2297",2000,105,0.491164323619558
"2298",2000,106,0.48574263562868
"2299",2000,107,0.48351407885712
"2300",2000,108,0.507690146515755
"2301",2000,109,0.525940888771439
"2302",2000,110,0.53857946324091
"2303",2000,111,0.500383729852533
"2304",2000,112,0.517332669325332
"2305",2000,113,0.550279156174751
"2306",2000,114,0.520262568420112
"2307",2000,115,0.528148516290271
"2308",2000,116,0.541577630237268
"2309",2000,117,0.552100638933196
"2310",2000,118,0.565619594817544
"2311",2000,119,0.558288550542182
"2312",2000,120,0.566790570565105
"2313",2000,121,0.55572375102486
"2314",2000,122,0.505921904080753
"2315",2000,123,0.512389480889776
"2316",2000,124,0.572511516827232
"2317",2000,125,0.58616741165096
"2318",2000,126,0.608474560727605
"2319",2000,127,0.625685395756917
"2320",2000,128,0.62817888075043
"2321",2000,129,0.615299027348382
"2322",2000,130,0.611256423297125
"2323",2000,131,0.627040031796981
"2324",2000,132,0.635340153431086
"2325",2000,133,0.62113236552272
"2326",2000,134,0.574034876316551
"2327",2000,135,0.594589830580436
"2328",2000,136,0.647732425014894
"2329",2000,137,0.660585621619748
"2330",2000,138,0.662943400010998
"2331",2000,139,0.616236652101253
"2332",2000,140,0.593900912386535
"2333",2000,141,0.581796488556223
"2334",2000,142,0.622153329536016
"2335",2000,143,0.644947333138729
"2336",2000,144,0.68999355819607
"2337",2000,145,0.698250784004441
"2338",2000,146,0.695122122667429
"2339",2000,147,0.667470967917904
"2340",2000,148,0.670910260039099
"2341",2000,149,0.66188623246709
"2342",2000,150,0.666035117067757
"2343",2000,151,0.686340612077292
"2344",2000,152,0.667625741574504
"2345",2000,153,0.633785978696237
"2346",2000,154,0.630701536344992
"2347",2000,155,0.642478226158496
"2348",2000,156,0.661807955784299
"2349",2000,157,0.652366940356958
"2350",2000,158,0.651585029214447
"2351",2000,159,0.652602228889997
"2352",2000,160,0.664267237765288
"2353",2000,161,0.671957702919815
"2354",2000,162,0.681769773080994
"2355",2000,163,0.684758448774683
"2356",2000,164,0.680780815190277
"2357",2000,165,0.667504032019494
"2358",2000,166,0.690136432181522
"2359",2000,167,0.70499396228022
"2360",2000,168,0.719595162513456
"2361",2000,169,0.689054521369486
"2362",2000,170,0.637410512680396
"2363",2000,171,0.680611572436459
"2364",2000,172,0.691618209657859
"2365",2000,173,0.678766502686629
"2366",2000,174,0.689393767884423
"2367",2000,175,0.684658423177379
"2368",2000,176,0.710782567247976
"2369",2000,177,0.735974507331739
"2370",2000,178,0.72078490483955
"2371",2000,179,0.693570307106742
"2372",2000,180,0.704527696178703
"2373",2000,181,0.680285266793582
"2374",2000,182,0.696128932782462
"2375",2000,183,0.722343391479392
"2376",2000,184,0.714846220148682
"2377",2000,185,0.707409270373146
"2378",2000,186,0.708708037732713
"2379",2000,187,0.715958451387953
"2380",2000,188,0.710718241518719
"2381",2000,189,0.720362640234718
"2382",2000,190,0.725615816478264
"2383",2000,191,0.710850412580355
"2384",2000,192,0.725755799369757
"2385",2000,193,0.729049170035684
"2386",2000,194,0.728555514143392
"2387",2000,195,0.726633482709384
"2388",2000,196,0.734572658296359
"2389",2000,197,0.745787114490442
"2390",2000,198,0.757675314757085
"2391",2000,199,0.75498216475611
"2392",2000,200,0.734864545321107
"2393",2000,201,0.728549687680073
"2394",2000,202,0.739170911797721
"2395",2000,203,0.74689729148056
"2396",2000,204,0.734875242226062
"2397",2000,205,0.71425608981857
"2398",2000,206,0.73330911883275
"2399",2000,207,0.737262359651462
"2400",2000,208,0.749275390129609
"2401",2000,209,0.733364995981011
"2402",2000,210,0.72847048433883
"2403",2000,211,0.70344440148928
"2404",2000,212,0.659774190746661
"2405",2000,213,0.657358044414115
"2406",2000,214,0.66754797692758
"2407",2000,215,0.673073289769257
"2408",2000,216,0.695182401667286
"2409",2000,217,0.68228136325942
"2410",2000,218,0.676690875667278
"2411",2000,219,0.658574241616151
"2412",2000,220,0.649318810386735
"2413",2000,221,0.659696256300549
"2414",2000,222,0.662680596807933
"2415",2000,223,0.667802363657076
"2416",2000,224,0.66196450064833
"2417",2000,225,0.669723884961487
"2418",2000,226,0.665740410183845
"2419",2000,227,0.650462151968907
"2420",2000,228,0.639035993800372
"2421",2000,229,0.609196225112847
"2422",2000,230,0.621115639496991
"2423",2000,231,0.628429261540166
"2424",2000,232,0.627908026954173
"2425",2000,233,0.622664412064833
"2426",2000,234,0.617069361637915
"2427",2000,235,0.594056665160995
"2428",2000,236,0.577422996765877
"2429",2000,237,0.578932046098888
"2430",2000,238,0.589670585548353
"2431",2000,239,0.601484350840387
"2432",2000,240,0.584592511088364
"2433",2000,241,0.589253061751118
"2434",2000,242,0.572820996985031
"2435",2000,243,0.549816228657943
"2436",2000,244,0.552175424103493
"2437",2000,245,0.561554246069617
"2438",2000,246,0.568789789276092
"2439",2000,247,0.566024444291556
"2440",2000,248,0.555515797337708
"2441",2000,249,0.550917756911811
"2442",2000,250,0.554397405743156
"2443",2000,251,0.543338878744541
"2444",2000,252,0.516331561170579
"2445",2000,253,0.503342170709852
"2446",2000,254,0.514388955602837
"2447",2000,255,0.517931064353942
"2448",2000,256,0.506640499705014
"2449",2000,257,0.47207151643227
"2450",2000,258,0.445511823481423
"2451",2000,259,0.446946563521099
"2452",2000,260,0.439801375848678
"2453",2000,261,0.433105098571283
"2454",2000,262,0.421681631273147
"2455",2000,263,0.431368973824825
"2456",2000,264,0.42473436479921
"2457",2000,265,0.395079999015568
"2458",2000,266,0.417111000081834
"2459",2000,267,0.425979785835364
"2460",2000,268,0.392709299248156
"2461",2000,269,0.312154010841539
"2462",2000,270,0.314000597113127
"2463",2000,271,0.343230993015812
"2464",2000,272,0.339845330753678
"2465",2000,273,0.324673801471795
"2466",2000,274,0.325880406348231
"2467",2000,275,0.343177002091256
"2468",2000,276,0.360982016932159
"2469",2000,277,0.35437185409549
"2470",2000,278,0.346480591724763
"2471",2000,279,0.324084666543485
"2472",2000,280,0.278283974712482
"2473",2000,281,0.198791073673736
"2474",2000,282,0.16929991050277
"2475",2000,283,0.159628242346301
"2476",2000,284,0.178204786895514
"2477",2000,285,0.2129052578235
"2478",2000,286,0.237566589254478
"2479",2000,287,0.243720845821173
"2480",2000,288,0.237219364503315
"2481",2000,289,0.223858266619424
"2482",2000,290,0.222457029716524
"2483",2000,291,0.212071412976494
"2484",2000,292,0.195542276957653
"2485",2000,293,0.18389446319947
"2486",2000,294,0.190593114183719
"2487",2000,295,0.186113761338423
"2488",2000,296,0.182509695372503
"2489",2000,297,0.189061457510049
"2490",2000,298,0.192315831391006
"2491",2000,299,0.191606597962119
"2492",2000,300,0.181876064354077
"2493",2000,301,0.177476718558919
"2494",2000,302,0.163378993759481
"2495",2000,303,0.152003864364093
"2496",2000,304,0.158561913982484
"2497",2000,305,0.168850799198664
"2498",2000,306,0.141199599847026
"2499",2000,307,0.13365765901863
"2500",2000,308,0.134196224135235
"2501",2000,309,0.143597109162953
"2502",2000,310,0.136542043030493
"2503",2000,311,0.11939213965794
"2504",2000,312,0.101940454379821
"2505",2000,313,0.0785872160809996
"2506",2000,314,0.0962437197952987
"2507",2000,315,0.110296043726318
"2508",2000,316,0.115254569776498
"2509",2000,317,0.105743480613546
"2510",2000,318,0.0932618401452423
"2511",2000,319,0.0929611893037248
"2512",2000,320,0.101382964896821
"2513",2000,321,0.101916063434155
"2514",2000,322,0.0920351210215608
"2515",2000,323,0.0800896406100522
"2516",2000,324,0.0750502189163604
"2517",2000,325,0.084185243688543
"2518",2000,326,0.08283945400892
"2519",2000,327,0.0899499133334786
"2520",2000,328,0.0920178537725663
"2521",2000,329,0.0776738080430981
"2522",2000,330,0.0816045393462246
"2523",2000,331,0.0770787037663479
"2524",2000,332,0.0870579119252986
"2525",2000,333,0.0891935258523069
"2526",2000,334,0.081554450763614
"2527",2000,335,0.0882481782501721
"2528",2000,336,0.0754009825246481
"2529",2000,337,0.0626343937904444
"2530",2000,338,0.0616650374980454
"2531",2000,339,0.071826163090772
"2532",2000,340,0.0700513497336934
"2533",2000,341,0.0664376976215682
"2534",2000,342,0.0722055280034028
"2535",2000,343,0.0757110047112868
"2536",2000,344,0.0804432910259378
"2537",2000,345,0.0834628118752523
"2538",2000,346,0.0800484340904538
"2539",2000,347,0.0584917599201375
"2540",2000,348,0.0678775959214956
"2541",2000,349,0.0751422170497402
"2542",2000,350,0.0753845658874435
"2543",2000,351,0.0734257202836432
"2544",2000,352,0.0729255138023805
"2545",2000,353,0.0653928086222343
"2546",2000,354,0.0588441443726467
"2547",2000,355,0.0697243404693765
"2548",2000,356,0.0620579961941361
"2549",2000,357,0.0674849429659937
"2550",2000,358,0.0774406488933797
"2551",2000,359,0.0713330696745614
"2552",2000,360,0.0732100430797831
"2553",2000,361,0.0475247300630361
"2554",2000,362,0.0532167672255287
"2555",2000,363,0.0638248563025922
"2556",2000,364,0.0620454499011533
"2557",2000,365,0.0656321456707767
"2558",2001,1,0.0653129804763848
"2559",2001,2,0.059641443938024
"2560",2001,3,0.06607090405824
"2561",2001,4,0.0722727377911648
"2562",2001,5,0.083649829788411
"2563",2001,6,0.0908948477746205
"2564",2001,7,0.0815973682352328
"2565",2001,8,0.0715934858321278
"2566",2001,9,0.0716775044406137
"2567",2001,10,0.0710969787832469
"2568",2001,11,0.0837102784159968
"2569",2001,12,0.0826530583455607
"2570",2001,13,0.0799698088277655
"2571",2001,14,0.0825025761643866
"2572",2001,15,0.083599868576695
"2573",2001,16,0.0951879493908593
"2574",2001,17,0.0784275305713042
"2575",2001,18,0.0583751352183497
"2576",2001,19,0.0630250286945629
"2577",2001,20,0.0808253773573917
"2578",2001,21,0.0845981272405555
"2579",2001,22,0.0913565745368767
"2580",2001,23,0.108093463047455
"2581",2001,24,0.103438814444766
"2582",2001,25,0.114344056659101
"2583",2001,26,0.120628260596811
"2584",2001,27,0.125591178132235
"2585",2001,28,0.103220813263515
"2586",2001,29,0.100627915195961
"2587",2001,30,0.10765026319155
"2588",2001,31,0.106237160250796
"2589",2001,32,0.107998975363628
"2590",2001,33,0.110338248453498
"2591",2001,34,0.1270628950341
"2592",2001,35,0.136981489027881
"2593",2001,36,0.151240159077482
"2594",2001,37,0.168160790254371
"2595",2001,38,0.179474527219151
"2596",2001,39,0.174762758807284
"2597",2001,40,0.14419835824728
"2598",2001,41,0.140334108816784
"2599",2001,42,0.170642291362019
"2600",2001,43,0.190225128165871
"2601",2001,44,0.190961615319835
"2602",2001,45,0.198139397791913
"2603",2001,46,0.187026880385681
"2604",2001,47,0.159160004752755
"2605",2001,48,0.168615888164893
"2606",2001,49,0.187232381067215
"2607",2001,50,0.21700474291382
"2608",2001,51,0.228682096913656
"2609",2001,52,0.226788375157135
"2610",2001,53,0.22446307348731
"2611",2001,54,0.234056000496916
"2612",2001,55,0.203055176898295
"2613",2001,56,0.204995189632012
"2614",2001,57,0.223171326911486
"2615",2001,58,0.227174501053604
"2616",2001,59,0.21177776807655
"2617",2001,60,0.19835546166661
"2618",2001,61,0.204417941660716
"2619",2001,62,0.20937203571351
"2620",2001,63,0.213337211229961
"2621",2001,64,0.227677338662521
"2622",2001,65,0.259527061243387
"2623",2001,66,0.263262249129896
"2624",2001,67,0.229867294238478
"2625",2001,68,0.242813470304434
"2626",2001,69,0.262139588747185
"2627",2001,70,0.252855864120083
"2628",2001,71,0.248201493030697
"2629",2001,72,0.255592814843852
"2630",2001,73,0.261104909816892
"2631",2001,74,0.257217562087527
"2632",2001,75,0.244211181621249
"2633",2001,76,0.262455192652295
"2634",2001,77,0.264128348562114
"2635",2001,78,0.260173884260879
"2636",2001,79,0.291487652366488
"2637",2001,80,0.32685967672711
"2638",2001,81,0.344261007768771
"2639",2001,82,0.344541176949266
"2640",2001,83,0.303840864447611
"2641",2001,84,0.313229661712819
"2642",2001,85,0.326441485508081
"2643",2001,86,0.332321010502445
"2644",2001,87,0.332583066651157
"2645",2001,88,0.356852615148594
"2646",2001,89,0.361086686378912
"2647",2001,90,0.379962956181689
"2648",2001,91,0.398856579927597
"2649",2001,92,0.418807603663726
"2650",2001,93,0.440192995923232
"2651",2001,94,0.434704331546811
"2652",2001,95,0.450389210984175
"2653",2001,96,0.450479102785503
"2654",2001,97,0.402617916549137
"2655",2001,98,0.45255808290939
"2656",2001,99,0.457267340961429
"2657",2001,100,0.470250660694844
"2658",2001,101,0.39871254239843
"2659",2001,102,0.406620876327449
"2660",2001,103,0.436931457280739
"2661",2001,104,0.492404798090666
"2662",2001,105,0.476662240088299
"2663",2001,106,0.49693769398978
"2664",2001,107,0.447340655818173
"2665",2001,108,0.439455449640454
"2666",2001,109,0.512199569828003
"2667",2001,110,0.52258938902366
"2668",2001,111,0.546810881483042
"2669",2001,112,0.517159321208138
"2670",2001,113,0.46247735076266
"2671",2001,114,0.46084582706736
"2672",2001,115,0.471261855532145
"2673",2001,116,0.486581466807282
"2674",2001,117,0.493226991884118
"2675",2001,118,0.503508110284613
"2676",2001,119,0.526232292649714
"2677",2001,120,0.531511388476199
"2678",2001,121,0.554454427422143
"2679",2001,122,0.57222819470306
"2680",2001,123,0.560522576402552
"2681",2001,124,0.527732563804294
"2682",2001,125,0.504340444296991
"2683",2001,126,0.521740095673182
"2684",2001,127,0.553753269973125
"2685",2001,128,0.556374266413668
"2686",2001,129,0.553735934622825
"2687",2001,130,0.576570882677721
"2688",2001,131,0.576349233232354
"2689",2001,132,0.549084431279996
"2690",2001,133,0.551566618868393
"2691",2001,134,0.572213472924494
"2692",2001,135,0.595290853290776
"2693",2001,136,0.607799442560172
"2694",2001,137,0.623936336800484
"2695",2001,138,0.635125073065343
"2696",2001,139,0.612986472637674
"2697",2001,140,0.591074632172578
"2698",2001,141,0.54970229741174
"2699",2001,142,0.565058617512998
"2700",2001,143,0.612967262817263
"2701",2001,144,0.636042865791073
"2702",2001,145,0.639489626610994
"2703",2001,146,0.664956307337733
"2704",2001,147,0.687889119057752
"2705",2001,148,0.696697307176506
"2706",2001,149,0.693073927019065
"2707",2001,150,0.677692697870823
"2708",2001,151,0.652031909961338
"2709",2001,152,0.695450340636264
"2710",2001,153,0.712572572891927
"2711",2001,154,0.702765649367296
"2712",2001,155,0.701728938249475
"2713",2001,156,0.700783506507603
"2714",2001,157,0.699572584952346
"2715",2001,158,0.692558336723571
"2716",2001,159,0.670000439526219
"2717",2001,160,0.677005767367621
"2718",2001,161,0.709318783578053
"2719",2001,162,0.731936972405947
"2720",2001,163,0.730747914047469
"2721",2001,164,0.713243158260716
"2722",2001,165,0.711157580839144
"2723",2001,166,0.702591707408152
"2724",2001,167,0.693522181322524
"2725",2001,168,0.67826282496653
"2726",2001,169,0.698741760724096
"2727",2001,170,0.697140289822834
"2728",2001,171,0.689226114728059
"2729",2001,172,0.69830187899663
"2730",2001,173,0.705637832591595
"2731",2001,174,0.715675574247542
"2732",2001,175,0.721278276803204
"2733",2001,176,0.703129872505792
"2734",2001,177,0.70324922456466
"2735",2001,178,0.713299616676633
"2736",2001,179,0.717931595657125
"2737",2001,180,0.724158315487233
"2738",2001,181,0.73542175711343
"2739",2001,182,0.725423525739438
"2740",2001,183,0.688521912423389
"2741",2001,184,0.669851114934528
"2742",2001,185,0.695282225281109
"2743",2001,186,0.705949870057982
"2744",2001,187,0.726025497853943
"2745",2001,188,0.716814129955669
"2746",2001,189,0.709028719577343
"2747",2001,190,0.714179714184591
"2748",2001,191,0.712330094019712
"2749",2001,192,0.728249353466002
"2750",2001,193,0.747448195480158
"2751",2001,194,0.745254315462707
"2752",2001,195,0.75093629321661
"2753",2001,196,0.755892732382852
"2754",2001,197,0.755789213104049
"2755",2001,198,0.749599666746245
"2756",2001,199,0.722643040393014
"2757",2001,200,0.716941294053552
"2758",2001,201,0.708137335301182
"2759",2001,202,0.70963696548667
"2760",2001,203,0.732502366212731
"2761",2001,204,0.734373726101285
"2762",2001,205,0.730399187333033
"2763",2001,206,0.718093457996868
"2764",2001,207,0.711323734803244
"2765",2001,208,0.693715337109561
"2766",2001,209,0.688692274704837
"2767",2001,210,0.702350397376898
"2768",2001,211,0.713615077733505
"2769",2001,212,0.696968623019474
"2770",2001,213,0.694345112978525
"2771",2001,214,0.696107593554904
"2772",2001,215,0.689025023839117
"2773",2001,216,0.66749600787668
"2774",2001,217,0.680019174914242
"2775",2001,218,0.676144641257797
"2776",2001,219,0.670462476008965
"2777",2001,220,0.664349702912973
"2778",2001,221,0.66320206283003
"2779",2001,222,0.661802877841549
"2780",2001,223,0.662515674285437
"2781",2001,224,0.664808618041804
"2782",2001,225,0.662448185370153
"2783",2001,226,0.664924082215005
"2784",2001,227,0.654288347153319
"2785",2001,228,0.624947558695938
"2786",2001,229,0.612036857805236
"2787",2001,230,0.610723095683392
"2788",2001,231,0.617543878284449
"2789",2001,232,0.611470688893146
"2790",2001,233,0.60926352854003
"2791",2001,234,0.609554304107964
"2792",2001,235,0.615323774334669
"2793",2001,236,0.615330130436243
"2794",2001,237,0.614128575304559
"2795",2001,238,0.571536160393431
"2796",2001,239,0.54477595661185
"2797",2001,240,0.540495750241294
"2798",2001,241,0.541214075880943
"2799",2001,242,0.535538776045479
"2800",2001,243,0.531958107980037
"2801",2001,244,0.523742388851873
"2802",2001,245,0.547008688271222
"2803",2001,246,0.549218277832052
"2804",2001,247,0.508858708171166
"2805",2001,248,0.500676431363605
"2806",2001,249,0.531793570250745
"2807",2001,250,0.53427560398949
"2808",2001,251,0.511771814471888
"2809",2001,252,0.457904241605587
"2810",2001,253,0.439394006096634
"2811",2001,254,0.448950856155407
"2812",2001,255,0.465838263970263
"2813",2001,256,0.471299273413207
"2814",2001,257,0.459264245481695
"2815",2001,258,0.464963850094447
"2816",2001,259,0.440410479311911
"2817",2001,260,0.458364396638289
"2818",2001,261,0.458511762201752
"2819",2001,262,0.452294740874593
"2820",2001,263,0.442265033116476
"2821",2001,264,0.420614332291411
"2822",2001,265,0.383989859790247
"2823",2001,266,0.362530249388484
"2824",2001,267,0.349178675786447
"2825",2001,268,0.327828516113457
"2826",2001,269,0.327213272481103
"2827",2001,270,0.337942127943911
"2828",2001,271,0.342327540309997
"2829",2001,272,0.33621964680908
"2830",2001,273,0.310192381628831
"2831",2001,274,0.292937687000084
"2832",2001,275,0.296465087314368
"2833",2001,276,0.308347085850298
"2834",2001,277,0.310731240736177
"2835",2001,278,0.283346359654382
"2836",2001,279,0.257389300262142
"2837",2001,280,0.274827337864036
"2838",2001,281,0.277572199846285
"2839",2001,282,0.271435327720299
"2840",2001,283,0.26335224243796
"2841",2001,284,0.240962974153446
"2842",2001,285,0.2343742403368
"2843",2001,286,0.204122208284171
"2844",2001,287,0.223357197763654
"2845",2001,288,0.225028591875121
"2846",2001,289,0.198812656648962
"2847",2001,290,0.210747178852666
"2848",2001,291,0.223024101980261
"2849",2001,292,0.217314024052764
"2850",2001,293,0.215488952376387
"2851",2001,294,0.221147802173577
"2852",2001,295,0.220439010547092
"2853",2001,296,0.208867278940258
"2854",2001,297,0.202131362287765
"2855",2001,298,0.18619133033357
"2856",2001,299,0.186012730104589
"2857",2001,300,0.179331549230165
"2858",2001,301,0.179608888326648
"2859",2001,302,0.185680035035402
"2860",2001,303,0.176365604600902
"2861",2001,304,0.177848735043617
"2862",2001,305,0.171372498361567
"2863",2001,306,0.171544448333446
"2864",2001,307,0.166334148868066
"2865",2001,308,0.148895833591396
"2866",2001,309,0.139155652932104
"2867",2001,310,0.139276001629183
"2868",2001,311,0.146549482963763
"2869",2001,312,0.131548154597922
"2870",2001,313,0.118829464480556
"2871",2001,314,0.126846284038629
"2872",2001,315,0.131635450599727
"2873",2001,316,0.134278617239516
"2874",2001,317,0.133549949754838
"2875",2001,318,0.122422127882756
"2876",2001,319,0.103450587594539
"2877",2001,320,0.102418994714782
"2878",2001,321,0.112339149804637
"2879",2001,322,0.117688941371046
"2880",2001,323,0.0936783935592664
"2881",2001,324,0.0870873610420441
"2882",2001,325,0.0937277299126031
"2883",2001,326,0.100945185490852
"2884",2001,327,0.105727085811887
"2885",2001,328,0.0937274990621812
"2886",2001,329,0.0999458592278912
"2887",2001,330,0.0971581240399447
"2888",2001,331,0.0746828993515398
"2889",2001,332,0.0441989940277293
"2890",2001,333,0.0495872089122337
"2891",2001,334,0.0723686815438186
"2892",2001,335,0.079644965475916
"2893",2001,336,0.0849362670585581
"2894",2001,337,0.0925354583882356
"2895",2001,338,0.0986082994113867
"2896",2001,339,0.0869231697928887
"2897",2001,340,0.0850805424342497
"2898",2001,341,0.0872426766917624
"2899",2001,342,0.0662094033519411
"2900",2001,343,0.0624613512750989
"2901",2001,344,0.0627737934477227
"2902",2001,345,0.0730019831431411
"2903",2001,346,0.0661730692384152
"2904",2001,347,0.0572836143190656
"2905",2001,348,0.0589291973449777
"2906",2001,349,0.0686773834615407
"2907",2001,350,0.0659313517719077
"2908",2001,351,0.0653725198023678
"2909",2001,352,0.0678595293226424
"2910",2001,353,0.0655526879903747
"2911",2001,354,0.0706584367908187
"2912",2001,355,0.0780608152654959
"2913",2001,356,0.0661402139357935
"2914",2001,357,0.0613433826380657
"2915",2001,358,0.055904172466004
"2916",2001,359,0.0533012130986354
"2917",2001,360,0.0579830290392882
"2918",2001,361,0.0618802624936087
"2919",2001,362,0.0646998909357381
"2920",2001,363,0.0696940227797403
"2921",2001,364,0.073694671859677
"2922",2001,365,0.0582436190002825
"2923",2002,1,0.0477483713503841
"2924",2002,2,0.0470044787166357
"2925",2002,3,0.0620907578288629
"2926",2002,4,0.0738836109261759
"2927",2002,5,0.0696002618979143
"2928",2002,6,0.0724549304566207
"2929",2002,7,0.0759732775483962
"2930",2002,8,0.0850081708484975
"2931",2002,9,0.0939745780635834
"2932",2002,10,0.0912729689722731
"2933",2002,11,0.0756214785821269
"2934",2002,12,0.074606027258457
"2935",2002,13,0.085993764763862
"2936",2002,14,0.0835888966860283
"2937",2002,15,0.096276787082644
"2938",2002,16,0.104106305104187
"2939",2002,17,0.108144218707918
"2940",2002,18,0.112988063499732
"2941",2002,19,0.0978771664218118
"2942",2002,20,0.108736460825639
"2943",2002,21,0.105289870114106
"2944",2002,22,0.116607956989135
"2945",2002,23,0.117568746953161
"2946",2002,24,0.0974108452595126
"2947",2002,25,0.0929314548123722
"2948",2002,26,0.108273737654488
"2949",2002,27,0.131162636917365
"2950",2002,28,0.144829185818916
"2951",2002,29,0.145606815442697
"2952",2002,30,0.135462460784643
"2953",2002,31,0.110592454250197
"2954",2002,32,0.103060489756187
"2955",2002,33,0.119054524021514
"2956",2002,34,0.134514845336092
"2957",2002,35,0.119095290373756
"2958",2002,36,0.11658559703913
"2959",2002,37,0.118782836821366
"2960",2002,38,0.131595914297142
"2961",2002,39,0.147944237687983
"2962",2002,40,0.143519188011971
"2963",2002,41,0.122914722983015
"2964",2002,42,0.121348269274925
"2965",2002,43,0.144917258229931
"2966",2002,44,0.13601431414434
"2967",2002,45,0.164830563316729
"2968",2002,46,0.165181576808106
"2969",2002,47,0.179752927319324
"2970",2002,48,0.193521240411073
"2971",2002,49,0.210820606852684
"2972",2002,50,0.187991948448699
"2973",2002,51,0.184347709103089
"2974",2002,52,0.18935358044397
"2975",2002,53,0.175056388049809
"2976",2002,54,0.207668322656042
"2977",2002,55,0.232489148948642
"2978",2002,56,0.224351045317161
"2979",2002,57,0.154312697905509
"2980",2002,58,0.164842544216961
"2981",2002,59,0.194249850069218
"2982",2002,60,0.218328290734327
"2983",2002,61,0.15684787304393
"2984",2002,62,0.14829929131625
"2985",2002,63,0.168602934761302
"2986",2002,64,0.20373689595026
"2987",2002,65,0.226022876444796
"2988",2002,66,0.255288282089967
"2989",2002,67,0.26006827870792
"2990",2002,68,0.236036209633625
"2991",2002,69,0.238401535423333
"2992",2002,70,0.265687403969535
"2993",2002,71,0.269490865248342
"2994",2002,72,0.296136173367584
"2995",2002,73,0.295952970089607
"2996",2002,74,0.288345046941668
"2997",2002,75,0.277615268433385
"2998",2002,76,0.299369844297605
"2999",2002,77,0.294661370958872
"3000",2002,78,0.273633539784263
"3001",2002,79,0.263600119262391
"3002",2002,80,0.279933735525577
"3003",2002,81,0.266925296059882
"3004",2002,82,0.326049570763758
"3005",2002,83,0.344473301411735
"3006",2002,84,0.320867783908542
"3007",2002,85,0.301482800851715
"3008",2002,86,0.349097175798427
"3009",2002,87,0.367760189386261
"3010",2002,88,0.393888588166635
"3011",2002,89,0.352358161398584
"3012",2002,90,0.361577806575243
"3013",2002,91,0.397803448697518
"3014",2002,92,0.408165201219265
"3015",2002,93,0.33311810465469
"3016",2002,94,0.390206038931058
"3017",2002,95,0.416459616362272
"3018",2002,96,0.419943344275772
"3019",2002,97,0.414174432892577
"3020",2002,98,0.4187230388787
"3021",2002,99,0.41603915553678
"3022",2002,100,0.434658657383242
"3023",2002,101,0.473505522544011
"3024",2002,102,0.483664658163661
"3025",2002,103,0.505402101522453
"3026",2002,104,0.488440810678286
"3027",2002,105,0.485548603681772
"3028",2002,106,0.484910784062683
"3029",2002,107,0.489105778968055
"3030",2002,108,0.517006551243337
"3031",2002,109,0.530509057823944
"3032",2002,110,0.530459983724698
"3033",2002,111,0.509552030553454
"3034",2002,112,0.502747688586849
"3035",2002,113,0.548102302575032
"3036",2002,114,0.545282677851634
"3037",2002,115,0.512410508885234
"3038",2002,116,0.517352319708251
"3039",2002,117,0.544301264228659
"3040",2002,118,0.543403787603458
"3041",2002,119,0.580685716690793
"3042",2002,120,0.585288577982163
"3043",2002,121,0.582266986325631
"3044",2002,122,0.575396183867247
"3045",2002,123,0.540692292896513
"3046",2002,124,0.55842409792236
"3047",2002,125,0.611556566390327
"3048",2002,126,0.600864753273246
"3049",2002,127,0.606420213467486
"3050",2002,128,0.608594086434209
"3051",2002,129,0.564390627926543
"3052",2002,130,0.606711085248764
"3053",2002,131,0.626034114269933
"3054",2002,132,0.609001060462534
"3055",2002,133,0.560392469374226
"3056",2002,134,0.561065233560836
"3057",2002,135,0.611049504707612
"3058",2002,136,0.624789225508421
"3059",2002,137,0.617116877738956
"3060",2002,138,0.569409672273299
"3061",2002,139,0.585752694996618
"3062",2002,140,0.601865290860321
"3063",2002,141,0.605083002161985
"3064",2002,142,0.632700205621224
"3065",2002,143,0.63270477372015
"3066",2002,144,0.622301497980993
"3067",2002,145,0.611958357858269
"3068",2002,146,0.629186624437762
"3069",2002,147,0.63885107327163
"3070",2002,148,0.635753072720138
"3071",2002,149,0.649784653848984
"3072",2002,150,0.68635315399645
"3073",2002,151,0.678564567890066
"3074",2002,152,0.676371821529409
"3075",2002,153,0.695600012025225
"3076",2002,154,0.701926252170896
"3077",2002,155,0.689853731478751
"3078",2002,156,0.63795006559067
"3079",2002,157,0.618556742158099
"3080",2002,158,0.640012486859467
"3081",2002,159,0.681710218585049
"3082",2002,160,0.712142711403732
"3083",2002,161,0.697092459024213
"3084",2002,162,0.718442486968255
"3085",2002,163,0.716756439227978
"3086",2002,164,0.727235325665553
"3087",2002,165,0.687905201486398
"3088",2002,166,0.715813416336137
"3089",2002,167,0.721728247988859
"3090",2002,168,0.734294556728618
"3091",2002,169,0.752287567578484
"3092",2002,170,0.755303571752947
"3093",2002,171,0.731978673576677
"3094",2002,172,0.700668355921134
"3095",2002,173,0.698591053765628
"3096",2002,174,0.71393299438801
"3097",2002,175,0.721004548572331
"3098",2002,176,0.732276221466223
"3099",2002,177,0.738550856521439
"3100",2002,178,0.719555726394438
"3101",2002,179,0.716362384039542
"3102",2002,180,0.716700879281987
"3103",2002,181,0.719913108082966
"3104",2002,182,0.738299811137396
"3105",2002,183,0.749776825182035
"3106",2002,184,0.730917102182701
"3107",2002,185,0.711288806927211
"3108",2002,186,0.70735718446711
"3109",2002,187,0.708671220823852
"3110",2002,188,0.683752716854092
"3111",2002,189,0.700074520629355
"3112",2002,190,0.700107138758691
"3113",2002,191,0.705461311587158
"3114",2002,192,0.699173113380326
"3115",2002,193,0.675512239499867
"3116",2002,194,0.668970413157266
"3117",2002,195,0.68011018835653
"3118",2002,196,0.685275767767218
"3119",2002,197,0.688501192671881
"3120",2002,198,0.690536334312033
"3121",2002,199,0.675168807760596
"3122",2002,200,0.667074832797869
"3123",2002,201,0.673013832360469
"3124",2002,202,0.681579979146469
"3125",2002,203,0.680807795574504
"3126",2002,204,0.66963354572733
"3127",2002,205,0.676174406743154
"3128",2002,206,0.708053714204878
"3129",2002,207,0.715117767417364
"3130",2002,208,0.715964975384152
"3131",2002,209,0.704620566471489
"3132",2002,210,0.689265925647221
"3133",2002,211,0.661065782319069
"3134",2002,212,0.66563728311399
"3135",2002,213,0.678603971173686
"3136",2002,214,0.667142245730243
"3137",2002,215,0.673005328928946
"3138",2002,216,0.666346485901594
"3139",2002,217,0.656516806611752
"3140",2002,218,0.63630873353405
"3141",2002,219,0.636671098966128
"3142",2002,220,0.645857501064574
"3143",2002,221,0.65419145174609
"3144",2002,222,0.641417828323774
"3145",2002,223,0.627746401129409
"3146",2002,224,0.654555796207322
"3147",2002,225,0.66488944836513
"3148",2002,226,0.651025616173116
"3149",2002,227,0.679892779090418
"3150",2002,228,0.671911871243818
"3151",2002,229,0.649392643959142
"3152",2002,230,0.62703531177936
"3153",2002,231,0.636456361836202
"3154",2002,232,0.625607388446067
"3155",2002,233,0.610195051844105
"3156",2002,234,0.610741023667076
"3157",2002,235,0.594404413679114
"3158",2002,236,0.618553653703117
"3159",2002,237,0.625229617342925
"3160",2002,238,0.613601369771598
"3161",2002,239,0.62668843586181
"3162",2002,240,0.611550494602063
"3163",2002,241,0.58085163588926
"3164",2002,242,0.564043980247755
"3165",2002,243,0.541992688124373
"3166",2002,244,0.520513799019706
"3167",2002,245,0.532883694875753
"3168",2002,246,0.53381458558737
"3169",2002,247,0.521542010030497
"3170",2002,248,0.518548462703439
"3171",2002,249,0.513681476595352
"3172",2002,250,0.499256515090754
"3173",2002,251,0.49040076955633
"3174",2002,252,0.476922998855821
"3175",2002,253,0.468783372948632
"3176",2002,254,0.464926439724256
"3177",2002,255,0.463515392924417
"3178",2002,256,0.466257341797045
"3179",2002,257,0.447033572986502
"3180",2002,258,0.41282232362233
"3181",2002,259,0.416411620606619
"3182",2002,260,0.438870475479346
"3183",2002,261,0.445069109288465
"3184",2002,262,0.400476853166183
"3185",2002,263,0.383649947575604
"3186",2002,264,0.401020404808939
"3187",2002,265,0.374625789270295
"3188",2002,266,0.369860184744862
"3189",2002,267,0.361164577388432
"3190",2002,268,0.354312297739199
"3191",2002,269,0.353041833605632
"3192",2002,270,0.358743697594178
"3193",2002,271,0.353818017893892
"3194",2002,272,0.356668084493029
"3195",2002,273,0.362823326412838
"3196",2002,274,0.366512546605683
"3197",2002,275,0.359625276813262
"3198",2002,276,0.339036056166874
"3199",2002,277,0.313246455295887
"3200",2002,278,0.312744374173794
"3201",2002,279,0.302050809280314
"3202",2002,280,0.259881329881064
"3203",2002,281,0.265687783083967
"3204",2002,282,0.259332161965278
"3205",2002,283,0.26243727149616
"3206",2002,284,0.266733865813157
"3207",2002,285,0.255580064016998
"3208",2002,286,0.204823306591536
"3209",2002,287,0.192723438861961
"3210",2002,288,0.204965490689415
"3211",2002,289,0.208016281905573
"3212",2002,290,0.213857174526053
"3213",2002,291,0.204917301832402
"3214",2002,292,0.185713076550942
"3215",2002,293,0.188723138351911
"3216",2002,294,0.199992593035438
"3217",2002,295,0.198236083513913
"3218",2002,296,0.192737429266841
"3219",2002,297,0.188917598942672
"3220",2002,298,0.176929135232546
"3221",2002,299,0.177689044952547
"3222",2002,300,0.183234171626312
"3223",2002,301,0.161409092416142
"3224",2002,302,0.149034626654085
"3225",2002,303,0.146801828715766
"3226",2002,304,0.131445001093531
"3227",2002,305,0.130996879124734
"3228",2002,306,0.140330835060158
"3229",2002,307,0.14449127268635
"3230",2002,308,0.120554084607619
"3231",2002,309,0.122004210240481
"3232",2002,310,0.120371991833886
"3233",2002,311,0.12874094459223
"3234",2002,312,0.139107730872037
"3235",2002,313,0.14072963482208
"3236",2002,314,0.139492833010342
"3237",2002,315,0.114610004699491
"3238",2002,316,0.102813286870903
"3239",2002,317,0.105205479602878
"3240",2002,318,0.111241369238883
"3241",2002,319,0.0962327217730607
"3242",2002,320,0.0901621912984977
"3243",2002,321,0.0997988151848158
"3244",2002,322,0.102864192551798
"3245",2002,323,0.0940083202664005
"3246",2002,324,0.0910249635068646
"3247",2002,325,0.0952983960816219
"3248",2002,326,0.0964601910092925
"3249",2002,327,0.0998880461791175
"3250",2002,328,0.0970050863660386
"3251",2002,329,0.0791491469586516
"3252",2002,330,0.0626861976895032
"3253",2002,331,0.0665571933001728
"3254",2002,332,0.0692862927542432
"3255",2002,333,0.0747863718906858
"3256",2002,334,0.0863455371708374
"3257",2002,335,0.0892451846594562
"3258",2002,336,0.0966401338122553
"3259",2002,337,0.0825763529091229
"3260",2002,338,0.0676223306884303
"3261",2002,339,0.063357253163641
"3262",2002,340,0.0633227778005324
"3263",2002,341,0.0749046668784068
"3264",2002,342,0.0746888972875184
"3265",2002,343,0.0630962054776502
"3266",2002,344,0.0651823545077341
"3267",2002,345,0.0679853302566785
"3268",2002,346,0.0656377068724859
"3269",2002,347,0.0677877150719503
"3270",2002,348,0.0710097656852965
"3271",2002,349,0.0738717488437089
"3272",2002,350,0.0844247458896006
"3273",2002,351,0.0884387996970983
"3274",2002,352,0.0733713441657259
"3275",2002,353,0.0598796988959731
"3276",2002,354,0.05858972891406
"3277",2002,355,0.0660023044143164
"3278",2002,356,0.0673115110960774
"3279",2002,357,0.0618964234821363
"3280",2002,358,0.0524728174767099
"3281",2002,359,0.0589750195021366
"3282",2002,360,0.0598024646744791
"3283",2002,361,0.0671510311717008
"3284",2002,362,0.0711958696746373
"3285",2002,363,0.074397321006692
"3286",2002,364,0.065956081555781
"3287",2002,365,0.0696638569583204
"3288",2002,366,0.0731186283902749
"3289",2003,1,0.0712394106837359
"3290",2003,2,0.0673653514538625
"3291",2003,3,0.0704705555415589
"3292",2003,4,0.0807353787691328
"3293",2003,5,0.0814671042821549
"3294",2003,6,0.0735050280320963
"3295",2003,7,0.0799798142925182
"3296",2003,8,0.0876595810256509
"3297",2003,9,0.0971366451271747
"3298",2003,10,0.0819518951060975
"3299",2003,11,0.0914943257771274
"3300",2003,12,0.0858156134523928
"3301",2003,13,0.0851670850797367
"3302",2003,14,0.0908320827393383
"3303",2003,15,0.0941085619478839
"3304",2003,16,0.0806463075807452
"3305",2003,17,0.0758711570198844
"3306",2003,18,0.081157594443639
"3307",2003,19,0.100868461079706
"3308",2003,20,0.110224877504092
"3309",2003,21,0.111139208659772
"3310",2003,22,0.107763354271019
"3311",2003,23,0.0949520458166752
"3312",2003,24,0.102614494137211
"3313",2003,25,0.114727700115902
"3314",2003,26,0.112047367705857
"3315",2003,27,0.116181928892563
"3316",2003,28,0.130513241416161
"3317",2003,29,0.128588670239812
"3318",2003,30,0.132196455111251
"3319",2003,31,0.135350755681272
"3320",2003,32,0.146183069978117
"3321",2003,33,0.157319858767516
"3322",2003,34,0.153139168809212
"3323",2003,35,0.13431978609415
"3324",2003,36,0.140345523429804
"3325",2003,37,0.141122460862309
"3326",2003,38,0.106187887157556
"3327",2003,39,0.121935078719112
"3328",2003,40,0.13661757543868
"3329",2003,41,0.149467496477305
"3330",2003,42,0.176193724782633
"3331",2003,43,0.200353551736064
"3332",2003,44,0.20197933298247
"3333",2003,45,0.19295531998814
"3334",2003,46,0.167583663035705
"3335",2003,47,0.166781319157788
"3336",2003,48,0.191347810965389
"3337",2003,49,0.206089672270011
"3338",2003,50,0.20323772061744
"3339",2003,51,0.184716574493091
"3340",2003,52,0.172618949674181
"3341",2003,53,0.188275053267139
"3342",2003,54,0.199339309091442
"3343",2003,55,0.176709592165734
"3344",2003,56,0.166794443725219
"3345",2003,57,0.198119728277217
"3346",2003,58,0.204918105345211
"3347",2003,59,0.209560092208075
"3348",2003,60,0.211354526327522
"3349",2003,61,0.212305519360368
"3350",2003,62,0.213508127493465
"3351",2003,63,0.24116064474274
"3352",2003,64,0.233069778540917
"3353",2003,65,0.222207543933959
"3354",2003,66,0.244843369438903
"3355",2003,67,0.260245972181114
"3356",2003,68,0.26549448231719
"3357",2003,69,0.275563210141157
"3358",2003,70,0.285159891921689
"3359",2003,71,0.291949528154285
"3360",2003,72,0.297612181966474
"3361",2003,73,0.305305050118431
"3362",2003,74,0.302967407216591
"3363",2003,75,0.306157706187334
"3364",2003,76,0.298873441108805
"3365",2003,77,0.247461373617817
"3366",2003,78,0.256303592053234
"3367",2003,79,0.269939817812952
"3368",2003,80,0.275645597370941
"3369",2003,81,0.283815677924591
"3370",2003,82,0.312842691569056
"3371",2003,83,0.336878225771652
"3372",2003,84,0.334081790601962
"3373",2003,85,0.33016974752435
"3374",2003,86,0.354087444484972
"3375",2003,87,0.258671058208084
"3376",2003,88,0.255141091356515
"3377",2003,89,0.284685842225624
"3378",2003,90,0.334524589834561
"3379",2003,91,0.381830053935961
"3380",2003,92,0.405877201968536
"3381",2003,93,0.403395202331371
"3382",2003,94,0.387027003890109
"3383",2003,95,0.390305307246754
"3384",2003,96,0.385158984456693
"3385",2003,97,0.378816443131577
"3386",2003,98,0.350406436291533
"3387",2003,99,0.358040732596734
"3388",2003,100,0.400955262810874
"3389",2003,101,0.434150637159092
"3390",2003,102,0.462626727496
"3391",2003,103,0.472643784751793
"3392",2003,104,0.484411951620186
"3393",2003,105,0.494461814533532
"3394",2003,106,0.457950339392072
"3395",2003,107,0.477824885124789
"3396",2003,108,0.507348907556687
"3397",2003,109,0.464667196653471
"3398",2003,110,0.446584774548785
"3399",2003,111,0.479786549602327
"3400",2003,112,0.497061072800632
"3401",2003,113,0.50394937909795
"3402",2003,114,0.490835727033172
"3403",2003,115,0.487642841130289
"3404",2003,116,0.495119010975325
"3405",2003,117,0.517791801163725
"3406",2003,118,0.530860457971827
"3407",2003,119,0.533695668198391
"3408",2003,120,0.535676467452247
"3409",2003,121,0.537271354277717
"3410",2003,122,0.550810817713232
"3411",2003,123,0.550203427267321
"3412",2003,124,0.579423279526824
"3413",2003,125,0.556041238324299
"3414",2003,126,0.551106533718937
"3415",2003,127,0.570537206807476
"3416",2003,128,0.574461708245879
"3417",2003,129,0.579929125862398
"3418",2003,130,0.57345384004173
"3419",2003,131,0.571542200555495
"3420",2003,132,0.600639905833831
"3421",2003,133,0.640370866473471
"3422",2003,134,0.655411905352326
"3423",2003,135,0.642215344548528
"3424",2003,136,0.620677252533276
"3425",2003,137,0.63825849333492
"3426",2003,138,0.672420041996364
"3427",2003,139,0.656395327509599
"3428",2003,140,0.568660838224594
"3429",2003,141,0.56042901421669
"3430",2003,142,0.606936950622754
"3431",2003,143,0.634887292995456
"3432",2003,144,0.654399448300863
"3433",2003,145,0.622308771221125
"3434",2003,146,0.585088295314722
"3435",2003,147,0.578073655391307
"3436",2003,148,0.589720611797361
"3437",2003,149,0.626324923736995
"3438",2003,150,0.671468936696299
"3439",2003,151,0.692379086965711
"3440",2003,152,0.691992166063223
"3441",2003,153,0.690850505126505
"3442",2003,154,0.710645838851903
"3443",2003,155,0.699592306135545
"3444",2003,156,0.672936521974922
"3445",2003,157,0.632649083372934
"3446",2003,158,0.660721719441065
"3447",2003,159,0.656243317259207
"3448",2003,160,0.668499343652917
"3449",2003,161,0.669100867002585
"3450",2003,162,0.691950794119285
"3451",2003,163,0.693195825958511
"3452",2003,164,0.694177561337157
"3453",2003,165,0.676403331751743
"3454",2003,166,0.675279650870821
"3455",2003,167,0.669716218863263
"3456",2003,168,0.664322889397085
"3457",2003,169,0.664103876818472
"3458",2003,170,0.676404763525084
"3459",2003,171,0.697969926981681
"3460",2003,172,0.714092991829342
"3461",2003,173,0.749761502266252
"3462",2003,174,0.740525000483504
"3463",2003,175,0.730015501422077
"3464",2003,176,0.698504042458437
"3465",2003,177,0.703819200857751
"3466",2003,178,0.686888461834068
"3467",2003,179,0.688778974489968
"3468",2003,180,0.683296942595891
"3469",2003,181,0.670950802352224
"3470",2003,182,0.694790279753954
"3471",2003,183,0.72212783427992
"3472",2003,184,0.711925612200623
"3473",2003,185,0.70797591931505
"3474",2003,186,0.703197288171894
"3475",2003,187,0.69493713884808
"3476",2003,188,0.667356240976355
"3477",2003,189,0.692969381473263
"3478",2003,190,0.718216318590058
"3479",2003,191,0.721031381135775
"3480",2003,192,0.724759879249599
"3481",2003,193,0.72598896957513
"3482",2003,194,0.733473658681945
"3483",2003,195,0.754061032216166
"3484",2003,196,0.72400218381067
"3485",2003,197,0.672132170658794
"3486",2003,198,0.680442632259819
"3487",2003,199,0.694175578143099
"3488",2003,200,0.704568299527532
"3489",2003,201,0.710022459710663
"3490",2003,202,0.72299070039667
"3491",2003,203,0.726023743496283
"3492",2003,204,0.721424634908741
"3493",2003,205,0.711379897599563
"3494",2003,206,0.711062594467142
"3495",2003,207,0.698288987670487
"3496",2003,208,0.665988820730198
"3497",2003,209,0.643640546644227
"3498",2003,210,0.652831186144901
"3499",2003,211,0.666665105427782
"3500",2003,212,0.675262775242743
"3501",2003,213,0.684077175317474
"3502",2003,214,0.69513607795039
"3503",2003,215,0.705866338507919
"3504",2003,216,0.71024669597636
"3505",2003,217,0.709294231696162
"3506",2003,218,0.689754247309436
"3507",2003,219,0.6834531221302
"3508",2003,220,0.697130729759183
"3509",2003,221,0.707753655644201
"3510",2003,222,0.681095381581521
"3511",2003,223,0.66427463047325
"3512",2003,224,0.648668676256056
"3513",2003,225,0.6194299253256
"3514",2003,226,0.592589311325431
"3515",2003,227,0.596013660490612
"3516",2003,228,0.61667666212985
"3517",2003,229,0.631878738645994
"3518",2003,230,0.639388683637782
"3519",2003,231,0.640929841534676
"3520",2003,232,0.638160543641404
"3521",2003,233,0.626364687544922
"3522",2003,234,0.598187287570512
"3523",2003,235,0.571948184832356
"3524",2003,236,0.557895766760061
"3525",2003,237,0.558854939095062
"3526",2003,238,0.547323762023073
"3527",2003,239,0.565890566418341
"3528",2003,240,0.571046613190932
"3529",2003,241,0.560948401413038
"3530",2003,242,0.534452881945895
"3531",2003,243,0.497132044508249
"3532",2003,244,0.497856401143701
"3533",2003,245,0.497844082738965
"3534",2003,246,0.491627544291837
"3535",2003,247,0.484503160172566
"3536",2003,248,0.489918152993498
"3537",2003,249,0.493973144534625
"3538",2003,250,0.511645110725539
"3539",2003,251,0.506626835780744
"3540",2003,252,0.51232261520061
"3541",2003,253,0.495206049844915
"3542",2003,254,0.476377058695059
"3543",2003,255,0.443724604517829
"3544",2003,256,0.458074695770346
"3545",2003,257,0.427140839092485
"3546",2003,258,0.427350149418241
"3547",2003,259,0.438341295371658
"3548",2003,260,0.438982266975438
"3549",2003,261,0.437014397490378
"3550",2003,262,0.391282611920748
"3551",2003,263,0.395685385033464
"3552",2003,264,0.39407861944426
"3553",2003,265,0.376101154308552
"3554",2003,266,0.366205664316621
"3555",2003,267,0.392171642035205
"3556",2003,268,0.380512939340924
"3557",2003,269,0.361495176114993
"3558",2003,270,0.34526438614663
"3559",2003,271,0.344363340048537
"3560",2003,272,0.345192750305711
"3561",2003,273,0.339844642871516
"3562",2003,274,0.32038449915678
"3563",2003,275,0.312013236954193
"3564",2003,276,0.315485539651113
"3565",2003,277,0.304239601825976
"3566",2003,278,0.310491244989979
"3567",2003,279,0.30161730131938
"3568",2003,280,0.287310583408684
"3569",2003,281,0.262663871878598
"3570",2003,282,0.264653400405071
"3571",2003,283,0.253875448263599
"3572",2003,284,0.260977287290627
"3573",2003,285,0.237625440189728
"3574",2003,286,0.241368741109954
"3575",2003,287,0.224757455452588
"3576",2003,288,0.222410160735126
"3577",2003,289,0.229141347248558
"3578",2003,290,0.222291631005075
"3579",2003,291,0.216855495733591
"3580",2003,292,0.217972409095819
"3581",2003,293,0.213298825318674
"3582",2003,294,0.20577799278868
"3583",2003,295,0.194796074572481
"3584",2003,296,0.193657185659031
"3585",2003,297,0.186827103931393
"3586",2003,298,0.159534444036211
"3587",2003,299,0.127937541584341
"3588",2003,300,0.136653522682106
"3589",2003,301,0.152874231041265
"3590",2003,302,0.168431807852743
"3591",2003,303,0.168928735811568
"3592",2003,304,0.169322469971732
"3593",2003,305,0.172721172042374
"3594",2003,306,0.176832437978257
"3595",2003,307,0.175146132041754
"3596",2003,308,0.157342602764819
"3597",2003,309,0.14511820124111
"3598",2003,310,0.136285645085136
"3599",2003,311,0.131187032850799
"3600",2003,312,0.128244631858014
"3601",2003,313,0.13047771837441
"3602",2003,314,0.141340766458051
"3603",2003,315,0.148057712408592
"3604",2003,316,0.139533088507172
"3605",2003,317,0.110157663344173
"3606",2003,318,0.114280628739899
"3607",2003,319,0.123101300413791
"3608",2003,320,0.116275034618883
"3609",2003,321,0.111827930656608
"3610",2003,322,0.103034135898115
"3611",2003,323,0.0972604020388757
"3612",2003,324,0.110593272832813
"3613",2003,325,0.11224174762268
"3614",2003,326,0.111360467559993
"3615",2003,327,0.0894248473033535
"3616",2003,328,0.0751515236993797
"3617",2003,329,0.0898563266909466
"3618",2003,330,0.0886206052127178
"3619",2003,331,0.0779932195202636
"3620",2003,332,0.0688387346821763
"3621",2003,333,0.0785343062323459
"3622",2003,334,0.0849880780863679
"3623",2003,335,0.088771420456821
"3624",2003,336,0.0875629604083298
"3625",2003,337,0.0851554953862389
"3626",2003,338,0.0843175678254028
"3627",2003,339,0.0675342308025862
"3628",2003,340,0.0710810858986333
"3629",2003,341,0.0861520059088439
"3630",2003,342,0.0868662203505221
"3631",2003,343,0.07151937951518
"3632",2003,344,0.0646962672892213
"3633",2003,345,0.0729426971130843
"3634",2003,346,0.0702314999035553
"3635",2003,347,0.0613653092277443
"3636",2003,348,0.0709372554251806
"3637",2003,349,0.0727884241584351
"3638",2003,350,0.0558762346200553
"3639",2003,351,0.0573118035186897
"3640",2003,352,0.0598618687198229
"3641",2003,353,0.0628858744400637
"3642",2003,354,0.0734571019881363
"3643",2003,355,0.0780608152654959
"3644",2003,356,0.0729774482542454
"3645",2003,357,0.0632532977433012
"3646",2003,358,0.0648817500078945
"3647",2003,359,0.0724590225424212
"3648",2003,360,0.0802065367915269
"3649",2003,361,0.0768131495830554
"3650",2003,362,0.057249597143351
"3651",2003,363,0.0555582773479841
"3652",2003,364,0.0640766930822465
"3653",2003,365,0.0777190873212326
"3654",2004,1,0.0877492132193198
"3655",2004,2,0.0936523640964065
"3656",2004,3,0.0972419472267119
"3657",2004,4,0.0880956311305704
"3658",2004,5,0.076172223076057
"3659",2004,6,0.067126160202855
"3660",2004,7,0.0770773579623069
"3661",2004,8,0.082318075520721
"3662",2004,9,0.0814796980432957
"3663",2004,10,0.0775788459953808
"3664",2004,11,0.0846085937215645
"3665",2004,12,0.0948049701404904
"3666",2004,13,0.091289179215373
"3667",2004,14,0.0861754087408817
"3668",2004,15,0.0917124415800816
"3669",2004,16,0.0923113061875849
"3670",2004,17,0.0875231338236719
"3671",2004,18,0.0856302216899576
"3672",2004,19,0.0896993515295358
"3673",2004,20,0.0956145029414303
"3674",2004,21,0.0918614929067356
"3675",2004,22,0.0905857255467405
"3676",2004,23,0.0988046109973221
"3677",2004,24,0.107759962825482
"3678",2004,25,0.104099142071912
"3679",2004,26,0.100533922819246
"3680",2004,27,0.0999298193183306
"3681",2004,28,0.109347879853667
"3682",2004,29,0.116342573369619
"3683",2004,30,0.116614824918052
"3684",2004,31,0.125505342361205
"3685",2004,32,0.120164294546452
"3686",2004,33,0.108783866164563
"3687",2004,34,0.118295515169189
"3688",2004,35,0.122594508156992
"3689",2004,36,0.120681509241656
"3690",2004,37,0.120195424468644
"3691",2004,38,0.124350726130978
"3692",2004,39,0.140321114935185
"3693",2004,40,0.13066906413423
"3694",2004,41,0.13497009274001
"3695",2004,42,0.149387578287637
"3696",2004,43,0.122134996774888
"3697",2004,44,0.113342528492493
"3698",2004,45,0.13362071938561
"3699",2004,46,0.151314290560933
"3700",2004,47,0.164769397831446
"3701",2004,48,0.179586730187742
"3702",2004,49,0.196445963130638
"3703",2004,50,0.216577604225603
"3704",2004,51,0.198692859644805
"3705",2004,52,0.194131306577665
"3706",2004,53,0.200825911427427
"3707",2004,54,0.193954070776985
"3708",2004,55,0.179081920867053
"3709",2004,56,0.178081392552583
"3710",2004,57,0.192516027326665
"3711",2004,58,0.215222408964131
"3712",2004,59,0.222941827676712
"3713",2004,60,0.201422042174502
"3714",2004,61,0.201515922167858
"3715",2004,62,0.22806018020292
"3716",2004,63,0.241622875564801
"3717",2004,64,0.213610145081371
"3718",2004,65,0.217224007426802
"3719",2004,66,0.233917110690754
"3720",2004,67,0.235461133298898
"3721",2004,68,0.251843245191145
"3722",2004,69,0.256573083695995
"3723",2004,70,0.264959392531688
"3724",2004,71,0.241220617613544
"3725",2004,72,0.231857527202019
"3726",2004,73,0.252663185946695
"3727",2004,74,0.270717910593213
"3728",2004,75,0.282273530716264
"3729",2004,76,0.299685983283379
"3730",2004,77,0.315565318079604
"3731",2004,78,0.336554799255969
"3732",2004,79,0.342122504146345
"3733",2004,80,0.35300695909142
"3734",2004,81,0.302036113540592
"3735",2004,82,0.300143470316957
"3736",2004,83,0.335113623071849
"3737",2004,84,0.363220649880436
"3738",2004,85,0.377971880798414
"3739",2004,86,0.381430288022631
"3740",2004,87,0.371650271645681
"3741",2004,88,0.348213044796652
"3742",2004,89,0.350454822612877
"3743",2004,90,0.358295869566323
"3744",2004,91,0.367268007917362
"3745",2004,92,0.393150365100178
"3746",2004,93,0.391708174187063
"3747",2004,94,0.37837997063001
"3748",2004,95,0.365960488273005
"3749",2004,96,0.355785831728
"3750",2004,97,0.353185477875987
"3751",2004,98,0.383686730644954
"3752",2004,99,0.407617921846902
"3753",2004,100,0.406192099744944
"3754",2004,101,0.386312573856297
"3755",2004,102,0.317834582521309
"3756",2004,103,0.336972101769461
"3757",2004,104,0.374121157158757
"3758",2004,105,0.422424676434995
"3759",2004,106,0.457070332078452
"3760",2004,107,0.482788014771882
"3761",2004,108,0.490723907496317
"3762",2004,109,0.509628292784908
"3763",2004,110,0.527798784374547
"3764",2004,111,0.510911816566001
"3765",2004,112,0.478637985691471
"3766",2004,113,0.486722373746072
"3767",2004,114,0.492325952064628
"3768",2004,115,0.471604744113833
"3769",2004,116,0.484911407296073
"3770",2004,117,0.47174452932455
"3771",2004,118,0.482870563350548
"3772",2004,119,0.489463965303819
"3773",2004,120,0.50370056990677
"3774",2004,121,0.504709762883916
"3775",2004,122,0.459654415071292
"3776",2004,123,0.44898358785148
"3777",2004,124,0.478845010100556
"3778",2004,125,0.514687106796108
"3779",2004,126,0.542530382078142
"3780",2004,127,0.569548782618805
"3781",2004,128,0.556681375332637
"3782",2004,129,0.571029142676706
"3783",2004,130,0.582071842090496
"3784",2004,131,0.567059055005778
"3785",2004,132,0.573392267185532
"3786",2004,133,0.570696821726363
"3787",2004,134,0.559507205847764
"3788",2004,135,0.544778563960551
"3789",2004,136,0.557995468938517
"3790",2004,137,0.566500614129096
"3791",2004,138,0.618414846000009
"3792",2004,139,0.637629098145771
"3793",2004,140,0.643957118775001
"3794",2004,141,0.644599445572354
"3795",2004,142,0.642193140976913
"3796",2004,143,0.642608094043146
"3797",2004,144,0.638239101355237
"3798",2004,145,0.660839288304292
"3799",2004,146,0.672978702036383
"3800",2004,147,0.665417273847405
"3801",2004,148,0.654792124545907
"3802",2004,149,0.615582732754044
"3803",2004,150,0.63855711652895
"3804",2004,151,0.648505879002614
"3805",2004,152,0.646534890335091
"3806",2004,153,0.668487670004588
"3807",2004,154,0.688673386135898
"3808",2004,155,0.673186243339849
"3809",2004,156,0.652891683560485
"3810",2004,157,0.667642261145864
"3811",2004,158,0.673883439254078
"3812",2004,159,0.668264273007884
"3813",2004,160,0.677495626538781
"3814",2004,161,0.675100656259378
"3815",2004,162,0.693656643526015
"3816",2004,163,0.684475913956841
"3817",2004,164,0.684027294643665
"3818",2004,165,0.690688804716937
"3819",2004,166,0.707571046624037
"3820",2004,167,0.731875433522225
"3821",2004,168,0.723399983887328
"3822",2004,169,0.706492855751986
"3823",2004,170,0.703078088167104
"3824",2004,171,0.678852986564582
"3825",2004,172,0.680319859173843
"3826",2004,173,0.701202974852491
"3827",2004,174,0.666461416959659
"3828",2004,175,0.639093616808582
"3829",2004,176,0.633275212522365
"3830",2004,177,0.646898405307692
"3831",2004,178,0.658026816660157
"3832",2004,179,0.667117338401888
"3833",2004,180,0.645234527786359
"3834",2004,181,0.656066013026651
"3835",2004,182,0.703974949869103
"3836",2004,183,0.724717195453159
"3837",2004,184,0.728330025009094
"3838",2004,185,0.716862276984917
"3839",2004,186,0.725527598215533
"3840",2004,187,0.73734002892448
"3841",2004,188,0.739050662626651
"3842",2004,189,0.739158907722217
"3843",2004,190,0.732775387354871
"3844",2004,191,0.737403753685938
"3845",2004,192,0.716539721055031
"3846",2004,193,0.696624652281046
"3847",2004,194,0.692728132068759
"3848",2004,195,0.703112165828099
"3849",2004,196,0.711008310898715
"3850",2004,197,0.723461808603402
"3851",2004,198,0.709112762371516
"3852",2004,199,0.712801628939539
"3853",2004,200,0.716941294053552
"3854",2004,201,0.738977019825557
"3855",2004,202,0.739099044872867
"3856",2004,203,0.674189879497235
"3857",2004,204,0.678344636040988
"3858",2004,205,0.664634499391776
"3859",2004,206,0.649515401242031
"3860",2004,207,0.612183314497482
"3861",2004,208,0.605496529178769
"3862",2004,209,0.63704548406319
"3863",2004,210,0.642408525692719
"3864",2004,211,0.648525983099924
"3865",2004,212,0.656281300820746
"3866",2004,213,0.660314425710603
"3867",2004,214,0.662148954969202
"3868",2004,215,0.680027144397926
"3869",2004,216,0.680219336985075
"3870",2004,217,0.68132102495325
"3871",2004,218,0.661569970433383
"3872",2004,219,0.665786031817208
"3873",2004,220,0.674740582691019
"3874",2004,221,0.655397414528804
"3875",2004,222,0.620920965532065
"3876",2004,223,0.619909668913323
"3877",2004,224,0.630936906149097
"3878",2004,225,0.617220368977571
"3879",2004,226,0.602962016043609
"3880",2004,227,0.579610034739569
"3881",2004,228,0.564999320420129
"3882",2004,229,0.560962049827843
"3883",2004,230,0.56354345140641
"3884",2004,231,0.566616168801339
"3885",2004,232,0.586255435930017
"3886",2004,233,0.58167867825142
"3887",2004,234,0.578016695459541
"3888",2004,235,0.568334972960133
"3889",2004,236,0.580004099455575
"3890",2004,237,0.576097556596485
"3891",2004,238,0.577638237409626
"3892",2004,239,0.571084362559026
"3893",2004,240,0.574835679720239
"3894",2004,241,0.536010780441822
"3895",2004,242,0.526414941110149
"3896",2004,243,0.512689956037552
"3897",2004,244,0.488081707750644
"3898",2004,245,0.4715269323337
"3899",2004,246,0.471825476178968
"3900",2004,247,0.492053578026064
"3901",2004,248,0.502369169463063
"3902",2004,249,0.488383781604122
"3903",2004,250,0.484243620592108
"3904",2004,251,0.443557942013809
"3905",2004,252,0.410278643718418
"3906",2004,253,0.413907783045871
"3907",2004,254,0.421249649241191
"3908",2004,255,0.439884321406847
"3909",2004,256,0.447351772562001
"3910",2004,257,0.461461012729649
"3911",2004,258,0.464106951954396
"3912",2004,259,0.460573322154235
"3913",2004,260,0.455981531885777
"3914",2004,261,0.439584344886097
"3915",2004,262,0.429906384402293
"3916",2004,263,0.414217790860604
"3917",2004,264,0.411657805276816
"3918",2004,265,0.391468767753108
"3919",2004,266,0.374367745584645
"3920",2004,267,0.369896843005027
"3921",2004,268,0.35872632325248
"3922",2004,269,0.32009705046979
"3923",2004,270,0.305888837860172
"3924",2004,271,0.307971018832058
"3925",2004,272,0.297451965381402
"3926",2004,273,0.305511720620468
"3927",2004,274,0.304718443500289
"3928",2004,275,0.304606016836958
"3929",2004,276,0.284245757771496
"3930",2004,277,0.301064083698059
"3931",2004,278,0.297696506158544
"3932",2004,279,0.282565528689858
"3933",2004,280,0.273608086059422
"3934",2004,281,0.270453681928458
"3935",2004,282,0.250936587115166
"3936",2004,283,0.240006583348843
"3937",2004,284,0.228504133102307
"3938",2004,285,0.224408825194442
"3939",2004,286,0.23000815372927
"3940",2004,287,0.218092529332338
"3941",2004,288,0.194463604163442
"3942",2004,289,0.192504075166165
"3943",2004,290,0.210872366118567
"3944",2004,291,0.207676229921036
"3945",2004,292,0.207129352976016
"3946",2004,293,0.206151270433108
"3947",2004,294,0.207839697748617
"3948",2004,295,0.20408998925977
"3949",2004,296,0.185018487217302
"3950",2004,297,0.185720304350295
"3951",2004,298,0.177878085163157
"3952",2004,299,0.178487724371215
"3953",2004,300,0.186603833716055
"3954",2004,301,0.185033589469881
"3955",2004,302,0.185862458813865
"3956",2004,303,0.170148726252474
"3957",2004,304,0.156492217245646
"3958",2004,305,0.139083808472709
"3959",2004,306,0.117573730940323
"3960",2004,307,0.0973641193723934
"3961",2004,308,0.106324453415881
"3962",2004,309,0.117544913360886
"3963",2004,310,0.120502563796016
"3964",2004,311,0.12943930649126
"3965",2004,312,0.135265956392473
"3966",2004,313,0.131848471533228
"3967",2004,314,0.127962198775249
"3968",2004,315,0.117261523159983
"3969",2004,316,0.100614242272002
"3970",2004,317,0.0903659374446607
"3971",2004,318,0.0906038563515466
"3972",2004,319,0.0868251201466674
"3973",2004,320,0.0857193709559652
"3974",2004,321,0.0953195816539744
"3975",2004,322,0.0949303329318991
"3976",2004,323,0.0965801532019166
"3977",2004,324,0.0975229849486078
"3978",2004,325,0.0987389217947081
"3979",2004,326,0.0914861312228508
"3980",2004,327,0.0972619254523081
"3981",2004,328,0.0811539543273777
"3982",2004,329,0.0800188355304522
"3983",2004,330,0.0813385245094892
"3984",2004,331,0.0838285585632122
"3985",2004,332,0.0852230211661676
"3986",2004,333,0.085652290880651
"3987",2004,334,0.0801800537528493
"3988",2004,335,0.061613626834115
"3989",2004,336,0.0633899075630175
"3990",2004,337,0.0683238652984174
"3991",2004,338,0.0686395069296392
"3992",2004,339,0.0779565618729656
"3993",2004,340,0.0816424946429521
"3994",2004,341,0.0815080765700994
"3995",2004,342,0.0709101608584555
"3996",2004,343,0.073376334838156
"3997",2004,344,0.0776591464546975
"3998",2004,345,0.0766076043324584
"3999",2004,346,0.0775778706933011
"4000",2004,347,0.0811578496419771
"4001",2004,348,0.0638637929069334
"4002",2004,349,0.0554603624179166
"4003",2004,350,0.0610604811821998
"4004",2004,351,0.058271631509325
"4005",2004,352,0.0608359457217324
"4006",2004,353,0.0627706679297577
"4007",2004,354,0.0631600220639381
"4008",2004,355,0.0680757239467079
"4009",2004,356,0.0722863521608843
"4010",2004,357,0.058989698933866
"4011",2004,358,0.043742915143403
"4012",2004,359,0.0363240296277895
"4013",2004,360,0.0472748422928451
"4014",2004,361,0.0620432606068535
"4015",2004,362,0.0703708130714842
"4016",2004,363,0.0779551364791632
"4017",2004,364,0.0841312746658481
"4018",2004,365,0.0895572773782193
"4019",2005,1,0.0907777236301473
"4020",2005,2,0.0894443103335213
"4021",2005,3,0.0931281084142107
"4022",2005,4,0.097798919457929
"4023",2005,5,0.0834898809089783
"4024",2005,6,0.078416264234585
"4025",2005,7,0.0834489585482886
"4026",2005,8,0.0921647813990117
"4027",2005,9,0.100065388247901
"4028",2005,10,0.103281519480221
"4029",2005,11,0.100803605668956
"4030",2005,12,0.0932706334059472
"4031",2005,13,0.0730306301623781
"4032",2005,14,0.0767357904613151
"4033",2005,15,0.0889723874103876
"4034",2005,16,0.0833029069928655
"4035",2005,17,0.0859261078805013
"4036",2005,18,0.0925133567573261
"4037",2005,19,0.100615109141041
"4038",2005,20,0.107054924059275
"4039",2005,21,0.106289256866107
"4040",2005,22,0.101295088467482
"4041",2005,23,0.0989679747594788
"4042",2005,24,0.116830794013322
"4043",2005,25,0.117335843169453
"4044",2005,26,0.11779548026481
"4045",2005,27,0.11845641419301
"4046",2005,28,0.116239612641539
"4047",2005,29,0.119209972777527
"4048",2005,30,0.116092238946963
"4049",2005,31,0.102837552792324
"4050",2005,32,0.09572090804339
"4051",2005,33,0.0979482557250719
"4052",2005,34,0.107638643259698
"4053",2005,35,0.114134163243051
"4054",2005,36,0.129173773760857
"4055",2005,37,0.136052315433633
"4056",2005,38,0.144156813360601
"4057",2005,39,0.151540967580436
"4058",2005,40,0.152424370395547
"4059",2005,41,0.148848132100799
"4060",2005,42,0.160894461946632
"4061",2005,43,0.176498162580685
"4062",2005,44,0.181705447754504
"4063",2005,45,0.187019098450489
"4064",2005,46,0.192683361946074
"4065",2005,47,0.192629977833166
"4066",2005,48,0.175913766046138
"4067",2005,49,0.186024873837225
"4068",2005,50,0.208366646023222
"4069",2005,51,0.211108534375995
"4070",2005,52,0.210391656987262
"4071",2005,53,0.216811511236154
"4072",2005,54,0.212786810284365
"4073",2005,55,0.177985555551662
"4074",2005,56,0.172541808843528
"4075",2005,57,0.177319700080108
"4076",2005,58,0.188741496720241
"4077",2005,59,0.196538372717687
"4078",2005,60,0.213155219406816
"4079",2005,61,0.218741346304688
"4080",2005,62,0.221593363303025
"4081",2005,63,0.225043334886808
"4082",2005,64,0.239007867196015
"4083",2005,65,0.234939784028193
"4084",2005,66,0.233419945293696
"4085",2005,67,0.235711585966457
"4086",2005,68,0.240456703228621
"4087",2005,69,0.249577376479744
"4088",2005,70,0.251890468748162
"4089",2005,71,0.263185483919367
"4090",2005,72,0.280879435231171
"4091",2005,73,0.252663185946695
"4092",2005,74,0.243209596593236
"4093",2005,75,0.208661318004338
"4094",2005,76,0.228007008413314
"4095",2005,77,0.257227410027488
"4096",2005,78,0.275870356127949
"4097",2005,79,0.285917645814658
"4098",2005,80,0.288454540551235
"4099",2005,81,0.28643154624994
"4100",2005,82,0.308010814203566
"4101",2005,83,0.314602933239215
"4102",2005,84,0.310490147399785
"4103",2005,85,0.290126655402469
"4104",2005,86,0.283767066475121
"4105",2005,87,0.331001724474456
"4106",2005,88,0.346188313399271
"4107",2005,89,0.336487674423873
"4108",2005,90,0.314672000495815
"4109",2005,91,0.300227559734913
"4110",2005,92,0.327014650562859
"4111",2005,93,0.368515515092619
"4112",2005,94,0.398446360157775
"4113",2005,95,0.398772876657371
"4114",2005,96,0.360972513978683
"4115",2005,97,0.373052038216966
"4116",2005,98,0.41695558630726
"4117",2005,99,0.420024292274729
"4118",2005,100,0.393401260405391
"4119",2005,101,0.373740299231047
"4120",2005,102,0.401299418020346
"4121",2005,103,0.430501682854762
"4122",2005,104,0.443944051001387
"4123",2005,105,0.465301088873602
"4124",2005,106,0.459656222988018
"4125",2005,107,0.458529822067528
"4126",2005,108,0.487745030746324
"4127",2005,109,0.489043844632509
"4128",2005,110,0.487773031848456
"4129",2005,111,0.474990597906458
"4130",2005,112,0.471170511168108
"4131",2005,113,0.462647098169487
"4132",2005,114,0.471591758270539
"4133",2005,115,0.447944413667889
"4134",2005,116,0.4529667856338
"4135",2005,117,0.476988738168311
"4136",2005,118,0.5066601698955
"4137",2005,119,0.49763111509472
"4138",2005,120,0.461641054016394
"4139",2005,121,0.489537721968195
"4140",2005,122,0.460241297266338
"4141",2005,123,0.446450511902586
"4142",2005,124,0.489459924168665
"4143",2005,125,0.515465771295189
"4144",2005,126,0.535682094137668
"4145",2005,127,0.529234339348315
"4146",2005,128,0.51817756749367
"4147",2005,129,0.537744066400501
"4148",2005,130,0.571150999468872
"4149",2005,131,0.590920664484674
"4150",2005,132,0.58708115704602
"4151",2005,133,0.58893976973948
"4152",2005,134,0.561193117181486
"4153",2005,135,0.558195240081032
"4154",2005,136,0.557870067292479
"4155",2005,137,0.593594255594629
"4156",2005,138,0.59715975480984
"4157",2005,139,0.614675628925748
"4158",2005,140,0.629782866011795
"4159",2005,141,0.638607953020569
"4160",2005,142,0.660409989284134
"4161",2005,143,0.67630776870913
"4162",2005,144,0.692377731646752
"4163",2005,145,0.684847431171655
"4164",2005,146,0.624006595099819
"4165",2005,147,0.598369779342945
"4166",2005,148,0.584833544128563
"4167",2005,149,0.60437604832925
"4168",2005,150,0.627717821954102
"4169",2005,151,0.648505879002614
"4170",2005,152,0.648093030614886
"4171",2005,153,0.662502802686934
"4172",2005,154,0.646912362496914
"4173",2005,155,0.635105745756803
"4174",2005,156,0.661807955784299
"4175",2005,157,0.66632795145341
"4176",2005,158,0.689659185959315
"4177",2005,159,0.685950033122979
"4178",2005,160,0.69676568282327
"4179",2005,161,0.694846341219077
"4180",2005,162,0.674191270638436
"4181",2005,163,0.683981641413235
"4182",2005,164,0.69225411902187
"4183",2005,165,0.697038932900704
"4184",2005,166,0.67204852546493
"4185",2005,167,0.708748692473884
"4186",2005,168,0.741611542500372
"4187",2005,169,0.738464016941905
"4188",2005,170,0.735119211199182
"4189",2005,171,0.703046055099698
"4190",2005,172,0.67120568602809
"4191",2005,173,0.670365067403334
"4192",2005,174,0.692790650070068
"4193",2005,175,0.711964280215068
"4194",2005,176,0.713224611530455
"4195",2005,177,0.716354665607747
"4196",2005,178,0.723242820796161
"4197",2005,179,0.728194234871373
"4198",2005,180,0.732499006331049
"4199",2005,181,0.752260583779773
"4200",2005,182,0.768831443715789
"4201",2005,183,0.761581855301545
"4202",2005,184,0.75204214620266
"4203",2005,185,0.764329092193256
"4204",2005,186,0.739030585057763
"4205",2005,187,0.738282218387346
"4206",2005,188,0.752030330919086
"4207",2005,189,0.742637953430282
"4208",2005,190,0.723547874434401
"4209",2005,191,0.706421164197445
"4210",2005,192,0.692806141114312
"4211",2005,193,0.689896351772636
"4212",2005,194,0.689546619737754
"4213",2005,195,0.711698458174919
"4214",2005,196,0.711637356839575
"4215",2005,197,0.693876976735162
"4216",2005,198,0.708624342017785
"4217",2005,199,0.71834477185201
"4218",2005,200,0.708748510755176
"4219",2005,201,0.707718817034966
"4220",2005,202,0.685279144845087
"4221",2005,203,0.690754934038407
"4222",2005,204,0.695646118131881
"4223",2005,205,0.706626318139882
"4224",2005,206,0.715205016846075
"4225",2005,207,0.703915962459651
"4226",2005,208,0.6206906261918
"4227",2005,209,0.610966826014307
"4228",2005,210,0.643141546411619
"4229",2005,211,0.656158690366589
"4230",2005,212,0.658295413046102
"4231",2005,213,0.653537269969196
"4232",2005,214,0.649546503839584
"4233",2005,215,0.651718180317708
"4234",2005,216,0.646433842854912
"4235",2005,217,0.618809812368704
"4236",2005,218,0.617730874949981
"4237",2005,219,0.623133369778897
"4238",2005,220,0.629214522331838
"4239",2005,221,0.639487890613589
"4240",2005,222,0.645398325080944
"4241",2005,223,0.642438981528985
"4242",2005,224,0.620020424405764
"4243",2005,225,0.618649658417737
"4244",2005,226,0.609206776155772
"4245",2005,227,0.598507555665991
"4246",2005,228,0.603450756535166
"4247",2005,229,0.615987364243004
"4248",2005,230,0.616100446743673
"4249",2005,231,0.608916367346619
"4250",2005,232,0.588976622214543
"4251",2005,233,0.5929465326873
"4252",2005,234,0.588617624790059
"4253",2005,235,0.59143772952833
"4254",2005,236,0.587158975065504
"4255",2005,237,0.593259283955844
"4256",2005,238,0.58806768042152
"4257",2005,239,0.581135937798025
"4258",2005,240,0.560603821742988
"4259",2005,241,0.520884579053581
"4260",2005,242,0.534332319497695
"4261",2005,243,0.551732587485892
"4262",2005,244,0.537781332375324
"4263",2005,245,0.511192331526196
"4264",2005,246,0.512750714940446
"4265",2005,247,0.510213627772604
"4266",2005,248,0.493716571369087
"4267",2005,249,0.492701336022166
"4268",2005,250,0.474032771478327
"4269",2005,251,0.455272280459286
"4270",2005,252,0.455701240364876
"4271",2005,253,0.471837642393018
"4272",2005,254,0.466621893306878
"4273",2005,255,0.470423953345357
"4274",2005,256,0.482000083954585
"4275",2005,257,0.481267488012908
"4276",2005,258,0.459618681838121
"4277",2005,259,0.454132140792706
"4278",2005,260,0.465936294133768
"4279",2005,261,0.461669913028821
"4280",2005,262,0.448904108258922
"4281",2005,263,0.422975688461015
"4282",2005,264,0.412179498673263
"4283",2005,265,0.405427990456805
"4284",2005,266,0.396859033869281
"4285",2005,267,0.393485083459521
"4286",2005,268,0.401755074804647
"4287",2005,269,0.400108460880459
"4288",2005,270,0.384577297826692
"4289",2005,271,0.369614021760366
"4290",2005,272,0.329991771814735
"4291",2005,273,0.34111249990578
"4292",2005,274,0.345179321018131
"4293",2005,275,0.3418377113313
"4294",2005,276,0.334771093989041
"4295",2005,277,0.327700535131506
"4296",2005,278,0.308454200365736
"4297",2005,279,0.234546340317051
"4298",2005,280,0.226307999849833
"4299",2005,281,0.252900164231652
"4300",2005,282,0.263984500898507
"4301",2005,283,0.229906068915725
"4302",2005,284,0.230051222625739
"4303",2005,285,0.226750122056452
"4304",2005,286,0.20385209700838
"4305",2005,287,0.206109301217874
"4306",2005,288,0.204382463971173
"4307",2005,289,0.216267707139104
"4308",2005,290,0.224185074760729
"4309",2005,291,0.227221071206194
"4310",2005,292,0.225843151793691
"4311",2005,293,0.204342628783669
"4312",2005,294,0.19765688318634
"4313",2005,295,0.193330830877953
"4314",2005,296,0.174147775735192
"4315",2005,297,0.155757596610512
"4316",2005,298,0.16192695763213
"4317",2005,299,0.165773844253537
"4318",2005,300,0.159614626035152
"4319",2005,301,0.15475968315187
"4320",2005,302,0.163617294354516
"4321",2005,303,0.163419710653454
"4322",2005,304,0.144197696642348
"4323",2005,305,0.135525273091107
"4324",2005,306,0.150445506178158
"4325",2005,307,0.155174223408038
"4326",2005,308,0.153601402744739
"4327",2005,309,0.147632536842418
"4328",2005,310,0.144519209060853
"4329",2005,311,0.146524160388376
"4330",2005,312,0.15100352374366
"4331",2005,313,0.144109120634175
"4332",2005,314,0.133368689266689
"4333",2005,315,0.135845100001064
"4334",2005,316,0.123128350498759
"4335",2005,317,0.10898474759522
"4336",2005,318,0.113872020963176
"4337",2005,319,0.10274319550299
"4338",2005,320,0.0833836011744287
"4339",2005,321,0.0894894306230915
"4340",2005,322,0.0839941617909857
"4341",2005,323,0.0809420268857221
"4342",2005,324,0.0818233110312132
"4343",2005,325,0.0899007978565439
"4344",2005,326,0.0935358864558167
"4345",2005,327,0.0960754189201934
"4346",2005,328,0.103116483576018
"4347",2005,329,0.102586771059573
"4348",2005,330,0.0925825942372501
"4349",2005,331,0.0837962578298526
"4350",2005,332,0.0663873159784561
"4351",2005,333,0.0714149775892433
"4352",2005,334,0.0806513355039956
"4353",2005,335,0.0798483671358142
"4354",2005,336,0.089937444357854
"4355",2005,337,0.0879085248231407
"4356",2005,338,0.0780984714927704
"4357",2005,339,0.065881422245694
"4358",2005,340,0.0645817682783455
"4359",2005,341,0.053310681570099
"4360",2005,342,0.0439608073988088
"4361",2005,343,0.0616948668883789
"4362",2005,344,0.0689094196689579
"4363",2005,345,0.0684554070783167
"4364",2005,346,0.0784080512495067
"4365",2005,347,0.0819991191985207
"4366",2005,348,0.0699445267729583
"4367",2005,349,0.0579163465482632
"4368",2005,350,0.0610105978415926
"4369",2005,351,0.0631191473470167
"4370",2005,352,0.0687923463621284
"4371",2005,353,0.0693817700852356
"4372",2005,354,0.0674598847155305
"4373",2005,355,0.0685328146786301
"4374",2005,356,0.0740943371106036
"4375",2005,357,0.0801000776007224
"4376",2005,358,0.0762173207780195
"4377",2005,359,0.0783460251307296
"4378",2005,360,0.0805608586664154
"4379",2005,361,0.0840803505732226
"4380",2005,362,0.0844093343811992
"4381",2005,363,0.0819395844970829
"4382",2005,364,0.081988459562909
"4383",2005,365,0.0850885127071329
"4384",2006,1,0.0879204433228568
"4385",2006,2,0.0892191369205945
"4386",2006,3,0.093867491392855
"4387",2006,4,0.0902671449461748
"4388",2006,5,0.0742485320397483
"4389",2006,6,0.0756276522680386
"4390",2006,7,0.0875619037803721
"4391",2006,8,0.0912367490132002
"4392",2006,9,0.0868693099341696
"4393",2006,10,0.0723830296162071
"4394",2006,11,0.0858345257451955
"4395",2006,12,0.0909842784370537
"4396",2006,13,0.0817672882649116
"4397",2006,14,0.080133448927728
"4398",2006,15,0.0978154264332712
"4399",2006,16,0.086868156750324
"4400",2006,17,0.0752364554917964
"4401",2006,18,0.0896632420376478
"4402",2006,19,0.103225826826054
"4403",2006,20,0.0987088867514382
"4404",2006,21,0.0895344999272957
"4405",2006,22,0.0937454242856187
"4406",2006,23,0.095129141731562
"4407",2006,24,0.101589981165072
"4408",2006,25,0.108810761809634
"4409",2006,26,0.115762632710352
"4410",2006,27,0.121669423768398
"4411",2006,28,0.117649189004069
"4412",2006,29,0.124946498172159
"4413",2006,30,0.128539417704117
"4414",2006,31,0.140637442445991
"4415",2006,32,0.139812660300454
"4416",2006,33,0.150042091296954
"4417",2006,34,0.138487746451126
"4418",2006,35,0.140273100060072
"4419",2006,36,0.152380088953783
"4420",2006,37,0.136506958642724
"4421",2006,38,0.131524853164843
"4422",2006,39,0.150592555902013
"4423",2006,40,0.157444958138929
"4424",2006,41,0.140609866234531
"4425",2006,42,0.124593611601868
"4426",2006,43,0.135885520842455
"4427",2006,44,0.161660266085382
"4428",2006,45,0.183397640282584
"4429",2006,46,0.202188063930256
"4430",2006,47,0.198438268903992
"4431",2006,48,0.158318969782789
"4432",2006,49,0.150163552501357
"4433",2006,50,0.179721563950538
"4434",2006,51,0.210386110953294
"4435",2006,52,0.220759816649261
"4436",2006,53,0.214701579910652
"4437",2006,54,0.217795620850393
"4438",2006,55,0.218381903319038
"4439",2006,56,0.217161455697126
"4440",2006,57,0.216916249254337
"4441",2006,58,0.239286188638863
"4442",2006,59,0.257504281240944
"4443",2006,60,0.262580896369709
"4444",2006,61,0.266323152433478
"4445",2006,62,0.255309764717702
"4446",2006,63,0.267495577061813
"4447",2006,64,0.265834972813708
"4448",2006,65,0.282023588435835
"4449",2006,66,0.293996578966469
"4450",2006,67,0.271699431214139
"4451",2006,68,0.245005860796622
"4452",2006,69,0.253558841571743
"4453",2006,70,0.264289873104106
"4454",2006,71,0.269643471567858
"4455",2006,72,0.248298400919934
"4456",2006,73,0.250591839633176
"4457",2006,74,0.282358521861495
"4458",2006,75,0.302671468568762
"4459",2006,76,0.304652970110898
"4460",2006,77,0.309656864301433
"4461",2006,78,0.306098015485182
"4462",2006,79,0.250955023203343
"4463",2006,80,0.256748970858974
"4464",2006,81,0.263751738653089
"4465",2006,82,0.238849419878474
"4466",2006,83,0.257529959063636
"4467",2006,84,0.308201850132326
"4468",2006,85,0.346068114819117
"4469",2006,86,0.353000686605594
"4470",2006,87,0.351330850475026
"4471",2006,88,0.364541828081966
"4472",2006,89,0.373373458708057
"4473",2006,90,0.390554549826363
"4474",2006,91,0.403074987459111
"4475",2006,92,0.400294211014328
"4476",2006,93,0.400583925380271
"4477",2006,94,0.424470934504436
"4478",2006,95,0.4453646813232
"4479",2006,96,0.429220368315615
"4480",2006,97,0.39591767656974
"4481",2006,98,0.389661318159838
"4482",2006,99,0.42471750400695
"4483",2006,100,0.464887406003644
"4484",2006,101,0.4738846131533
"4485",2006,102,0.484267569207638
"4486",2006,103,0.502155954971456
"4487",2006,104,0.523634913022311
"4488",2006,105,0.518458016229399
"4489",2006,106,0.507062575568347
"4490",2006,107,0.499775235696662
"4491",2006,108,0.501424362104755
"4492",2006,109,0.486786275191272
"4493",2006,110,0.499479667136266
"4494",2006,111,0.498022855134917
"4495",2006,112,0.528984137203969
"4496",2006,113,0.546504349866525
"4497",2006,114,0.539851384529102
"4498",2006,115,0.502752962275231
"4499",2006,116,0.502834778121714
"4500",2006,117,0.532817535294897
"4501",2006,118,0.517195771886789
"4502",2006,119,0.471673239025664
"4503",2006,120,0.508469970091672
"4504",2006,121,0.544356206977772
"4505",2006,122,0.56317349176382
"4506",2006,123,0.565513266719448
"4507",2006,124,0.551258643192037
"4508",2006,125,0.543903279951598
"4509",2006,126,0.548011960567126
"4510",2006,127,0.543943873433718
"4511",2006,128,0.545060031986252
"4512",2006,129,0.549875695848174
"4513",2006,130,0.562024428821862
"4514",2006,131,0.544806095935999
"4515",2006,132,0.588804267143138
"4516",2006,133,0.613171611474964
"4517",2006,134,0.61416176129596
"4518",2006,135,0.563699437306594
"4519",2006,136,0.560344702643268
"4520",2006,137,0.566773235740918
"4521",2006,138,0.604074498663552
"4522",2006,139,0.628730647703215
"4523",2006,140,0.644144707902464
"4524",2006,141,0.666003096604715
"4525",2006,142,0.670591314666031
"4526",2006,143,0.671795315509522
"4527",2006,144,0.661960460637749
"4528",2006,145,0.666601572334138
"4529",2006,146,0.675763765625256
"4530",2006,147,0.666346301964121
"4531",2006,148,0.655049471116092
"4532",2006,149,0.659344612309853
"4533",2006,150,0.657884829099896
"4534",2006,151,0.640749083854731
"4535",2006,152,0.604155876927219
"4536",2006,153,0.60853614445206
"4537",2006,154,0.638533927371872
"4538",2006,155,0.670465307801015
"4539",2006,156,0.689688407596925
"4540",2006,157,0.699669263015446
"4541",2006,158,0.708995418707038
"4542",2006,159,0.685431530529131
"4543",2006,160,0.695948212389214
"4544",2006,161,0.703164332233462
"4545",2006,162,0.724728452797868
"4546",2006,163,0.726926312912843
"4547",2006,164,0.711100000378106
"4548",2006,165,0.729187826315533
"4549",2006,166,0.750567263862579
"4550",2006,167,0.735106149576348
"4551",2006,168,0.709590903750369
"4552",2006,169,0.717911453217484
"4553",2006,170,0.728416529288664
"4554",2006,171,0.72594882456535
"4555",2006,172,0.733331724318043
"4556",2006,173,0.71330239750797
"4557",2006,174,0.677315788684618
"4558",2006,175,0.692124204794902
"4559",2006,176,0.675666105323679
"4560",2006,177,0.654277712010971
"4561",2006,178,0.666434575570432
"4562",2006,179,0.624195384851149
"4563",2006,180,0.65099403526129
"4564",2006,181,0.66755204457465
"4565",2006,182,0.674176190077201
"4566",2006,183,0.682837262837916
"4567",2006,184,0.704497746584169
"4568",2006,185,0.718063810490033
"4569",2006,186,0.720955896661061
"4570",2006,187,0.698163434302698
"4571",2006,188,0.691209329312826
"4572",2006,189,0.708449758540585
"4573",2006,190,0.713769399429005
"4574",2006,191,0.727496057469323
"4575",2006,192,0.725975928498119
"4576",2006,193,0.747519612996108
"4577",2006,194,0.735618250353607
"4578",2006,195,0.727349966623273
"4579",2006,196,0.699717255367996
"4580",2006,197,0.70517300675948
"4581",2006,198,0.729877542194652
"4582",2006,199,0.734068954428054
"4583",2006,200,0.718980876211789
"4584",2006,201,0.712400560712204
"4585",2006,202,0.703643239307919
"4586",2006,203,0.695789795101865
"4587",2006,204,0.688204628627346
"4588",2006,205,0.695656879660556
"4589",2006,206,0.704495791347885
"4590",2006,207,0.724524385881969
"4591",2006,208,0.720204371702622
"4592",2006,209,0.680194816677558
"4593",2006,210,0.678237170734982
"4594",2006,211,0.676775161333508
"4595",2006,212,0.669086060167604
"4596",2006,213,0.655546951623854
"4597",2006,214,0.651683687942809
"4598",2006,215,0.631277007080475
"4599",2006,216,0.631204754710376
"4600",2006,217,0.651097959408345
"4601",2006,218,0.658409349007559
"4602",2006,219,0.659246252619691
"4603",2006,220,0.661920057283597
"4604",2006,221,0.673179447196445
"4605",2006,222,0.68586218173764
"4606",2006,223,0.69093949264155
"4607",2006,224,0.672436611176215
"4608",2006,225,0.65873107088542
"4609",2006,226,0.630020438552937
"4610",2006,227,0.620571169200147
"4611",2006,228,0.601693418844017
"4612",2006,229,0.619791502316501
"4613",2006,230,0.62742931940253
"4614",2006,231,0.619396239832416
"4615",2006,232,0.60684479569045
"4616",2006,233,0.612272347794486
"4617",2006,234,0.60600650092331
"4618",2006,235,0.607681305624482
"4619",2006,236,0.613672108010582
"4620",2006,237,0.60543927276462
"4621",2006,238,0.581649349883069
"4622",2006,239,0.570108929749512
"4623",2006,240,0.544121231819893
"4624",2006,241,0.524675985172246
"4625",2006,242,0.531550290280963
"4626",2006,243,0.53586038051378
"4627",2006,244,0.515482694932749
"4628",2006,245,0.500385321651104
"4629",2006,246,0.477673681202455
"4630",2006,247,0.472911092794378
"4631",2006,248,0.456159594479974
"4632",2006,249,0.447243206147457
"4633",2006,250,0.442710263547395
"4634",2006,251,0.441288429038476
"4635",2006,252,0.450445884412665
"4636",2006,253,0.455385879334521
"4637",2006,254,0.459296796269008
"4638",2006,255,0.445410935678112
"4639",2006,256,0.437746800596835
"4640",2006,257,0.454043956341538
"4641",2006,258,0.461048975452597
"4642",2006,259,0.458057906242748
"4643",2006,260,0.429570122858708
"4644",2006,261,0.393112732951317
"4645",2006,262,0.400172620201388
"4646",2006,263,0.410994665614946
"4647",2006,264,0.408363022606574
"4648",2006,265,0.404398289839943
"4649",2006,266,0.385358115340339
"4650",2006,267,0.341367407617891
"4651",2006,268,0.334805531634863
"4652",2006,269,0.350372944367833
"4653",2006,270,0.363467878113593
"4654",2006,271,0.335152412312011
"4655",2006,272,0.334051599519512
"4656",2006,273,0.335213747923771
"4657",2006,274,0.345749639553093
"4658",2006,275,0.33821230706882
"4659",2006,276,0.338484579199787
"4660",2006,277,0.323612061636116
"4661",2006,278,0.305333310637535
"4662",2006,279,0.292017721729073
"4663",2006,280,0.287836222174499
"4664",2006,281,0.28229764747617
"4665",2006,282,0.262489967334793
"4666",2006,283,0.257181191293066
"4667",2006,284,0.247479788577517
"4668",2006,285,0.242098949145372
"4669",2006,286,0.233013885622475
"4670",2006,287,0.242112443327183
"4671",2006,288,0.238034110002256
"4672",2006,289,0.21824846249866
"4673",2006,290,0.215481573818822
"4674",2006,291,0.19882026899482
"4675",2006,292,0.193037410971058
"4676",2006,293,0.185254506606469
"4677",2006,294,0.183863986474666
"4678",2006,295,0.180627195129004
"4679",2006,296,0.171610285823743
"4680",2006,297,0.180999089275613
"4681",2006,298,0.185339438113896
"4682",2006,299,0.180329608794543
"4683",2006,300,0.161762700283884
"4684",2006,301,0.147900135906826
"4685",2006,302,0.155330051383521
"4686",2006,303,0.163200381503525
"4687",2006,304,0.154640811723884
"4688",2006,305,0.146077892297327
"4689",2006,306,0.131654250619255
"4690",2006,307,0.137404400011973
"4691",2006,308,0.145086500490486
"4692",2006,309,0.14691357709204
"4693",2006,310,0.134685645578402
"4694",2006,311,0.134838577876568
"4695",2006,312,0.139397808715046
"4696",2006,313,0.139210849483235
"4697",2006,314,0.131026315568012
"4698",2006,315,0.115401442560877
"4699",2006,316,0.12246134289324
"4700",2006,317,0.114886888359193
"4701",2006,318,0.108268814393527
"4702",2006,319,0.0987656173816944
"4703",2006,320,0.0924445236818561
"4704",2006,321,0.105778945453733
"4705",2006,322,0.102638031829263
"4706",2006,323,0.0967587232817904
"4707",2006,324,0.092115837355431
"4708",2006,325,0.0970034738280328
"4709",2006,326,0.100001288303621
"4710",2006,327,0.102084794827091
"4711",2006,328,0.101943760686639
"4712",2006,329,0.0974894878623915
"4713",2006,330,0.0932067877097773
"4714",2006,331,0.0920263587875448
"4715",2006,332,0.0902012050015268
"4716",2006,333,0.0854691269267482
"4717",2006,334,0.0609883902432201
"4718",2006,335,0.0630497104743366
"4719",2006,336,0.0657588471515123
"4720",2006,337,0.0575410962852917
"4721",2006,338,0.0580484751310475
"4722",2006,339,0.0753288013641202
"4723",2006,340,0.0764624962490376
"4724",2006,341,0.0595485572346
"4725",2006,342,0.0550488746393814
"4726",2006,343,0.061657395918969
"4727",2006,344,0.0690628478538409
"4728",2006,345,0.0683999335866437
"4729",2006,346,0.0680815815676984
"4730",2006,347,0.0671970454324188
"4731",2006,348,0.0706479934747691
"4732",2006,349,0.0793936691147954
"4733",2006,350,0.0830631724225126
"4734",2006,351,0.080577956007302
"4735",2006,352,0.076682118449153
"4736",2006,353,0.0663658610638743
"4737",2006,354,0.05954457835598
"4738",2006,355,0.0606801742871653
"4739",2006,356,0.0611686641182927
"4740",2006,357,0.0577360202735494
"4741",2006,358,0.0622853056106786
"4742",2006,359,0.0598229057230191
"4743",2006,360,0.0678280897435219
"4744",2006,361,0.0754024586499894
"4745",2006,362,0.0747440069484858
"4746",2006,363,0.0597770347523613
"4747",2006,364,0.0593162897160701
"4748",2006,365,0.065967403477153
"4749",2006,366,0.0649189075850064
"4750",2007,1,0.0650135046950326
"4751",2007,2,0.0632213287199714
"4752",2007,3,0.0620280905947355
"4753",2007,4,0.077033391428492
"4754",2007,5,0.085183554211246
"4755",2007,6,0.0655045144659276
"4756",2007,7,0.0658066378631734
"4757",2007,8,0.0755397377722756
"4758",2007,9,0.0776367495205713
"4759",2007,10,0.087922526041459
"4760",2007,11,0.0976204333647157
"4761",2007,12,0.10027156216072
"4762",2007,13,0.0938639418037167
"4763",2007,14,0.0889529404460715
"4764",2007,15,0.0578220010835465
"4765",2007,16,0.052763582337223
"4766",2007,17,0.0599950874181203
"4767",2007,18,0.0746579168441915
"4768",2007,19,0.078983566332546
"4769",2007,20,0.0836382884494452
"4770",2007,21,0.0869294048599279
"4771",2007,22,0.0693624770894071
"4772",2007,23,0.0678939856887582
"4773",2007,24,0.0728953423200972
"4774",2007,25,0.090413873101252
"4775",2007,26,0.101922620209909
"4776",2007,27,0.103953282132222
"4777",2007,28,0.105604678734656
"4778",2007,29,0.109625756779483
"4779",2007,30,0.110655186152913
"4780",2007,31,0.117968224590302
"4781",2007,32,0.115110172524631
"4782",2007,33,0.113269239259664
"4783",2007,34,0.121401470806394
"4784",2007,35,0.13208161277595
"4785",2007,36,0.140708188717267
"4786",2007,37,0.153130772905111
"4787",2007,38,0.165085744370868
"4788",2007,39,0.17467861432981
"4789",2007,40,0.177955611515831
"4790",2007,41,0.17524410057539
"4791",2007,42,0.18104277716674
"4792",2007,43,0.1698779032268
"4793",2007,44,0.155108361354839
"4794",2007,45,0.140547683616545
"4795",2007,46,0.148077398516941
"4796",2007,47,0.15448528535134
"4797",2007,48,0.162385038539741
"4798",2007,49,0.173453015702683
"4799",2007,50,0.198397665178795
"4800",2007,51,0.20079748346001
"4801",2007,52,0.199353396349025
"4802",2007,53,0.204484804606754
"4803",2007,54,0.22097209413607
"4804",2007,55,0.19738276956119
"4805",2007,56,0.193971222548676
"4806",2007,57,0.234368627904461
"4807",2007,58,0.230733774362763
"4808",2007,59,0.231247646312213
"4809",2007,60,0.201912914738776
"4810",2007,61,0.188597154081083
"4811",2007,62,0.174970267888446
"4812",2007,63,0.175915431521889
"4813",2007,64,0.197406033339475
"4814",2007,65,0.240991319542646
"4815",2007,66,0.258362147699616
"4816",2007,67,0.269918672784431
"4817",2007,68,0.272493426165578
"4818",2007,69,0.281885644851771
"4819",2007,70,0.287899996965844
"4820",2007,71,0.241404525155066
"4821",2007,72,0.274985275020347
"4822",2007,73,0.306198756422684
"4823",2007,74,0.302400910673776
"4824",2007,75,0.291932568361318
"4825",2007,76,0.304989613181186
"4826",2007,77,0.326763508149385
"4827",2007,78,0.339718667301542
"4828",2007,79,0.341554414417142
"4829",2007,80,0.341784138629181
"4830",2007,81,0.342938294790529
"4831",2007,82,0.347872211161749
"4832",2007,83,0.326949304151934
"4833",2007,84,0.337098456662994
"4834",2007,85,0.340437736147402
"4835",2007,86,0.3577490019417
"4836",2007,87,0.378121465558471
"4837",2007,88,0.345085153472094
"4838",2007,89,0.346047877148072
"4839",2007,90,0.33912304158094
"4840",2007,91,0.371850156174102
"4841",2007,92,0.403359776661596
"4842",2007,93,0.406073391227951
"4843",2007,94,0.397305470044003
"4844",2007,95,0.403524178124962
"4845",2007,96,0.369637623113559
"4846",2007,97,0.295284323367089
"4847",2007,98,0.341931586473058
"4848",2007,99,0.409164815177056
"4849",2007,100,0.425888584316283
"4850",2007,101,0.426126904048039
"4851",2007,102,0.437833652958453
"4852",2007,103,0.42125718922503
"4853",2007,104,0.379244257898511
"4854",2007,105,0.409483174398512
"4855",2007,106,0.465056941835291
"4856",2007,107,0.438877434702669
"4857",2007,108,0.448010312180403
"4858",2007,109,0.471757740989564
"4859",2007,110,0.492581006345809
"4860",2007,111,0.505696585957037
"4861",2007,112,0.474392769170269
"4862",2007,113,0.497293970091431
"4863",2007,114,0.487628992297313
"4864",2007,115,0.470004841957629
"4865",2007,116,0.482436673970086
"4866",2007,117,0.513347953835074
"4867",2007,118,0.491923238795417
"4868",2007,119,0.506991193786873
"4869",2007,120,0.505051421562112
"4870",2007,121,0.526662077717619
"4871",2007,122,0.533565873380355
"4872",2007,123,0.533462117770468
"4873",2007,124,0.560439477029997
"4874",2007,125,0.565276401732947
"4875",2007,126,0.547696006973984
"4876",2007,127,0.526995142036884
"4877",2007,128,0.509348962136296
"4878",2007,129,0.502373029255529
"4879",2007,130,0.52134529764497
"4880",2007,131,0.536916685318583
"4881",2007,132,0.54266009444529
"4882",2007,133,0.566132992048207
"4883",2007,134,0.583989506991548
"4884",2007,135,0.578926777116313
"4885",2007,136,0.551544201104387
"4886",2007,137,0.531570088090049
"4887",2007,138,0.547013264721739
"4888",2007,139,0.553267792150473
"4889",2007,140,0.585178158985202
"4890",2007,141,0.575911847195003
"4891",2007,142,0.590889805474927
"4892",2007,143,0.607161950391247
"4893",2007,144,0.59920405153667
"4894",2007,145,0.56769821773404
"4895",2007,146,0.581978217302353
"4896",2007,147,0.586381878669945
"4897",2007,148,0.610550065914154
"4898",2007,149,0.630921377471306
"4899",2007,150,0.634801528261471
"4900",2007,151,0.647287497944028
"4901",2007,152,0.671211285644313
"4902",2007,153,0.656820181704525
"4903",2007,154,0.657956253749901
"4904",2007,155,0.632341085887851
"4905",2007,156,0.660501100927361
"4906",2007,157,0.696940154921787
"4907",2007,158,0.680307534878283
"4908",2007,159,0.658721766467338
"4909",2007,160,0.659288971827853
"4910",2007,161,0.649335974056667
"4911",2007,162,0.659235527831968
"4912",2007,163,0.637904412736336
"4913",2007,164,0.651848507392095
"4914",2007,165,0.665549802742136
"4915",2007,166,0.692630644443327
"4916",2007,167,0.673992952205506
"4917",2007,168,0.691496050075272
"4918",2007,169,0.719245208413727
"4919",2007,170,0.724959728580441
"4920",2007,171,0.702186570710099
"4921",2007,172,0.669459164158814
"4922",2007,173,0.690397552045309
"4923",2007,174,0.70010973781562
"4924",2007,175,0.696320566802106
"4925",2007,176,0.713440333496765
"4926",2007,177,0.741565283048095
"4927",2007,178,0.695705100225319
"4928",2007,179,0.678612209689684
"4929",2007,180,0.681407104470205
"4930",2007,181,0.696854600481833
"4931",2007,182,0.708448445894306
"4932",2007,183,0.703944041704118
"4933",2007,184,0.726743970960946
"4934",2007,185,0.694931215326768
"4935",2007,186,0.68748732997083
"4936",2007,187,0.66625813770253
"4937",2007,188,0.687850717999609
"4938",2007,189,0.712630522995994
"4939",2007,190,0.72240849180145
"4940",2007,191,0.724159067952758
"4941",2007,192,0.705988660510839
"4942",2007,193,0.713896669944639
"4943",2007,194,0.718076768101304
"4944",2007,195,0.686776422900257
"4945",2007,196,0.695927310466473
"4946",2007,197,0.705242585204283
"4947",2007,198,0.695918122687245
"4948",2007,199,0.685365260248381
"4949",2007,200,0.678861039651365
"4950",2007,201,0.66343664501151
"4951",2007,202,0.6585399825203
"4952",2007,203,0.653877753174328
"4953",2007,204,0.670312431756275
"4954",2007,205,0.672907701498904
"4955",2007,206,0.661963140694244
"4956",2007,207,0.66768818017625
"4957",2007,208,0.669780067240048
"4958",2007,209,0.672296350166918
"4959",2007,210,0.644808535439455
"4960",2007,211,0.640461398206077
"4961",2007,212,0.646316591103729
"4962",2007,213,0.660247165451846
"4963",2007,214,0.648278997848165
"4964",2007,215,0.644320590800472
"4965",2007,216,0.650832786714879
"4966",2007,217,0.665466807444454
"4967",2007,218,0.668934231851774
"4968",2007,219,0.662679817142446
"4969",2007,220,0.67556019034107
"4970",2007,221,0.670250350526146
"4971",2007,222,0.665115276952814
"4972",2007,223,0.661569874758841
"4973",2007,224,0.657512452913105
"4974",2007,225,0.64181537948561
"4975",2007,226,0.635083934253537
"4976",2007,227,0.638149672075353
"4977",2007,228,0.625732372873165
"4978",2007,229,0.622300269543801
"4979",2007,230,0.640389301926551
"4980",2007,231,0.649961979106197
"4981",2007,232,0.646991890800112
"4982",2007,233,0.62948409758186
"4983",2007,234,0.609489269568411
"4984",2007,235,0.60956008007815
"4985",2007,236,0.615990648306753
"4986",2007,237,0.600883573476512
"4987",2007,238,0.573795303030176
"4988",2007,239,0.569892296807356
"4989",2007,240,0.565275353100588
"4990",2007,241,0.55443594943864
"4991",2007,242,0.538502506143472
"4992",2007,243,0.525722283905899
"4993",2007,244,0.514843927187073
"4994",2007,245,0.50213311013652
"4995",2007,246,0.494617960773753
"4996",2007,247,0.506391443170209
"4997",2007,248,0.525639471821284
"4998",2007,249,0.532348443279557
"4999",2007,250,0.525871627937969
"5000",2007,251,0.526638863425942
"5001",2007,252,0.491198087642368
"5002",2007,253,0.480896706114792
"5003",2007,254,0.440650891427419
"5004",2007,255,0.444213116962697
"5005",2007,256,0.464588932163518
"5006",2007,257,0.462760993367066
"5007",2007,258,0.451875078598969
"5008",2007,259,0.448885612943168
"5009",2007,260,0.426912187687173
"5010",2007,261,0.42863894638105
"5011",2007,262,0.423537875949549
"5012",2007,263,0.419843032319718
"5013",2007,264,0.410460297644967
"5014",2007,265,0.408951779609483
"5015",2007,266,0.403927185460226
"5016",2007,267,0.383540306702445
"5017",2007,268,0.376693377813186
"5018",2007,269,0.372186346116763
"5019",2007,270,0.370504802375836
"5020",2007,271,0.364401658391776
"5021",2007,272,0.36030361374963
"5022",2007,273,0.357752488127773
"5023",2007,274,0.340635954977313
"5024",2007,275,0.347745371467811
"5025",2007,276,0.338610535131991
"5026",2007,277,0.335545548972492
"5027",2007,278,0.331681685725006
"5028",2007,279,0.322377648850449
"5029",2007,280,0.30666716384625
"5030",2007,281,0.278737670140932
"5031",2007,282,0.264058741710352
"5032",2007,283,0.273965772574684
"5033",2007,284,0.282222154877432
"5034",2007,285,0.275802788536891
"5035",2007,286,0.274160249091758
"5036",2007,287,0.239532750300553
"5037",2007,288,0.218444188996028
"5038",2007,289,0.22168986414735
"5039",2007,290,0.213201829706196
"5040",2007,291,0.211090032834021
"5041",2007,292,0.206350340497481
"5042",2007,293,0.214113141583961
"5043",2007,294,0.217120194924323
"5044",2007,295,0.159302757731195
"5045",2007,296,0.148117165522062
"5046",2007,297,0.164531275377606
"5047",2007,298,0.174494958621287
"5048",2007,299,0.179026560415319
"5049",2007,300,0.16987543009114
"5050",2007,301,0.156338765960244
"5051",2007,302,0.155529851845206
"5052",2007,303,0.153099014520013
"5053",2007,304,0.161746305355884
"5054",2007,305,0.144270704414238
"5055",2007,306,0.15114846776308
"5056",2007,307,0.147680487706644
"5057",2007,308,0.150133734109984
"5058",2007,309,0.156849146346037
"5059",2007,310,0.129187307959835
"5060",2007,311,0.134290933135211
"5061",2007,312,0.140159366317702
"5062",2007,313,0.143152465492107
"5063",2007,314,0.141191271736716
"5064",2007,315,0.140750568196826
"5065",2007,316,0.132614945305083
"5066",2007,317,0.134343198369638
"5067",2007,318,0.129858643536631
"5068",2007,319,0.0984300673935057
"5069",2007,320,0.105320120930356
"5070",2007,321,0.111950403296768
"5071",2007,322,0.116502368084162
"5072",2007,323,0.116808072637352
"5073",2007,324,0.117512349998607
"5074",2007,325,0.105233367040407
"5075",2007,326,0.0741042946429696
"5076",2007,327,0.0704488221293448
"5077",2007,328,0.0626821821963415
"5078",2007,329,0.0620111842876082
"5079",2007,330,0.0697537037670334
"5080",2007,331,0.0780837129915734
"5081",2007,332,0.0870073374108474
"5082",2007,333,0.0888464634274156
"5083",2007,334,0.100273791468475
"5084",2007,335,0.10314431360018
"5085",2007,336,0.091377481365461
"5086",2007,337,0.0800794090131605
"5087",2007,338,0.083981897605068
"5088",2007,339,0.08967818807381
"5089",2007,340,0.0911194690777906
"5090",2007,341,0.0970027088942137
"5091",2007,342,0.08752426835785
"5092",2007,343,0.0803265341750242
"5093",2007,344,0.0741471951279707
"5094",2007,345,0.0779628124311378
"5095",2007,346,0.0660790676321858
"5096",2007,347,0.0641898585925596
"5097",2007,348,0.0734322055007544
"5098",2007,349,0.0580113859132911
"5099",2007,350,0.0548502016205643
"5100",2007,351,0.0697820963010668
"5101",2007,352,0.0738402606676237
"5102",2007,353,0.0777955231102267
"5103",2007,354,0.0772337632215567
"5104",2007,355,0.0759453277396836
"5105",2007,356,0.0662206459119521
"5106",2007,357,0.0573353402351511
"5107",2007,358,0.0624717345793609
"5108",2007,359,0.0674159311525147
"5109",2007,360,0.063662282386538
"5110",2007,361,0.0646502147261621
"5111",2007,362,0.056142020223273
"5112",2007,363,0.0633259540125922
"5113",2007,364,0.071144783998906
"5114",2007,365,0.073773644599664
"5115",2008,1,0.057113190355748
"5116",2008,2,0.0580400728424115
"5117",2008,3,0.07153006542526
"5118",2008,4,0.0821469382447126
"5119",2008,5,0.0923951138870681
"5120",2008,6,0.0999780157014001
"5121",2008,7,0.0935537078412096
"5122",2008,8,0.0848638633775468
"5123",2008,9,0.0867390722004888
"5124",2008,10,0.0832434889792659
"5125",2008,11,0.0843240782643022
"5126",2008,12,0.0755885503349438
"5127",2008,13,0.0767974872276382
"5128",2008,14,0.07159766672212
"5129",2008,15,0.0750527108190385
"5130",2008,16,0.0769448819796546
"5131",2008,17,0.0622573885848296
"5132",2008,18,0.0654026424243428
"5133",2008,19,0.0755633454896902
"5134",2008,20,0.0853991765899669
"5135",2008,21,0.0957659963549806
"5136",2008,22,0.102899939039117
"5137",2008,23,0.1081705318658
"5138",2008,24,0.0989197268840313
"5139",2008,25,0.106910121543537
"5140",2008,26,0.123573341546876
"5141",2008,27,0.136365464215694
"5142",2008,28,0.141638642677775
"5143",2008,29,0.127132148202937
"5144",2008,30,0.12569284628887
"5145",2008,31,0.104619810320376
"5146",2008,32,0.114667986905415
"5147",2008,33,0.136828959124109
"5148",2008,34,0.154282171053736
"5149",2008,35,0.160938689871152
"5150",2008,36,0.130516999257459
"5151",2008,37,0.125373733494595
"5152",2008,38,0.140360553337313
"5153",2008,39,0.16046863586536
"5154",2008,40,0.167519781051488
"5155",2008,41,0.175526771998316
"5156",2008,42,0.180955975654051
"5157",2008,43,0.165542124171635
"5158",2008,44,0.168905622715575
"5159",2008,45,0.18466940699318
"5160",2008,46,0.184100369624317
"5161",2008,47,0.155669128084579
"5162",2008,48,0.173059011868501
"5163",2008,49,0.17432931764376
"5164",2008,50,0.198054328844129
"5165",2008,51,0.207277041990053
"5166",2008,52,0.203147296339236
"5167",2008,53,0.202699112424277
"5168",2008,54,0.216925080804306
"5169",2008,55,0.230712560766793
"5170",2008,56,0.237557512377638
"5171",2008,57,0.206936101540657
"5172",2008,58,0.197249896984023
"5173",2008,59,0.229252304644786
"5174",2008,60,0.247141450273306
"5175",2008,61,0.244634362597899
"5176",2008,62,0.25009033750481
"5177",2008,63,0.185767532627677
"5178",2008,64,0.201076842897829
"5179",2008,65,0.213133190397141
"5180",2008,66,0.203614336738335
"5181",2008,67,0.184808907546563
"5182",2008,68,0.210173377511784
"5183",2008,69,0.237741880816835
"5184",2008,70,0.240620832446008
"5185",2008,71,0.251323828046044
"5186",2008,72,0.266808560319348
"5187",2008,73,0.280132206629203
"5188",2008,74,0.300785180488784
"5189",2008,75,0.316949736473337
"5190",2008,76,0.317635895274951
"5191",2008,77,0.299909333234563
"5192",2008,78,0.247701466938538
"5193",2008,79,0.260194219705633
"5194",2008,80,0.294622285736442
"5195",2008,81,0.313980141276946
"5196",2008,82,0.319850482117226
"5197",2008,83,0.296445824247298
"5198",2008,84,0.301915785151878
"5199",2008,85,0.343941208702203
"5200",2008,86,0.365251151930468
"5201",2008,87,0.368431074540306
"5202",2008,88,0.363173601723178
"5203",2008,89,0.367280980192162
"5204",2008,90,0.390435937055188
"5205",2008,91,0.39227783596298
"5206",2008,92,0.374852611851636
"5207",2008,93,0.400475786963657
"5208",2008,94,0.417590630266983
"5209",2008,95,0.380839444515599
"5210",2008,96,0.384909424037792
"5211",2008,97,0.408916378082812
"5212",2008,98,0.421384963230388
"5213",2008,99,0.435804990646952
"5214",2008,100,0.445199780179377
"5215",2008,101,0.416398821614635
"5216",2008,102,0.393776780123356
"5217",2008,103,0.374127680517778
"5218",2008,104,0.393190197846584
"5219",2008,105,0.431433572871468
"5220",2008,106,0.485519549257565
"5221",2008,107,0.492531489293562
"5222",2008,108,0.458968318165392
"5223",2008,109,0.41844618684506
"5224",2008,110,0.475548155485272
"5225",2008,111,0.520645353402982
"5226",2008,112,0.494721255098672
"5227",2008,113,0.509993893719349
"5228",2008,114,0.536640533222123
"5229",2008,115,0.513215594245622
"5230",2008,116,0.517119045817363
"5231",2008,117,0.504662699688295
"5232",2008,118,0.437140944447276
"5233",2008,119,0.441074652868464
"5234",2008,120,0.49063218389072
"5235",2008,121,0.529160237591603
"5236",2008,122,0.544060788918796
"5237",2008,123,0.50597369592807
"5238",2008,124,0.496942481853816
"5239",2008,125,0.540496157307592
"5240",2008,126,0.562541891250762
"5241",2008,127,0.577909321211481
"5242",2008,128,0.548773038424716
"5243",2008,129,0.547657390645612
"5244",2008,130,0.583199494382905
"5245",2008,131,0.596169450846458
"5246",2008,132,0.545870454840392
"5247",2008,133,0.607914318610208
"5248",2008,134,0.606710740590934
"5249",2008,135,0.579937175521529
"5250",2008,136,0.538927952690078
"5251",2008,137,0.500589648515365
"5252",2008,138,0.526948715796484
"5253",2008,139,0.568637704831605
"5254",2008,140,0.613489644186969
"5255",2008,141,0.653243814825962
"5256",2008,142,0.664486189399033
"5257",2008,143,0.653003841849486
"5258",2008,144,0.650287915763443
"5259",2008,145,0.648534387436958
"5260",2008,146,0.676012117090535
"5261",2008,147,0.667813634673682
"5262",2008,148,0.660639026057766
"5263",2008,149,0.6656489560118
"5264",2008,150,0.683884132834273
"5265",2008,151,0.703431326531915
"5266",2008,152,0.713513174783283
"5267",2008,153,0.740859560001266
"5268",2008,154,0.722451838055163
"5269",2008,155,0.722422797407992
"5270",2008,156,0.724607448642979
"5271",2008,157,0.718422311809767
"5272",2008,158,0.701876315239538
"5273",2008,159,0.721058242921829
"5274",2008,160,0.725892532188728
"5275",2008,161,0.697553363337938
"5276",2008,162,0.718276054505132
"5277",2008,163,0.741388358763225
"5278",2008,164,0.742383738998262
"5279",2008,165,0.731684982804564
"5280",2008,166,0.734413727331154
"5281",2008,167,0.745462461713422
"5282",2008,168,0.770594446784707
"5283",2008,169,0.771916189112174
"5284",2008,170,0.750948071550367
"5285",2008,171,0.758022680304392
"5286",2008,172,0.720254933082607
"5287",2008,173,0.69479391931859
"5288",2008,174,0.716325767512284
"5289",2008,175,0.719829072592568
"5290",2008,176,0.728864946514027
"5291",2008,177,0.735461152835601
"5292",2008,178,0.737009998569661
"5293",2008,179,0.728194234871373
"5294",2008,180,0.721704486534622
"5295",2008,181,0.653445468009904
"5296",2008,182,0.655943590720956
"5297",2008,183,0.66479393368472
"5298",2008,184,0.684870688077345
"5299",2008,185,0.678589382606753
"5300",2008,186,0.693569767952677
"5301",2008,187,0.693397393605254
"5302",2008,188,0.694199007555188
"5303",2008,189,0.695692113701755
"5304",2008,190,0.683336942676591
"5305",2008,191,0.678116400540935
"5306",2008,192,0.706409114314857
"5307",2008,193,0.724213501035865
"5308",2008,194,0.729907624938513
"5309",2008,195,0.712679242810182
"5310",2008,196,0.716540428173667
"5311",2008,197,0.720007475583901
"5312",2008,198,0.729096445925309
"5313",2008,199,0.696870277110933
"5314",2008,200,0.692382165922154
"5315",2008,201,0.691364474629975
"5316",2008,202,0.683565454891613
"5317",2008,203,0.697726100811683
"5318",2008,204,0.687517692074283
"5319",2008,205,0.689108454735344
"5320",2008,206,0.677223719102156
"5321",2008,207,0.650173423679958
"5322",2008,208,0.675009031552504
"5323",2008,209,0.681082959823526
"5324",2008,210,0.692436149838174
"5325",2008,211,0.70428210293916
"5326",2008,212,0.699399945883029
"5327",2008,213,0.673904169127004
"5328",2008,214,0.681152429682787
"5329",2008,215,0.6833150464208
"5330",2008,216,0.675098572960222
"5331",2008,217,0.68132102495325
"5332",2008,218,0.666631830100569
"5333",2008,219,0.661264707060147
"5334",2008,220,0.668343943640838
"5335",2008,221,0.657947759634231
"5336",2008,222,0.661330579453601
"5337",2008,223,0.670116199405645
"5338",2008,224,0.66304694878931
"5339",2008,225,0.652412156079054
"5340",2008,226,0.640767625407106
"5341",2008,227,0.63914222722939
"5342",2008,228,0.627434839350453
"5343",2008,229,0.589057425542426
"5344",2008,230,0.59488149065246
"5345",2008,231,0.60042938155238
"5346",2008,232,0.576376381451035
"5347",2008,233,0.579666203822008
"5348",2008,234,0.565913359486844
"5349",2008,235,0.56883256322052
"5350",2008,236,0.538979861098506
"5351",2008,237,0.543381487851911
"5352",2008,238,0.546897316076698
"5353",2008,239,0.547577303097463
"5354",2008,240,0.53711076303005
"5355",2008,241,0.519166789603808
"5356",2008,242,0.498732391535692
"5357",2008,243,0.478120180992037
"5358",2008,244,0.500345396431137
"5359",2008,245,0.515023463393428
"5360",2008,246,0.510746422015871
"5361",2008,247,0.478491538593605
"5362",2008,248,0.48511269409689
"5363",2008,249,0.493510385029414
"5364",2008,250,0.495779227113491
"5365",2008,251,0.482025462043089
"5366",2008,252,0.455976227809446
"5367",2008,253,0.441278298875788
"5368",2008,254,0.448295986797396
"5369",2008,255,0.444267420270597
"5370",2008,256,0.448447719945118
"5371",2008,257,0.442177746870494
"5372",2008,258,0.404262244038474
"5373",2008,259,0.371269215187082
"5374",2008,260,0.367377562538046
"5375",2008,261,0.352213043158863
"5376",2008,262,0.361080329990382
"5377",2008,263,0.37200670085033
"5378",2008,264,0.373101310053365
"5379",2008,265,0.372110545696314
"5380",2008,266,0.36914809721143
"5381",2008,267,0.370040189545872
"5382",2008,268,0.34731270082653
"5383",2008,269,0.337406235512438
"5384",2008,270,0.325613999143674
"5385",2008,271,0.323305840474303
"5386",2008,272,0.311890627423396
"5387",2008,273,0.304155136014143
"5388",2008,274,0.303528055955452
"5389",2008,275,0.298442629278518
"5390",2008,276,0.298793936487469
"5391",2008,277,0.297757554750391
"5392",2008,278,0.304171354199972
"5393",2008,279,0.292561657812021
"5394",2008,280,0.265691458096613
"5395",2008,281,0.253006911636253
"5396",2008,282,0.252962371207048
"5397",2008,283,0.264809660450431
"5398",2008,284,0.266393586299164
"5399",2008,285,0.269374478993367
"5400",2008,286,0.260959903785658
"5401",2008,287,0.253119330612437
"5402",2008,288,0.220047792269246
"5403",2008,289,0.19472337550707
"5404",2008,290,0.195529458211808
"5405",2008,291,0.199454828189022
"5406",2008,292,0.197825322381944
"5407",2008,293,0.20599468998244
"5408",2008,294,0.208830916854342
"5409",2008,295,0.207915815490442
"5410",2008,296,0.17629952819055
"5411",2008,297,0.152909695846517
"5412",2008,298,0.165444466764848
"5413",2008,299,0.177696725910229
"5414",2008,300,0.175501687031162
"5415",2008,301,0.148971922779019
"5416",2008,302,0.150394291805298
"5417",2008,303,0.16209197645392
"5418",2008,304,0.165188351431538
"5419",2008,305,0.163007519838129
"5420",2008,306,0.152717093809239
"5421",2008,307,0.152385330239867
"5422",2008,308,0.161047270664169
"5423",2008,309,0.160932695221418
"5424",2008,310,0.148283332817188
"5425",2008,311,0.122459956709735
"5426",2008,312,0.109175530846787
"5427",2008,313,0.109948093531124
"5428",2008,314,0.119618475145702
"5429",2008,315,0.120210726632864
"5430",2008,316,0.113370233844933
"5431",2008,317,0.105781313527056
"5432",2008,318,0.105405384004114
"5433",2008,319,0.109100835914556
"5434",2008,320,0.0863111061358915
"5435",2008,321,0.0928328167709201
"5436",2008,322,0.0987215934893297
"5437",2008,323,0.0978368089934347
"5438",2008,324,0.0983227059711256
"5439",2008,325,0.0871639510271777
"5440",2008,326,0.0733077358246255
"5441",2008,327,0.0879171612958016
"5442",2008,328,0.0973744630541782
"5443",2008,329,0.0868397823650815
"5444",2008,330,0.0847323375895693
"5445",2008,331,0.10055869591725
"5446",2008,332,0.106272858956917
"5447",2008,333,0.0891935258523069
"5448",2008,334,0.0778339499535142
"5449",2008,335,0.0771079662356304
"5450",2008,336,0.0708590978765403
"5451",2008,337,0.0864858009341804
"5452",2008,338,0.0784405678939057
"5453",2008,339,0.0638165694666742
"5454",2008,340,0.0618861711260948
"5455",2008,341,0.07291772697346
"5456",2008,342,0.0764708023065162
"5457",2008,343,0.0836464925614541
"5458",2008,344,0.064239680061379
"5459",2008,345,0.0521616428834133
"5460",2008,346,0.0624376554694492
"5461",2008,347,0.0649783828480894
"5462",2008,348,0.0812688045146879
"5463",2008,349,0.0821876442533488
"5464",2008,350,0.0690869399002136
"5465",2008,351,0.0642754006342548
"5466",2008,352,0.0758307291338383
"5467",2008,353,0.0805883429667231
"5468",2008,354,0.078297795607324
"5469",2008,355,0.0781244443817056
"5470",2008,356,0.0632160406207669
"5471",2008,357,0.0590017486526636
"5472",2008,358,0.0764018488828345
"5473",2008,359,0.0790261004159168
"5474",2008,360,0.0858869640887916
"5475",2008,361,0.0821216714580694
"5476",2008,362,0.0716580518590551
"5477",2008,363,0.0641979896892284
"5478",2008,364,0.0686344756891396
"5479",2008,365,0.0758936425252271
"5480",2009,1,0.080802932099403
"5481",2009,2,0.0806893411642044
"5482",2009,3,0.0871681688827323
"5483",2009,4,0.0726549278679832
"5484",2009,5,0.066534792947361
"5485",2009,6,0.0696760974380995
"5486",2009,7,0.0761050814497138
"5487",2009,8,0.0881721239246623
"5488",2009,9,0.0941671458729753
"5489",2009,10,0.0733158268318255
"5490",2009,11,0.0708815198002306
"5491",2009,12,0.0786959044759809
"5492",2009,13,0.0746889254399629
"5493",2009,14,0.0807097188814808
"5494",2009,15,0.0831023026215494
"5495",2009,16,0.0877720260567343
"5496",2009,17,0.0980331374300127
"5497",2009,18,0.0994594230973701
"5498",2009,19,0.103060000539064
"5499",2009,20,0.100327485358827
"5500",2009,21,0.108905441701296
"5501",2009,22,0.119858897524169
"5502",2009,23,0.131447970256275
"5503",2009,24,0.112996466478608
"5504",2009,25,0.131445748676798
"5505",2009,26,0.13544098677864
"5506",2009,27,0.123565761885394
"5507",2009,28,0.109527062624178
"5508",2009,29,0.105378539296801
"5509",2009,30,0.109258054573812
"5510",2009,31,0.116573134944491
"5511",2009,32,0.125030450245851
"5512",2009,33,0.116431559014569
"5513",2009,34,0.129832086658896
"5514",2009,35,0.139170794551521
"5515",2009,36,0.15372972603923
"5516",2009,37,0.169908757776914
"5517",2009,38,0.174387240694354
"5518",2009,39,0.168254305775331
"5519",2009,40,0.154662134809197
"5520",2009,41,0.156975984405423
"5521",2009,42,0.148971453386929
"5522",2009,43,0.175042979256843
"5523",2009,44,0.179666456928579
"5524",2009,45,0.168197686907613
"5525",2009,46,0.165209742885012
"5526",2009,47,0.177535736904276
"5527",2009,48,0.201714608634215
"5528",2009,49,0.191122593673357
"5529",2009,50,0.178673801078805
"5530",2009,51,0.178767174598976
"5531",2009,52,0.166279847746927
"5532",2009,53,0.180857705503009
"5533",2009,54,0.220439031202094
"5534",2009,55,0.254156235777164
"5535",2009,56,0.263885717055969
"5536",2009,57,0.266829559929929
"5537",2009,58,0.252027144675839
"5538",2009,59,0.18853344685528
"5539",2009,60,0.19653632687254
"5540",2009,61,0.242431998848836
"5541",2009,62,0.269942909140133
"5542",2009,63,0.28016401446479
"5543",2009,64,0.283875943907538
"5544",2009,65,0.28662514436356
"5545",2009,66,0.281083783324857
"5546",2009,67,0.284251374100939
"5547",2009,68,0.275737881080451
"5548",2009,69,0.259892407286673
"5549",2009,70,0.221796007126591
"5550",2009,71,0.205049896630582
"5551",2009,72,0.212645162714869
"5552",2009,73,0.221280990099879
"5553",2009,74,0.248056011444664
"5554",2009,75,0.276134777092847
"5555",2009,76,0.302822668712326
"5556",2009,77,0.317404889754122
"5557",2009,78,0.315445614532942
"5558",2009,79,0.332357082137415
"5559",2009,80,0.341127056762899
"5560",2009,81,0.360597056451555
"5561",2009,82,0.357005785272131
"5562",2009,83,0.327255384819051
"5563",2009,84,0.331382867504854
"5564",2009,85,0.333686439881255
"5565",2009,86,0.28415868801941
"5566",2009,87,0.282400780186627
"5567",2009,88,0.333050259683735
"5568",2009,89,0.352267760789312
"5569",2009,90,0.340798002688197
"5570",2009,91,0.353696202507287
"5571",2009,92,0.36360756926942
"5572",2009,93,0.380167400820911
"5573",2009,94,0.402322355464458
"5574",2009,95,0.356989390624677
"5575",2009,96,0.33355316543048
"5576",2009,97,0.366949218393271
"5577",2009,98,0.41253727000699
"5578",2009,99,0.4339744740211
"5579",2009,100,0.426045611010246
"5580",2009,101,0.440083222218962
"5581",2009,102,0.39966751902508
"5582",2009,103,0.408154417877516
"5583",2009,104,0.450233910454714
"5584",2009,105,0.471359333171918
"5585",2009,106,0.457840321958268
"5586",2009,107,0.414128387441085
"5587",2009,108,0.409269068565156
"5588",2009,109,0.41833581680049
"5589",2009,110,0.451265335743799
"5590",2009,111,0.480520848537327
"5591",2009,112,0.520861857021003
"5592",2009,113,0.531300664489382
"5593",2009,114,0.520262568420112
"5594",2009,115,0.531786415309731
"5595",2009,116,0.537020396168807
"5596",2009,117,0.519607329203605
"5597",2009,118,0.532398190699058
"5598",2009,119,0.56361246924486
"5599",2009,120,0.555698313378114
"5600",2009,121,0.572458098783551
"5601",2009,122,0.574561265280678
"5602",2009,123,0.577869399638907
"5603",2009,124,0.569437674490067
"5604",2009,125,0.587913491365579
"5605",2009,126,0.605423397048152
"5606",2009,127,0.615623775837865
"5607",2009,128,0.628829568042222
"5608",2009,129,0.594801515023924
"5609",2009,130,0.618327097967623
"5610",2009,131,0.601184643068595
"5611",2009,132,0.620474197846256
"5612",2009,133,0.624054342984093
"5613",2009,134,0.610179831756593
"5614",2009,135,0.619465650331706
"5615",2009,136,0.564084396851085
"5616",2009,137,0.555424971519674
"5617",2009,138,0.578458181291797
"5618",2009,139,0.579313832953736
"5619",2009,140,0.575598594436343
"5620",2009,141,0.564053833549114
"5621",2009,142,0.565696733294296
"5622",2009,143,0.558033569481979
"5623",2009,144,0.577934321734504
"5624",2009,145,0.613169205478725
"5625",2009,146,0.603242923854487
"5626",2009,147,0.600460815378015
"5627",2009,148,0.608642213402726
"5628",2009,149,0.606546679175192
"5629",2009,150,0.617214705011403
"5630",2009,151,0.63818338191244
"5631",2009,152,0.656388224647861
"5632",2009,153,0.65014251915597
"5633",2009,154,0.627142956732587
"5634",2009,155,0.647979520827151
"5635",2009,156,0.683259643742035
"5636",2009,157,0.690353455742072
"5637",2009,158,0.69277078273449
"5638",2009,159,0.684190452494182
"5639",2009,160,0.681843217355539
"5640",2009,161,0.68881571673576
"5641",2009,162,0.690176675949295
"5642",2009,163,0.713096684162546
"5643",2009,164,0.730540069453452
"5644",2009,165,0.735101657613793
"5645",2009,166,0.734116125502077
"5646",2009,167,0.736703991054932
"5647",2009,168,0.74859403937806
"5648",2009,169,0.68728215774827
"5649",2009,170,0.644909413749197
"5650",2009,171,0.671490196385331
"5651",2009,172,0.692753353152651
"5652",2009,173,0.702202953477778
"5653",2009,174,0.704035575227252
"5654",2009,175,0.699874754963018
"5655",2009,176,0.703129872505792
"5656",2009,177,0.711970144618325
"5657",2009,178,0.724328944543372
"5658",2009,179,0.711188418665626
"5659",2009,180,0.703319968635854
"5660",2009,181,0.689460604170781
"5661",2009,182,0.680141681521017
"5662",2009,183,0.70564441980196
"5663",2009,184,0.724440962295514
"5664",2009,185,0.726460804003452
"5665",2009,186,0.6899315152985
"5666",2009,187,0.699495533624144
"5667",2009,188,0.712558130831188
"5668",2009,189,0.732019276833446
"5669",2009,190,0.750447870044082
"5670",2009,191,0.733736701089431
"5671",2009,192,0.716822259788534
"5672",2009,193,0.733905587792363
"5673",2009,194,0.747423997812138
"5674",2009,195,0.761001449457145
"5675",2009,196,0.766807295154272
"5676",2009,197,0.75331511129684
"5677",2009,198,0.745912413295286
"5678",2009,199,0.721514052981205
"5679",2009,200,0.726609532230736
"5680",2009,201,0.741997327463823
"5681",2009,202,0.732724322558435
"5682",2009,203,0.700289309506621
"5683",2009,204,0.681281944707478
"5684",2009,205,0.703839499405668
"5685",2009,206,0.72403735304415
"5686",2009,207,0.732661869971935
"5687",2009,208,0.735555422773622
"5688",2009,209,0.730349593986734
"5689",2009,210,0.701236501552959
"5690",2009,211,0.70449163836489
"5691",2009,212,0.676283863658053
"5692",2009,213,0.673972149205408
"5693",2009,214,0.626681029627169
"5694",2009,215,0.673685120477346
"5695",2009,216,0.68124648670164
"5696",2009,217,0.668917193576218
"5697",2009,218,0.676759175729833
"5698",2009,219,0.682902609899999
"5699",2009,220,0.694544959260878
"5700",2009,221,0.679820590837978
"5701",2009,222,0.662613052466911
"5702",2009,223,0.659613639981218
"5703",2009,224,0.645538186398149
"5704",2009,225,0.647933285148767
"5705",2009,226,0.656667347476376
"5706",2009,227,0.661990201296875
"5707",2009,228,0.674702682055701
"5708",2009,229,0.666935548586183
"5709",2009,230,0.642461084216417
"5710",2009,231,0.64213698957983
"5711",2009,232,0.632618092420248
"5712",2009,233,0.611406007038765
"5713",2009,234,0.613989239145113
"5714",2009,235,0.607865597520012
"5715",2009,236,0.615132096374597
"5716",2009,237,0.597707857970592
"5717",2009,238,0.588836631049045
"5718",2009,239,0.579800391638555
"5719",2009,240,0.55134564848581
"5720",2009,241,0.536191738241541
"5721",2009,242,0.539594090542411
"5722",2009,243,0.537457109268816
"5723",2009,244,0.523861743039542
"5724",2009,245,0.527060047870953
"5725",2009,246,0.525561485740429
"5726",2009,247,0.507741462037972
"5727",2009,248,0.48448573633494
"5728",2009,249,0.490337630443021
"5729",2009,250,0.485273357235251
"5730",2009,251,0.487764085276342
"5731",2009,252,0.485001712296633
"5732",2009,253,0.457756002562165
"5733",2009,254,0.443026955980567
"5734",2009,255,0.426015322259044
"5735",2009,256,0.423321751749066
"5736",2009,257,0.434234077591716
"5737",2009,258,0.4499854755179
"5738",2009,259,0.434497760915157
"5739",2009,260,0.404210258921881
"5740",2009,261,0.397061074001144
"5741",2009,262,0.394475372370103
"5742",2009,263,0.409643736761643
"5743",2009,264,0.408230315924835
"5744",2009,265,0.330226766475913
"5745",2009,266,0.320202020478374
"5746",2009,267,0.330688319127081
"5747",2009,268,0.350138289654404
"5748",2009,269,0.363288366729076
"5749",2009,270,0.371426218633828
"5750",2009,271,0.354012682228559
"5751",2009,272,0.355381834253333
"5752",2009,273,0.360335422023515
"5753",2009,274,0.343565896530943
"5754",2009,275,0.324264081367196
"5755",2009,276,0.302795924593357
"5756",2009,277,0.300285392419432
"5757",2009,278,0.322841743383071
"5758",2009,279,0.31469082021071
"5759",2009,280,0.306538942791147
"5760",2009,281,0.297222291786864
"5761",2009,282,0.250158539003885
"5762",2009,283,0.24556047744173
"5763",2009,284,0.24550590798597
"5764",2009,285,0.229640519615802
"5765",2009,286,0.254119211619416
"5766",2009,287,0.260009680150865
"5767",2009,288,0.255809593477183
"5768",2009,289,0.234803801918574
"5769",2009,290,0.207888084312504
"5770",2009,291,0.207738360468825
"5771",2009,292,0.219894228438743
"5772",2009,293,0.219407499696805
"5773",2009,294,0.195911443801192
"5774",2009,295,0.172367058429627
"5775",2009,296,0.168911558096763
"5776",2009,297,0.175888944332278
"5777",2009,298,0.176039828871852
"5778",2009,299,0.136235531930682
"5779",2009,300,0.15332121113607
"5780",2009,301,0.155760555021676
"5781",2009,302,0.113844483400644
"5782",2009,303,0.11788149757609
"5783",2009,304,0.130514779882877
"5784",2009,305,0.141596560797581
"5785",2009,306,0.146345592710217
"5786",2009,307,0.141787957030072
"5787",2009,308,0.146279211678374
"5788",2009,309,0.142673050079544
"5789",2009,310,0.145537775659871
"5790",2009,311,0.141553515204044
"5791",2009,312,0.14062233729295
"5792",2009,313,0.132631853758931
"5793",2009,314,0.124077949827495
"5794",2009,315,0.122713717423262
"5795",2009,316,0.127438716735675
"5796",2009,317,0.128275636061632
"5797",2009,318,0.124349158322048
"5798",2009,319,0.116638286445721
"5799",2009,320,0.0865358362906501
"5800",2009,321,0.0880927684593708
"5801",2009,322,0.100090297252129
"5802",2009,323,0.102948941315897
"5803",2009,324,0.0918078069740697
"5804",2009,325,0.0920100216835155
"5805",2009,326,0.100095265235423
"5806",2009,327,0.0988736976474225
"5807",2009,328,0.0814485970437196
"5808",2009,329,0.0819411483266746
"5809",2009,330,0.0822021511520283
"5810",2009,331,0.0887318673568923
"5811",2009,332,0.0944687243493085
"5812",2009,333,0.0819522865437243
"5813",2009,334,0.0602799309116415
"5814",2009,335,0.0571684828515623
"5815",2009,336,0.0585205590117773
"5816",2009,337,0.0484011069471981
"5817",2009,338,0.0467204450408897
"5818",2009,339,0.0591359502365014
"5819",2009,340,0.0716373462128076
"5820",2009,341,0.0752663940862663
"5821",2009,342,0.0814802447283927
"5822",2009,343,0.0754054140947408
"5823",2009,344,0.0751918160819876
"5824",2009,345,0.0768734615420896
"5825",2009,346,0.0758065629931621
"5826",2009,347,0.0777910853034334
"5827",2009,348,0.0799204952629118
"5828",2009,349,0.0679097872421995
"5829",2009,350,0.0683151648021292
"5830",2009,351,0.070642355080748
"5831",2009,352,0.0714079631932913
"5832",2009,353,0.063271360581895
"5833",2009,354,0.0682317146848239
"5834",2009,355,0.0744173681230957
"5835",2009,356,0.0745309165037867
"5836",2009,357,0.0737701092339199
"5837",2009,358,0.0546608057830443
"5838",2009,359,0.0578026092293258
"5839",2009,360,0.060630309845725
"5840",2009,361,0.0598427594040454
"5841",2009,362,0.0599175510056589
"5842",2009,363,0.0591236857447392
"5843",2009,364,0.0669470169623654
"5844",2009,365,0.0668611246733471
"5845",2010,1,0.0632270676186674
"5846",2010,2,0.0708043098297644
"5847",2010,3,0.0685935649959534
"5848",2010,4,0.0646529386415924
"5849",2010,5,0.0702318433795233
"5850",2010,6,0.0760229499450659
"5851",2010,7,0.0488460621198426
"5852",2010,8,0.0473461172990681
"5853",2010,9,0.0603371828424446
"5854",2010,10,0.0666942879183831
"5855",2010,11,0.0699837059714377
"5856",2010,12,0.0704866115756796
"5857",2010,13,0.0766361075632758
"5858",2010,14,0.0798916792238593
"5859",2010,15,0.0757793210147904
"5860",2010,16,0.0837409238566518
"5861",2010,17,0.0944822808846017
"5862",2010,18,0.10160547902165
"5863",2010,19,0.111772841720935
"5864",2010,20,0.107302042448185
"5865",2010,21,0.104895808833033
"5866",2010,22,0.119215326599156
"5867",2010,23,0.100281088465474
"5868",2010,24,0.0931958659156171
"5869",2010,25,0.098908787801679
"5870",2010,26,0.109234009438771
"5871",2010,27,0.117750273389149
"5872",2010,28,0.114410784952674
"5873",2010,29,0.0938733054791281
"5874",2010,30,0.104551679956199
"5875",2010,31,0.116847187147211
"5876",2010,32,0.129130374677081
"5877",2010,33,0.129049384220578
"5878",2010,34,0.121930546510949
"5879",2010,35,0.12705260677874
"5880",2010,36,0.140756584568332
"5881",2010,37,0.152008121001137
"5882",2010,38,0.159204166120458
"5883",2010,39,0.14054308452124
"5884",2010,40,0.133203387194178
"5885",2010,41,0.130839601038455
"5886",2010,42,0.13739042767232
"5887",2010,43,0.147959116265044
"5888",2010,44,0.159171110448927
"5889",2010,45,0.158193738684808
"5890",2010,46,0.138489306180135
"5891",2010,47,0.144977837117098
"5892",2010,48,0.159661527262368
"5893",2010,49,0.181639166484843
"5894",2010,50,0.194704807864569
"5895",2010,51,0.202745507615456
"5896",2010,52,0.194390283308024
"5897",2010,53,0.189877834584892
"5898",2010,54,0.125756667209432
"5899",2010,55,0.156331644925791
"5900",2010,56,0.184705288180591
"5901",2010,57,0.179809031973808
"5902",2010,58,0.191919990819202
"5903",2010,59,0.216325243539289
"5904",2010,60,0.182404126894262
"5905",2010,61,0.186300417845936
"5906",2010,62,0.214879728269747
"5907",2010,63,0.233323712103555
"5908",2010,64,0.24927142170189
"5909",2010,65,0.241570320073386
"5910",2010,66,0.265408035844027
"5911",2010,67,0.254228466846831
"5912",2010,68,0.239603200435938
"5913",2010,69,0.232554231232299
"5914",2010,70,0.217826761157625
"5915",2010,71,0.233019998314307
"5916",2010,72,0.2574743774681
"5917",2010,73,0.278423677939342
"5918",2010,74,0.242647889937357
"5919",2010,75,0.219906433283191
"5920",2010,76,0.252363947415942
"5921",2010,77,0.267958638516806
"5922",2010,78,0.291770460776854
"5923",2010,79,0.226451447759038
"5924",2010,80,0.237569354381259
"5925",2010,81,0.277107932817569
"5926",2010,82,0.314743768116514
"5927",2010,83,0.312579685124749
"5928",2010,84,0.278854260989413
"5929",2010,85,0.319489590386591
"5930",2010,86,0.325819388230928
"5931",2010,87,0.302972613409071
"5932",2010,88,0.325139921868801
"5933",2010,89,0.360208944038792
"5934",2010,90,0.394460678096858
"5935",2010,91,0.397219430583418
"5936",2010,92,0.353511887833366
"5937",2010,93,0.366243024728957
"5938",2010,94,0.407118807233459
"5939",2010,95,0.433981490956093
"5940",2010,96,0.429885768941878
"5941",2010,97,0.381424200089259
"5942",2010,98,0.37026701244003
"5943",2010,99,0.394095093845227
"5944",2010,100,0.446596866762854
"5945",2010,101,0.459776660518678
"5946",2010,102,0.446558843615236
"5947",2010,103,0.455631762977187
"5948",2010,104,0.448234429173314
"5949",2010,105,0.433922888427082
"5950",2010,106,0.436371251772129
"5951",2010,107,0.421048025007538
"5952",2010,108,0.426868043137916
"5953",2010,109,0.440780103541325
"5954",2010,110,0.449748545414196
"5955",2010,111,0.487131290510737
"5956",2010,112,0.497094042722906
"5957",2010,113,0.437191506794043
"5958",2010,114,0.44342962145469
"5959",2010,115,0.460724738464529
"5960",2010,116,0.484381614771966
"5961",2010,117,0.456987281303935
"5962",2010,118,0.494801387083224
"5963",2010,119,0.544135701567246
"5964",2010,120,0.510467659477431
"5965",2010,121,0.41211570114846
"5966",2010,122,0.436945406689969
"5967",2010,123,0.461138266222096
"5968",2010,124,0.506947596889305
"5969",2010,125,0.554093909315389
"5970",2010,126,0.581525764733438
"5971",2010,127,0.569407010496164
"5972",2010,128,0.529249968171534
"5973",2010,129,0.588775504786599
"5974",2010,130,0.609454881945279
"5975",2010,131,0.579321879155718
"5976",2010,132,0.591960061224542
"5977",2010,133,0.564999802609313
"5978",2010,134,0.598595153442003
"5979",2010,135,0.590156165937111
"5980",2010,136,0.585865573678708
"5981",2010,137,0.608260835284425
"5982",2010,138,0.608585968145871
"5983",2010,139,0.609061100086
"5984",2010,140,0.620940838429938
"5985",2010,141,0.639200451095067
"5986",2010,142,0.685422277842688
"5987",2010,143,0.658991064855845
"5988",2010,144,0.652291094809667
"5989",2010,145,0.637823715110575
"5990",2010,146,0.631773099894661
"5991",2010,147,0.642262803749098
"5992",2010,148,0.636821493870916
"5993",2010,149,0.653775803989034
"5994",2010,150,0.652790976160171
"5995",2010,151,0.656510954512233
"5996",2010,152,0.666367447204592
"5997",2010,153,0.661256509663066
"5998",2010,154,0.669421020341898
"5999",2010,155,0.697554182237828
"6000",2010,156,0.727242320678086
"6001",2010,157,0.750017622984265
"6002",2010,158,0.721594438219698
"6003",2010,159,0.699875626249509
"6004",2010,160,0.723044709487736
"6005",2010,161,0.723436405059231
"6006",2010,162,0.72458177372244
"6007",2010,163,0.733128060160052
"6008",2010,164,0.721289191031461
"6009",2010,165,0.723077954058474
"6010",2010,166,0.71333905711497
"6011",2010,167,0.706728330387679
"6012",2010,168,0.725203797718585
"6013",2010,169,0.721489987090519
"6014",2010,170,0.717221513869062
"6015",2010,171,0.738047218880055
"6016",2010,172,0.753166978648581
"6017",2010,173,0.753239634441163
"6018",2010,174,0.745157775329324
"6019",2010,175,0.711249832380692
"6020",2010,176,0.722066879410745
"6021",2010,177,0.733115193595325
"6022",2010,178,0.710706597316035
"6023",2010,179,0.683280239617715
"6024",2010,180,0.673788521914634
"6025",2010,181,0.666164454993763
"6026",2010,182,0.67264578806563
"6027",2010,183,0.655576908217398
"6028",2010,184,0.679637358415672
"6029",2010,185,0.712284895470572
"6030",2010,186,0.716168564839947
"6031",2010,187,0.695005219856103
"6032",2010,188,0.668035828439034
"6033",2010,189,0.670939707974693
"6034",2010,190,0.654671631038886
"6035",2010,191,0.686478284133743
"6036",2010,192,0.708772606286884
"6037",2010,193,0.72090309164457
"6038",2010,194,0.742381433292484
"6039",2010,195,0.762993004289157
"6040",2010,196,0.733547618072017
"6041",2010,197,0.72198013215581
"6042",2010,198,0.711907324327093
"6043",2010,199,0.717852555139331
"6044",2010,200,0.723283134088673
"6045",2010,201,0.726420298482297
"6046",2010,202,0.716856143560779
"6047",2010,203,0.707941421329527
"6048",2010,204,0.696199039212699
"6049",2010,205,0.669512051743363
"6050",2010,206,0.65838866588819
"6051",2010,207,0.662280159705614
"6052",2010,208,0.668221796686078
"6053",2010,209,0.676716443066154
"6054",2010,210,0.672657360107401
"6055",2010,211,0.662008714631144
"6056",2010,212,0.684484349668363
"6057",2010,213,0.687167780592402
"6058",2010,214,0.689464712152136
"6059",2010,215,0.687164056226154
"6060",2010,216,0.691368201026905
"6061",2010,217,0.6856498917818
"6062",2010,218,0.678947235031214
"6063",2010,219,0.691958923268615
"6064",2010,220,0.680561395652413
"6065",2010,221,0.666584425874327
"6066",2010,222,0.667352416416099
"6067",2010,223,0.670388798550396
"6068",2010,224,0.672641833037674
"6069",2010,225,0.674516728313701
"6070",2010,226,0.662547483147234
"6071",2010,227,0.664708877515638
"6072",2010,228,0.650186757668341
"6073",2010,229,0.659868188552564
"6074",2010,230,0.651196095780238
"6075",2010,231,0.648049217494803
"6076",2010,232,0.65124129201454
"6077",2010,233,0.633673448303029
"6078",2010,234,0.617796756751396
"6079",2010,235,0.625766868651092
"6080",2010,236,0.600962678206881
"6081",2010,237,0.533452852435272
"6082",2010,238,0.54008533799544
"6083",2010,239,0.555523136136832
"6084",2010,240,0.563308035641261
"6085",2010,241,0.573211422537316
"6086",2010,242,0.577024539591975
"6087",2010,243,0.550209718151242
"6088",2010,244,0.548841603831303
"6089",2010,245,0.550117544653901
"6090",2010,246,0.499465956456959
"6091",2010,247,0.490498507476608
"6092",2010,248,0.503697892662682
"6093",2010,249,0.512787765122562
"6094",2010,250,0.493958782874389
"6095",2010,251,0.489764927121152
"6096",2010,252,0.499953865851287
"6097",2010,253,0.498816464604491
"6098",2010,254,0.48134285441386
"6099",2010,255,0.475644973299499
"6100",2010,256,0.484102705889925
"6101",2010,257,0.479380481103339
"6102",2010,258,0.478041003617728
"6103",2010,259,0.457548790940787
"6104",2010,260,0.422230141754875
"6105",2010,261,0.423219228423304
"6106",2010,262,0.413527590685072
"6107",2010,263,0.40624311686892
"6108",2010,264,0.413780073310681
"6109",2010,265,0.411668736805767
"6110",2010,266,0.411144258731919
"6111",2010,267,0.378038852259363
"6112",2010,268,0.376563780756169
"6113",2010,269,0.342374615214169
"6114",2010,270,0.333496915550709
"6115",2010,271,0.34217706369669
"6116",2010,272,0.350915595622677
"6117",2010,273,0.344938564295123
"6118",2010,274,0.326728015834437
"6119",2010,275,0.324482589548279
"6120",2010,276,0.306618926609277
"6121",2010,277,0.303006488864744
"6122",2010,278,0.299531876315793
"6123",2010,279,0.288972820514256
"6124",2010,280,0.277017692671863
"6125",2010,281,0.271585477769949
"6126",2010,282,0.273066076126387
"6127",2010,283,0.271693469929252
"6128",2010,284,0.256449839414872
"6129",2010,285,0.250141856262522
"6130",2010,286,0.239941248604949
"6131",2010,287,0.227446723323341
"6132",2010,288,0.224364066271315
"6133",2010,289,0.224377493295431
"6134",2010,290,0.231703251061037
"6135",2010,291,0.225758789755682
"6136",2010,292,0.21535340236695
"6137",2010,293,0.214858090953305
"6138",2010,294,0.214114233297001
"6139",2010,295,0.18734280522601
"6140",2010,296,0.181114374590005
"6141",2010,297,0.177222018298852
"6142",2010,298,0.188403484297296
"6143",2010,299,0.181391591067069
"6144",2010,300,0.17937319460476
"6145",2010,301,0.16368278399525
"6146",2010,302,0.159511222028963
"6147",2010,303,0.171259587987377
"6148",2010,304,0.183607613277043
"6149",2010,305,0.166379328630701
"6150",2010,306,0.143140395311709
"6151",2010,307,0.13113332725073
"6152",2010,308,0.125288004575248
"6153",2010,309,0.125642147286112
"6154",2010,310,0.131119170182444
"6155",2010,311,0.134792182971959
"6156",2010,312,0.137905985099423
"6157",2010,313,0.131922061008211
"6158",2010,314,0.12115103332565
"6159",2010,315,0.126437798138291
"6160",2010,316,0.107102790512605
"6161",2010,317,0.100498944853445
"6162",2010,318,0.103419805943992
"6163",2010,319,0.101009786659606
"6164",2010,320,0.0955057399397526
"6165",2010,321,0.101027197729413
"6166",2010,322,0.0927684712401882
"6167",2010,323,0.104114207026895
"6168",2010,324,0.110985420127768
"6169",2010,325,0.116130778127919
"6170",2010,326,0.111867371418873
"6171",2010,327,0.0996051973218107
"6172",2010,328,0.106234310050134
"6173",2010,329,0.101841367823411
"6174",2010,330,0.0739197273626117
"6175",2010,331,0.0742637527334305
"6176",2010,332,0.0871085166431016
"6177",2010,333,0.077230458950512
"6178",2010,334,0.0623624598733633
"6179",2010,335,0.0673404630114119
"6180",2010,336,0.0831441269944868
"6181",2010,337,0.088823881899113
"6182",2010,338,0.0856063427841085
"6183",2010,339,0.0734760103150334
"6184",2010,340,0.0741876473171857
"6185",2010,341,0.0820692075910881
"6186",2010,342,0.0710529175065331
"6187",2010,343,0.0791609959143816
"6188",2010,344,0.0853241036915131
"6189",2010,345,0.0842383822172489
"6190",2010,346,0.067421054434415
"6191",2010,347,0.0716794332093388
"6192",2010,348,0.0806997954249066
"6193",2010,349,0.0852340781489393
"6194",2010,350,0.0786015167500093
"6195",2010,351,0.0672495768217841
"6196",2010,352,0.0711667821245463
"6197",2010,353,0.0828868148324083
"6198",2010,354,0.0866616854809872
"6199",2010,355,0.0894366165205983
"6200",2010,356,0.087026766606866
"6201",2010,357,0.0832926810162234
"6202",2010,358,0.0704342505728006
"6203",2010,359,0.0619516036708797
"6204",2010,360,0.0630546959202338
"6205",2010,361,0.0746526270921736
"6206",2010,362,0.0771332090526117
"6207",2010,363,0.0756179460380435
"6208",2010,364,0.0782902260955869
"6209",2010,365,0.0680910473659449
"6210",2010,366,0.0910244013140471
"6211",2011,1,0.0599037901988458
"6212",2011,2,0.0654628288897486
"6213",2011,3,0.0751848623173014
"6214",2011,4,0.0810627332511016
"6215",2011,5,0.0769118657704153
"6216",2011,6,0.0816661329401311
"6217",2011,7,0.087860236705394
"6218",2011,8,0.0844162768742683
"6219",2011,9,0.0802226327563347
"6220",2011,10,0.0820911553936156
"6221",2011,11,0.0645068131509484
"6222",2011,12,0.056998865378921
"6223",2011,13,0.0706168758365496
"6224",2011,14,0.0833708005855965
"6225",2011,15,0.082098074619593
"6226",2011,16,0.0876748599857928
"6227",2011,17,0.0985639567148526
"6228",2011,18,0.108574061617323
"6229",2011,19,0.110695809788392
"6230",2011,20,0.0872483805393849
"6231",2011,21,0.0927545819554599
"6232",2011,22,0.100508200353432
"6233",2011,23,0.0955016984067482
"6234",2011,24,0.0977006213739537
"6235",2011,25,0.0959385922658734
"6236",2011,26,0.0964331988728511
"6237",2011,27,0.101456498164175
"6238",2011,28,0.110505640792902
"6239",2011,29,0.123302104926551
"6240",2011,30,0.131382842123435
"6241",2011,31,0.136276325352073
"6242",2011,32,0.0863174647052894
"6243",2011,33,0.0493660041826755
"6244",2011,34,0.0468651642232007
"6245",2011,35,0.0643425736233462
"6246",2011,36,0.0975039414241793
"6247",2011,37,0.122544530498036
"6248",2011,38,0.117792293433666
"6249",2011,39,0.148223141413736
"6250",2011,40,0.0926350713486736
"6251",2011,41,0.106463990759651
"6252",2011,42,0.131169395624851
"6253",2011,43,0.146889894779213
"6254",2011,44,0.170594213811658
"6255",2011,45,0.194082885733311
"6256",2011,46,0.209307908026156
"6257",2011,47,0.220477310328174
"6258",2011,48,0.22561544145673
"6259",2011,49,0.229355142660328
"6260",2011,50,0.229187520144054
"6261",2011,51,0.235412684771668
"6262",2011,52,0.220255686503069
"6263",2011,53,0.222686334522104
"6264",2011,54,0.228307202105157
"6265",2011,55,0.209253371319395
"6266",2011,56,0.212981173689921
"6267",2011,57,0.227813837639294
"6268",2011,58,0.238111657212739
"6269",2011,59,0.207417375154913
"6270",2011,60,0.226135736829867
"6271",2011,61,0.255109173675768
"6272",2011,62,0.269416135904152
"6273",2011,63,0.274422537265333
"6274",2011,64,0.224825075589084
"6275",2011,65,0.224643569153791
"6276",2011,66,0.266290773540876
"6277",2011,67,0.270902702992212
"6278",2011,68,0.246600924023726
"6279",2011,69,0.253936748289481
"6280",2011,70,0.290416905200382
"6281",2011,71,0.296079917741346
"6282",2011,72,0.303605312443721
"6283",2011,73,0.272872983852847
"6284",2011,74,0.299898296691682
"6285",2011,75,0.323132260395114
"6286",2011,76,0.331476224639039
"6287",2011,77,0.352307322215716
"6288",2011,78,0.351521188150182
"6289",2011,79,0.343566795687948
"6290",2011,80,0.363701785741971
"6291",2011,81,0.364584209467135
"6292",2011,82,0.337743547686045
"6293",2011,83,0.354761528994073
"6294",2011,84,0.354036780672528
"6295",2011,85,0.356844532006268
"6296",2011,86,0.364142880171882
"6297",2011,87,0.374692711106114
"6298",2011,88,0.373755763730763
"6299",2011,89,0.352081714805936
"6300",2011,90,0.387447183498773
"6301",2011,91,0.415119934244128
"6302",2011,92,0.431512407096944
"6303",2011,93,0.446903727546229
"6304",2011,94,0.390873456650981
"6305",2011,95,0.395829264393367
"6306",2011,96,0.446196092919193
"6307",2011,97,0.448472472078866
"6308",2011,98,0.448817393189317
"6309",2011,99,0.471932711647064
"6310",2011,100,0.477070253220619
"6311",2011,101,0.415506751420138
"6312",2011,102,0.429318952372173
"6313",2011,103,0.454270951726119
"6314",2011,104,0.458828791551026
"6315",2011,105,0.441280267206071
"6316",2011,106,0.465443189544623
"6317",2011,107,0.502165668084289
"6318",2011,108,0.518484442043165
"6319",2011,109,0.515520808350444
"6320",2011,110,0.522936007885014
"6321",2011,111,0.537515915878407
"6322",2011,112,0.530978235939708
"6323",2011,113,0.528846376488494
"6324",2011,114,0.521426399816268
"6325",2011,115,0.517460332346191
"6326",2011,116,0.540037134764606
"6327",2011,117,0.500825890349439
"6328",2011,118,0.512391054576623
"6329",2011,119,0.565736438180116
"6330",2011,120,0.578538991300229
"6331",2011,121,0.516934538190469
"6332",2011,122,0.433962648267657
"6333",2011,123,0.44167916841714
"6334",2011,124,0.501461113071304
"6335",2011,125,0.533431286088092
"6336",2011,126,0.569922259838669
"6337",2011,127,0.592083517549177
"6338",2011,128,0.596611974922809
"6339",2011,129,0.603350735841511
"6340",2011,130,0.610167734890828
"6341",2011,131,0.560725879776475
"6342",2011,132,0.547786028699554
"6343",2011,133,0.557718479675367
"6344",2011,134,0.566320711173708
"6345",2011,135,0.574386508606437
"6346",2011,136,0.587396953895518
"6347",2011,137,0.598137770906521
"6348",2011,138,0.599278350928826
"6349",2011,139,0.616887597007722
"6350",2011,140,0.582747505294613
"6351",2011,141,0.579940019193892
"6352",2011,142,0.627480331946558
"6353",2011,143,0.639873653386339
"6354",2011,144,0.636042865791073
"6355",2011,145,0.633827592628009
"6356",2011,146,0.644247674763386
"6357",2011,147,0.67344942359793
"6358",2011,148,0.692749297561953
"6359",2011,149,0.703838949318881
"6360",2011,150,0.705121948404535
"6361",2011,151,0.693577199407295
"6362",2011,152,0.695521045110224
"6363",2011,153,0.702824138048541
"6364",2011,154,0.712085948866996
"6365",2011,155,0.694129612778083
"6366",2011,156,0.683960603333415
"6367",2011,157,0.691201000515509
"6368",2011,158,0.716710944154342
"6369",2011,159,0.740839699883883
"6370",2011,160,0.741374780776743
"6371",2011,161,0.737230047385693
"6372",2011,162,0.724933805636188
"6373",2011,163,0.74401298229761
"6374",2011,164,0.762195775469669
"6375",2011,165,0.759639388207523
"6376",2011,166,0.748744264666601
"6377",2011,167,0.76041716300856
"6378",2011,168,0.75890945022945
"6379",2011,169,0.764288335469264
"6380",2011,170,0.78086248622451
"6381",2011,171,0.76786312123138
"6382",2011,172,0.734311863519488
"6383",2011,173,0.733435837997757
"6384",2011,174,0.739785182878648
"6385",2011,175,0.768366460519228
"6386",2011,176,0.793523777410898
"6387",2011,177,0.79697314100442
"6388",2011,178,0.789840635860993
"6389",2011,179,0.764653496331236
"6390",2011,180,0.761461182854941
"6391",2011,181,0.746123974915649
"6392",2011,182,0.727300940908243
"6393",2011,183,0.732303870845544
"6394",2011,184,0.722501401359937
"6395",2011,185,0.731507084993229
"6396",2011,186,0.727826583618595
"6397",2011,187,0.732857926648213
"6398",2011,188,0.738326340655679
"6399",2011,189,0.74809779405466
"6400",2011,190,0.747748261345969
"6401",2011,191,0.749065257828885
"6402",2011,192,0.745574753849791
"6403",2011,193,0.739287157909669
"6404",2011,194,0.755931991837996
"6405",2011,195,0.744500461943565
"6406",2011,196,0.750664295572171
"6407",2011,197,0.751500076491073
"6408",2011,198,0.74685095512752
"6409",2011,199,0.741517003803529
"6410",2011,200,0.738300086485406
"6411",2011,201,0.752063328423572
"6412",2011,202,0.746602970533223
"6413",2011,203,0.73722822049782
"6414",2011,204,0.70118640027891
"6415",2011,205,0.713553865939304
"6416",2011,206,0.727948916300991
"6417",2011,207,0.74123514968163
"6418",2011,208,0.741915877324332
"6419",2011,209,0.734804574767524
"6420",2011,210,0.701514863477555
"6421",2011,211,0.691787749838676
"6422",2011,212,0.697662692857459
"6423",2011,213,0.707872595393153
"6424",2011,214,0.724305623829721
"6425",2011,215,0.723817509767392
"6426",2011,216,0.724644620367313
"6427",2011,217,0.735589103784036
"6428",2011,218,0.737092354548568
"6429",2011,219,0.718996983191237
"6430",2011,220,0.72265669542209
"6431",2011,221,0.721804340244664
"6432",2011,222,0.713839150113446
"6433",2011,223,0.705949913678209
"6434",2011,224,0.670591763305347
"6435",2011,225,0.653686017183209
"6436",2011,226,0.645949907302741
"6437",2011,227,0.659753753421634
"6438",2011,228,0.67090695924397
"6439",2011,229,0.667623577957492
"6440",2011,230,0.666927772980724
"6441",2011,231,0.666071664662214
"6442",2011,232,0.661377979311391
"6443",2011,233,0.650123822014918
"6444",2011,234,0.628516370604804
"6445",2011,235,0.639058463913015
"6446",2011,236,0.638976212248667
"6447",2011,237,0.624537438375016
"6448",2011,238,0.608141795716112
"6449",2011,239,0.594503611565781
"6450",2011,240,0.590074639176281
"6451",2011,241,0.610884955810701
"6452",2011,242,0.622751026109952
"6453",2011,243,0.597687938383933
"6454",2011,244,0.563914326935658
"6455",2011,245,0.56710123978997
"6456",2011,246,0.56492425727456
"6457",2011,247,0.512576525499381
"6458",2011,248,0.481472298886618
"6459",2011,249,0.481816151784088
"6460",2011,250,0.479629595502799
"6461",2011,251,0.47588620924403
"6462",2011,252,0.486328058899463
"6463",2011,253,0.485915103909149
"6464",2011,254,0.481377458834518
"6465",2011,255,0.494864371907454
"6466",2011,256,0.495994585225604
"6467",2011,257,0.490822495731428
"6468",2011,258,0.437057146941521
"6469",2011,259,0.435631556613266
"6470",2011,260,0.434907561877947
"6471",2011,261,0.437505399876522
"6472",2011,262,0.421205521945749
"6473",2011,263,0.419737230690845
"6474",2011,264,0.414482498494704
"6475",2011,265,0.384776429016105
"6476",2011,266,0.374849670502042
"6477",2011,267,0.390410371281281
"6478",2011,268,0.40211938340049
"6479",2011,269,0.404464911086307
"6480",2011,270,0.39185139255685
"6481",2011,271,0.379975356495182
"6482",2011,272,0.358354951961776
"6483",2011,273,0.324543909802743
"6484",2011,274,0.318714038080919
"6485",2011,275,0.323958776443049
"6486",2011,276,0.317284454407069
"6487",2011,277,0.30473738451579
"6488",2011,278,0.300236868232303
"6489",2011,279,0.306825766656351
"6490",2011,280,0.308942334755748
"6491",2011,281,0.272197331241749
"6492",2011,282,0.241426139811087
"6493",2011,283,0.247133027645416
"6494",2011,284,0.257982029318449
"6495",2011,285,0.251689576743757
"6496",2011,286,0.241926967323511
"6497",2011,287,0.251641468651163
"6498",2011,288,0.245568106115936
"6499",2011,289,0.246095042777226
"6500",2011,290,0.243154367555686
"6501",2011,291,0.192348541281059
"6502",2011,292,0.180468099826625
"6503",2011,293,0.20725087582837
"6504",2011,294,0.216184787523138
"6505",2011,295,0.221717853119828
"6506",2011,296,0.203517225305569
"6507",2011,297,0.202322452308076
"6508",2011,298,0.215589209878404
"6509",2011,299,0.209024594417186
"6510",2011,300,0.149592865910837
"6511",2011,301,0.132367310625424
"6512",2011,302,0.141964874781662
"6513",2011,303,0.157069654874099
"6514",2011,304,0.155748783658767
"6515",2011,305,0.170007302237856
"6516",2011,306,0.159217528515219
"6517",2011,307,0.114602614204839
"6518",2011,308,0.139248254963884
"6519",2011,309,0.150552058382241
"6520",2011,310,0.134550369948971
"6521",2011,311,0.141871043242929
"6522",2011,312,0.115514462706431
"6523",2011,313,0.0969595031669657
"6524",2011,314,0.0954979116609834
"6525",2011,315,0.104079181799461
"6526",2011,316,0.121244653622471
"6527",2011,317,0.129127246002082
"6528",2011,318,0.119301210216818
"6529",2011,319,0.111584215988932
"6530",2011,320,0.10820266057028
"6531",2011,321,0.0957573207756712
"6532",2011,322,0.109806084012025
"6533",2011,323,0.110964421513833
"6534",2011,324,0.116070029042544
"6535",2011,325,0.115672069950192
"6536",2011,326,0.101955837197139
"6537",2011,327,0.096657678702769
"6538",2011,328,0.105768264642135
"6539",2011,329,0.0990881936161485
"6540",2011,330,0.076819408801798
"6541",2011,331,0.0676687651969562
"6542",2011,332,0.0783221020732131
"6543",2011,333,0.0822716810877794
"6544",2011,334,0.0807459244812299
"6545",2011,335,0.0910956831410806
"6546",2011,336,0.0664553157555462
"6547",2011,337,0.0793064958185738
"6548",2011,338,0.0706892599226961
"6549",2011,339,0.0560299860372109
"6550",2011,340,0.0448249789707849
"6551",2011,341,0.0580794567849574
"6552",2011,342,0.0680188060452946
"6553",2011,343,0.0659228771315232
"6554",2011,344,0.0558950956820084
"6555",2011,345,0.0619559672121905
"6556",2011,346,0.0741392083167234
"6557",2011,347,0.0848978326178389
"6558",2011,348,0.077695978439327
"6559",2011,349,0.0709187725559388
"6560",2011,350,0.0572356413988789
"6561",2011,351,0.0614414040326527
"6562",2011,352,0.0705248344157551
"6563",2011,353,0.0665201069641659
"6564",2011,354,0.0598509991032533
"6565",2011,355,0.0646432556654932
"6566",2011,356,0.0624756591307257
"6567",2011,357,0.043478406137941
"6568",2011,358,0.0411018758768566
"6569",2011,359,0.0431124906327753
"6570",2011,360,0.0542628066533321
"6571",2011,361,0.0657646000144956
"6572",2011,362,0.0732583451162496
"6573",2011,363,0.0802552055098733
"6574",2011,364,0.0861270981769485
"6575",2011,365,0.0910821650653491
"6576",2012,1,0.0722565211736029
"6577",2012,2,0.0682792956017454
"6578",2012,3,0.0800971360933689
"6579",2012,4,0.0792235863585062
"6580",2012,5,0.0758633911265247
"6581",2012,6,0.0817129556933707
"6582",2012,7,0.0801173769699024
"6583",2012,8,0.0875936425030625
"6584",2012,9,0.0664558606091526
"6585",2012,10,0.0719058389693832
"6586",2012,11,0.08410332390292
"6587",2012,12,0.0649591309355952
"6588",2012,13,0.0739710810608424
"6589",2012,14,0.0808466323650471
"6590",2012,15,0.09465540765833
"6591",2012,16,0.107245042426888
"6592",2012,17,0.103372326295508
"6593",2012,18,0.102884776140131
"6594",2012,19,0.11040358655965
"6595",2012,20,0.120053719282913
"6596",2012,21,0.117096688540054
"6597",2012,22,0.115109846703542
"6598",2012,23,0.115472319139805
"6599",2012,24,0.116810367881323
"6600",2012,25,0.0939635268146291
"6601",2012,26,0.108273737654488
"6602",2012,27,0.127289875141735
"6603",2012,28,0.107388126132995
"6604",2012,29,0.115575434745893
"6605",2012,30,0.129989540656215
"6606",2012,31,0.143454686993814
"6607",2012,32,0.142937119113089
"6608",2012,33,0.15247351149495
"6609",2012,34,0.149023559733448
"6610",2012,35,0.122907032679765
"6611",2012,36,0.117663862923212
"6612",2012,37,0.135240735051166
"6613",2012,38,0.142227273222866
"6614",2012,39,0.135409330216945
"6615",2012,40,0.154740516871685
"6616",2012,41,0.154469421940915
"6617",2012,42,0.154055064459535
"6618",2012,43,0.130894529627443
"6619",2012,44,0.158218691996222
"6620",2012,45,0.176129193491304
"6621",2012,46,0.173906255133057
"6622",2012,47,0.179442819692324
"6623",2012,48,0.175154278316807
"6624",2012,49,0.17602906592246
"6625",2012,50,0.17870349562631
"6626",2012,51,0.190814145423021
"6627",2012,52,0.197877019006224
"6628",2012,53,0.207306431121624
"6629",2012,54,0.235818575063608
"6630",2012,55,0.180455875154844
"6631",2012,56,0.184798613460922
"6632",2012,57,0.231439390744467
"6633",2012,58,0.23211009929579
"6634",2012,59,0.265705863174671
"6635",2012,60,0.240788883985707
"6636",2012,61,0.24331885659144
"6637",2012,62,0.252367994414336
"6638",2012,63,0.204448333953659
"6639",2012,64,0.22316143566392
"6640",2012,65,0.248044265746688
"6641",2012,66,0.263523311742041
"6642",2012,67,0.290350728249246
"6643",2012,68,0.240203365668051
"6644",2012,69,0.171265658500278
"6645",2012,70,0.213268432854629
"6646",2012,71,0.228809338775203
"6647",2012,72,0.265626162319433
"6648",2012,73,0.298846052906619
"6649",2012,74,0.3112826645861
"6650",2012,75,0.322628513530461
"6651",2012,76,0.328368166057008
"6652",2012,77,0.332993135237
"6653",2012,78,0.345832069775238
"6654",2012,79,0.297005668439598
"6655",2012,80,0.236566672223269
"6656",2012,81,0.259609826041974
"6657",2012,82,0.306305320834362
"6658",2012,83,0.344860499149541
"6659",2012,84,0.372186353549777
"6660",2012,85,0.387897660208696
"6661",2012,86,0.403981622639806
"6662",2012,87,0.398891007280037
"6663",2012,88,0.384257225460377
"6664",2012,89,0.392882936538382
"6665",2012,90,0.401991424931041
"6666",2012,91,0.407594817881032
"6667",2012,92,0.421715768949327
"6668",2012,93,0.394804690209182
"6669",2012,94,0.365142723422273
"6670",2012,95,0.373880254376375
"6671",2012,96,0.41860448036078
"6672",2012,97,0.444445217071777
"6673",2012,98,0.449554042699251
"6674",2012,99,0.429589792937202
"6675",2012,100,0.464008513684748
"6676",2012,101,0.463540019481263
"6677",2012,102,0.473316108576357
"6678",2012,103,0.481527865392496
"6679",2012,104,0.478006015452838
"6680",2012,105,0.488877269528866
"6681",2012,106,0.425717729496162
"6682",2012,107,0.432404767890957
"6683",2012,108,0.452156764234882
"6684",2012,109,0.497065208179492
"6685",2012,110,0.523513916249174
"6686",2012,111,0.498217522623566
"6687",2012,112,0.510644101528834
"6688",2012,113,0.536457941393897
"6689",2012,114,0.538171272402761
"6690",2012,115,0.56047847884373
"6691",2012,116,0.582911088518504
"6692",2012,117,0.588060414861282
"6693",2012,118,0.574082011131685
"6694",2012,119,0.566830253576965
"6695",2012,120,0.563750254548055
"6696",2012,121,0.576385308396745
"6697",2012,122,0.580722865046464
"6698",2012,123,0.58722524885824
"6699",2012,124,0.592427696051568
"6700",2012,125,0.596369400380596
"6701",2012,126,0.591109940242924
"6702",2012,127,0.584446450392081
"6703",2012,128,0.58317821728824
"6704",2012,129,0.503039128955273
"6705",2012,130,0.466492601719667
"6706",2012,131,0.497604576760601
"6707",2012,132,0.522724538668724
"6708",2012,133,0.525911696345667
"6709",2012,134,0.550223188971211
"6710",2012,135,0.529675280606215
"6711",2012,136,0.510936974784389
"6712",2012,137,0.54307347387014
"6713",2012,138,0.581509646060773
"6714",2012,139,0.639152875896673
"6715",2012,140,0.647628817344565
"6716",2012,141,0.626911292952745
"6717",2012,142,0.616846296889474
"6718",2012,143,0.648095988084787
"6719",2012,144,0.669222626253823
"6720",2012,145,0.683872796199096
"6721",2012,146,0.676979245802365
"6722",2012,147,0.670696441255008
"6723",2012,148,0.657983892045338
"6724",2012,149,0.676046123309009
"6725",2012,150,0.689833335767659
"6726",2012,151,0.687741598996877
"6727",2012,152,0.657070506229363
"6728",2012,153,0.661611047810771
"6729",2012,154,0.691137416632404
"6730",2012,155,0.709964364321947
"6731",2012,156,0.71088696967224
"6732",2012,157,0.676115221923288
"6733",2012,158,0.701161978268401
"6734",2012,159,0.72442162809504
"6735",2012,160,0.700975877917357
"6736",2012,161,0.725183089075766
"6737",2012,162,0.722440637332729
"6738",2012,163,0.722722751766388
"6739",2012,164,0.73424716133408
"6740",2012,165,0.734655254647139
"6741",2012,166,0.737171308152415
"6742",2012,167,0.723688222055329
"6743",2012,168,0.691496050075272
"6744",2012,169,0.700173121734897
"6745",2012,170,0.74801489124552
"6746",2012,171,0.77101554755556
"6747",2012,172,0.763686785999012
"6748",2012,173,0.737934061688624
"6749",2012,174,0.708117755229996
"6750",2012,175,0.708088042021633
"6751",2012,176,0.721958337193059
"6752",2012,177,0.73788357122843
"6753",2012,178,0.748887966791492
"6754",2012,179,0.763372193104699
"6755",2012,180,0.765673235569938
"6756",2012,181,0.753076856262846
"6757",2012,182,0.75781165261491
"6758",2012,183,0.723853423572276
"6759",2012,184,0.708302009156453
"6760",2012,185,0.720434695293717
"6761",2012,186,0.69105008677656
"6762",2012,187,0.672401812628241
"6763",2012,188,0.689383200890244
"6764",2012,189,0.706140166619552
"6765",2012,190,0.719564764455381
"6766",2012,191,0.714799971573439
"6767",2012,192,0.697048223107825
"6768",2012,193,0.677617900503203
"6769",2012,194,0.695777188007934
"6770",2012,195,0.695753841852645
"6771",2012,196,0.712756409017083
"6772",2012,197,0.711519509987524
"6773",2012,198,0.726048420573699
"6774",2012,199,0.721655114579428
"6775",2012,200,0.692933774784929
"6776",2012,201,0.676967805131738
"6777",2012,202,0.686376934863404
"6778",2012,203,0.702024187384846
"6779",2012,204,0.71227505685413
"6780",2012,205,0.71847931697504
"6781",2012,206,0.708682784489896
"6782",2012,207,0.709922072928065
"6783",2012,208,0.690750176810344
"6784",2012,209,0.644975423771452
"6785",2012,210,0.674423990671885
"6786",2012,211,0.68923753894682
"6787",2012,212,0.697176794426672
"6788",2012,213,0.713013373710334
"6789",2012,214,0.72624230679501
"6790",2012,215,0.737560461831251
"6791",2012,216,0.736599813232724
"6792",2012,217,0.727521317107347
"6793",2012,218,0.679837508680314
"6794",2012,219,0.677962309557918
"6795",2012,220,0.691341068781673
"6796",2012,221,0.690674401252494
"6797",2012,222,0.676285764511048
"6798",2012,223,0.673666387145775
"6799",2012,224,0.681443786590193
"6800",2012,225,0.701394684634533
"6801",2012,226,0.67766648712162
"6802",2012,227,0.676708670929349
"6803",2012,228,0.677752837638513
"6804",2012,229,0.661590038708061
"6805",2012,230,0.630897784662061
"6806",2012,231,0.598190897479346
"6807",2012,232,0.596672304637401
"6808",2012,233,0.600489902981678
"6809",2012,234,0.608904196789249
"6810",2012,235,0.616903513523401
"6811",2012,236,0.612891593799987
"6812",2012,237,0.600688738496165
"6813",2012,238,0.591663163327347
"6814",2012,239,0.582346445083306
"6815",2012,240,0.555652432002856
"6816",2012,241,0.53576956443973
"6817",2012,242,0.530423948188087
"6818",2012,243,0.525782004716265
"6819",2012,244,0.527691301939123
"6820",2012,245,0.539310827661242
"6821",2012,246,0.551283910791498
"6822",2012,247,0.565312633907711
"6823",2012,248,0.557373285780962
"6824",2012,249,0.556693677131329
"6825",2012,250,0.528699591512135
"6826",2012,251,0.530608072399712
"6827",2012,252,0.455866219623715
"6828",2012,253,0.448594221455022
"6829",2012,254,0.467015642115515
"6830",2012,255,0.486118932006712
"6831",2012,256,0.486817353489565
"6832",2012,257,0.41143986931968
"6833",2012,258,0.363030314993503
"6834",2012,259,0.352396260259398
"6835",2012,260,0.3920538295058
"6836",2012,261,0.414496984662086
"6837",2012,262,0.397033794742166
"6838",2012,263,0.398403782125458
"6839",2012,264,0.407713349254413
"6840",2012,265,0.414241497756997
"6841",2012,266,0.395946056538001
"6842",2012,267,0.367752368986353
"6843",2012,268,0.370072241337536
"6844",2012,269,0.385734308606093
"6845",2012,270,0.383873051606607
"6846",2012,271,0.351877444421313
"6847",2012,272,0.309387772822326
"6848",2012,273,0.292901078831142
"6849",2012,274,0.304636226588943
"6850",2012,275,0.296263899262823
"6851",2012,276,0.296850933887042
"6852",2012,277,0.318488909547919
"6853",2012,278,0.314910493836077
"6854",2012,279,0.304167682894081
"6855",2012,280,0.279096470303792
"6856",2012,281,0.22991740799505
"6857",2012,282,0.246090476263103
"6858",2012,283,0.265409970540583
"6859",2012,284,0.25688177832297
"6860",2012,285,0.265554068014196
"6861",2012,286,0.262406442532165
"6862",2012,287,0.256594102087499
"6863",2012,288,0.222410160735126
"6864",2012,289,0.21732201053152
"6865",2012,290,0.222457029716524
"6866",2012,291,0.237427992630953
"6867",2012,292,0.228190454862198
"6868",2012,293,0.218003651663684
"6869",2012,294,0.221936161249903
"6870",2012,295,0.228316989293464
"6871",2012,296,0.215799501967368
"6872",2012,297,0.216195252519551
"6873",2012,298,0.216946608957908
"6874",2012,299,0.197547068457072
"6875",2012,300,0.137397049029053
"6876",2012,301,0.140868368991061
"6877",2012,302,0.151841722240621
"6878",2012,303,0.162356626375995
"6879",2012,304,0.170415730675525
"6880",2012,305,0.164529233742859
"6881",2012,306,0.161440592266518
"6882",2012,307,0.165744268289793
"6883",2012,308,0.156916119241342
"6884",2012,309,0.148312494038451
"6885",2012,310,0.144643016339394
"6886",2012,311,0.148770975000028
"6887",2012,312,0.149194430233528
"6888",2012,313,0.148999873680328
"6889",2012,314,0.148279678753264
"6890",2012,315,0.146035339491348
"6891",2012,316,0.113611693895031
"6892",2012,317,0.0947425553236938
"6893",2012,318,0.10155310750853
"6894",2012,319,0.106249422367066
"6895",2012,320,0.112459992637085
"6896",2012,321,0.110187994235291
"6897",2012,322,0.11229414783314
"6898",2012,323,0.112120085587194
"6899",2012,324,0.117820819581331
"6900",2012,325,0.111778828976526
"6901",2012,326,0.110709431294281
"6902",2012,327,0.113571760569369
"6903",2012,328,0.0942806626620276
"6904",2012,329,0.0901138075538194
"6905",2012,330,0.101015414661637
"6906",2012,331,0.103254716168838
"6907",2012,332,0.0862189238619278
"6908",2012,333,0.0919145002346359
"6909",2012,334,0.0975340079442904
"6910",2012,335,0.102999894730492
"6911",2012,336,0.105723923647122
"6912",2012,337,0.103354199427944
"6913",2012,338,0.102784762171341
"6914",2012,339,0.0884044520921363
"6915",2012,340,0.0856312879339892
"6916",2012,341,0.0953036938757315
"6917",2012,342,0.0947133211497673
"6918",2012,343,0.0876377622288577
"6919",2012,344,0.083987837687659
"6920",2012,345,0.0577647660031579
"6921",2012,346,0.0606717651329648
"6922",2012,347,0.0652699091116042
"6923",2012,348,0.0733570624985028
"6924",2012,349,0.0822047016371997
"6925",2012,350,0.0778106729894748
"6926",2012,351,0.0716746751483862
"6927",2012,352,0.0698663755955712
"6928",2012,353,0.0861883606102936
"6929",2012,354,0.0842071400953057
"6930",2012,355,0.0581202557574022
"6931",2012,356,0.0629086935302616
"6932",2012,357,0.0758712141687417
"6933",2012,358,0.0810383450074447
"6934",2012,359,0.08055046130948
"6935",2012,360,0.0662664421971132
"6936",2012,361,0.060062257461301
"6937",2012,362,0.0730401144397507
"6938",2012,363,0.0637607093687666
"6939",2012,364,0.0624978036723833
"6940",2012,365,0.0652136776333699
"6941",2013,1,0.0631000717177233
"6942",2013,2,0.0642571538598173
"6943",2013,3,0.0490726649172209
"6944",2013,4,0.0471684850756842
"6945",2013,5,0.057909246807507
"6946",2013,6,0.0625104919890237
"6947",2013,7,0.0697875278459503
"6948",2013,8,0.068855729641261
"6949",2013,9,0.0636241647392377
"6950",2013,10,0.0767822598571049
"6951",2013,11,0.0874647177813714
"6952",2013,12,0.0794606851583833
"6953",2013,13,0.0652542040071534
"6954",2013,14,0.0571906101448825
"6955",2013,15,0.0558414455800491
"6956",2013,16,0.0622507213104504
"6957",2013,17,0.0765983706378136
"6958",2013,18,0.0850046711108978
"6959",2013,19,0.0987479442721098
"6960",2013,20,0.103659535672397
"6961",2013,21,0.101397133385189
"6962",2013,22,0.115796266447243
"6963",2013,23,0.12280241051566
"6964",2013,24,0.131511278913717
"6965",2013,25,0.138290577746685
"6966",2013,26,0.143290528812911
"6967",2013,27,0.145437671459216
"6968",2013,28,0.141757546165147
"6969",2013,29,0.12257103513827
"6970",2013,30,0.103000668183673
"6971",2013,31,0.118053076718967
"6972",2013,32,0.130915159195318
"6973",2013,33,0.135753854969487
"6974",2013,34,0.135823649229792
"6975",2013,35,0.153364899407912
"6976",2013,36,0.155498420195364
"6977",2013,37,0.16147985248666
"6978",2013,38,0.157996952436769
"6979",2013,39,0.155863354213919
"6980",2013,40,0.175744988775567
"6981",2013,41,0.157692296993384
"6982",2013,42,0.160786409172419
"6983",2013,43,0.14756752613853
"6984",2013,44,0.144197238284628
"6985",2013,45,0.160474561130022
"6986",2013,46,0.147755324164325
"6987",2013,47,0.16072210947579
"6988",2013,48,0.178819781329647
"6989",2013,49,0.190878268733006
"6990",2013,50,0.183573200118677
"6991",2013,51,0.207052872509794
"6992",2013,52,0.180162583764559
"6993",2013,53,0.174514654829475
"6994",2013,54,0.186255131247803
"6995",2013,55,0.208214414942017
"6996",2013,56,0.169734909967611
"6997",2013,57,0.185877205878758
"6998",2013,58,0.178594897483156
"6999",2013,59,0.178016336780884
"7000",2013,60,0.188324785078248
"7001",2013,61,0.210833082424379
"7002",2013,62,0.240657080201599
"7003",2013,63,0.256631385879029
"7004",2013,64,0.217784361105289
"7005",2013,65,0.233206359518678
"7006",2013,66,0.270468877045215
"7007",2013,67,0.274551499537249
"7008",2013,68,0.264479897241477
"7009",2013,69,0.215241174604501
"7010",2013,70,0.226811746467757
"7011",2013,71,0.243651537470218
"7012",2013,72,0.2558561958364
"7013",2013,73,0.281420926652347
"7014",2013,74,0.301552132037358
"7015",2013,75,0.314751343831794
"7016",2013,76,0.319056157225113
"7017",2013,77,0.314897582408508
"7018",2013,78,0.313477148558007
"7019",2013,79,0.287307370955945
"7020",2013,80,0.329571287738572
"7021",2013,81,0.347489433629836
"7022",2013,82,0.330606320054236
"7023",2013,83,0.257789663348176
"7024",2013,84,0.255943520359572
"7025",2013,85,0.281457332161609
"7026",2013,86,0.333712190376197
"7027",2013,87,0.373146869326945
"7028",2013,88,0.384590226924182
"7029",2013,89,0.390909107322336
"7030",2013,90,0.402333397628484
"7031",2013,91,0.408482791531878
"7032",2013,92,0.393639189155939
"7033",2013,93,0.344222984445818
"7034",2013,94,0.367481105545284
"7035",2013,95,0.401171701590396
"7036",2013,96,0.428363257536427
"7037",2013,97,0.43260163503933
"7038",2013,98,0.443202118096933
"7039",2013,99,0.453868907929199
"7040",2013,100,0.379165982528025
"7041",2013,101,0.378100487186364
"7042",2013,102,0.418980441956552
"7043",2013,103,0.435965996426428
"7044",2013,104,0.458556269929778
"7045",2013,105,0.481481781345512
"7046",2013,106,0.495982848930206
"7047",2013,107,0.500809680578546
"7048",2013,108,0.430642033681997
"7049",2013,109,0.396507510947882
"7050",2013,110,0.455783824308113
"7051",2013,111,0.476738683038784
"7052",2013,112,0.499975456511415
"7053",2013,113,0.464118535855861
"7054",2013,114,0.404718170668278
"7055",2013,115,0.466464330941886
"7056",2013,116,0.504727878767009
"7057",2013,117,0.504022814996317
"7058",2013,118,0.505083650393146
"7059",2013,119,0.526705251159786
"7060",2013,120,0.560535589755271
"7061",2013,121,0.567384208539558
"7062",2013,122,0.426515198914845
"7063",2013,123,0.411283577679509
"7064",2013,124,0.478311673898566
"7065",2013,125,0.514447553307668
"7066",2013,126,0.545506633478598
"7067",2013,127,0.547400043313541
"7068",2013,128,0.554409919103544
"7069",2013,129,0.568920335854121
"7070",2013,130,0.52732468190053
"7071",2013,131,0.485114803130376
"7072",2013,132,0.510951879992458
"7073",2013,133,0.521785057637114
"7074",2013,134,0.552525670787166
"7075",2013,135,0.577222942903936
"7076",2013,136,0.617624043103572
"7077",2013,137,0.630549506038844
"7078",2013,138,0.620238720895008
"7079",2013,139,0.626493352718025
"7080",2013,140,0.615768217880325
"7081",2013,141,0.609263395427512
"7082",2013,142,0.625307579296174
"7083",2013,143,0.663158862654985
"7084",2013,144,0.62122869512348
"7085",2013,145,0.64819819614168
"7086",2013,146,0.657197428411675
"7087",2013,147,0.68795906844509
"7088",2013,148,0.689659148029898
"7089",2013,149,0.664416140721777
"7090",2013,150,0.660900449315883
"7091",2013,151,0.680477658188501
"7092",2013,152,0.68371374319736
"7093",2013,153,0.667384745980657
"7094",2013,154,0.657271908158149
"7095",2013,155,0.712846167470281
"7096",2013,156,0.729376464936534
"7097",2013,157,0.656684366160237
"7098",2013,158,0.656798751352288
"7099",2013,159,0.685316265036656
"7100",2013,160,0.708728549034984
"7101",2013,161,0.706076716506172
"7102",2013,162,0.709351503638069
"7103",2013,163,0.717095643073512
"7104",2013,164,0.684451397114584
"7105",2013,165,0.646284088724593
"7106",2013,166,0.692416641269598
"7107",2013,167,0.708676358619613
"7108",2013,168,0.725161113440652
"7109",2013,169,0.686573912355121
"7110",2013,170,0.725765622066124
"7111",2013,171,0.74194427737075
"7112",2013,172,0.737044147093654
"7113",2013,173,0.728885093160224
"7114",2013,174,0.746613647100849
"7115",2013,175,0.74943750232828
"7116",2013,176,0.763089442521011
"7117",2013,177,0.775535392966953
"7118",2013,178,0.775636384821643
"7119",2013,179,0.725293677189787
"7120",2013,180,0.74576378364219
"7121",2013,181,0.72685232538274
"7122",2013,182,0.655943590720956
"7123",2013,183,0.662029343811714
"7124",2013,184,0.68906575291256
"7125",2013,185,0.713656002629562
"7126",2013,186,0.739830196677479
"7127",2013,187,0.759458827243131
"7128",2013,188,0.743552755997024
"7129",2013,189,0.728216087499526
"7130",2013,190,0.724830994769597
"7131",2013,191,0.73812425666231
"7132",2013,192,0.736409809046571
"7133",2013,193,0.732189128154504
"7134",2013,194,0.738916528443177
"7135",2013,195,0.740543811395755
"7136",2013,196,0.650093515497439
"7137",2013,197,0.615393329953205
"7138",2013,198,0.628780974757311
"7139",2013,199,0.642251277210621
"7140",2013,200,0.662529159245054
"7141",2013,201,0.657279366009718
"7142",2013,202,0.669038425266578
"7143",2013,203,0.689585119340875
"7144",2013,204,0.70174180906885
"7145",2013,205,0.700365418239399
"7146",2013,206,0.692715347497641
"7147",2013,207,0.691862119698661
"7148",2013,208,0.679506606308716
"7149",2013,209,0.684367687534692
"7150",2013,210,0.683773160123587
"7151",2013,211,0.707429811883246
"7152",2013,212,0.704280403284642
"7153",2013,213,0.694137376068299
"7154",2013,214,0.697914402972269
"7155",2013,215,0.714121138887101
"7156",2013,216,0.707354172731149
"7157",2013,217,0.713120203025134
"7158",2013,218,0.701741083108695
"7159",2013,219,0.672706539831421
"7160",2013,220,0.686418884129133
"7161",2013,221,0.672020362096277
"7162",2013,222,0.657560114942724
"7163",2013,223,0.650891011972434
"7164",2013,224,0.654757103719231
"7165",2013,225,0.667677924802463
"7166",2013,226,0.653909380900171
"7167",2013,227,0.655567342266196
"7168",2013,228,0.662415968368965
"7169",2013,229,0.646905605709103
"7170",2013,230,0.648371147318523
"7171",2013,231,0.627439991087825
"7172",2013,232,0.621583080034358
"7173",2013,233,0.596710508589476
"7174",2013,234,0.590968594848539
"7175",2013,235,0.572197863506316
"7176",2013,236,0.580571724808847
"7177",2013,237,0.579752746419558
"7178",2013,238,0.572539427455658
"7179",2013,239,0.550509987968743
"7180",2013,240,0.561784519348669
"7181",2013,241,0.568401819189658
"7182",2013,242,0.569519282449838
"7183",2013,243,0.572935435416511
"7184",2013,244,0.57317381614378
"7185",2013,245,0.549181038038235
"7186",2013,246,0.532699051005194
"7187",2013,247,0.532590354097258
"7188",2013,248,0.536288971453713
"7189",2013,249,0.519782269863822
"7190",2013,250,0.510987866204929
"7191",2013,251,0.503538689622312
"7192",2013,252,0.477446671857421
"7193",2013,253,0.466210797100942
"7194",2013,254,0.47454923148311
"7195",2013,255,0.47036710268271
"7196",2013,256,0.462164863877086
"7197",2013,257,0.452285667072275
"7198",2013,258,0.452599446937146
"7199",2013,259,0.432452488068032
"7200",2013,260,0.430384151485557
"7201",2013,261,0.426075321830955
"7202",2013,262,0.397436279465733
"7203",2013,263,0.374793942504664
"7204",2013,264,0.375457712986872
"7205",2013,265,0.374318052562193
"7206",2013,266,0.383075201947951
"7207",2013,267,0.37383245738923
"7208",2013,268,0.374215755710201
"7209",2013,269,0.390175582638564
"7210",2013,270,0.387560525983574
"7211",2013,271,0.343547709451032
"7212",2013,272,0.326373286893643
"7213",2013,273,0.330876011647076
"7214",2013,274,0.333021286953707
"7215",2013,275,0.332080510513492
"7216",2013,276,0.334771093989041
"7217",2013,277,0.337666745360451
"7218",2013,278,0.282568017316677
"7219",2013,279,0.253053742139232
"7220",2013,280,0.258662415934341
"7221",2013,281,0.263179107522826
"7222",2013,282,0.275782681503644
"7223",2013,283,0.282981638176117
"7224",2013,284,0.267079094062207
"7225",2013,285,0.252268024338812
"7226",2013,286,0.244032321259553
"7227",2013,287,0.251383857043715
"7228",2013,288,0.208352172030869
"7229",2013,289,0.203937696057721
"7230",2013,290,0.211091622384862
"7231",2013,291,0.211058453735245
"7232",2013,292,0.183176689527048
"7233",2013,293,0.194151566395026
"7234",2013,294,0.17784137438091
"7235",2013,295,0.173760977298986
"7236",2013,296,0.180118207073384
"7237",2013,297,0.185720304350295
"7238",2013,298,0.177123754036065
"7239",2013,299,0.181227793186
"7240",2013,300,0.17522144743503
"7241",2013,301,0.183779508316973
"7242",2013,302,0.183446783098057
"7243",2013,303,0.177936861210329
"7244",2013,304,0.158275671695852
"7245",2013,305,0.148753176762514
"7246",2013,306,0.140098123740607
"7247",2013,307,0.127693285124829
"7248",2013,308,0.140522298487735
"7249",2013,309,0.148539889439768
"7250",2013,310,0.130497042061233
"7251",2013,311,0.116292542937982
"7252",2013,312,0.111729241468936
"7253",2013,313,0.129594613148598
"7254",2013,314,0.131371309325632
"7255",2013,315,0.132358387256325
"7256",2013,316,0.105158988297898
"7257",2013,317,0.0966864387635782
"7258",2013,318,0.109099340142275
"7259",2013,319,0.11678547208061
"7260",2013,320,0.125366283718934
"7261",2013,321,0.123370216186365
"7262",2013,322,0.118014808379487
"7263",2013,323,0.118161016004911
"7264",2013,324,0.121707349878104
"7265",2013,325,0.118813305518629
"7266",2013,326,0.067311854984318
"7267",2013,327,0.0522324099168768
"7268",2013,328,0.0518324912571011
"7269",2013,329,0.0626878456192587
"7270",2013,330,0.066527121019503
"7271",2013,331,0.0652270350914042
"7272",2013,332,0.0749887555041455
"7273",2013,333,0.081618257040566
"7274",2013,334,0.0932837887355693
"7275",2013,335,0.0957552737860709
"7276",2013,336,0.0996066635063149
"7277",2013,337,0.0975705676503092
"7278",2013,338,0.103099685380057
"7279",2013,339,0.0745078187791336
"7280",2013,340,0.0569744486216338
"7281",2013,341,0.047247713345485
"7282",2013,342,0.0696242808819268
"7283",2013,343,0.0724051647182119
"7284",2013,344,0.0616639123587371
"7285",2013,345,0.0631494918335605
"7286",2013,346,0.0653052941158396
"7287",2013,347,0.0733220308145727
"7288",2013,348,0.0622439930615474
"7289",2013,349,0.0630970782787352
"7290",2013,350,0.0680923256218899
"7291",2013,351,0.0744096683740425
"7292",2013,352,0.0758307291338383
"7293",2013,353,0.0859036734698244
"7294",2013,354,0.0814188767454778
"7295",2013,355,0.0652762462253285
"7296",2013,356,0.0608822684200168
"7297",2013,357,0.0639235352363246
"7298",2013,358,0.0670118993064481
"7299",2013,359,0.0629975195365875
"7300",2013,360,0.0614977512684816
"7301",2013,361,0.0631691249077787
"7302",2013,362,0.0659454227436589
"7303",2013,363,0.0619864595565795
"7304",2013,364,0.0648005329087719
"7305",2013,365,0.0691310017970424
"7306",2014,1,0.0768765332935244
"7307",2014,2,0.0698759198508403
"7308",2014,3,0.0777415723995619
"7309",2014,4,0.081422661076121
"7310",2014,5,0.0684989799215029
"7311",2014,6,0.051196717669868
"7312",2014,7,0.0660167918746861
"7313",2014,8,0.080417405907638
"7314",2014,9,0.0868204507851942
"7315",2014,10,0.0885805741648163
"7316",2014,11,0.0971198788831155
"7317",2014,12,0.10082086024535
"7318",2014,13,0.0849930019696091
"7319",2014,14,0.0867992632047264
"7320",2014,15,0.0813008356846652
"7321",2014,16,0.0914064107664829
"7322",2014,17,0.0866495170872425
"7323",2014,18,0.0942367369576667
"7324",2014,19,0.0980898955729099
"7325",2014,20,0.108275816624751
"7326",2014,21,0.0992551451970998
"7327",2014,22,0.111508714072042
"7328",2014,23,0.0873019978887169
"7329",2014,24,0.0842310252274023
"7330",2014,25,0.107509003474745
"7331",2014,26,0.126483841189503
"7332",2014,27,0.105243752322359
"7333",2014,28,0.0858675784303161
"7334",2014,29,0.0984189662870226
"7335",2014,30,0.128984465740122
"7336",2014,31,0.151831243109169
"7337",2014,32,0.15341605211019
"7338",2014,33,0.119530801751926
"7339",2014,34,0.113521609736177
"7340",2014,35,0.11701561602457
"7341",2014,36,0.102286886492918
"7342",2014,37,0.0907418018302014
"7343",2014,38,0.118467856472523
"7344",2014,39,0.146705273834169
"7345",2014,40,0.1705193053915
"7346",2014,41,0.166510919670811
"7347",2014,42,0.124617609580431
"7348",2014,43,0.147176411128839
"7349",2014,44,0.182495503216444
"7350",2014,45,0.211356756097845
"7351",2014,46,0.22309017595913
"7352",2014,47,0.234505284733337
"7353",2014,48,0.222855793325948
"7354",2014,49,0.230708020119874
"7355",2014,50,0.229837609552519
"7356",2014,51,0.22528527423063
"7357",2014,52,0.209687962008329
"7358",2014,53,0.222944944694772
"7359",2014,54,0.235688253054947
"7360",2014,55,0.245090676711602
"7361",2014,56,0.238965701474847
"7362",2014,57,0.200186463162769
"7363",2014,58,0.225124414404663
"7364",2014,59,0.251657729966349
"7365",2014,60,0.251511591805799
"7366",2014,61,0.253159110621305
"7367",2014,62,0.192811086538752
"7368",2014,63,0.21705337854339
"7369",2014,64,0.231618063397816
"7370",2014,65,0.234172753938632
"7371",2014,66,0.268635025867364
"7372",2014,67,0.246333315053598
"7373",2014,68,0.211954845345478
"7374",2014,69,0.247442759508819
"7375",2014,70,0.274059472113368
"7376",2014,71,0.22491114542433
"7377",2014,72,0.239960260967321
"7378",2014,73,0.273000235998795
"7379",2014,74,0.278368901493128
"7380",2014,75,0.232072794462766
"7381",2014,76,0.26006271629142
"7382",2014,77,0.291793116272788
"7383",2014,78,0.270132432507205
"7384",2014,79,0.283580190004378
"7385",2014,80,0.322082462229203
"7386",2014,81,0.331752183494842
"7387",2014,82,0.290890479813225
"7388",2014,83,0.31030432384514
"7389",2014,84,0.311572822652959
"7390",2014,85,0.339710178421918
"7391",2014,86,0.354183724266898
"7392",2014,87,0.3473641089806
"7393",2014,88,0.343303464647665
"7394",2014,89,0.382649129139161
"7395",2014,90,0.388102963383683
"7396",2014,91,0.390526542455602
"7397",2014,92,0.40122582293445
"7398",2014,93,0.39753375576155
"7399",2014,94,0.350733950012657
"7400",2014,95,0.383737590099823
"7401",2014,96,0.38381882804385
"7402",2014,97,0.364729678334156
"7403",2014,98,0.379116753547707
"7404",2014,99,0.413875881992621
"7405",2014,100,0.448023246732566
"7406",2014,101,0.464013784200296
"7407",2014,102,0.465770917451242
"7408",2014,103,0.476853762960303
"7409",2014,104,0.369336525243852
"7410",2014,105,0.363453161910058
"7411",2014,106,0.433371654771425
"7412",2014,107,0.452672640544557
"7413",2014,108,0.454853977681782
"7414",2014,109,0.474567084863236
"7415",2014,110,0.474940169410492
"7416",2014,111,0.492172618424879
"7417",2014,112,0.505609676774168
"7418",2014,113,0.533740082961286
"7419",2014,114,0.523982776359602
"7420",2014,115,0.526905859377119
"7421",2014,116,0.537405662438325
"7422",2014,117,0.499398152894114
"7423",2014,118,0.503525601549771
"7424",2014,119,0.483163140131638
"7425",2014,120,0.443418723413585
"7426",2014,121,0.4589975918865
"7427",2014,122,0.453755398496165
"7428",2014,123,0.49249590774391
"7429",2014,124,0.55386614563769
"7430",2014,125,0.57343412055725
"7431",2014,126,0.575516784710976
"7432",2014,127,0.578871988224958
"7433",2014,128,0.540672177327469
"7434",2014,129,0.555091470440958
"7435",2014,130,0.575608986004923
"7436",2014,131,0.611457564886761
"7437",2014,132,0.589245668501761
"7438",2014,133,0.482765096919141
"7439",2014,134,0.457344881851531
"7440",2014,135,0.498867575989283
"7441",2014,136,0.55921691941356
"7442",2014,137,0.609743596703554
"7443",2014,138,0.630648107634174
"7444",2014,139,0.649591498226444
"7445",2014,140,0.65115822876079
"7446",2014,141,0.664031207809795
"7447",2014,142,0.645586819750432
"7448",2014,143,0.620520243855448
"7449",2014,144,0.634386172448043
"7450",2014,145,0.617792442236954
"7451",2014,146,0.624225424128627
"7452",2014,147,0.640522393297093
"7453",2014,148,0.647956135184914
"7454",2014,149,0.636278441946165
"7455",2014,150,0.645693797671463
"7456",2014,151,0.678911596659236
"7457",2014,152,0.717558198158179
"7458",2014,153,0.742926334493992
"7459",2014,154,0.737000768918439
"7460",2014,155,0.747204521718331
"7461",2014,156,0.742038365326123
"7462",2014,157,0.73915484408289
"7463",2014,158,0.744652206441086
"7464",2014,159,0.71135007380159
"7465",2014,160,0.669536973270768
"7466",2014,161,0.676839294683364
"7467",2014,162,0.742136326386714
"7468",2014,163,0.743939034417294
"7469",2014,164,0.708280523285452
"7470",2014,165,0.726017372630527
"7471",2014,166,0.737261968329724
"7472",2014,167,0.733915583869178
"7473",2014,168,0.723293487323604
"7474",2014,169,0.720831728634621
"7475",2014,170,0.708166375951161
"7476",2014,171,0.659402301228511
"7477",2014,172,0.680877694988953
"7478",2014,173,0.723317634444071
"7479",2014,174,0.723577916736201
"7480",2014,175,0.694818244738325
"7481",2014,176,0.705643927473861
"7482",2014,177,0.711509113870341
"7483",2014,178,0.74722108688233
"7484",2014,179,0.757594249732664
"7485",2014,180,0.781648022037477
"7486",2014,181,0.774182772623828
"7487",2014,182,0.745787947174
"7488",2014,183,0.711481770881205
"7489",2014,184,0.69686893783625
"7490",2014,185,0.713353013974106
"7491",2014,186,0.724182236107457
"7492",2014,187,0.72255299256734
"7493",2014,188,0.696807328067033
"7494",2014,189,0.704713318908672
"7495",2014,190,0.711930193367999
"7496",2014,191,0.70447823699514
"7497",2014,192,0.698823991462172
"7498",2014,193,0.701277891666122
"7499",2014,194,0.70868733185566
"7500",2014,195,0.718782699738421
"7501",2014,196,0.709540313896685
"7502",2014,197,0.712428674997558
"7503",2014,198,0.708973194817154
"7504",2014,199,0.69624797632489
"7505",2014,200,0.713573323901055
"7506",2014,201,0.731823317256177
"7507",2014,202,0.736515437297697
"7508",2014,203,0.730433142303972
"7509",2014,204,0.712695631991305
"7510",2014,205,0.712010597140183
"7511",2014,206,0.715205016846075
"7512",2014,207,0.726231634755355
"7513",2014,208,0.740248930921381
"7514",2014,209,0.718458911606218
"7515",2014,210,0.711165337232313
"7516",2014,211,0.725896672043058
"7517",2014,212,0.65728801408558
"7518",2014,213,0.642597105497381
"7519",2014,214,0.639899309112361
"7520",2014,215,0.651718180317708
"7521",2014,216,0.658867931078873
"7522",2014,217,0.666007345975667
"7523",2014,218,0.683613024059383
"7524",2014,219,0.70033641696925
"7525",2014,220,0.676927760061476
"7526",2014,221,0.668891002058923
"7527",2014,222,0.65092774332726
"7528",2014,223,0.652295031479191
"7529",2014,224,0.636002984598885
"7530",2014,225,0.640622589499009
"7531",2014,226,0.648217333562944
"7532",2014,227,0.653884831311894
"7533",2014,228,0.654689792727542
"7534",2014,229,0.634409503694761
"7535",2014,230,0.611922600629395
"7536",2014,231,0.613413502691321
"7537",2014,232,0.618655026049695
"7538",2014,233,0.622473522669833
"7539",2014,234,0.611912663199092
"7540",2014,235,0.60379170520346
"7541",2014,236,0.60941137860767
"7542",2014,237,0.608578378782883
"7543",2014,238,0.587569195701114
"7544",2014,239,0.583186875945015
"7545",2014,240,0.580563274702418
"7546",2014,241,0.574669127291636
"7547",2014,242,0.570091030961426
"7548",2014,243,0.591061778499827
"7549",2014,244,0.598800652692322
"7550",2014,245,0.592015428847285
"7551",2014,246,0.567706669229949
"7552",2014,247,0.532175271642858
"7553",2014,248,0.509632936167308
"7554",2014,249,0.474631918995081
"7555",2014,250,0.461531088361301
"7556",2014,251,0.487688562873952
"7557",2014,252,0.502142413860948
"7558",2014,253,0.508798886076956
"7559",2014,254,0.483132646928153
"7560",2014,255,0.450214348560967
"7561",2014,256,0.362345176207709
"7562",2014,257,0.379982623697852
"7563",2014,258,0.421331065178493
"7564",2014,259,0.435922996792735
"7565",2014,260,0.44662861990652
"7566",2014,261,0.441861094924265
"7567",2014,262,0.440256032375894
"7568",2014,263,0.422134275478922
"7569",2014,264,0.4120017771088
"7570",2014,265,0.389616054146925
"7571",2014,266,0.387091940903958
"7572",2014,267,0.377551692800811
"7573",2014,268,0.345068407684352
"7574",2014,269,0.335138478312768
"7575",2014,270,0.329149208144825
"7576",2014,271,0.336574149367978
"7577",2014,272,0.34529933420591
"7578",2014,273,0.354753526530425
"7579",2014,274,0.342664634065997
"7580",2014,275,0.332660342513288
"7581",2014,276,0.305290822506582
"7582",2014,277,0.301769844656933
"7583",2014,278,0.302501754169009
"7584",2014,279,0.301509779318392
"7585",2014,280,0.294093854394918
"7586",2014,281,0.297699613951422
"7587",2014,282,0.297061839264985
"7588",2014,283,0.278000350982863
"7589",2014,284,0.248221442881671
"7590",2014,285,0.251003889563916
"7591",2014,286,0.222701369621954
"7592",2014,287,0.214862839458216
"7593",2014,288,0.222013925244808
"7594",2014,289,0.233605737839718
"7595",2014,290,0.241187470465353
"7596",2014,291,0.217515562812879
"7597",2014,292,0.217807324673424
"7598",2014,293,0.200168672964045
"7599",2014,294,0.187156447434288
"7600",2014,295,0.199093798877445
"7601",2014,296,0.206435491542119
"7602",2014,297,0.202162075577142
"7603",2014,298,0.201099202822958
"7604",2014,299,0.202735411513152
"7605",2014,300,0.20011710123752
"7606",2014,301,0.181863169694428
"7607",2014,302,0.171770089473089
"7608",2014,303,0.176823104262692
"7609",2014,304,0.162988596459356
"7610",2014,305,0.155551062830322
"7611",2014,306,0.155698675526714
"7612",2014,307,0.159511506627604
"7613",2014,308,0.131332855592573
"7614",2014,309,0.109689153553523
"7615",2014,310,0.110406948502533
"7616",2014,311,0.120581899475325
"7617",2014,312,0.116789057123809
"7618",2014,313,0.118309241903484
"7619",2014,314,0.132390565779231
"7620",2014,315,0.10786438398748
"7621",2014,316,0.0840544200815874
"7622",2014,317,0.073770962868012
"7623",2014,318,0.0897063156306174
"7624",2014,319,0.108379897681397
"7625",2014,320,0.0997202336410161
"7626",2014,321,0.0710651266648052
"7627",2014,322,0.0798015973288108
"7628",2014,323,0.0918743119330835
"7629",2014,324,0.100183095095068
"7630",2014,325,0.10301444323206
"7631",2014,326,0.09983235952963
"7632",2014,327,0.10041828412072
"7633",2014,328,0.0787707615443691
"7634",2014,329,0.074306048253097
"7635",2014,330,0.0870377447208465
"7636",2014,331,0.0883053029329007
"7637",2014,332,0.091594595739138
"7638",2014,333,0.0966179775533675
"7639",2014,334,0.0956843187661689
"7640",2014,335,0.0744310350140247
"7641",2014,336,0.0766742678572658
"7642",2014,337,0.0917063403340176
"7643",2014,338,0.0976734857484902
"7644",2014,339,0.0934716513698647
"7645",2014,340,0.0852694226880545
"7646",2014,341,0.0858904035833819
"7647",2014,342,0.0819438416863869
"7648",2014,343,0.0779505091341762
"7649",2014,344,0.0863462876181173
"7650",2014,345,0.0893047217876018
"7651",2014,346,0.0905784723966351
"7652",2014,347,0.0898573158888852
"7653",2014,348,0.0799534864903379
"7654",2014,349,0.0765624890720547
"7655",2014,350,0.0712176372606194
"7656",2014,351,0.076475717925869
"7657",2014,352,0.0707893188552835
"7658",2014,353,0.0673609029272678
"7659",2014,354,0.0673188574310027
"7660",2014,355,0.070767407202744
"7661",2014,356,0.0833729614725086
"7662",2014,357,0.0611081293483601
"7663",2014,358,0.0539879031551032
"7664",2014,359,0.0654305202765894
"7665",2014,360,0.0762015037461245
"7666",2014,361,0.062833931399263
"7667",2014,362,0.0628612177268251
"7668",2014,363,0.0683922946953798
"7669",2014,364,0.0585708238499637
"7670",2014,365,0.0412898804891295
"7671",2014,366,0.0725890083753933
"7672",2015,1,0.0471360261777414
"7673",2015,2,0.049465544250607
"7674",2015,3,0.0620531518327552
"7675",2015,4,0.0666675312901766
"7676",2015,5,0.0739462852045176
"7677",2015,6,0.0845183803135944
"7678",2015,7,0.070848091627668
"7679",2015,8,0.063927108900563
"7680",2015,9,0.0610356908236382
"7681",2015,10,0.06404419132661
"7682",2015,11,0.0813059273529994
"7683",2015,12,0.0822507042593498
"7684",2015,13,0.0636151879625542
"7685",2015,14,0.063219057046727
"7686",2015,15,0.0730846029159096
"7687",2015,16,0.081936467357165
"7688",2015,17,0.0955854373775189
"7689",2015,18,0.098603796485185
"7690",2015,19,0.107802158980049
"7691",2015,20,0.11949105596431
"7692",2015,21,0.0973221535510357
"7693",2015,22,0.0791272642650169
"7694",2015,23,0.0821814239949919
"7695",2015,24,0.0924746817175994
"7696",2015,25,0.104269891390567
"7697",2015,26,0.112007422566511
"7698",2015,27,0.132917148975126
"7699",2015,28,0.144442279165998
"7700",2015,29,0.138670612652378
"7701",2015,30,0.115946158599023
"7702",2015,31,0.133855735386378
"7703",2015,32,0.13390830367602
"7704",2015,33,0.129185118828216
"7705",2015,34,0.137375874977259
"7706",2015,35,0.15179436320372
"7707",2015,36,0.144659588130093
"7708",2015,37,0.161930102577021
"7709",2015,38,0.171966260227854
"7710",2015,39,0.191140675750911
"7711",2015,40,0.185815098246193
"7712",2015,41,0.195753514663732
"7713",2015,42,0.180869200737788
"7714",2015,43,0.132981032016868
"7715",2015,44,0.168989843607343
"7716",2015,45,0.186065247850337
"7717",2015,46,0.198159891080563
"7718",2015,47,0.164995547419637
"7719",2015,48,0.158761638987488
"7720",2015,49,0.185242047391954
"7721",2015,50,0.207597481413033
"7722",2015,51,0.223451792559417
"7723",2015,52,0.23638254071534
"7724",2015,53,0.216054574429176
"7725",2015,54,0.133378813301347
"7726",2015,55,0.157852161843295
"7727",2015,56,0.183126307952163
"7728",2015,57,0.171936170110421
"7729",2015,58,0.138844841215524
"7730",2015,59,0.18375381303144
"7731",2015,60,0.216808025122049
"7732",2015,61,0.222208520816019
"7733",2015,62,0.246281615615535
"7734",2015,63,0.227571428597881
"7735",2015,64,0.164513451308216
"7736",2015,65,0.194437963697945
"7737",2015,66,0.22583061140803
"7738",2015,67,0.246642167229065
"7739",2015,68,0.242268900323367
"7740",2015,69,0.242650176625395
"7741",2015,70,0.247303501480755
"7742",2015,71,0.249686771149998
"7743",2015,72,0.254277207666307
"7744",2015,73,0.251496321141938
"7745",2015,74,0.253951114558254
"7746",2015,75,0.273512226048403
"7747",2015,76,0.268899426442286
"7748",2015,77,0.284794708053406
"7749",2015,78,0.302138768456185
"7750",2015,79,0.281027049628886
"7751",2015,80,0.27421717349889
"7752",2015,81,0.311894867438278
"7753",2015,82,0.33257106808374
"7754",2015,83,0.352016916574385
"7755",2015,84,0.356028785603499
"7756",2015,85,0.302280157664959
"7757",2015,86,0.323558015028851
"7758",2015,87,0.369223231125143
"7759",2015,88,0.398545443974084
"7760",2015,89,0.368834387921818
"7761",2015,90,0.38937444639941
"7762",2015,91,0.398905462114081
"7763",2015,92,0.410036595041066
"7764",2015,93,0.409155915161367
"7765",2015,94,0.354213627966711
"7766",2015,95,0.41438525402833
"7767",2015,96,0.433039665191935
"7768",2015,97,0.45636166783227
"7769",2015,98,0.464817104704285
"7770",2015,99,0.446308734615018
"7771",2015,100,0.446152763238396
"7772",2015,101,0.448112376443859
"7773",2015,102,0.439060288658892
"7774",2015,103,0.398698975255853
"7775",2015,104,0.405450056536971
"7776",2015,105,0.43594553248548
"7777",2015,106,0.457400299519293
"7778",2015,107,0.448111036014032
"7779",2015,108,0.445745605009709
"7780",2015,109,0.461602146192686
"7781",2015,110,0.440907658184347
"7782",2015,111,0.47735925024637
"7783",2015,112,0.478921230148105
"7784",2015,113,0.46972642262025
"7785",2015,114,0.478601501027014
"7786",2015,115,0.476065028217477
"7787",2015,116,0.488194777623897
"7788",2015,117,0.452768656678317
"7789",2015,118,0.406912747282416
"7790",2015,119,0.427014886927935
"7791",2015,120,0.470493365474555
"7792",2015,121,0.511494665699535
"7793",2015,122,0.537756722161053
"7794",2015,123,0.56546464892129
"7795",2015,124,0.546948719780053
"7796",2015,125,0.5379574638969
"7797",2015,126,0.544655844607135
"7798",2015,127,0.556753850133592
"7799",2015,128,0.575020491833785
"7800",2015,129,0.566133294239336
"7801",2015,130,0.539987882791473
"7802",2015,131,0.52098393896608
"7803",2015,132,0.54050119308376
"7804",2015,133,0.546729605151843
"7805",2015,134,0.55931995396574
"7806",2015,135,0.571176653486786
"7807",2015,136,0.588732112771133
"7808",2015,137,0.553352894521134
"7809",2015,138,0.594915693459413
"7810",2015,139,0.622041100973426
"7811",2015,140,0.602599914115844
"7812",2015,141,0.53703938338655
"7813",2015,142,0.609213293404263
"7814",2015,143,0.588049387114376
"7815",2015,144,0.564316112530289
"7816",2015,145,0.587118422452259
"7817",2015,146,0.599848171316347
"7818",2015,147,0.630244540183562
"7819",2015,148,0.649176174713807
"7820",2015,149,0.648438853387626
"7821",2015,150,0.615293531142994
"7822",2015,151,0.613430330629503
"7823",2015,152,0.654411665374143
"7824",2015,153,0.684392955074655
"7825",2015,154,0.701910025716023
"7826",2015,155,0.698525758124102
"7827",2015,156,0.680040980068731
"7828",2015,157,0.681354428862688
"7829",2015,158,0.681288237223834
"7830",2015,159,0.675083890046873
"7831",2015,160,0.681070696382479
"7832",2015,161,0.703060310398179
"7833",2015,162,0.733566725976846
"7834",2015,163,0.735493890005145
"7835",2015,164,0.7141877525139
"7836",2015,165,0.688059318724994
"7837",2015,166,0.661216577948318
"7838",2015,167,0.651625336054824
"7839",2015,168,0.676293019168046
"7840",2015,169,0.694102010543008
"7841",2015,170,0.683868299436361
"7842",2015,171,0.710089631362334
"7843",2015,172,0.726453623778857
"7844",2015,173,0.712826742701661
"7845",2015,174,0.677288740933345
"7846",2015,175,0.681143313650174
"7847",2015,176,0.703415093038485
"7848",2015,177,0.707673371153321
"7849",2015,178,0.6749794777897
"7850",2015,179,0.678053145492014
"7851",2015,180,0.705238647648306
"7852",2015,181,0.693117743554287
"7853",2015,182,0.706529360208282
"7854",2015,183,0.729407538451493
"7855",2015,184,0.703061914281544
"7856",2015,185,0.715293729470952
"7857",2015,186,0.720085744544404
"7858",2015,187,0.72983212336224
"7859",2015,188,0.707257709196063
"7860",2015,189,0.694016026402336
"7861",2015,190,0.692573484732642
"7862",2015,191,0.699838496209144
"7863",2015,192,0.72333860082357
"7864",2015,193,0.725420525743209
"7865",2015,194,0.742296616225666
"7866",2015,195,0.75246105655
"7867",2015,196,0.745752189326071
"7868",2015,197,0.739533784247567
"7869",2015,198,0.745984576438447
"7870",2015,199,0.744396632150712
"7871",2015,200,0.745857757975223
"7872",2015,201,0.731466978075234
"7873",2015,202,0.701420486390545
"7874",2015,203,0.711856230806442
"7875",2015,204,0.716910372356546
"7876",2015,205,0.730185049093729
"7877",2015,206,0.733452482964214
"7878",2015,207,0.720340342416167
"7879",2015,208,0.729670003038036
"7880",2015,209,0.720016604169552
"7881",2015,210,0.694715988933229
"7882",2015,211,0.699822388538493
"7883",2015,212,0.686749795373774
"7884",2015,213,0.689577741203254
"7885",2015,214,0.696177024348742
"7886",2015,215,0.697617031777093
"7887",2015,216,0.695529911991437
"7888",2015,217,0.704430523728872
"7889",2015,218,0.709919825674181
"7890",2015,219,0.707735097716453
"7891",2015,220,0.717829239553124
"7892",2015,221,0.713385832052448
"7893",2015,222,0.702869142671835
"7894",2015,223,0.681292498564158
"7895",2015,224,0.678132399247187
"7896",2015,225,0.679958702201389
"7897",2015,226,0.688229957498232
"7898",2015,227,0.671063997168069
"7899",2015,228,0.646827278465489
"7900",2015,229,0.631351388153975
"7901",2015,230,0.655481061527784
"7902",2015,231,0.63405735783261
"7903",2015,232,0.620730306348067
"7904",2015,233,0.620492082897535
"7905",2015,234,0.626186162608724
"7906",2015,235,0.611978028929435
"7907",2015,236,0.591942560319974
"7908",2015,237,0.595447969762799
"7909",2015,238,0.593338663052246
"7910",2015,239,0.592883083090168
"7911",2015,240,0.600718516889722
"7912",2015,241,0.564947096509084
"7913",2015,242,0.548875816216335
"7914",2015,243,0.548459501163991
"7915",2015,244,0.55892817723021
"7916",2015,245,0.551423424368604
"7917",2015,246,0.548032227827233
"7918",2015,247,0.54862349012173
"7919",2015,248,0.557309128035352
"7920",2015,249,0.545899098132709
"7921",2015,250,0.54123377665358
"7922",2015,251,0.536367263280547
"7923",2015,252,0.495405743259961
"7924",2015,253,0.49138872489786
"7925",2015,254,0.489698754034212
"7926",2015,255,0.468777709981514
"7927",2015,256,0.473076707239021
"7928",2015,257,0.472648433994251
"7929",2015,258,0.477593649783427
"7930",2015,259,0.486611420336132
"7931",2015,260,0.490316702302137
"7932",2015,261,0.474538382123829
"7933",2015,262,0.431796750085718
"7934",2015,263,0.403224201525557
"7935",2015,264,0.410096495810175
"7936",2015,265,0.410254824406137
"7937",2015,266,0.407873223613535
"7938",2015,267,0.382751266459863
"7939",2015,268,0.360830231782098
"7940",2015,269,0.358726983577444
"7941",2015,270,0.361083957103666
"7942",2015,271,0.36258566991775
"7943",2015,272,0.351270831106259
"7944",2015,273,0.342612764609002
"7945",2015,274,0.353415660981971
"7946",2015,275,0.353813940989032
"7947",2015,276,0.343431700166256
"7948",2015,277,0.28016527114634
"7949",2015,278,0.281520238297285
"7950",2015,279,0.284522430750223
"7951",2015,280,0.278980259784194
"7952",2015,281,0.2451713917355
"7953",2015,282,0.241597595334673
"7954",2015,283,0.260314472854887
"7955",2015,284,0.265634151502425
"7956",2015,285,0.274924858076971
"7957",2015,286,0.260088801767294
"7958",2015,287,0.258599097296837
"7959",2015,288,0.253090207320012
"7960",2015,289,0.218961628466745
"7961",2015,290,0.212222837170883
"7962",2015,291,0.211216398019188
"7963",2015,292,0.221969483235329
"7964",2015,293,0.221532540463395
"7965",2015,294,0.214393693071494
"7966",2015,295,0.204500670524663
"7967",2015,296,0.201087884953402
"7968",2015,297,0.16983044138567
"7969",2015,298,0.158023242584513
"7970",2015,299,0.160666155749032
"7971",2015,300,0.169712770309162
"7972",2015,301,0.166676068812393
"7973",2015,302,0.172917251564162
"7974",2015,303,0.160801600701226
"7975",2015,304,0.143936818351934
"7976",2015,305,0.143913010814924
"7977",2015,306,0.154791970150687
"7978",2015,307,0.161244402334144
"7979",2015,308,0.156756515508369
"7980",2015,309,0.143037070703043
"7981",2015,310,0.130118354861355
"7982",2015,311,0.116070990077922
"7983",2015,312,0.116483214422587
"7984",2015,313,0.128337244523838
"7985",2015,314,0.131440451325928
"7986",2015,315,0.120443859469149
"7987",2015,316,0.1062328614131
"7988",2015,317,0.108305992760696
"7989",2015,318,0.112574229348844
"7990",2015,319,0.120376444644281
"7991",2015,320,0.12167704598061
"7992",2015,321,0.0893406790478542
"7993",2015,322,0.0925120601724856
"7994",2015,323,0.094217251895915
"7995",2015,324,0.104844923185295
"7996",2015,325,0.0844074592710857
"7997",2015,326,0.0859469524724244
"7998",2015,327,0.0899669006845543
"7999",2015,328,0.103116483576018
"8000",2015,329,0.110037270924185
"8001",2015,330,0.106578590266765
"8002",2015,331,0.0866699366122827
"8003",2015,332,0.0661775917765001
"8004",2015,333,0.0781074871184743
"8005",2015,334,0.0837672912346247
"8006",2015,335,0.0804301588710606
"8007",2015,336,0.0739878936787628
"8008",2015,337,0.073070838169377
"8009",2015,338,0.0780519414729996
"8010",2015,339,0.0872909177136848
"8011",2015,340,0.0768768007072969
"8012",2015,341,0.0793844384791974
"8013",2015,342,0.0819936829866434
"8014",2015,343,0.0823443658487308
"8015",2015,344,0.0936851364520302
"8016",2015,345,0.094658406314782
"8017",2015,346,0.088108346394292
"8018",2015,347,0.067087732525959
"8019",2015,348,0.0731021917652906
"8020",2015,349,0.0652453014198368
"8021",2015,350,0.0579799688155966
"8022",2015,351,0.0595987192118616
"8023",2015,352,0.0665046048995425
"8024",2015,353,0.0749996083007002
"8025",2015,354,0.0835862199739302
"8026",2015,355,0.0794249479129868
"8027",2015,356,0.0789994319903998
"8028",2015,357,0.0812946486757002
"8029",2015,358,0.0853138126392975
"8030",2015,359,0.0865622769390636
"8031",2015,360,0.0833377457929244
"8032",2015,361,0.0407387267914286
"8033",2015,362,0.0465121574386686
"8034",2015,363,0.0620741834278748
"8035",2015,364,0.0623718811780696
"8036",2015,365,0.0664228335501605
"8037",2016,1,0.0578580633160942
"8038",2016,2,0.057410679961733
"8039",2016,3,0.0654290571125975
"8040",2016,4,0.0640987710357302
"8041",2016,5,0.0762311695688175
"8042",2016,6,0.0821668058021129
"8043",2016,7,0.0792798444102739
"8044",2016,8,0.0746998812109854
"8045",2016,9,0.0692087626193454
"8046",2016,10,0.0655048462252874
"8047",2016,11,0.0674433908990904
"8048",2016,12,0.0717674552936998
"8049",2016,13,0.0779783079863887
"8050",2016,14,0.0837761698512943
"8051",2016,15,0.0885652456792404
"8052",2016,16,0.086194647763381
"8053",2016,17,0.0912801960422205
"8054",2016,18,0.0933807187245149
"8055",2016,19,0.105063674431837
"8056",2016,20,0.105187429158332
"8057",2016,21,0.0942611809225263
"8058",2016,22,0.0964034815678318
"8059",2016,23,0.109350640320533
"8060",2016,24,0.121012213005677
"8061",2016,25,0.114485295033562
"8062",2016,26,0.0962325086580684
"8063",2016,27,0.100738665983869
"8064",2016,28,0.113574314386214
"8065",2016,29,0.127154132906879
"8066",2016,30,0.139113165294859
"8067",2016,31,0.15065505718115
"8068",2016,32,0.14814586950451
"8069",2016,33,0.116175213554538
"8070",2016,34,0.103447135613338
"8071",2016,35,0.106173919054107
"8072",2016,36,0.116959154160885
"8073",2016,37,0.126154931081957
"8074",2016,38,0.145950461628657
"8075",2016,39,0.141383238630554
"8076",2016,40,0.144273920448932
"8077",2016,41,0.163189188581613
"8078",2016,42,0.178249542010722
"8079",2016,43,0.185587557875474
"8080",2016,44,0.190871254517346
"8081",2016,45,0.199907816499618
"8082",2016,46,0.198656749707496
"8083",2016,47,0.204095636172167
"8084",2016,48,0.212503202759156
"8085",2016,49,0.240196862440117
"8086",2016,50,0.246554233266603
"8087",2016,51,0.253051113194925
"8088",2016,52,0.234338919601065
"8089",2016,53,0.22929917174571
"8090",2016,54,0.195962084377562
"8091",2016,55,0.175255458029719
"8092",2016,56,0.187910289672142
"8093",2016,57,0.204985088761823
"8094",2016,58,0.224217751600408
"8095",2016,59,0.248312932761546
"8096",2016,60,0.250009234235576
"8097",2016,61,0.253328842711691
"8098",2016,62,0.267989501801002
"8099",2016,63,0.264753296656504
"8100",2016,64,0.270258727713081
"8101",2016,65,0.274142409425034
"8102",2016,66,0.280775148391327
"8103",2016,67,0.274437100533918
"8104",2016,68,0.253501488621776
"8105",2016,69,0.229416169219747
"8106",2016,70,0.239342274187363
"8107",2016,71,0.248201493030697
"8108",2016,72,0.26623619704061
"8109",2016,73,0.288453738545088
"8110",2016,74,0.297285149924394
"8111",2016,75,0.30701593384232
"8112",2016,76,0.307122131779343
"8113",2016,77,0.314981014700037
"8114",2016,78,0.311346808622692
"8115",2016,79,0.251716119636085
"8116",2016,80,0.258852673569438
"8117",2016,81,0.298293782859894
"8118",2016,82,0.335591983554427
"8119",2016,83,0.342991692698268
"8120",2016,84,0.300017399729974
"8121",2016,85,0.319898813808201
"8122",2016,86,0.341142441361824
"8123",2016,87,0.317647923351085
"8124",2016,88,0.344993262432758
"8125",2016,89,0.388603477924734
"8126",2016,90,0.390629050945178
"8127",2016,91,0.356155576416927
"8128",2016,92,0.316068534604348
"8129",2016,93,0.313638538893053
"8130",2016,94,0.344973947393939
"8131",2016,95,0.390305307246754
"8132",2016,96,0.419317337513107
"8133",2016,97,0.406729770440574
"8134",2016,98,0.425205723421874
"8135",2016,99,0.43507252543579
"8136",2016,100,0.442133076575724
"8137",2016,101,0.452809544929628
"8138",2016,102,0.444241454549905
"8139",2016,103,0.402627591423206
"8140",2016,104,0.417415158527218
"8141",2016,105,0.455643481601907
"8142",2016,106,0.49508474982734
"8143",2016,107,0.478660460299216
"8144",2016,108,0.443482237457017
"8145",2016,109,0.434136017203451
"8146",2016,110,0.482807363803779
"8147",2016,111,0.483969404651069
"8148",2016,112,0.480337900957788
"8149",2016,113,0.49363119175391
"8150",2016,114,0.495998138717082
"8151",2016,115,0.517227480539661
"8152",2016,116,0.505888230464728
"8153",2016,117,0.518201608010793
"8154",2016,118,0.499136504712764
"8155",2016,119,0.514503148969771
"8156",2016,120,0.51482070713759
"8157",2016,121,0.496175334015035
"8158",2016,122,0.451264110564642
"8159",2016,123,0.45711415430222
"8160",2016,124,0.497120766997632
"8161",2016,125,0.514866782852355
"8162",2016,126,0.539558237515807
"8163",2016,127,0.583136471335021
"8164",2016,128,0.603384632818156
"8165",2016,129,0.587439081203542
"8166",2016,130,0.5500601749513
"8167",2016,131,0.560106046053922
"8168",2016,132,0.592514371226006
"8169",2016,133,0.566757574164319
"8170",2016,134,0.598651148565066
"8171",2016,135,0.572371904875891
"8172",2016,136,0.573151309249196
"8173",2016,137,0.589317936252813
"8174",2016,138,0.5767436259338
"8175",2016,139,0.497737036727367
"8176",2016,140,0.542824341131397
"8177",2016,141,0.581668409447684
"8178",2016,142,0.620316605727865
"8179",2016,143,0.641273447198605
"8180",2016,144,0.649279161303858
"8181",2016,145,0.638955685529186
"8182",2016,146,0.66352287521125
"8183",2016,147,0.669185412606847
"8184",2016,148,0.603454053894738
"8185",2016,149,0.623334254317769
"8186",2016,150,0.631389353703192
"8187",2016,151,0.63778008013408
"8188",2016,152,0.6172255290186
"8189",2016,153,0.602583590364365
"8190",2016,154,0.584755221384275
"8191",2016,155,0.614236604089319
"8192",2016,156,0.619808014269025
"8193",2016,157,0.644995192404995
"8194",2016,158,0.650079254698975
"8195",2016,159,0.666738391043571
"8196",2016,160,0.683530509784624
"8197",2016,161,0.698266896151784
"8198",2016,162,0.717110393365827
"8199",2016,163,0.711791525787968
"8200",2016,164,0.708027904449487
"8201",2016,165,0.741450404858231
"8202",2016,166,0.745949339332375
"8203",2016,167,0.742533156549142
"8204",2016,168,0.731055294638465
"8205",2016,169,0.750297611749612
"8206",2016,170,0.757831395574783
"8207",2016,171,0.731726081980348
"8208",2016,172,0.678352071723823
"8209",2016,173,0.703990709176185
"8210",2016,174,0.74967313148673
"8211",2016,175,0.764942210332708
"8212",2016,176,0.734056922219652
"8213",2016,177,0.729393968399299
"8214",2016,178,0.705932823070733
"8215",2016,179,0.683161649227806
"8216",2016,180,0.673451030563506
"8217",2016,181,0.684831373762136
"8218",2016,182,0.703407969393993
"8219",2016,183,0.715036496813917
"8220",2016,184,0.721712140385417
"8221",2016,185,0.741889850743572
"8222",2016,186,0.751385703239759
"8223",2016,187,0.781662539525962
"8224",2016,188,0.78111193524076
"8225",2016,189,0.77085149436058
"8226",2016,190,0.742298344053898
"8227",2016,191,0.734311103789612
"8228",2016,192,0.737272365077757
"8229",2016,193,0.777136062120524
"8230",2016,194,0.782769942676345
"8231",2016,195,0.778254489403176
"8232",2016,196,0.775621864816818
"8233",2016,197,0.742691511670555
"8234",2016,198,0.736575865019397
"8235",2016,199,0.738430808983025
"8236",2016,200,0.721165191127627
"8237",2016,201,0.72805244013932
"8238",2016,202,0.718615395550722
"8239",2016,203,0.735077210906029
"8240",2016,204,0.729729367985436
"8241",2016,205,0.729756917122853
"8242",2016,206,0.754858190501825
"8243",2016,207,0.740945607045644
"8244",2016,208,0.720275186413338
"8245",2016,209,0.701972849513978
"8246",2016,210,0.688577913756328
"8247",2016,211,0.683811782290565
"8248",2016,212,0.669018350172816
"8249",2016,213,0.67758067040744
"8250",2016,214,0.683275849258216
"8251",2016,215,0.684550664543295
"8252",2016,216,0.693793643940764
"8253",2016,217,0.699733762426437
"8254",2016,218,0.702021799179558
"8255",2016,219,0.695021307568057
"8256",2016,220,0.692593349554571
"8257",2016,221,0.699134223811649
"8258",2016,222,0.675943205481863
"8259",2016,223,0.646157793875286
"8260",2016,224,0.652344100302668
"8261",2016,225,0.660621541372022
"8262",2016,226,0.587936112601167
"8263",2016,227,0.579546744546475
"8264",2016,228,0.579464161183298
"8265",2016,229,0.58399217952294
"8266",2016,230,0.5811388597002
"8267",2016,231,0.568672249511039
"8268",2016,232,0.567760346031663
"8269",2016,233,0.570406802788779
"8270",2016,234,0.559664968128769
"8271",2016,235,0.567899784335875
"8272",2016,236,0.563389702284548
"8273",2016,237,0.541319787058377
"8274",2016,238,0.538105472411674
"8275",2016,239,0.527783676399713
"8276",2016,240,0.53862030288993
"8277",2016,241,0.535890163725729
"8278",2016,242,0.508571882444877
"8279",2016,243,0.502405189612705
"8280",2016,244,0.509611578354876
"8281",2016,245,0.512310175990865
"8282",2016,246,0.494848456825411
"8283",2016,247,0.497997932396945
"8284",2016,248,0.50582641561589
"8285",2016,249,0.501188384734306
"8286",2016,250,0.486419421949068
"8287",2016,251,0.495306381637876
"8288",2016,252,0.486905674620077
"8289",2016,253,0.484121785354419
"8290",2016,254,0.436834575676249
"8291",2016,255,0.45335063157258
"8292",2016,256,0.459975819815538
"8293",2016,257,0.452174764286362
"8294",2016,258,0.444852360976415
"8295",2016,259,0.445070256683529
"8296",2016,260,0.445464442935256
"8297",2016,261,0.443549630825887
"8298",2016,262,0.445987091862455
"8299",2016,263,0.445791987406933
"8300",2016,264,0.431565390336855
"8301",2016,265,0.417363328202101
"8302",2016,266,0.402431602450847
"8303",2016,267,0.395056823715163
"8304",2016,268,0.383774191033962
"8305",2016,269,0.330133661432621
"8306",2016,270,0.284548424848475
"8307",2016,271,0.29595971104764
"8308",2016,272,0.318045314410885
"8309",2016,273,0.314972126350271
"8310",2016,274,0.302750180607924
"8311",2016,275,0.301735560447016
"8312",2016,276,0.31848939938614
"8313",2016,277,0.311324328328048
"8314",2016,278,0.305759732533637
"8315",2016,279,0.296419774076382
"8316",2016,280,0.299785626043895
"8317",2016,281,0.248520269379153
"8318",2016,282,0.230415871371202
"8319",2016,283,0.248820492911233
"8320",2016,284,0.263444975607718
"8321",2016,285,0.264027844995738
"8322",2016,286,0.271045615107113
"8323",2016,287,0.238767034613639
"8324",2016,288,0.245894431372319
"8325",2016,289,0.252241727164192
"8326",2016,290,0.250530619069171
"8327",2016,291,0.243749716575769
"8328",2016,292,0.233112608349256
"8329",2016,293,0.227176121768074
"8330",2016,294,0.191469414232759
"8331",2016,295,0.183777323464199
"8332",2016,296,0.191354998850487
"8333",2016,297,0.200799417169471
"8334",2016,298,0.203683568700957
"8335",2016,299,0.20158084256809
"8336",2016,300,0.192675796783539
"8337",2016,301,0.184017646929619
"8338",2016,302,0.172861104150434
"8339",2016,303,0.181784448450849
"8340",2016,304,0.181008060226286
"8341",2016,305,0.17269235284549
"8342",2016,306,0.172094020192388
"8343",2016,307,0.166672284330652
"8344",2016,308,0.149248413462874
"8345",2016,309,0.1516337862637
"8346",2016,310,0.151007278478857
"8347",2016,311,0.152741865488106
"8348",2016,312,0.13880428072493
"8349",2016,313,0.124573446625436
"8350",2016,314,0.105773837589253
"8351",2016,315,0.112024891714667
"8352",2016,316,0.113591553385623
"8353",2016,317,0.106559621461484
"8354",2016,318,0.112877075848929
"8355",2016,319,0.115634144919726
"8356",2016,320,0.115938028971
"8357",2016,321,0.119278140842339
"8358",2016,322,0.123273094680239
"8359",2016,323,0.101122892518905
"8360",2016,324,0.0875771745605091
"8361",2016,325,0.0978216841924923
"8362",2016,326,0.105687146137263
"8363",2016,327,0.105867612284158
"8364",2016,328,0.0909070874602474
"8365",2016,329,0.0989933840555675
"8366",2016,330,0.0824550232430511
"8367",2016,331,0.0909844859728144
"8368",2016,332,0.0996718085413145
"8369",2016,333,0.087830873190265
"8370",2016,334,0.079649259440512
"8371",2016,335,0.0710836475426828
"8372",2016,336,0.0764932268755582
"8373",2016,337,0.0754800454102104
"8374",2016,338,0.0658264939151343
"8375",2016,339,0.0620342954399467
"8376",2016,340,0.072574120219081
"8377",2016,341,0.0769168448996182
"8378",2016,342,0.0800416727456819
"8379",2016,343,0.0541319349504944
"8380",2016,344,0.0586445913774379
"8381",2016,345,0.0727651427592937
"8382",2016,346,0.0813411133701823
"8383",2016,347,0.0870930266249621
"8384",2016,348,0.0857713216689222
"8385",2016,349,0.0861097172040306
"8386",2016,350,0.0837722769779036
"8387",2016,351,0.0889914372963457
"8388",2016,352,0.0904784870769902
"8389",2016,353,0.0512477872211657
"8390",2016,354,0.0551697901999632
"8391",2016,355,0.0723906270873097
"8392",2016,356,0.0848563207831461
"8393",2016,357,0.076626560078851
"8394",2016,358,0.081580645069686
"8395",2016,359,0.0853123438323151
"8396",2016,360,0.0856800087883522
"8397",2016,361,0.0797794216102789
"8398",2016,362,0.0819452821726425
"8399",2016,363,0.092564728374737
"8400",2016,364,0.0779875515582102
"8401",2016,365,0.0681095913133288
"8402",2017,1,0.0831368481351832
"8403",2017,2,0.0795834539143516
"8404",2017,3,0.0830303863344266
"8405",2017,4,0.09030175950454
"8406",2017,5,0.0915713446073876
"8407",2017,6,0.0623715841426356
"8408",2017,7,0.0595682397338425
"8409",2017,8,0.0767103630767441
"8410",2017,9,0.0997872287404202
"8411",2017,10,0.11064569786523
"8412",2017,11,0.112165311987347
"8413",2017,12,0.107617844296173
"8414",2017,13,0.101674510121291
"8415",2017,14,0.0938641104756057
"8416",2017,15,0.0921810316961147
"8417",2017,16,0.0895344739293561
"8418",2017,17,0.0827134145055849
"8419",2017,18,0.0911643457566646
"8420",2017,19,0.0958554364305396
"8421",2017,20,0.105187429158332
"8422",2017,21,0.101745025895297
"8423",2017,22,0.097365561270466
"8424",2017,23,0.118824115634597
"8425",2017,24,0.125200526999508
"8426",2017,25,0.103134838320125
"8427",2017,26,0.0995275026490185
"8428",2017,27,0.0926297482051401
"8429",2017,28,0.0923566729129608
"8430",2017,29,0.105123506678093
"8431",2017,30,0.118444124765981
"8432",2017,31,0.128630309129756
"8433",2017,32,0.143659366484556
"8434",2017,33,0.133135048154482
"8435",2017,34,0.143063383730409
"8436",2017,35,0.150435245780833
"8437",2017,36,0.162975525097317
"8438",2017,37,0.166371630112552
"8439",2017,38,0.170861186382094
"8440",2017,39,0.189437860822982
"8441",2017,40,0.188885110572024
"8442",2017,41,0.209384205544214
"8443",2017,42,0.219698271450628
"8444",2017,43,0.190345026714927
"8445",2017,44,0.152614080626401
"8446",2017,45,0.142714276055647
"8447",2017,46,0.150799819668577
"8448",2017,47,0.167406958795496
"8449",2017,48,0.17717321234292
"8450",2017,49,0.196445963130638
"8451",2017,50,0.189508679875875
"8452",2017,51,0.189801767591208
"8453",2017,52,0.213412141801451
"8454",2017,53,0.235443514505781
"8455",2017,54,0.240384681819743
"8456",2017,55,0.221883461591895
"8457",2017,56,0.201453028800965
"8458",2017,57,0.212638250875267
"8459",2017,58,0.228266750408277
"8460",2017,59,0.237843550150342
"8461",2017,60,0.225041797967978
"8462",2017,61,0.217218491609449
"8463",2017,62,0.21882924422316
"8464",2017,63,0.229378848073386
"8465",2017,64,0.261147210584255
"8466",2017,65,0.275093964486269
"8467",2017,66,0.256775032350511
"8468",2017,67,0.26825736493842
"8469",2017,68,0.286563425744303
"8470",2017,69,0.288436997762559
"8471",2017,70,0.298557612380249
"8472",2017,71,0.276210156816133
"8473",2017,72,0.262090115169714
"8474",2017,73,0.292415360809534
"8475",2017,74,0.311405822149224
"8476",2017,75,0.32616416424722
"8477",2017,76,0.336622266216292
"8478",2017,77,0.338810509400896
"8479",2017,78,0.352985580888142
"8480",2017,79,0.36824446167955
"8481",2017,80,0.384705913190822
"8482",2017,81,0.391398262288175
"8483",2017,82,0.391727507722457
"8484",2017,83,0.326468500205938
"8485",2017,84,0.331913275977674
"8486",2017,85,0.343851233785247
"8487",2017,86,0.366730886444482
"8488",2017,87,0.375208558298379
"8489",2017,88,0.343294346393686
"8490",2017,89,0.34924743300308
"8491",2017,90,0.393094419064164
"8492",2017,91,0.379472269471423
"8493",2017,92,0.326355605096418
"8494",2017,93,0.370694363260374
"8495",2017,94,0.389787625167891
"8496",2017,95,0.349853475270985
"8497",2017,96,0.380870473401227
"8498",2017,97,0.427596584997675
"8499",2017,98,0.450765259408119
"8500",2017,99,0.463184918812759
"8501",2017,100,0.45811887063825
"8502",2017,101,0.460796034228376
"8503",2017,102,0.477243953228621
"8504",2017,103,0.47111381902645
"8505",2017,104,0.479825589133257
"8506",2017,105,0.503162885834571
"8507",2017,106,0.508448311404331
"8508",2017,107,0.487484770652648
"8509",2017,108,0.508202163470154
"8510",2017,109,0.526808439215609
"8511",2017,110,0.525828213436452
"8512",2017,111,0.538629534581891
"8513",2017,112,0.443416205049173
"8514",2017,113,0.457840166517072
"8515",2017,114,0.521018960847756
"8516",2017,115,0.55609728140739
"8517",2017,116,0.514786153276907
"8518",2017,117,0.530362363188222
"8519",2017,118,0.543144726325025
"8520",2017,119,0.456824231346018
"8521",2017,120,0.425765654936678
"8522",2017,121,0.47992121895527
"8523",2017,122,0.547733692298175
"8524",2017,123,0.533342198776405
"8525",2017,124,0.493199931107635
"8526",2017,125,0.526808283092197
"8527",2017,126,0.57171128475904
"8528",2017,127,0.587821066489096
"8529",2017,128,0.590316902670334
"8530",2017,129,0.5806783481132
"8531",2017,130,0.552523088358057
"8532",2017,131,0.551138030555193
"8533",2017,132,0.548527896957427
"8534",2017,133,0.581493361077173
"8535",2017,134,0.620061872946365
"8536",2017,135,0.635807201325192
"8537",2017,136,0.620026998678035
"8538",2017,137,0.580541562122284
"8539",2017,138,0.59536426841457
"8540",2017,139,0.603407969139228
"8541",2017,140,0.57228657321281
"8542",2017,141,0.578276811453909
"8543",2017,142,0.601356478592896
"8544",2017,143,0.567750602806963
"8545",2017,144,0.582895755228082
"8546",2017,145,0.63628926310359
"8547",2017,146,0.66913115086459
"8548",2017,147,0.676348077938642
"8549",2017,148,0.643518006101682
"8550",2017,149,0.616773096151549
"8551",2017,150,0.610730055164639
"8552",2017,151,0.619270463525526
"8553",2017,152,0.624889275630519
"8554",2017,153,0.619057487628791
"8555",2017,154,0.61497363141088
"8556",2017,155,0.634161213400985
"8557",2017,156,0.655834447224466
"8558",2017,157,0.663910407508007
"8559",2017,158,0.672769743196769
"8560",2017,159,0.666045401903207
"8561",2017,160,0.688254170114097
"8562",2017,161,0.719621585968349
"8563",2017,162,0.740864280248952
"8564",2017,163,0.742137415283959
"8565",2017,164,0.740136613023088
"8566",2017,165,0.742951060364325
"8567",2017,166,0.751093188283877
"8568",2017,167,0.776122933984779
"8569",2017,168,0.7650382286508
"8570",2017,169,0.739804189689045
"8571",2017,170,0.707533864781931
"8572",2017,171,0.724097073762937
"8573",2017,172,0.737857972114421
"8574",2017,173,0.76646710864539
"8575",2017,174,0.795043770073127
"8576",2017,175,0.719177563314923
"8577",2017,176,0.700708110976884
"8578",2017,177,0.692113557446392
"8579",2017,178,0.708002475397893
"8580",2017,179,0.737310203164492
"8581",2017,180,0.770057202803597
"8582",2017,181,0.776390235438071
"8583",2017,182,0.764467220824224
"8584",2017,183,0.73863070896382
"8585",2017,184,0.742125568482369
"8586",2017,185,0.733170208124936
"8587",2017,186,0.710479111403923
"8588",2017,187,0.695147223264634
"8589",2017,188,0.686737063955773
"8590",2017,189,0.693108894146671
"8591",2017,190,0.704177551637239
"8592",2017,191,0.726652936601474
"8593",2017,192,0.726752573318872
"8594",2017,193,0.72074129766267
"8595",2017,194,0.69723451274098
"8596",2017,195,0.669499983154355
"8597",2017,196,0.661957934575074
"8598",2017,197,0.671245775410866
"8599",2017,198,0.6917076767375
"8600",2017,199,0.698877329145854
"8601",2017,200,0.686396577337824
"8602",2017,201,0.685109546335095
"8603",2017,202,0.699478781433802
"8604",2017,203,0.70264934234129
"8605",2017,204,0.684019578051239
"8606",2017,205,0.686978722597153
"8607",2017,206,0.700949154651703
"8608",2017,207,0.71244642906948
"8609",2017,208,0.709779947123524
"8610",2017,209,0.703365552962615
"8611",2017,210,0.69734715530495
"8612",2017,211,0.693376014705538
"8613",2017,212,0.696691127005218
"8614",2017,213,0.678399238565301
"8615",2017,214,0.652887225381263
"8616",2017,215,0.648447957893742
"8617",2017,216,0.65678741076296
"8618",2017,217,0.670069702636854
"8619",2017,218,0.684782989957388
"8620",2017,219,0.67236621147332
"8621",2017,220,0.655936910398203
"8622",2017,221,0.643196443231621
"8623",2017,222,0.662883257421419
"8624",2017,223,0.666036843018569
"8625",2017,224,0.657310577713462
"8626",2017,225,0.657787276985571
"8627",2017,226,0.647149654773981
"8628",2017,227,0.646985353494798
"8629",2017,228,0.649037019826515
"8630",2017,229,0.639360231606274
"8631",2017,230,0.62163821721092
"8632",2017,231,0.614940710541658
"8633",2017,232,0.603977878116774
"8634",2017,233,0.585841805371702
"8635",2017,234,0.593963858952617
"8636",2017,235,0.584450934596298
"8637",2017,236,0.569350995217423
"8638",2017,237,0.561880711160854
"8639",2017,238,0.543067789361154
"8640",2017,239,0.538896990651411
"8641",2017,240,0.530618513869947
"8642",2017,241,0.525818612544703
"8643",2017,242,0.506526149105162
"8644",2017,243,0.513219111875903
"8645",2017,244,0.516260800374567
"8646",2017,245,0.521135506815539
"8647",2017,246,0.513577668225695
"8648",2017,247,0.508505695632522
"8649",2017,248,0.499453316740797
"8650",2017,249,0.486492760352821
"8651",2017,250,0.485502408508436
"8652",2017,251,0.48782174321876
"8653",2017,252,0.467852780206509
"8654",2017,253,0.463695696823581
"8655",2017,254,0.451851393620787
"8656",2017,255,0.46437443721575
"8657",2017,256,0.481532604389841
"8658",2017,257,0.50370773940721
"8659",2017,258,0.4852299055925
"8660",2017,259,0.442104861118552
"8661",2017,260,0.450189888147273
"8662",2017,261,0.45412833507975
"8663",2017,262,0.447387034417296
"8664",2017,263,0.449462493485983
"8665",2017,264,0.441021401678199
"8666",2017,265,0.429603894340508
"8667",2017,266,0.417859448672502
"8668",2017,267,0.398629147232519
"8669",2017,268,0.387063049786704
"8670",2017,269,0.366994979681198
"8671",2017,270,0.327260589635088
"8672",2017,271,0.320690482703408
"8673",2017,272,0.323003587308913
"8674",2017,273,0.311779053232199
"8675",2017,274,0.332442664078124
"8676",2017,275,0.336309818566119
"8677",2017,276,0.338702537849145
"8678",2017,277,0.320667192589839
"8679",2017,278,0.317646706815924
"8680",2017,279,0.328489628472169
"8681",2017,280,0.297915651011639
"8682",2017,281,0.285397516549994
"8683",2017,282,0.286470893809914
"8684",2017,283,0.215693273141204
"8685",2017,284,0.235148797537243
"8686",2017,285,0.254632444187479
"8687",2017,286,0.271681067516145
"8688",2017,287,0.270745069533901
"8689",2017,288,0.209332263187884
"8690",2017,289,0.199491381985534
"8691",2017,290,0.211373858064338
"8692",2017,291,0.22056047693733
"8693",2017,292,0.232118351612874
"8694",2017,293,0.220652712553932
"8695",2017,294,0.211836035646623
"8696",2017,295,0.196182133036415
"8697",2017,296,0.192726838621336
"8698",2017,297,0.174464604945307
"8699",2017,298,0.164324981025317
"8700",2017,299,0.175874423022308
"8701",2017,300,0.149544643023327
"8702",2017,301,0.132521234719368
"8703",2017,302,0.144940444676636
"8704",2017,303,0.154302417249485
"8705",2017,304,0.142685904062567
"8706",2017,305,0.146386345591417
"8707",2017,306,0.15983021884954
"8708",2017,307,0.161543764003131
"8709",2017,308,0.163617513527299
"8710",2017,309,0.165592220163875
"8711",2017,310,0.165807008304251
"8712",2017,311,0.163229375621092
"8713",2017,312,0.117092365623126
"8714",2017,313,0.114751826819356
"8715",2017,314,0.126690853848211
"8716",2017,315,0.137979993038683
"8717",2017,316,0.128872351718199
"8718",2017,317,0.128666164193572
"8719",2017,318,0.139754168628635
"8720",2017,319,0.129571262829402
"8721",2017,320,0.126077194705858
"8722",2017,321,0.133276442484801
"8723",2017,322,0.121126248681051
"8724",2017,323,0.0918572843292589
"8725",2017,324,0.094562598607224
"8726",2017,325,0.105469834869752
"8727",2017,326,0.0948264863633357
"8728",2017,327,0.0952986414451027
"8729",2017,328,0.105808701716106
"8730",2017,329,0.10889521037081
"8731",2017,330,0.102946309183963
"8732",2017,331,0.106010098617436
"8733",2017,332,0.110157556580334
"8734",2017,333,0.0885698369665753
"8735",2017,334,0.0888152903614889
"8736",2017,335,0.0949231857164049
"8737",2017,336,0.0982386374764152
"8738",2017,337,0.0987771004277953
"8739",2017,338,0.0942033694078554
"8740",2017,339,0.0747754987375195
"8741",2017,340,0.06553448646473
"8742",2017,341,0.0450130615429694
"8743",2017,342,0.0414825297014575
"8744",2017,343,0.0557918161626106
"8745",2017,344,0.0651559892231288
"8746",2017,345,0.0682752847020194
"8747",2017,346,0.0664963765427823
"8748",2017,347,0.0696911729948844
"8749",2017,348,0.0704750321905731
"8750",2017,349,0.0619860251296207
"8751",2017,350,0.0601438994180709
"8752",2017,351,0.0697251347489387
"8753",2017,352,0.0745533736346527
"8754",2017,353,0.0716356488633625
"8755",2017,354,0.0737117187461957
"8756",2017,355,0.0818283126576556
"8757",2017,356,0.0715005588976576
"8758",2017,357,0.0647706188089098
"8759",2017,358,0.0766486034379563
"8760",2017,359,0.0786141640879924
"8761",2017,360,0.0844324128256601
"8762",2017,361,0.0703149323193492
"8763",2017,362,0.0735941812839967
"8764",2017,363,0.0831975224338045
"8765",2017,364,0.0915596288452005
"8766",2017,365,0.0788405479220641
"8767",2018,1,0.0486779561474945
"8768",2018,2,0.0501131363887455
"8769",2018,3,0.0581604794931504
"8770",2018,4,0.0659425957901083
"8771",2018,5,0.0801484671090457
"8772",2018,6,0.0847116918576156
"8773",2018,7,0.0905196677824309
"8774",2018,8,0.0879899450396451
"8775",2018,9,0.095596569321328
"8776",2018,10,0.104583183123684
"8777",2018,11,0.0856105547389223
"8778",2018,12,0.0819884408471702
"8779",2018,13,0.0821981402753706
"8780",2018,14,0.0855390997960515
"8781",2018,15,0.0899224596086404
"8782",2018,16,0.0594936480341966
"8783",2018,17,0.0610987611638542
"8784",2018,18,0.0804757779869103
"8785",2018,19,0.0912248784924138
"8786",2018,20,0.107435290244119
"8787",2018,21,0.108098288991308
"8788",2018,22,0.0920451031418418
"8789",2018,23,0.0917808663430256
"8790",2018,24,0.0956293031830777
"8791",2018,25,0.101969974283221
"8792",2018,26,0.122550516947258
"8793",2018,27,0.112059251607374
"8794",2018,28,0.114226846689317
"8795",2018,29,0.118305372507046
"8796",2018,30,0.124404508082509
"8797",2018,31,0.144660686755972
"8798",2018,32,0.145719674516322
"8799",2018,33,0.131688442698604
"8800",2018,34,0.146158386316025
"8801",2018,35,0.168317455275238
"8802",2018,36,0.161782968745209
"8803",2018,37,0.166020803855373
"8804",2018,38,0.149828292131759
"8805",2018,39,0.154328380746306
"8806",2018,40,0.166672751915847
"8807",2018,41,0.184233519140751
"8808",2018,42,0.149049434320339
"8809",2018,43,0.153359090428292
"8810",2018,44,0.17749647018472
"8811",2018,45,0.201937098898647
"8812",2018,46,0.231804874537228
"8813",2018,47,0.214294973125361
"8814",2018,48,0.204491334041099
"8815",2018,49,0.222814724543406
"8816",2018,50,0.224216508984569
"8817",2018,51,0.225386282452105
"8818",2018,52,0.186231952109592
"8819",2018,53,0.180164370360071
"8820",2018,54,0.204324165516812
"8821",2018,55,0.206565322760551
"8822",2018,56,0.196214044313152
"8823",2018,57,0.208022691209499
"8824",2018,58,0.228905920664406
"8825",2018,59,0.248854164731452
"8826",2018,60,0.209304499011044
"8827",2018,61,0.22192791582726
"8828",2018,62,0.252765455598434
"8829",2018,63,0.271821251749738
"8830",2018,64,0.25849739327379
"8831",2018,65,0.227840641057674
"8832",2018,66,0.233103571340189
"8833",2018,67,0.255038234328232
"8834",2018,68,0.279485805064479
"8835",2018,69,0.287971460550461
"8836",2018,70,0.258653556066216
"8837",2018,71,0.241171339675812
"8838",2018,72,0.24654982544096
"8839",2018,73,0.260140981752444
"8840",2018,74,0.287554432001965
"8841",2018,75,0.298835409743197
"8842",2018,76,0.301356534705043
"8843",2018,77,0.312842080858139
"8844",2018,78,0.300050941478077
"8845",2018,79,0.284351279421337
"8846",2018,80,0.312095343519146
"8847",2018,81,0.35308872101691
"8848",2018,82,0.380188881739441
"8849",2018,83,0.375805550003455
"8850",2018,84,0.372001908015192
"8851",2018,85,0.366868101110906
"8852",2018,86,0.342592583739732
"8853",2018,87,0.323415487201564
"8854",2018,88,0.33405841729926
"8855",2018,89,0.357741831355569
"8856",2018,90,0.387526973792337
"8857",2018,91,0.405328958265901
"8858",2018,92,0.412173281661668
"8859",2018,93,0.414610446647465
"8860",2018,94,0.371584446638996
"8861",2018,95,0.403522323744965
"8862",2018,96,0.424522091048108
"8863",2018,97,0.384275421683518
"8864",2018,98,0.430876024322341
"8865",2018,99,0.448990258163178
"8866",2018,100,0.43026341279409
"8867",2018,101,0.46315451521246
"8868",2018,102,0.497617977012683
"8869",2018,103,0.478494972758892
"8870",2018,104,0.397817437696602
"8871",2018,105,0.41642808136638
"8872",2018,106,0.467514063098321
"8873",2018,107,0.50214404775009
"8874",2018,108,0.478734001047952
"8875",2018,109,0.474119957285943
"8876",2018,110,0.49533999694611
"8877",2018,111,0.474604762839479
"8878",2018,112,0.454969425765154
"8879",2018,113,0.484719243289181
"8880",2018,114,0.521597260295873
"8881",2018,115,0.461464981604835
"8882",2018,116,0.469924207747047
"8883",2018,117,0.466230965051562
"8884",2018,118,0.495266019688724
"8885",2018,119,0.523090976302318
"8886",2018,120,0.546149761112747
"8887",2018,121,0.543157947512673
"8888",2018,122,0.546422433634478
"8889",2018,123,0.536370396997679
"8890",2018,124,0.531788944731979
"8891",2018,125,0.526729774317576
"8892",2018,126,0.545339754853136
"8893",2018,127,0.57775521648138
"8894",2018,128,0.610315412527302
"8895",2018,129,0.642939382945908
"8896",2018,130,0.649923684225732
"8897",2018,131,0.65571884912118
"8898",2018,132,0.641749124925475
"8899",2018,133,0.633813358900491
"8900",2018,134,0.619976561599449
"8901",2018,135,0.620224712008074
"8902",2018,136,0.636913636032192
"8903",2018,137,0.664205890575366
"8904",2018,138,0.653268731817663
"8905",2018,139,0.644189418302097
"8906",2018,140,0.603671866550285
"8907",2018,141,0.612088330444038
"8908",2018,142,0.621449421766347
"8909",2018,143,0.637211539177128
"8910",2018,144,0.634187198532181
"8911",2018,145,0.656882291021564
"8912",2018,146,0.68930519796353
"8913",2018,147,0.710192517397941
"8914",2018,148,0.714245585237958
"8915",2018,149,0.698733028731162
"8916",2018,150,0.706268475103742
"8917",2018,151,0.720116930501433
"8918",2018,152,0.732163761398537
"8919",2018,153,0.73113673375368
"8920",2018,154,0.696742853954574
"8921",2018,155,0.674551946929031
"8922",2018,156,0.712772336118686
"8923",2018,157,0.735739086025079
"8924",2018,158,0.734005396987778
"8925",2018,159,0.733255983831542
"8926",2018,160,0.712648630050305
"8927",2018,161,0.709200959957548
"8928",2018,162,0.729287473733365
"8929",2018,163,0.748906368501444
"8930",2018,164,0.7164721824903
"8931",2018,165,0.703973187570683
"8932",2018,166,0.710291034517021
"8933",2018,167,0.705789208681728
"8934",2018,168,0.669271931086924
"8935",2018,169,0.69841306931424
"8936",2018,170,0.713735029547489
"8937",2018,171,0.734268236168844
"8938",2018,172,0.72561693392987
"8939",2018,173,0.744921691168947
"8940",2018,174,0.77717737503037
"8941",2018,175,0.780233251526251
"8942",2018,176,0.764406235935176
"8943",2018,177,0.755796411275582
"8944",2018,178,0.756546427268256
"8945",2018,179,0.763762542308988
"8946",2018,180,0.74340430298574
"8947",2018,181,0.720849332434364
"8948",2018,182,0.75400317601229
"8949",2018,183,0.745794774416529
"8950",2018,184,0.735635309063124
"8951",2018,185,0.74330535845794
"8952",2018,186,0.682645203941542
"8953",2018,187,0.678197899658357
"8954",2018,188,0.687372277873583
"8955",2018,189,0.676811323440674
"8956",2018,190,0.675423471921246
"8957",2018,191,0.667018531624314
"8958",2018,192,0.688248540806586
"8959",2018,193,0.70596426231833
"8960",2018,194,0.707566237525721
"8961",2018,195,0.715964049366664
"8962",2018,196,0.707095379517426
"8963",2018,197,0.700588520056646
"8964",2018,198,0.704375806194365
"8965",2018,199,0.72632017640769
"8966",2018,200,0.749187817518937
"8967",2018,201,0.741925304018207
"8968",2018,202,0.738883476756751
"8969",2018,203,0.747187508146819
"8970",2018,204,0.754800454843726
"8971",2018,205,0.735624971848525
"8972",2018,206,0.73776395385377
"8973",2018,207,0.721048225898065
"8974",2018,208,0.699321627094658
"8975",2018,209,0.690619359641117
"8976",2018,210,0.713134952113586
"8977",2018,211,0.721689278426706
"8978",2018,212,0.676556298781623
"8979",2018,213,0.680311498549753
"8980",2018,214,0.69958522692676
"8981",2018,215,0.714901273174275
"8982",2018,216,0.714071317103157
"8983",2018,217,0.686959182539116
"8984",2018,218,0.670087284468254
"8985",2018,219,0.685520437976713
"8986",2018,220,0.703312911088669
"8987",2018,221,0.673861922734223
"8988",2018,222,0.634747113065172
"8989",2018,223,0.593816904426556
"8990",2018,224,0.589408676389079
"8991",2018,225,0.612100336061509
"8992",2018,226,0.646616252737773
"8993",2018,227,0.660566339081466
"8994",2018,228,0.654352949957558
"8995",2018,229,0.646844271070566
"8996",2018,230,0.636074647832583
"8997",2018,231,0.641528492489143
"8998",2018,232,0.621730667764759
"8999",2018,233,0.624384051730879
"9000",2018,234,0.618059293942263
"9001",2018,235,0.619997440385373
"9002",2018,236,0.628017256239279
"9003",2018,237,0.620811339646602
"9004",2018,238,0.615860564290647
"9005",2018,239,0.614817709333595
"9006",2018,240,0.599501900317748
"9007",2018,241,0.591243100929108
"9008",2018,242,0.578881785771817
"9009",2018,243,0.575798793735174
"9010",2018,244,0.572629267500807
"9011",2018,245,0.53064736778241
"9012",2018,246,0.519431978612923
"9013",2018,247,0.510844086912655
"9014",2018,248,0.507217258602641
"9015",2018,249,0.489523556772832
"9016",2018,250,0.467587317151713
"9017",2018,251,0.453026553976321
"9018",2018,252,0.445930373550125
"9019",2018,253,0.454726002433634
"9020",2018,254,0.45979631704145
"9021",2018,255,0.463011030867481
"9022",2018,256,0.462591562936706
"9023",2018,257,0.450831072874217
"9024",2018,258,0.436620632601529
"9025",2018,259,0.418242873516189
"9026",2018,260,0.419438534584966
"9027",2018,261,0.43856573838396
"9028",2018,262,0.431677691760399
"9029",2018,263,0.407426495821317
"9030",2018,264,0.391942225359149
"9031",2018,265,0.360131826844022
"9032",2018,266,0.354444278729429
"9033",2018,267,0.371364515022965
"9034",2018,268,0.385284202995946
"9035",2018,269,0.343050590044086
"9036",2018,270,0.354122767178664
"9037",2018,271,0.35953975570841
"9038",2018,272,0.361510215551801
"9039",2018,273,0.356978584827615
"9040",2018,274,0.348163811716148
"9041",2018,275,0.343907335327255
"9042",2018,276,0.350801572302868
"9043",2018,277,0.349664888621769
"9044",2018,278,0.333382850696974
"9045",2018,279,0.310546468664865
"9046",2018,280,0.303219407104356
"9047",2018,281,0.28984998939945
"9048",2018,282,0.250594092266168
"9049",2018,283,0.24165178818468
"9050",2018,284,0.245722340481614
"9051",2018,285,0.258753640889718
"9052",2018,286,0.24868601297592
"9053",2018,287,0.234117895036866
"9054",2018,288,0.161022829732739
"9055",2018,289,0.138015433227645
"9056",2018,290,0.146655828017973
"9057",2018,291,0.158405413003435
"9058",2018,292,0.172079749056303
"9059",2018,293,0.170922129336932
"9060",2018,294,0.174191126703589
"9061",2018,295,0.17816451985158
"9062",2018,296,0.177167156097139
"9063",2018,297,0.183217930970921
"9064",2018,298,0.178214354966768
"9065",2018,299,0.172335506550089
"9066",2018,300,0.172927219524083
"9067",2018,301,0.175859438633362
"9068",2018,302,0.17572110022408
"9069",2018,303,0.177142861937726
"9070",2018,304,0.157046222099576
"9071",2018,305,0.129535844508598
"9072",2018,306,0.12918050015531
"9073",2018,307,0.137105035686435
"9074",2018,308,0.133661849843474
"9075",2018,309,0.145050971690065
"9076",2018,310,0.152764338108338
"9077",2018,311,0.150222178140917
"9078",2018,312,0.134739129355445
"9079",2018,313,0.106472049507743
"9080",2018,314,0.107194328226277
"9081",2018,315,0.115972878442467
"9082",2018,316,0.0874119033427807
"9083",2018,317,0.0674997687196246
"9084",2018,318,0.0772976172409151
"9085",2018,319,0.0872195602378282
"9086",2018,320,0.0937582085247621
"9087",2018,321,0.0970992679358378
"9088",2018,322,0.0882148201922699
"9089",2018,323,0.092987315982071
"9090",2018,324,0.0907879358780116
"9091",2018,325,0.0902716624625866
"9092",2018,326,0.094205519318354
"9093",2018,327,0.0973538163646688
"9094",2018,328,0.0999827491586864
"9095",2018,329,0.090804066886309
"9096",2018,330,0.0765825957916801
"9097",2018,331,0.0796525869580503
"9098",2018,332,0.0894695003727173
"9099",2018,333,0.100096102902978
"9100",2018,334,0.0983276742545504
"9101",2018,335,0.0863236308694037
"9102",2018,336,0.0818099304553488
"9103",2018,337,0.0781846892646043
"9104",2018,338,0.0760174310509364
"9105",2018,339,0.0734174859174511
"9106",2018,340,0.0776035932453419
"9107",2018,341,0.0732548841844289
"9108",2018,342,0.0647197013079279
"9109",2018,343,0.0664436366102083
"9110",2018,344,0.0683129468693821
"9111",2018,345,0.0710575159307327
"9112",2018,346,0.0787460623312305
"9113",2018,347,0.0650974866662281
"9114",2018,348,0.0577353105330399
"9115",2018,349,0.0618216547426783
"9116",2018,350,0.068358121908657
"9117",2018,351,0.0781657614981641
"9118",2018,352,0.0739602960047381
"9119",2018,353,0.07286771591598
"9120",2018,354,0.0688013422426328
"9121",2018,355,0.0722949058421524
"9122",2018,356,0.0818516116029179
"9123",2018,357,0.0740800029043537
"9124",2018,358,0.0791731808854111
"9125",2018,359,0.0864248586761015
"9126",2018,360,0.0808030064770543
"9127",2018,361,0.0699962113366231
"9128",2018,362,0.0593078278659989
"9129",2018,363,0.0462555132738998
"9130",2018,364,0.0586067246611808
"9131",2018,365,0.0643118939529978
"9132",2018,366,0.0930585026955343
"9133",2019,1,0.0599403697830431
"9134",2019,2,0.0475257834840059
"9135",2019,3,0.0588087348534606
"9136",2019,4,0.0690292330410942
"9137",2019,5,0.081092823955977
"9138",2019,6,0.0951219823817309
"9139",2019,7,0.0938712445059492
"9140",2019,8,0.0873796502664119
"9141",2019,9,0.0798273691525926
"9142",2019,10,0.0915104754878324
"9143",2019,11,0.0925819406061265
"9144",2019,12,0.0815885691895894
"9145",2019,13,0.0782754969408656
"9146",2019,14,0.079409675116813
"9147",2019,15,0.086358948300085
"9148",2019,16,0.0988253984428447
"9149",2019,17,0.102052351017884
"9150",2019,18,0.104827905540537
"9151",2019,19,0.096450001874219
"9152",2019,20,0.0988341038823439
"9153",2019,21,0.116688913219369
"9154",2019,22,0.110783294521964
"9155",2019,23,0.0881807136785323
"9156",2019,24,0.0934252086028832
"9157",2019,25,0.102532607226485
"9158",2019,26,0.106040726383515
"9159",2019,27,0.108619227406655
"9160",2019,28,0.113655755786724
"9161",2019,29,0.104692677483441
"9162",2019,30,0.118465248704894
"9163",2019,31,0.13643874007573
"9164",2019,32,0.14535457829647
"9165",2019,33,0.147121683309
"9166",2019,34,0.15865558309954
"9167",2019,35,0.169927605261863
"9168",2019,36,0.173608704128938
"9169",2019,37,0.184795473480097
"9170",2019,38,0.154874256284327
"9171",2019,39,0.12816495613935
"9172",2019,40,0.132985281269833
"9173",2019,41,0.153656082802413
"9174",2019,42,0.163226972991237
"9175",2019,43,0.151214611972924
"9176",2019,44,0.163394564940096
"9177",2019,45,0.191105211846476
"9178",2019,46,0.216070433189167
"9179",2019,47,0.216243344290229
"9180",2019,48,0.189492462052111
"9181",2019,49,0.174563328447484
"9182",2019,50,0.157215547026662
"9183",2019,51,0.159777893557166
"9184",2019,52,0.187196945089095
"9185",2019,53,0.203272256738472
"9186",2019,54,0.185270992802548
"9187",2019,55,0.184662948570055
"9188",2019,56,0.207295538196562
"9189",2019,57,0.226997072448746
"9190",2019,58,0.237657843875357
"9191",2019,59,0.252882764521659
"9192",2019,60,0.257297221397995
"9193",2019,61,0.265569588163892
"9194",2019,62,0.255786434778883
"9195",2019,63,0.175532408086985
"9196",2019,64,0.180265413777452
"9197",2019,65,0.22332004743883
"9198",2019,66,0.257623407318574
"9199",2019,67,0.283086971573763
"9200",2019,68,0.261371541744938
"9201",2019,69,0.261352196743287
"9202",2019,70,0.269511237532591
"9203",2019,71,0.277097819943378
"9204",2019,72,0.266732219638617
"9205",2019,73,0.263925434291305
"9206",2019,74,0.233368589220379
"9207",2019,75,0.228134222299896
"9208",2019,76,0.243978739651089
"9209",2019,77,0.253754537229153
"9210",2019,78,0.268193394255058
"9211",2019,79,0.271713053413488
"9212",2019,80,0.305177338494707
"9213",2019,81,0.324517534791635
"9214",2019,82,0.321188578594124
"9215",2019,83,0.335201776468076
"9216",2019,84,0.343605462309347
"9217",2019,85,0.356206690534334
"9218",2019,86,0.376830016405117
"9219",2019,87,0.397540858060747
"9220",2019,88,0.390030601648228
"9221",2019,89,0.337547200027111
"9222",2019,90,0.293859407646572
"9223",2019,91,0.311275685536284
"9224",2019,92,0.349816993661663
"9225",2019,93,0.392297447348026
"9226",2019,94,0.407207982897341
"9227",2019,95,0.408893860052782
"9228",2019,96,0.398882083425823
"9229",2019,97,0.413757063283347
"9230",2019,98,0.433447220609557
"9231",2019,99,0.455673134332704
"9232",2019,100,0.472681361241396
"9233",2019,101,0.415401821324217
"9234",2019,102,0.388471042401956
"9235",2019,103,0.382854121358478
"9236",2019,104,0.398540845436552
"9237",2019,105,0.452578830421241
"9238",2019,106,0.481397788313397
"9239",2019,107,0.478381895339918
"9240",2019,108,0.455090004943632
"9241",2019,109,0.464221169046154
"9242",2019,110,0.49167506206943
"9243",2019,111,0.519143557310432
"9244",2019,112,0.52080393206439
"9245",2019,113,0.478695335860926
"9246",2019,114,0.45142770537398
"9247",2019,115,0.490055665072454
"9248",2019,116,0.518286594945058
"9249",2019,117,0.558042562513711
"9250",2019,118,0.572188993053351
"9251",2019,119,0.56664787999086
"9252",2019,120,0.561929632379737
"9253",2019,121,0.540681557950761
"9254",2019,122,0.53595953100859
"9255",2019,123,0.553231407819654
"9256",2019,124,0.547735775452302
"9257",2019,125,0.563314725494289
"9258",2019,126,0.57467733204983
"9259",2019,127,0.58419682963525
"9260",2019,128,0.554962192599459
"9261",2019,129,0.525066421506473
"9262",2019,130,0.473225002670607
"9263",2019,131,0.487246571406196
"9264",2019,132,0.513770349354782
"9265",2019,133,0.514216970501252
"9266",2019,134,0.537248614523325
"9267",2019,135,0.571428229339084
"9268",2019,136,0.606769454051238
"9269",2019,137,0.62687821972672
"9270",2019,138,0.602043108430425
"9271",2019,139,0.596326191793398
"9272",2019,140,0.624132988512673
"9273",2019,141,0.573995894647173
"9274",2019,142,0.596051518586988
"9275",2019,143,0.649908715965851
"9276",2019,144,0.659814941630197
"9277",2019,145,0.666565505315128
"9278",2019,146,0.66940549645326
"9279",2019,147,0.661662245629385
"9280",2019,148,0.642846047994936
"9281",2019,149,0.640626265873703
"9282",2019,150,0.599331176531123
"9283",2019,151,0.629602388273865
"9284",2019,152,0.646331783195934
"9285",2019,153,0.649530918632428
"9286",2019,154,0.638313477041983
"9287",2019,155,0.638686326751789
"9288",2019,156,0.640569343162462
"9289",2019,157,0.650110602530253
"9290",2019,158,0.676602412458459
"9291",2019,159,0.703563463163053
"9292",2019,160,0.711037476586548
"9293",2019,161,0.625404565524644
"9294",2019,162,0.629483886107829
"9295",2019,163,0.656397577499126
"9296",2019,164,0.666762190067643
"9297",2019,165,0.696109116177313
"9298",2019,166,0.712211265323805
"9299",2019,167,0.712299301353656
"9300",2019,168,0.701212449244952
"9301",2019,169,0.685158606084642
"9302",2019,170,0.710129377148151
"9303",2019,171,0.717178768462606
"9304",2019,172,0.737340002011817
"9305",2019,173,0.731084442016834
"9306",2019,174,0.714015706906057
"9307",2019,175,0.711532946559137
"9308",2019,176,0.711500283714916
"9309",2019,177,0.721696402210404
"9310",2019,178,0.718404450041207
"9311",2019,179,0.717571937882074
"9312",2019,180,0.709013293707283
"9313",2019,181,0.711191313400026
"9314",2019,182,0.725928672243821
"9315",2019,183,0.733972796105173
"9316",2019,184,0.748799034580034
"9317",2019,185,0.753191088427998
"9318",2019,186,0.75263712967801
"9319",2019,187,0.729472458208368
"9320",2019,188,0.699660988903765
"9321",2019,189,0.719366824493851
"9322",2019,190,0.743966538782968
"9323",2019,191,0.753007154212289
"9324",2019,192,0.738279564078772
"9325",2019,193,0.715727653374148
"9326",2019,194,0.716174867613119
"9327",2019,195,0.709039998418829
"9328",2019,196,0.719561826355504
"9329",2019,197,0.737672436589383
"9330",2019,198,0.741664204697992
"9331",2019,199,0.731147600417661
"9332",2019,200,0.749477953917697
"9333",2019,201,0.757688195976011
"9334",2019,202,0.747835422005979
"9335",2019,203,0.717120741472487
"9336",2019,204,0.678071687978055
"9337",2019,205,0.660310257590105
"9338",2019,206,0.675384509160855
"9339",2019,207,0.689177176438771
"9340",2019,208,0.704189422664687
"9341",2019,209,0.725774334011708
"9342",2019,210,0.707658032762852
"9343",2019,211,0.691166884666311
"9344",2019,212,0.703023118978646
"9345",2019,213,0.717686569665087
"9346",2019,214,0.720374383946537
"9347",2019,215,0.730225381621382
"9348",2019,216,0.719698194990924
"9349",2019,217,0.718678069375211
"9350",2019,218,0.716964543540176
"9351",2019,219,0.726427068132614
"9352",2019,220,0.719267059897919
"9353",2019,221,0.716540742775831
"9354",2019,222,0.698425628399446
"9355",2019,223,0.700560967363313
"9356",2019,224,0.700892626032448
"9357",2019,225,0.703528981669505
"9358",2019,226,0.668262299999842
"9359",2019,227,0.660363121404763
"9360",2019,228,0.661258837942297
"9361",2019,229,0.68165995207292
"9362",2019,230,0.68967006095503
"9363",2019,231,0.681423985052234
"9364",2019,232,0.654216854987975
"9365",2019,233,0.635963287471659
"9366",2019,234,0.623532119114825
"9367",2019,235,0.60890790869062
"9368",2019,236,0.603284448923537
"9369",2019,237,0.625277658678126
"9370",2019,238,0.649624204854251
"9371",2019,239,0.628415674816723
"9372",2019,240,0.58081355021689
"9373",2019,241,0.590684745514377
"9374",2019,242,0.577933958194244
"9375",2019,243,0.558014531011612
"9376",2019,244,0.545062308018324
"9377",2019,245,0.532793541238134
"9378",2019,246,0.535686535711804
"9379",2019,247,0.523918090877474
"9380",2019,248,0.522131897316207
"9381",2019,249,0.528782193583702
"9382",2019,250,0.521535124737173
"9383",2019,251,0.524173209686557
"9384",2019,252,0.495992634278301
"9385",2019,253,0.474160137946282
"9386",2019,254,0.485900215520164
"9387",2019,255,0.479830572883245
"9388",2019,256,0.465720215457502
"9389",2019,257,0.454898647136031
"9390",2019,258,0.449431048061173
"9391",2019,259,0.441612349817186
"9392",2019,260,0.448405259194944
"9393",2019,261,0.437887654341941
"9394",2019,262,0.438175026639567
"9395",2019,263,0.444276785891664
"9396",2019,264,0.413434148574911
"9397",2019,265,0.400044219510676
"9398",2019,266,0.397570533335577
"9399",2019,267,0.397656299423474
"9400",2019,268,0.390481186518029
"9401",2019,269,0.387796898148774
"9402",2019,270,0.386293403041437
"9403",2019,271,0.375398331895648
"9404",2019,272,0.376754844510354
"9405",2019,273,0.36998212178976
"9406",2019,274,0.36337885708493
"9407",2019,275,0.342022104584786
"9408",2019,276,0.33368285108934
"9409",2019,277,0.318966790542779
"9410",2019,278,0.319660886734639
"9411",2019,279,0.313690238233445
"9412",2019,280,0.272280279557899
"9413",2019,281,0.272045278267889
"9414",2019,282,0.282381582865295
"9415",2019,283,0.278631159379236
"9416",2019,284,0.204652253259462
"9417",2019,285,0.204763774609634
"9418",2019,286,0.222228563120448
"9419",2019,287,0.229810012569197
"9420",2019,288,0.234828700463046
"9421",2019,289,0.206361497805061
"9422",2019,290,0.205310666888021
"9423",2019,291,0.2169529865353
"9424",2019,292,0.217478414789162
"9425",2019,293,0.213168851976612
"9426",2019,294,0.19155726212509
"9427",2019,295,0.18585591959306
"9428",2019,296,0.189904923640016
"9429",2019,297,0.166690613877125
"9430",2019,298,0.129213905980581
"9431",2019,299,0.139769445154697
"9432",2019,300,0.16117931493389
"9433",2019,301,0.172098246497123
"9434",2019,302,0.165161545712231
"9435",2019,303,0.144778161743385
"9436",2019,304,0.115227780278637
"9437",2019,305,0.130422825927556
"9438",2019,306,0.126619166087027
"9439",2019,307,0.138220998005573
"9440",2019,308,0.159034344947077
"9441",2019,309,0.160079085669005
"9442",2019,310,0.154636293766658
"9443",2019,311,0.131729493783576
"9444",2019,312,0.108869312647888
"9445",2019,313,0.125640538477375
"9446",2019,314,0.141890407721456
"9447",2019,315,0.124916752955732
"9448",2019,316,0.079295124363571
"9449",2019,317,0.081261458114901
"9450",2019,318,0.0882659584560341
"9451",2019,319,0.0928252878318686
"9452",2019,320,0.0990333787880929
"9453",2019,321,0.104342418266018
"9454",2019,322,0.107552536445493
"9455",2019,323,0.115686323745127
"9456",2019,324,0.116243818210072
"9457",2019,325,0.112622050252995
"9458",2019,326,0.0981591349987893
"9459",2019,327,0.0923764023982807
"9460",2019,328,0.0947831660528339
"9461",2019,329,0.0973032117332149
"9462",2019,330,0.099238536088063
"9463",2019,331,0.0795143271614279
"9464",2019,332,0.081337922417746
"9465",2019,333,0.0991943065881857
"9466",2019,334,0.098912938845653
"9467",2019,335,0.0828334087239759
"9468",2019,336,0.0832755039805765
"9469",2019,337,0.0877336728146982
"9470",2019,338,0.0882837557278978
"9471",2019,339,0.0918217648022641
"9472",2019,340,0.0823013381364044
"9473",2019,341,0.0847497038330885
"9474",2019,342,0.0914413231179747
"9475",2019,343,0.0836976819417923
"9476",2019,344,0.0717976818534194
"9477",2019,345,0.0645872464624564
"9478",2019,346,0.0730891214802531
"9479",2019,347,0.0807408113667018
"9480",2019,348,0.0861291131232748
"9481",2019,349,0.0934151829204169
"9482",2019,350,0.0760223270317309
"9483",2019,351,0.0536339480883213
"9484",2019,352,0.0521366189296424
"9485",2019,353,0.0566937135336635
"9486",2019,354,0.0630701109444364
"9487",2019,355,0.0641723788407089
"9488",2019,356,0.068747860249243
"9489",2019,357,0.0742334585824944
"9490",2019,358,0.0769737189511646
"9491",2019,359,0.0785983649291493
"9492",2019,360,0.0785846957932905
"9493",2019,361,0.0786576223866728
"9494",2019,362,0.0724756203842075
"9495",2019,363,0.0600088628873969
"9496",2019,364,0.0592291217335916
"9497",2019,365,0.063971508821092
"9498",2020,1,0.0646374915759273
"9499",2020,2,0.0669653442156254
"9500",2020,3,0.0672360714869127
"9501",2020,4,0.0713734793441846
"9502",2020,5,0.0827735827998486
"9503",2020,6,0.084341531280331
"9504",2020,7,0.0749833853391346
"9505",2020,8,0.0831330101590626
"9506",2020,9,0.0941846702855841
"9507",2020,10,0.08488541590788
"9508",2020,11,0.0731535582256218
"9509",2020,12,0.0837752173934338
"9510",2020,13,0.0958177948292441
"9511",2020,14,0.104281380734607
"9512",2020,15,0.105528009030513
"9513",2020,16,0.0946379668988624
"9514",2020,17,0.0958280574320659
"9515",2020,18,0.0985682681827069
"9516",2020,19,0.0925463329781678
"9517",2020,20,0.0938938892204723
"9518",2020,21,0.100249571380456
"9519",2020,22,0.108416312102028
"9520",2020,23,0.108711096927762
"9521",2020,24,0.111646408231587
"9522",2020,25,0.118614234810834
"9523",2020,26,0.125033065145697
"9524",2020,27,0.126351365482035
"9525",2020,28,0.118567031303643
"9526",2020,29,0.112740796261424
"9527",2020,30,0.110513004695748
"9528",2020,31,0.107423255867759
"9529",2020,32,0.116378567825857
"9530",2020,33,0.133480883640717
"9531",2020,34,0.150595409658544
"9532",2020,35,0.149908875295454
"9533",2020,36,0.0924469218737256
"9534",2020,37,0.110794529277319
"9535",2020,38,0.147882232606955
"9536",2020,39,0.163163350266008
"9537",2020,40,0.173664755660512
"9538",2020,41,0.175809733479509
"9539",2020,42,0.153975812149395
"9540",2020,43,0.134379841598532
"9541",2020,44,0.145032034638797
"9542",2020,45,0.161496185124471
"9543",2020,46,0.177650108658708
"9544",2020,47,0.196222991609629
"9545",2020,48,0.209853525282945
"9546",2020,49,0.203835999154451
"9547",2020,50,0.179714410536739
"9548",2020,51,0.163588639973893
"9549",2020,52,0.161124414856529
"9550",2020,53,0.192574080079031
"9551",2020,54,0.219109443460363
"9552",2020,55,0.213368036131127
"9553",2020,56,0.186881297313715
"9554",2020,57,0.154100701456999
"9555",2020,58,0.170713091523231
"9556",2020,59,0.197991607712951
"9557",2020,60,0.231606131189796
"9558",2020,61,0.24863840746812
"9559",2020,62,0.245458999347813
"9560",2020,63,0.219950177481294
"9561",2020,64,0.197073337369396
"9562",2020,65,0.213338862943322
"9563",2020,66,0.230444684741311
"9564",2020,67,0.257538036303049
"9565",2020,68,0.272227061294683
"9566",2020,69,0.275371532805789
"9567",2020,70,0.285081795409272
"9568",2020,71,0.297356917739203
"9569",2020,72,0.308438376922368
"9570",2020,73,0.303926577071335
"9571",2020,74,0.315236845865045
"9572",2020,75,0.320367092864119
"9573",2020,76,0.319934973736917
"9574",2020,77,0.321688438730692
"9575",2020,78,0.313017170223825
"9576",2020,79,0.32098194737004
"9577",2020,80,0.296907794677088
"9578",2020,81,0.294647353555164
"9579",2020,82,0.320023041415713
"9580",2020,83,0.35498691031728
"9581",2020,84,0.363403538385873
"9582",2020,85,0.372894790476317
"9583",2020,86,0.397700126424314
"9584",2020,87,0.386110265837099
"9585",2020,88,0.32972619338923
"9586",2020,89,0.342346461181022
"9587",2020,90,0.36267720423465
"9588",2020,91,0.369461834940952
"9589",2020,92,0.386715601379465
"9590",2020,93,0.420264633858686
"9591",2020,94,0.398396737347126
"9592",2020,95,0.374028087709383
"9593",2020,96,0.406085070482199
"9594",2020,97,0.420097143306681
"9595",2020,98,0.432356080554546
"9596",2020,99,0.452226180577964
"9597",2020,100,0.458225710605429
"9598",2020,101,0.455913210244934
"9599",2020,102,0.455453201555752
"9600",2020,103,0.42820130093804
"9601",2020,104,0.413441386431386
"9602",2020,105,0.402833817019177
"9603",2020,106,0.404232294677932
"9604",2020,107,0.440909065139086
"9605",2020,108,0.456474548728054
"9606",2020,109,0.47287614885901
"9607",2020,110,0.477121901603948
"9608",2020,111,0.48097283438406
"9609",2020,112,0.511795271507039
"9610",2020,113,0.520058143193632
"9611",2020,114,0.506590016763969
"9612",2020,115,0.530142379210616
"9613",2020,116,0.511815835932899
"9614",2020,117,0.52095546750386
"9615",2020,118,0.569629568360635
"9616",2020,119,0.575373765076235
"9617",2020,120,0.539194751443141
"9618",2020,121,0.542359219005385
"9619",2020,122,0.587415159532816
"9620",2020,123,0.616122858733661
"9621",2020,124,0.61252144975747
"9622",2020,125,0.62571334485881
"9623",2020,126,0.566412173480808
"9624",2020,127,0.570290040942692
"9625",2020,128,0.607709868424275
"9626",2020,129,0.559832077052975
"9627",2020,130,0.536434636761255
"9628",2020,131,0.561531939653539
"9629",2020,132,0.571516996123953
"9630",2020,133,0.58117858053298
"9631",2020,134,0.603506785886273
"9632",2020,135,0.610477427395922
"9633",2020,136,0.619896989425167
"9634",2020,137,0.602758566517706
"9635",2020,138,0.617048600984313
"9636",2020,139,0.652225545562562
"9637",2020,140,0.678322171030176
"9638",2020,141,0.667540311060046
"9639",2020,142,0.630779131999982
"9640",2020,143,0.638941348286467
"9641",2020,144,0.653319555709946
"9642",2020,145,0.645847499238686
"9643",2020,146,0.62559419091173
"9644",2020,147,0.602946532492533
"9645",2020,148,0.647624433769802
"9646",2020,149,0.66448459498118
"9647",2020,150,0.64528799078718
"9648",2020,151,0.628800279615835
"9649",2020,152,0.620553763296917
"9650",2020,153,0.623864582703221
"9651",2020,154,0.649835173532832
"9652",2020,155,0.680634533225486
"9653",2020,156,0.713628729592332
"9654",2020,157,0.727775479993868
"9655",2020,158,0.716856130664348
"9656",2020,159,0.729859374468559
"9657",2020,160,0.728171444677391
"9658",2020,161,0.704926537947708
"9659",2020,162,0.666240674073407
"9660",2020,163,0.691773357327867
"9661",2020,164,0.70104407149411
"9662",2020,165,0.692682713710889
"9663",2020,166,0.691561030726434
"9664",2020,167,0.678846946834569
"9665",2020,168,0.694701980753783
"9666",2020,169,0.719318118651377
"9667",2020,170,0.729510784867058
"9668",2020,171,0.739861902279401
"9669",2020,172,0.754816291115895
"9670",2020,173,0.756978529317235
"9671",2020,174,0.770703865416203
"9672",2020,175,0.735955686416844
"9673",2020,176,0.701277519566107
"9674",2020,177,0.723724355358612
"9675",2020,178,0.743484224863585
"9676",2020,179,0.731758183599248
"9677",2020,180,0.72850193016759
"9678",2020,181,0.74075859566792
"9679",2020,182,0.75439062197291
"9680",2020,183,0.750886717663007
"9681",2020,184,0.737167453954306
"9682",2020,185,0.745618171362834
"9683",2020,186,0.749915509245077
"9684",2020,187,0.763319442166525
"9685",2020,188,0.741299256605364
"9686",2020,189,0.730869780328064
"9687",2020,190,0.745855622861187
"9688",2020,191,0.781007433298993
"9689",2020,192,0.790961895908195
"9690",2020,193,0.784887445714125
"9691",2020,194,0.786165758433722
"9692",2020,195,0.788640870279178
"9693",2020,196,0.811241585659355
"9694",2020,197,0.791486281708642
"9695",2020,198,0.753010486986623
"9696",2020,199,0.759661275896733
"9697",2020,200,0.749115297690686
"9698",2020,201,0.721468346719774
"9699",2020,202,0.728236729956917
"9700",2020,203,0.722976867396042
"9701",2020,204,0.716699241708576
"9702",2020,205,0.712922259978156
"9703",2020,206,0.705401625311706
"9704",2020,207,0.697804016076609
"9705",2020,208,0.683882447912285
"9706",2020,209,0.68005823400952
"9707",2020,210,0.695892300532033
"9708",2020,211,0.718777158528562
"9709",2020,212,0.726634155556557
"9710",2020,213,0.706960117400951
"9711",2020,214,0.697566678679368
"9712",2020,215,0.707131294929421
"9713",2020,216,0.691022210441748
"9714",2020,217,0.702114055410451
"9715",2020,218,0.723062991413783
"9716",2020,219,0.724255484878453
"9717",2020,220,0.715104785011003
"9718",2020,221,0.69737925028914
"9719",2020,222,0.703081363081119
"9720",2020,223,0.710660984943773
"9721",2020,224,0.71555742499391
"9722",2020,225,0.708389791278155
"9723",2020,226,0.711467895871909
"9724",2020,227,0.711630776853545
"9725",2020,228,0.70622616312265
"9726",2020,229,0.674747236726189
"9727",2020,230,0.622880509747115
"9728",2020,231,0.612993153217676
"9729",2020,232,0.624805308135564
"9730",2020,233,0.639797453911435
"9731",2020,234,0.65252996326424
"9732",2020,235,0.640965992954288
"9733",2020,236,0.622630657567148
"9734",2020,237,0.598419558798348
"9735",2020,238,0.582580403452401
"9736",2020,239,0.585157698928308
"9737",2020,240,0.594298003839695
"9738",2020,241,0.612098623893962
"9739",2020,242,0.619230566016545
"9740",2020,243,0.619797246146941
"9741",2020,244,0.607243616558976
"9742",2020,245,0.573996808340496
"9743",2020,246,0.552476501862374
"9744",2020,247,0.551139579435765
"9745",2020,248,0.534870035458919
"9746",2020,249,0.50789500550118
"9747",2020,250,0.500277912282516
"9748",2020,251,0.518240971806863
"9749",2020,252,0.512504180333818
"9750",2020,253,0.396320700505777
"9751",2020,254,0.351288094375203
"9752",2020,255,0.38627359656258
"9753",2020,256,0.43238208303588
"9754",2020,257,0.433108317022676
"9755",2020,258,0.400081784092181
"9756",2020,259,0.401906803499099
"9757",2020,260,0.407995816085564
"9758",2020,261,0.396457866392403
"9759",2020,262,0.386628049219298
"9760",2020,263,0.381094342916862
"9761",2020,264,0.382839207718914
"9762",2020,265,0.372349997329356
"9763",2020,266,0.374126978751924
"9764",2020,267,0.384479281596346
"9765",2020,268,0.393115813807508
"9766",2020,269,0.387796898148774
"9767",2020,270,0.394844702626363
"9768",2020,271,0.397698869193067
"9769",2020,272,0.318980918587935
"9770",2020,273,0.292461872201065
"9771",2020,274,0.30968503240251
"9772",2020,275,0.311424843529494
"9773",2020,276,0.305559835461595
"9774",2020,277,0.30769891629486
"9775",2020,278,0.300195724982158
"9776",2020,279,0.301367664119243
"9777",2020,280,0.306368074444204
"9778",2020,281,0.295933092727384
"9779",2020,282,0.288988357441779
"9780",2020,283,0.290459557988028
"9781",2020,284,0.284505433840417
"9782",2020,285,0.275283616262669
"9783",2020,286,0.255559993395003
"9784",2020,287,0.256293036938337
"9785",2020,288,0.256228113962475
"9786",2020,289,0.23070468070666
"9787",2020,290,0.203397679013802
"9788",2020,291,0.221024266626909
"9789",2020,292,0.236922280271832
"9790",2020,293,0.234795016315811
"9791",2020,294,0.227901586418748
"9792",2020,295,0.233190456743947
"9793",2020,296,0.226063508023051
"9794",2020,297,0.193070379116411
"9795",2020,298,0.182674626755898
"9796",2020,299,0.190115130899215
"9797",2020,300,0.149592865910837
"9798",2020,301,0.101694139479503
"9799",2020,302,0.103506808706187
"9800",2020,303,0.124826360824882
"9801",2020,304,0.141795108266838
"9802",2020,305,0.1570958346861
"9803",2020,306,0.151299540782907
"9804",2020,307,0.147087647028664
"9805",2020,308,0.146699572964411
"9806",2020,309,0.158522785930485
"9807",2020,310,0.153680372987141
"9808",2020,311,0.150689687020808
"9809",2020,312,0.148208437922984
"9810",2020,313,0.153235829425436
"9811",2020,314,0.154250143016961
"9812",2020,315,0.126958796701513
"9813",2020,316,0.12079439445613
"9814",2020,317,0.125577165645096
"9815",2020,318,0.120764493723808
"9816",2020,319,0.121840707263643
"9817",2020,320,0.113792718244221
"9818",2020,321,0.114554786683866
"9819",2020,322,0.116459463113913
"9820",2020,323,0.119419959298921
"9821",2020,324,0.128110457271966
"9822",2020,325,0.126946200997748
"9823",2020,326,0.119647970370256
"9824",2020,327,0.116565710456554
"9825",2020,328,0.114822663837706
"9826",2020,329,0.111472852889696
"9827",2020,330,0.0973453063700611
"9828",2020,331,0.10024663028283
"9829",2020,332,0.0929204647348448
"9830",2020,333,0.0808126773636603
"9831",2020,334,0.0760442351390488
"9832",2020,335,0.0696413141310624
"9833",2020,336,0.0735661118506489
"9834",2020,337,0.0653590666421805
"9835",2020,338,0.0552376845261221
"9836",2020,339,0.0574078546628138
"9837",2020,340,0.0563611508727604
"9838",2020,341,0.0620942907366041
"9839",2020,342,0.0691498564712785
"9840",2020,343,0.0736138023944897
"9841",2020,344,0.0772969291255659
"9842",2020,345,0.0853025694451349
"9843",2020,346,0.0811074061656429
"9844",2020,347,0.0729188351908179
"9845",2020,348,0.0645180089001898
"9846",2020,349,0.0574315158701637
"9847",2020,350,0.0595076238565887
"9848",2020,351,0.0576774340037246
"9849",2020,352,0.0634599721877859
"9850",2020,353,0.0683864890941454
"9851",2020,354,0.0669003170842144
"9852",2020,355,0.0680067325993812
"9853",2020,356,0.073809736885531
"9854",2020,357,0.0760247354996672
"9855",2020,358,0.0745920366363376
"9856",2020,359,0.0570844127893059
"9857",2020,360,0.0609760172498979
"9858",2020,361,0.0702868342593636
"9859",2020,362,0.0847121607986376
"9860",2020,363,0.0848943700535073
"9861",2020,364,0.0907134553010971
"9862",2020,365,0.0688436743317503
"9863",2021,1,0.0476459074973263
"9864",2021,2,0.0576476094038159
"9865",2021,3,0.0685664705241713
"9866",2021,4,0.0791624284780888
"9867",2021,5,0.0820314516062249
"9868",2021,6,0.0759642792132917
"9869",2021,7,0.0767078821806021
"9870",2021,8,0.0780894055636042
"9871",2021,9,0.0730700456685698
"9872",2021,10,0.0646415112120612
"9873",2021,11,0.0565207809592097
"9874",2021,12,0.0646443716313818
"9875",2021,13,0.0735426078366702
"9876",2021,14,0.0865109042082165
"9877",2021,15,0.082776918611163
"9878",2021,16,0.0894358843138528
"9879",2021,17,0.0940710954235677
"9880",2021,18,0.104065659947361
"9881",2021,19,0.0909385782218749
"9882",2021,20,0.0883564480199905
"9883",2021,21,0.103664337881682
"9884",2021,22,0.113109376145121
"9885",2021,23,0.115897405155832
"9886",2021,24,0.125114357454216
"9887",2021,25,0.112498935557624
"9888",2021,26,0.109430639902839
"9889",2021,27,0.104626256203883
"9890",2021,28,0.112863218835767
"9891",2021,29,0.133663675246031
"9892",2021,30,0.138223156921395
"9893",2021,31,0.12331750031569
"9894",2021,32,0.130054782875683
"9895",2021,33,0.149618852325486
"9896",2021,34,0.166706716544384
"9897",2021,35,0.169927605261863
"9898",2021,36,0.157643750982259
"9899",2021,37,0.155443087372035
"9900",2021,38,0.163850131446303
"9901",2021,39,0.172139422187682
"9902",2021,40,0.181480101321329
"9903",2021,41,0.187938770670609
"9904",2021,42,0.16483768255086
"9905",2021,43,0.146733720424139
"9906",2021,44,0.12957395617893
"9907",2021,45,0.0956894778060792
"9908",2021,46,0.08841843099748
"9909",2021,47,0.132208184208553
"9910",2021,48,0.151259835797313
"9911",2021,49,0.122360124808991
"9912",2021,50,0.14004410359499
"9913",2021,51,0.176060919575626
"9914",2021,52,0.199983259303803
"9915",2021,53,0.187875111662862
"9916",2021,54,0.20979084156814
"9917",2021,55,0.223325078412347
"9918",2021,56,0.217939692572964
"9919",2021,57,0.214587083646915
"9920",2021,58,0.236612364178684
"9921",2021,59,0.252051515128531
"9922",2021,60,0.194819933234131
"9923",2021,61,0.18452324041506
"9924",2021,62,0.222038207229623
"9925",2021,63,0.260232495026701
"9926",2021,64,0.245977036760556
"9927",2021,65,0.219053937853129
"9928",2021,66,0.237336350020386
"9929",2021,67,0.258204609652299
"9930",2021,68,0.282943438863763
"9931",2021,69,0.297978112417913
"9932",2021,70,0.299398597284609
"9933",2021,71,0.30866088656046
"9934",2021,72,0.313150533903029
"9935",2021,73,0.241547339215561
"9936",2021,74,0.255241066766501
"9937",2021,75,0.29453761917106
"9938",2021,76,0.278391930378151
"9939",2021,77,0.264639864786271
"9940",2021,78,0.274787464365055
"9941",2021,79,0.296799218699116
"9942",2021,80,0.326558951608175
"9943",2021,81,0.329528810606498
"9944",2021,82,0.298406813610546
"9945",2021,83,0.30942550293925
"9946",2021,84,0.297002310418809
"9947",2021,85,0.328348612919899
"9948",2021,86,0.334116358166788
"9949",2021,87,0.330821107524497
"9950",2021,88,0.345314907195379
"9951",2021,89,0.381528153635162
"9952",2021,90,0.338425587624074
"9953",2021,91,0.339805659460455
"9954",2021,92,0.370470350535233
"9955",2021,93,0.404138541525721
"9956",2021,94,0.400035208482338
"9957",2021,95,0.432081582934973
"9958",2021,96,0.448021948834442
"9959",2021,97,0.444967412786929
"9960",2021,98,0.440116614684275
"9961",2021,99,0.453073768679077
"9962",2021,100,0.43034256907739
"9963",2021,101,0.449925548476679
"9964",2021,102,0.466415783512481
"9965",2021,103,0.436609596519882
"9966",2021,104,0.449039760574195
"9967",2021,105,0.466731394810338
"9968",2021,106,0.455860809171299
"9969",2021,107,0.383966603754162
"9970",2021,108,0.378097417477934
"9971",2021,109,0.408959404886952
"9972",2021,110,0.419528342859357
"9973",2021,111,0.408666711523663
"9974",2021,112,0.434721269915292
"9975",2021,113,0.461741858086048
"9976",2021,114,0.490606541013967
"9977",2021,115,0.514261311508141
"9978",2021,116,0.544129268720123
"9979",2021,117,0.560632661186097
"9980",2021,118,0.508237698589885
"9981",2021,119,0.465693220239603
"9982",2021,120,0.433959843321105
"9983",2021,121,0.469676742894215
"9984",2021,122,0.53021953941241
"9985",2021,123,0.553352645430886
"9986",2021,124,0.498725628438695
"9987",2021,125,0.529816582963908
"9988",2021,126,0.564199420402832
"9989",2021,127,0.593968762946131
"9990",2021,128,0.601671892228243
"9991",2021,129,0.586121928722626
"9992",2021,130,0.580444508818921
"9993",2021,131,0.592562696847393
"9994",2021,132,0.530526536740277
"9995",2021,133,0.546048111716492
"9996",2021,134,0.571397520267697
"9997",2021,135,0.589754909178954
"9998",2021,136,0.607799442560172
"9999",2021,137,0.617683817830622
"10000",2021,138,0.600949492137949
"10001",2021,139,0.58505364165216
"10002",2021,140,0.622102419078018
"10003",2021,141,0.655129388761594
"10004",2021,142,0.649148301187203
"10005",2021,143,0.643810552911009
"10006",2021,144,0.630800125415636
"10007",2021,145,0.654737662278266
"10008",2021,146,0.665024614072384
"10009",2021,147,0.671727947741156
"10010",2021,148,0.674563074289906
"10011",2021,149,0.662842834534549
"10012",2021,150,0.623389264765517
"10013",2021,151,0.634825812477155
"10014",2021,152,0.60786906363952
"10015",2021,153,0.622394463956305
"10016",2021,154,0.606655893728374
"10017",2021,155,0.621860502979417
"10018",2021,156,0.652823320725725
"10019",2021,157,0.699074024780425
"10020",2021,158,0.730831856455917
"10021",2021,159,0.73192583179056
"10022",2021,160,0.747829478540137
"10023",2021,161,0.771665863134994
"10024",2021,162,0.791350133066827
"10025",2021,163,0.779408468070263
"10026",2021,164,0.746519073975424
"10027",2021,165,0.737337090058637
"10028",2021,166,0.71366574693766
"10029",2021,167,0.708676358619613
"10030",2021,168,0.705958263333163
"10031",2021,169,0.709160930763558
"10032",2021,170,0.725985526339247
"10033",2021,171,0.775496278287626
"10034",2021,172,0.779306668844862
"10035",2021,173,0.720861537028954
"10036",2021,174,0.744158541073536
"10037",2021,175,0.765701957251235
"10038",2021,176,0.757809841522711
"10039",2021,177,0.740459310899601
"10040",2021,178,0.657680930860623
"10041",2021,179,0.655966573403642
"10042",2021,180,0.657293719977909
"10043",2021,181,0.669353347086921
"10044",2021,182,0.689447712339261
"10045",2021,183,0.703023898532789
"10046",2021,184,0.70518381440903
"10047",2021,185,0.709961111500499
"10048",2021,186,0.710975442195244
"10049",2021,187,0.694097087990179
"10050",2021,188,0.694338814401817
"10051",2021,189,0.688720020757412
"10052",2021,190,0.702213855765417
"10053",2021,191,0.716496360790433
"10054",2021,192,0.72064283879994
"10055",2021,193,0.697737238907446
"10056",2021,194,0.692035974241995
"10057",2021,195,0.702277304028036
"10058",2021,196,0.720969677615333
"10059",2021,197,0.737529394870152
"10060",2021,198,0.737290990976822
"10061",2021,199,0.705264014767925
"10062",2021,200,0.704011975256054
"10063",2021,201,0.693570400823938
"10064",2021,202,0.680280520078298
"10065",2021,203,0.699526729617394
"10066",2021,204,0.711644495467502
"10067",2021,205,0.716224803210092
"10068",2021,206,0.707494846166103
"10069",2021,207,0.714695510263691
"10070",2021,208,0.706771331079468
"10071",2021,209,0.692825659389133
"10072",2021,210,0.662576586083577
"10073",2021,211,0.676707043362914
"10074",2021,212,0.6792157843359
"10075",2021,213,0.678672223457773
"10076",2021,214,0.642953505346311
"10077",2021,215,0.643589494205639
"10078",2021,216,0.648831545959156
"10079",2021,217,0.652366984381222
"10080",2021,218,0.66636127993747
"10081",2021,219,0.685934454455331
"10082",2021,220,0.70868991236725
"10083",2021,221,0.702020587968792
"10084",2021,222,0.671297086196119
"10085",2021,223,0.65129196831095
"10086",2021,224,0.644939790267438
"10087",2021,225,0.652479159685806
"10088",2021,226,0.624261301260618
"10089",2021,227,0.610267499508747
"10090",2021,228,0.603322422050577
"10091",2021,229,0.599693037315688
"10092",2021,230,0.607626267793366
"10093",2021,231,0.620873827148124
"10094",2021,232,0.609980107576828
"10095",2021,233,0.604285274956317
"10096",2021,234,0.603786654917384
"10097",2021,235,0.602481152073907
"10098",2021,236,0.601663035626152
"10099",2021,237,0.596028417351331
"10100",2021,238,0.586084981737977
"10101",2021,239,0.577770027513215
"10102",2021,240,0.574139492742118
"10103",2021,241,0.555795655708091
"10104",2021,242,0.55078333286573
"10105",2021,243,0.554089133167178
"10106",2021,244,0.551429528725545
"10107",2021,245,0.530011266050371
"10108",2021,246,0.538074540995873
"10109",2021,247,0.533813105088609
"10110",2021,248,0.518584605461505
"10111",2021,249,0.514018165344838
"10112",2021,250,0.516026032297534
"10113",2021,251,0.503420250630374
"10114",2021,252,0.494878066299546
"10115",2021,253,0.489927640272601
"10116",2021,254,0.483866051839005
"10117",2021,255,0.466402314493647
"10118",2021,256,0.459471926328213
"10119",2021,257,0.47161046840858
"10120",2021,258,0.469098280663535
"10121",2021,259,0.462797255160191
"10122",2021,260,0.458307516246567
"10123",2021,261,0.452601580890452
"10124",2021,262,0.445205105215549
"10125",2021,263,0.452022792373481
"10126",2021,264,0.405137637033966
"10127",2021,265,0.368105453941335
"10128",2021,266,0.373693925978538
"10129",2021,267,0.383540306702445
"10130",2021,268,0.384022371743035
"10131",2021,269,0.380157548920842
"10132",2021,270,0.3649286827308
"10133",2021,271,0.350999097502001
"10134",2021,272,0.346335957410969
"10135",2021,273,0.330523727174396
"10136",2021,274,0.310519349446206
"10137",2021,275,0.309123031839997
"10138",2021,276,0.306597091109021
"10139",2021,277,0.303991006113786
"10140",2021,278,0.300195724982158
"10141",2021,279,0.301783846675349
"10142",2021,280,0.310628654685723
"10143",2021,281,0.306511898338568
"10144",2021,282,0.311082139126858
"10145",2021,283,0.289962310926293
"10146",2021,284,0.254478171189929
"10147",2021,285,0.258725133624991
"10148",2021,286,0.24562396462196
"10149",2021,287,0.239428179653969
"10150",2021,288,0.216218402269922
"10151",2021,289,0.198518178378666
"10152",2021,290,0.205890948288038
"10153",2021,291,0.218519256682813
"10154",2021,292,0.228921024859839
"10155",2021,293,0.222280142823002
"10156",2021,294,0.218363371077581
"10157",2021,295,0.212745368202817
"10158",2021,296,0.21542627542232
"10159",2021,297,0.207494805722137
"10160",2021,298,0.210630167277156
"10161",2021,299,0.208148131547519
"10162",2021,300,0.166093786949092
"10163",2021,301,0.155584972080806
"10164",2021,302,0.156896579053513
"10165",2021,303,0.164597480929985
"10166",2021,304,0.170556452872727
"10167",2021,305,0.163739289052111
"10168",2021,306,0.163916877702229
"10169",2021,307,0.142001950352911
"10170",2021,308,0.132148950674878
"10171",2021,309,0.134784352442592
"10172",2021,310,0.146137570196465
"10173",2021,311,0.148154485765738
"10174",2021,312,0.158519001793871
"10175",2021,313,0.158169065944062
"10176",2021,314,0.143452143801633
"10177",2021,315,0.129217833083801
"10178",2021,316,0.121977273129721
"10179",2021,317,0.117414007935533
"10180",2021,318,0.126695191648127
"10181",2021,319,0.124803811817021
"10182",2021,320,0.124978286285957
"10183",2021,321,0.119016408772644
"10184",2021,322,0.0940081763257366
"10185",2021,323,0.0968660167669853
"10186",2021,324,0.111358301569936
"10187",2021,325,0.1097623002095
"10188",2021,326,0.0962070254126978
"10189",2021,327,0.10299725109105
"10190",2021,328,0.109875962212973
"10191",2021,329,0.0879904991343011
"10192",2021,330,0.0780134112415629
"10193",2021,331,0.0791314605550843
"10194",2021,332,0.0862690290424614
"10195",2021,333,0.0914489839781477
"10196",2021,334,0.0970152186046502
"10197",2021,335,0.103061760613536
"10198",2021,336,0.107580193758029
"10199",2021,337,0.106944957109554
"10200",2021,338,0.0969642093331871
"10201",2021,339,0.0982230791836227
"10202",2021,340,0.0783532852417218
"10203",2021,341,0.0785579692461533
"10204",2021,342,0.0882239056118603
"10205",2021,343,0.0962980170333245
"10206",2021,344,0.094742206539352
"10207",2021,345,0.0733587671130862
"10208",2021,346,0.0728661639113957
"10209",2021,347,0.0831073180517715
"10210",2021,348,0.0930630389762314
"10211",2021,349,0.0991270010821699
"10212",2021,350,0.092164518526585
"10213",2021,351,0.0918667941849321
"10214",2021,352,0.0728808367392926
"10215",2021,353,0.0604216650147418
"10216",2021,354,0.0668867267802983
"10217",2021,355,0.0737702685459062
"10218",2021,356,0.0827521625756121
"10219",2021,357,0.0902154568684365
"10220",2021,358,0.103182977736622
"10221",2021,359,0.108157983340281
"10222",2021,360,0.110661882926445
"10223",2021,361,0.10416118562736
"10224",2021,362,0.0935245449150244
"10225",2021,363,0.0906889879364626
"10226",2021,364,0.0892743981307865
"10227",2021,365,0.0926341815514059
"10228",2022,1,0.087663724913302
"10229",2022,2,0.0584464365710353
"10230",2022,3,0.0655596480816745
"10231",2022,4,0.0802543488803945
"10232",2022,5,0.0879270023010734
"10233",2022,6,0.0880442446082768
"10234",2022,7,0.0901279161666854
"10235",2022,8,0.0918200432826926
"10236",2022,9,0.0800248031372371
"10237",2022,10,0.0729897825236854
"10238",2022,11,0.0793463349071064
"10239",2022,12,0.0857517583180482
"10240",2022,13,0.0925013110179754
"10241",2022,14,0.0954111185939826
"10242",2022,15,0.0744314109061337
"10243",2022,16,0.0841647975470805
"10244",2022,17,0.0945509435053463
"10245",2022,18,0.10619637361122
"10246",2022,19,0.103761564219821
"10247",2022,20,0.0678029885168468
"10248",2022,21,0.0830592091711124
"10249",2022,22,0.0843113918630644
"10250",2022,23,0.0870999241697817
"10251",2022,24,0.0975918945133992
"10252",2022,25,0.110024516184535
"10253",2022,26,0.103398485715715
"10254",2022,27,0.108147157165026
"10255",2022,28,0.0961543270196551
"10256",2022,29,0.104438547037122
"10257",2022,30,0.128672825964318
"10258",2022,31,0.127516704349887
"10259",2022,32,0.136524821287243
"10260",2022,33,0.121555413733734
"10261",2022,34,0.0702200683194815
"10262",2022,35,0.0759858891403353
"10263",2022,36,0.0942771851402624
"10264",2022,37,0.123157926310456
"10265",2022,38,0.120164466025283
"10266",2022,39,0.132397823241759
"10267",2022,40,0.143242946836061
"10268",2022,41,0.150139930210066
"10269",2022,42,0.163090867658563
"10270",2022,43,0.134279719037899
"10271",2022,44,0.152080099978429
"10272",2022,45,0.175408203109463
"10273",2022,46,0.193202431650529
"10274",2022,47,0.205125204260627
"10275",2022,48,0.169164726889089
"10276",2022,49,0.161716955754506
"10277",2022,50,0.178028489360896
"10278",2022,51,0.205732253615295
"10279",2022,52,0.222893647140879
"10280",2022,53,0.218751755269432
"10281",2022,54,0.178250312765621
"10282",2022,55,0.182151452754228
"10283",2022,56,0.177228451329553
"10284",2022,57,0.207077091050481
"10285",2022,58,0.193575365454445
"10286",2022,59,0.212892241250969
"10287",2022,60,0.242441567662044
"10288",2022,61,0.240750309105094
"10289",2022,62,0.252874221183645
"10290",2022,63,0.27615078481537
"10291",2022,64,0.261005277851118
"10292",2022,65,0.262410109236878
"10293",2022,66,0.203473921598629
"10294",2022,67,0.207005799935665
"10295",2022,68,0.223563314878058
"10296",2022,69,0.24338227030286
"10297",2022,70,0.184804372216707
"10298",2022,71,0.193452207286132
"10299",2022,72,0.240550501433031
"10300",2022,73,0.262117387759788
"10301",2022,74,0.266984520845928
"10302",2022,75,0.297950211085852
"10303",2022,76,0.287121957380054
"10304",2022,77,0.251972860178054
"10305",2022,78,0.27674664664454
"10306",2022,79,0.318408034820917
"10307",2022,80,0.28205623965326
"10308",2022,81,0.246231945245436
"10309",2022,82,0.255636530852658
"10310",2022,83,0.295001369256262
"10311",2022,84,0.333054090579704
"10312",2022,85,0.354548608883628
"10313",2022,86,0.390228580360066
"10314",2022,87,0.399509036731754
"10315",2022,88,0.400438140465123
"10316",2022,89,0.335181334346928
"10317",2022,90,0.350446590249238
"10318",2022,91,0.370154426167771
"10319",2022,92,0.396673337350996
"10320",2022,93,0.419060233555476
"10321",2022,94,0.409360670767745
"10322",2022,95,0.40892249032175
"10323",2022,96,0.393027192894701
"10324",2022,97,0.376130621541328
"10325",2022,98,0.374789273559663
"10326",2022,99,0.420528079723852
"10327",2022,100,0.451675152031398
"10328",2022,101,0.472369000691255
"10329",2022,102,0.475800863436165
"10330",2022,103,0.437760060475071
"10331",2022,104,0.452615293332351
"10332",2022,105,0.49021404999473
"10333",2022,106,0.497823658573967
"10334",2022,107,0.502539235475529
"10335",2022,108,0.500915468883155
"10336",2022,109,0.521904379985535
"10337",2022,110,0.535346844684404
"10338",2022,111,0.549552940751489
"10339",2022,112,0.561799109716178
"10340",2022,113,0.544731491571708
"10341",2022,114,0.527714097343176
"10342",2022,115,0.467333835446959
"10343",2022,116,0.481049211334785
"10344",2022,117,0.518900998797851
"10345",2022,118,0.553318583189606
"10346",2022,119,0.544851872811824
"10347",2022,120,0.522606068681957
"10348",2022,121,0.563416287630931
"10349",2022,122,0.547505415509582
"10350",2022,123,0.562769223364344
"10351",2022,124,0.571690335222778
"10352",2022,125,0.554580620265938
"10353",2022,126,0.569103082503127
"10354",2022,127,0.612215632418279
"10355",2022,128,0.615496387404486
"10356",2022,129,0.624952530856506
"10357",2022,130,0.638278014054322
"10358",2022,131,0.654847323071218
"10359",2022,132,0.649642203556698
"10360",2022,133,0.637293341124376
"10361",2022,134,0.639845971017618
"10362",2022,135,0.655630842902942
"10363",2022,136,0.667841675742576
"10364",2022,137,0.672107782536617
"10365",2022,138,0.651058075800174
"10366",2022,139,0.662444992143946
"10367",2022,140,0.641883356971046
"10368",2022,141,0.609295471678316
"10369",2022,142,0.551477413495884
"10370",2022,143,0.584958596336223
"10371",2022,144,0.602564931414598
"10372",2022,145,0.563234387458064
"10373",2022,146,0.625679008250345
"10374",2022,147,0.672449166002158
"10375",2022,148,0.701590439952623
"10376",2022,149,0.692526370557574
"10377",2022,150,0.694987022668957
"10378",2022,151,0.707507637529853
"10379",2022,152,0.699928977037097
"10380",2022,153,0.614308711575009
"10381",2022,154,0.640355969841915
"10382",2022,155,0.679210511914129
"10383",2022,156,0.695408538187837
"10384",2022,157,0.723965960414205
"10385",2022,158,0.747805994099375
"10386",2022,159,0.752784148318909
"10387",2022,160,0.711709282035738
"10388",2022,161,0.729532270956588
"10389",2022,162,0.756023214443027
"10390",2022,163,0.768237552185106
"10391",2022,164,0.771999391462441
"10392",2022,165,0.734967656834953
"10393",2022,166,0.71990265479625
"10394",2022,167,0.725404378407149
"10395",2022,168,0.732068975672895
"10396",2022,169,0.720831728634621
"10397",2022,170,0.715985360776301
"10398",2022,171,0.698104229930091
"10399",2022,172,0.696955947857663
"10400",2022,173,0.708545292839599
"10401",2022,174,0.723286550632096
"10402",2022,175,0.745395042416944
"10403",2022,176,0.747790595079031
"10404",2022,177,0.710432636910181
"10405",2022,178,0.689105663166635
"10406",2022,179,0.686580875930577
"10407",2022,180,0.686380291588412
"10408",2022,181,0.715888846077737
"10409",2022,182,0.729487809528873
"10410",2022,183,0.733362180915145
"10411",2022,184,0.717025736923921
"10412",2022,185,0.727037687343831
"10413",2022,186,0.728426207276352
"10414",2022,187,0.712073922610873
"10415",2022,188,0.740443341838929
"10416",2022,189,0.74282483507399
"10417",2022,190,0.748406567788428
"10418",2022,191,0.740153924047625
"10419",2022,192,0.742355158843292
"10420",2022,193,0.753057973569823
"10421",2022,194,0.72321011673902
"10422",2022,195,0.729412817610583
"10423",2022,196,0.736119603473294
"10424",2022,197,0.724450648521594
"10425",2022,198,0.738866032793312
"10426",2022,199,0.746417502205059
"10427",2022,200,0.764548419586973
"10428",2022,201,0.772324046946856
"10429",2022,202,0.766681855220322
"10430",2022,203,0.745954737378212
"10431",2022,204,0.728304820905097
"10432",2022,205,0.71250139636854
"10433",2022,206,0.718799204700503
"10434",2022,207,0.709852039196141
"10435",2022,208,0.712937982163773
"10436",2022,209,0.708394771001105
"10437",2022,210,0.700749547010587
"10438",2022,211,0.7085514417204
"10439",2022,212,0.71524698706599
"10440",2022,213,0.71251916241371
"10441",2022,214,0.718522327899412
"10442",2022,215,0.740557984670574
"10443",2022,216,0.719198061396899
"10444",2022,217,0.719393372061293
"10445",2022,218,0.690862585007374
"10446",2022,219,0.683659647570574
"10447",2022,220,0.674535789473085
"10448",2022,221,0.680095482392547
"10449",2022,222,0.678549924739697
"10450",2022,223,0.656518580697306
"10451",2022,224,0.654019176245933
"10452",2022,225,0.658663625353196
"10453",2022,226,0.670723214366531
"10454",2022,227,0.640732362947925
"10455",2022,228,0.58982102960999
"10456",2022,229,0.60659496632223
"10457",2022,230,0.601819714342421
"10458",2022,231,0.600468333979909
"10459",2022,232,0.600995434760864
"10460",2022,233,0.59107733756034
"10461",2022,234,0.575928069516013
"10462",2022,235,0.56645318055249
"10463",2022,236,0.570826484047886
"10464",2022,237,0.567070064181153
"10465",2022,238,0.565083801036424
"10466",2022,239,0.569107398239126
"10467",2022,240,0.575988941248554
"10468",2022,241,0.559854215608107
"10469",2022,242,0.516789789563577
"10470",2022,243,0.485392839700005
"10471",2022,244,0.492200418285633
"10472",2022,245,0.505036490991085
"10473",2022,246,0.498712934033826
"10474",2022,247,0.492393253051003
"10475",2022,248,0.489854812848778
"10476",2022,249,0.48912162040209
"10477",2022,250,0.485664284556033
"10478",2022,251,0.474694038341636
"10479",2022,252,0.484404946583589
"10480",2022,253,0.48207786545401
"10481",2022,254,0.439579651857081
"10482",2022,255,0.451036914369882
"10483",2022,256,0.454779143215981
"10484",2022,257,0.445883029038803
"10485",2022,258,0.445716233664015
"10486",2022,259,0.454561492344627
"10487",2022,260,0.449745094676967
"10488",2022,261,0.443794285740292
"10489",2022,262,0.436028356457123
"10490",2022,263,0.433940947673579
"10491",2022,264,0.422247620451514
"10492",2022,265,0.408381622768947
"10493",2022,266,0.394855540989159
"10494",2022,267,0.395306490272116
"10495",2022,268,0.382553992170693
"10496",2022,269,0.368660921435267
"10497",2022,270,0.349738901271309
"10498",2022,271,0.328117439325755
"10499",2022,272,0.321706718236231
"10500",2022,273,0.325007197002582
"10501",2022,274,0.325461676192161
"10502",2022,275,0.313781104652935
"10503",2022,276,0.305497994667635
"10504",2022,277,0.299760087836765
"10505",2022,278,0.284033865694259
"10506",2022,279,0.272441681817589
"10507",2022,280,0.263911742270713
"10508",2022,281,0.243431094554644
"10509",2022,282,0.251694257077003
"10510",2022,283,0.245357779501306
"10511",2022,284,0.24418541977171
"10512",2022,285,0.252157999471537
"10513",2022,286,0.245333331847722
"10514",2022,287,0.242042007811132
"10515",2022,288,0.253141424636008
"10516",2022,289,0.229635076006355
"10517",2022,290,0.174571053239453
"10518",2022,291,0.167108430656302
"10519",2022,292,0.177705407474748
"10520",2022,293,0.19001758463809
"10521",2022,294,0.197742619782661
"10522",2022,295,0.211208692739455
"10523",2022,296,0.214413795938322
"10524",2022,297,0.175102323638592
"10525",2022,298,0.157128624912973
"10526",2022,299,0.167727099716935
"10527",2022,300,0.170868867790638
"10528",2022,301,0.139548537896533
"10529",2022,302,0.142923007215156
"10530",2022,303,0.149196327680068
"10531",2022,304,0.148201194466897
"10532",2022,305,0.149202687916785
"10533",2022,306,0.156375241640719
"10534",2022,307,0.168289467790104
"10535",2022,308,0.125224142107677
"10536",2022,309,0.124065391715756
"10537",2022,310,0.142505438523239
"10538",2022,311,0.146017306724879
"10539",2022,312,0.150002780366584
"10540",2022,313,0.155118349342437
"10541",2022,314,0.14180121080612
"10542",2022,315,0.11366307773967
"10543",2022,316,0.0956025736690884
"10544",2022,317,0.101461567940763
"10545",2022,318,0.0964534514983799
"10546",2022,319,0.0858383185374088
"10547",2022,320,0.0797577036976585
"10548",2022,321,0.083805021847962
"10549",2022,322,0.0803773372601339
"10550",2022,323,0.0680472451792475
"10551",2022,324,0.0703044674095068
"10552",2022,325,0.0842328180923074
"10553",2022,326,0.0880275459194332
"10554",2022,327,0.096166159938238
"10555",2022,328,0.081868973920142
"10556",2022,329,0.061712114416583
"10557",2022,330,0.0731779719381559
"10558",2022,331,0.0803008196601672
"10559",2022,332,0.0881782453725519
"10560",2022,333,0.0942252437173975
"10561",2022,334,0.0757918265147067
"10562",2022,335,0.0848426817280154
"10563",2022,336,0.0964279170838468
"10564",2022,337,0.0877860887572091
"10565",2022,338,0.0923435182174229
"10566",2022,339,0.101258515999359
"10567",2022,340,0.102640823328274
"10568",2022,341,0.101025834715835
"10569",2022,342,0.0961304827126359
"10570",2022,343,0.095245588530123
"10571",2022,344,0.0888156437754836
"10572",2022,345,0.0845334619905592
"10573",2022,346,0.0914891417469625
"10574",2022,347,0.0635528994348444
"10575",2022,348,0.0591586014691875
"10576",2022,349,0.0625072176874823
"10577",2022,350,0.059751470552104
"10578",2022,351,0.0637966349338151
"10579",2022,352,0.068919063151243
"10580",2022,353,0.0699368525670607
"10581",2022,354,0.0676210101984202
"10582",2022,355,0.0707817969318759
"10583",2022,356,0.0686070361795811
"10584",2022,357,0.0334405964149721
"10585",2022,358,0.0439961846981357
"10586",2022,359,0.0600793186694397
"10587",2022,360,0.0644325743117321
"10588",2022,361,0.0745184478477821
"10589",2022,362,0.0859513703426111
"10590",2022,363,0.0830893579393278
"10591",2022,364,0.0764863164616221
"10592",2022,365,0.0823867981984607
"10593",2022,366,0.0794952925984223
"10594",2023,1,0.0942080484397471
"10595",2023,2,0.0939619144046995
"10596",2023,3,0.0759054806624323
"10597",2023,4,0.0821311299611276
"10598",2023,5,0.0884654229840724
"10599",2023,6,0.103976602677254
"10600",2023,7,0.0888111548768828
"10601",2023,8,0.0886040868244302
"10602",2023,9,0.0982980833241008
"10603",2023,10,0.104121941091672
"10604",2023,11,0.104313465267261
"10605",2023,12,0.0841833463086679
"10606",2023,13,0.0859299534822056
"10607",2023,14,0.102572669809749
"10608",2023,15,0.106585871620383
"10609",2023,16,0.100993140304218
"10610",2023,17,0.0976805102507726
"10611",2023,18,0.0879826421673955
"10612",2023,19,0.0917823769825839
"10613",2023,20,0.100871238405191
"10614",2023,21,0.092702908055523
"10615",2023,22,0.0954475170159337
"10616",2023,23,0.101365431000297
"10617",2023,24,0.0883851679849869
"10618",2023,25,0.0913776628845741
"10619",2023,26,0.0893868203745419
"10620",2023,27,0.0961229995174539
"10621",2023,28,0.116963788189688
"10622",2023,29,0.141166810276135
"10623",2023,30,0.127585972211334
"10624",2023,31,0.100816757691072
"10625",2023,32,0.0985863040106279
"10626",2023,33,0.122278244279567
"10627",2023,34,0.123081024667195
"10628",2023,35,0.137835764830848
"10629",2023,36,0.152837595522689
"10630",2023,37,0.176131433431006
"10631",2023,38,0.143264516632503
"10632",2023,39,0.129418563754432
"10633",2023,40,0.141167059388619
"10634",2023,41,0.129242074400885
"10635",2023,42,0.138720311065275
"10636",2023,43,0.171674388180773
"10637",2023,44,0.187427720852048
"10638",2023,45,0.172825457626927
"10639",2023,46,0.187266907980393
"10640",2023,47,0.142692841274841
"10641",2023,48,0.135092242652924
"10642",2023,49,0.16826449315989
"10643",2023,50,0.194576118999308
"10644",2023,51,0.215209028307807
"10645",2023,52,0.226484263570478
"10646",2023,53,0.219953582375566
"10647",2023,54,0.224555323938603
"10648",2023,55,0.21981354237886
"10649",2023,56,0.22673555803617
"10650",2023,57,0.259577551110382
"10651",2023,58,0.222121839535679
"10652",2023,59,0.236795880743926
"10653",2023,60,0.240647907097474
"10654",2023,61,0.232187877116911
"10655",2023,62,0.209539620803377
"10656",2023,63,0.229378848073386
"10657",2023,64,0.255114682111393
"10658",2023,65,0.270883106757545
"10659",2023,66,0.283482369052414
"10660",2023,67,0.285574309380122
"10661",2023,68,0.286329119103495
"10662",2023,69,0.288319315335141
"10663",2023,70,0.300240940075357
"10664",2023,71,0.290566159209453
"10665",2023,72,0.281113162774041
"10666",2023,73,0.280873907329725
"10667",2023,74,0.296403095135064
"10668",2023,75,0.292332736602252
"10669",2023,76,0.214881079152978
"10670",2023,77,0.191111374790841
"10671",2023,78,0.212124693234974
"10672",2023,79,0.271511413735718
"10673",2023,80,0.30975918687981
"10674",2023,81,0.342189780651248
"10675",2023,82,0.348941103109646
"10676",2023,83,0.300074122367512
"10677",2023,84,0.301786270641933
"10678",2023,85,0.313607010984971
"10679",2023,86,0.33384689904645
"10680",2023,87,0.28560941280389
"10681",2023,88,0.339307398301677
"10682",2023,89,0.371003110686448
"10683",2023,90,0.36849270132525
"10684",2023,91,0.368364517080962
"10685",2023,92,0.389977682258827
"10686",2023,93,0.401711982660659
"10687",2023,94,0.416885548404313
"10688",2023,95,0.356304332937727
"10689",2023,96,0.355637770240919
"10690",2023,97,0.35547557870539
"10691",2023,98,0.395367880120548
"10692",2023,99,0.430111162807031
"10693",2023,100,0.428979079442318
"10694",2023,101,0.441144582629095
"10695",2023,102,0.455937619767777
"10696",2023,103,0.476201646445404
"10697",2023,104,0.475693288508113
"10698",2023,105,0.462113884732021
"10699",2023,106,0.442863455710393
"10700",2023,107,0.466771460549091
"10701",2023,108,0.486173294073491
"10702",2023,109,0.487747957433717
"10703",2023,110,0.492014740357528
"10704",2023,111,0.476456655793492
"10705",2023,112,0.480621325992713
"10706",2023,113,0.422669237854574
"10707",2023,114,0.447234119138815
"10708",2023,115,0.484543617148839
"10709",2023,116,0.491308600711502
"10710",2023,117,0.482123910203602
"10711",2023,118,0.465745614418823
"10712",2023,119,0.454912416933622
"10713",2023,120,0.512345505097679
"10714",2023,121,0.540142660759714
"10715",2023,122,0.559957977326834
"10716",2023,123,0.533402157424258
"10717",2023,124,0.550220307318324
"10718",2023,125,0.554151745457766
"10719",2023,126,0.563339746109804
"10720",2023,127,0.571526272594912
"10721",2023,128,0.579872153346344
"10722",2023,129,0.59631699632433
"10723",2023,130,0.603593619288083
"10724",2023,131,0.559982101276827
"10725",2023,132,0.56914436045972
"10726",2023,133,0.527020919093905
"10727",2023,134,0.541402593507783
"10728",2023,135,0.536319099096275
"10729",2023,136,0.556992410345512
"10730",2023,137,0.58136661714636
"10731",2023,138,0.60307308999273
"10732",2023,139,0.596840231191952
"10733",2023,140,0.558126892957127
"10734",2023,141,0.583974918110152
"10735",2023,142,0.601291692706523
"10736",2023,143,0.627212795873062
"10737",2023,144,0.64706299129665
"10738",2023,145,0.6279904763453
"10739",2023,146,0.628575434701738
"10740",2023,147,0.62453737181976
"10741",2023,148,0.604503779436975
"10742",2023,149,0.620812926444416
"10743",2023,150,0.655651980632185
"10744",2023,151,0.671951643870355
"10745",2023,152,0.658709488937944
"10746",2023,153,0.656546961383853
"10747",2023,154,0.6325171772841
"10748",2023,155,0.628034203879865
"10749",2023,156,0.62061268644946
"10750",2023,157,0.646766592154793
"10751",2023,158,0.647072191440646
"10752",2023,159,0.649038467994865
"10753",2023,160,0.668777336461202
"10754",2023,161,0.680637764613092
"10755",2023,162,0.697076428066046
"10756",2023,163,0.716076139902939
"10757",2023,164,0.701761880249193
"10758",2023,165,0.706815045231319
"10759",2023,166,0.717895956108924
"10760",2023,167,0.735736197545785
"10761",2023,168,0.75153917484988
"10762",2023,169,0.75468249849192
"10763",2023,170,0.764541930526597
"10764",2023,171,0.786968076387436
"10765",2023,172,0.79635295250531
"10766",2023,173,0.795140564040692
"10767",2023,174,0.795675929058488
"10768",2023,175,0.795029333379996
"10769",2023,176,0.793288211508335
"10770",2023,177,0.79328115347288
"10771",2023,178,0.786033463954104
"10772",2023,179,0.774057402181719
"10773",2023,180,0.772181614586701
"10774",2023,181,0.758362860985248
"10775",2023,182,0.738196290324317
"10776",2023,183,0.715322204339703
"10777",2023,184,0.715274201616324
"10778",2023,185,0.71650561326595
"10779",2023,186,0.752195263823648
"10780",2023,187,0.756352361791374
"10781",2023,188,0.7683186617939
"10782",2023,189,0.763921651914385
"10783",2023,190,0.780748732604776
"10784",2023,191,0.792636698659747
"10785",2023,192,0.78586685032583
"10786",2023,193,0.7934764962765
"10787",2023,194,0.800356017967096
"10788",2023,195,0.80093061506289
"10789",2023,196,0.795134845763536
"10790",2023,197,0.761270428841874
"10791",2023,198,0.77018607703992
"10792",2023,199,0.779310648973037
"10793",2023,200,0.786003588220133
"10794",2023,201,0.777561163307985
"10795",2023,202,0.760476116950438
"10796",2023,203,0.743277471094188
"10797",2023,204,0.741997268513594
"10798",2023,205,0.744208222279007
"10799",2023,206,0.729303927859814
"10800",2023,207,0.737911219033679
"10801",2023,208,0.730815331141378
"10802",2023,209,0.724135755150914
"10803",2023,210,0.713064539358372
"10804",2023,211,0.705889674491712
"10805",2023,212,0.706169387784129
"10806",2023,213,0.710967681460621
"10807",2023,214,0.706578941284046
"10808",2023,215,0.721525847448926
"10809",2023,216,0.733393729531865
"10810",2023,217,0.742563261546502
"10811",2023,218,0.767906356613805
"10812",2023,219,0.771065194207665
"10813",2023,220,0.724683335252126
"10814",2023,221,0.737234697512998
"10815",2023,222,0.733915051924944
"10816",2023,223,0.720246525364696
"10817",2023,224,0.700113822609261
"10818",2023,225,0.693901834148676
"10819",2023,226,0.66478810218434
"10820",2023,227,0.662872821772028
"10821",2023,228,0.666376304844992
"10822",2023,229,0.687719616597178
"10823",2023,230,0.676383986162787
"10824",2023,231,0.660547112451711
"10825",2023,232,0.653942883532203
"10826",2023,233,0.637440743716905
"10827",2023,234,0.604497304088502
"10828",2023,235,0.564920664118499
"10829",2023,236,0.592966786112221
"10830",2023,237,0.60016943741468
"10831",2023,238,0.595859393991571
"10832",2023,239,0.605167670054792
"10833",2023,240,0.586651050211556
"10834",2023,241,0.564947096509084
"10835",2023,242,0.551584774638776
"10836",2023,243,0.56158646408641
"10837",2023,244,0.568749795670475
"10838",2023,245,0.553924602072838
"10839",2023,246,0.556068914480014
"10840",2023,247,0.570902695044496
"10841",2023,248,0.588832848614365
"10842",2023,249,0.577699382298351
"10843",2023,250,0.557904443467596
"10844",2023,251,0.55613481568716
"10845",2023,252,0.550107719212344
"10846",2023,253,0.538333160297642
"10847",2023,254,0.528951159877343
"10848",2023,255,0.45983866906208
"10849",2023,256,0.465380574429634
"10850",2023,257,0.482738689720513
"10851",2023,258,0.46725636804524
"10852",2023,259,0.419087179593966
"10853",2023,260,0.429527256054188
"10854",2023,261,0.435381499413662
"10855",2023,262,0.453829357205217
"10856",2023,263,0.455518977551173
"10857",2023,264,0.447052222436088
"10858",2023,265,0.446952115043731
"10859",2023,266,0.449396919255802
"10860",2023,267,0.43579845064051
"10861",2023,268,0.402379820960834
"10862",2023,269,0.387595163039154
"10863",2023,270,0.379775696337858
"10864",2023,271,0.394759300073443
"10865",2023,272,0.394205634339024
"10866",2023,273,0.372513243146922
"10867",2023,274,0.359298579914194
"10868",2023,275,0.347229283820971
"10869",2023,276,0.350283118329991
"10870",2023,277,0.349227101064126
"10871",2023,278,0.297737311366873
"10872",2023,279,0.277075727819573
"10873",2023,280,0.268556299507676
"10874",2023,281,0.268420480410431
"10875",2023,282,0.270407030007642
"10876",2023,283,0.272378098558041
"10877",2023,284,0.277042641493431
"10878",2023,285,0.277166054423462
"10879",2023,286,0.251592131655437
"10880",2023,287,0.230679836101941
"10881",2023,288,0.219597611856105
"10882",2023,289,0.209768767587817
"10883",2023,290,0.224051633322862
"10884",2023,291,0.244307223870359
"10885",2023,292,0.226978803361089
"10886",2023,293,0.234070280895212
"10887",2023,294,0.237340868143974
"10888",2023,295,0.224477730375545
"10889",2023,296,0.197888106055118
"10890",2023,297,0.209340869385571
"10891",2023,298,0.183164461312038
"10892",2023,299,0.187677760375288
"10893",2023,300,0.192644731832891
"10894",2023,301,0.198383773388974
"10895",2023,302,0.143223687044793
"10896",2023,303,0.0987994431615601
"10897",2023,304,0.108955855813837
"10898",2023,305,0.118944624774422
"10899",2023,306,0.131942677699167
"10900",2023,307,0.150353712242603
"10901",2023,308,0.15914243416828
"10902",2023,309,0.160106541801845
"10903",2023,310,0.169368570877206
"10904",2023,311,0.168498819578673
"10905",2023,312,0.162565146931795
"10906",2023,313,0.125269299543248
"10907",2023,314,0.0977483597653719
"10908",2023,315,0.0992450643809508
"10909",2023,316,0.107030396848394
"10910",2023,317,0.106160323179563
"10911",2023,318,0.110318328104908
"10912",2023,319,0.117376136352407
"10913",2023,320,0.115162596273212
"10914",2023,321,0.133474019903497
"10915",2023,322,0.132737833767902
"10916",2023,323,0.123724253939314
"10917",2023,324,0.10255359902142
"10918",2023,325,0.0825503826665433
"10919",2023,326,0.0812849077993808
"10920",2023,327,0.0880335460499446
"10921",2023,328,0.0887927984517304
"10922",2023,329,0.0896337750000646
"10923",2023,330,0.0747113530560106
"10924",2023,331,0.0730329924039788
"10925",2023,332,0.0792998300367032
"10926",2023,333,0.0888637827264653
"10927",2023,334,0.0896023535658073
"10928",2023,335,0.0818955400433118
"10929",2023,336,0.0770072850534614
"10930",2023,337,0.0791340449988192
"10931",2023,338,0.0845196614317275
"10932",2023,339,0.0851096548282358
"10933",2023,340,0.0847041523210695
"10934",2023,341,0.0939071288874859
"10935",2023,342,0.0950457801724851
"10936",2023,343,0.0741360638450566
"10937",2023,344,0.0585610059898031
"10938",2023,345,0.0743948273323033
"10939",2023,346,0.0778641511225298
"10940",2023,347,0.0791449976457321
"10941",2023,348,0.0862906684006729
"10942",2023,349,0.0742519556760803
"10943",2023,350,0.0696966291450685
"10944",2023,351,0.0757177651958676
"10945",2023,352,0.0745533736346527
"10946",2023,353,0.0819244418172711
"10947",2023,354,0.0828681689090294
"10948",2023,355,0.0849007805058117
"10949",2023,356,0.0860622109877571
"10950",2023,357,0.0882986546304121
"10951",2023,358,0.0730461352274612
"10952",2023,359,0.0656074858512278
"10953",2023,360,0.0638810959550913
"10954",2023,361,0.064767406717053
"10955",2023,362,0.0655629889185605
"10956",2023,363,0.0665029635528898
"10957",2023,364,0.0710461829618193
"10958",2023,365,0.0803706637363287
"10959",2024,1,0.0769367112796417
"10960",2024,2,0.0748298287256362
"10961",2024,3,0.0746883920627375
"10962",2024,4,0.0764090851706728
"10963",2024,5,0.0696550033591028
"10964",2024,6,0.0716682460604318
"10965",2024,7,0.0757394171189456
"10966",2024,8,0.0673354175487218
"10967",2024,9,0.0675343402630937
"10968",2024,10,0.0799462390514114
"10969",2024,11,0.0916635236580747
"10970",2024,12,0.0765069414217063
"10971",2024,13,0.0845353685645391
"10972",2024,14,0.09621004736232
"10973",2024,15,0.0880299821854772
"10974",2024,16,0.0617670694220011
"10975",2024,17,0.088419211102324
"10976",2024,18,0.106422729739162
"10977",2024,19,0.0857728421152221
"10978",2024,20,0.0800096888483293
"10979",2024,21,0.100576514733913
"10980",2024,22,0.113806445742097
"10981",2024,23,0.115998791498287
"10982",2024,24,0.112300151600332
"10983",2024,25,0.113459033182119
"10984",2024,26,0.111449161184789
"10985",2024,27,0.108225749602254
"10986",2024,28,0.116528942943048
"10987",2024,29,0.131019148358918
"10988",2024,30,0.141784571585457
"10989",2024,31,0.141730918373809
"10990",2024,32,0.153567954106701
"10991",2024,33,0.1563158040151
"10992",2024,34,0.135776776809608
"10993",2024,35,0.140153034229257
"10994",2024,36,0.142968765357981
"10995",2024,37,0.15472137676799
"10996",2024,38,0.180935784343299
"10997",2024,39,0.151592327222167
"10998",2024,40,0.159351060991726
"10999",2024,41,0.170287874443147
"11000",2024,42,0.142999444025239
"11001",2024,43,0.13991058158389
"11002",2024,44,0.166055001983186
"11003",2024,45,0.181778209850707
"11004",2024,46,0.192683361946074
"11005",2024,47,0.202864870454447
"11006",2024,48,0.14893717679062
"11007",2024,49,0.163683570564314
"11008",2024,50,0.202921511061535
"11009",2024,51,0.22973776034062
"11010",2024,52,0.246538220673774
"11011",2024,53,0.230526629762662
"11012",2024,54,0.220905422665709
"11013",2024,55,0.232976104861091
"11014",2024,56,0.259396919806286
"11015",2024,57,0.275304023613974
"11016",2024,58,0.275304869559321
"11017",2024,59,0.218890781351094
"11018",2024,60,0.202895928847202
"11019",2024,61,0.228760268834497
"11020",2024,62,0.25009033750481
"11021",2024,63,0.26130325236254
"11022",2024,64,0.259595538496233
"11023",2024,65,0.254341502482133
"11024",2024,66,0.273690958656771
"11025",2024,67,0.279109370421796
"11026",2024,68,0.244486136649348
"11027",2024,69,0.217992285052627
"11028",2024,70,0.230991092269956
"11029",2024,71,0.262429082046009
"11030",2024,72,0.283767901752121
"11031",2024,73,0.296001952794614
"11032",2024,74,0.301027274519066
"11033",2024,75,0.268718558739765
"11034",2024,76,0.264832617727576
"11035",2024,77,0.275759295607374
"11036",2024,78,0.254767000300617
"11037",2024,79,0.291200228634876
"11038",2024,80,0.306478231451101
"11039",2024,81,0.302204602338453
"11040",2024,82,0.336118408508408
"11041",2024,83,0.348654853045292
"11042",2024,84,0.345754137296538
"11043",2024,85,0.290299639309602
"11044",2024,86,0.288166920600792
"11045",2024,87,0.299740132790508
"11046",2024,88,0.333825337651549
"11047",2024,89,0.380813785312772
"11048",2024,90,0.393191221177079
"11049",2024,91,0.418756352981257
"11050",2024,92,0.410632159662087
"11051",2024,93,0.338774653553263
"11052",2024,94,0.356395411528199
"11053",2024,95,0.388964282691907
"11054",2024,96,0.430930441907405
"11055",2024,97,0.433998204701718
"11056",2024,98,0.401075904496722
"11057",2024,99,0.413967038947483
"11058",2024,100,0.393452939959434
"11059",2024,101,0.380541811081973
"11060",2024,102,0.420356695259538
"11061",2024,103,0.461422403266472
"11062",2024,104,0.5001672383343
"11063",2024,105,0.514025599577107
"11064",2024,106,0.53261850335036
"11065",2024,107,0.481336753336964
"11066",2024,108,0.503770902968363
"11067",2024,109,0.523168977667769
"11068",2024,110,0.490769548514552
"11069",2024,111,0.440722262522
"11070",2024,112,0.402367619467167
"11071",2024,113,0.472675479603715
"11072",2024,114,0.534347782576392
"11073",2024,115,0.565240072373492
"11074",2024,116,0.563044542507374
"11075",2024,117,0.533903771415362
"11076",2024,118,0.530801342610928
"11077",2024,119,0.513562869925444
"11078",2024,120,0.528838813670325
"11079",2024,121,0.564520233965967
"11080",2024,122,0.583134862451589
"11081",2024,123,0.571529271966018
"11082",2024,124,0.579361399662111
"11083",2024,125,0.592791408927771
"11084",2024,126,0.586544652979313
"11085",2024,127,0.59636105132271
"11086",2024,128,0.590254112301233
"11087",2024,129,0.603223632118738
"11088",2024,130,0.603784576996818
"11089",2024,131,0.563020883241722
"11090",2024,132,0.579280967091625
"11091",2024,133,0.591345289792836
"11092",2024,134,0.582600099387845
"11093",2024,135,0.607452494564056
"11094",2024,136,0.632969475433435
"11095",2024,137,0.621522795158767
"11096",2024,138,0.58545781069113
"11097",2024,139,0.635380293457835
"11098",2024,140,0.674808456793221
"11099",2024,141,0.682748012117264
"11100",2024,142,0.666939954437743
"11101",2024,143,0.671287466039436
"11102",2024,144,0.660561709195627
"11103",2024,145,0.654061767296817
"11104",2024,146,0.668925439511457
"11105",2024,147,0.688868889390299
"11106",2024,148,0.689518930065571
"11107",2024,149,0.730033446340987
"11108",2024,150,0.685769977568136
"11109",2024,151,0.697180630512753
"11110",2024,152,0.694884892740728
"11111",2024,153,0.696995807759818
"11112",2024,154,0.712374248678798
"11113",2024,155,0.712846167470281
"11114",2024,156,0.706215917437602
"11115",2024,157,0.740656994646884
"11116",2024,158,0.752807767557888
"11117",2024,159,0.73659378811299
"11118",2024,160,0.736232227126876
"11119",2024,161,0.742156558124295
"11120",2024,162,0.694368203287439
"11121",2024,163,0.716949932782183
"11122",2024,164,0.737746175418612
"11123",2024,165,0.766489890905592
"11124",2024,166,0.747458952683176
"11125",2024,167,0.769818362786983
"11126",2024,168,0.788138797116718
"11127",2024,169,0.793982913885184
"11128",2024,170,0.790852946558306
"11129",2024,171,0.752730701913327
"11130",2024,172,0.659920903879202
"11131",2024,173,0.697709501935346
"11132",2024,174,0.715458928516273
"11133",2024,175,0.737280588981594
"11134",2024,176,0.761275690972994
"11135",2024,177,0.783004268792033
"11136",2024,178,0.782090043855505
"11137",2024,179,0.762393631904922
"11138",2024,180,0.782269560086184
"11139",2024,181,0.785202470912658
"11140",2024,182,0.75960159861742
"11141",2024,183,0.752808760008298
"11142",2024,184,0.780463886609468
"11143",2024,185,0.7798552485696
"11144",2024,186,0.762410963113548
"11145",2024,187,0.730623795456904
"11146",2024,188,0.712841422328747
"11147",2024,189,0.746055987734008
"11148",2024,190,0.724117977291577
"11149",2024,191,0.725726019003398
"11150",2024,192,0.721138972608353
"11151",2024,193,0.722653302821799
"11152",2024,194,0.717372022700738
"11153",2024,195,0.722529170399083
"11154",2024,196,0.726405544530728
"11155",2024,197,0.734458724426891
"11156",2024,198,0.73500433268468
"11157",2024,199,0.741876491696808
"11158",2024,200,0.720037272027294
"11159",2024,201,0.714292492389063
"11160",2024,202,0.728805474369751
"11161",2024,203,0.703970168978838
"11162",2024,204,0.650859455573069
"11163",2024,205,0.649340495918253
"11164",2024,206,0.669202156304651
"11165",2024,207,0.690966486620067
"11166",2024,208,0.701335649546654
"11167",2024,209,0.706855454963094
"11168",2024,210,0.73133939200801
"11169",2024,211,0.739587790508946
"11170",2024,212,0.750474002648878
"11171",2024,213,0.741446401347424
"11172",2024,214,0.71873582154816
"11173",2024,215,0.721168349955968
"11174",2024,216,0.705946669022308
"11175",2024,217,0.705133703707669
"11176",2024,218,0.655726159541478
"11177",2024,219,0.680086256846158
"11178",2024,220,0.702044610542446
"11179",2024,221,0.717835185065387
"11180",2024,222,0.69702014924945
"11181",2024,223,0.692197035428245
"11182",2024,224,0.697500016608816
"11183",2024,225,0.708892015881451
"11184",2024,226,0.699792503054173
"11185",2024,227,0.683229210858121
"11186",2024,228,0.675741136198736
"11187",2024,229,0.671004020596019
"11188",2024,230,0.680103644990611
"11189",2024,231,0.668502334387217
"11190",2024,232,0.656000267547247
"11191",2024,233,0.653485615265205
"11192",2024,234,0.663532153406689
"11193",2024,235,0.672714289172286
"11194",2024,236,0.670539534071802
"11195",2024,237,0.654353459351184
"11196",2024,238,0.613636916750953
"11197",2024,239,0.598735452764534
"11198",2024,240,0.584849481494968
"11199",2024,241,0.578297158623406
"11200",2024,242,0.567811514775694
"11201",2024,243,0.541959601502999
"11202",2024,244,0.518272448702308
"11203",2024,245,0.504460985414524
"11204",2024,246,0.486705783400007
"11205",2024,247,0.459929041254655
"11206",2024,248,0.474355539296211
"11207",2024,249,0.474971039923565
"11208",2024,250,0.478835330413812
"11209",2024,251,0.464055518543865
"11210",2024,252,0.456141273153661
"11211",2024,253,0.451105113587798
"11212",2024,254,0.450372080413823
"11213",2024,255,0.46106696602409
"11214",2024,256,0.487289861187881
"11215",2024,257,0.500146919292634
"11216",2024,258,0.483323911202785
"11217",2024,259,0.453459173288803
"11218",2024,260,0.450581194204675
"11219",2024,261,0.464097140085777
"11220",2024,262,0.479902583590228
"11221",2024,263,0.485736001494672
"11222",2024,264,0.472610350080363
"11223",2024,265,0.460278829637205
"11224",2024,266,0.421245278680016
"11225",2024,267,0.377464557582469
"11226",2024,268,0.388818583149023
"11227",2024,269,0.375637877365801
"11228",2024,270,0.359622859198511
"11229",2024,271,0.364545419607288
"11230",2024,272,0.359066604955925
"11231",2024,273,0.345265576823274
"11232",2024,274,0.344164242645613
"11233",2024,275,0.325137950839869
"11234",2024,276,0.324056927881174
"11235",2024,277,0.326316278593363
"11236",2024,278,0.311258772377785
"11237",2024,279,0.303036025990239
"11238",2024,280,0.30263558668602
"11239",2024,281,0.290674732513592
"11240",2024,282,0.283537712610886
"11241",2024,283,0.282458802452809
"11242",2024,284,0.284259768804548
"11243",2024,285,0.282000489720136
"11244",2024,286,0.274321121686464
"11245",2024,287,0.267675357350764
"11246",2024,288,0.247423919109501
"11247",2024,289,0.253416869375617
"11248",2024,290,0.213075251737567
"11249",2024,291,0.209047453451607
"11250",2024,292,0.219063564031055
"11251",2024,293,0.221227532335952
"11252",2024,294,0.224913100757563
"11253",2024,295,0.22465376952604
"11254",2024,296,0.227179336301368
"11255",2024,297,0.231841478561524
"11256",2024,298,0.228890742358372
"11257",2024,299,0.205379023114776
"11258",2024,300,0.190606960945165
"11259",2024,301,0.202824267115365
"11260",2024,302,0.205236051375617
"11261",2024,303,0.207980624708956
"11262",2024,304,0.191748301643588
"11263",2024,305,0.166066424602489
"11264",2024,306,0.170652045277566
"11265",2024,307,0.17773550996228
"11266",2024,308,0.159982894888188
"11267",2024,309,0.136118199546464
"11268",2024,310,0.120523288502537
"11269",2024,311,0.140508598872961
"11270",2024,312,0.131025662204084
"11271",2024,313,0.114271211340172
"11272",2024,314,0.11947186724432
"11273",2024,315,0.129972547406373
"11274",2024,316,0.135698533798209
"11275",2024,317,0.136852677905481
"11276",2024,318,0.121394218763399
"11277",2024,319,0.119921328167607
"11278",2024,320,0.136311036318066
"11279",2024,321,0.139688020412619
"11280",2024,322,0.12485865077627
"11281",2024,323,0.0949343807417507
"11282",2024,324,0.0968554399958734
"11283",2024,325,0.0927523492845957
"11284",2024,326,0.10212850420635
"11285",2024,327,0.10876244882331
"11286",2024,328,0.115355327645597
"11287",2024,329,0.118857434106507
"11288",2024,330,0.111848413377545
"11289",2024,331,0.100715127167819
"11290",2024,332,0.111010663964589
"11291",2024,333,0.0892283105964852
"11292",2024,334,0.0739023082966283
"11293",2024,335,0.086391591445846
"11294",2024,336,0.095355550557464
"11295",2024,337,0.0863140070154051
"11296",2024,338,0.0854526212641157
"11297",2024,339,0.0956585962184664
"11298",2024,340,0.0812499125432094
"11299",2024,341,0.0703610021368836
"11300",2024,342,0.0721329347262304
"11301",2024,343,0.0803428527975051
"11302",2024,344,0.0870413131240308
"11303",2024,345,0.0638968503622341
"11304",2024,346,0.0621589500800327
"11305",2024,347,0.0709812087471239
"11306",2024,348,0.0857177976548226
"11307",2024,349,0.0869773550912473
"11308",2024,350,0.0896654217618386
"11309",2024,351,0.0865046371763419
"11310",2024,352,0.0859654433159103
"11311",2024,353,0.0727983425959568
"11312",2024,354,0.0801447034069544
"11313",2024,355,0.0788762541914547
"11314",2024,356,0.0842517083524822
"11315",2024,357,0.0870456637010605
"11316",2024,358,0.0930434605763973
"11317",2024,359,0.0832047804153569
"11318",2024,360,0.083723364582731
"11319",2024,361,0.0819578802306614
"11320",2024,362,0.0904711778347167
"11321",2024,363,0.0886422872771619
"11322",2024,364,0.0957470461850121
"11323",2024,365,0.0994806370798341
