"","year","DOY","pet_cm"
"1",1994,1,0.047405794520661
"2",1994,2,0.0498506507195294
"3",1994,3,0.05123844341258
"4",1994,4,0.0472866101571344
"5",1994,5,0.0531224963218092
"6",1994,6,0.0304321369298197
"7",1994,7,0.0276693517230288
"8",1994,8,0.0430991792089759
"9",1994,9,0.0465653318952961
"10",1994,10,0.0498817974593576
"11",1994,11,0.0531170359322477
"12",1994,12,0.0520588559617762
"13",1994,13,0.0591704673022954
"14",1994,14,0.0588551738730485
"15",1994,15,0.0534474360554737
"16",1994,16,0.0484089784277181
"17",1994,17,0.0280531016863188
"18",1994,18,0.0360325156448273
"19",1994,19,0.0501429669534668
"20",1994,20,0.0538739965173157
"21",1994,21,0.0639253317256977
"22",1994,22,0.0796955862052917
"23",1994,23,0.0832585319419254
"24",1994,24,0.0874788926437524
"25",1994,25,0.0749431992024789
"26",1994,26,0.0635555758540198
"27",1994,27,0.0647818564964291
"28",1994,28,0.0682076063175677
"29",1994,29,0.0660508419342137
"30",1994,30,0.0492577170208985
"31",1994,31,0.0534137658961003
"32",1994,32,0.0601450993084697
"33",1994,33,0.0649490763861719
"34",1994,34,0.0547608191408072
"35",1994,35,0.0619816152760108
"36",1994,36,0.0711743698458072
"37",1994,37,0.0715625541320784
"38",1994,38,0.0413766766155859
"39",1994,39,0.0335184371486887
"40",1994,40,0.0491970257462029
"41",1994,41,0.0856765718854392
"42",1994,42,0.083230108730778
"43",1994,43,0.0752344833720985
"44",1994,44,0.10300281139425
"45",1994,45,0.122794956623311
"46",1994,46,0.118081830655357
"47",1994,47,0.151559711677013
"48",1994,48,0.152377526857765
"49",1994,49,0.159617808168001
"50",1994,50,0.126263897115371
"51",1994,51,0.125003134882684
"52",1994,52,0.100702935001477
"53",1994,53,0.0946048296370411
"54",1994,54,0.110555518083921
"55",1994,55,0.0876504458933919
"56",1994,56,0.0561495371039099
"57",1994,57,0.0972403793456473
"58",1994,58,0.14449504642954
"59",1994,59,0.152511699415046
"60",1994,60,0.171336101931409
"61",1994,61,0.193587548804424
"62",1994,62,0.202576333868912
"63",1994,63,0.20223823447616
"64",1994,64,0.196723913355298
"65",1994,65,0.174676335501702
"66",1994,66,0.143987695404253
"67",1994,67,0.143757247424073
"68",1994,68,0.156547409817815
"69",1994,69,0.194850762388723
"70",1994,70,0.206612382233606
"71",1994,71,0.199319540393984
"72",1994,72,0.228436544378812
"73",1994,73,0.2406904109249
"74",1994,74,0.235662124300429
"75",1994,75,0.258743976791204
"76",1994,76,0.250324355196566
"77",1994,77,0.238030623923775
"78",1994,78,0.266364535394695
"79",1994,79,0.210573161949169
"80",1994,80,0.245366931087031
"81",1994,81,0.232507567768293
"82",1994,82,0.202175464303387
"83",1994,83,0.189844761169679
"84",1994,84,0.209064947363866
"85",1994,85,0.194752368457041
"86",1994,86,0.177242578955092
"87",1994,87,0.187057273152804
"88",1994,88,0.199345076615289
"89",1994,89,0.235222444494517
"90",1994,90,0.272636883693856
"91",1994,91,0.281452465618917
"92",1994,92,0.283862369673828
"93",1994,93,0.279874698699824
"94",1994,94,0.253871736152625
"95",1994,95,0.230599891975157
"96",1994,96,0.266633123521063
"97",1994,97,0.297330445551666
"98",1994,98,0.28853894676602
"99",1994,99,0.281754352454449
"100",1994,100,0.287595392380222
"101",1994,101,0.283395449709431
"102",1994,102,0.331810712723989
"103",1994,103,0.362325698478982
"104",1994,104,0.332171940464202
"105",1994,105,0.338531619175423
"106",1994,106,0.415035589187994
"107",1994,107,0.424448223554771
"108",1994,108,0.432550342487598
"109",1994,109,0.436992418178561
"110",1994,110,0.44144082028863
"111",1994,111,0.442262287607964
"112",1994,112,0.478370395459954
"113",1994,113,0.462896995086288
"114",1994,114,0.438997064231722
"115",1994,115,0.368573327550967
"116",1994,116,0.261356228544415
"117",1994,117,0.228264684707642
"118",1994,118,0.265526992826572
"119",1994,119,0.291903430282564
"120",1994,120,0.36039426349839
"121",1994,121,0.393372354471518
"122",1994,122,0.414633061954026
"123",1994,123,0.412129280629326
"124",1994,124,0.430750803640452
"125",1994,125,0.466724677719694
"126",1994,126,0.443053424908058
"127",1994,127,0.451919214966198
"128",1994,128,0.476219862426961
"129",1994,129,0.463101848467701
"130",1994,130,0.503710233575753
"131",1994,131,0.525886771784064
"132",1994,132,0.535821669261387
"133",1994,133,0.5052623483062
"134",1994,134,0.467263888475399
"135",1994,135,0.517481302694737
"136",1994,136,0.56190904405616
"137",1994,137,0.555894360625095
"138",1994,138,0.548746056706551
"139",1994,139,0.560437592803542
"140",1994,140,0.532527322882345
"141",1994,141,0.520031002287314
"142",1994,142,0.560570566627845
"143",1994,143,0.538329908595094
"144",1994,144,0.53005781665804
"145",1994,145,0.523358164452681
"146",1994,146,0.526125402766146
"147",1994,147,0.570803731169798
"148",1994,148,0.574676169966252
"149",1994,149,0.585364365557139
"150",1994,150,0.561111408526655
"151",1994,151,0.560603714821338
"152",1994,152,0.580391076612544
"153",1994,153,0.578187346849193
"154",1994,154,0.60245877256421
"155",1994,155,0.63270818833663
"156",1994,156,0.596717865159964
"157",1994,157,0.652044129275296
"158",1994,158,0.603547537930062
"159",1994,159,0.537121255913331
"160",1994,160,0.518515244349907
"161",1994,161,0.547466011931129
"162",1994,162,0.58849080892757
"163",1994,163,0.614248672136335
"164",1994,164,0.641928666435284
"165",1994,165,0.604293584360466
"166",1994,166,0.550758303320789
"167",1994,167,0.565483911550748
"168",1994,168,0.590434771796056
"169",1994,169,0.655177886145009
"170",1994,170,0.674720044216952
"171",1994,171,0.648361350114454
"172",1994,172,0.642521290405532
"173",1994,173,0.61349893286574
"174",1994,174,0.635766551798975
"175",1994,175,0.671859696003648
"176",1994,176,0.672510491687012
"177",1994,177,0.688669428741723
"178",1994,178,0.645120870969972
"179",1994,179,0.641856743286608
"180",1994,180,0.675604059818467
"181",1994,181,0.68058361773311
"182",1994,182,0.693436535181031
"183",1994,183,0.689013153121591
"184",1994,184,0.672766221878046
"185",1994,185,0.67084362948209
"186",1994,186,0.669270251735937
"187",1994,187,0.627928163559498
"188",1994,188,0.560848791746633
"189",1994,189,0.60159642763517
"190",1994,190,0.666083916352791
"191",1994,191,0.71615364851034
"192",1994,192,0.692321082555735
"193",1994,193,0.659175719487045
"194",1994,194,0.615165611696391
"195",1994,195,0.625213447011152
"196",1994,196,0.642267248900547
"197",1994,197,0.636334616094052
"198",1994,198,0.661890668488806
"199",1994,199,0.706021345465528
"200",1994,200,0.665360070933318
"201",1994,201,0.625584859227961
"202",1994,202,0.622519464666932
"203",1994,203,0.660670693946188
"204",1994,204,0.654399598178266
"205",1994,205,0.660354104717966
"206",1994,206,0.647943045884848
"207",1994,207,0.617425109072162
"208",1994,208,0.631058820332413
"209",1994,209,0.661243858731206
"210",1994,210,0.674531278280975
"211",1994,211,0.66974722886039
"212",1994,212,0.657388516528782
"213",1994,213,0.647887029775992
"214",1994,214,0.641318700786959
"215",1994,215,0.624118035288152
"216",1994,216,0.611609591130537
"217",1994,217,0.663733620676342
"218",1994,218,0.67944063206186
"219",1994,219,0.653362979051566
"220",1994,220,0.633172024193223
"221",1994,221,0.64719407668259
"222",1994,222,0.653074383411235
"223",1994,223,0.636955675521831
"224",1994,224,0.631859854872033
"225",1994,225,0.630667887999963
"226",1994,226,0.616125436268867
"227",1994,227,0.625195557375035
"228",1994,228,0.629883690551243
"229",1994,229,0.595887510863214
"230",1994,230,0.602508475167415
"231",1994,231,0.575626127332343
"232",1994,232,0.554691265625451
"233",1994,233,0.579115843962216
"234",1994,234,0.593006153336317
"235",1994,235,0.548502197648707
"236",1994,236,0.563147573538016
"237",1994,237,0.590718695546511
"238",1994,238,0.590642655214105
"239",1994,239,0.549953039635374
"240",1994,240,0.539097461633229
"241",1994,241,0.533411801667248
"242",1994,242,0.486256994573682
"243",1994,243,0.408894778690359
"244",1994,244,0.390453721380962
"245",1994,245,0.457571899881145
"246",1994,246,0.47517769953151
"247",1994,247,0.445585571867459
"248",1994,248,0.425606632913592
"249",1994,249,0.442815364138495
"250",1994,250,0.449858210814632
"251",1994,251,0.465416618914397
"252",1994,252,0.473825470084521
"253",1994,253,0.448454652829342
"254",1994,254,0.457645882330765
"255",1994,255,0.454013809315949
"256",1994,256,0.434374807810052
"257",1994,257,0.409240772312388
"258",1994,258,0.361545677021785
"259",1994,259,0.367034108669948
"260",1994,260,0.375177162803987
"261",1994,261,0.381765447334548
"262",1994,262,0.371788122196069
"263",1994,263,0.359163680236924
"264",1994,264,0.293175673087344
"265",1994,265,0.283102600878359
"266",1994,266,0.325135110731229
"267",1994,267,0.31625621703392
"268",1994,268,0.31046461306739
"269",1994,269,0.315059597597097
"270",1994,270,0.30877271495853
"271",1994,271,0.314740770253247
"272",1994,272,0.299106753278829
"273",1994,273,0.28952624705783
"274",1994,274,0.251171470754053
"275",1994,275,0.240209659663724
"276",1994,276,0.207147868437305
"277",1994,277,0.208299782816054
"278",1994,278,0.240897588320159
"279",1994,279,0.212255042012188
"280",1994,280,0.201679619001321
"281",1994,281,0.198712311014291
"282",1994,282,0.210560541046567
"283",1994,283,0.213035070038907
"284",1994,284,0.21533326823028
"285",1994,285,0.19046160083719
"286",1994,286,0.175423345340301
"287",1994,287,0.193398732889758
"288",1994,288,0.17473219669681
"289",1994,289,0.149002948772395
"290",1994,290,0.14174790016186
"291",1994,291,0.153081804121524
"292",1994,292,0.156524585584253
"293",1994,293,0.157580785960466
"294",1994,294,0.154205405957713
"295",1994,295,0.137911040256258
"296",1994,296,0.131329846375355
"297",1994,297,0.121871043682877
"298",1994,298,0.127340360990305
"299",1994,299,0.135240639957055
"300",1994,300,0.145966819539487
"301",1994,301,0.133753316495735
"302",1994,302,0.108626196281169
"303",1994,303,0.0994992296487994
"304",1994,304,0.102627416638775
"305",1994,305,0.12789191518376
"306",1994,306,0.0968489168102253
"307",1994,307,0.072072715564493
"308",1994,308,0.0654567992585201
"309",1994,309,0.0884286612289602
"310",1994,310,0.0966689456063354
"311",1994,311,0.103867837143391
"312",1994,312,0.0812306869719427
"313",1994,313,0.0851121780777965
"314",1994,314,0.0961086764347033
"315",1994,315,0.095450062910832
"316",1994,316,0.092065114354991
"317",1994,317,0.07821583536946
"318",1994,318,0.0633157312422245
"319",1994,319,0.0654844483619378
"320",1994,320,0.0801875026980649
"321",1994,321,0.0628810657176426
"322",1994,322,0.0440836429799057
"323",1994,323,0.0489404828157777
"324",1994,324,0.054490883101575
"325",1994,325,0.0511738716329959
"326",1994,326,0.0425487389106008
"327",1994,327,0.0585408593190494
"328",1994,328,0.0643015961204452
"329",1994,329,0.0607017017380878
"330",1994,330,0.0606058367139033
"331",1994,331,0.0461770359832171
"332",1994,332,0.041905462540417
"333",1994,333,0.0433618498902742
"334",1994,334,0.0639838418186828
"335",1994,335,0.0771816985833212
"336",1994,336,0.069558385121427
"337",1994,337,0.0665329490694058
"338",1994,338,0.0414918424603866
"339",1994,339,0.0324080067474617
"340",1994,340,0.0337350633210952
"341",1994,341,0.0386426465619443
"342",1994,342,0.0360299295493697
"343",1994,343,0.0354721987694805
"344",1994,344,0.033116635431869
"345",1994,345,0.035228505338658
"346",1994,346,0.0373753714613157
"347",1994,347,0.0392830827613011
"348",1994,348,0.0383968783799607
"349",1994,349,0.0356978369159621
"350",1994,350,0.0415202083626601
"351",1994,351,0.0513616790038141
"352",1994,352,0.056501664905753
"353",1994,353,0.0457402971944105
"354",1994,354,0.0419818806403602
"355",1994,355,0.0532580023703181
"356",1994,356,0.0453479464767792
"357",1994,357,0.0442594066735681
"358",1994,358,0.0567707319040178
"359",1994,359,0.0591865526217243
"360",1994,360,0.0565723268112399
"361",1994,361,0.057765904888929
"362",1994,362,0.0543729435306464
"363",1994,363,0.0478861340739008
"364",1994,364,0.0365749100455159
"365",1994,365,0.0239653051573882
"366",1994,366,0.0594745305256196
"367",1995,1,0.0262339805325837
"368",1995,2,0.0288108420434483
"369",1995,3,0.0236325408283166
"370",1995,4,0.0228053958940444
"371",1995,5,0.034393641146691
"372",1995,6,0.0331069930146365
"373",1995,7,0.0405683134435392
"374",1995,8,0.0540361393168757
"375",1995,9,0.0748568681907072
"376",1995,10,0.0771932412110877
"377",1995,11,0.0737631773109535
"378",1995,12,0.0672654776260803
"379",1995,13,0.0675318829874675
"380",1995,14,0.0754750911782108
"381",1995,15,0.0764311043443844
"382",1995,16,0.0570803246895147
"383",1995,17,0.0518552118027029
"384",1995,18,0.0517087270382525
"385",1995,19,0.0638817258888208
"386",1995,20,0.0607037547884877
"387",1995,21,0.0534886611212425
"388",1995,22,0.0536222248521811
"389",1995,23,0.0614003565659817
"390",1995,24,0.0694539234695025
"391",1995,25,0.0818126792230423
"392",1995,26,0.091055409714115
"393",1995,27,0.0874909065869807
"394",1995,28,0.0789516207595343
"395",1995,29,0.074904298776927
"396",1995,30,0.0904883885134479
"397",1995,31,0.106753324487987
"398",1995,32,0.120378452581238
"399",1995,33,0.111373451148784
"400",1995,34,0.103310877983172
"401",1995,35,0.113049565255811
"402",1995,36,0.102867627884045
"403",1995,37,0.0994539212079087
"404",1995,38,0.0900241555359651
"405",1995,39,0.0952950453655849
"406",1995,40,0.106931328352438
"407",1995,41,0.07483636336751
"408",1995,42,0.049711160090498
"409",1995,43,0.0470393960978496
"410",1995,44,0.0521766273769696
"411",1995,45,0.0593024927706285
"412",1995,46,0.0628903222726614
"413",1995,47,0.102023360698779
"414",1995,48,0.138705628732019
"415",1995,49,0.14850533896279
"416",1995,50,0.154534043563617
"417",1995,51,0.178380217649279
"418",1995,52,0.183911237158313
"419",1995,53,0.167632913764974
"420",1995,54,0.16101201399012
"421",1995,55,0.186922492065252
"422",1995,56,0.197977362439537
"423",1995,57,0.165299734697124
"424",1995,58,0.118422541417149
"425",1995,59,0.0822339151864779
"426",1995,60,0.0763326957297182
"427",1995,61,0.0955809579007398
"428",1995,62,0.125839277903577
"429",1995,63,0.116895196387147
"430",1995,64,0.0928318148525187
"431",1995,65,0.0861772889449812
"432",1995,66,0.0913432248620025
"433",1995,67,0.137807624368845
"434",1995,68,0.197686837790903
"435",1995,69,0.239147664443785
"436",1995,70,0.255536634473035
"437",1995,71,0.216725677805143
"438",1995,72,0.209712009885588
"439",1995,73,0.224204616847062
"440",1995,74,0.255086735385187
"441",1995,75,0.237585877549537
"442",1995,76,0.224136924129005
"443",1995,77,0.242105719280276
"444",1995,78,0.253137897793984
"445",1995,79,0.249077393363876
"446",1995,80,0.294553342148845
"447",1995,81,0.272410355982213
"448",1995,82,0.240646996822395
"449",1995,83,0.258465452165813
"450",1995,84,0.227561549357496
"451",1995,85,0.193034108565584
"452",1995,86,0.189858861841288
"453",1995,87,0.179986539171399
"454",1995,88,0.188549326027444
"455",1995,89,0.202084658645874
"456",1995,90,0.240286293770103
"457",1995,91,0.276372426109242
"458",1995,92,0.291125338593769
"459",1995,93,0.278404233447544
"460",1995,94,0.310632934219538
"461",1995,95,0.338266728199671
"462",1995,96,0.336645713933886
"463",1995,97,0.346731364235609
"464",1995,98,0.333713961245353
"465",1995,99,0.271678134943902
"466",1995,100,0.218687020662349
"467",1995,101,0.257586256365728
"468",1995,102,0.328738658207184
"469",1995,103,0.389826055754743
"470",1995,104,0.354020584883894
"471",1995,105,0.305890447086387
"472",1995,106,0.301541400416359
"473",1995,107,0.288701793458598
"474",1995,108,0.298555741931426
"475",1995,109,0.285862072148107
"476",1995,110,0.319374653887177
"477",1995,111,0.314476543919558
"478",1995,112,0.328360596417251
"479",1995,113,0.334360070229279
"480",1995,114,0.34314859123689
"481",1995,115,0.338049063432235
"482",1995,116,0.305607830095017
"483",1995,117,0.32819205518241
"484",1995,118,0.34304090137879
"485",1995,119,0.31993935406773
"486",1995,120,0.317009441401654
"487",1995,121,0.344734086977745
"488",1995,122,0.385426229062616
"489",1995,123,0.386265703880162
"490",1995,124,0.396971377354905
"491",1995,125,0.4161329702625
"492",1995,126,0.43805172695198
"493",1995,127,0.423858189741763
"494",1995,128,0.400326089849329
"495",1995,129,0.387337397834541
"496",1995,130,0.425604640253373
"497",1995,131,0.460090971173754
"498",1995,132,0.450763255504576
"499",1995,133,0.37383699586626
"500",1995,134,0.391117703652851
"501",1995,135,0.489115760378876
"502",1995,136,0.486714264327701
"503",1995,137,0.445930872538131
"504",1995,138,0.4767218010272
"505",1995,139,0.465446002845536
"506",1995,140,0.474922562111658
"507",1995,141,0.498640879055171
"508",1995,142,0.429299925516949
"509",1995,143,0.395198071515231
"510",1995,144,0.410194955301624
"511",1995,145,0.431884012200358
"512",1995,146,0.460100405751749
"513",1995,147,0.440341122925405
"514",1995,148,0.46918442221047
"515",1995,149,0.477599094218169
"516",1995,150,0.487186912877664
"517",1995,151,0.512743213147868
"518",1995,152,0.556201444215593
"519",1995,153,0.560367744789627
"520",1995,154,0.53725985546527
"521",1995,155,0.521766048074341
"522",1995,156,0.579395253756084
"523",1995,157,0.551754491617447
"524",1995,158,0.505822298538169
"525",1995,159,0.438974759521677
"526",1995,160,0.407475186748755
"527",1995,161,0.45821913039913
"528",1995,162,0.521842189225244
"529",1995,163,0.582235257845086
"530",1995,164,0.618340877912374
"531",1995,165,0.65349174023093
"532",1995,166,0.6448284902262
"533",1995,167,0.648959761181845
"534",1995,168,0.613991725752118
"535",1995,169,0.580649758103347
"536",1995,170,0.614518442686987
"537",1995,171,0.628800062101296
"538",1995,172,0.626408155721599
"539",1995,173,0.601843332221597
"540",1995,174,0.583951492122322
"541",1995,175,0.572659933219998
"542",1995,176,0.586818669400488
"543",1995,177,0.62203375231556
"544",1995,178,0.624658419942664
"545",1995,179,0.535637638644866
"546",1995,180,0.528597053775794
"547",1995,181,0.541698028999907
"548",1995,182,0.589170179741333
"549",1995,183,0.616828428756791
"550",1995,184,0.614755838297179
"551",1995,185,0.597837909996539
"552",1995,186,0.616959941039265
"553",1995,187,0.645123305819839
"554",1995,188,0.682878603285253
"555",1995,189,0.696151686761131
"556",1995,190,0.729947097098111
"557",1995,191,0.708365856271649
"558",1995,192,0.718145557675065
"559",1995,193,0.716910603772997
"560",1995,194,0.696112545075981
"561",1995,195,0.632690582464759
"562",1995,196,0.647224099041733
"563",1995,197,0.630269535636341
"564",1995,198,0.633848984560883
"565",1995,199,0.654978062362706
"566",1995,200,0.642382162322481
"567",1995,201,0.63611015408785
"568",1995,202,0.643826594960921
"569",1995,203,0.629761937149713
"570",1995,204,0.623123270625136
"571",1995,205,0.640261879251876
"572",1995,206,0.640978964812793
"573",1995,207,0.669087234311517
"574",1995,208,0.668941648486931
"575",1995,209,0.684546092568032
"576",1995,210,0.719165131520294
"577",1995,211,0.646221016877335
"578",1995,212,0.567876895930337
"579",1995,213,0.610421663474317
"580",1995,214,0.633102581528051
"581",1995,215,0.628132697667769
"582",1995,216,0.623920382446688
"583",1995,217,0.626427641191551
"584",1995,218,0.657489062324714
"585",1995,219,0.677220781475062
"586",1995,220,0.650199974531011
"587",1995,221,0.594479854110753
"588",1995,222,0.634690168782979
"589",1995,223,0.655111889292522
"590",1995,224,0.654622138500383
"591",1995,225,0.618584702258836
"592",1995,226,0.565053367599191
"593",1995,227,0.59997215769577
"594",1995,228,0.636704223390988
"595",1995,229,0.655163992743004
"596",1995,230,0.576024845078994
"597",1995,231,0.53640082563373
"598",1995,232,0.575975412949129
"599",1995,233,0.60929108649533
"600",1995,234,0.625198773970169
"601",1995,235,0.616250950164536
"602",1995,236,0.607324128552337
"603",1995,237,0.570909848322214
"604",1995,238,0.563069551722575
"605",1995,239,0.578780433543961
"606",1995,240,0.571668679219435
"607",1995,241,0.574581361012285
"608",1995,242,0.522662271123312
"609",1995,243,0.505137206678352
"610",1995,244,0.51636968635284
"611",1995,245,0.528963893356164
"612",1995,246,0.529029393105447
"613",1995,247,0.524123281938685
"614",1995,248,0.507382547510757
"615",1995,249,0.456697829878864
"616",1995,250,0.389772719621404
"617",1995,251,0.40010248674681
"618",1995,252,0.402776842723864
"619",1995,253,0.432192307556299
"620",1995,254,0.403830776329555
"621",1995,255,0.41388860930684
"622",1995,256,0.411238829995829
"623",1995,257,0.423342503165293
"624",1995,258,0.416715005959848
"625",1995,259,0.385306026512595
"626",1995,260,0.380048363207273
"627",1995,261,0.352170277535007
"628",1995,262,0.271670819128839
"629",1995,263,0.223463677950781
"630",1995,264,0.220205361452449
"631",1995,265,0.25110212745328
"632",1995,266,0.275502064011492
"633",1995,267,0.262739216208914
"634",1995,268,0.283156393676785
"635",1995,269,0.289369545051455
"636",1995,270,0.304124834606411
"637",1995,271,0.29849392639076
"638",1995,272,0.282649718496472
"639",1995,273,0.254208863121632
"640",1995,274,0.249588564808297
"641",1995,275,0.219495434613956
"642",1995,276,0.228442473203586
"643",1995,277,0.213622395749148
"644",1995,278,0.185154208961132
"645",1995,279,0.192387252437013
"646",1995,280,0.196805311751001
"647",1995,281,0.205144881781138
"648",1995,282,0.202357636185741
"649",1995,283,0.209790616652242
"650",1995,284,0.238834309104599
"651",1995,285,0.222702557132688
"652",1995,286,0.167396459208185
"653",1995,287,0.171061208369788
"654",1995,288,0.200965951418601
"655",1995,289,0.192115314304888
"656",1995,290,0.178911370049515
"657",1995,291,0.173549541298571
"658",1995,292,0.141440655613411
"659",1995,293,0.142861641585799
"660",1995,294,0.151217751843554
"661",1995,295,0.12359488062993
"662",1995,296,0.10320496294091
"663",1995,297,0.102584366970517
"664",1995,298,0.113389056338233
"665",1995,299,0.124813165436261
"666",1995,300,0.115208059028265
"667",1995,301,0.106585282962045
"668",1995,302,0.097786770918293
"669",1995,303,0.0922542465207608
"670",1995,304,0.0790136483314691
"671",1995,305,0.063070193624797
"672",1995,306,0.0443747773703633
"673",1995,307,0.0509384126853007
"674",1995,308,0.0608886598946404
"675",1995,309,0.0844972282770997
"676",1995,310,0.0838175495172981
"677",1995,311,0.0716563561368604
"678",1995,312,0.0894147628647069
"679",1995,313,0.0906358507319029
"680",1995,314,0.0600315776568408
"681",1995,315,0.0668579881668469
"682",1995,316,0.0877561354519591
"683",1995,317,0.0865224630237398
"684",1995,318,0.0930313239553357
"685",1995,319,0.0917493375827935
"686",1995,320,0.0919582747395373
"687",1995,321,0.0846927005348427
"688",1995,322,0.0931470843468062
"689",1995,323,0.0747933767944243
"690",1995,324,0.0663562534464217
"691",1995,325,0.0710077187198096
"692",1995,326,0.0762918231270587
"693",1995,327,0.0769119378277604
"694",1995,328,0.0867245040275731
"695",1995,329,0.0818635445220593
"696",1995,330,0.0666250300718637
"697",1995,331,0.0461435079311518
"698",1995,332,0.04891338895987
"699",1995,333,0.0706261725072247
"700",1995,334,0.0809621645632749
"701",1995,335,0.0762492787935587
"702",1995,336,0.0681149187204358
"703",1995,337,0.0495502316697961
"704",1995,338,0.0626829675446874
"705",1995,339,0.0408054148834979
"706",1995,340,0.0377526679380186
"707",1995,341,0.0363154796087036
"708",1995,342,0.0235674622923771
"709",1995,343,0.0229369760284357
"710",1995,344,0.0368515480386083
"711",1995,345,0.0565908618189153
"712",1995,346,0.0630406932869904
"713",1995,347,0.0647557407378051
"714",1995,348,0.0542910598156758
"715",1995,349,0.0529734047569858
"716",1995,350,0.0446451396888772
"717",1995,351,0.0380739143276701
"718",1995,352,0.0309751156593905
"719",1995,353,0.0331216706174109
"720",1995,354,0.0336404158176519
"721",1995,355,0.0353374306375869
"722",1995,356,0.0297415243740698
"723",1995,357,0.0288156030918096
"724",1995,358,0.0383919043533332
"725",1995,359,0.0441948195548142
"726",1995,360,0.0449808002102049
"727",1995,361,0.0375089701540952
"728",1995,362,0.0379414028193455
"729",1995,363,0.039258563597455
"730",1995,364,0.0465336443482581
"731",1995,365,0.043207957329767
"732",1996,1,0.0380872283860533
"733",1996,2,0.0315566449494434
"734",1996,3,0.0480944618131564
"735",1996,4,0.033485814229182
"736",1996,5,0.0215486670839615
"737",1996,6,0.0236187277481396
"738",1996,7,0.0396637219552696
"739",1996,8,0.0661689342151513
"740",1996,9,0.0600864237788335
"741",1996,10,0.0628445353323259
"742",1996,11,0.0624369066435739
"743",1996,12,0.0765772746277961
"744",1996,13,0.0792730264195404
"745",1996,14,0.0700168065969751
"746",1996,15,0.0722542859908385
"747",1996,16,0.0724413545431442
"748",1996,17,0.0360497542941033
"749",1996,18,0.0244587580524926
"750",1996,19,0.0367931241526808
"751",1996,20,0.0482980962903033
"752",1996,21,0.0669858259241629
"753",1996,22,0.0473021525263592
"754",1996,23,0.0441242004595081
"755",1996,24,0.0447987431857326
"756",1996,25,0.0410105628255756
"757",1996,26,0.0376730781807536
"758",1996,27,0.0450498022585333
"759",1996,28,0.0356604863658436
"760",1996,29,0.0247958378682194
"761",1996,30,0.0248782502482866
"762",1996,31,0.0237144125931009
"763",1996,32,0.0260394629846954
"764",1996,33,0.018022734689009
"765",1996,34,0.0264987203933603
"766",1996,35,0.0564147135729403
"767",1996,36,0.0958383163710033
"768",1996,37,0.119174628392305
"769",1996,38,0.139893186237389
"770",1996,39,0.137104801253204
"771",1996,40,0.152060768402488
"772",1996,41,0.116495116120633
"773",1996,42,0.110507723509101
"774",1996,43,0.12610826403015
"775",1996,44,0.13983493540802
"776",1996,45,0.13690614856375
"777",1996,46,0.11355765634264
"778",1996,47,0.1339689613783
"779",1996,48,0.13995374671418
"780",1996,49,0.159286483960207
"781",1996,50,0.17093564245062
"782",1996,51,0.158740016585091
"783",1996,52,0.168727761540091
"784",1996,53,0.17020004480783
"785",1996,54,0.124809175752979
"786",1996,55,0.159147105549252
"787",1996,56,0.124403365504422
"788",1996,57,0.0807943729010529
"789",1996,58,0.0599253418627585
"790",1996,59,0.0518169352328682
"791",1996,60,0.0716011197034242
"792",1996,61,0.123236988012005
"793",1996,62,0.134311496594018
"794",1996,63,0.148961008851982
"795",1996,64,0.141283794649939
"796",1996,65,0.0964169382113537
"797",1996,66,0.078737946979537
"798",1996,67,0.0758873734165877
"799",1996,68,0.0956188145710834
"800",1996,69,0.171393642689098
"801",1996,70,0.217848986483882
"802",1996,71,0.223294776603836
"803",1996,72,0.206469793304634
"804",1996,73,0.205229903322001
"805",1996,74,0.215113638758056
"806",1996,75,0.230868502632974
"807",1996,76,0.209680007036064
"808",1996,77,0.187974183313178
"809",1996,78,0.181546889098614
"810",1996,79,0.176800143664202
"811",1996,80,0.207871264716962
"812",1996,81,0.222782797003109
"813",1996,82,0.239713367428685
"814",1996,83,0.189256255118818
"815",1996,84,0.108974546298189
"816",1996,85,0.103647774481841
"817",1996,86,0.153652314701387
"818",1996,87,0.191329110220009
"819",1996,88,0.182181700717124
"820",1996,89,0.192550710335992
"821",1996,90,0.23373070158056
"822",1996,91,0.259464136187149
"823",1996,92,0.306274186284476
"824",1996,93,0.324872957704365
"825",1996,94,0.288839831483352
"826",1996,95,0.247981906213103
"827",1996,96,0.268130147465711
"828",1996,97,0.32095594915797
"829",1996,98,0.354791342584832
"830",1996,99,0.382011937219268
"831",1996,100,0.386267842159024
"832",1996,101,0.393492434284066
"833",1996,102,0.327594831355528
"834",1996,103,0.271945858891424
"835",1996,104,0.282488916386355
"836",1996,105,0.317979186889751
"837",1996,106,0.339211553902544
"838",1996,107,0.386603829725762
"839",1996,108,0.400316032706793
"840",1996,109,0.355588278505927
"841",1996,110,0.314942587722374
"842",1996,111,0.326256444539652
"843",1996,112,0.320218364306994
"844",1996,113,0.320265526666564
"845",1996,114,0.374085357381409
"846",1996,115,0.438709159912392
"847",1996,116,0.387208566014597
"848",1996,117,0.377533816077231
"849",1996,118,0.358132996957456
"850",1996,119,0.309167102590891
"851",1996,120,0.333743141172797
"852",1996,121,0.369257635573372
"853",1996,122,0.379204933486387
"854",1996,123,0.388860730213764
"855",1996,124,0.406691312553877
"856",1996,125,0.400594246291382
"857",1996,126,0.383464830579492
"858",1996,127,0.424518722272005
"859",1996,128,0.447484168720885
"860",1996,129,0.427257798375293
"861",1996,130,0.378039429047677
"862",1996,131,0.367784776212054
"863",1996,132,0.431396513549625
"864",1996,133,0.449004898169616
"865",1996,134,0.485634709916934
"866",1996,135,0.523002373310322
"867",1996,136,0.53242037925426
"868",1996,137,0.557683638174
"869",1996,138,0.543795695591171
"870",1996,139,0.521528600038441
"871",1996,140,0.48979624039997
"872",1996,141,0.451057092373872
"873",1996,142,0.46282724408297
"874",1996,143,0.496015787910447
"875",1996,144,0.45922002176225
"876",1996,145,0.436578745739804
"877",1996,146,0.423794203634506
"878",1996,147,0.422605792641822
"879",1996,148,0.402153430261771
"880",1996,149,0.40830427550084
"881",1996,150,0.494665679987869
"882",1996,151,0.523747337054781
"883",1996,152,0.503110982747503
"884",1996,153,0.512115067020563
"885",1996,154,0.515408314265728
"886",1996,155,0.543604683113458
"887",1996,156,0.581712753237472
"888",1996,157,0.57803501735021
"889",1996,158,0.527102356296661
"890",1996,159,0.535624227499461
"891",1996,160,0.591330773797708
"892",1996,161,0.62751773834009
"893",1996,162,0.624944627100588
"894",1996,163,0.631298756165508
"895",1996,164,0.601815849587257
"896",1996,165,0.632713838104387
"897",1996,166,0.632868174640764
"898",1996,167,0.601167883341325
"899",1996,168,0.624155275209216
"900",1996,169,0.645497361285891
"901",1996,170,0.627702823449389
"902",1996,171,0.60212007959988
"903",1996,172,0.60926615800278
"904",1996,173,0.615546050857147
"905",1996,174,0.622937333809974
"906",1996,175,0.607856888508672
"907",1996,176,0.66430598134604
"908",1996,177,0.677841336237
"909",1996,178,0.681624813816445
"910",1996,179,0.684990077650927
"911",1996,180,0.65680794326621
"912",1996,181,0.627073932047732
"913",1996,182,0.66174818845732
"914",1996,183,0.67924667359481
"915",1996,184,0.689367938152234
"916",1996,185,0.729003494199807
"917",1996,186,0.727637551462613
"918",1996,187,0.734185396533778
"919",1996,188,0.688443109184308
"920",1996,189,0.663800259761223
"921",1996,190,0.636729744855481
"922",1996,191,0.621877987654639
"923",1996,192,0.67021333849009
"924",1996,193,0.661219338300266
"925",1996,194,0.633488118432292
"926",1996,195,0.638369467783954
"927",1996,196,0.622116903165568
"928",1996,197,0.659124201755109
"929",1996,198,0.701868339300467
"930",1996,199,0.691615140980992
"931",1996,200,0.69030542922045
"932",1996,201,0.705755431605556
"933",1996,202,0.686844087791525
"934",1996,203,0.661482221254211
"935",1996,204,0.639624339914151
"936",1996,205,0.638856976823039
"937",1996,206,0.622050777053015
"938",1996,207,0.627913410373589
"939",1996,208,0.628401179285421
"940",1996,209,0.62996280106083
"941",1996,210,0.644440084581038
"942",1996,211,0.631262024548648
"943",1996,212,0.628886412044464
"944",1996,213,0.618891606177147
"945",1996,214,0.642248740157345
"946",1996,215,0.678002726199873
"947",1996,216,0.654065667304961
"948",1996,217,0.611375580947942
"949",1996,218,0.606080759548166
"950",1996,219,0.577035128009751
"951",1996,220,0.55451325919621
"952",1996,221,0.588693395058364
"953",1996,222,0.63087532475235
"954",1996,223,0.594965695505779
"955",1996,224,0.626745585838058
"956",1996,225,0.632704354159074
"957",1996,226,0.621324880613469
"958",1996,227,0.625783715187931
"959",1996,228,0.599531773525985
"960",1996,229,0.594955478215142
"961",1996,230,0.603558154109166
"962",1996,231,0.586667023813026
"963",1996,232,0.539253049365789
"964",1996,233,0.577691809580945
"965",1996,234,0.55636626907444
"966",1996,235,0.527914988234707
"967",1996,236,0.538575993892631
"968",1996,237,0.565119416807382
"969",1996,238,0.548557622675973
"970",1996,239,0.53060620415226
"971",1996,240,0.534707747043732
"972",1996,241,0.534085189582127
"973",1996,242,0.503901940180368
"974",1996,243,0.48769333049445
"975",1996,244,0.503474453958657
"976",1996,245,0.495640338036231
"977",1996,246,0.475861866607473
"978",1996,247,0.471441540132689
"979",1996,248,0.515317967472052
"980",1996,249,0.50378930813945
"981",1996,250,0.421347031567377
"982",1996,251,0.40945894569357
"983",1996,252,0.415459180795624
"984",1996,253,0.425512289254811
"985",1996,254,0.424579192059352
"986",1996,255,0.405936446478298
"987",1996,256,0.406551286742139
"988",1996,257,0.403024795126357
"989",1996,258,0.396540840178257
"990",1996,259,0.3731716460383
"991",1996,260,0.381126704934387
"992",1996,261,0.338558666674041
"993",1996,262,0.297362976536363
"994",1996,263,0.289340522085703
"995",1996,264,0.291778021870058
"996",1996,265,0.288482459180716
"997",1996,266,0.306335238323166
"998",1996,267,0.283443657192595
"999",1996,268,0.266917497805873
"1000",1996,269,0.234221181955506
"1001",1996,270,0.209714730885309
"1002",1996,271,0.219473067776892
"1003",1996,272,0.27691107039772
"1004",1996,273,0.279151966217
"1005",1996,274,0.282952354262951
"1006",1996,275,0.283667950184271
"1007",1996,276,0.217743189910716
"1008",1996,277,0.233039877044927
"1009",1996,278,0.256829506672812
"1010",1996,279,0.262463944880725
"1011",1996,280,0.237421540724308
"1012",1996,281,0.22256547619139
"1013",1996,282,0.215087685644133
"1014",1996,283,0.201641284273496
"1015",1996,284,0.220643075212414
"1016",1996,285,0.229573628968676
"1017",1996,286,0.223552818841455
"1018",1996,287,0.21226776972061
"1019",1996,288,0.193932959216108
"1020",1996,289,0.179470014860451
"1021",1996,290,0.153275751172524
"1022",1996,291,0.122375363847949
"1023",1996,292,0.132855669269393
"1024",1996,293,0.156889698124435
"1025",1996,294,0.121837868899645
"1026",1996,295,0.110294901307627
"1027",1996,296,0.12410568299588
"1028",1996,297,0.12795114355485
"1029",1996,298,0.11969339819174
"1030",1996,299,0.123475790562603
"1031",1996,300,0.105111738096493
"1032",1996,301,0.0878679400470759
"1033",1996,302,0.107904781324771
"1034",1996,303,0.0999844125813313
"1035",1996,304,0.0750018010371354
"1036",1996,305,0.0763675299593859
"1037",1996,306,0.092314169335935
"1038",1996,307,0.100900460089384
"1039",1996,308,0.103138213999201
"1040",1996,309,0.09726434300579
"1041",1996,310,0.0878254763457399
"1042",1996,311,0.0720478527160809
"1043",1996,312,0.0737916384111755
"1044",1996,313,0.0713201652744913
"1045",1996,314,0.0860371643883815
"1046",1996,315,0.0863126717045803
"1047",1996,316,0.065826217795105
"1048",1996,317,0.0770169950537292
"1049",1996,318,0.0608342510694861
"1050",1996,319,0.064202570755311
"1051",1996,320,0.0607505393960396
"1052",1996,321,0.0437944549447832
"1053",1996,322,0.0355471400622156
"1054",1996,323,0.0525367945573674
"1055",1996,324,0.0715411277931753
"1056",1996,325,0.0681174130878948
"1057",1996,326,0.0498080478210925
"1058",1996,327,0.0482751850262073
"1059",1996,328,0.0350906565449368
"1060",1996,329,0.0440661362521107
"1061",1996,330,0.0510869336275067
"1062",1996,331,0.0455096041483612
"1063",1996,332,0.0429572814697823
"1064",1996,333,0.0603366619229413
"1065",1996,334,0.0484913399729298
"1066",1996,335,0.0402690613108133
"1067",1996,336,0.045219246408629
"1068",1996,337,0.0437219284244696
"1069",1996,338,0.0367407268750637
"1070",1996,339,0.0378016037453497
"1071",1996,340,0.0417801018898392
"1072",1996,341,0.0409459817795727
"1073",1996,342,0.0405242290503731
"1074",1996,343,0.0552864871017625
"1075",1996,344,0.0670414467959497
"1076",1996,345,0.0679021646150924
"1077",1996,346,0.0588867754037376
"1078",1996,347,0.0523498657270627
"1079",1996,348,0.0447271868943482
"1080",1996,349,0.0367942602089706
"1081",1996,350,0.0307616962831284
"1082",1996,351,0.0300637213952644
"1083",1996,352,0.0210627248486828
"1084",1996,353,0.0186314908207092
"1085",1996,354,0.023651896356862
"1086",1996,355,0.0374308947805183
"1087",1996,356,0.0346189413631414
"1088",1996,357,0.0234300889481194
"1089",1996,358,0.0170394388050749
"1090",1996,359,0.0196938556188537
"1091",1996,360,0.0215813593830531
"1092",1996,361,0.0243075352746841
"1093",1996,362,0.0409682650845384
"1094",1996,363,0.0445120340287847
"1095",1996,364,0.0460122925512358
"1096",1996,365,0.0684983300596091
"1097",1997,1,0.0738555591125028
"1098",1997,2,0.0788303554981567
"1099",1997,3,0.0671493748921981
"1100",1997,4,0.0463128500026325
"1101",1997,5,0.0354783779135989
"1102",1997,6,0.0352128041200402
"1103",1997,7,0.0423186646667821
"1104",1997,8,0.0444898476086067
"1105",1997,9,0.0355893748039916
"1106",1997,10,0.0208248642998989
"1107",1997,11,0.0134833290634669
"1108",1997,12,0.0131436145863655
"1109",1997,13,0.0188805618532909
"1110",1997,14,0.030466775750756
"1111",1997,15,0.0391791916649299
"1112",1997,16,0.0272086709377385
"1113",1997,17,0.0389438059695303
"1114",1997,18,0.07048682708675
"1115",1997,19,0.0840882276240875
"1116",1997,20,0.0841887072408815
"1117",1997,21,0.0831896059645827
"1118",1997,22,0.0653024813756755
"1119",1997,23,0.0610368826874835
"1120",1997,24,0.050395230370035
"1121",1997,25,0.0329056514082737
"1122",1997,26,0.0418878557047029
"1123",1997,27,0.0403957878253915
"1124",1997,28,0.0576048315009965
"1125",1997,29,0.0812447187174641
"1126",1997,30,0.101571704823701
"1127",1997,31,0.116192515615492
"1128",1997,32,0.106690123218898
"1129",1997,33,0.0988386893595819
"1130",1997,34,0.0897445641847776
"1131",1997,35,0.0698033150616719
"1132",1997,36,0.0647046066033349
"1133",1997,37,0.0667662512993421
"1134",1997,38,0.0632448403741443
"1135",1997,39,0.0643321206463828
"1136",1997,40,0.0681114863860956
"1137",1997,41,0.0732909190671207
"1138",1997,42,0.0862883241927332
"1139",1997,43,0.0852683590467235
"1140",1997,44,0.0974589833792677
"1141",1997,45,0.112365082771514
"1142",1997,46,0.129137200853011
"1143",1997,47,0.147311335862044
"1144",1997,48,0.157607965241135
"1145",1997,49,0.143577322293468
"1146",1997,50,0.142209899395711
"1147",1997,51,0.142633213742456
"1148",1997,52,0.122811089806687
"1149",1997,53,0.11114182554877
"1150",1997,54,0.0935987856347704
"1151",1997,55,0.109741430215241
"1152",1997,56,0.133145324189124
"1153",1997,57,0.135645645147997
"1154",1997,58,0.137767017496236
"1155",1997,59,0.12091549793098
"1156",1997,60,0.110044799711898
"1157",1997,61,0.151151077666219
"1158",1997,62,0.145791384108362
"1159",1997,63,0.121840700753907
"1160",1997,64,0.136288760899676
"1161",1997,65,0.16220299283974
"1162",1997,66,0.184609416471947
"1163",1997,67,0.190685965889871
"1164",1997,68,0.173188451918722
"1165",1997,69,0.213312493618349
"1166",1997,70,0.215787984065979
"1167",1997,71,0.195406862887604
"1168",1997,72,0.12275713880436
"1169",1997,73,0.100039499214549
"1170",1997,74,0.142566845150901
"1171",1997,75,0.230905904722387
"1172",1997,76,0.239074259046059
"1173",1997,77,0.23940800455587
"1174",1997,78,0.28320911864887
"1175",1997,79,0.27997536140557
"1176",1997,80,0.247270656424158
"1177",1997,81,0.227698511300829
"1178",1997,82,0.263172505811654
"1179",1997,83,0.230400080959239
"1180",1997,84,0.230929833582181
"1181",1997,85,0.297889204922959
"1182",1997,86,0.294411737692009
"1183",1997,87,0.258752624460801
"1184",1997,88,0.239521244508646
"1185",1997,89,0.254669401839344
"1186",1997,90,0.296164375272907
"1187",1997,91,0.278520013164861
"1188",1997,92,0.253619425976023
"1189",1997,93,0.288883183318677
"1190",1997,94,0.282217508744831
"1191",1997,95,0.184205700283337
"1192",1997,96,0.177769712333776
"1193",1997,97,0.174930241432242
"1194",1997,98,0.169735659402452
"1195",1997,99,0.183082175926293
"1196",1997,100,0.166884702858842
"1197",1997,101,0.146493473543
"1198",1997,102,0.175304005152368
"1199",1997,103,0.219831181207593
"1200",1997,104,0.31675458880566
"1201",1997,105,0.313286549636678
"1202",1997,106,0.340074630780112
"1203",1997,107,0.381805076099635
"1204",1997,108,0.397352705442015
"1205",1997,109,0.401176044711047
"1206",1997,110,0.396355075433588
"1207",1997,111,0.363363731151855
"1208",1997,112,0.352556091871406
"1209",1997,113,0.346043277761249
"1210",1997,114,0.354910178559075
"1211",1997,115,0.3648625024186
"1212",1997,116,0.376941353995732
"1213",1997,117,0.39565018640814
"1214",1997,118,0.407884706797298
"1215",1997,119,0.366308233351862
"1216",1997,120,0.378776224592013
"1217",1997,121,0.354391100126049
"1218",1997,122,0.34652557347299
"1219",1997,123,0.373355689141567
"1220",1997,124,0.431107421870618
"1221",1997,125,0.430061606242588
"1222",1997,126,0.473608362321221
"1223",1997,127,0.464610743181498
"1224",1997,128,0.418302948967755
"1225",1997,129,0.434100431603583
"1226",1997,130,0.478714140784144
"1227",1997,131,0.427684219610645
"1228",1997,132,0.421645541251519
"1229",1997,133,0.443222032892164
"1230",1997,134,0.44984650265454
"1231",1997,135,0.478529753419723
"1232",1997,136,0.536099397414054
"1233",1997,137,0.541741990741483
"1234",1997,138,0.4678308839392
"1235",1997,139,0.446070859518335
"1236",1997,140,0.492190238844242
"1237",1997,141,0.540186414438419
"1238",1997,142,0.530392958435822
"1239",1997,143,0.513126129708291
"1240",1997,144,0.515362824950966
"1241",1997,145,0.489017788186618
"1242",1997,146,0.463256046916699
"1243",1997,147,0.431798430292491
"1244",1997,148,0.478118536836126
"1245",1997,149,0.49764086642976
"1246",1997,150,0.528896713931056
"1247",1997,151,0.584421272769471
"1248",1997,152,0.603752522007956
"1249",1997,153,0.561220019783444
"1250",1997,154,0.559054153098043
"1251",1997,155,0.572383671422534
"1252",1997,156,0.592322870162943
"1253",1997,157,0.595177327188852
"1254",1997,158,0.59792964398428
"1255",1997,159,0.606072729686323
"1256",1997,160,0.591932909654088
"1257",1997,161,0.568988818278099
"1258",1997,162,0.565215718894566
"1259",1997,163,0.550801149673247
"1260",1997,164,0.543667771755055
"1261",1997,165,0.599603633827288
"1262",1997,166,0.565743527169278
"1263",1997,167,0.576745031834372
"1264",1997,168,0.609568159632998
"1265",1997,169,0.626473324787336
"1266",1997,170,0.625854965591035
"1267",1997,171,0.619839467395633
"1268",1997,172,0.643506734353763
"1269",1997,173,0.692933587142633
"1270",1997,174,0.64270060516901
"1271",1997,175,0.59913252096245
"1272",1997,176,0.59001865869206
"1273",1997,177,0.64646911269677
"1274",1997,178,0.672397819294534
"1275",1997,179,0.663923897609089
"1276",1997,180,0.66137330145168
"1277",1997,181,0.657101801762236
"1278",1997,182,0.61897397312027
"1279",1997,183,0.554363084862616
"1280",1997,184,0.551891108830955
"1281",1997,185,0.584422032924662
"1282",1997,186,0.631215331851854
"1283",1997,187,0.642933386644798
"1284",1997,188,0.649730070331617
"1285",1997,189,0.666551431926667
"1286",1997,190,0.701067280032326
"1287",1997,191,0.713153843092029
"1288",1997,192,0.649700228462422
"1289",1997,193,0.638488726323167
"1290",1997,194,0.615977812743486
"1291",1997,195,0.635056064905527
"1292",1997,196,0.687095695285908
"1293",1997,197,0.728263237645331
"1294",1997,198,0.711131059000246
"1295",1997,199,0.694167337936059
"1296",1997,200,0.652292670572404
"1297",1997,201,0.640543021318891
"1298",1997,202,0.653049179887743
"1299",1997,203,0.683529779552625
"1300",1997,204,0.69659667208844
"1301",1997,205,0.691980548794016
"1302",1997,206,0.683145678266327
"1303",1997,207,0.674043707092513
"1304",1997,208,0.654035417082731
"1305",1997,209,0.613614776861496
"1306",1997,210,0.604267048613054
"1307",1997,211,0.627620993854206
"1308",1997,212,0.645080087133148
"1309",1997,213,0.649221913308359
"1310",1997,214,0.653852990665247
"1311",1997,215,0.652680716338013
"1312",1997,216,0.64014788317447
"1313",1997,217,0.612158250545359
"1314",1997,218,0.602380021956308
"1315",1997,219,0.591841495758212
"1316",1997,220,0.619996031365711
"1317",1997,221,0.58914298492248
"1318",1997,222,0.511527055502794
"1319",1997,223,0.525248447700903
"1320",1997,224,0.547971982930572
"1321",1997,225,0.573014259999318
"1322",1997,226,0.557810189271003
"1323",1997,227,0.559920093474949
"1324",1997,228,0.526416518725346
"1325",1997,229,0.536846960477512
"1326",1997,230,0.550355715066793
"1327",1997,231,0.552885181592428
"1328",1997,232,0.55121265478105
"1329",1997,233,0.566769565661353
"1330",1997,234,0.569734311858869
"1331",1997,235,0.583589193406276
"1332",1997,236,0.587746645736371
"1333",1997,237,0.572660771856168
"1334",1997,238,0.569604786667006
"1335",1997,239,0.559746636186848
"1336",1997,240,0.556208663829648
"1337",1997,241,0.54188197252878
"1338",1997,242,0.511913207164022
"1339",1997,243,0.54255577555623
"1340",1997,244,0.487388345440861
"1341",1997,245,0.467138888200136
"1342",1997,246,0.510080115891977
"1343",1997,247,0.497572334321955
"1344",1997,248,0.482189705429125
"1345",1997,249,0.46421463512056
"1346",1997,250,0.464443587539793
"1347",1997,251,0.429743802695534
"1348",1997,252,0.412951809148474
"1349",1997,253,0.437964572022126
"1350",1997,254,0.456376464219507
"1351",1997,255,0.438872385073679
"1352",1997,256,0.421232232024811
"1353",1997,257,0.441957408885881
"1354",1997,258,0.422323634779386
"1355",1997,259,0.369235034978352
"1356",1997,260,0.353562891705577
"1357",1997,261,0.38291569662329
"1358",1997,262,0.297231604548537
"1359",1997,263,0.277067231058403
"1360",1997,264,0.279576116316804
"1361",1997,265,0.279989595533509
"1362",1997,266,0.284234202065922
"1363",1997,267,0.305615895127862
"1364",1997,268,0.320268622719349
"1365",1997,269,0.323505833711981
"1366",1997,270,0.277375438576439
"1367",1997,271,0.272636314001522
"1368",1997,272,0.278544376262079
"1369",1997,273,0.284610401434981
"1370",1997,274,0.299468771029764
"1371",1997,275,0.302852288375406
"1372",1997,276,0.277782758257572
"1373",1997,277,0.273133681530589
"1374",1997,278,0.2486245573995
"1375",1997,279,0.230825016676242
"1376",1997,280,0.254875549110317
"1377",1997,281,0.193674174475199
"1378",1997,282,0.198333542794186
"1379",1997,283,0.217942745450261
"1380",1997,284,0.222821874306991
"1381",1997,285,0.1564852802447
"1382",1997,286,0.148756731495154
"1383",1997,287,0.179084425365667
"1384",1997,288,0.172587061967568
"1385",1997,289,0.17895288020303
"1386",1997,290,0.188303642508199
"1387",1997,291,0.173789209306535
"1388",1997,292,0.154986332740393
"1389",1997,293,0.138395319918784
"1390",1997,294,0.140283914221872
"1391",1997,295,0.141853896514648
"1392",1997,296,0.123523208416574
"1393",1997,297,0.10053606117215
"1394",1997,298,0.0755134834611877
"1395",1997,299,0.0801451962476655
"1396",1997,300,0.119220717368221
"1397",1997,301,0.11794794376597
"1398",1997,302,0.1280465668684
"1399",1997,303,0.131855473931264
"1400",1997,304,0.120940587540977
"1401",1997,305,0.107813342804172
"1402",1997,306,0.099860242042373
"1403",1997,307,0.103783273686587
"1404",1997,308,0.110363683307975
"1405",1997,309,0.100064045986768
"1406",1997,310,0.104123074112513
"1407",1997,311,0.10918898972823
"1408",1997,312,0.0874520145354714
"1409",1997,313,0.0611619189272377
"1410",1997,314,0.056434933805148
"1411",1997,315,0.0517488407064826
"1412",1997,316,0.0554947848448858
"1413",1997,317,0.0517803608560688
"1414",1997,318,0.0382709324174371
"1415",1997,319,0.0390947383470102
"1416",1997,320,0.0483182889601487
"1417",1997,321,0.0583870350781864
"1418",1997,322,0.0637615838231655
"1419",1997,323,0.0601334414892804
"1420",1997,324,0.0702540850420363
"1421",1997,325,0.0658991027662475
"1422",1997,326,0.0572887972523971
"1423",1997,327,0.0514218695451817
"1424",1997,328,0.0764247411171164
"1425",1997,329,0.0747428632316341
"1426",1997,330,0.0535973650904245
"1427",1997,331,0.063124867872784
"1428",1997,332,0.062798736175307
"1429",1997,333,0.0597301215435596
"1430",1997,334,0.0596440730290731
"1431",1997,335,0.0517441588609813
"1432",1997,336,0.045829772050656
"1433",1997,337,0.0369523333624768
"1434",1997,338,0.0377178964552723
"1435",1997,339,0.0313775139218756
"1436",1997,340,0.0317838735440489
"1437",1997,341,0.0420844770145036
"1438",1997,342,0.046834385445518
"1439",1997,343,0.0383225417363256
"1440",1997,344,0.0369341278742995
"1441",1997,345,0.0338229991585458
"1442",1997,346,0.0368976144152538
"1443",1997,347,0.0435614580141885
"1444",1997,348,0.0543582582808791
"1445",1997,349,0.0530941294295648
"1446",1997,350,0.0499440538055591
"1447",1997,351,0.0574687678026852
"1448",1997,352,0.0501976957652474
"1449",1997,353,0.033240448437055
"1450",1997,354,0.0279818689274331
"1451",1997,355,0.031789323913495
"1452",1997,356,0.0344080390610611
"1453",1997,357,0.0321600514459582
"1454",1997,358,0.0323045152475683
"1455",1997,359,0.0309791652129022
"1456",1997,360,0.0374598931135133
"1457",1997,361,0.0392580227153024
"1458",1997,362,0.0370777986842989
"1459",1997,363,0.0484798203904835
"1460",1997,364,0.0536326863007638
"1461",1997,365,0.0547667596571594
"1462",1998,1,0.0657665553321412
"1463",1998,2,0.0708108334056628
"1464",1998,3,0.0412453396264488
"1465",1998,4,0.0458088096513147
"1466",1998,5,0.0477543272343253
"1467",1998,6,0.044183086975011
"1468",1998,7,0.0477700972296333
"1469",1998,8,0.0434058609967717
"1470",1998,9,0.0245014815497314
"1471",1998,10,0.0202727536690788
"1472",1998,11,0.0208564926987482
"1473",1998,12,0.0205325186432366
"1474",1998,13,0.0308972678392063
"1475",1998,14,0.0501509003443173
"1476",1998,15,0.0577703521677374
"1477",1998,16,0.0498147472501766
"1478",1998,17,0.0534637626097488
"1479",1998,18,0.0613533481680543
"1480",1998,19,0.0580993306818733
"1481",1998,20,0.0559331945053945
"1482",1998,21,0.0474627732490399
"1483",1998,22,0.0467836461177616
"1484",1998,23,0.0574656983496799
"1485",1998,24,0.0688658858271532
"1486",1998,25,0.0813325340400456
"1487",1998,26,0.0782905145987022
"1488",1998,27,0.0891971603155564
"1489",1998,28,0.0883252722356454
"1490",1998,29,0.0845510123490914
"1491",1998,30,0.0978382441263761
"1492",1998,31,0.0923364126578083
"1493",1998,32,0.0888211152376984
"1494",1998,33,0.0756958540428799
"1495",1998,34,0.090553701912298
"1496",1998,35,0.0915436749673055
"1497",1998,36,0.0974591414390682
"1498",1998,37,0.100218012732962
"1499",1998,38,0.108388679725565
"1500",1998,39,0.117979850071223
"1501",1998,40,0.114947276058821
"1502",1998,41,0.121670451598335
"1503",1998,42,0.110086145169489
"1504",1998,43,0.109173663370756
"1505",1998,44,0.127120108459107
"1506",1998,45,0.133013926084907
"1507",1998,46,0.139700335653141
"1508",1998,47,0.129983721352648
"1509",1998,48,0.133972828610259
"1510",1998,49,0.131970104167686
"1511",1998,50,0.134545706258802
"1512",1998,51,0.130954787985934
"1513",1998,52,0.138185794853539
"1514",1998,53,0.162666945568376
"1515",1998,54,0.143964521585571
"1516",1998,55,0.159928994963016
"1517",1998,56,0.139949957603454
"1518",1998,57,0.116721350057822
"1519",1998,58,0.108472692135881
"1520",1998,59,0.106359439565904
"1521",1998,60,0.111778327081012
"1522",1998,61,0.125240778409316
"1523",1998,62,0.128367570769929
"1524",1998,63,0.122280874784222
"1525",1998,64,0.0967559610285135
"1526",1998,65,0.09251463848563
"1527",1998,66,0.0913869728963759
"1528",1998,67,0.0683969453405171
"1529",1998,68,0.0869255202002107
"1530",1998,69,0.103862843409007
"1531",1998,70,0.0770098575080151
"1532",1998,71,0.152257206307646
"1533",1998,72,0.191993754632262
"1534",1998,73,0.199131358857603
"1535",1998,74,0.200334878632413
"1536",1998,75,0.204116841257099
"1537",1998,76,0.198882357865743
"1538",1998,77,0.177302204999154
"1539",1998,78,0.179965881664131
"1540",1998,79,0.196993946652871
"1541",1998,80,0.222059110828166
"1542",1998,81,0.2429926947428
"1543",1998,82,0.261833749410831
"1544",1998,83,0.291072330477064
"1545",1998,84,0.311983788085949
"1546",1998,85,0.295475423109422
"1547",1998,86,0.270912467176052
"1548",1998,87,0.252567605780701
"1549",1998,88,0.21440671814758
"1550",1998,89,0.208090534421653
"1551",1998,90,0.197799069971836
"1552",1998,91,0.252449098754724
"1553",1998,92,0.274899835670804
"1554",1998,93,0.2827564602582
"1555",1998,94,0.298569860734415
"1556",1998,95,0.302402652772542
"1557",1998,96,0.288339745674053
"1558",1998,97,0.28828134329091
"1559",1998,98,0.289078534903933
"1560",1998,99,0.301244662813236
"1561",1998,100,0.329275640815832
"1562",1998,101,0.383031324849144
"1563",1998,102,0.38011059810251
"1564",1998,103,0.321379965841209
"1565",1998,104,0.306190996913847
"1566",1998,105,0.296355363897127
"1567",1998,106,0.291977500713002
"1568",1998,107,0.300657073572026
"1569",1998,108,0.317266677949388
"1570",1998,109,0.322919716875009
"1571",1998,110,0.319403908210521
"1572",1998,111,0.35602389081347
"1573",1998,112,0.384404498544423
"1574",1998,113,0.42517669182688
"1575",1998,114,0.451228083812751
"1576",1998,115,0.394536483380979
"1577",1998,116,0.376671397517517
"1578",1998,117,0.372854508670824
"1579",1998,118,0.398188427882725
"1580",1998,119,0.418132586339093
"1581",1998,120,0.436949459946648
"1582",1998,121,0.440136162255658
"1583",1998,122,0.41275617540824
"1584",1998,123,0.45148136719182
"1585",1998,124,0.455540579859031
"1586",1998,125,0.442422001455501
"1587",1998,126,0.446454840815503
"1588",1998,127,0.425425541721367
"1589",1998,128,0.386571951224241
"1590",1998,129,0.419882518036123
"1591",1998,130,0.445039708010957
"1592",1998,131,0.417745614318788
"1593",1998,132,0.449328422256296
"1594",1998,133,0.501946577383389
"1595",1998,134,0.491592390793007
"1596",1998,135,0.476855806702033
"1597",1998,136,0.489018153422833
"1598",1998,137,0.526494841425725
"1599",1998,138,0.507299905177429
"1600",1998,139,0.515467988493058
"1601",1998,140,0.546781034163303
"1602",1998,141,0.544298175659318
"1603",1998,142,0.501596249612536
"1604",1998,143,0.486550946419026
"1605",1998,144,0.48736355014937
"1606",1998,145,0.52259127325853
"1607",1998,146,0.550439355936946
"1608",1998,147,0.558729890634676
"1609",1998,148,0.550670637984317
"1610",1998,149,0.550750346885967
"1611",1998,150,0.569567280241912
"1612",1998,151,0.530287588321204
"1613",1998,152,0.577638718548061
"1614",1998,153,0.516294690351893
"1615",1998,154,0.407944569990393
"1616",1998,155,0.391729245757012
"1617",1998,156,0.440306562873542
"1618",1998,157,0.472064117618795
"1619",1998,158,0.494702609754342
"1620",1998,159,0.480286178283265
"1621",1998,160,0.509736362031615
"1622",1998,161,0.550662019457996
"1623",1998,162,0.540726422685414
"1624",1998,163,0.578126190782148
"1625",1998,164,0.577418152502102
"1626",1998,165,0.537115719770816
"1627",1998,166,0.528974420177528
"1628",1998,167,0.557938275272614
"1629",1998,168,0.52468993137914
"1630",1998,169,0.54256831731964
"1631",1998,170,0.590483614947704
"1632",1998,171,0.550715148898814
"1633",1998,172,0.561526870793681
"1634",1998,173,0.598039831221094
"1635",1998,174,0.610863697907331
"1636",1998,175,0.605233431270374
"1637",1998,176,0.639817758960082
"1638",1998,177,0.631957397759426
"1639",1998,178,0.58565239131718
"1640",1998,179,0.601497641074823
"1641",1998,180,0.620586176950421
"1642",1998,181,0.625352999712424
"1643",1998,182,0.661416368814142
"1644",1998,183,0.662830718351003
"1645",1998,184,0.64413061234365
"1646",1998,185,0.679387130208028
"1647",1998,186,0.675228938968524
"1648",1998,187,0.689365069100734
"1649",1998,188,0.672480029506973
"1650",1998,189,0.662633309261869
"1651",1998,190,0.670214123675432
"1652",1998,191,0.677935110465417
"1653",1998,192,0.710226512776252
"1654",1998,193,0.685140969443558
"1655",1998,194,0.696596945311336
"1656",1998,195,0.724778756473223
"1657",1998,196,0.694233647896068
"1658",1998,197,0.706281722576118
"1659",1998,198,0.718772074651466
"1660",1998,199,0.730705360879759
"1661",1998,200,0.725601927292383
"1662",1998,201,0.714418620792282
"1663",1998,202,0.678830871847573
"1664",1998,203,0.639267685010009
"1665",1998,204,0.644920153170207
"1666",1998,205,0.643810852581025
"1667",1998,206,0.638172077504808
"1668",1998,207,0.647395341486501
"1669",1998,208,0.667180917562433
"1670",1998,209,0.663064762562634
"1671",1998,210,0.619622113823062
"1672",1998,211,0.585550864308603
"1673",1998,212,0.630936771905202
"1674",1998,213,0.645486974165447
"1675",1998,214,0.592915896873529
"1676",1998,215,0.578537719621343
"1677",1998,216,0.585085216713215
"1678",1998,217,0.60330283973311
"1679",1998,218,0.615652413801921
"1680",1998,219,0.615959683667594
"1681",1998,220,0.629489707605124
"1682",1998,221,0.627321623524106
"1683",1998,222,0.622428539887358
"1684",1998,223,0.60249028131466
"1685",1998,224,0.609514191132134
"1686",1998,225,0.612552211865249
"1687",1998,226,0.605529201731641
"1688",1998,227,0.607038120617693
"1689",1998,228,0.612045129544202
"1690",1998,229,0.594485026583512
"1691",1998,230,0.625047281679399
"1692",1998,231,0.594003347302515
"1693",1998,232,0.569454520152085
"1694",1998,233,0.574478826891033
"1695",1998,234,0.576147066399052
"1696",1998,235,0.554444070786907
"1697",1998,236,0.538918074028975
"1698",1998,237,0.54423459633361
"1699",1998,238,0.572706574364036
"1700",1998,239,0.537929296448625
"1701",1998,240,0.526490188589108
"1702",1998,241,0.524977952712452
"1703",1998,242,0.525091633895087
"1704",1998,243,0.51121063291644
"1705",1998,244,0.490413651425684
"1706",1998,245,0.515824183659273
"1707",1998,246,0.509422804864822
"1708",1998,247,0.517273259479373
"1709",1998,248,0.516301473711904
"1710",1998,249,0.499034740128714
"1711",1998,250,0.481468626961686
"1712",1998,251,0.496865319981825
"1713",1998,252,0.51007091716249
"1714",1998,253,0.495385464398609
"1715",1998,254,0.461417995278255
"1716",1998,255,0.454730797321574
"1717",1998,256,0.413369145515909
"1718",1998,257,0.410840021704325
"1719",1998,258,0.416883243458721
"1720",1998,259,0.411315856494272
"1721",1998,260,0.420220589031765
"1722",1998,261,0.416629304830014
"1723",1998,262,0.367324083786259
"1724",1998,263,0.311940994278545
"1725",1998,264,0.271122875594177
"1726",1998,265,0.302725745165546
"1727",1998,266,0.31979756880303
"1728",1998,267,0.322750123352415
"1729",1998,268,0.333045293395306
"1730",1998,269,0.313912255426605
"1731",1998,270,0.305517766421636
"1732",1998,271,0.30628241159614
"1733",1998,272,0.299963213958732
"1734",1998,273,0.272409531823957
"1735",1998,274,0.250767944117551
"1736",1998,275,0.226349948875473
"1737",1998,276,0.214312809437063
"1738",1998,277,0.193395084172301
"1739",1998,278,0.183280823075177
"1740",1998,279,0.207146145901781
"1741",1998,280,0.217603268473472
"1742",1998,281,0.243562761049501
"1743",1998,282,0.227533871336696
"1744",1998,283,0.219248358144303
"1745",1998,284,0.19271816146357
"1746",1998,285,0.183697856236328
"1747",1998,286,0.190616889134262
"1748",1998,287,0.190750416245703
"1749",1998,288,0.177633228921204
"1750",1998,289,0.153673030432915
"1751",1998,290,0.145969990671082
"1752",1998,291,0.147725179672966
"1753",1998,292,0.144783497331955
"1754",1998,293,0.141396057808102
"1755",1998,294,0.139482125045857
"1756",1998,295,0.151155897978168
"1757",1998,296,0.159434070736448
"1758",1998,297,0.15047091719028
"1759",1998,298,0.144020968146271
"1760",1998,299,0.144337685998662
"1761",1998,300,0.135693925445396
"1762",1998,301,0.135846338364452
"1763",1998,302,0.120005022487193
"1764",1998,303,0.104079022902446
"1765",1998,304,0.103318905829415
"1766",1998,305,0.107380876380245
"1767",1998,306,0.0975115951491625
"1768",1998,307,0.0825394591133864
"1769",1998,308,0.0791942868963124
"1770",1998,309,0.0777886597073413
"1771",1998,310,0.074811702425234
"1772",1998,311,0.072643888797442
"1773",1998,312,0.0673458356795553
"1774",1998,313,0.0631029703026815
"1775",1998,314,0.0596773504796505
"1776",1998,315,0.0662325080640486
"1777",1998,316,0.0643698385707573
"1778",1998,317,0.0839968535660326
"1779",1998,318,0.0914957215797873
"1780",1998,319,0.09179400803098
"1781",1998,320,0.0865417645498671
"1782",1998,321,0.0767972861194994
"1783",1998,322,0.0688211296941015
"1784",1998,323,0.066763215542079
"1785",1998,324,0.0656969096218959
"1786",1998,325,0.0822434322777471
"1787",1998,326,0.0871047650771579
"1788",1998,327,0.0750596402585468
"1789",1998,328,0.0843210933797744
"1790",1998,329,0.0766243288291112
"1791",1998,330,0.0890893606321085
"1792",1998,331,0.0923673600594726
"1793",1998,332,0.0855959119443412
"1794",1998,333,0.0779399770685109
"1795",1998,334,0.0732848393341118
"1796",1998,335,0.0833460831789621
"1797",1998,336,0.0785346628009792
"1798",1998,337,0.0759563541612657
"1799",1998,338,0.0601132704512063
"1800",1998,339,0.0437578957722593
"1801",1998,340,0.0382353724487166
"1802",1998,341,0.0358694087047051
"1803",1998,342,0.0456924138324865
"1804",1998,343,0.040880042776169
"1805",1998,344,0.0382645505871602
"1806",1998,345,0.0519313508939969
"1807",1998,346,0.0531002411198257
"1808",1998,347,0.0553952922439916
"1809",1998,348,0.0645458939669466
"1810",1998,349,0.0440844999085058
"1811",1998,350,0.0454256152981644
"1812",1998,351,0.0595650934946495
"1813",1998,352,0.0372024282418205
"1814",1998,353,0.0153851520155564
"1815",1998,354,0.0123949773298411
"1816",1998,355,0.0112059057296411
"1817",1998,356,0.0154910787901371
"1818",1998,357,0.0154228106358754
"1819",1998,358,0.019393530862549
"1820",1998,359,0.0332745050400257
"1821",1998,360,0.0431713732822123
"1822",1998,361,0.0444820018568475
"1823",1998,362,0.0552812622294011
"1824",1998,363,0.0441411162570921
"1825",1998,364,0.0468065898156815
"1826",1998,365,0.0434010027950045
"1827",1998,366,0.0409815549139204
"1828",1999,1,0.0433854569328303
"1829",1999,2,0.0302612213835947
"1830",1999,3,0.0283310983571712
"1831",1999,4,0.0389672631590802
"1832",1999,5,0.0527387540963603
"1833",1999,6,0.0422226598576442
"1834",1999,7,0.0411678102252574
"1835",1999,8,0.0373118356153572
"1836",1999,9,0.0429996416052415
"1837",1999,10,0.0521243546435698
"1838",1999,11,0.0718131565272813
"1839",1999,12,0.0682097893638751
"1840",1999,13,0.0574036548966623
"1841",1999,14,0.0654594829896466
"1842",1999,15,0.0754673904363274
"1843",1999,16,0.0693532948963121
"1844",1999,17,0.0564509259632415
"1845",1999,18,0.0688522249576372
"1846",1999,19,0.0736566630290561
"1847",1999,20,0.078967013666872
"1848",1999,21,0.0740497152409583
"1849",1999,22,0.070387242615184
"1850",1999,23,0.0649735519966791
"1851",1999,24,0.0433958085881007
"1852",1999,25,0.0504580628621734
"1853",1999,26,0.070259550010977
"1854",1999,27,0.0663401040091856
"1855",1999,28,0.0617230845436455
"1856",1999,29,0.0753897180200748
"1857",1999,30,0.0808180374686645
"1858",1999,31,0.0936133112710248
"1859",1999,32,0.0891036950349728
"1860",1999,33,0.0875032640876283
"1861",1999,34,0.100660418253517
"1862",1999,35,0.110213882047394
"1863",1999,36,0.112738607449088
"1864",1999,37,0.113282898411713
"1865",1999,38,0.134856510260603
"1866",1999,39,0.125569647004604
"1867",1999,40,0.136340431041185
"1868",1999,41,0.115090020869333
"1869",1999,42,0.0821866079102821
"1870",1999,43,0.105826130907875
"1871",1999,44,0.140143850319418
"1872",1999,45,0.133243103312194
"1873",1999,46,0.125498433270627
"1874",1999,47,0.114854983582673
"1875",1999,48,0.113397560141723
"1876",1999,49,0.123788905746892
"1877",1999,50,0.133310891877481
"1878",1999,51,0.124647870318247
"1879",1999,52,0.110088151408479
"1880",1999,53,0.134312918204082
"1881",1999,54,0.146884446498631
"1882",1999,55,0.176887418651816
"1883",1999,56,0.192714661737801
"1884",1999,57,0.166684024454377
"1885",1999,58,0.15519293290831
"1886",1999,59,0.190828255851042
"1887",1999,60,0.18398700713205
"1888",1999,61,0.145277507887034
"1889",1999,62,0.161773399526371
"1890",1999,63,0.15708042489838
"1891",1999,64,0.141711188218725
"1892",1999,65,0.127179951910217
"1893",1999,66,0.161743223942298
"1894",1999,67,0.163779585839326
"1895",1999,68,0.166242938349638
"1896",1999,69,0.158397460505093
"1897",1999,70,0.13090284602134
"1898",1999,71,0.160592267677961
"1899",1999,72,0.176015307185332
"1900",1999,73,0.220449905131134
"1901",1999,74,0.246127377799389
"1902",1999,75,0.251882912735988
"1903",1999,76,0.202573739157035
"1904",1999,77,0.2122033040603
"1905",1999,78,0.238899892992451
"1906",1999,79,0.241848721088923
"1907",1999,80,0.22325170890282
"1908",1999,81,0.241530044803414
"1909",1999,82,0.254363624886668
"1910",1999,83,0.25838228943539
"1911",1999,84,0.281239694710848
"1912",1999,85,0.300413746774572
"1913",1999,86,0.253018665977088
"1914",1999,87,0.220965867197448
"1915",1999,88,0.272003646480174
"1916",1999,89,0.311697746175448
"1917",1999,90,0.282291455734155
"1918",1999,91,0.215725172012079
"1919",1999,92,0.197146320475022
"1920",1999,93,0.1978203872461
"1921",1999,94,0.189253076418415
"1922",1999,95,0.249242200937801
"1923",1999,96,0.293502346730364
"1924",1999,97,0.328867773594885
"1925",1999,98,0.339023315161618
"1926",1999,99,0.320805051096827
"1927",1999,100,0.26108907883999
"1928",1999,101,0.279072439507667
"1929",1999,102,0.332900628799886
"1930",1999,103,0.33914980474839
"1931",1999,104,0.31495850774877
"1932",1999,105,0.256424926329134
"1933",1999,106,0.264933365129624
"1934",1999,107,0.305214959362349
"1935",1999,108,0.375479810516529
"1936",1999,109,0.394613777414444
"1937",1999,110,0.403227985663009
"1938",1999,111,0.357088801674872
"1939",1999,112,0.331023677972867
"1940",1999,113,0.31770993298106
"1941",1999,114,0.332032814405258
"1942",1999,115,0.331340961023228
"1943",1999,116,0.368504878160667
"1944",1999,117,0.410449510417986
"1945",1999,118,0.433656324162059
"1946",1999,119,0.406415348577979
"1947",1999,120,0.398376975514104
"1948",1999,121,0.432081239882033
"1949",1999,122,0.406037278865887
"1950",1999,123,0.420069847123157
"1951",1999,124,0.381389001801791
"1952",1999,125,0.370666486792892
"1953",1999,126,0.382628182615088
"1954",1999,127,0.414789817426786
"1955",1999,128,0.430726400609528
"1956",1999,129,0.429559049097199
"1957",1999,130,0.380956356216023
"1958",1999,131,0.382116005060832
"1959",1999,132,0.412934663704339
"1960",1999,133,0.456630747861582
"1961",1999,134,0.427725955854627
"1962",1999,135,0.442034266025071
"1963",1999,136,0.418578968218645
"1964",1999,137,0.435805364204214
"1965",1999,138,0.480915406357647
"1966",1999,139,0.501434441879863
"1967",1999,140,0.498048576122365
"1968",1999,141,0.524302022583336
"1969",1999,142,0.508893817580283
"1970",1999,143,0.494297945808645
"1971",1999,144,0.512045217666528
"1972",1999,145,0.533891469619056
"1973",1999,146,0.533417765963457
"1974",1999,147,0.525748824787199
"1975",1999,148,0.540657806478569
"1976",1999,149,0.571014425754345
"1977",1999,150,0.492259952466316
"1978",1999,151,0.489803080116194
"1979",1999,152,0.534191600722389
"1980",1999,153,0.562269102475186
"1981",1999,154,0.560499666934749
"1982",1999,155,0.558082832670511
"1983",1999,156,0.516567397157609
"1984",1999,157,0.534239009835126
"1985",1999,158,0.569582960978052
"1986",1999,159,0.586480942492777
"1987",1999,160,0.561241928388954
"1988",1999,161,0.522032497941076
"1989",1999,162,0.535343236619127
"1990",1999,163,0.552140219519998
"1991",1999,164,0.550375548760616
"1992",1999,165,0.552253851572388
"1993",1999,166,0.530930433081361
"1994",1999,167,0.529661055985164
"1995",1999,168,0.585693508413654
"1996",1999,169,0.602211325709033
"1997",1999,170,0.638542142960442
"1998",1999,171,0.653653940326228
"1999",1999,172,0.660107313493297
"2000",1999,173,0.617594679107995
"2001",1999,174,0.600417844396217
"2002",1999,175,0.63961831104109
"2003",1999,176,0.68092353489434
"2004",1999,177,0.617452703993736
"2005",1999,178,0.609691807174152
"2006",1999,179,0.567864562551581
"2007",1999,180,0.58159413235767
"2008",1999,181,0.579858407319466
"2009",1999,182,0.598916686146536
"2010",1999,183,0.623110643433774
"2011",1999,184,0.676112888935726
"2012",1999,185,0.694325881218104
"2013",1999,186,0.657870167851059
"2014",1999,187,0.652181641177077
"2015",1999,188,0.705321742662545
"2016",1999,189,0.670063820845843
"2017",1999,190,0.609275669431235
"2018",1999,191,0.617332715813614
"2019",1999,192,0.640852459673815
"2020",1999,193,0.656306077084092
"2021",1999,194,0.685391988265222
"2022",1999,195,0.67899823098968
"2023",1999,196,0.665818341953875
"2024",1999,197,0.621720799683449
"2025",1999,198,0.665899295457668
"2026",1999,199,0.679803857417074
"2027",1999,200,0.663799000459382
"2028",1999,201,0.659421482645454
"2029",1999,202,0.691451901524715
"2030",1999,203,0.688263920007365
"2031",1999,204,0.67900982484153
"2032",1999,205,0.698820217617737
"2033",1999,206,0.690283336397491
"2034",1999,207,0.652492627549819
"2035",1999,208,0.688591756574308
"2036",1999,209,0.70041172353364
"2037",1999,210,0.693578071826926
"2038",1999,211,0.673342854142478
"2039",1999,212,0.59798657059025
"2040",1999,213,0.55746668823965
"2041",1999,214,0.615918159098398
"2042",1999,215,0.61578370400724
"2043",1999,216,0.620114900616298
"2044",1999,217,0.599016168509215
"2045",1999,218,0.620487606550554
"2046",1999,219,0.616546558688986
"2047",1999,220,0.652536894871717
"2048",1999,221,0.637055196809917
"2049",1999,222,0.626678345552633
"2050",1999,223,0.637879769470043
"2051",1999,224,0.565860815688317
"2052",1999,225,0.568771609095343
"2053",1999,226,0.620283289597625
"2054",1999,227,0.643578318647998
"2055",1999,228,0.583937374774184
"2056",1999,229,0.571506753172686
"2057",1999,230,0.576778497120627
"2058",1999,231,0.586161270436837
"2059",1999,232,0.582886075947446
"2060",1999,233,0.544285277255928
"2061",1999,234,0.555874027701313
"2062",1999,235,0.545106766737249
"2063",1999,236,0.562421871548966
"2064",1999,237,0.595643685987516
"2065",1999,238,0.567919382912502
"2066",1999,239,0.567703791421687
"2067",1999,240,0.563774192977866
"2068",1999,241,0.536977818197809
"2069",1999,242,0.537226336915796
"2070",1999,243,0.543349898959468
"2071",1999,244,0.484476694185604
"2072",1999,245,0.439181641049059
"2073",1999,246,0.425233035841856
"2074",1999,247,0.389784832249639
"2075",1999,248,0.411269157253468
"2076",1999,249,0.453786330452234
"2077",1999,250,0.405570386631489
"2078",1999,251,0.372974093687093
"2079",1999,252,0.382440358563902
"2080",1999,253,0.413508782409548
"2081",1999,254,0.379731431762384
"2082",1999,255,0.326754754078778
"2083",1999,256,0.316200238599768
"2084",1999,257,0.336047919570656
"2085",1999,258,0.343889587895241
"2086",1999,259,0.363727559514759
"2087",1999,260,0.374196840904503
"2088",1999,261,0.361933020632445
"2089",1999,262,0.305317784691388
"2090",1999,263,0.308210686079943
"2091",1999,264,0.316130147469073
"2092",1999,265,0.326962818752762
"2093",1999,266,0.332175870976754
"2094",1999,267,0.333390818491372
"2095",1999,268,0.319366955643712
"2096",1999,269,0.267668487031247
"2097",1999,270,0.221851158118438
"2098",1999,271,0.218170862972132
"2099",1999,272,0.249559985844426
"2100",1999,273,0.250885814827827
"2101",1999,274,0.208633824618881
"2102",1999,275,0.19041021983156
"2103",1999,276,0.20156591304371
"2104",1999,277,0.22402082189738
"2105",1999,278,0.230350935612075
"2106",1999,279,0.2483775179481
"2107",1999,280,0.234105620168347
"2108",1999,281,0.222727975236249
"2109",1999,282,0.240021176880157
"2110",1999,283,0.202581788891016
"2111",1999,284,0.219114732038141
"2112",1999,285,0.205498376430034
"2113",1999,286,0.199754507655426
"2114",1999,287,0.207393034679328
"2115",1999,288,0.171390435016418
"2116",1999,289,0.131687407022687
"2117",1999,290,0.131080610923109
"2118",1999,291,0.139682790928228
"2119",1999,292,0.138108655570277
"2120",1999,293,0.154392204514685
"2121",1999,294,0.162076402660125
"2122",1999,295,0.15643410580101
"2123",1999,296,0.145504861953669
"2124",1999,297,0.149085699763257
"2125",1999,298,0.146784309887677
"2126",1999,299,0.152920996698844
"2127",1999,300,0.132676642114808
"2128",1999,301,0.127211061701954
"2129",1999,302,0.12985853588709
"2130",1999,303,0.122440612159586
"2131",1999,304,0.139122533197383
"2132",1999,305,0.109423849113003
"2133",1999,306,0.0950184035670244
"2134",1999,307,0.0995404790182964
"2135",1999,308,0.119571179803989
"2136",1999,309,0.103760318165412
"2137",1999,310,0.120483402578886
"2138",1999,311,0.118527293934542
"2139",1999,312,0.129632546444157
"2140",1999,313,0.112519544943556
"2141",1999,314,0.107809526962949
"2142",1999,315,0.107987723057842
"2143",1999,316,0.11845966400594
"2144",1999,317,0.116927009306432
"2145",1999,318,0.105009551736084
"2146",1999,319,0.0952664062632997
"2147",1999,320,0.0940366465055518
"2148",1999,321,0.0954257378618848
"2149",1999,322,0.0800495203356595
"2150",1999,323,0.0725294352740154
"2151",1999,324,0.0797660746068162
"2152",1999,325,0.0680636894516431
"2153",1999,326,0.0529463915196491
"2154",1999,327,0.0497784613724368
"2155",1999,328,0.0481689192459166
"2156",1999,329,0.0655053640193478
"2157",1999,330,0.0774768896917224
"2158",1999,331,0.0680886494860065
"2159",1999,332,0.0631007423721104
"2160",1999,333,0.0642416862406748
"2161",1999,334,0.0698864422818772
"2162",1999,335,0.0731712463671237
"2163",1999,336,0.0589556394998715
"2164",1999,337,0.0509389524480197
"2165",1999,338,0.0432516881765741
"2166",1999,339,0.0448736161351867
"2167",1999,340,0.0574829545436847
"2168",1999,341,0.0529875568423611
"2169",1999,342,0.0370646501676481
"2170",1999,343,0.0377864440775027
"2171",1999,344,0.0436643846168017
"2172",1999,345,0.0384005831777885
"2173",1999,346,0.0447804105397233
"2174",1999,347,0.0510821085836296
"2175",1999,348,0.034037716013732
"2176",1999,349,0.0348873367569164
"2177",1999,350,0.052766153763937
"2178",1999,351,0.0509142584054885
"2179",1999,352,0.0512470842896421
"2180",1999,353,0.0351999468881292
"2181",1999,354,0.0296509308334716
"2182",1999,355,0.03393170291003
"2183",1999,356,0.0374358485112566
"2184",1999,357,0.0516648841497492
"2185",1999,358,0.0544985158063952
"2186",1999,359,0.0549905895745534
"2187",1999,360,0.05243449703586
"2188",1999,361,0.0548038219457961
"2189",1999,362,0.063950003193706
"2190",1999,363,0.0620741537409297
"2191",1999,364,0.0535430392845584
"2192",1999,365,0.0574229737954124
"2193",2000,1,0.05016189575914
"2194",2000,2,0.0422868623212238
"2195",2000,3,0.0375925698806147
"2196",2000,4,0.0393399697507549
"2197",2000,5,0.0480544191426283
"2198",2000,6,0.0425008050054714
"2199",2000,7,0.0511778301547247
"2200",2000,8,0.0494818921501442
"2201",2000,9,0.0498863879005315
"2202",2000,10,0.0458993370428888
"2203",2000,11,0.0513554521490423
"2204",2000,12,0.0512858150576934
"2205",2000,13,0.0503527913697732
"2206",2000,14,0.0729899651476983
"2207",2000,15,0.078486899678689
"2208",2000,16,0.0762868860906773
"2209",2000,17,0.0792066317100472
"2210",2000,18,0.0654483841347519
"2211",2000,19,0.0627122917894253
"2212",2000,20,0.0619374452189972
"2213",2000,21,0.0679085013446496
"2214",2000,22,0.0656132017416
"2215",2000,23,0.0599084719301371
"2216",2000,24,0.0638493437120529
"2217",2000,25,0.0550116675467384
"2218",2000,26,0.0748599275857313
"2219",2000,27,0.0703962757315904
"2220",2000,28,0.0606354914238793
"2221",2000,29,0.0540173532663921
"2222",2000,30,0.0433744254262052
"2223",2000,31,0.0526200803064076
"2224",2000,32,0.0613935089584548
"2225",2000,33,0.109313218479825
"2226",2000,34,0.0864206573779018
"2227",2000,35,0.0704338690694593
"2228",2000,36,0.0876316303908156
"2229",2000,37,0.106929841011556
"2230",2000,38,0.115626685832317
"2231",2000,39,0.131385064318864
"2232",2000,40,0.135899372724181
"2233",2000,41,0.105372410351639
"2234",2000,42,0.0934366723457803
"2235",2000,43,0.0923177477635923
"2236",2000,44,0.0873189781590029
"2237",2000,45,0.101590455899369
"2238",2000,46,0.124845942309398
"2239",2000,47,0.120571887481414
"2240",2000,48,0.112546481400062
"2241",2000,49,0.108294774419114
"2242",2000,50,0.111463877819613
"2243",2000,51,0.141268013009516
"2244",2000,52,0.175642892930357
"2245",2000,53,0.17570762221203
"2246",2000,54,0.170238336505379
"2247",2000,55,0.168247621171175
"2248",2000,56,0.145768459906444
"2249",2000,57,0.12644359407093
"2250",2000,58,0.154186750408432
"2251",2000,59,0.182426063867022
"2252",2000,60,0.175039003108046
"2253",2000,61,0.170795732611538
"2254",2000,62,0.174224088812986
"2255",2000,63,0.184427181188862
"2256",2000,64,0.200978897289204
"2257",2000,65,0.220975623950125
"2258",2000,66,0.21740055355475
"2259",2000,67,0.199387302427152
"2260",2000,68,0.163333779062794
"2261",2000,69,0.133808557302033
"2262",2000,70,0.156450428144544
"2263",2000,71,0.174551412292592
"2264",2000,72,0.174484041644703
"2265",2000,73,0.178259523416284
"2266",2000,74,0.194468147674496
"2267",2000,75,0.182488422851572
"2268",2000,76,0.1850297702618
"2269",2000,77,0.201475448284725
"2270",2000,78,0.201897444081021
"2271",2000,79,0.221204679110928
"2272",2000,80,0.189364809561447
"2273",2000,81,0.173231011676539
"2274",2000,82,0.213484708426603
"2275",2000,83,0.258756559310648
"2276",2000,84,0.241675324226392
"2277",2000,85,0.253307165258541
"2278",2000,86,0.268961802581661
"2279",2000,87,0.273695410793294
"2280",2000,88,0.278862833163594
"2281",2000,89,0.273191438543352
"2282",2000,90,0.245460069447836
"2283",2000,91,0.240555318185877
"2284",2000,92,0.258724474494866
"2285",2000,93,0.250175722911132
"2286",2000,94,0.242504265121047
"2287",2000,95,0.321030101418165
"2288",2000,96,0.345697125306524
"2289",2000,97,0.297238029670906
"2290",2000,98,0.263543115875428
"2291",2000,99,0.296513385486717
"2292",2000,100,0.322337362570756
"2293",2000,101,0.319863419759619
"2294",2000,102,0.323853675750451
"2295",2000,103,0.359870320394515
"2296",2000,104,0.39392141177312
"2297",2000,105,0.327598991425723
"2298",2000,106,0.232066245349461
"2299",2000,107,0.286043705759578
"2300",2000,108,0.376684790269758
"2301",2000,109,0.40255510411047
"2302",2000,110,0.313357565995944
"2303",2000,111,0.350486361870641
"2304",2000,112,0.404147225043645
"2305",2000,113,0.426852145835929
"2306",2000,114,0.39775541603508
"2307",2000,115,0.37410591741798
"2308",2000,116,0.373919512652294
"2309",2000,117,0.393987045201084
"2310",2000,118,0.381896407692595
"2311",2000,119,0.424544110458817
"2312",2000,120,0.397271547970767
"2313",2000,121,0.387712941693489
"2314",2000,122,0.429528707624792
"2315",2000,123,0.479374915430378
"2316",2000,124,0.490273011012383
"2317",2000,125,0.514993576933807
"2318",2000,126,0.533467040210017
"2319",2000,127,0.483457762861657
"2320",2000,128,0.441879158866989
"2321",2000,129,0.39272751892277
"2322",2000,130,0.432659055775983
"2323",2000,131,0.448439471779968
"2324",2000,132,0.408394716784575
"2325",2000,133,0.364808408371102
"2326",2000,134,0.391117703652851
"2327",2000,135,0.439305022532949
"2328",2000,136,0.487335544716519
"2329",2000,137,0.484813315100714
"2330",2000,138,0.450097029644662
"2331",2000,139,0.434169371179053
"2332",2000,140,0.481667535432344
"2333",2000,141,0.492446841160477
"2334",2000,142,0.515487592840314
"2335",2000,143,0.541064923975681
"2336",2000,144,0.545945876848841
"2337",2000,145,0.513920987021679
"2338",2000,146,0.518074443291215
"2339",2000,147,0.525105014932766
"2340",2000,148,0.532132007358691
"2341",2000,149,0.57570119125461
"2342",2000,150,0.573836383488623
"2343",2000,151,0.514306175591831
"2344",2000,152,0.505463095427908
"2345",2000,153,0.479925770385036
"2346",2000,154,0.533388730438577
"2347",2000,155,0.58632267870449
"2348",2000,156,0.542351424880455
"2349",2000,157,0.564123548416518
"2350",2000,158,0.634499947820185
"2351",2000,159,0.635416987224408
"2352",2000,160,0.670396940344973
"2353",2000,161,0.645994733335242
"2354",2000,162,0.581146449870313
"2355",2000,163,0.614855901784522
"2356",2000,164,0.603167165598657
"2357",2000,165,0.568725842833641
"2358",2000,166,0.55119708549111
"2359",2000,167,0.56513666935646
"2360",2000,168,0.500920634617996
"2361",2000,169,0.505039383061945
"2362",2000,170,0.578178751375575
"2363",2000,171,0.601031894397754
"2364",2000,172,0.531623386501216
"2365",2000,173,0.578860817065828
"2366",2000,174,0.644698417465171
"2367",2000,175,0.634396413898616
"2368",2000,176,0.637916989906216
"2369",2000,177,0.584108773258931
"2370",2000,178,0.547180177185362
"2371",2000,179,0.553266932229349
"2372",2000,180,0.566527694803626
"2373",2000,181,0.6209191555514
"2374",2000,182,0.642113936127342
"2375",2000,183,0.659827787221002
"2376",2000,184,0.674445388855975
"2377",2000,185,0.705454766986219
"2378",2000,186,0.674857126870514
"2379",2000,187,0.665384842329669
"2380",2000,188,0.722261794944984
"2381",2000,189,0.698180235165563
"2382",2000,190,0.730448525783384
"2383",2000,191,0.715271670737689
"2384",2000,192,0.69891105537222
"2385",2000,193,0.675329154216741
"2386",2000,194,0.703067036097237
"2387",2000,195,0.71484577103493
"2388",2000,196,0.7445848630254
"2389",2000,197,0.728404996608976
"2390",2000,198,0.656262220421357
"2391",2000,199,0.627757072112319
"2392",2000,200,0.653981489619536
"2393",2000,201,0.639669443303314
"2394",2000,202,0.626999486448
"2395",2000,203,0.633239949011966
"2396",2000,204,0.653254651609229
"2397",2000,205,0.6946705580277
"2398",2000,206,0.683419509354064
"2399",2000,207,0.671529522060692
"2400",2000,208,0.682078365385035
"2401",2000,209,0.680031511380092
"2402",2000,210,0.650655747127518
"2403",2000,211,0.664000227354086
"2404",2000,212,0.66432162353711
"2405",2000,213,0.673052863299443
"2406",2000,214,0.669134243659782
"2407",2000,215,0.668217389625402
"2408",2000,216,0.64399702933423
"2409",2000,217,0.676551889652255
"2410",2000,218,0.625597738694227
"2411",2000,219,0.608671008366465
"2412",2000,220,0.626406183946729
"2413",2000,221,0.619672692999227
"2414",2000,222,0.630415652465466
"2415",2000,223,0.681627334618574
"2416",2000,224,0.671470683011807
"2417",2000,225,0.639827577498148
"2418",2000,226,0.668722617176392
"2419",2000,227,0.625979835053016
"2420",2000,228,0.620241192857933
"2421",2000,229,0.595082930987482
"2422",2000,230,0.549798864917154
"2423",2000,231,0.575713118556662
"2424",2000,232,0.596454676840267
"2425",2000,233,0.585559822734854
"2426",2000,234,0.531968439874758
"2427",2000,235,0.556305301342046
"2428",2000,236,0.565580512704137
"2429",2000,237,0.580838227407356
"2430",2000,238,0.572986111581907
"2431",2000,239,0.559746636186848
"2432",2000,240,0.54663915520652
"2433",2000,241,0.510802289609114
"2434",2000,242,0.533666255772447
"2435",2000,243,0.520657328923889
"2436",2000,244,0.448493092614814
"2437",2000,245,0.487263020000535
"2438",2000,246,0.48179983914522
"2439",2000,247,0.456649942292864
"2440",2000,248,0.48332625244254
"2441",2000,249,0.53290008796141
"2442",2000,250,0.460786173147104
"2443",2000,251,0.393182196934249
"2444",2000,252,0.441840390674855
"2445",2000,253,0.437374609152544
"2446",2000,254,0.400856260321701
"2447",2000,255,0.38965218719097
"2448",2000,256,0.401995219250641
"2449",2000,257,0.426616192949984
"2450",2000,258,0.396136551919851
"2451",2000,259,0.426837732784992
"2452",2000,260,0.427860378785257
"2453",2000,261,0.413245174567916
"2454",2000,262,0.395729565409266
"2455",2000,263,0.332133809145909
"2456",2000,264,0.286464573165868
"2457",2000,265,0.279323307478982
"2458",2000,266,0.220468290750413
"2459",2000,267,0.19959575022578
"2460",2000,268,0.213115624353993
"2461",2000,269,0.230860760924692
"2462",2000,270,0.258381494589075
"2463",2000,271,0.273374670763935
"2464",2000,272,0.280729904812041
"2465",2000,273,0.28831138716467
"2466",2000,274,0.286195517662167
"2467",2000,275,0.272956474710543
"2468",2000,276,0.246621360358947
"2469",2000,277,0.22737214540552
"2470",2000,278,0.216273334535003
"2471",2000,279,0.1653504142936
"2472",2000,280,0.146496867305328
"2473",2000,281,0.142366768266332
"2474",2000,282,0.16803313871939
"2475",2000,283,0.182529753551072
"2476",2000,284,0.194641892633309
"2477",2000,285,0.198289753279285
"2478",2000,286,0.187388346102189
"2479",2000,287,0.177032813499135
"2480",2000,288,0.157240980083531
"2481",2000,289,0.154259828274877
"2482",2000,290,0.159011506867935
"2483",2000,291,0.166152901606252
"2484",2000,292,0.178665529241496
"2485",2000,293,0.170670585797543
"2486",2000,294,0.152676290655305
"2487",2000,295,0.160430777376501
"2488",2000,296,0.143114352867618
"2489",2000,297,0.136830775975446
"2490",2000,298,0.155418683762441
"2491",2000,299,0.141778238110968
"2492",2000,300,0.134937361377817
"2493",2000,301,0.125846117727456
"2494",2000,302,0.144702880883526
"2495",2000,303,0.136659395995987
"2496",2000,304,0.123555479110943
"2497",2000,305,0.105198366041234
"2498",2000,306,0.0953371537115316
"2499",2000,307,0.0905678634654051
"2500",2000,308,0.0810788351081836
"2501",2000,309,0.0920143986710864
"2502",2000,310,0.0850986594995641
"2503",2000,311,0.0606695640692119
"2504",2000,312,0.0524978399544174
"2505",2000,313,0.0549550289397058
"2506",2000,314,0.050139940525751
"2507",2000,315,0.0407475891936588
"2508",2000,316,0.0350701019194936
"2509",2000,317,0.0335880445695663
"2510",2000,318,0.0400447151616908
"2511",2000,319,0.0419962327139282
"2512",2000,320,0.0421295296954139
"2513",2000,321,0.0391758500874228
"2514",2000,322,0.0389147135452379
"2515",2000,323,0.0424885426401879
"2516",2000,324,0.0468819639842699
"2517",2000,325,0.0440710417236855
"2518",2000,326,0.0502660479765814
"2519",2000,327,0.0523063406359535
"2520",2000,328,0.0507403932913595
"2521",2000,329,0.0492527025073608
"2522",2000,330,0.0481517973877462
"2523",2000,331,0.0487280994240511
"2524",2000,332,0.0492973131529235
"2525",2000,333,0.0439168449004279
"2526",2000,334,0.0392204200496593
"2527",2000,335,0.0447740084828714
"2528",2000,336,0.0400755629370113
"2529",2000,337,0.0368772917702563
"2530",2000,338,0.0451961471407937
"2531",2000,339,0.0415292091815916
"2532",2000,340,0.0412954111986407
"2533",2000,341,0.0435182130026473
"2534",2000,342,0.054369911189705
"2535",2000,343,0.0447078811958206
"2536",2000,344,0.0419565196825559
"2537",2000,345,0.0225884595061946
"2538",2000,346,0.0134613513907657
"2539",2000,347,0.0149818590086094
"2540",2000,348,0.0186185324875858
"2541",2000,349,0.0326526237404369
"2542",2000,350,0.0375666296746964
"2543",2000,351,0.0239825819717712
"2544",2000,352,0.0338989924329084
"2545",2000,353,0.0336157009500483
"2546",2000,354,0.0353890075710173
"2547",2000,355,0.0302104975309495
"2548",2000,356,0.0224952816483794
"2549",2000,357,0.0314020527043979
"2550",2000,358,0.0335370368419596
"2551",2000,359,0.0289692401824563
"2552",2000,360,0.0315142392758097
"2553",2000,361,0.0288848457663219
"2554",2000,362,0.0433808446140787
"2555",2000,363,0.0425863215510392
"2556",2000,364,0.0361315753881244
"2557",2000,365,0.035706837259021
"2558",2001,1,0.0351232711712345
"2559",2001,2,0.0397773567671756
"2560",2001,3,0.0509138670994197
"2561",2001,4,0.0610379740819985
"2562",2001,5,0.0584404346466596
"2563",2001,6,0.0517345294123653
"2564",2001,7,0.0482708343720484
"2565",2001,8,0.0479710624613061
"2566",2001,9,0.047714932284746
"2567",2001,10,0.0529234268727328
"2568",2001,11,0.0547743696413634
"2569",2001,12,0.0525991330146719
"2570",2001,13,0.0468837274734281
"2571",2001,14,0.0460778501323834
"2572",2001,15,0.043069705386085
"2573",2001,16,0.0395989228399425
"2574",2001,17,0.0433992960210558
"2575",2001,18,0.0504998801549302
"2576",2001,19,0.0490573951224853
"2577",2001,20,0.056901167487807
"2578",2001,21,0.0568930136572005
"2579",2001,22,0.0656598789927013
"2580",2001,23,0.0604035828926564
"2581",2001,24,0.0585094103985604
"2582",2001,25,0.0670473855159851
"2583",2001,26,0.0593073348610194
"2584",2001,27,0.0551060562712344
"2585",2001,28,0.0595581786943336
"2586",2001,29,0.0672006950845708
"2587",2001,30,0.0685450548867545
"2588",2001,31,0.0669811435318526
"2589",2001,32,0.0660017413349557
"2590",2001,33,0.083659862400811
"2591",2001,34,0.0911993346011792
"2592",2001,35,0.0830968654177073
"2593",2001,36,0.0962969929430565
"2594",2001,37,0.0814009083101229
"2595",2001,38,0.0584454723857119
"2596",2001,39,0.0395835798429846
"2597",2001,40,0.0318929131751964
"2598",2001,41,0.0667804187576046
"2599",2001,42,0.0761273101856878
"2600",2001,43,0.0699194359546934
"2601",2001,44,0.0748266158017921
"2602",2001,45,0.054519939848292
"2603",2001,46,0.0560767121467445
"2604",2001,47,0.0638317203416823
"2605",2001,48,0.0816286116673771
"2606",2001,49,0.100623908472228
"2607",2001,50,0.118236525765266
"2608",2001,51,0.104880400198641
"2609",2001,52,0.122357174794201
"2610",2001,53,0.128120433924617
"2611",2001,54,0.119627890032476
"2612",2001,55,0.115378632549639
"2613",2001,56,0.107696623352577
"2614",2001,57,0.108257951395084
"2615",2001,58,0.0854602984772933
"2616",2001,59,0.0963085201174935
"2617",2001,60,0.115995066889624
"2618",2001,61,0.132140984512004
"2619",2001,62,0.137918905249485
"2620",2001,63,0.143123336041443
"2621",2001,64,0.166154656359059
"2622",2001,65,0.178475342794936
"2623",2001,66,0.177661828773387
"2624",2001,67,0.183024893477464
"2625",2001,68,0.188947127684786
"2626",2001,69,0.171492939186321
"2627",2001,70,0.159593222063212
"2628",2001,71,0.183253040080649
"2629",2001,72,0.195802016198573
"2630",2001,73,0.180813098917043
"2631",2001,74,0.161204890811527
"2632",2001,75,0.162730390172356
"2633",2001,76,0.178921809524401
"2634",2001,77,0.18972104477107
"2635",2001,78,0.211118992204553
"2636",2001,79,0.234233498665885
"2637",2001,80,0.241766759155696
"2638",2001,81,0.248222403383841
"2639",2001,82,0.21178400040896
"2640",2001,83,0.178715146080243
"2641",2001,84,0.183885359817705
"2642",2001,85,0.215593367221159
"2643",2001,86,0.217327065939051
"2644",2001,87,0.221554365654188
"2645",2001,88,0.255826724588025
"2646",2001,89,0.240261497400341
"2647",2001,90,0.234652279439717
"2648",2001,91,0.272722494276612
"2649",2001,92,0.266185198144922
"2650",2001,93,0.289117669032379
"2651",2001,94,0.299285076788533
"2652",2001,95,0.319142141243103
"2653",2001,96,0.312900720640654
"2654",2001,97,0.317352122055305
"2655",2001,98,0.318876231728071
"2656",2001,99,0.292618990359336
"2657",2001,100,0.276294036848836
"2658",2001,101,0.293928987149865
"2659",2001,102,0.286849613300611
"2660",2001,103,0.306338556253141
"2661",2001,104,0.311949837996136
"2662",2001,105,0.300954324080421
"2663",2001,106,0.288789824899832
"2664",2001,107,0.342905278071553
"2665",2001,108,0.41168318913363
"2666",2001,109,0.413427905165918
"2667",2001,110,0.351107659844466
"2668",2001,111,0.318324456501581
"2669",2001,112,0.29086878524612
"2670",2001,113,0.327221599192513
"2671",2001,114,0.366579773804288
"2672",2001,115,0.413801626969793
"2673",2001,116,0.443292027230495
"2674",2001,117,0.475855708502495
"2675",2001,118,0.484929605838483
"2676",2001,119,0.454040829496688
"2677",2001,120,0.449997379166474
"2678",2001,121,0.428749009663665
"2679",2001,122,0.349154275991049
"2680",2001,123,0.365287361047885
"2681",2001,124,0.381981265815053
"2682",2001,125,0.40351149819447
"2683",2001,126,0.387887836496598
"2684",2001,127,0.40944418728131
"2685",2001,128,0.454895984840684
"2686",2001,129,0.495584655151995
"2687",2001,130,0.474280241665554
"2688",2001,131,0.467165128940307
"2689",2001,132,0.5148258326389
"2690",2001,133,0.558144896265053
"2691",2001,134,0.579261569896568
"2692",2001,135,0.55193709900813
"2693",2001,136,0.522268199671471
"2694",2001,137,0.482194354773899
"2695",2001,138,0.500249285009014
"2696",2001,139,0.519141332713597
"2697",2001,140,0.425346398951942
"2698",2001,141,0.420227131565778
"2699",2001,142,0.4654958308109
"2700",2001,143,0.490607304995488
"2701",2001,144,0.482364688199562
"2702",2001,145,0.483123352322029
"2703",2001,146,0.53881305210658
"2704",2001,147,0.551584741047829
"2705",2001,148,0.535490183365801
"2706",2001,149,0.557889795510448
"2707",2001,150,0.542923770659258
"2708",2001,151,0.537354333452262
"2709",2001,152,0.552018864533843
"2710",2001,153,0.552766470684462
"2711",2001,154,0.522955949989952
"2712",2001,155,0.47220570556635
"2713",2001,156,0.491608238777852
"2714",2001,157,0.542169809309017
"2715",2001,158,0.557711001135736
"2716",2001,159,0.5835471276859
"2717",2001,160,0.628069173190309
"2718",2001,161,0.619185997073639
"2719",2001,162,0.615188306677036
"2720",2001,163,0.605119981216835
"2721",2001,164,0.524815023952975
"2722",2001,165,0.484622823497151
"2723",2001,166,0.53241205807305
"2724",2001,167,0.578568451547521
"2725",2001,168,0.61651237771111
"2726",2001,169,0.578483505081139
"2727",2001,170,0.565174666963082
"2728",2001,171,0.56431997821831
"2729",2001,172,0.583152712645946
"2730",2001,173,0.647790879186807
"2731",2001,174,0.688464064036482
"2732",2001,175,0.717934820776691
"2733",2001,176,0.719993634892227
"2734",2001,177,0.694091841980249
"2735",2001,178,0.702161265509555
"2736",2001,179,0.701148524997897
"2737",2001,180,0.699500339796932
"2738",2001,181,0.691230173795003
"2739",2001,182,0.666455716867435
"2740",2001,183,0.681129380878368
"2741",2001,184,0.690348708127002
"2742",2001,185,0.689141513963071
"2743",2001,186,0.710580180844937
"2744",2001,187,0.723478727400864
"2745",2001,188,0.698576069963021
"2746",2001,189,0.703509362022273
"2747",2001,190,0.696312516326264
"2748",2001,191,0.664744615990282
"2749",2001,192,0.677571120669065
"2750",2001,193,0.678973801092662
"2751",2001,194,0.678852933064183
"2752",2001,195,0.689317505842014
"2753",2001,196,0.668475146216952
"2754",2001,197,0.678680342588582
"2755",2001,198,0.673255526259041
"2756",2001,199,0.665825981815213
"2757",2001,200,0.677140336082088
"2758",2001,201,0.694111060113976
"2759",2001,202,0.702656510160655
"2760",2001,203,0.692875800727247
"2761",2001,204,0.664529250734461
"2762",2001,205,0.654758253848097
"2763",2001,206,0.679112837056555
"2764",2001,207,0.649070702948034
"2765",2001,208,0.662112829361189
"2766",2001,209,0.689902625269107
"2767",2001,210,0.691439044756847
"2768",2001,211,0.678857261000262
"2769",2001,212,0.681162716718655
"2770",2001,213,0.655041860966972
"2771",2001,214,0.690317682543032
"2772",2001,215,0.694093594486613
"2773",2001,216,0.711665250305299
"2774",2001,217,0.70247047636716
"2775",2001,218,0.721033642624899
"2776",2001,219,0.69935288296296
"2777",2001,220,0.678440568475202
"2778",2001,221,0.577348430754277
"2779",2001,222,0.591056666111371
"2780",2001,223,0.60552149962226
"2781",2001,224,0.606801508176082
"2782",2001,225,0.621773942227458
"2783",2001,226,0.611204959948733
"2784",2001,227,0.584348164399871
"2785",2001,228,0.561777156857002
"2786",2001,229,0.582648463493545
"2787",2001,230,0.57307669210546
"2788",2001,231,0.590086532635335
"2789",2001,232,0.589522018779418
"2790",2001,233,0.587330436376148
"2791",2001,234,0.588518872642234
"2792",2001,235,0.573660378316671
"2793",2001,236,0.56291667159889
"2794",2001,237,0.572723371175923
"2795",2001,238,0.559851639240455
"2796",2001,239,0.562721284287157
"2797",2001,240,0.555591802668706
"2798",2001,241,0.495937390297201
"2799",2001,242,0.495606164900024
"2800",2001,243,0.514686876348467
"2801",2001,244,0.524745063928398
"2802",2001,245,0.509476573054526
"2803",2001,246,0.524632386211978
"2804",2001,247,0.533341094586907
"2805",2001,248,0.522992742877772
"2806",2001,249,0.446249410085455
"2807",2001,250,0.370904314243485
"2808",2001,251,0.339807232923697
"2809",2001,252,0.358891212130129
"2810",2001,253,0.40619785239986
"2811",2001,254,0.412295918541818
"2812",2001,255,0.389853917497828
"2813",2001,256,0.389889322223109
"2814",2001,257,0.360581952732266
"2815",2001,258,0.345411371664814
"2816",2001,259,0.351774066903317
"2817",2001,260,0.342718036361592
"2818",2001,261,0.365026254202088
"2819",2001,262,0.360004569874992
"2820",2001,263,0.342245935803472
"2821",2001,264,0.347535671181522
"2822",2001,265,0.335982698450818
"2823",2001,266,0.306845859513154
"2824",2001,267,0.324753431182841
"2825",2001,268,0.337038371653499
"2826",2001,269,0.340179021245342
"2827",2001,270,0.340403648859217
"2828",2001,271,0.341921302497942
"2829",2001,272,0.311655107579604
"2830",2001,273,0.282927196574831
"2831",2001,274,0.291723111178095
"2832",2001,275,0.275046360825981
"2833",2001,276,0.242228777717526
"2834",2001,277,0.197468109262314
"2835",2001,278,0.18393849101317
"2836",2001,279,0.207274671109477
"2837",2001,280,0.224490539689786
"2838",2001,281,0.2169527495185
"2839",2001,282,0.197757443706498
"2840",2001,283,0.178555352115064
"2841",2001,284,0.181515172980301
"2842",2001,285,0.167659943200945
"2843",2001,286,0.165148999371601
"2844",2001,287,0.15042373110689
"2845",2001,288,0.140593059179771
"2846",2001,289,0.156092932300025
"2847",2001,290,0.176530274941466
"2848",2001,291,0.148960817386201
"2849",2001,292,0.15340782503278
"2850",2001,293,0.143380641988837
"2851",2001,294,0.142663697720075
"2852",2001,295,0.15250795659029
"2853",2001,296,0.14281145101662
"2854",2001,297,0.119299899538032
"2855",2001,298,0.110044793797162
"2856",2001,299,0.11795608545889
"2857",2001,300,0.133029564661025
"2858",2001,301,0.148059295028834
"2859",2001,302,0.117667867102188
"2860",2001,303,0.130544583641671
"2861",2001,304,0.137477206327121
"2862",2001,305,0.119063328833547
"2863",2001,306,0.109404121447437
"2864",2001,307,0.110994519010238
"2865",2001,308,0.115334481342292
"2866",2001,309,0.122301097601285
"2867",2001,310,0.112164923800411
"2868",2001,311,0.102633090026209
"2869",2001,312,0.0800433461776889
"2870",2001,313,0.100433563495191
"2871",2001,314,0.0920823216806023
"2872",2001,315,0.0926298067647321
"2873",2001,316,0.089903434413088
"2874",2001,317,0.0945113814553807
"2875",2001,318,0.0921686306919546
"2876",2001,319,0.0880613956857284
"2877",2001,320,0.0923470959733255
"2878",2001,321,0.084645279590165
"2879",2001,322,0.0621787690988169
"2880",2001,323,0.0427001716107095
"2881",2001,324,0.0653950539862459
"2882",2001,325,0.0761931772345776
"2883",2001,326,0.0749998078297021
"2884",2001,327,0.0668967241972516
"2885",2001,328,0.0620330254948107
"2886",2001,329,0.0506310792246155
"2887",2001,330,0.0393037365729196
"2888",2001,331,0.0311777464414841
"2889",2001,332,0.0296530261878214
"2890",2001,333,0.0384090468829111
"2891",2001,334,0.0495908770768838
"2892",2001,335,0.0470610496845262
"2893",2001,336,0.0634975351898394
"2894",2001,337,0.0658348872211723
"2895",2001,338,0.0549947614559609
"2896",2001,339,0.046230792968323
"2897",2001,340,0.0544701188739239
"2898",2001,341,0.0445306917970408
"2899",2001,342,0.0459320028742091
"2900",2001,343,0.0538165313062294
"2901",2001,344,0.0414227659495442
"2902",2001,345,0.0379122654787272
"2903",2001,346,0.0342197028459525
"2904",2001,347,0.0372830624334482
"2905",2001,348,0.0458609927664149
"2906",2001,349,0.0420797706450679
"2907",2001,350,0.0382933104484579
"2908",2001,351,0.0535724643459817
"2909",2001,352,0.0372078965550384
"2910",2001,353,0.0336413946538255
"2911",2001,354,0.0338900716178577
"2912",2001,355,0.0391899755051227
"2913",2001,356,0.0340063256014245
"2914",2001,357,0.0329217798857416
"2915",2001,358,0.0339810963081393
"2916",2001,359,0.0372079849404375
"2917",2001,360,0.0435000387429374
"2918",2001,361,0.0416423348405175
"2919",2001,362,0.0322405025022013
"2920",2001,363,0.027681289380965
"2921",2001,364,0.0278532881733415
"2922",2001,365,0.0260481906729857
"2923",2002,1,0.0285068331513161
"2924",2002,2,0.0301681916358006
"2925",2002,3,0.0486490830391018
"2926",2002,4,0.0494644559695028
"2927",2002,5,0.0447008643926822
"2928",2002,6,0.0482544790357598
"2929",2002,7,0.0693389698724774
"2930",2002,8,0.0833508562161739
"2931",2002,9,0.0685571765704249
"2932",2002,10,0.0551872776192204
"2933",2002,11,0.0576140550434789
"2934",2002,12,0.0566230661197385
"2935",2002,13,0.0626101265947215
"2936",2002,14,0.0473974612016984
"2937",2002,15,0.0382772795050901
"2938",2002,16,0.0373929385386325
"2939",2002,17,0.0347609034042411
"2940",2002,18,0.0358417371100042
"2941",2002,19,0.0461654109100872
"2942",2002,20,0.05614284812455
"2943",2002,21,0.0773096333444683
"2944",2002,22,0.0667227491448457
"2945",2002,23,0.0503582523350752
"2946",2002,24,0.0631313167428616
"2947",2002,25,0.0926641597185045
"2948",2002,26,0.102924876478686
"2949",2002,27,0.0844549337972255
"2950",2002,28,0.0515204004426715
"2951",2002,29,0.0448834141234452
"2952",2002,30,0.045856110951141
"2953",2002,31,0.0504431717284202
"2954",2002,32,0.0736991250262355
"2955",2002,33,0.0794939632314665
"2956",2002,34,0.0793084604639302
"2957",2002,35,0.0793060490165529
"2958",2002,36,0.0890176741951463
"2959",2002,37,0.105314505309262
"2960",2002,38,0.123603382361567
"2961",2002,39,0.122799855043941
"2962",2002,40,0.0869114838558036
"2963",2002,41,0.0893451519678561
"2964",2002,42,0.124406121109765
"2965",2002,43,0.0940628506131145
"2966",2002,44,0.106848605816837
"2967",2002,45,0.11376392079319
"2968",2002,46,0.11656562379221
"2969",2002,47,0.139324529164403
"2970",2002,48,0.156192782770134
"2971",2002,49,0.146151214688892
"2972",2002,50,0.135556440287374
"2973",2002,51,0.138963993485916
"2974",2002,52,0.143282182952805
"2975",2002,53,0.175202988301641
"2976",2002,54,0.167800235816508
"2977",2002,55,0.104306290348631
"2978",2002,56,0.0607042067421194
"2979",2002,57,0.0689470788465819
"2980",2002,58,0.088868370123097
"2981",2002,59,0.0927031555535752
"2982",2002,60,0.0698926275313109
"2983",2002,61,0.0640447311245498
"2984",2002,62,0.0896474394758692
"2985",2002,63,0.148121937136703
"2986",2002,64,0.182389558989751
"2987",2002,65,0.137048298708132
"2988",2002,66,0.133688797460824
"2989",2002,67,0.0843062186585857
"2990",2002,68,0.0986501541796186
"2991",2002,69,0.171603262914359
"2992",2002,70,0.184983697622458
"2993",2002,71,0.229698504334044
"2994",2002,72,0.176619442619661
"2995",2002,73,0.146004186734329
"2996",2002,74,0.120840725809362
"2997",2002,75,0.109068379768971
"2998",2002,76,0.129489739965199
"2999",2002,77,0.14368505817433
"3000",2002,78,0.138108944963114
"3001",2002,79,0.150438906182111
"3002",2002,80,0.0988630888155726
"3003",2002,81,0.150378836605623
"3004",2002,82,0.187074263696882
"3005",2002,83,0.14591690846388
"3006",2002,84,0.139328713347781
"3007",2002,85,0.188096124023064
"3008",2002,86,0.254013617652743
"3009",2002,87,0.225700526507686
"3010",2002,88,0.235757373562799
"3011",2002,89,0.234054876792805
"3012",2002,90,0.275330881295443
"3013",2002,91,0.271142131067566
"3014",2002,92,0.149925730816273
"3015",2002,93,0.188236826478075
"3016",2002,94,0.257988390926478
"3017",2002,95,0.288560571274726
"3018",2002,96,0.350256919842118
"3019",2002,97,0.34482706126379
"3020",2002,98,0.307002151322376
"3021",2002,99,0.350858731209769
"3022",2002,100,0.374486149321385
"3023",2002,101,0.34070106896605
"3024",2002,102,0.357755792665601
"3025",2002,103,0.399848381451756
"3026",2002,104,0.437105295909493
"3027",2002,105,0.403233864832002
"3028",2002,106,0.355578868003114
"3029",2002,107,0.360339684131175
"3030",2002,108,0.317591450651079
"3031",2002,109,0.242542702035322
"3032",2002,110,0.263713106191671
"3033",2002,111,0.311163505682285
"3034",2002,112,0.374575771494859
"3035",2002,113,0.414772410025733
"3036",2002,114,0.312838498397699
"3037",2002,115,0.317709948796545
"3038",2002,116,0.360223561581023
"3039",2002,117,0.343042908235265
"3040",2002,118,0.377704492878095
"3041",2002,119,0.400144238369073
"3042",2002,120,0.409344687493053
"3043",2002,121,0.324985677336726
"3044",2002,122,0.350656485162976
"3045",2002,123,0.421909803086122
"3046",2002,124,0.410510685928035
"3047",2002,125,0.443788641160958
"3048",2002,126,0.425027264556778
"3049",2002,127,0.379725568643152
"3050",2002,128,0.351413542767052
"3051",2002,129,0.348536938255299
"3052",2002,130,0.400579647090815
"3053",2002,131,0.392059141607212
"3054",2002,132,0.411366501820722
"3055",2002,133,0.445662966894607
"3056",2002,134,0.501324828513211
"3057",2002,135,0.485881052055707
"3058",2002,136,0.430382029734233
"3059",2002,137,0.433389210372085
"3060",2002,138,0.472995924542212
"3061",2002,139,0.479292605980505
"3062",2002,140,0.490999803783364
"3063",2002,141,0.534178676556439
"3064",2002,142,0.454307917684195
"3065",2002,143,0.383994087189916
"3066",2002,144,0.413713780679967
"3067",2002,145,0.475723158699325
"3068",2002,146,0.514395966072396
"3069",2002,147,0.534458010540766
"3070",2002,148,0.556484666849386
"3071",2002,149,0.568447969923338
"3072",2002,150,0.60285350172163
"3073",2002,151,0.598876631306473
"3074",2002,152,0.596422503082994
"3075",2002,153,0.597938006959023
"3076",2002,154,0.521692168754372
"3077",2002,155,0.529107749058061
"3078",2002,156,0.562003842842834
"3079",2002,157,0.606315110337511
"3080",2002,158,0.583701155398281
"3081",2002,159,0.614191276025015
"3082",2002,160,0.569093530774894
"3083",2002,161,0.549330317716332
"3084",2002,162,0.522108190964311
"3085",2002,163,0.536654148321038
"3086",2002,164,0.536940820555291
"3087",2002,165,0.553892382864446
"3088",2002,166,0.593584894894009
"3089",2002,167,0.61663343503902
"3090",2002,168,0.654195140710022
"3091",2002,169,0.64908617171534
"3092",2002,170,0.61515193646891
"3093",2002,171,0.613938212666013
"3094",2002,172,0.669006115468946
"3095",2002,173,0.686719998187091
"3096",2002,174,0.657498761426556
"3097",2002,175,0.67879105245739
"3098",2002,176,0.689152015078926
"3099",2002,177,0.703417820955439
"3100",2002,178,0.717601819909582
"3101",2002,179,0.737195456453666
"3102",2002,180,0.736200472753642
"3103",2002,181,0.702201160301472
"3104",2002,182,0.716950379107267
"3105",2002,183,0.701199722387522
"3106",2002,184,0.709413112933193
"3107",2002,185,0.729291547689644
"3108",2002,186,0.719477375833151
"3109",2002,187,0.690972774629045
"3110",2002,188,0.7144057799344
"3111",2002,189,0.734522677142024
"3112",2002,190,0.692806129287177
"3113",2002,191,0.648632963103523
"3114",2002,192,0.653772851182817
"3115",2002,193,0.68922474678713
"3116",2002,194,0.724184294494119
"3117",2002,195,0.736249082538212
"3118",2002,196,0.73703285952197
"3119",2002,197,0.743177958549931
"3120",2002,198,0.73706039416268
"3121",2002,199,0.735336365611722
"3122",2002,200,0.719601192982214
"3123",2002,201,0.698950636214473
"3124",2002,202,0.653184057073836
"3125",2002,203,0.645508627236035
"3126",2002,204,0.691765529585017
"3127",2002,205,0.697297070645645
"3128",2002,206,0.662276730528561
"3129",2002,207,0.656256837123532
"3130",2002,208,0.648201368754361
"3131",2002,209,0.634080828009463
"3132",2002,210,0.660121444682794
"3133",2002,211,0.681179177206808
"3134",2002,212,0.687813577558493
"3135",2002,213,0.616919551016229
"3136",2002,214,0.652447806681932
"3137",2002,215,0.666526787558562
"3138",2002,216,0.647989297304773
"3139",2002,217,0.641473417098392
"3140",2002,218,0.673706425433658
"3141",2002,219,0.650757689969122
"3142",2002,220,0.628964410362185
"3143",2002,221,0.560174576984065
"3144",2002,222,0.585095712274495
"3145",2002,223,0.605069715030516
"3146",2002,224,0.501313779641729
"3147",2002,225,0.528856375831138
"3148",2002,226,0.596991538143244
"3149",2002,227,0.564508968256626
"3150",2002,228,0.619108432821581
"3151",2002,229,0.5037864656493
"3152",2002,230,0.527345343809172
"3153",2002,231,0.539343422092697
"3154",2002,232,0.601674962408289
"3155",2002,233,0.565755063472783
"3156",2002,234,0.535079716662995
"3157",2002,235,0.541553707395443
"3158",2002,236,0.523080222194436
"3159",2002,237,0.527342468801243
"3160",2002,238,0.537079999602012
"3161",2002,239,0.497791035237633
"3162",2002,240,0.4944389068927
"3163",2002,241,0.498758135576152
"3164",2002,242,0.510612700119709
"3165",2002,243,0.514443198310872
"3166",2002,244,0.50603098651087
"3167",2002,245,0.476856103766074
"3168",2002,246,0.506786257388152
"3169",2002,247,0.534330940622586
"3170",2002,248,0.510073504320453
"3171",2002,249,0.499267672431265
"3172",2002,250,0.487694664254633
"3173",2002,251,0.457555914761396
"3174",2002,252,0.416280073756166
"3175",2002,253,0.391795815216137
"3176",2002,254,0.394758150523796
"3177",2002,255,0.38343895833787
"3178",2002,256,0.390181324594514
"3179",2002,257,0.390923469610684
"3180",2002,258,0.404537154226156
"3181",2002,259,0.41152294577177
"3182",2002,260,0.384314688722715
"3183",2002,261,0.331860168018798
"3184",2002,262,0.316780318681723
"3185",2002,263,0.328042351141437
"3186",2002,264,0.268853116431679
"3187",2002,265,0.28247217576174
"3188",2002,266,0.274957530632791
"3189",2002,267,0.307827566481275
"3190",2002,268,0.254191748140708
"3191",2002,269,0.262295925658098
"3192",2002,270,0.266567631447941
"3193",2002,271,0.265691619758256
"3194",2002,272,0.284219853511042
"3195",2002,273,0.289009418572218
"3196",2002,274,0.23195053875064
"3197",2002,275,0.188870664180276
"3198",2002,276,0.208051851577625
"3199",2002,277,0.215685255487102
"3200",2002,278,0.209199429066601
"3201",2002,279,0.204449776916311
"3202",2002,280,0.218221604454097
"3203",2002,281,0.197292775942824
"3204",2002,282,0.20333244689684
"3205",2002,283,0.21043679802683
"3206",2002,284,0.189164713512168
"3207",2002,285,0.163724563125602
"3208",2002,286,0.167341690726198
"3209",2002,287,0.166885253087522
"3210",2002,288,0.152859288144345
"3211",2002,289,0.14836199414834
"3212",2002,290,0.156353836436738
"3213",2002,291,0.150624123075609
"3214",2002,292,0.148796876054036
"3215",2002,293,0.145840478217733
"3216",2002,294,0.144179249312381
"3217",2002,295,0.109309808075753
"3218",2002,296,0.0853931727483128
"3219",2002,297,0.097980553786296
"3220",2002,298,0.115545181078669
"3221",2002,299,0.108043313018499
"3222",2002,300,0.113323674397293
"3223",2002,301,0.111138437810723
"3224",2002,302,0.0781115674370458
"3225",2002,303,0.0562012814176262
"3226",2002,304,0.0559340846882876
"3227",2002,305,0.0589027948767195
"3228",2002,306,0.0661442838484982
"3229",2002,307,0.0757276079542596
"3230",2002,308,0.0801285554550157
"3231",2002,309,0.0870961012216757
"3232",2002,310,0.101629340484573
"3233",2002,311,0.108395571187999
"3234",2002,312,0.104324121048329
"3235",2002,313,0.0994616889890325
"3236",2002,314,0.0848070654279051
"3237",2002,315,0.0804256183199152
"3238",2002,316,0.0814727882188111
"3239",2002,317,0.0923546874441257
"3240",2002,318,0.0797365481405655
"3241",2002,319,0.0731891572357278
"3242",2002,320,0.0749967436502375
"3243",2002,321,0.0838893632818589
"3244",2002,322,0.0707880500285435
"3245",2002,323,0.0779209273057668
"3246",2002,324,0.0852357354593762
"3247",2002,325,0.0879696075729497
"3248",2002,326,0.0863537976783936
"3249",2002,327,0.0585542388236879
"3250",2002,328,0.039784711617031
"3251",2002,329,0.035358508883368
"3252",2002,330,0.0335259817558735
"3253",2002,331,0.0442593943875778
"3254",2002,332,0.0662229037585342
"3255",2002,333,0.0635162264345368
"3256",2002,334,0.0516184009705533
"3257",2002,335,0.0640838255501508
"3258",2002,336,0.0593508323177262
"3259",2002,337,0.0505000726029323
"3260",2002,338,0.0396763105341408
"3261",2002,339,0.0420884381793002
"3262",2002,340,0.0490578274119654
"3263",2002,341,0.0473024090096807
"3264",2002,342,0.0447124187574952
"3265",2002,343,0.0525197330321491
"3266",2002,344,0.0555937272452632
"3267",2002,345,0.0517160824776221
"3268",2002,346,0.0409726564395186
"3269",2002,347,0.0526217506554518
"3270",2002,348,0.0598571723780591
"3271",2002,349,0.0661029871661359
"3272",2002,350,0.0591845570530833
"3273",2002,351,0.0581550816035281
"3274",2002,352,0.0431722631638566
"3275",2002,353,0.0373382752041207
"3276",2002,354,0.0349998490445779
"3277",2002,355,0.0343007129360877
"3278",2002,356,0.0307685602828198
"3279",2002,357,0.0297342648558336
"3280",2002,358,0.030622009112241
"3281",2002,359,0.0320393428425222
"3282",2002,360,0.0337933132483281
"3283",2002,361,0.05295490778324
"3284",2002,362,0.0703177443890293
"3285",2002,363,0.0669314909271297
"3286",2002,364,0.0465055132496588
"3287",2002,365,0.0540854680203441
"3288",2002,366,0.0387219462151672
"3289",2003,1,0.0483882501812334
"3290",2003,2,0.0555577570243367
"3291",2003,3,0.0687083371741841
"3292",2003,4,0.0603220481396499
"3293",2003,5,0.0615932306468989
"3294",2003,6,0.0631857165959293
"3295",2003,7,0.0709057211663626
"3296",2003,8,0.0716086169981631
"3297",2003,9,0.0490723901181124
"3298",2003,10,0.0350782310262098
"3299",2003,11,0.0394307718444126
"3300",2003,12,0.0516963987875477
"3301",2003,13,0.0730406124429045
"3302",2003,14,0.0538687350559425
"3303",2003,15,0.0475109997245862
"3304",2003,16,0.047208222472389
"3305",2003,17,0.0471453628013366
"3306",2003,18,0.054929285462607
"3307",2003,19,0.078525335124795
"3308",2003,20,0.0831446443692482
"3309",2003,21,0.0567648801407948
"3310",2003,22,0.0361581996035777
"3311",2003,23,0.0480333154432677
"3312",2003,24,0.0657268374077066
"3313",2003,25,0.0719784165031777
"3314",2003,26,0.0710354547410274
"3315",2003,27,0.105689162881023
"3316",2003,28,0.0892692030332043
"3317",2003,29,0.0916402398494371
"3318",2003,30,0.102408845390052
"3319",2003,31,0.106431869733262
"3320",2003,32,0.134415736667523
"3321",2003,33,0.0996295539009918
"3322",2003,34,0.0697601166107843
"3323",2003,35,0.0695260606016016
"3324",2003,36,0.0665692637293805
"3325",2003,37,0.050011786413361
"3326",2003,38,0.0566785402292665
"3327",2003,39,0.0771846642742843
"3328",2003,40,0.0719798520286746
"3329",2003,41,0.0885433703829376
"3330",2003,42,0.091693117127823
"3331",2003,43,0.0969572726560738
"3332",2003,44,0.10802679708172
"3333",2003,45,0.119325433090856
"3334",2003,46,0.110946253927296
"3335",2003,47,0.130121655032265
"3336",2003,48,0.137171443217404
"3337",2003,49,0.126246431825748
"3338",2003,50,0.126609077657714
"3339",2003,51,0.135266511881873
"3340",2003,52,0.139279082158076
"3341",2003,53,0.104313425186815
"3342",2003,54,0.0501252837677803
"3343",2003,55,0.0361065828407616
"3344",2003,56,0.0594174975612864
"3345",2003,57,0.0800005344476143
"3346",2003,58,0.0912740737636808
"3347",2003,59,0.108391953284151
"3348",2003,60,0.104828025696694
"3349",2003,61,0.106187844769479
"3350",2003,62,0.133518177284886
"3351",2003,63,0.0865341362748883
"3352",2003,64,0.106657708738351
"3353",2003,65,0.140314890232222
"3354",2003,66,0.156030346771371
"3355",2003,67,0.125509272279738
"3356",2003,68,0.126101002820792
"3357",2003,69,0.182551587342922
"3358",2003,70,0.212989068895948
"3359",2003,71,0.225387372426448
"3360",2003,72,0.24445013624243
"3361",2003,73,0.272225576125719
"3362",2003,74,0.255276701793322
"3363",2003,75,0.251653750659302
"3364",2003,76,0.212457147734898
"3365",2003,77,0.177567006282049
"3366",2003,78,0.179468185841779
"3367",2003,79,0.181678785334755
"3368",2003,80,0.212040829561325
"3369",2003,81,0.233275272026836
"3370",2003,82,0.268633491078579
"3371",2003,83,0.225285369716481
"3372",2003,84,0.233277221731006
"3373",2003,85,0.245332821870304
"3374",2003,86,0.196763607559568
"3375",2003,87,0.173216482311861
"3376",2003,88,0.185779660164163
"3377",2003,89,0.258471905395068
"3378",2003,90,0.318219896387478
"3379",2003,91,0.343450099430427
"3380",2003,92,0.318177348067642
"3381",2003,93,0.27859089177174
"3382",2003,94,0.245128545377753
"3383",2003,95,0.252000757621275
"3384",2003,96,0.246166467882228
"3385",2003,97,0.259325912342137
"3386",2003,98,0.296125275391692
"3387",2003,99,0.365431375147806
"3388",2003,100,0.372403050897027
"3389",2003,101,0.393075120943994
"3390",2003,102,0.403776391021196
"3391",2003,103,0.4238905300597
"3392",2003,104,0.420758923304195
"3393",2003,105,0.416793278040532
"3394",2003,106,0.363045497307668
"3395",2003,107,0.366986020926021
"3396",2003,108,0.36923795275155
"3397",2003,109,0.340389836282057
"3398",2003,110,0.369836545395281
"3399",2003,111,0.388779004161785
"3400",2003,112,0.401180020933607
"3401",2003,113,0.374085487980987
"3402",2003,114,0.38549294572959
"3403",2003,115,0.399994729322534
"3404",2003,116,0.432716134392519
"3405",2003,117,0.375471071845243
"3406",2003,118,0.389500456970522
"3407",2003,119,0.386381069517448
"3408",2003,120,0.347728022277344
"3409",2003,121,0.359634371048119
"3410",2003,122,0.399459598786665
"3411",2003,123,0.443488506202244
"3412",2003,124,0.410958688911361
"3413",2003,125,0.381905209519688
"3414",2003,126,0.392072673869304
"3415",2003,127,0.421035786236473
"3416",2003,128,0.3867556099766
"3417",2003,129,0.377894266245037
"3418",2003,130,0.373787237686839
"3419",2003,131,0.393228946951005
"3420",2003,132,0.448802886015079
"3421",2003,133,0.471936311040479
"3422",2003,134,0.468548568965719
"3423",2003,135,0.509115843825646
"3424",2003,136,0.518285932788102
"3425",2003,137,0.49179646092949
"3426",2003,138,0.48247999022233
"3427",2003,139,0.396736848092815
"3428",2003,140,0.405674968283236
"3429",2003,141,0.479990836418986
"3430",2003,142,0.513585472637621
"3431",2003,143,0.55120368040544
"3432",2003,144,0.539490780556173
"3433",2003,145,0.568485152593233
"3434",2003,146,0.587389542097638
"3435",2003,147,0.578812777042539
"3436",2003,148,0.598385435476899
"3437",2003,149,0.635456625375227
"3438",2003,150,0.595827375654267
"3439",2003,151,0.584355698222193
"3440",2003,152,0.547772577769739
"3441",2003,153,0.529592667070555
"3442",2003,154,0.516327290600239
"3443",2003,155,0.519726431892924
"3444",2003,156,0.485525583408241
"3445",2003,157,0.480230789193552
"3446",2003,158,0.461751954851016
"3447",2003,159,0.518556961353305
"3448",2003,160,0.555849506269095
"3449",2003,161,0.569255900889893
"3450",2003,162,0.578332644192982
"3451",2003,163,0.588416108526193
"3452",2003,164,0.594459590770968
"3453",2003,165,0.595548179245354
"3454",2003,166,0.630744568537348
"3455",2003,167,0.625190894051879
"3456",2003,168,0.584813767647877
"3457",2003,169,0.582816488861909
"3458",2003,170,0.614109403175219
"3459",2003,171,0.641296919899961
"3460",2003,172,0.609606920752513
"3461",2003,173,0.608996856062678
"3462",2003,174,0.551453073165141
"3463",2003,175,0.492059873042758
"3464",2003,176,0.51625210526638
"3465",2003,177,0.561292476751706
"3466",2003,178,0.602392044792556
"3467",2003,179,0.609037720651257
"3468",2003,180,0.605044480225977
"3469",2003,181,0.673601329317244
"3470",2003,182,0.70839325730898
"3471",2003,183,0.704672080152099
"3472",2003,184,0.681054516482624
"3473",2003,185,0.675555008567477
"3474",2003,186,0.671255608212847
"3475",2003,187,0.649301639405099
"3476",2003,188,0.643094084098186
"3477",2003,189,0.704422862251015
"3478",2003,190,0.665786514028346
"3479",2003,191,0.661385959031608
"3480",2003,192,0.656862844411773
"3481",2003,193,0.702669684495962
"3482",2003,194,0.736173536835622
"3483",2003,195,0.717726818159352
"3484",2003,196,0.732285058361679
"3485",2003,197,0.742531313981177
"3486",2003,198,0.75896043334302
"3487",2003,199,0.743941213526891
"3488",2003,200,0.711182370654924
"3489",2003,201,0.720746500500001
"3490",2003,202,0.703212299474633
"3491",2003,203,0.662835484019492
"3492",2003,204,0.7124642187341
"3493",2003,205,0.743657395917963
"3494",2003,206,0.74989579243856
"3495",2003,207,0.69909584378451
"3496",2003,208,0.666030745345412
"3497",2003,209,0.658751855940009
"3498",2003,210,0.6726965775258
"3499",2003,211,0.647155588962405
"3500",2003,212,0.657254215853971
"3501",2003,213,0.66169234802384
"3502",2003,214,0.655259532405459
"3503",2003,215,0.689529671886317
"3504",2003,216,0.650523454122194
"3505",2003,217,0.647320058136446
"3506",2003,218,0.674319281890343
"3507",2003,219,0.67742587478943
"3508",2003,220,0.68967389777475
"3509",2003,221,0.675095058019029
"3510",2003,222,0.671229787010675
"3511",2003,223,0.678391020689277
"3512",2003,224,0.685999412168562
"3513",2003,225,0.687361384680911
"3514",2003,226,0.667903983762909
"3515",2003,227,0.634248247505948
"3516",2003,228,0.639220288436559
"3517",2003,229,0.625946467532006
"3518",2003,230,0.572262250926848
"3519",2003,231,0.583383403250767
"3520",2003,232,0.58187833968401
"3521",2003,233,0.572623537819408
"3522",2003,234,0.614463834421002
"3523",2003,235,0.61829307141642
"3524",2003,236,0.591124829056149
"3525",2003,237,0.575356730761324
"3526",2003,238,0.564683054204883
"3527",2003,239,0.57840009768986
"3528",2003,240,0.529368758184542
"3529",2003,241,0.476390372127262
"3530",2003,242,0.419354137146057
"3531",2003,243,0.462584451174171
"3532",2003,244,0.478734391448971
"3533",2003,245,0.470952652335855
"3534",2003,246,0.456933358891128
"3535",2003,247,0.478927775153456
"3536",2003,248,0.487031923725848
"3537",2003,249,0.484466036214406
"3538",2003,250,0.467226212773911
"3539",2003,251,0.459152158677372
"3540",2003,252,0.402570197534468
"3541",2003,253,0.368577633398376
"3542",2003,254,0.381689379054132
"3543",2003,255,0.38316901163862
"3544",2003,256,0.333549447124959
"3545",2003,257,0.336190511125539
"3546",2003,258,0.370078785862571
"3547",2003,259,0.386744415442583
"3548",2003,260,0.300875226877425
"3549",2003,261,0.27392936230553
"3550",2003,262,0.30642108629212
"3551",2003,263,0.31449360707498
"3552",2003,264,0.300855289852903
"3553",2003,265,0.301475804229103
"3554",2003,266,0.32596723014538
"3555",2003,267,0.276109365667346
"3556",2003,268,0.301502318078683
"3557",2003,269,0.286336947888166
"3558",2003,270,0.261731381938586
"3559",2003,271,0.258955954205847
"3560",2003,272,0.232023537456786
"3561",2003,273,0.239678739910886
"3562",2003,274,0.231129319625111
"3563",2003,275,0.245294888569757
"3564",2003,276,0.240081818856228
"3565",2003,277,0.237315430669855
"3566",2003,278,0.245494724862403
"3567",2003,279,0.245332560587077
"3568",2003,280,0.245811718003726
"3569",2003,281,0.250130693968923
"3570",2003,282,0.248495387012275
"3571",2003,283,0.217340279472253
"3572",2003,284,0.176584815252485
"3573",2003,285,0.197167942400516
"3574",2003,286,0.171822622537473
"3575",2003,287,0.158589056134569
"3576",2003,288,0.151566002472783
"3577",2003,289,0.166196823168651
"3578",2003,290,0.197819718784196
"3579",2003,291,0.199867297174651
"3580",2003,292,0.19330633352574
"3581",2003,293,0.187703604934492
"3582",2003,294,0.191360863392862
"3583",2003,295,0.183023640427861
"3584",2003,296,0.179676862179697
"3585",2003,297,0.134221067586265
"3586",2003,298,0.111620071139085
"3587",2003,299,0.118991296011368
"3588",2003,300,0.15458366260805
"3589",2003,301,0.128779640255905
"3590",2003,302,0.128950323559869
"3591",2003,303,0.0777161545121021
"3592",2003,304,0.0647274114214543
"3593",2003,305,0.0698145286236948
"3594",2003,306,0.0689945284080952
"3595",2003,307,0.0728548262748236
"3596",2003,308,0.0635862662517334
"3597",2003,309,0.0432489924998857
"3598",2003,310,0.0464467652961957
"3599",2003,311,0.0485931220770144
"3600",2003,312,0.0526209033492062
"3601",2003,313,0.06624730982304
"3602",2003,314,0.0882947217776625
"3603",2003,315,0.0861035752828982
"3604",2003,316,0.0684597380478197
"3605",2003,317,0.0754060836713426
"3606",2003,318,0.080912645027396
"3607",2003,319,0.0789761626534286
"3608",2003,320,0.077725524951301
"3609",2003,321,0.0794463050397184
"3610",2003,322,0.0718202879649207
"3611",2003,323,0.0905565038831594
"3612",2003,324,0.0752147063531402
"3613",2003,325,0.0497126520444795
"3614",2003,326,0.0328471511876074
"3615",2003,327,0.0292210363363126
"3616",2003,328,0.0449565076645168
"3617",2003,329,0.0428622881458217
"3618",2003,330,0.0453120213128841
"3619",2003,331,0.0418587940955461
"3620",2003,332,0.0480717814806527
"3621",2003,333,0.071910082924488
"3622",2003,334,0.0660768665492624
"3623",2003,335,0.0593288152313033
"3624",2003,336,0.060830170267549
"3625",2003,337,0.059254368951049
"3626",2003,338,0.0421237248849856
"3627",2003,339,0.0351434130042538
"3628",2003,340,0.0595020426496951
"3629",2003,341,0.0680179830130052
"3630",2003,342,0.0456164009620805
"3631",2003,343,0.0355079809821975
"3632",2003,344,0.026844411092142
"3633",2003,345,0.0288156271348413
"3634",2003,346,0.0276884241900989
"3635",2003,347,0.0384752461042099
"3636",2003,348,0.0577772575266699
"3637",2003,349,0.0432583551210217
"3638",2003,350,0.0376128881074751
"3639",2003,351,0.050893014368062
"3640",2003,352,0.0406180795104474
"3641",2003,353,0.0504636079831276
"3642",2003,354,0.0608593565079173
"3643",2003,355,0.0509033455487921
"3644",2003,356,0.0389676763818817
"3645",2003,357,0.0416775199415736
"3646",2003,358,0.045378422476543
"3647",2003,359,0.0554123032960161
"3648",2003,360,0.052522254557265
"3649",2003,361,0.042319027755682
"3650",2003,362,0.0356102898804355
"3651",2003,363,0.0345593795968202
"3652",2003,364,0.0382326547869616
"3653",2003,365,0.0417037590024654
"3654",2004,1,0.0572509853198662
"3655",2004,2,0.0471139187911248
"3656",2004,3,0.0301985663032451
"3657",2004,4,0.0242480686912992
"3658",2004,5,0.0157205922061006
"3659",2004,6,0.0204913958497224
"3660",2004,7,0.0378719098491252
"3661",2004,8,0.053897225166513
"3662",2004,9,0.0537829870390731
"3663",2004,10,0.0620924434536378
"3664",2004,11,0.0622836260967173
"3665",2004,12,0.0569006096404952
"3666",2004,13,0.0630883993190346
"3667",2004,14,0.0692717979528251
"3668",2004,15,0.0694719537217516
"3669",2004,16,0.0691585690272764
"3670",2004,17,0.0614412083853916
"3671",2004,18,0.054632018244029
"3672",2004,19,0.0597487567233323
"3673",2004,20,0.0655385341198062
"3674",2004,21,0.0608546395434953
"3675",2004,22,0.0691804276690703
"3676",2004,23,0.0851753914494277
"3677",2004,24,0.0832961305907924
"3678",2004,25,0.0568252965414749
"3679",2004,26,0.0434835139937976
"3680",2004,27,0.0567946172854343
"3681",2004,28,0.0521777421056688
"3682",2004,29,0.0736531776605115
"3683",2004,30,0.0925357231829161
"3684",2004,31,0.0845695759167892
"3685",2004,32,0.0653598128035447
"3686",2004,33,0.0673431824176474
"3687",2004,34,0.0758160209709593
"3688",2004,35,0.0675103967460848
"3689",2004,36,0.0652989153770166
"3690",2004,37,0.0672657514786677
"3691",2004,38,0.0752313935425831
"3692",2004,39,0.0836169445921986
"3693",2004,40,0.0813352167721083
"3694",2004,41,0.0815471723365377
"3695",2004,42,0.0692155463288388
"3696",2004,43,0.0588984844801579
"3697",2004,44,0.097867597273829
"3698",2004,45,0.0999146053899983
"3699",2004,46,0.111180230166241
"3700",2004,47,0.122420792962845
"3701",2004,48,0.143321344436038
"3702",2004,49,0.176912174146293
"3703",2004,50,0.150022541175043
"3704",2004,51,0.13885018945677
"3705",2004,52,0.128771228708247
"3706",2004,53,0.137767157901594
"3707",2004,54,0.139580706036062
"3708",2004,55,0.15614344528804
"3709",2004,56,0.170085071504096
"3710",2004,57,0.179966392616806
"3711",2004,58,0.179582054796125
"3712",2004,59,0.157379356671834
"3713",2004,60,0.13041873731166
"3714",2004,61,0.12547071109226
"3715",2004,62,0.104020092032482
"3716",2004,63,0.12462549970745
"3717",2004,64,0.130945322453581
"3718",2004,65,0.141141483835617
"3719",2004,66,0.150098560532433
"3720",2004,67,0.158714700557373
"3721",2004,68,0.20715666316106
"3722",2004,69,0.221333349199707
"3723",2004,70,0.190397997428542
"3724",2004,71,0.177121976035115
"3725",2004,72,0.206043191544335
"3726",2004,73,0.199246083541648
"3727",2004,74,0.181831580455631
"3728",2004,75,0.198841757802251
"3729",2004,76,0.211234151576917
"3730",2004,77,0.238100074225767
"3731",2004,78,0.252390363351605
"3732",2004,79,0.293805290681093
"3733",2004,80,0.229927733022901
"3734",2004,81,0.221320488308604
"3735",2004,82,0.258596506008395
"3736",2004,83,0.283161549372886
"3737",2004,84,0.301580598112826
"3738",2004,85,0.301633913624017
"3739",2004,86,0.329795623623443
"3740",2004,87,0.291547283193943
"3741",2004,88,0.251197912584983
"3742",2004,89,0.267973906259244
"3743",2004,90,0.290832043637865
"3744",2004,91,0.333265639829722
"3745",2004,92,0.348896790182432
"3746",2004,93,0.294470411483243
"3747",2004,94,0.28647239628969
"3748",2004,95,0.332381346991745
"3749",2004,96,0.355266698088958
"3750",2004,97,0.348721430849393
"3751",2004,98,0.34695002185004
"3752",2004,99,0.336404821924609
"3753",2004,100,0.298045616441604
"3754",2004,101,0.26454714121007
"3755",2004,102,0.273131780911979
"3756",2004,103,0.266224242688767
"3757",2004,104,0.358017363597688
"3758",2004,105,0.405852043433947
"3759",2004,106,0.395310413876487
"3760",2004,107,0.396043816404322
"3761",2004,108,0.412397518986068
"3762",2004,109,0.383316620886403
"3763",2004,110,0.35883711131063
"3764",2004,111,0.378818280937927
"3765",2004,112,0.356850460501
"3766",2004,113,0.326553130823061
"3767",2004,114,0.343092378532595
"3768",2004,115,0.372233930327124
"3769",2004,116,0.354498742900764
"3770",2004,117,0.389055519632958
"3771",2004,118,0.448137188069467
"3772",2004,119,0.446793395216941
"3773",2004,120,0.303471729196995
"3774",2004,121,0.35980922467835
"3775",2004,122,0.38560233546319
"3776",2004,123,0.412223119711982
"3777",2004,124,0.472230734439523
"3778",2004,125,0.502126043054352
"3779",2004,126,0.543591932485585
"3780",2004,127,0.521147372489791
"3781",2004,128,0.523283709110013
"3782",2004,129,0.526244422063799
"3783",2004,130,0.504729191794883
"3784",2004,131,0.485153448098698
"3785",2004,132,0.50513710370079
"3786",2004,133,0.374943426061879
"3787",2004,134,0.342644377182314
"3788",2004,135,0.395789836066654
"3789",2004,136,0.443310759737284
"3790",2004,137,0.477392330484053
"3791",2004,138,0.466265108440616
"3792",2004,139,0.498735064385626
"3793",2004,140,0.54388479797909
"3794",2004,141,0.507804288998615
"3795",2004,142,0.525000142602893
"3796",2004,143,0.48105901862934
"3797",2004,144,0.505728808795213
"3798",2004,145,0.459262013264808
"3799",2004,146,0.443214330672182
"3800",2004,147,0.493808765223459
"3801",2004,148,0.520703619188873
"3802",2004,149,0.565747672145043
"3803",2004,150,0.513638033360974
"3804",2004,151,0.453348935756654
"3805",2004,152,0.483100829009525
"3806",2004,153,0.50038949197218
"3807",2004,154,0.518493289862188
"3808",2004,155,0.584536623990826
"3809",2004,156,0.62457616594712
"3810",2004,157,0.617232011517995
"3811",2004,158,0.677803765377837
"3812",2004,159,0.614736968495582
"3813",2004,160,0.588187661396459
"3814",2004,161,0.548373927151124
"3815",2004,162,0.591341765958043
"3816",2004,163,0.557363175644028
"3817",2004,164,0.557151292552373
"3818",2004,165,0.582257522188279
"3819",2004,166,0.595508439974984
"3820",2004,167,0.593646737823496
"3821",2004,168,0.541369485941056
"3822",2004,169,0.515754956117318
"3823",2004,170,0.471325368068779
"3824",2004,171,0.526876402227862
"3825",2004,172,0.575414096503228
"3826",2004,173,0.557940053214243
"3827",2004,174,0.576744863848543
"3828",2004,175,0.61140455755893
"3829",2004,176,0.572252162706713
"3830",2004,177,0.586151860293724
"3831",2004,178,0.595847387390808
"3832",2004,179,0.580609624150951
"3833",2004,180,0.587319012640434
"3834",2004,181,0.632414554498233
"3835",2004,182,0.664169932537575
"3836",2004,183,0.646810540974064
"3837",2004,184,0.651163952914188
"3838",2004,185,0.63473471594616
"3839",2004,186,0.629371852287458
"3840",2004,187,0.580196386645624
"3841",2004,188,0.601211075305999
"3842",2004,189,0.66717087934376
"3843",2004,190,0.672943272025068
"3844",2004,191,0.671269424227362
"3845",2004,192,0.699189998717363
"3846",2004,193,0.694108771083888
"3847",2004,194,0.707325360756105
"3848",2004,195,0.707915008350293
"3849",2004,196,0.712892494853061
"3850",2004,197,0.689389516853747
"3851",2004,198,0.672368713536243
"3852",2004,199,0.690788311339356
"3853",2004,200,0.715314164343828
"3854",2004,201,0.73444120093072
"3855",2004,202,0.711789181218676
"3856",2004,203,0.678195831857047
"3857",2004,204,0.628326060558516
"3858",2004,205,0.552849509731031
"3859",2004,206,0.550802421845807
"3860",2004,207,0.599360663858023
"3861",2004,208,0.640781938744805
"3862",2004,209,0.641804464938522
"3863",2004,210,0.585615822211426
"3864",2004,211,0.602590634924503
"3865",2004,212,0.613003883973012
"3866",2004,213,0.65457277051931
"3867",2004,214,0.66514543566663
"3868",2004,215,0.681762700326289
"3869",2004,216,0.660640399486564
"3870",2004,217,0.627019009892306
"3871",2004,218,0.647531607196032
"3872",2004,219,0.649157164126448
"3873",2004,220,0.646869374136142
"3874",2004,221,0.581317579637633
"3875",2004,222,0.562704875896904
"3876",2004,223,0.544961721912684
"3877",2004,224,0.512139130998729
"3878",2004,225,0.527977894734379
"3879",2004,226,0.540672702096669
"3880",2004,227,0.551076429310573
"3881",2004,228,0.575660590171317
"3882",2004,229,0.567495948965663
"3883",2004,230,0.575208820840739
"3884",2004,231,0.545795431946186
"3885",2004,232,0.509066979980927
"3886",2004,233,0.511262539167659
"3887",2004,234,0.545640860232775
"3888",2004,235,0.550723617374356
"3889",2004,236,0.531816468563178
"3890",2004,237,0.49879008827414
"3891",2004,238,0.506968073224455
"3892",2004,239,0.474379483745234
"3893",2004,240,0.44371986126136
"3894",2004,241,0.442618313352531
"3895",2004,242,0.475264965387304
"3896",2004,243,0.487006223718795
"3897",2004,244,0.494158075673611
"3898",2004,245,0.514241205643614
"3899",2004,246,0.505801246519441
"3900",2004,247,0.475373620561912
"3901",2004,248,0.428281034434648
"3902",2004,249,0.416805433578714
"3903",2004,250,0.399001768200631
"3904",2004,251,0.400413215305144
"3905",2004,252,0.426296245023307
"3906",2004,253,0.44405308323825
"3907",2004,254,0.427112285690983
"3908",2004,255,0.421452952140475
"3909",2004,256,0.444134235673958
"3910",2004,257,0.411035600720042
"3911",2004,258,0.361817119646256
"3912",2004,259,0.337020935609012
"3913",2004,260,0.351769483363863
"3914",2004,261,0.378127973338595
"3915",2004,262,0.420290719702526
"3916",2004,263,0.393181309910923
"3917",2004,264,0.329379905942784
"3918",2004,265,0.284122185475239
"3919",2004,266,0.270554074986772
"3920",2004,267,0.281440757416228
"3921",2004,268,0.296487030178012
"3922",2004,269,0.298967306790803
"3923",2004,270,0.304042178870428
"3924",2004,271,0.29282787211585
"3925",2004,272,0.272040126079162
"3926",2004,273,0.272528322012494
"3927",2004,274,0.260652116417929
"3928",2004,275,0.20911398968515
"3929",2004,276,0.229819468256758
"3930",2004,277,0.243625282357743
"3931",2004,278,0.240480382461329
"3932",2004,279,0.241000109292826
"3933",2004,280,0.232995600963542
"3934",2004,281,0.231177972220755
"3935",2004,282,0.218521721415689
"3936",2004,283,0.230105422378559
"3937",2004,284,0.206513610037799
"3938",2004,285,0.192050424467764
"3939",2004,286,0.184111228507474
"3940",2004,287,0.159988623712462
"3941",2004,288,0.172347362847984
"3942",2004,289,0.146559231865058
"3943",2004,290,0.153350210355446
"3944",2004,291,0.15508212925177
"3945",2004,292,0.158848033340366
"3946",2004,293,0.143475109286783
"3947",2004,294,0.162762697725682
"3948",2004,295,0.162533375760614
"3949",2004,296,0.140356165677411
"3950",2004,297,0.136830775975446
"3951",2004,298,0.128655037000431
"3952",2004,299,0.116576134693425
"3953",2004,300,0.127520050662587
"3954",2004,301,0.132416643338832
"3955",2004,302,0.140347768168208
"3956",2004,303,0.114382492255805
"3957",2004,304,0.106707432117899
"3958",2004,305,0.0972815231082097
"3959",2004,306,0.0841153926459233
"3960",2004,307,0.092117785911674
"3961",2004,308,0.11057565278318
"3962",2004,309,0.10024407910492
"3963",2004,310,0.114248133993742
"3964",2004,311,0.121845335520116
"3965",2004,312,0.102051570615734
"3966",2004,313,0.104833332337972
"3967",2004,314,0.105451601273118
"3968",2004,315,0.0884060063564801
"3969",2004,316,0.0756905249341504
"3970",2004,317,0.0748347530439818
"3971",2004,318,0.0735893469567593
"3972",2004,319,0.0745786255709587
"3973",2004,320,0.0812549780848684
"3974",2004,321,0.0855179936241126
"3975",2004,322,0.0817441095790486
"3976",2004,323,0.0727832603554428
"3977",2004,324,0.0608130109770844
"3978",2004,325,0.0503668964211688
"3979",2004,326,0.0544740967067969
"3980",2004,327,0.0664877551182504
"3981",2004,328,0.0541060196190986
"3982",2004,329,0.0537054286975639
"3983",2004,330,0.0712040301644262
"3984",2004,331,0.0620093668162337
"3985",2004,332,0.0415309954922974
"3986",2004,333,0.0400296797850115
"3987",2004,334,0.0254444231388013
"3988",2004,335,0.0314536932580329
"3989",2004,336,0.0338578433587034
"3990",2004,337,0.0349523687772155
"3991",2004,338,0.0423290471425386
"3992",2004,339,0.0493687211820433
"3993",2004,340,0.0450913891736911
"3994",2004,341,0.0443500399122272
"3995",2004,342,0.0457794155161997
"3996",2004,343,0.0543066409830144
"3997",2004,344,0.0530111144194956
"3998",2004,345,0.0535580710765454
"3999",2004,346,0.0667671517973891
"4000",2004,347,0.0525128565663562
"4001",2004,348,0.0362805939364435
"4002",2004,349,0.0404657490873247
"4003",2004,350,0.053183055248894
"4004",2004,351,0.0510631682279083
"4005",2004,352,0.0541670384134316
"4006",2004,353,0.0531833539374629
"4007",2004,354,0.056654689799519
"4008",2004,355,0.0523692426600441
"4009",2004,356,0.0344782393999825
"4010",2004,357,0.0279271017702933
"4011",2004,358,0.0190580634429523
"4012",2004,359,0.0290561757279156
"4013",2004,360,0.0520082528658077
"4014",2004,361,0.0541485951748103
"4015",2004,362,0.0486313253300184
"4016",2004,363,0.059220665327402
"4017",2004,364,0.0608758435969543
"4018",2004,365,0.0597225121786481
"4019",2005,1,0.0345617520498328
"4020",2005,2,0.0386689713619093
"4021",2005,3,0.0396083776329346
"4022",2005,4,0.0282349496425879
"4023",2005,5,0.020004630754445
"4024",2005,6,0.0254000692462643
"4025",2005,7,0.0301999619715746
"4026",2005,8,0.046421292733659
"4027",2005,9,0.0465538084566207
"4028",2005,10,0.0448728307101635
"4029",2005,11,0.048452636252496
"4030",2005,12,0.0409367763829153
"4031",2005,13,0.0263079754792248
"4032",2005,14,0.018745035439356
"4033",2005,15,0.0217302589927989
"4034",2005,16,0.0288688184683807
"4035",2005,17,0.0512864946431108
"4036",2005,18,0.0742622587289322
"4037",2005,19,0.088032093627991
"4038",2005,20,0.0950095682688603
"4039",2005,21,0.089723783318752
"4040",2005,22,0.0702741164858716
"4041",2005,23,0.0916610116644939
"4042",2005,24,0.105978859227449
"4043",2005,25,0.0948758636552386
"4044",2005,26,0.0888567274457475
"4045",2005,27,0.0885619465852613
"4046",2005,28,0.0983131640760774
"4047",2005,29,0.0936982042888182
"4048",2005,30,0.0919432068032909
"4049",2005,31,0.0937075344774844
"4050",2005,32,0.0871748423709686
"4051",2005,33,0.0994117689610827
"4052",2005,34,0.118703334510575
"4053",2005,35,0.126663014495028
"4054",2005,36,0.121277239430757
"4055",2005,37,0.0849088886856785
"4056",2005,38,0.0749734327104917
"4057",2005,39,0.0709727661170999
"4058",2005,40,0.0888388310847893
"4059",2005,41,0.109445922741708
"4060",2005,42,0.129123726460173
"4061",2005,43,0.138398602726867
"4062",2005,44,0.150024630483178
"4063",2005,45,0.128715407370987
"4064",2005,46,0.100713047239303
"4065",2005,47,0.0886896109450777
"4066",2005,48,0.103339770741537
"4067",2005,49,0.112890632689115
"4068",2005,50,0.144687199245259
"4069",2005,51,0.151262472718839
"4070",2005,52,0.138897029911058
"4071",2005,53,0.137247132213949
"4072",2005,54,0.140885897603934
"4073",2005,55,0.147795122376661
"4074",2005,56,0.1526826013552
"4075",2005,57,0.157844982268357
"4076",2005,58,0.155637542468989
"4077",2005,59,0.140374517222422
"4078",2005,60,0.154507670987518
"4079",2005,61,0.173927541338138
"4080",2005,62,0.174667279058439
"4081",2005,63,0.174491832941448
"4082",2005,64,0.182001825818105
"4083",2005,65,0.190937332282139
"4084",2005,66,0.191900661847635
"4085",2005,67,0.188670169445269
"4086",2005,68,0.217062576042625
"4087",2005,69,0.205824796717263
"4088",2005,70,0.219558556796898
"4089",2005,71,0.209462440380638
"4090",2005,72,0.159712997734698
"4091",2005,73,0.139818931943909
"4092",2005,74,0.153238329119361
"4093",2005,75,0.183335858511738
"4094",2005,76,0.209236462565327
"4095",2005,77,0.175366528386556
"4096",2005,78,0.189017350030756
"4097",2005,79,0.206019541918461
"4098",2005,80,0.225054045711626
"4099",2005,81,0.22924924104293
"4100",2005,82,0.232552450160803
"4101",2005,83,0.174368564743282
"4102",2005,84,0.155972671351744
"4103",2005,85,0.202648532604192
"4104",2005,86,0.274628824256611
"4105",2005,87,0.308589732704639
"4106",2005,88,0.286236554554786
"4107",2005,89,0.235945231883104
"4108",2005,90,0.239933346487628
"4109",2005,91,0.2658986183883
"4110",2005,92,0.332401784651319
"4111",2005,93,0.33492356081949
"4112",2005,94,0.343979041842098
"4113",2005,95,0.332235565034514
"4114",2005,96,0.316903451110099
"4115",2005,97,0.366731732258675
"4116",2005,98,0.385763025440009
"4117",2005,99,0.331147647520044
"4118",2005,100,0.300773783373159
"4119",2005,101,0.304181254638832
"4120",2005,102,0.336337172594049
"4121",2005,103,0.373456041459662
"4122",2005,104,0.386641808180871
"4123",2005,105,0.327224406104034
"4124",2005,106,0.37160300653064
"4125",2005,107,0.432591451267526
"4126",2005,108,0.427028137062004
"4127",2005,109,0.360478896147161
"4128",2005,110,0.323210301279235
"4129",2005,111,0.301548786350563
"4130",2005,112,0.322044324838931
"4131",2005,113,0.353155906526991
"4132",2005,114,0.380974102514129
"4133",2005,115,0.37404918641279
"4134",2005,116,0.361897283354595
"4135",2005,117,0.311039297147814
"4136",2005,118,0.268232712907618
"4137",2005,119,0.278156434723546
"4138",2005,120,0.300027999996529
"4139",2005,121,0.29834672036046
"4140",2005,122,0.306329769483116
"4141",2005,123,0.361168118044906
"4142",2005,124,0.417833610516056
"4143",2005,125,0.448746499900481
"4144",2005,126,0.487723268689118
"4145",2005,127,0.469051227100147
"4146",2005,128,0.426625965749309
"4147",2005,129,0.435492968570387
"4148",2005,130,0.434969563224865
"4149",2005,131,0.358471586186143
"4150",2005,132,0.337406055692616
"4151",2005,133,0.401410100120858
"4152",2005,134,0.437924321116405
"4153",2005,135,0.476238942289635
"4154",2005,136,0.525754318617455
"4155",2005,137,0.498031081429578
"4156",2005,138,0.495744771682878
"4157",2005,139,0.550232534360703
"4158",2005,140,0.570133460960656
"4159",2005,141,0.556045748639954
"4160",2005,142,0.522843581894821
"4161",2005,143,0.532339950087098
"4162",2005,144,0.518680519538974
"4163",2005,145,0.471903973842088
"4164",2005,146,0.461388521251142
"4165",2005,147,0.47614099134494
"4166",2005,148,0.485429098824128
"4167",2005,149,0.476495502593283
"4168",2005,150,0.424842172930494
"4169",2005,151,0.473354368931129
"4170",2005,152,0.524530679518212
"4171",2005,153,0.501306918735832
"4172",2005,154,0.511928928485984
"4173",2005,155,0.513014028867681
"4174",2005,156,0.538922743225805
"4175",2005,157,0.604379263022724
"4176",2005,158,0.546379746690468
"4177",2005,159,0.529714972878255
"4178",2005,160,0.533957389597391
"4179",2005,161,0.517094723802989
"4180",2005,162,0.530465015457866
"4181",2005,163,0.519931262302631
"4182",2005,164,0.506615186416981
"4183",2005,165,0.540157113464877
"4184",2005,166,0.609269045997319
"4185",2005,167,0.621367020263421
"4186",2005,168,0.660043192150712
"4187",2005,169,0.66630637956846
"4188",2005,170,0.660729999851998
"4189",2005,171,0.677636965654149
"4190",2005,172,0.704141676086752
"4191",2005,173,0.714394458002517
"4192",2005,174,0.689665318126021
"4193",2005,175,0.65043813762746
"4194",2005,176,0.660279133154866
"4195",2005,177,0.655997727435166
"4196",2005,178,0.617135781497951
"4197",2005,179,0.652645767121969
"4198",2005,180,0.627247671837147
"4199",2005,181,0.595535109443295
"4200",2005,182,0.641976619149979
"4201",2005,183,0.682106383424408
"4202",2005,184,0.649445317751521
"4203",2005,185,0.630086371802705
"4204",2005,186,0.645716591808865
"4205",2005,187,0.680675174280392
"4206",2005,188,0.70370273880021
"4207",2005,189,0.718411929722238
"4208",2005,190,0.735259258152811
"4209",2005,191,0.698000742654626
"4210",2005,192,0.673510922932588
"4211",2005,193,0.704485534098529
"4212",2005,194,0.753205205695936
"4213",2005,195,0.725277187970953
"4214",2005,196,0.706818804883146
"4215",2005,197,0.753073689521178
"4216",2005,198,0.683174266796205
"4217",2005,199,0.630242651048133
"4218",2005,200,0.701085399368322
"4219",2005,201,0.708124728259756
"4220",2005,202,0.727504162021084
"4221",2005,203,0.705833030551275
"4222",2005,204,0.734412646501504
"4223",2005,205,0.705837675040756
"4224",2005,206,0.662546932798248
"4225",2005,207,0.557570563204851
"4226",2005,208,0.600086994561858
"4227",2005,209,0.64962290186437
"4228",2005,210,0.671678364969809
"4229",2005,211,0.67947146043256
"4230",2005,212,0.676658833999771
"4231",2005,213,0.679249698222347
"4232",2005,214,0.684400431009283
"4233",2005,215,0.626223094437132
"4234",2005,216,0.580359095306317
"4235",2005,217,0.617710103463973
"4236",2005,218,0.64666647229481
"4237",2005,219,0.656778420040009
"4238",2005,220,0.656017540058749
"4239",2005,221,0.653934284921384
"4240",2005,222,0.617605056356018
"4241",2005,223,0.587020710098861
"4242",2005,224,0.563580816711936
"4243",2005,225,0.486015235107808
"4244",2005,226,0.503529197142933
"4245",2005,227,0.558161931031981
"4246",2005,228,0.583747387720108
"4247",2005,229,0.575275161933655
"4248",2005,230,0.55246067793524
"4249",2005,231,0.542413613637656
"4250",2005,232,0.550781910741005
"4251",2005,233,0.560016208139231
"4252",2005,234,0.562907300115578
"4253",2005,235,0.560926205929587
"4254",2005,236,0.569932880740203
"4255",2005,237,0.526647499795838
"4256",2005,238,0.503088637234422
"4257",2005,239,0.501215625228303
"4258",2005,240,0.519962274931886
"4259",2005,241,0.525047652340306
"4260",2005,242,0.515796590549768
"4261",2005,243,0.440281169158073
"4262",2005,244,0.450543904239225
"4263",2005,245,0.500207190010751
"4264",2005,246,0.510550562273867
"4265",2005,247,0.521420078831303
"4266",2005,248,0.506500291275448
"4267",2005,249,0.458129691749944
"4268",2005,250,0.474905446855269
"4269",2005,251,0.486512599817607
"4270",2005,252,0.506116245463311
"4271",2005,253,0.46237271569015
"4272",2005,254,0.422369703309796
"4273",2005,255,0.398519810642157
"4274",2005,256,0.339056899252983
"4275",2005,257,0.34640370182033
"4276",2005,258,0.358581528811333
"4277",2005,259,0.378305226435448
"4278",2005,260,0.361157725190077
"4279",2005,261,0.34712636438088
"4280",2005,262,0.352273960066653
"4281",2005,263,0.367433525012914
"4282",2005,264,0.366626079408205
"4283",2005,265,0.318891842425605
"4284",2005,266,0.338988665825725
"4285",2005,267,0.280706210031109
"4286",2005,268,0.273413894001901
"4287",2005,269,0.280872829215036
"4288",2005,270,0.300664511090454
"4289",2005,271,0.267607547986051
"4290",2005,272,0.278856045332078
"4291",2005,273,0.294200791939136
"4292",2005,274,0.307123575653912
"4293",2005,275,0.288639618520789
"4294",2005,276,0.256762692168923
"4295",2005,277,0.209330141888499
"4296",2005,278,0.164447985574585
"4297",2005,279,0.173280022088183
"4298",2005,280,0.210170784996132
"4299",2005,281,0.227010766365466
"4300",2005,282,0.198272864415605
"4301",2005,283,0.165434745657066
"4302",2005,284,0.179865276252303
"4303",2005,285,0.182347430888794
"4304",2005,286,0.189296346255991
"4305",2005,287,0.193903733463011
"4306",2005,288,0.201380747822609
"4307",2005,289,0.196419451496661
"4308",2005,290,0.188784420732984
"4309",2005,291,0.191916760554986
"4310",2005,292,0.162029552137465
"4311",2005,293,0.157113453994602
"4312",2005,294,0.144592545515116
"4313",2005,295,0.126256988787405
"4314",2005,296,0.111143918153859
"4315",2005,297,0.134668928240734
"4316",2005,298,0.145675032826829
"4317",2005,299,0.1418244170356
"4318",2005,300,0.140499991574999
"4319",2005,301,0.149141382083385
"4320",2005,302,0.135718637610577
"4321",2005,303,0.113825540336167
"4322",2005,304,0.104152404313602
"4323",2005,305,0.129243068320154
"4324",2005,306,0.139219462667338
"4325",2005,307,0.118198924964561
"4326",2005,308,0.105137228049821
"4327",2005,309,0.093147067335983
"4328",2005,310,0.101980050493958
"4329",2005,311,0.103016842848293
"4330",2005,312,0.111182989678319
"4331",2005,313,0.0862464309122535
"4332",2005,314,0.104966636282144
"4333",2005,315,0.118884981987757
"4334",2005,316,0.0940048040900391
"4335",2005,317,0.0662145352926205
"4336",2005,318,0.0716168937838644
"4337",2005,319,0.0538917184514979
"4338",2005,320,0.0587359644515787
"4339",2005,321,0.0682570372063504
"4340",2005,322,0.0735156810836334
"4341",2005,323,0.07433374315466
"4342",2005,324,0.0788780154747738
"4343",2005,325,0.0785861390843337
"4344",2005,326,0.0804909212943409
"4345",2005,327,0.0820155911204875
"4346",2005,328,0.0699136574519253
"4347",2005,329,0.0713045714716584
"4348",2005,330,0.0725604760085482
"4349",2005,331,0.0518002103952816
"4350",2005,332,0.03893051853052
"4351",2005,333,0.0370800585352062
"4352",2005,334,0.0365507999322034
"4353",2005,335,0.030648282453798
"4354",2005,336,0.0353848697300488
"4355",2005,337,0.0361694398972169
"4356",2005,338,0.028939224784689
"4357",2005,339,0.0270847000965319
"4358",2005,340,0.0197957584132135
"4359",2005,341,0.0143274754468662
"4360",2005,342,0.0194044402447804
"4361",2005,343,0.0336803969205415
"4362",2005,344,0.0445502225649182
"4363",2005,345,0.0515122401336632
"4364",2005,346,0.0465186715697533
"4365",2005,347,0.0455724630017092
"4366",2005,348,0.0360649796282177
"4367",2005,349,0.0330961467129434
"4368",2005,350,0.0253332482321536
"4369",2005,351,0.0204860055152586
"4370",2005,352,0.0183691062249697
"4371",2005,353,0.0260975195439866
"4372",2005,354,0.0376010847873695
"4373",2005,355,0.0544626164498483
"4374",2005,356,0.0656782381074203
"4375",2005,357,0.0634260827554246
"4376",2005,358,0.0554980676450792
"4377",2005,359,0.0647297471418519
"4378",2005,360,0.0680606027097751
"4379",2005,361,0.0647944601485193
"4380",2005,362,0.0654837654786789
"4381",2005,363,0.0616491330092078
"4382",2005,364,0.0458248055227739
"4383",2005,365,0.061455572536836
"4384",2006,1,0.0646205929757066
"4385",2006,2,0.0619306913110277
"4386",2006,3,0.0643854569918969
"4387",2006,4,0.0521390146632545
"4388",2006,5,0.0593122516932396
"4389",2006,6,0.0731373779957093
"4390",2006,7,0.0815959066933461
"4391",2006,8,0.0660239932954128
"4392",2006,9,0.0518109047229113
"4393",2006,10,0.0644310154696431
"4394",2006,11,0.0769492101299293
"4395",2006,12,0.0619235366176029
"4396",2006,13,0.053827720575903
"4397",2006,14,0.0760282830920415
"4398",2006,15,0.0756274625982053
"4399",2006,16,0.0557341775549682
"4400",2006,17,0.0563693490230932
"4401",2006,18,0.0759235344645796
"4402",2006,19,0.057480397495284
"4403",2006,20,0.0557797221120771
"4404",2006,21,0.0635161634888624
"4405",2006,22,0.0551114847716173
"4406",2006,23,0.0667056162674957
"4407",2006,24,0.0864270485975789
"4408",2006,25,0.0869173443474431
"4409",2006,26,0.0884552488540628
"4410",2006,27,0.087298474659053
"4411",2006,28,0.0783144963097411
"4412",2006,29,0.0802937869738181
"4413",2006,30,0.0896830097688427
"4414",2006,31,0.0948607437061896
"4415",2006,32,0.0946129312807585
"4416",2006,33,0.0958994512554491
"4417",2006,34,0.0921614051926324
"4418",2006,35,0.0906374282691029
"4419",2006,36,0.0980095799806869
"4420",2006,37,0.0967565023644705
"4421",2006,38,0.10140638115035
"4422",2006,39,0.126906303873139
"4423",2006,40,0.106142626323114
"4424",2006,41,0.0768954566335803
"4425",2006,42,0.0775725511066764
"4426",2006,43,0.110174131099594
"4427",2006,44,0.132230811796099
"4428",2006,45,0.119219478325595
"4429",2006,46,0.0850372261680132
"4430",2006,47,0.0578698815905935
"4431",2006,48,0.0311011920502188
"4432",2006,49,0.0227545144768252
"4433",2006,50,0.0413369229810504
"4434",2006,51,0.0685076913193476
"4435",2006,52,0.092319014257436
"4436",2006,53,0.104187285457578
"4437",2006,54,0.112439864215797
"4438",2006,55,0.138264279249191
"4439",2006,56,0.125831200980247
"4440",2006,57,0.144595375304197
"4441",2006,58,0.188530863612838
"4442",2006,59,0.211945574880692
"4443",2006,60,0.188250458737893
"4444",2006,61,0.160686203830723
"4445",2006,62,0.180345833656803
"4446",2006,63,0.191401421962441
"4447",2006,64,0.182552115526605
"4448",2006,65,0.204117461677418
"4449",2006,66,0.212510712016316
"4450",2006,67,0.179754101354918
"4451",2006,68,0.175909433855443
"4452",2006,69,0.137272838892182
"4453",2006,70,0.132212888898044
"4454",2006,71,0.132613834093547
"4455",2006,72,0.107552270934202
"4456",2006,73,0.1405079601028
"4457",2006,74,0.180345018090088
"4458",2006,75,0.179715000771265
"4459",2006,76,0.192050883668699
"4460",2006,77,0.201674066611213
"4461",2006,78,0.169131368074843
"4462",2006,79,0.138678044526282
"4463",2006,80,0.135575091783449
"4464",2006,81,0.156749298072141
"4465",2006,82,0.198953159603603
"4466",2006,83,0.220023246433047
"4467",2006,84,0.240129803660007
"4468",2006,85,0.242103121701258
"4469",2006,86,0.233866877290939
"4470",2006,87,0.276023569555835
"4471",2006,88,0.306463182397799
"4472",2006,89,0.274560953083251
"4473",2006,90,0.279063858308543
"4474",2006,91,0.317350751674646
"4475",2006,92,0.28515250115928
"4476",2006,93,0.30096934965515
"4477",2006,94,0.334328446773056
"4478",2006,95,0.368117317640981
"4479",2006,96,0.330394445468732
"4480",2006,97,0.290224444355906
"4481",2006,98,0.332395348639947
"4482",2006,99,0.367193398154327
"4483",2006,100,0.374383710531244
"4484",2006,101,0.359632562117426
"4485",2006,102,0.379797342532269
"4486",2006,103,0.414943554960504
"4487",2006,104,0.409174775625928
"4488",2006,105,0.424749577876807
"4489",2006,106,0.434210841833464
"4490",2006,107,0.42548794255831
"4491",2006,108,0.296889521229671
"4492",2006,109,0.32063163006207
"4493",2006,110,0.361916088169457
"4494",2006,111,0.382671882320616
"4495",2006,112,0.431839148278957
"4496",2006,113,0.378933152770791
"4497",2006,114,0.274008891314936
"4498",2006,115,0.283505222066605
"4499",2006,116,0.360223561581023
"4500",2006,117,0.398218742730508
"4501",2006,118,0.390936707867924
"4502",2006,119,0.40101176847587
"4503",2006,120,0.403591619340333
"4504",2006,121,0.433480460873488
"4505",2006,122,0.406832139920542
"4506",2006,123,0.376253917911979
"4507",2006,124,0.349449785818356
"4508",2006,125,0.375849152575326
"4509",2006,126,0.431773166825129
"4510",2006,127,0.461685763943709
"4511",2006,128,0.435361415244005
"4512",2006,129,0.372223491817753
"4513",2006,130,0.362164580589271
"4514",2006,131,0.407129121923154
"4515",2006,132,0.474091906073278
"4516",2006,133,0.473535023069435
"4517",2006,134,0.452719064342544
"4518",2006,135,0.461704608213373
"4519",2006,136,0.496524645617689
"4520",2006,137,0.520446428134437
"4521",2006,138,0.558118840230646
"4522",2006,139,0.561132840508911
"4523",2006,140,0.558795733211793
"4524",2006,141,0.565869545221118
"4525",2006,142,0.597034223251821
"4526",2006,143,0.54985118546685
"4527",2006,144,0.542366132265472
"4528",2006,145,0.557852135438168
"4529",2006,146,0.624537075264587
"4530",2006,147,0.588174207387811
"4531",2006,148,0.559458234332986
"4532",2006,149,0.50735501287398
"4533",2006,150,0.495460547017205
"4534",2006,151,0.516505522174123
"4535",2006,152,0.552410049215007
"4536",2006,153,0.600316278568755
"4537",2006,154,0.61954950377318
"4538",2006,155,0.614082214557104
"4539",2006,156,0.616773836195159
"4540",2006,157,0.632619970552409
"4541",2006,158,0.671727453735939
"4542",2006,159,0.66267161602338
"4543",2006,160,0.638088318435063
"4544",2006,161,0.604294906531546
"4545",2006,162,0.580790687958884
"4546",2006,163,0.650303883821482
"4547",2006,164,0.698602753318842
"4548",2006,165,0.698686661446625
"4549",2006,166,0.640259110425659
"4550",2006,167,0.606300851538585
"4551",2006,168,0.605821378382385
"4552",2006,169,0.616369058482849
"4553",2006,170,0.653460644921871
"4554",2006,171,0.65084937333148
"4555",2006,172,0.630635348001755
"4556",2006,173,0.618413187322186
"4557",2006,174,0.632403197493131
"4558",2006,175,0.610414605427139
"4559",2006,176,0.599609310948286
"4560",2006,177,0.615876389294872
"4561",2006,178,0.640923179638439
"4562",2006,179,0.678657430009532
"4563",2006,180,0.695897635143889
"4564",2006,181,0.712457687453842
"4565",2006,182,0.688303633016469
"4566",2006,183,0.676571884840657
"4567",2006,184,0.65327236427218
"4568",2006,185,0.653239602189267
"4569",2006,186,0.663190263190411
"4570",2006,187,0.70615445795701
"4571",2006,188,0.717534051904376
"4572",2006,189,0.691852777600824
"4573",2006,190,0.646419431438733
"4574",2006,191,0.657244753134301
"4575",2006,192,0.691834436165677
"4576",2006,193,0.712053613471095
"4577",2006,194,0.702656378272673
"4578",2006,195,0.711875527398362
"4579",2006,196,0.749777172613748
"4580",2006,197,0.761240496862603
"4581",2006,198,0.721588190925001
"4582",2006,199,0.762413600592522
"4583",2006,200,0.749520415951692
"4584",2006,201,0.692731375531941
"4585",2006,202,0.651026894904819
"4586",2006,203,0.661820452353319
"4587",2006,204,0.710923732609811
"4588",2006,205,0.720711043710104
"4589",2006,206,0.718134377705277
"4590",2006,207,0.706259083461006
"4591",2006,208,0.695346868561252
"4592",2006,209,0.736120181511462
"4593",2006,210,0.743356695260784
"4594",2006,211,0.739230297657191
"4595",2006,212,0.69319049712966
"4596",2006,213,0.633138470479868
"4597",2006,214,0.602894606575362
"4598",2006,215,0.639896708255392
"4599",2006,216,0.676620546947471
"4600",2006,217,0.677507410915529
"4601",2006,218,0.649930321094343
"4602",2006,219,0.644168456929222
"4603",2006,220,0.662539154449519
"4604",2006,221,0.670256019013948
"4605",2006,222,0.651937610636984
"4606",2006,223,0.654307414794054
"4607",2006,224,0.627989455840183
"4608",2006,225,0.562261236291253
"4609",2006,226,0.600901545654455
"4610",2006,227,0.610132608174736
"4611",2006,228,0.624123871734277
"4612",2006,229,0.62558558308454
"4613",2006,230,0.55973975490942
"4614",2006,231,0.564567816634175
"4615",2006,232,0.584126680984992
"4616",2006,233,0.568552434380083
"4617",2006,234,0.597027808896427
"4618",2006,235,0.621060814529321
"4619",2006,236,0.593452220952625
"4620",2006,237,0.50061600947087
"4621",2006,238,0.483927179544687
"4622",2006,239,0.457123866507098
"4623",2006,240,0.471834302324038
"4624",2006,241,0.498061043651336
"4625",2006,242,0.533351463828153
"4626",2006,243,0.476096991123201
"4627",2006,244,0.405662347662491
"4628",2006,245,0.389741510754616
"4629",2006,246,0.4060176147564
"4630",2006,247,0.430682704783782
"4631",2006,248,0.448782906436904
"4632",2006,249,0.450987136764174
"4633",2006,250,0.45034944230865
"4634",2006,251,0.419239010700499
"4635",2006,252,0.405798436425065
"4636",2006,253,0.409130958754145
"4637",2006,254,0.404178460729279
"4638",2006,255,0.396168276032609
"4639",2006,256,0.426558777147463
"4640",2006,257,0.443205809799917
"4641",2006,258,0.407974316180412
"4642",2006,259,0.327437377348652
"4643",2006,260,0.285415590376218
"4644",2006,261,0.290818499958981
"4645",2006,262,0.307092475048929
"4646",2006,263,0.320111025960908
"4647",2006,264,0.302016022579677
"4648",2006,265,0.253787245806995
"4649",2006,266,0.249629733589902
"4650",2006,267,0.265970287849486
"4651",2006,268,0.285504760822315
"4652",2006,269,0.300781622002624
"4653",2006,270,0.266567631447941
"4654",2006,271,0.271395254444885
"4655",2006,272,0.287233713182832
"4656",2006,273,0.295532331974826
"4657",2006,274,0.299326635820912
"4658",2006,275,0.29081275937624
"4659",2006,276,0.255163703621073
"4660",2006,277,0.228614290634461
"4661",2006,278,0.248235500708807
"4662",2006,279,0.262595060649918
"4663",2006,280,0.253989173870394
"4664",2006,281,0.202092853337944
"4665",2006,282,0.176088660525769
"4666",2006,283,0.16892961618945
"4667",2006,284,0.155570384491861
"4668",2006,285,0.152193321400591
"4669",2006,286,0.160881696263056
"4670",2006,287,0.164415689986833
"4671",2006,288,0.177933041733307
"4672",2006,289,0.175084522136469
"4673",2006,290,0.127834507292338
"4674",2006,291,0.118408610596865
"4675",2006,292,0.134135644644542
"4676",2006,293,0.131254031265411
"4677",2006,294,0.116038162562851
"4678",2006,295,0.116937248871624
"4679",2006,296,0.132309247383369
"4680",2006,297,0.136101266081293
"4681",2006,298,0.13161992768775
"4682",2006,299,0.121538654526337
"4683",2006,300,0.126167862859505
"4684",2006,301,0.139418539003192
"4685",2006,302,0.144849851904374
"4686",2006,303,0.0979342544011415
"4687",2006,304,0.0691157790229193
"4688",2006,305,0.0717600833203783
"4689",2006,306,0.0805305624500016
"4690",2006,307,0.0995704208488913
"4691",2006,308,0.103365661211152
"4692",2006,309,0.100785801623323
"4693",2006,310,0.106911708452277
"4694",2006,311,0.131369238450437
"4695",2006,312,0.13169818906232
"4696",2006,313,0.0898469431925699
"4697",2006,314,0.0719129770640613
"4698",2006,315,0.0785765647124443
"4699",2006,316,0.0778449195609793
"4700",2006,317,0.0765005162635189
"4701",2006,318,0.0758124022006891
"4702",2006,319,0.0631169736652481
"4703",2006,320,0.0798087062645018
"4704",2006,321,0.07760897397257
"4705",2006,322,0.0724388115918006
"4706",2006,323,0.0687404126910511
"4707",2006,324,0.0857643209745045
"4708",2006,325,0.0881345333393141
"4709",2006,326,0.0939695577926814
"4710",2006,327,0.0842378310223745
"4711",2006,328,0.0647261062760905
"4712",2006,329,0.0557212632920802
"4713",2006,330,0.0427234786607094
"4714",2006,331,0.0505383635033353
"4715",2006,332,0.0349297428455742
"4716",2006,333,0.0274805937606326
"4717",2006,334,0.0342358404409504
"4718",2006,335,0.041015652045918
"4719",2006,336,0.0320028560010069
"4720",2006,337,0.0350519947019362
"4721",2006,338,0.0545438991146516
"4722",2006,339,0.057134576824545
"4723",2006,340,0.0454151207501207
"4724",2006,341,0.0459210801493392
"4725",2006,342,0.0626821922336322
"4726",2006,343,0.0631135332038829
"4727",2006,344,0.0595288860457525
"4728",2006,345,0.0518990148520215
"4729",2006,346,0.0541965240287198
"4730",2006,347,0.0605502943676841
"4731",2006,348,0.062501825746201
"4732",2006,349,0.0644918107987036
"4733",2006,350,0.0453822888879796
"4734",2006,351,0.0339013163353511
"4735",2006,352,0.030172280457665
"4736",2006,353,0.0312795561811497
"4737",2006,354,0.0349294274699907
"4738",2006,355,0.0406642779252295
"4739",2006,356,0.0363668374320922
"4740",2006,357,0.0375499559307473
"4741",2006,358,0.0398579215393671
"4742",2006,359,0.0383816758420826
"4743",2006,360,0.0541394126747587
"4744",2006,361,0.0579909232640483
"4745",2006,362,0.0463159971826929
"4746",2006,363,0.035838817317049
"4747",2006,364,0.0315746249944719
"4748",2006,365,0.0333479401769694
"4749",2006,366,0.0300487729689367
"4750",2007,1,0.0373220031551167
"4751",2007,2,0.0445626902570573
"4752",2007,3,0.0618719443190621
"4753",2007,4,0.0612241087999595
"4754",2007,5,0.0425636498207225
"4755",2007,6,0.0418182080943465
"4756",2007,7,0.0440601089070097
"4757",2007,8,0.0549003339109288
"4758",2007,9,0.0546978763330605
"4759",2007,10,0.0690199225205086
"4760",2007,11,0.0329633474145846
"4761",2007,12,0.0174517476392978
"4762",2007,13,0.0206581082497404
"4763",2007,14,0.0216187198581649
"4764",2007,15,0.0283025787901286
"4765",2007,16,0.0389641309202499
"4766",2007,17,0.039640892316755
"4767",2007,18,0.0383479572272654
"4768",2007,19,0.0467258913583335
"4769",2007,20,0.0465147761068951
"4770",2007,21,0.0521210582104493
"4771",2007,22,0.0481647883747134
"4772",2007,23,0.0648954022373667
"4773",2007,24,0.0831966959877332
"4774",2007,25,0.0878613818237683
"4775",2007,26,0.0776687843038141
"4776",2007,27,0.0532105369842412
"4777",2007,28,0.0612900190104334
"4778",2007,29,0.0603282141042549
"4779",2007,30,0.0513978679453976
"4780",2007,31,0.0518181750594318
"4781",2007,32,0.042155109940117
"4782",2007,33,0.0338131960757455
"4783",2007,34,0.0505943398648214
"4784",2007,35,0.0703038101124611
"4785",2007,36,0.108961786730614
"4786",2007,37,0.11832450954212
"4787",2007,38,0.102047883810789
"4788",2007,39,0.0863672455102733
"4789",2007,40,0.0797602020072747
"4790",2007,41,0.106118977982043
"4791",2007,42,0.122349365914266
"4792",2007,43,0.0879880470313171
"4793",2007,44,0.0562367259287913
"4794",2007,45,0.0537999556055712
"4795",2007,46,0.0590200689563696
"4796",2007,47,0.0976718995127391
"4797",2007,48,0.12903414184934
"4798",2007,49,0.14850533896279
"4799",2007,50,0.139641094193753
"4800",2007,51,0.138525395287403
"4801",2007,52,0.142569826354953
"4802",2007,53,0.156905475818787
"4803",2007,54,0.161479165793891
"4804",2007,55,0.132072802279156
"4805",2007,56,0.128970093934028
"4806",2007,57,0.129594512407844
"4807",2007,58,0.134548639290586
"4808",2007,59,0.125025676749793
"4809",2007,60,0.116674509257575
"4810",2007,61,0.101107886386704
"4811",2007,62,0.117861248362278
"4812",2007,63,0.166074985380566
"4813",2007,64,0.189065096561637
"4814",2007,65,0.200029787734705
"4815",2007,66,0.20198358361848
"4816",2007,67,0.211894323536025
"4817",2007,68,0.191893572358366
"4818",2007,69,0.203391106782758
"4819",2007,70,0.212140663837431
"4820",2007,71,0.262925033353378
"4821",2007,72,0.265669937966077
"4822",2007,73,0.236412793197852
"4823",2007,74,0.196174623891177
"4824",2007,75,0.208575085577421
"4825",2007,76,0.256045986323368
"4826",2007,77,0.268583887387245
"4827",2007,78,0.252272375513758
"4828",2007,79,0.290269281423737
"4829",2007,80,0.259561383102869
"4830",2007,81,0.259466898578092
"4831",2007,82,0.267307696171459
"4832",2007,83,0.261087514463956
"4833",2007,84,0.308379338835353
"4834",2007,85,0.305431163173089
"4835",2007,86,0.307209639149122
"4836",2007,87,0.261878079990031
"4837",2007,88,0.19119713441625
"4838",2007,89,0.189691018386442
"4839",2007,90,0.213911163179655
"4840",2007,91,0.250852262960221
"4841",2007,92,0.289035409456587
"4842",2007,93,0.235462920758515
"4843",2007,94,0.248359518926361
"4844",2007,95,0.231410797960006
"4845",2007,96,0.20787122788763
"4846",2007,97,0.200637397304064
"4847",2007,98,0.23926837964484
"4848",2007,99,0.306025295753136
"4849",2007,100,0.297591216091363
"4850",2007,101,0.268804200053923
"4851",2007,102,0.267759763823701
"4852",2007,103,0.300556662713931
"4853",2007,104,0.338855895152838
"4854",2007,105,0.390875673180137
"4855",2007,106,0.380764742915864
"4856",2007,107,0.3766269323298
"4857",2007,108,0.416904674499671
"4858",2007,109,0.359709386294906
"4859",2007,110,0.376475059912763
"4860",2007,111,0.385996028505645
"4861",2007,112,0.387917297407675
"4862",2007,113,0.35780864662685
"4863",2007,114,0.35924903609327
"4864",2007,115,0.38080180231603
"4865",2007,116,0.381674931375603
"4866",2007,117,0.403163943699413
"4867",2007,118,0.460726788147814
"4868",2007,119,0.498316849705077
"4869",2007,120,0.48259707115002
"4870",2007,121,0.468170702765962
"4871",2007,122,0.498465453755136
"4872",2007,123,0.492922356441321
"4873",2007,124,0.401060756467118
"4874",2007,125,0.389045876349625
"4875",2007,126,0.365252745711007
"4876",2007,127,0.413348335867268
"4877",2007,128,0.45001517505175
"4878",2007,129,0.494252176569423
"4879",2007,130,0.500774687133843
"4880",2007,131,0.534738472239037
"4881",2007,132,0.566020336146047
"4882",2007,133,0.572448899808844
"4883",2007,134,0.492665988196783
"4884",2007,135,0.45387670929379
"4885",2007,136,0.483421378548933
"4886",2007,137,0.528855056177947
"4887",2007,138,0.554555828687636
"4888",2007,139,0.553010444203283
"4889",2007,140,0.570006168838551
"4890",2007,141,0.556109292827857
"4891",2007,142,0.459649646186805
"4892",2007,143,0.42906572797613
"4893",2007,144,0.450770029711005
"4894",2007,145,0.515840857505401
"4895",2007,146,0.472718004901077
"4896",2007,147,0.548617929229897
"4897",2007,148,0.587799126464126
"4898",2007,149,0.481428385273569
"4899",2007,150,0.470456262953893
"4900",2007,151,0.446738966499902
"4901",2007,152,0.494287005795009
"4902",2007,153,0.520756912378505
"4903",2007,154,0.551961039780483
"4904",2007,155,0.551500161071827
"4905",2007,156,0.602631377599477
"4906",2007,157,0.579693250142699
"4907",2007,158,0.477991525102373
"4908",2007,159,0.496682376102134
"4909",2007,160,0.557646764253929
"4910",2007,161,0.593338281921496
"4911",2007,162,0.634674575426871
"4912",2007,163,0.605930138983333
"4913",2007,164,0.579983974564005
"4914",2007,165,0.606033541845585
"4915",2007,166,0.623771104899312
"4916",2007,167,0.656855540996781
"4917",2007,168,0.646190750908065
"4918",2007,169,0.556904673380891
"4919",2007,170,0.603965110198138
"4920",2007,171,0.663234045119366
"4921",2007,172,0.673635395154923
"4922",2007,173,0.663309394187039
"4923",2007,174,0.7018801541466
"4924",2007,175,0.72671337442378
"4925",2007,176,0.706408029956995
"4926",2007,177,0.650124223486237
"4927",2007,178,0.631234174670005
"4928",2007,179,0.686464596481145
"4929",2007,180,0.700633692775017
"4930",2007,181,0.716351520467117
"4931",2007,182,0.705338707239489
"4932",2007,183,0.726390201043547
"4933",2007,184,0.704358019849438
"4934",2007,185,0.702770376528737
"4935",2007,186,0.710651071499475
"4936",2007,187,0.730725243390765
"4937",2007,188,0.747661715546816
"4938",2007,189,0.689245975606523
"4939",2007,190,0.709425256765736
"4940",2007,191,0.634374061035332
"4941",2007,192,0.646158673735999
"4942",2007,193,0.659307614528469
"4943",2007,194,0.688428437889322
"4944",2007,195,0.695953789484574
"4945",2007,196,0.714502800894685
"4946",2007,197,0.72493696998005
"4947",2007,198,0.76035077047033
"4948",2007,199,0.719881917974409
"4949",2007,200,0.700045288542031
"4950",2007,201,0.727820024754116
"4951",2007,202,0.752305207439746
"4952",2007,203,0.738560941021629
"4953",2007,204,0.731553615572129
"4954",2007,205,0.753848656578103
"4955",2007,206,0.72088830036892
"4956",2007,207,0.64411536420272
"4957",2007,208,0.629862575268203
"4958",2007,209,0.65895377038101
"4959",2007,210,0.677322128577122
"4960",2007,211,0.684807525188369
"4961",2007,212,0.694227593939424
"4962",2007,213,0.671966571411103
"4963",2007,214,0.644110369726776
"4964",2007,215,0.66984259468914
"4965",2007,216,0.664547703915978
"4966",2007,217,0.664543174290445
"4967",2007,218,0.659638089284384
"4968",2007,219,0.655839867815886
"4969",2007,220,0.641890122942805
"4970",2007,221,0.63956573388481
"4971",2007,222,0.669596419509298
"4972",2007,223,0.63583450825418
"4973",2007,224,0.6684712083351
"4974",2007,225,0.67952429485986
"4975",2007,226,0.665792755390166
"4976",2007,227,0.642648068294361
"4977",2007,228,0.603376785623616
"4978",2007,229,0.638341891062223
"4979",2007,230,0.620507008838891
"4980",2007,231,0.621041886117136
"4981",2007,232,0.579676985317049
"4982",2007,233,0.558348793332614
"4983",2007,234,0.542409112205078
"4984",2007,235,0.493864127218396
"4985",2007,236,0.489985038734144
"4986",2007,237,0.523479509332934
"4987",2007,238,0.563565687439931
"4988",2007,239,0.547647992517956
"4989",2007,240,0.480329671930019
"4990",2007,241,0.480278040297598
"4991",2007,242,0.524803930091564
"4992",2007,243,0.549365355438897
"4993",2007,244,0.551027451490956
"4994",2007,245,0.550200046962806
"4995",2007,246,0.532604906006133
"4996",2007,247,0.52520778913343
"4997",2007,248,0.507500271564647
"4998",2007,249,0.456367737928461
"4999",2007,250,0.431293400007168
"5000",2007,251,0.388143282115554
"5001",2007,252,0.338819596034015
"5002",2007,253,0.358408902379823
"5003",2007,254,0.391278454448777
"5004",2007,255,0.415395307843718
"5005",2007,256,0.362538587539372
"5006",2007,257,0.331872054208694
"5007",2007,258,0.401054833692798
"5008",2007,259,0.413616349853571
"5009",2007,260,0.393510157766664
"5010",2007,261,0.348850723854736
"5011",2007,262,0.350970694177269
"5012",2007,263,0.378959987811146
"5013",2007,264,0.337402638761944
"5014",2007,265,0.37283320418993
"5015",2007,266,0.346294912774486
"5016",2007,267,0.266625564504455
"5017",2007,268,0.266480884463008
"5018",2007,269,0.282515481134481
"5019",2007,270,0.282565899566246
"5020",2007,271,0.311488766196881
"5021",2007,272,0.312617578211313
"5022",2007,273,0.271534563455802
"5023",2007,274,0.288318901549487
"5024",2007,275,0.253517698067096
"5025",2007,276,0.273067200191275
"5026",2007,277,0.240756192638444
"5027",2007,278,0.271095659760233
"5028",2007,279,0.228344720897977
"5029",2007,280,0.186989373543681
"5030",2007,281,0.215067574324348
"5031",2007,282,0.212061841032094
"5032",2007,283,0.212340713877354
"5033",2007,284,0.204870342808264
"5034",2007,285,0.188614077060521
"5035",2007,286,0.184364324895909
"5036",2007,287,0.166617355264617
"5037",2007,288,0.150741114047692
"5038",2007,289,0.155489151314087
"5039",2007,290,0.158052250359669
"5040",2007,291,0.148425928933293
"5041",2007,292,0.164172723265241
"5042",2007,293,0.149686235341573
"5043",2007,294,0.127995697474334
"5044",2007,295,0.126673899868068
"5045",2007,296,0.152808279642941
"5046",2007,297,0.16017175870913
"5047",2007,298,0.170637141593173
"5048",2007,299,0.1255382764387
"5049",2007,300,0.113731954159819
"5050",2007,301,0.129666204241291
"5051",2007,302,0.138950651132453
"5052",2007,303,0.133818505826102
"5053",2007,304,0.102411917980429
"5054",2007,305,0.111224037668913
"5055",2007,306,0.0945413358282686
"5056",2007,307,0.104954147258218
"5057",2007,308,0.125181470306306
"5058",2007,309,0.0903302507766023
"5059",2007,310,0.0872630664361587
"5060",2007,311,0.105378707335389
"5061",2007,312,0.109944358166526
"5062",2007,313,0.102059518520313
"5063",2007,314,0.112129272346129
"5064",2007,315,0.101633264367643
"5065",2007,316,0.0887022934546421
"5066",2007,317,0.0956157285317139
"5067",2007,318,0.0676258656287634
"5068",2007,319,0.0697138365148373
"5069",2007,320,0.0875910338900152
"5070",2007,321,0.0881467586243142
"5071",2007,322,0.0970474358870562
"5072",2007,323,0.101656694798007
"5073",2007,324,0.0577537775086443
"5074",2007,325,0.0459208707584987
"5075",2007,326,0.0377214516096745
"5076",2007,327,0.0390983020395518
"5077",2007,328,0.0491301859278082
"5078",2007,329,0.0603333880072054
"5079",2007,330,0.0516305291174851
"5080",2007,331,0.060957668391907
"5081",2007,332,0.0473198319665221
"5082",2007,333,0.0425278282848552
"5083",2007,334,0.0347277472104785
"5084",2007,335,0.0316335114091407
"5085",2007,336,0.0308476414142749
"5086",2007,337,0.0553771488560175
"5087",2007,338,0.075144136137339
"5088",2007,339,0.0617415698845119
"5089",2007,340,0.0442264980708298
"5090",2007,341,0.0342982420798467
"5091",2007,342,0.0302737561834529
"5092",2007,343,0.0286887451730999
"5093",2007,344,0.0297766671916528
"5094",2007,345,0.0274100404581658
"5095",2007,346,0.0254692733296667
"5096",2007,347,0.0290218988382772
"5097",2007,348,0.0270120904082289
"5098",2007,349,0.0259058466647733
"5099",2007,350,0.0345206844528983
"5100",2007,351,0.0379337833400654
"5101",2007,352,0.0401665894263737
"5102",2007,353,0.0518090167763921
"5103",2007,354,0.0550797165086734
"5104",2007,355,0.0392284813981009
"5105",2007,356,0.0266826953232664
"5106",2007,357,0.0342448383865508
"5107",2007,358,0.0404625023286798
"5108",2007,359,0.0360983828898659
"5109",2007,360,0.0285364977647307
"5110",2007,361,0.0283788297537144
"5111",2007,362,0.024899019020457
"5112",2007,363,0.0315381913665861
"5113",2007,364,0.0327514284603181
"5114",2007,365,0.0334037459952507
"5115",2008,1,0.0299640062348261
"5116",2008,2,0.0329401221770469
"5117",2008,3,0.0467049731139281
"5118",2008,4,0.0636942143081144
"5119",2008,5,0.0668569967459005
"5120",2008,6,0.0498429025061315
"5121",2008,7,0.0425555168687974
"5122",2008,8,0.0428156013583343
"5123",2008,9,0.0473297942860008
"5124",2008,10,0.0452134396250098
"5125",2008,11,0.0538270141799611
"5126",2008,12,0.0538304665952492
"5127",2008,13,0.0504515783119724
"5128",2008,14,0.0562624380667083
"5129",2008,15,0.0568283301850044
"5130",2008,16,0.0337731325158407
"5131",2008,17,0.032792180015376
"5132",2008,18,0.0373527099970934
"5133",2008,19,0.0338592528720313
"5134",2008,20,0.0353326759485401
"5135",2008,21,0.0227056229411883
"5136",2008,22,0.0274435179450498
"5137",2008,23,0.0373433407793227
"5138",2008,24,0.0364167543407063
"5139",2008,25,0.0486516471823411
"5140",2008,26,0.068671163945582
"5141",2008,27,0.0909560314542346
"5142",2008,28,0.0811376860714035
"5143",2008,29,0.0475180428473139
"5144",2008,30,0.0599608745975379
"5145",2008,31,0.0591584028878357
"5146",2008,32,0.0788266855448742
"5147",2008,33,0.0696195914331432
"5148",2008,34,0.0808962800876473
"5149",2008,35,0.0701738749853469
"5150",2008,36,0.0633116057219147
"5151",2008,37,0.0667293307999405
"5152",2008,38,0.0732978983348735
"5153",2008,39,0.0888981625489886
"5154",2008,40,0.0754119810614652
"5155",2008,41,0.0727056882239004
"5156",2008,42,0.0907815793128552
"5157",2008,43,0.104475276294612
"5158",2008,44,0.12645322250393
"5159",2008,45,0.0836002095352148
"5160",2008,46,0.0956647728621064
"5161",2008,47,0.114562853209336
"5162",2008,48,0.103416574660059
"5163",2008,49,0.09955589940532
"5164",2008,50,0.124073596190185
"5165",2008,51,0.113903641965702
"5166",2008,52,0.129639789978635
"5167",2008,53,0.139551724346155
"5168",2008,54,0.146912689096844
"5169",2008,55,0.155940040321503
"5170",2008,56,0.136087953834177
"5171",2008,57,0.131105258582613
"5172",2008,58,0.157003691824039
"5173",2008,59,0.174366990170788
"5174",2008,60,0.176792077570122
"5175",2008,61,0.208077400776904
"5176",2008,62,0.151022853191168
"5177",2008,63,0.151691850678389
"5178",2008,64,0.151259459263272
"5179",2008,65,0.113151100919497
"5180",2008,66,0.126715847785707
"5181",2008,67,0.154191050187421
"5182",2008,68,0.174971205603887
"5183",2008,69,0.184171606466181
"5184",2008,70,0.18868297504242
"5185",2008,71,0.215510762958335
"5186",2008,72,0.203736284680936
"5187",2008,73,0.181401190477103
"5188",2008,74,0.168061029126783
"5189",2008,75,0.166912678311536
"5190",2008,76,0.177051435292417
"5191",2008,77,0.195354877607462
"5192",2008,78,0.203621196555793
"5193",2008,79,0.223371529266886
"5194",2008,80,0.235060342807498
"5195",2008,81,0.209076951679858
"5196",2008,82,0.191951402128427
"5197",2008,83,0.201224106047396
"5198",2008,84,0.264276563789365
"5199",2008,85,0.239749572930524
"5200",2008,86,0.256399828837107
"5201",2008,87,0.224797650014057
"5202",2008,88,0.215357931864568
"5203",2008,89,0.27421888146177
"5204",2008,90,0.201654788189893
"5205",2008,91,0.194382027543029
"5206",2008,92,0.174309767213769
"5207",2008,93,0.217226189960649
"5208",2008,94,0.256613412548997
"5209",2008,95,0.282601900059743
"5210",2008,96,0.304910995491964
"5211",2008,97,0.268955676919059
"5212",2008,98,0.25719237669856
"5213",2008,99,0.28599430819377
"5214",2008,100,0.276543764298107
"5215",2008,101,0.269406259934113
"5216",2008,102,0.287054425221059
"5217",2008,103,0.293544028674183
"5218",2008,104,0.330679746925999
"5219",2008,105,0.396441268443377
"5220",2008,106,0.432282628071116
"5221",2008,107,0.303713114811304
"5222",2008,108,0.305123911634297
"5223",2008,109,0.357456242566272
"5224",2008,110,0.414542752637329
"5225",2008,111,0.382323257715139
"5226",2008,112,0.287545385740597
"5227",2008,113,0.355902330528037
"5228",2008,114,0.404652288953247
"5229",2008,115,0.359309445825709
"5230",2008,116,0.327330393768936
"5231",2008,117,0.312732095604908
"5232",2008,118,0.348946262603531
"5233",2008,119,0.400218807029099
"5234",2008,120,0.44341844625565
"5235",2008,121,0.445820697612064
"5236",2008,122,0.343606730676747
"5237",2008,123,0.30763381916787
"5238",2008,124,0.345224297499895
"5239",2008,125,0.394700563791484
"5240",2008,126,0.438529851021119
"5241",2008,127,0.464130710533084
"5242",2008,128,0.451461393705647
"5243",2008,129,0.420958748782424
"5244",2008,130,0.410882765191326
"5245",2008,131,0.377905504510123
"5246",2008,132,0.436852879662408
"5247",2008,133,0.413853286505612
"5248",2008,134,0.41572995325858
"5249",2008,135,0.414974837455646
"5250",2008,136,0.452273469324132
"5251",2008,137,0.527292993953316
"5252",2008,138,0.525600750603465
"5253",2008,139,0.541972318788675
"5254",2008,140,0.553311353090433
"5255",2008,141,0.545509804467563
"5256",2008,142,0.543029995202106
"5257",2008,143,0.458818385974641
"5258",2008,144,0.456339958427701
"5259",2008,145,0.481072533153464
"5260",2008,146,0.485901009544394
"5261",2008,147,0.439694072264642
"5262",2008,148,0.409228809324811
"5263",2008,149,0.472404789998918
"5264",2008,150,0.530000483638302
"5265",2008,151,0.519645611108365
"5266",2008,152,0.536541663234506
"5267",2008,153,0.562662546265851
"5268",2008,154,0.569573172923219
"5269",2008,155,0.54761782807612
"5270",2008,156,0.528307170237862
"5271",2008,157,0.495675124543318
"5272",2008,158,0.534455970912762
"5273",2008,159,0.51802546814646
"5274",2008,160,0.491253847790812
"5275",2008,161,0.515626435026155
"5276",2008,162,0.587247755071722
"5277",2008,163,0.513899683486114
"5278",2008,164,0.472826762959353
"5279",2008,165,0.532091569642187
"5280",2008,166,0.575246939603922
"5281",2008,167,0.572289284148529
"5282",2008,168,0.592667925469203
"5283",2008,169,0.621483621430273
"5284",2008,170,0.619635452857482
"5285",2008,171,0.603616696260643
"5286",2008,172,0.607630837444797
"5287",2008,173,0.616297096459865
"5288",2008,174,0.64201207406971
"5289",2008,175,0.635701013334863
"5290",2008,176,0.657368118782123
"5291",2008,177,0.64488454147208
"5292",2008,178,0.651591643223685
"5293",2008,179,0.623454063961053
"5294",2008,180,0.579958386024607
"5295",2008,181,0.601261866319603
"5296",2008,182,0.663546949452133
"5297",2008,183,0.693945339923113
"5298",2008,184,0.63264915257945
"5299",2008,185,0.643224204548913
"5300",2008,186,0.690869388149114
"5301",2008,187,0.716418246934577
"5302",2008,188,0.671246237492968
"5303",2008,189,0.650497269642884
"5304",2008,190,0.653037483135511
"5305",2008,191,0.665979527418693
"5306",2008,192,0.701144035638764
"5307",2008,193,0.650107647482573
"5308",2008,194,0.580718154715563
"5309",2008,195,0.627692224835567
"5310",2008,196,0.654743174558563
"5311",2008,197,0.692698007217357
"5312",2008,198,0.689495991610367
"5313",2008,199,0.663856159938006
"5314",2008,200,0.659054536965456
"5315",2008,201,0.657121831052539
"5316",2008,202,0.664677613645338
"5317",2008,203,0.694945827186147
"5318",2008,204,0.722813702446773
"5319",2008,205,0.702705952268893
"5320",2008,206,0.682050891268258
"5321",2008,207,0.640105440853584
"5322",2008,208,0.695001291905406
"5323",2008,209,0.70458759677034
"5324",2008,210,0.681758995560571
"5325",2008,211,0.669476249730633
"5326",2008,212,0.666752853781589
"5327",2008,213,0.666954592126956
"5328",2008,214,0.706736179603748
"5329",2008,215,0.699723999991777
"5330",2008,216,0.649655994314494
"5331",2008,217,0.626230561306455
"5332",2008,218,0.65039724960693
"5333",2008,219,0.63701732136739
"5334",2008,220,0.643282352619607
"5335",2008,221,0.632574510307344
"5336",2008,222,0.637525683932937
"5337",2008,223,0.62213058516238
"5338",2008,224,0.59824026222158
"5339",2008,225,0.596903920558476
"5340",2008,226,0.596159464325861
"5341",2008,227,0.546882055230608
"5342",2008,228,0.490659312620976
"5343",2008,229,0.529251803119847
"5344",2008,230,0.536719950296246
"5345",2008,231,0.555852436851545
"5346",2008,232,0.58793838190494
"5347",2008,233,0.586887493098668
"5348",2008,234,0.605941960664249
"5349",2008,235,0.531892053106592
"5350",2008,236,0.51869382333147
"5351",2008,237,0.550648007892201
"5352",2008,238,0.567482989296499
"5353",2008,239,0.571147828199629
"5354",2008,240,0.499003927419352
"5355",2008,241,0.471772098030648
"5356",2008,242,0.488922209752068
"5357",2008,243,0.550475920785994
"5358",2008,244,0.542889592008921
"5359",2008,245,0.43147207077639
"5360",2008,246,0.384402876683067
"5361",2008,247,0.406415924191952
"5362",2008,248,0.379738560443797
"5363",2008,249,0.375324555857564
"5364",2008,250,0.360088002322616
"5365",2008,251,0.339107087602182
"5366",2008,252,0.349253174333147
"5367",2008,253,0.408887439226714
"5368",2008,254,0.396463184880611
"5369",2008,255,0.351075441186036
"5370",2008,256,0.347190075907344
"5371",2008,257,0.339188566810863
"5372",2008,258,0.328828739053004
"5373",2008,259,0.355486183496437
"5374",2008,260,0.374293956208271
"5375",2008,261,0.383946585568377
"5376",2008,262,0.380702506552595
"5377",2008,263,0.367623694078758
"5378",2008,264,0.358072567029636
"5379",2008,265,0.363529140781709
"5380",2008,266,0.328777353627934
"5381",2008,267,0.29237426554912
"5382",2008,268,0.299715559372909
"5383",2008,269,0.329928363443424
"5384",2008,270,0.323169753818831
"5385",2008,271,0.309276918420971
"5386",2008,272,0.29492824815433
"5387",2008,273,0.2617725529966
"5388",2008,274,0.269530536565501
"5389",2008,275,0.265365736666585
"5390",2008,276,0.266692093958607
"5391",2008,277,0.269527647738387
"5392",2008,278,0.271771713316381
"5393",2008,279,0.238286717696202
"5394",2008,280,0.208709737421858
"5395",2008,281,0.210061471910721
"5396",2008,282,0.197333441756673
"5397",2008,283,0.183427400515141
"5398",2008,284,0.154248539743469
"5399",2008,285,0.139216794242363
"5400",2008,286,0.131352953140712
"5401",2008,287,0.125783012717849
"5402",2008,288,0.148376691927352
"5403",2008,289,0.152113063080687
"5404",2008,290,0.153697919628035
"5405",2008,291,0.164914690888403
"5406",2008,292,0.178067126823485
"5407",2008,293,0.164896883226081
"5408",2008,294,0.152871422855489
"5409",2008,295,0.135853220522202
"5410",2008,296,0.119629958775209
"5411",2008,297,0.116203379951663
"5412",2008,298,0.12374796241536
"5413",2008,299,0.140535453191527
"5414",2008,300,0.102411807173125
"5415",2008,301,0.109669676932658
"5416",2008,302,0.125785015536293
"5417",2008,303,0.13605142562875
"5418",2008,304,0.137045814835125
"5419",2008,305,0.129286390991528
"5420",2008,306,0.133553456131971
"5421",2008,307,0.138639783917995
"5422",2008,308,0.125138953988884
"5423",2008,309,0.124492335264947
"5424",2008,310,0.0971316902562375
"5425",2008,311,0.0781340288102287
"5426",2008,312,0.0807924635271706
"5427",2008,313,0.0895046958000262
"5428",2008,314,0.0857154299141061
"5429",2008,315,0.0795525169549767
"5430",2008,316,0.084404678963916
"5431",2008,317,0.0867315678668395
"5432",2008,318,0.0858701038374886
"5433",2008,319,0.0634604501215096
"5434",2008,320,0.0701307309532479
"5435",2008,321,0.0846136771989288
"5436",2008,322,0.0816210618551633
"5437",2008,323,0.093833870582155
"5438",2008,324,0.0770810925300674
"5439",2008,325,0.0522376679682366
"5440",2008,326,0.0593745141543467
"5441",2008,327,0.0669231712213002
"5442",2008,328,0.0621457390569985
"5443",2008,329,0.0644977754460809
"5444",2008,330,0.0703755991516681
"5445",2008,331,0.0648586149887336
"5446",2008,332,0.0502608403597044
"5447",2008,333,0.0484334887929581
"5448",2008,334,0.0501889661621767
"5449",2008,335,0.0513713499425224
"5450",2008,336,0.0605978581909297
"5451",2008,337,0.0639836149054046
"5452",2008,338,0.0342743709829834
"5453",2008,339,0.0273900531572633
"5454",2008,340,0.0322560467185033
"5455",2008,341,0.0560263155476206
"5456",2008,342,0.0653519464002501
"5457",2008,343,0.0450610946898342
"5458",2008,344,0.033252869933025
"5459",2008,345,0.0426079710834231
"5460",2008,346,0.0435350066582378
"5461",2008,347,0.0432598154436204
"5462",2008,348,0.0442807034457662
"5463",2008,349,0.0132842338823054
"5464",2008,350,0.0125142659772359
"5465",2008,351,0.0195738490647037
"5466",2008,352,0.0255778121727819
"5467",2008,353,0.0295908113409921
"5468",2008,354,0.0338038365539014
"5469",2008,355,0.0159178964071937
"5470",2008,356,0.0186243556019533
"5471",2008,357,0.0249407659644797
"5472",2008,358,0.021887140726662
"5473",2008,359,0.02717492723749
"5474",2008,360,0.0404218230680484
"5475",2008,361,0.036841649075102
"5476",2008,362,0.030844985860939
"5477",2008,363,0.0448571796074397
"5478",2008,364,0.0599683785202758
"5479",2008,365,0.0481370480929027
"5480",2009,1,0.0475647148473981
"5481",2009,2,0.0599535699635627
"5482",2009,3,0.0348744754621974
"5483",2009,4,0.0242778172922294
"5484",2009,5,0.0313520877766257
"5485",2009,6,0.0447679065628722
"5486",2009,7,0.053258911803262
"5487",2009,8,0.0732557190254234
"5488",2009,9,0.0520826126845562
"5489",2009,10,0.0476181318347095
"5490",2009,11,0.0553556275685378
"5491",2009,12,0.0504951646205417
"5492",2009,13,0.058074036307162
"5493",2009,14,0.0505604924510844
"5494",2009,15,0.0504105205786314
"5495",2009,16,0.0668873686207972
"5496",2009,17,0.0745803444929694
"5497",2009,18,0.08046568545821
"5498",2009,19,0.0853901676068669
"5499",2009,20,0.0899647142799058
"5500",2009,21,0.0908418887949049
"5501",2009,22,0.0895493647187947
"5502",2009,23,0.0455516017766416
"5503",2009,24,0.034872847627133
"5504",2009,25,0.0302784601756365
"5505",2009,26,0.027369659540635
"5506",2009,27,0.0260231448614316
"5507",2009,28,0.0493067868235911
"5508",2009,29,0.0651784690702666
"5509",2009,30,0.0843040488614465
"5510",2009,31,0.0985931444921606
"5511",2009,32,0.0684956636224506
"5512",2009,33,0.0764329929960154
"5513",2009,34,0.103840761554675
"5514",2009,35,0.108924682793083
"5515",2009,36,0.120004243747525
"5516",2009,37,0.12771810130775
"5517",2009,38,0.112763785880404
"5518",2009,39,0.111597912501868
"5519",2009,40,0.111987517423686
"5520",2009,41,0.109006244465029
"5521",2009,42,0.095427833585892
"5522",2009,43,0.0960823900812488
"5523",2009,44,0.0901691562725869
"5524",2009,45,0.0870868512169968
"5525",2009,46,0.0992232628539741
"5526",2009,47,0.118949999262932
"5527",2009,48,0.132661255605451
"5528",2009,49,0.116505150477001
"5529",2009,50,0.126185108331187
"5530",2009,51,0.114177018556791
"5531",2009,52,0.107629802451469
"5532",2009,53,0.129373487865521
"5533",2009,54,0.161683696467338
"5534",2009,55,0.177069698089388
"5535",2009,56,0.166451321085491
"5536",2009,57,0.13521662641725
"5537",2009,58,0.0990924854238842
"5538",2009,59,0.120677207072598
"5539",2009,60,0.171456486886051
"5540",2009,61,0.199189995713155
"5541",2009,62,0.228880299733895
"5542",2009,63,0.214403696190423
"5543",2009,64,0.187357425962102
"5544",2009,65,0.16610663309604
"5545",2009,66,0.166827013497578
"5546",2009,67,0.182360038861404
"5547",2009,68,0.115211619726369
"5548",2009,69,0.0736387645677176
"5549",2009,70,0.0671916712908514
"5550",2009,71,0.110451333514866
"5551",2009,72,0.159822128608845
"5552",2009,73,0.197332210478576
"5553",2009,74,0.217884558845386
"5554",2009,75,0.262599706276685
"5555",2009,76,0.218036704428828
"5556",2009,77,0.208202105324241
"5557",2009,78,0.23719071913322
"5558",2009,79,0.260341559934724
"5559",2009,80,0.284875349395178
"5560",2009,81,0.30606515414008
"5561",2009,82,0.21419758734044
"5562",2009,83,0.177332176271802
"5563",2009,84,0.192798864750093
"5564",2009,85,0.150291448837662
"5565",2009,86,0.149359996582851
"5566",2009,87,0.206331086657249
"5567",2009,88,0.269708306381109
"5568",2009,89,0.200056556894603
"5569",2009,90,0.187513471471475
"5570",2009,91,0.212045638156269
"5571",2009,92,0.239727014652275
"5572",2009,93,0.240861075844609
"5573",2009,94,0.199703000312274
"5574",2009,95,0.198218061855091
"5575",2009,96,0.22712657499654
"5576",2009,97,0.291902714189211
"5577",2009,98,0.310759336813821
"5578",2009,99,0.295514205519573
"5579",2009,100,0.319487798140707
"5580",2009,101,0.321147993303081
"5581",2009,102,0.341340172805045
"5582",2009,103,0.342413760613035
"5583",2009,104,0.371141927691872
"5584",2009,105,0.34464971041976
"5585",2009,106,0.283133843358942
"5586",2009,107,0.293390101747334
"5587",2009,108,0.345406691268711
"5588",2009,109,0.355258686372515
"5589",2009,110,0.398848898413137
"5590",2009,111,0.426733629341816
"5591",2009,112,0.442948941273542
"5592",2009,113,0.465312773690949
"5593",2009,114,0.339664702298358
"5594",2009,115,0.29687751265481
"5595",2009,116,0.310261409460483
"5596",2009,117,0.319685892898417
"5597",2009,118,0.382529969036409
"5598",2009,119,0.403577610303417
"5599",2009,120,0.342752383223639
"5600",2009,121,0.346012751311022
"5601",2009,122,0.36384172364311
"5602",2009,123,0.39245882667902
"5603",2009,124,0.426722637358923
"5604",2009,125,0.426669091896221
"5605",2009,126,0.443788893808698
"5606",2009,127,0.435745865148377
"5607",2009,128,0.397551206353709
"5608",2009,129,0.3815253640269
"5609",2009,130,0.404068253854549
"5610",2009,131,0.458871149713363
"5611",2009,132,0.496253963223391
"5612",2009,133,0.405783611670382
"5613",2009,134,0.458242967710865
"5614",2009,135,0.450405424651677
"5615",2009,136,0.445053890121319
"5616",2009,137,0.507571249374614
"5617",2009,138,0.54939240175319
"5618",2009,139,0.587628869214338
"5619",2009,140,0.543948003074509
"5620",2009,141,0.501421580019006
"5621",2009,142,0.508893817580283
"5622",2009,143,0.519931922522666
"5623",2009,144,0.544155806726123
"5624",2009,145,0.512321082252449
"5625",2009,146,0.49894303332249
"5626",2009,147,0.516542707094122
"5627",2009,148,0.54459942389574
"5628",2009,149,0.569258192088339
"5629",2009,150,0.58193567650195
"5630",2009,151,0.582978910577439
"5631",2009,152,0.55136549068649
"5632",2009,153,0.469614084254567
"5633",2009,154,0.480969336949475
"5634",2009,155,0.529923130485075
"5635",2009,156,0.529362197086625
"5636",2009,157,0.540517530715639
"5637",2009,158,0.462284752209967
"5638",2009,159,0.461220956777739
"5639",2009,160,0.522443646037852
"5640",2009,161,0.47490948507281
"5641",2009,162,0.477570712933512
"5642",2009,163,0.529443196253449
"5643",2009,164,0.562788102948896
"5644",2009,165,0.582392290788162
"5645",2009,166,0.581723268772331
"5646",2009,167,0.581473254843243
"5647",2009,168,0.603927388928422
"5648",2009,169,0.581055982235579
"5649",2009,170,0.597509013210866
"5650",2009,171,0.628115116423156
"5651",2009,172,0.635046760889134
"5652",2009,173,0.622652547853293
"5653",2009,174,0.609959349630167
"5654",2009,175,0.669728440452052
"5655",2009,176,0.694315036561479
"5656",2009,177,0.671275399831579
"5657",2009,178,0.604847332671663
"5658",2009,179,0.621470471441947
"5659",2009,180,0.677849893142672
"5660",2009,181,0.668873901541198
"5661",2009,182,0.657119288496416
"5662",2009,183,0.650729938667419
"5663",2009,184,0.626291432392592
"5664",2009,185,0.621415823097469
"5665",2009,186,0.63497268296414
"5666",2009,187,0.655064379109083
"5667",2009,188,0.639814676342738
"5668",2009,189,0.694824062864506
"5669",2009,190,0.642317145336213
"5670",2009,191,0.65563794852303
"5671",2009,192,0.687446704591768
"5672",2009,193,0.688288350041859
"5673",2009,194,0.704043243256629
"5674",2009,195,0.641549730833304
"5675",2009,196,0.630406733348158
"5676",2009,197,0.641461983150863
"5677",2009,198,0.655178569300201
"5678",2009,199,0.664535215926394
"5679",2009,200,0.680011414278561
"5680",2009,201,0.647001339877155
"5681",2009,202,0.611834792714633
"5682",2009,203,0.65391989842323
"5683",2009,204,0.681675198447534
"5684",2009,205,0.673703972332957
"5685",2009,206,0.658835157338566
"5686",2009,207,0.659152314030122
"5687",2009,208,0.636048879887581
"5688",2009,209,0.593715841182715
"5689",2009,210,0.549227181586676
"5690",2009,211,0.545454082202159
"5691",2009,212,0.56833351669636
"5692",2009,213,0.58597994439756
"5693",2009,214,0.644509563535944
"5694",2009,215,0.653215776975778
"5695",2009,216,0.635250434137323
"5696",2009,217,0.620720773055032
"5697",2009,218,0.662464648703424
"5698",2009,219,0.638471047896277
"5699",2009,220,0.581966427643148
"5700",2009,221,0.538918721928802
"5701",2009,222,0.572638360850803
"5702",2009,223,0.60371505137016
"5703",2009,224,0.616122021308963
"5704",2009,225,0.630733525494288
"5705",2009,226,0.622041479841374
"5706",2009,227,0.523784905315923
"5707",2009,228,0.497396839610125
"5708",2009,229,0.494564201172492
"5709",2009,230,0.525909005291761
"5710",2009,231,0.528630987971747
"5711",2009,232,0.513177516704795
"5712",2009,233,0.519998903959826
"5713",2009,234,0.58472059062862
"5714",2009,235,0.601915166697782
"5715",2009,236,0.542515607202738
"5716",2009,237,0.513959770264258
"5717",2009,238,0.521582037114793
"5718",2009,239,0.529947416004894
"5719",2009,240,0.507236825335195
"5720",2009,241,0.469325701930235
"5721",2009,242,0.47754082072651
"5722",2009,243,0.497937999722753
"5723",2009,244,0.508725620475638
"5724",2009,245,0.490810896018687
"5725",2009,246,0.484812073998653
"5726",2009,247,0.487508813026028
"5727",2009,248,0.490124668084395
"5728",2009,249,0.489675737690613
"5729",2009,250,0.466724571009406
"5730",2009,251,0.426608389894092
"5731",2009,252,0.42650796368674
"5732",2009,253,0.442971686132424
"5733",2009,254,0.412088452911576
"5734",2009,255,0.3549805438525
"5735",2009,256,0.39024137405962
"5736",2009,257,0.450229153368407
"5737",2009,258,0.426128274109127
"5738",2009,259,0.410720143573583
"5739",2009,260,0.388130463694546
"5740",2009,261,0.382229421169492
"5741",2009,262,0.372905378224993
"5742",2009,263,0.351487552143789
"5743",2009,264,0.283162712130981
"5744",2009,265,0.287726369743574
"5745",2009,266,0.298759675795263
"5746",2009,267,0.296483428289204
"5747",2009,268,0.292986587652748
"5748",2009,269,0.32661948826838
"5749",2009,270,0.281810444153617
"5750",2009,271,0.24733340293775
"5751",2009,272,0.298199572992211
"5752",2009,273,0.284140061391955
"5753",2009,274,0.211927879795633
"5754",2009,275,0.211720194738615
"5755",2009,276,0.194192145973876
"5756",2009,277,0.181618144305354
"5757",2009,278,0.180027032191973
"5758",2009,279,0.181013559665897
"5759",2009,280,0.183776537589783
"5760",2009,281,0.150428093801447
"5761",2009,282,0.12834225499966
"5762",2009,283,0.100682342339252
"5763",2009,284,0.101874372958203
"5764",2009,285,0.11084655549134
"5765",2009,286,0.136926460303323
"5766",2009,287,0.176243018338747
"5767",2009,288,0.168090437336113
"5768",2009,289,0.162270263155113
"5769",2009,290,0.167138196165069
"5770",2009,291,0.192580328818223
"5771",2009,292,0.169089482553799
"5772",2009,293,0.136521968518954
"5773",2009,294,0.122731462643582
"5774",2009,295,0.121001069387467
"5775",2009,296,0.135927039085848
"5776",2009,297,0.135995166098416
"5777",2009,298,0.109140530270734
"5778",2009,299,0.11635035801367
"5779",2009,300,0.117041526659225
"5780",2009,301,0.093304158540859
"5781",2009,302,0.0808538765432017
"5782",2009,303,0.084538937159186
"5783",2009,304,0.114091459818991
"5784",2009,305,0.121441612492938
"5785",2009,306,0.108714256866332
"5786",2009,307,0.104544336068649
"5787",2009,308,0.0988902968681699
"5788",2009,309,0.11905599113408
"5789",2009,310,0.130556679487932
"5790",2009,311,0.105322895359556
"5791",2009,312,0.0965658311837559
"5792",2009,313,0.0879069594858688
"5793",2009,314,0.0898432510596835
"5794",2009,315,0.0988850132598598
"5795",2009,316,0.10393652123795
"5796",2009,317,0.0750395430369459
"5797",2009,318,0.0607916729200877
"5798",2009,319,0.0607711773556027
"5799",2009,320,0.0645877773730639
"5800",2009,321,0.0830452287122827
"5801",2009,322,0.0851061655382007
"5802",2009,323,0.0745058664568042
"5803",2009,324,0.0735954172488375
"5804",2009,325,0.0788407043713544
"5805",2009,326,0.0628094235026727
"5806",2009,327,0.0566114155864096
"5807",2009,328,0.0566178064602288
"5808",2009,329,0.0554390575980566
"5809",2009,330,0.0718446207306251
"5810",2009,331,0.0757211760930442
"5811",2009,332,0.0604097306855022
"5812",2009,333,0.0496393724146683
"5813",2009,334,0.0627693894588688
"5814",2009,335,0.0495045626662708
"5815",2009,336,0.0302800876174038
"5816",2009,337,0.0264544358443473
"5817",2009,338,0.0294686689416726
"5818",2009,339,0.0329227697362629
"5819",2009,340,0.023843638351756
"5820",2009,341,0.0176603564924758
"5821",2009,342,0.0179117919882204
"5822",2009,343,0.0132508103229523
"5823",2009,344,0.0193325280760388
"5824",2009,345,0.0274848457978401
"5825",2009,346,0.037895063750483
"5826",2009,347,0.0291532505574143
"5827",2009,348,0.0216813347199288
"5828",2009,349,0.02675548051972
"5829",2009,350,0.041612992682442
"5830",2009,351,0.050903635488366
"5831",2009,352,0.0427529666015728
"5832",2009,353,0.0390648368515769
"5833",2009,354,0.0529677294079743
"5834",2009,355,0.0565784463102876
"5835",2009,356,0.0444905623631692
"5836",2009,357,0.0330841416448678
"5837",2009,358,0.0211938083311338
"5838",2009,359,0.0209520724273173
"5839",2009,360,0.0277736159903395
"5840",2009,361,0.0288689451625501
"5841",2009,362,0.0283774060017798
"5842",2009,363,0.0301642215018303
"5843",2009,364,0.0345230429491241
"5844",2009,365,0.0326169288253762
"5845",2010,1,0.0310552521304335
"5846",2010,2,0.0389367018448028
"5847",2010,3,0.0454653339691375
"5848",2010,4,0.0385269690481931
"5849",2010,5,0.0426063740400398
"5850",2010,6,0.0253535272368001
"5851",2010,7,0.0177443869911128
"5852",2010,8,0.0224434645591202
"5853",2010,9,0.0386411052555503
"5854",2010,10,0.0512837972283756
"5855",2010,11,0.0519260926593903
"5856",2010,12,0.0624995149435219
"5857",2010,13,0.0698511821171235
"5858",2010,14,0.0552214753619924
"5859",2010,15,0.058571506055949
"5860",2010,16,0.0732726480116133
"5861",2010,17,0.0720566035184565
"5862",2010,18,0.0698446568152176
"5863",2010,19,0.0735235316731111
"5864",2010,20,0.0740401262213569
"5865",2010,21,0.0740043428343907
"5866",2010,22,0.0773626739621557
"5867",2010,23,0.0622835215208431
"5868",2010,24,0.0557797718900802
"5869",2010,25,0.0564392681805803
"5870",2010,26,0.0617181213946798
"5871",2010,27,0.0602232906890692
"5872",2010,28,0.0617552276494303
"5873",2010,29,0.0690651493777382
"5874",2010,30,0.0743918699411486
"5875",2010,31,0.0750506723199738
"5876",2010,32,0.0738279890968039
"5877",2010,33,0.0809100644787365
"5878",2010,34,0.0893929477505046
"5879",2010,35,0.0902383489005316
"5880",2010,36,0.0910306465456961
"5881",2010,37,0.0856398920621043
"5882",2010,38,0.0822181543028557
"5883",2010,39,0.0527257537631638
"5884",2010,40,0.0589212578695313
"5885",2010,41,0.0778105737747353
"5886",2010,42,0.0927695780808066
"5887",2010,43,0.108724731397134
"5888",2010,44,0.0997037547930874
"5889",2010,45,0.068311693582711
"5890",2010,46,0.0763171457247238
"5891",2010,47,0.0922410357253732
"5892",2010,48,0.113062449610341
"5893",2010,49,0.111025309946723
"5894",2010,50,0.0889759797812605
"5895",2010,51,0.0925432396610078
"5896",2010,52,0.0842242959588282
"5897",2010,53,0.0735823989295278
"5898",2010,54,0.104904958343962
"5899",2010,55,0.122658643279626
"5900",2010,56,0.142884646347271
"5901",2010,57,0.146406400622068
"5902",2010,58,0.147094271309983
"5903",2010,59,0.149851590740286
"5904",2010,60,0.167041713140193
"5905",2010,61,0.170979697227058
"5906",2010,62,0.182940038574916
"5907",2010,63,0.188949282604953
"5908",2010,64,0.168827636445613
"5909",2010,65,0.170586546186987
"5910",2010,66,0.182576696462242
"5911",2010,67,0.197375528247756
"5912",2010,68,0.188809922561653
"5913",2010,69,0.149431633548598
"5914",2010,70,0.166454575770581
"5915",2010,71,0.190906480078985
"5916",2010,72,0.204754688026961
"5917",2010,73,0.178587365020985
"5918",2010,74,0.201872839992887
"5919",2010,75,0.219282925133754
"5920",2010,76,0.234021518958945
"5921",2010,77,0.221450363328542
"5922",2010,78,0.166018480303358
"5923",2010,79,0.171917213368467
"5924",2010,80,0.236270708301554
"5925",2010,81,0.257043028748954
"5926",2010,82,0.21944900600081
"5927",2010,83,0.221105892299296
"5928",2010,84,0.234287742564391
"5929",2010,85,0.242061380471368
"5930",2010,86,0.248619842230303
"5931",2010,87,0.262307137026223
"5932",2010,88,0.307671142254285
"5933",2010,89,0.329489805573634
"5934",2010,90,0.290032895429983
"5935",2010,91,0.257831462866408
"5936",2010,92,0.245493760884532
"5937",2010,93,0.255561866913774
"5938",2010,94,0.246365378481675
"5939",2010,95,0.281765022511993
"5940",2010,96,0.260893967772182
"5941",2010,97,0.267464244554774
"5942",2010,98,0.295563586132271
"5943",2010,99,0.279780755016039
"5944",2010,100,0.307378527463008
"5945",2010,101,0.374650898904054
"5946",2010,102,0.38078938096321
"5947",2010,103,0.365636983947239
"5948",2010,104,0.366001078112483
"5949",2010,105,0.343870467497197
"5950",2010,106,0.329056267713976
"5951",2010,107,0.36664553414455
"5952",2010,108,0.393903463525644
"5953",2010,109,0.40133744079258
"5954",2010,110,0.40067275743502
"5955",2010,111,0.382838613316807
"5956",2010,112,0.388091797078515
"5957",2010,113,0.37685671763659
"5958",2010,114,0.374275013031899
"5959",2010,115,0.339968838389973
"5960",2010,116,0.331128286014996
"5961",2010,117,0.379264034330809
"5962",2010,118,0.426916291428548
"5963",2010,119,0.371645416179061
"5964",2010,120,0.322245382152976
"5965",2010,121,0.35506827151062
"5966",2010,122,0.348321626103077
"5967",2010,123,0.399284032951142
"5968",2010,124,0.380979113921375
"5969",2010,125,0.355859342069133
"5970",2010,126,0.343872578012565
"5971",2010,127,0.330073886287187
"5972",2010,128,0.348718229711647
"5973",2010,129,0.425507878110256
"5974",2010,130,0.394686156613022
"5975",2010,131,0.361420082037828
"5976",2010,132,0.341282423841583
"5977",2010,133,0.381528545224314
"5978",2010,134,0.423409806410451
"5979",2010,135,0.426468316795431
"5980",2010,136,0.475057883374247
"5981",2010,137,0.490802457419175
"5982",2010,138,0.502926460501067
"5983",2010,139,0.473270305282412
"5984",2010,140,0.506284124324859
"5985",2010,141,0.473065689219183
"5986",2010,142,0.494188149350835
"5987",2010,143,0.468934350614416
"5988",2010,144,0.457680057821554
"5989",2010,145,0.475659131670333
"5990",2010,146,0.527022835811233
"5991",2010,147,0.580255259052358
"5992",2010,148,0.604400567721237
"5993",2010,149,0.528562894994664
"5994",2010,150,0.494356958401605
"5995",2010,151,0.527622333103723
"5996",2010,152,0.528351505029885
"5997",2010,153,0.53472470624616
"5998",2010,154,0.558522699984709
"5999",2010,155,0.586410702402825
"6000",2010,156,0.566092166163603
"6001",2010,157,0.546484163518763
"6002",2010,158,0.582173438393261
"6003",2010,159,0.574404341852691
"6004",2010,160,0.561843400437074
"6005",2010,161,0.578723175830677
"6006",2010,162,0.527514872593161
"6007",2010,163,0.474285958864099
"6008",2010,164,0.473305124132086
"6009",2010,165,0.5017813312392
"6010",2010,166,0.554859407129542
"6011",2010,167,0.611530843400598
"6012",2010,168,0.56273967787382
"6013",2010,169,0.559522402800724
"6014",2010,170,0.582149902917584
"6015",2010,171,0.619532413780684
"6016",2010,172,0.627552424751879
"6017",2010,173,0.60334667074264
"6018",2010,174,0.577192010246095
"6019",2010,175,0.642399022048796
"6020",2010,176,0.671602675010937
"6021",2010,177,0.655301174167482
"6022",2010,178,0.618171593615034
"6023",2010,179,0.642131805697689
"6024",2010,180,0.68477043264072
"6025",2010,181,0.701279175583856
"6026",2010,182,0.697880591866519
"6027",2010,183,0.710570016543484
"6028",2010,184,0.647426624021447
"6029",2010,185,0.571070045826453
"6030",2010,186,0.591436371501105
"6031",2010,187,0.568040236633898
"6032",2010,188,0.560167427023373
"6033",2010,189,0.589644659112567
"6034",2010,190,0.638778590083733
"6035",2010,191,0.658477088606013
"6036",2010,192,0.62364706305078
"6037",2010,193,0.668550969631626
"6038",2010,194,0.703005378968683
"6039",2010,195,0.6497828332892
"6040",2010,196,0.635914173737249
"6041",2010,197,0.676422788132372
"6042",2010,198,0.688601260910342
"6043",2010,199,0.695341417781704
"6044",2010,200,0.671139267265245
"6045",2010,201,0.631011982260725
"6046",2010,202,0.676305006283595
"6047",2010,203,0.663241640190304
"6048",2010,204,0.647874296086862
"6049",2010,205,0.617989074943213
"6050",2010,206,0.670876386004954
"6051",2010,207,0.701663819992883
"6052",2010,208,0.684885350943848
"6053",2010,209,0.660165772608218
"6054",2010,210,0.683058880324436
"6055",2010,211,0.663460524581197
"6056",2010,212,0.702004042478059
"6057",2010,213,0.678498913686242
"6058",2010,214,0.673135932465331
"6059",2010,215,0.650208665139736
"6060",2010,216,0.603719647537896
"6061",2010,217,0.614703807982898
"6062",2010,218,0.64686606916141
"6063",2010,219,0.651759068059694
"6064",2010,220,0.658366276319391
"6065",2010,221,0.643937951890527
"6066",2010,222,0.632321036559053
"6067",2010,223,0.644634422674292
"6068",2010,224,0.652143360627048
"6069",2010,225,0.592678948363
"6070",2010,226,0.569344747118783
"6071",2010,227,0.548571768498875
"6072",2010,228,0.551326319839109
"6073",2010,229,0.578389413638666
"6074",2010,230,0.610419902515428
"6075",2010,231,0.634562723470539
"6076",2010,232,0.594837575057433
"6077",2010,233,0.60119692570954
"6078",2010,234,0.645944071139756
"6079",2010,235,0.55948994958201
"6080",2010,236,0.493669582613963
"6081",2010,237,0.537026673419874
"6082",2010,238,0.561007006161412
"6083",2010,239,0.571992859661761
"6084",2010,240,0.558098988042625
"6085",2010,241,0.532690974892977
"6086",2010,242,0.504414653023456
"6087",2010,243,0.446977472559471
"6088",2010,244,0.464444244678488
"6089",2010,245,0.419348033292316
"6090",2010,246,0.417100926450119
"6091",2010,247,0.459234091551506
"6092",2010,248,0.462164085900785
"6093",2010,249,0.395264951906781
"6094",2010,250,0.386779866603596
"6095",2010,251,0.457666052985657
"6096",2010,252,0.461853867952733
"6097",2010,253,0.379810857779131
"6098",2010,254,0.381390302911253
"6099",2010,255,0.390844058706861
"6100",2010,256,0.401180386621564
"6101",2010,257,0.402828943280762
"6102",2010,258,0.383717292249723
"6103",2010,259,0.383370158957094
"6104",2010,260,0.372692476986914
"6105",2010,261,0.292193596238007
"6106",2010,262,0.358345822022865
"6107",2010,263,0.374068154624403
"6108",2010,264,0.346197180445192
"6109",2010,265,0.32874051562609
"6110",2010,266,0.298041653431898
"6111",2010,267,0.306808012386852
"6112",2010,268,0.314379080371629
"6113",2010,269,0.34341696167285
"6114",2010,270,0.336026479435395
"6115",2010,271,0.33202134310511
"6116",2010,272,0.310869990677366
"6117",2010,273,0.291319749847907
"6118",2010,274,0.276101176552451
"6119",2010,275,0.260035918376665
"6120",2010,276,0.269060654453614
"6121",2010,277,0.278164115440751
"6122",2010,278,0.276171525914148
"6123",2010,279,0.251864064657615
"6124",2010,280,0.262461625474318
"6125",2010,281,0.240222327005506
"6126",2010,282,0.211536222865702
"6127",2010,283,0.220787428839886
"6128",2010,284,0.215175903338285
"6129",2010,285,0.194405290050044
"6130",2010,286,0.178972529348359
"6131",2010,287,0.196948610207489
"6132",2010,288,0.202424592914164
"6133",2010,289,0.167335467849794
"6134",2010,290,0.171317119678527
"6135",2010,291,0.154863986278125
"6136",2010,292,0.155332987137765
"6137",2010,293,0.156784637675749
"6138",2010,294,0.163693137538145
"6139",2010,295,0.155132064873342
"6140",2010,296,0.14870772298518
"6141",2010,297,0.144230081892068
"6142",2010,298,0.131311566510462
"6143",2010,299,0.115858385395382
"6144",2010,300,0.108623697293855
"6145",2010,301,0.114611792755616
"6146",2010,302,0.132286888978541
"6147",2010,303,0.121093220335963
"6148",2010,304,0.125313947180986
"6149",2010,305,0.122692534383135
"6150",2010,306,0.128307923520679
"6151",2010,307,0.108492383334684
"6152",2010,308,0.0959481820408469
"6153",2010,309,0.110487161969342
"6154",2010,310,0.121852887611456
"6155",2010,311,0.126017012041144
"6156",2010,312,0.121899406128927
"6157",2010,313,0.085096126379128
"6158",2010,314,0.0673387824832393
"6159",2010,315,0.0654159019957813
"6160",2010,316,0.0629985412268861
"6161",2010,317,0.0643696000232093
"6162",2010,318,0.0612718217219431
"6163",2010,319,0.0662414088581865
"6164",2010,320,0.071247131812926
"6165",2010,321,0.0589063325053113
"6166",2010,322,0.0750793623794083
"6167",2010,323,0.0608109974228394
"6168",2010,324,0.0511640255105505
"6169",2010,325,0.042070352025782
"6170",2010,326,0.0364471617961727
"6171",2010,327,0.0397704150887529
"6172",2010,328,0.0277186735833372
"6173",2010,329,0.0302932116909765
"6174",2010,330,0.0455785871090232
"6175",2010,331,0.0522747630825229
"6176",2010,332,0.0483588216268463
"6177",2010,333,0.0375906489670908
"6178",2010,334,0.0350581558725654
"6179",2010,335,0.0466480445933943
"6180",2010,336,0.0503297250595975
"6181",2010,337,0.0583841471536867
"6182",2010,338,0.038616226576199
"6183",2010,339,0.0365484065672542
"6184",2010,340,0.0404969110179637
"6185",2010,341,0.0471906326391081
"6186",2010,342,0.0525156980057018
"6187",2010,343,0.0588998785604861
"6188",2010,344,0.0546765214205881
"6189",2010,345,0.0345076056858793
"6190",2010,346,0.0388938156040499
"6191",2010,347,0.0550659710819349
"6192",2010,348,0.0574822380282914
"6193",2010,349,0.0455178651007002
"6194",2010,350,0.0310850851943011
"6195",2010,351,0.0261616714677647
"6196",2010,352,0.0227009660559528
"6197",2010,353,0.0301094562737279
"6198",2010,354,0.040532766271531
"6199",2010,355,0.0389146290949841
"6200",2010,356,0.0378068559083173
"6201",2010,357,0.043072937117856
"6202",2010,358,0.0421575006696204
"6203",2010,359,0.0359686834437814
"6204",2010,360,0.0456913807090473
"6205",2010,361,0.0470876953221249
"6206",2010,362,0.0421553356615423
"6207",2010,363,0.055515625365101
"6208",2010,364,0.0264564100847437
"6209",2010,365,0.0174084373757903
"6210",2010,366,0.0603663378864582
"6211",2011,1,0.0226985512794936
"6212",2011,2,0.0288683198341392
"6213",2011,3,0.0312041029203339
"6214",2011,4,0.0295498588753287
"6215",2011,5,0.0377704276765372
"6216",2011,6,0.0527420582117542
"6217",2011,7,0.0527240019792316
"6218",2011,8,0.0488171977096301
"6219",2011,9,0.033929816491674
"6220",2011,10,0.0208109353138859
"6221",2011,11,0.0195931917203097
"6222",2011,12,0.0259974639794224
"6223",2011,13,0.0469547719093011
"6224",2011,14,0.0689285449342862
"6225",2011,15,0.0696101938232466
"6226",2011,16,0.0668192225484118
"6227",2011,17,0.0722146427375722
"6228",2011,18,0.0642880049126638
"6229",2011,19,0.0480358572676627
"6230",2011,20,0.0458870633804977
"6231",2011,21,0.0599861579410971
"6232",2011,22,0.0654888173468118
"6233",2011,23,0.0589693260924205
"6234",2011,24,0.0612937961219614
"6235",2011,25,0.0630365331268784
"6236",2011,26,0.0835247051906902
"6237",2011,27,0.0916537952306086
"6238",2011,28,0.103662417714733
"6239",2011,29,0.0909289711490963
"6240",2011,30,0.0682677508382758
"6241",2011,31,0.029071286785757
"6242",2011,32,0.0188239076254273
"6243",2011,33,0.0275567491791237
"6244",2011,34,0.0548730862294179
"6245",2011,35,0.0862933798890041
"6246",2011,36,0.0973492272210076
"6247",2011,37,0.0789677855913309
"6248",2011,38,0.0665319921454533
"6249",2011,39,0.0416611179878615
"6250",2011,40,0.040070089211576
"6251",2011,41,0.0674939156700223
"6252",2011,42,0.0976260266335458
"6253",2011,43,0.124236175256805
"6254",2011,44,0.144551404763047
"6255",2011,45,0.137989758086226
"6256",2011,46,0.15693267320261
"6257",2011,47,0.163213509743313
"6258",2011,48,0.141366449214425
"6259",2011,49,0.122567308361725
"6260",2011,50,0.11324293031484
"6261",2011,51,0.068994284123988
"6262",2011,52,0.0801778750247442
"6263",2011,53,0.106379649213408
"6264",2011,54,0.116420267645892
"6265",2011,55,0.0726412988440208
"6266",2011,56,0.0534146720747212
"6267",2011,57,0.0765889165794
"6268",2011,58,0.089775750849767
"6269",2011,59,0.113388068603287
"6270",2011,60,0.153458432132243
"6271",2011,61,0.143821401525633
"6272",2011,62,0.171320392903609
"6273",2011,63,0.152159712700149
"6274",2011,64,0.144417499376123
"6275",2011,65,0.135947288632354
"6276",2011,66,0.0926574742120349
"6277",2011,67,0.113086035553948
"6278",2011,68,0.137504634932932
"6279",2011,69,0.194728455086854
"6280",2011,70,0.201750134102564
"6281",2011,71,0.17847928616711
"6282",2011,72,0.190279446627747
"6283",2011,73,0.221177764169529
"6284",2011,74,0.217775020942603
"6285",2011,75,0.251424642276102
"6286",2011,76,0.220614358620401
"6287",2011,77,0.208164795660989
"6288",2011,78,0.244316238151801
"6289",2011,79,0.242439595798448
"6290",2011,80,0.256336699020985
"6291",2011,81,0.24326021113833
"6292",2011,82,0.213682674246991
"6293",2011,83,0.210295643551378
"6294",2011,84,0.222325036998874
"6295",2011,85,0.234524914462876
"6296",2011,86,0.23417029675147
"6297",2011,87,0.225008629207119
"6298",2011,88,0.24103447394227
"6299",2011,89,0.251361288786998
"6300",2011,90,0.289466873272589
"6301",2011,91,0.292603229359781
"6302",2011,92,0.349277416574581
"6303",2011,93,0.276631868876089
"6304",2011,94,0.243562450112479
"6305",2011,95,0.313678356617907
"6306",2011,96,0.302819781670109
"6307",2011,97,0.331640993053471
"6308",2011,98,0.342432947805449
"6309",2011,99,0.305323266583992
"6310",2011,100,0.306542680106633
"6311",2011,101,0.328761621697034
"6312",2011,102,0.347705122969331
"6313",2011,103,0.315218056529915
"6314",2011,104,0.281396832265291
"6315",2011,105,0.315845253743696
"6316",2011,106,0.334090203548436
"6317",2011,107,0.347790615201888
"6318",2011,108,0.306903948362766
"6319",2011,109,0.299806919943129
"6320",2011,110,0.301150149522172
"6321",2011,111,0.376148418302406
"6322",2011,112,0.341972518624045
"6323",2011,113,0.309449757699956
"6324",2011,114,0.33747464514191
"6325",2011,115,0.367073371885442
"6326",2011,116,0.352508231162865
"6327",2011,117,0.355038048406411
"6328",2011,118,0.384891613984067
"6329",2011,119,0.354584891705827
"6330",2011,120,0.317410656543119
"6331",2011,121,0.328210616922724
"6332",2011,122,0.343081567443939
"6333",2011,123,0.389627497806414
"6334",2011,124,0.390275072360294
"6335",2011,125,0.408274424158807
"6336",2011,126,0.436796626132933
"6337",2011,127,0.470431468358108
"6338",2011,128,0.485869723601441
"6339",2011,129,0.456614731206303
"6340",2011,130,0.414654937245592
"6341",2011,131,0.3737579708925
"6342",2011,132,0.38092005147126
"6343",2011,133,0.403442822771283
"6344",2011,134,0.384999492782377
"6345",2011,135,0.388777182053293
"6346",2011,136,0.448975263756167
"6347",2011,137,0.455987610205086
"6348",2011,138,0.434727958873922
"6349",2011,139,0.386975574550443
"6350",2011,140,0.426421519759276
"6351",2011,141,0.432285528576181
"6352",2011,142,0.493866670897996
"6353",2011,143,0.492261812531966
"6354",2011,144,0.49347566871137
"6355",2011,145,0.488569381555792
"6356",2011,146,0.486608010614715
"6357",2011,147,0.457672023915786
"6358",2011,148,0.462770921985587
"6359",2011,149,0.446594286381793
"6360",2011,150,0.482437121939936
"6361",2011,151,0.492477043437682
"6362",2011,152,0.53262494566491
"6363",2011,153,0.586913022135406
"6364",2011,154,0.516064730208668
"6365",2011,155,0.51077599665061
"6366",2011,156,0.609835356810826
"6367",2011,157,0.627726992837119
"6368",2011,158,0.582072247526819
"6369",2011,159,0.526660352301529
"6370",2011,160,0.510123459662095
"6371",2011,161,0.515559691128562
"6372",2011,162,0.5611370149949
"6373",2011,163,0.596355231562873
"6374",2011,164,0.58045468710418
"6375",2011,165,0.574041601651202
"6376",2011,166,0.577539998969695
"6377",2011,167,0.559133557993838
"6378",2011,168,0.553256012880403
"6379",2011,169,0.566169705763431
"6380",2011,170,0.572082073008593
"6381",2011,171,0.569675322165982
"6382",2011,172,0.572428002221965
"6383",2011,173,0.59537809495896
"6384",2011,174,0.627523892257785
"6385",2011,175,0.632886521373807
"6386",2011,176,0.633178966113162
"6387",2011,177,0.624086463764626
"6388",2011,178,0.569139591923435
"6389",2011,179,0.660181313600574
"6390",2011,180,0.705887809747518
"6391",2011,181,0.690948864199543
"6392",2011,182,0.64273193278347
"6393",2011,183,0.674513554643923
"6394",2011,184,0.682867477799187
"6395",2011,185,0.683067084550938
"6396",2011,186,0.668351157558337
"6397",2011,187,0.669179904361504
"6398",2011,188,0.678092763973034
"6399",2011,189,0.688967560606961
"6400",2011,190,0.680815636800505
"6401",2011,191,0.678641417377518
"6402",2011,192,0.680949301402374
"6403",2011,193,0.608021325689204
"6404",2011,194,0.688221242206515
"6405",2011,195,0.704636850159
"6406",2011,196,0.686064184297982
"6407",2011,197,0.723101011301709
"6408",2011,198,0.733136100639792
"6409",2011,199,0.739199446495025
"6410",2011,200,0.7529339728195
"6411",2011,201,0.712107029529729
"6412",2011,202,0.674396019432349
"6413",2011,203,0.694117436375559
"6414",2011,204,0.661214615446938
"6415",2011,205,0.697643075438661
"6416",2011,206,0.712578362305793
"6417",2011,207,0.676289668157358
"6418",2011,208,0.667316287411346
"6419",2011,209,0.652504244210437
"6420",2011,210,0.683743579976374
"6421",2011,211,0.67368256694407
"6422",2011,212,0.713854735791498
"6423",2011,213,0.703970818311232
"6424",2011,214,0.643711273012177
"6425",2011,215,0.682858966271627
"6426",2011,216,0.657751459921118
"6427",2011,217,0.6682608829432
"6428",2011,218,0.626253949006405
"6429",2011,219,0.639926275107935
"6430",2011,220,0.614716208063297
"6431",2011,221,0.57421477498232
"6432",2011,222,0.584903654754731
"6433",2011,223,0.620370289947232
"6434",2011,224,0.592341753890039
"6435",2011,225,0.5925510703309
"6436",2011,226,0.625565427913549
"6437",2011,227,0.642050511099029
"6438",2011,228,0.597293852083455
"6439",2011,229,0.59757076425889
"6440",2011,230,0.612709315043166
"6441",2011,231,0.576214706060914
"6442",2011,232,0.56816954285318
"6443",2011,233,0.58290961959509
"6444",2011,234,0.608924119683501
"6445",2011,235,0.598757700463034
"6446",2011,236,0.561494786912036
"6447",2011,237,0.591915446611875
"6448",2011,238,0.575185363760467
"6449",2011,239,0.585404954188315
"6450",2011,240,0.590698847362237
"6451",2011,241,0.528567953599949
"6452",2011,242,0.521474741088778
"6453",2011,243,0.54292218410527
"6454",2011,244,0.518558704555918
"6455",2011,245,0.499917411349323
"6456",2011,246,0.426693376830888
"6457",2011,247,0.407479864857706
"6458",2011,248,0.455102722080565
"6459",2011,249,0.455598011368038
"6460",2011,250,0.448007866960806
"6461",2011,251,0.425971946616079
"6462",2011,252,0.417343963327013
"6463",2011,253,0.416115410294766
"6464",2011,254,0.432630849707034
"6465",2011,255,0.42904514215277
"6466",2011,256,0.402454705895998
"6467",2011,257,0.331777299179769
"6468",2011,258,0.315431771543064
"6469",2011,259,0.367636887477286
"6470",2011,260,0.342204904045063
"6471",2011,261,0.342576841830632
"6472",2011,262,0.345319708530465
"6473",2011,263,0.307116582012031
"6474",2011,264,0.275833321903806
"6475",2011,265,0.303225887053521
"6476",2011,266,0.343984064260654
"6477",2011,267,0.351657387837252
"6478",2011,268,0.348366494997186
"6479",2011,269,0.327574937034492
"6480",2011,270,0.321410256920579
"6481",2011,271,0.313081304614643
"6482",2011,272,0.274586241739506
"6483",2011,273,0.293360330122192
"6484",2011,274,0.307371768709697
"6485",2011,275,0.314125847314945
"6486",2011,276,0.301574815695187
"6487",2011,277,0.295742702463119
"6488",2011,278,0.274754830670092
"6489",2011,279,0.242934998443667
"6490",2011,280,0.20696874246405
"6491",2011,281,0.179770130566216
"6492",2011,282,0.183267605293565
"6493",2011,283,0.19396081689914
"6494",2011,284,0.205234812237139
"6495",2011,285,0.187380631053373
"6496",2011,286,0.168202290188714
"6497",2011,287,0.169938227078052
"6498",2011,288,0.190588031739535
"6499",2011,289,0.159993949865012
"6500",2011,290,0.149697509904147
"6501",2011,291,0.14869325611578
"6502",2011,292,0.143001895850702
"6503",2011,293,0.153753238557411
"6504",2011,294,0.149094051598464
"6505",2011,295,0.15253228523306
"6506",2011,296,0.153955692487868
"6507",2011,297,0.153682362276765
"6508",2011,298,0.124686952387011
"6509",2011,299,0.103962910469099
"6510",2011,300,0.10493720332276
"6511",2011,301,0.106101231173549
"6512",2011,302,0.119896702509659
"6513",2011,303,0.111299763074793
"6514",2011,304,0.125173147582811
"6515",2011,305,0.0995117446994719
"6516",2011,306,0.0730820705797461
"6517",2011,307,0.0745775885287925
"6518",2011,308,0.0942265977788367
"6519",2011,309,0.088663552924172
"6520",2011,310,0.0780625671707964
"6521",2011,311,0.0731635512175062
"6522",2011,312,0.071929424050105
"6523",2011,313,0.0715449155575678
"6524",2011,314,0.0829796763811089
"6525",2011,315,0.0945547127843678
"6526",2011,316,0.0935271702045971
"6527",2011,317,0.0794657642781114
"6528",2011,318,0.075258143928749
"6529",2011,319,0.0545644734940546
"6530",2011,320,0.0529760926597416
"6531",2011,321,0.0617161405318442
"6532",2011,322,0.0666624794927248
"6533",2011,323,0.0397721171433648
"6534",2011,324,0.03265725524539
"6535",2011,325,0.0495077958915762
"6536",2011,326,0.064589379249723
"6537",2011,327,0.0765590347170118
"6538",2011,328,0.0831587794871489
"6539",2011,329,0.0759780488110725
"6540",2011,330,0.0495629599772309
"6541",2011,331,0.063491571804878
"6542",2011,332,0.0711063584317765
"6543",2011,333,0.0600813549866737
"6544",2011,334,0.0609945508055815
"6545",2011,335,0.03956141558191
"6546",2011,336,0.0369464325124258
"6547",2011,337,0.0346366062736383
"6548",2011,338,0.0316904280518848
"6549",2011,339,0.0243914493142873
"6550",2011,340,0.0293148006530125
"6551",2011,341,0.0400952088153069
"6552",2011,342,0.0346525555038994
"6553",2011,343,0.0377770882524993
"6554",2011,344,0.0426084012959477
"6555",2011,345,0.0434548531000437
"6556",2011,346,0.0373569109661958
"6557",2011,347,0.0391204620507291
"6558",2011,348,0.0389453191367665
"6559",2011,349,0.0368306353018746
"6560",2011,350,0.0392601813536929
"6561",2011,351,0.0445824203942008
"6562",2011,352,0.0571920127158407
"6563",2011,353,0.0401091806050793
"6564",2011,354,0.0408500163185808
"6565",2011,355,0.0393345224298339
"6566",2011,356,0.0267937742785758
"6567",2011,357,0.0291997453393086
"6568",2011,358,0.0356620292873715
"6569",2011,359,0.0402959938026003
"6570",2011,360,0.0424377378537745
"6571",2011,361,0.0384630485599193
"6572",2011,362,0.0486889058167394
"6573",2011,363,0.0633255407669121
"6574",2011,364,0.0552190788121675
"6575",2011,365,0.0480226812243289
"6576",2012,1,0.0356438815761512
"6577",2012,2,0.0429091404784846
"6578",2012,3,0.062663554899089
"6579",2012,4,0.0605435897249429
"6580",2012,5,0.0747864190902586
"6581",2012,6,0.0534630084452124
"6582",2012,7,0.0461858262799338
"6583",2012,8,0.0436587821222813
"6584",2012,9,0.0627648944593911
"6585",2012,10,0.0686802704769525
"6586",2012,11,0.0363204175284181
"6587",2012,12,0.0364836170046109
"6588",2012,13,0.0518089892907039
"6589",2012,14,0.0544516105805288
"6590",2012,15,0.0689894070814017
"6591",2012,16,0.037584575207524
"6592",2012,17,0.0298654998855355
"6593",2012,18,0.0482936011172788
"6594",2012,19,0.0509264926113944
"6595",2012,20,0.0542714546242531
"6596",2012,21,0.0660238071280786
"6597",2012,22,0.070322586722969
"6598",2012,23,0.0681409940520191
"6599",2012,24,0.0672946889899858
"6600",2012,25,0.0743245718135732
"6601",2012,26,0.08239454989327
"6602",2012,27,0.0691090484446608
"6603",2012,28,0.0671454727019971
"6604",2012,29,0.0905652844445237
"6605",2012,30,0.10875121573101
"6606",2012,31,0.0923925683358625
"6607",2012,32,0.0891440995435495
"6608",2012,33,0.0837985209637664
"6609",2012,34,0.0828377275464146
"6610",2012,35,0.0830766903839836
"6611",2012,36,0.0856545850488545
"6612",2012,37,0.0781247367051133
"6613",2012,38,0.0756689658141328
"6614",2012,39,0.0752648409445857
"6615",2012,40,0.0949429348994788
"6616",2012,41,0.0775187999759966
"6617",2012,42,0.0632094420161142
"6618",2012,43,0.0790078149812059
"6619",2012,44,0.110755082001037
"6620",2012,45,0.119140037858525
"6621",2012,46,0.103722385592888
"6622",2012,47,0.108137411319713
"6623",2012,48,0.10974653327072
"6624",2012,49,0.116071102800937
"6625",2012,50,0.116480105470594
"6626",2012,51,0.11107677317994
"6627",2012,52,0.12926314111066
"6628",2012,53,0.147840950266427
"6629",2012,54,0.119029108227184
"6630",2012,55,0.112418780205134
"6631",2012,56,0.138011599274188
"6632",2012,57,0.124151969863922
"6633",2012,58,0.112333140462081
"6634",2012,59,0.117921335297009
"6635",2012,60,0.134557764858823
"6636",2012,61,0.137125893635232
"6637",2012,62,0.12067898581012
"6638",2012,63,0.138757940673238
"6639",2012,64,0.191800264560984
"6640",2012,65,0.199592428297402
"6641",2012,66,0.214041613130455
"6642",2012,67,0.145103882420627
"6643",2012,68,0.17308956892788
"6644",2012,69,0.211732040109247
"6645",2012,70,0.219344666438487
"6646",2012,71,0.219734716736925
"6647",2012,72,0.225127697246687
"6648",2012,73,0.250476455564693
"6649",2012,74,0.24342257854426
"6650",2012,75,0.252800099435494
"6651",2012,76,0.269883720071058
"6652",2012,77,0.279156220239936
"6653",2012,78,0.271586072093316
"6654",2012,79,0.240431824468622
"6655",2012,80,0.214753672500162
"6656",2012,81,0.25231134158505
"6657",2012,82,0.269836055653681
"6658",2012,83,0.290663468225746
"6659",2012,84,0.284867830188413
"6660",2012,85,0.310026484785578
"6661",2012,86,0.303858038124095
"6662",2012,87,0.298806830741005
"6663",2012,88,0.309919460488195
"6664",2012,89,0.324112666548506
"6665",2012,90,0.347174027266498
"6666",2012,91,0.374582820457966
"6667",2012,92,0.381239704525753
"6668",2012,93,0.304597558731564
"6669",2012,94,0.271478935419351
"6670",2012,95,0.3286902294134
"6671",2012,96,0.349344115301828
"6672",2012,97,0.352405864995631
"6673",2012,98,0.293504796348487
"6674",2012,99,0.297363014231066
"6675",2012,100,0.301987248544002
"6676",2012,101,0.344649384092807
"6677",2012,102,0.380787498528454
"6678",2012,103,0.391948204573195
"6679",2012,104,0.351410623430958
"6680",2012,105,0.33440103633996
"6681",2012,106,0.318818306555431
"6682",2012,107,0.334664791328924
"6683",2012,108,0.365352406197973
"6684",2012,109,0.368177672540198
"6685",2012,110,0.37669640724337
"6686",2012,111,0.375870338735833
"6687",2012,112,0.408346928896213
"6688",2012,113,0.412267540736353
"6689",2012,114,0.462212385772756
"6690",2012,115,0.490660487296691
"6691",2012,116,0.47377668751194
"6692",2012,117,0.496801285115263
"6693",2012,118,0.428408559924394
"6694",2012,119,0.339318199733802
"6695",2012,120,0.376741666210523
"6696",2012,121,0.41676476133777
"6697",2012,122,0.456016354352022
"6698",2012,123,0.451216028460923
"6699",2012,124,0.440350136528659
"6700",2012,125,0.476897423247558
"6701",2012,126,0.438350555105383
"6702",2012,127,0.391125456297607
"6703",2012,128,0.396224146570323
"6704",2012,129,0.416415472973907
"6705",2012,130,0.484484972216781
"6706",2012,131,0.494669002862461
"6707",2012,132,0.419621344135212
"6708",2012,133,0.416378787969609
"6709",2012,134,0.46848687224083
"6710",2012,135,0.506390278283037
"6711",2012,136,0.511258687081004
"6712",2012,137,0.573391136027838
"6713",2012,138,0.584644880725234
"6714",2012,139,0.514870373810962
"6715",2012,140,0.475237807408821
"6716",2012,141,0.505339688824725
"6717",2012,142,0.557985708734798
"6718",2012,143,0.603814134402349
"6719",2012,144,0.52142415675568
"6720",2012,145,0.44551483385658
"6721",2012,146,0.417469218590087
"6722",2012,147,0.470719533244036
"6723",2012,148,0.489826294855721
"6724",2012,149,0.479416543110908
"6725",2012,150,0.497005969421016
"6726",2012,151,0.50271123789215
"6727",2012,152,0.523159815481243
"6728",2012,153,0.55853237861692
"6729",2012,154,0.607576320158774
"6730",2012,155,0.612496249766598
"6731",2012,156,0.65742187549928
"6732",2012,157,0.673968840700217
"6733",2012,158,0.616750311839969
"6734",2012,159,0.586947854771541
"6735",2012,160,0.632954832712808
"6736",2012,161,0.623178758914275
"6737",2012,162,0.557995217050541
"6738",2012,163,0.566138436526648
"6739",2012,164,0.591224234141983
"6740",2012,165,0.621314091266237
"6741",2012,166,0.612054883726115
"6742",2012,167,0.657411016339176
"6743",2012,168,0.613106554226569
"6744",2012,169,0.675055291340645
"6745",2012,170,0.669094539374993
"6746",2012,171,0.634217071412666
"6747",2012,172,0.566524267823388
"6748",2012,173,0.598235692754765
"6749",2012,174,0.675665262655096
"6750",2012,175,0.70714696144161
"6751",2012,176,0.73697541012398
"6752",2012,177,0.746426543733667
"6753",2012,178,0.743691896634343
"6754",2012,179,0.706552758878848
"6755",2012,180,0.695682029779057
"6756",2012,181,0.725198092896036
"6757",2012,182,0.715167365845551
"6758",2012,183,0.73137542215399
"6759",2012,184,0.722019854091341
"6760",2012,185,0.748124620537761
"6761",2012,186,0.733113597325853
"6762",2012,187,0.726558340918062
"6763",2012,188,0.658920021006403
"6764",2012,189,0.643730533104266
"6765",2012,190,0.656390459077914
"6766",2012,191,0.68085130141913
"6767",2012,192,0.710953764952144
"6768",2012,193,0.730384556058858
"6769",2012,194,0.695765639344964
"6770",2012,195,0.72251975791269
"6771",2012,196,0.745160481388318
"6772",2012,197,0.740092122262148
"6773",2012,198,0.730717380976006
"6774",2012,199,0.713982662838704
"6775",2012,200,0.711182370654924
"6776",2012,201,0.739310082687852
"6777",2012,202,0.746495936252413
"6778",2012,203,0.733974528094967
"6779",2012,204,0.70631473308015
"6780",2012,205,0.71676218739346
"6781",2012,206,0.725139950377376
"6782",2012,207,0.666716398864973
"6783",2012,208,0.642450785184405
"6784",2012,209,0.687770928678137
"6785",2012,210,0.686005820998695
"6786",2012,211,0.691822304830081
"6787",2012,212,0.679181663874839
"6788",2012,213,0.70698104037993
"6789",2012,214,0.712720046689999
"6790",2012,215,0.693747107332085
"6791",2012,216,0.603914989042035
"6792",2012,217,0.569667325493974
"6793",2012,218,0.639500181322781
"6794",2012,219,0.653429854702301
"6795",2012,220,0.662134628136297
"6796",2012,221,0.649725380812419
"6797",2012,222,0.656559017987958
"6798",2012,223,0.665967880390133
"6799",2012,224,0.606866042740085
"6800",2012,225,0.581647790199099
"6801",2012,226,0.602185607303378
"6802",2012,227,0.607617803316831
"6803",2012,228,0.561276232754067
"6804",2012,229,0.523087397030001
"6805",2012,230,0.543559173420858
"6806",2012,231,0.536094471111187
"6807",2012,232,0.52281031913186
"6808",2012,233,0.560263411039138
"6809",2012,234,0.56012609466967
"6810",2012,235,0.584474148437366
"6811",2012,236,0.57274157265463
"6812",2012,237,0.580964672505933
"6813",2012,238,0.509736902005129
"6814",2012,239,0.518987347506752
"6815",2012,240,0.576345626939321
"6816",2012,241,0.593585126951272
"6817",2012,242,0.595190681996921
"6818",2012,243,0.540178673496762
"6819",2012,244,0.547994873965321
"6820",2012,245,0.54883264515129
"6821",2012,246,0.511256807553442
"6822",2012,247,0.483690160730548
"6823",2012,248,0.463444894596662
"6824",2012,249,0.434838614273414
"6825",2012,250,0.431614123549631
"6826",2012,251,0.408885032403191
"6827",2012,252,0.408786777127957
"6828",2012,253,0.433151288459461
"6829",2012,254,0.47380770559141
"6830",2012,255,0.421557838818352
"6831",2012,256,0.358926552147399
"6832",2012,257,0.367938779163398
"6833",2012,258,0.375417821241406
"6834",2012,259,0.395389878176568
"6835",2012,260,0.366518521399528
"6836",2012,261,0.34192895191785
"6837",2012,262,0.351017197880485
"6838",2012,263,0.347609839719196
"6839",2012,264,0.336636632450262
"6840",2012,265,0.333838331736903
"6841",2012,266,0.31562631584684
"6842",2012,267,0.315131605351257
"6843",2012,268,0.325971388549371
"6844",2012,269,0.308598222884216
"6845",2012,270,0.294946569584595
"6846",2012,271,0.297396229754266
"6847",2012,272,0.283396051375907
"6848",2012,273,0.295685582517577
"6849",2012,274,0.298133602620943
"6850",2012,275,0.259589157588497
"6851",2012,276,0.280663251435348
"6852",2012,277,0.218981782724687
"6853",2012,278,0.180677223967163
"6854",2012,279,0.160056532179809
"6855",2012,280,0.153392324290337
"6856",2012,281,0.166627932895511
"6857",2012,282,0.183737533368473
"6858",2012,283,0.165992955204495
"6859",2012,284,0.183257564699858
"6860",2012,285,0.165136471561187
"6861",2012,286,0.192079192009889
"6862",2012,287,0.190405746463805
"6863",2012,288,0.181869574941438
"6864",2012,289,0.188449508665841
"6865",2012,290,0.182995121016087
"6866",2012,291,0.144395563769116
"6867",2012,292,0.138482282610741
"6868",2012,293,0.152920058315735
"6869",2012,294,0.17217651052861
"6870",2012,295,0.150112040024673
"6871",2012,296,0.143137669380894
"6872",2012,297,0.140986367268579
"6873",2012,298,0.111174743637496
"6874",2012,299,0.0818232161459612
"6875",2012,300,0.086387833539024
"6876",2012,301,0.101356700442277
"6877",2012,302,0.115182549552384
"6878",2012,303,0.127909129783756
"6879",2012,304,0.127147587223366
"6880",2012,305,0.127519668194959
"6881",2012,306,0.12493413623111
"6882",2012,307,0.114951976942248
"6883",2012,308,0.102093145670844
"6884",2012,309,0.104240204043935
"6885",2012,310,0.113340319970925
"6886",2012,311,0.107251955730365
"6887",2012,312,0.113062918232584
"6888",2012,313,0.0949108897574745
"6889",2012,314,0.0873318420112405
"6890",2012,315,0.0574245589869452
"6891",2012,316,0.0423369064180893
"6892",2012,317,0.0552426290589444
"6893",2012,318,0.0741671759062628
"6894",2012,319,0.0723835503084973
"6895",2012,320,0.0718517715463785
"6896",2012,321,0.0799445553205533
"6897",2012,322,0.084425080156506
"6898",2012,323,0.0878386159556377
"6899",2012,324,0.0795999031802619
"6900",2012,325,0.0923863323644349
"6901",2012,326,0.0967769157101816
"6902",2012,327,0.0700569804660366
"6903",2012,328,0.05508295397136
"6904",2012,329,0.0735817515657907
"6905",2012,330,0.0634612918255578
"6906",2012,331,0.0437722462013565
"6907",2012,332,0.0402578544199954
"6908",2012,333,0.0503333841775935
"6909",2012,334,0.0656850323770374
"6910",2012,335,0.0710449361224106
"6911",2012,336,0.0777351465824675
"6912",2012,337,0.0761366290210131
"6913",2012,338,0.0651776336078155
"6914",2012,339,0.0590349434959314
"6915",2012,340,0.0693557220675566
"6916",2012,341,0.0586915728651613
"6917",2012,342,0.0448299471035786
"6918",2012,343,0.0397214546645203
"6919",2012,344,0.0248099713666369
"6920",2012,345,0.0315624622339017
"6921",2012,346,0.0372002729408062
"6922",2012,347,0.0548850035081548
"6923",2012,348,0.0527103711989008
"6924",2012,349,0.0512540277357729
"6925",2012,350,0.0413826043151761
"6926",2012,351,0.0404504369784422
"6927",2012,352,0.0429384617607398
"6928",2012,353,0.0398849487422583
"6929",2012,354,0.0336404158176519
"6930",2012,355,0.0388447231775297
"6931",2012,356,0.0530510339370928
"6932",2012,357,0.0517081118891627
"6933",2012,358,0.0405120900011656
"6934",2012,359,0.0301694467274977
"6935",2012,360,0.0208308885630428
"6936",2012,361,0.021380558330928
"6937",2012,362,0.0254473799906991
"6938",2012,363,0.0288053067924612
"6939",2012,364,0.030276268196681
"6940",2012,365,0.0308245449412266
"6941",2013,1,0.0308759173888863
"6942",2013,2,0.0366844910746152
"6943",2013,3,0.0332416277662377
"6944",2013,4,0.0392491039644384
"6945",2013,5,0.0402969485653046
"6946",2013,6,0.0419244052531401
"6947",2013,7,0.0459364273021764
"6948",2013,8,0.0545815192270519
"6949",2013,9,0.0644758317899186
"6950",2013,10,0.0673463674672425
"6951",2013,11,0.0389680956636568
"6952",2013,12,0.0258501176568578
"6953",2013,13,0.0261833464644567
"6954",2013,14,0.023912073076454
"6955",2013,15,0.0347029358282581
"6956",2013,16,0.0588030814250007
"6957",2013,17,0.0601919047892882
"6958",2013,18,0.07439496554006
"6959",2013,19,0.0759105722139351
"6960",2013,20,0.0574239821859929
"6961",2013,21,0.0570926453445245
"6962",2013,22,0.075344150852813
"6963",2013,23,0.0732957010102644
"6964",2013,24,0.0838275155640124
"6965",2013,25,0.0851639468244316
"6966",2013,26,0.0991372487778124
"6967",2013,27,0.093437529614318
"6968",2013,28,0.0734530029709085
"6969",2013,29,0.0568682507663846
"6970",2013,30,0.0540937517645756
"6971",2013,31,0.0608758711062353
"6972",2013,32,0.0776892831181493
"6973",2013,33,0.0893539787398307
"6974",2013,34,0.0936346803925631
"6975",2013,35,0.0941380163464336
"6976",2013,36,0.105600684900393
"6977",2013,37,0.109891235139737
"6978",2013,38,0.103359477629818
"6979",2013,39,0.103615410137792
"6980",2013,40,0.0950564657900937
"6981",2013,41,0.0866418393080546
"6982",2013,42,0.0683078148073546
"6983",2013,43,0.0830962409401144
"6984",2013,44,0.113614934309258
"6985",2013,45,0.0974728967322013
"6986",2013,46,0.0930775611817621
"6987",2013,47,0.132828197016226
"6988",2013,48,0.142757897999665
"6989",2013,49,0.110250734226375
"6990",2013,50,0.0987666285427908
"6991",2013,51,0.106123185079592
"6992",2013,52,0.10546199808938
"6993",2013,53,0.11376442336128
"6994",2013,54,0.127548911905592
"6995",2013,55,0.115775719024934
"6996",2013,56,0.0952700888632363
"6997",2013,57,0.10968984464515
"6998",2013,58,0.118246677048403
"6999",2013,59,0.130907190612678
"7000",2013,60,0.138997405448212
"7001",2013,61,0.185829366252829
"7002",2013,62,0.197756144222994
"7003",2013,63,0.140739229398466
"7004",2013,64,0.12324435898543
"7005",2013,65,0.172805283450099
"7006",2013,66,0.197345450975634
"7007",2013,67,0.171198500744294
"7008",2013,68,0.166405741753103
"7009",2013,69,0.165864401148687
"7010",2013,70,0.173177161034366
"7011",2013,71,0.163457322023365
"7012",2013,72,0.21756586201628
"7013",2013,73,0.244518272494023
"7014",2013,74,0.255542722251799
"7015",2013,75,0.220007485933102
"7016",2013,76,0.209014773600018
"7017",2013,77,0.160048951005694
"7018",2013,78,0.170358500381388
"7019",2013,79,0.192447106742941
"7020",2013,80,0.202802602858142
"7021",2013,81,0.169295281587638
"7022",2013,82,0.138882554089407
"7023",2013,83,0.129673189380983
"7024",2013,84,0.152042877967468
"7025",2013,85,0.195755570506838
"7026",2013,86,0.236194335109767
"7027",2013,87,0.265140252315958
"7028",2013,88,0.286147547715721
"7029",2013,89,0.280798843443589
"7030",2013,90,0.275547921339732
"7031",2013,91,0.256437367745628
"7032",2013,92,0.268940115514382
"7033",2013,93,0.309037714675265
"7034",2013,94,0.327355190054173
"7035",2013,95,0.354178608046889
"7036",2013,96,0.327617752985459
"7037",2013,97,0.332037336432453
"7038",2013,98,0.263057269751761
"7039",2013,99,0.14765543708582
"7040",2013,100,0.176716178815548
"7041",2013,101,0.204858897318135
"7042",2013,102,0.268063283270663
"7043",2013,103,0.312080996026216
"7044",2013,104,0.281604790819317
"7045",2013,105,0.221992383348014
"7046",2013,106,0.211976725583098
"7047",2013,107,0.211565097860918
"7048",2013,108,0.223738601633642
"7049",2013,109,0.284843664784914
"7050",2013,110,0.344985810858877
"7051",2013,111,0.34566372179255
"7052",2013,112,0.258472205394042
"7053",2013,113,0.234047580566462
"7054",2013,114,0.289723833791658
"7055",2013,115,0.375410798878552
"7056",2013,116,0.392458262522101
"7057",2013,117,0.429156634640283
"7058",2013,118,0.439597337779385
"7059",2013,119,0.442736215872443
"7060",2013,120,0.372673522679485
"7061",2013,121,0.310408862694289
"7062",2013,122,0.334514823378354
"7063",2013,123,0.383199286125961
"7064",2013,124,0.394600862486906
"7065",2013,125,0.389760087105808
"7066",2013,126,0.435840333844384
"7067",2013,127,0.461130556821294
"7068",2013,128,0.470741978403975
"7069",2013,129,0.461938599812597
"7070",2013,130,0.46571641597279
"7071",2013,131,0.468567634894
"7072",2013,132,0.518140135272117
"7073",2013,133,0.579921971767452
"7074",2013,134,0.587348552378237
"7075",2013,135,0.534367428891572
"7076",2013,136,0.546403694617813
"7077",2013,137,0.553220426141895
"7078",2013,138,0.526665988880836
"7079",2013,139,0.488690144443184
"7080",2013,140,0.432049378897153
"7081",2013,141,0.464866706282469
"7082",2013,142,0.467973320144067
"7083",2013,143,0.495061446864593
"7084",2013,144,0.562337572780768
"7085",2013,145,0.576350080089075
"7086",2013,146,0.559202787537157
"7087",2013,147,0.572783333032891
"7088",2013,148,0.514957269038311
"7089",2013,149,0.506970903208889
"7090",2013,150,0.474169088581837
"7091",2013,151,0.454461203523333
"7092",2013,152,0.497948039908849
"7093",2013,153,0.549819174996568
"7094",2013,154,0.564377519878338
"7095",2013,155,0.485077149330948
"7096",2013,156,0.483342924326954
"7097",2013,157,0.537675672550087
"7098",2013,158,0.587129374760845
"7099",2013,159,0.577351621297958
"7100",2013,160,0.591732188013944
"7101",2013,161,0.629079162791403
"7102",2013,162,0.636107321670691
"7103",2013,163,0.602285962590838
"7104",2013,164,0.609322408089589
"7105",2013,165,0.62274459600069
"7106",2013,166,0.597471258529956
"7107",2013,167,0.617344099925418
"7108",2013,168,0.623130487296957
"7109",2013,169,0.613094690864501
"7110",2013,170,0.658437040069909
"7111",2013,171,0.638132511016961
"7112",2013,172,0.633673793785209
"7113",2013,173,0.588510121951389
"7114",2013,174,0.596196583411852
"7115",2013,175,0.657078736368514
"7116",2013,176,0.673153481743194
"7117",2013,177,0.673577638850328
"7118",2013,178,0.68106416360361
"7119",2013,179,0.672683458829518
"7120",2013,180,0.663798104046233
"7121",2013,181,0.666236951888186
"7122",2013,182,0.658431056754197
"7123",2013,183,0.647841464582331
"7124",2013,184,0.675070534157139
"7125",2013,185,0.688442194775944
"7126",2013,186,0.691289079614423
"7127",2013,187,0.679494891179302
"7128",2013,188,0.687746580345223
"7129",2013,189,0.695382926525873
"7130",2013,190,0.66833011882899
"7131",2013,191,0.706188626414479
"7132",2013,192,0.74330077407134
"7133",2013,193,0.715853127813633
"7134",2013,194,0.713561785271213
"7135",2013,195,0.673790571105329
"7136",2013,196,0.701256959117982
"7137",2013,197,0.691594434842323
"7138",2013,198,0.69011570796913
"7139",2013,199,0.710973840145428
"7140",2013,200,0.690167737327082
"7141",2013,201,0.687431664487851
"7142",2013,202,0.686226218734228
"7143",2013,203,0.68400936813583
"7144",2013,204,0.666968207494388
"7145",2013,205,0.665627725580196
"7146",2013,206,0.649217591271588
"7147",2013,207,0.637635944508617
"7148",2013,208,0.61071620415981
"7149",2013,209,0.62386370024567
"7150",2013,210,0.618697622486994
"7151",2013,211,0.641089234525383
"7152",2013,212,0.622152655737371
"7153",2013,213,0.645553595724201
"7154",2013,214,0.62913992493935
"7155",2013,215,0.626420555028509
"7156",2013,216,0.64326627589633
"7157",2013,217,0.649652196387475
"7158",2013,218,0.61689274077764
"7159",2013,219,0.612832711261075
"7160",2013,220,0.593221447338814
"7161",2013,221,0.590877838678949
"7162",2013,222,0.598255589767338
"7163",2013,223,0.600300617562386
"7164",2013,224,0.589399068374924
"7165",2013,225,0.580821172312259
"7166",2013,226,0.576491894411606
"7167",2013,227,0.592301319422149
"7168",2013,228,0.608198999167713
"7169",2013,229,0.617141632752834
"7170",2013,230,0.604649601000715
"7171",2013,231,0.603806054805613
"7172",2013,232,0.594478259769394
"7173",2013,233,0.58593898051271
"7174",2013,234,0.573913487051716
"7175",2013,235,0.597344054751751
"7176",2013,236,0.57907751659727
"7177",2013,237,0.562888014361305
"7178",2013,238,0.591852025421066
"7179",2013,239,0.589190792008838
"7180",2013,240,0.57520514714889
"7181",2013,241,0.562621961719385
"7182",2013,242,0.569304067441723
"7183",2013,243,0.52398634463895
"7184",2013,244,0.498428249723008
"7185",2013,245,0.522011931851269
"7186",2013,246,0.528606484661225
"7187",2013,247,0.537510119167875
"7188",2013,248,0.532479762680251
"7189",2013,249,0.525790178683693
"7190",2013,250,0.510219233002518
"7191",2013,251,0.489914540772478
"7192",2013,252,0.443514291534175
"7193",2013,253,0.412884318740101
"7194",2013,254,0.412762904994592
"7195",2013,255,0.401938647017615
"7196",2013,256,0.388081043114825
"7197",2013,257,0.401189182856313
"7198",2013,258,0.375221285184613
"7199",2013,259,0.397657658319917
"7200",2013,260,0.405898074732797
"7201",2013,261,0.397165618943988
"7202",2013,262,0.318368104642001
"7203",2013,263,0.317717813343478
"7204",2013,264,0.350198358581857
"7205",2013,265,0.366879302897774
"7206",2013,266,0.315885000140281
"7207",2013,267,0.306839990933827
"7208",2013,268,0.323285151876995
"7209",2013,269,0.278475911314187
"7210",2013,270,0.227315543360272
"7211",2013,271,0.244157228102546
"7212",2013,272,0.28112113076257
"7213",2013,273,0.300333742016373
"7214",2013,274,0.264117380817272
"7215",2013,275,0.245115981131785
"7216",2013,276,0.216494695308515
"7217",2013,277,0.167539041129746
"7218",2013,278,0.161902341841318
"7219",2013,279,0.18524138389539
"7220",2013,280,0.211827941278327
"7221",2013,281,0.220588540684107
"7222",2013,282,0.194106389767084
"7223",2013,283,0.187504250611078
"7224",2013,284,0.171599138825163
"7225",2013,285,0.161499695524408
"7226",2013,286,0.16696736951438
"7227",2013,287,0.147294991827255
"7228",2013,288,0.134468920642105
"7229",2013,289,0.141549983846529
"7230",2013,290,0.131941396187719
"7231",2013,291,0.129538879813575
"7232",2013,292,0.149888797568475
"7233",2013,293,0.138464935865344
"7234",2013,294,0.138755249469276
"7235",2013,295,0.154978370239424
"7236",2013,296,0.142718329781937
"7237",2013,297,0.129437534503129
"7238",2013,298,0.140675807973176
"7239",2013,299,0.139711214205471
"7240",2013,300,0.139310659536513
"7241",2013,301,0.100130039837133
"7242",2013,302,0.0878326480376302
"7243",2013,303,0.106248502782958
"7244",2013,304,0.108276329979824
"7245",2013,305,0.105160743548262
"7246",2013,306,0.108523121539601
"7247",2013,307,0.107472388008887
"7248",2013,308,0.0784679635493282
"7249",2013,309,0.0766683021257563
"7250",2013,310,0.0785796213481764
"7251",2013,311,0.087418622118112
"7252",2013,312,0.0957995047998689
"7253",2013,313,0.0858263008945276
"7254",2013,314,0.0956348660150555
"7255",2013,315,0.0775949868654477
"7256",2013,316,0.0846581216575816
"7257",2013,317,0.0951313120276624
"7258",2013,318,0.0843152904529822
"7259",2013,319,0.080352800333587
"7260",2013,320,0.075040238322207
"7261",2013,321,0.0712076400885039
"7262",2013,322,0.0757171323848726
"7263",2013,323,0.0874469139360681
"7264",2013,324,0.0737092025123556
"7265",2013,325,0.0337214748421739
"7266",2013,326,0.0314307870319144
"7267",2013,327,0.0388826391285347
"7268",2013,328,0.048835789097606
"7269",2013,329,0.0538055551743947
"7270",2013,330,0.0596060024802725
"7271",2013,331,0.0654921553718569
"7272",2013,332,0.0514426388574637
"7273",2013,333,0.0632505987363269
"7274",2013,334,0.0631216655459403
"7275",2013,335,0.0613606398732801
"7276",2013,336,0.0726877768586302
"7277",2013,337,0.0384072711053408
"7278",2013,338,0.0196123301692724
"7279",2013,339,0.0153156884776607
"7280",2013,340,0.0138914855421666
"7281",2013,341,0.0131362843632208
"7282",2013,342,0.0163053770987643
"7283",2013,343,0.0202246311951975
"7284",2013,344,0.0302702116682315
"7285",2013,345,0.0263110971949152
"7286",2013,346,0.0383636921086755
"7287",2013,347,0.0415569410365758
"7288",2013,348,0.0442489627376596
"7289",2013,349,0.0559371967824511
"7290",2013,350,0.0596700740497128
"7291",2013,351,0.0554393290944075
"7292",2013,352,0.0614728555028097
"7293",2013,353,0.0367280162046107
"7294",2013,354,0.0224567576303877
"7295",2013,355,0.0260921429090217
"7296",2013,356,0.0276781486991716
"7297",2013,357,0.0230299518066097
"7298",2013,358,0.0348812851055096
"7299",2013,359,0.0359339666677916
"7300",2013,360,0.042530662682098
"7301",2013,361,0.0538904213021114
"7302",2013,362,0.0441865912060796
"7303",2013,363,0.0314108816114524
"7304",2013,364,0.0415523595787841
"7305",2013,365,0.0539840765582278
"7306",2014,1,0.0437162516255136
"7307",2014,2,0.0399287111090294
"7308",2014,3,0.0508419466336381
"7309",2014,4,0.0364110675026437
"7310",2014,5,0.020501680881628
"7311",2014,6,0.0247764477109774
"7312",2014,7,0.0419328592664076
"7313",2014,8,0.0435487049725078
"7314",2014,9,0.0473763741125167
"7315",2014,10,0.0524480412986906
"7316",2014,11,0.0612044902188358
"7317",2014,12,0.0655469650747891
"7318",2014,13,0.0647859801487879
"7319",2014,14,0.0569807190008324
"7320",2014,15,0.0646027146773526
"7321",2014,16,0.0607526357041254
"7322",2014,17,0.0690216508190353
"7323",2014,18,0.0753574863627607
"7324",2014,19,0.0837048535414801
"7325",2014,20,0.0723726390578496
"7326",2014,21,0.0736569836528262
"7327",2014,22,0.0620126647272822
"7328",2014,23,0.0538265750537214
"7329",2014,24,0.0799504995403563
"7330",2014,25,0.0981025195460963
"7331",2014,26,0.075225485693618
"7332",2014,27,0.0428065732108412
"7333",2014,28,0.0496480872371855
"7334",2014,29,0.0733864656437925
"7335",2014,30,0.0671128045266389
"7336",2014,31,0.0594183893398
"7337",2014,32,0.0524449162661978
"7338",2014,33,0.0520011787961323
"7339",2014,34,0.0594889320501019
"7340",2014,35,0.0400937168498998
"7341",2014,36,0.0233113337816377
"7342",2014,37,0.0210740902157229
"7343",2014,38,0.0372650637451984
"7344",2014,39,0.0592270985870914
"7345",2014,40,0.0499618408019252
"7346",2014,41,0.0536083729472853
"7347",2014,42,0.0741195758006227
"7348",2014,43,0.091878063972791
"7349",2014,44,0.125172945398397
"7350",2014,45,0.119723110791173
"7351",2014,46,0.136358464358359
"7352",2014,47,0.156006951311893
"7353",2014,48,0.137864595446701
"7354",2014,49,0.14181941779731
"7355",2014,50,0.148542646041835
"7356",2014,51,0.11594979385717
"7357",2014,52,0.12678955107786
"7358",2014,53,0.103813880017897
"7359",2014,54,0.0895345320441498
"7360",2014,55,0.0858929521353458
"7361",2014,56,0.0703142770933824
"7362",2014,57,0.0830030138089096
"7363",2014,58,0.123510530149478
"7364",2014,59,0.103477296420098
"7365",2014,60,0.0552632045307022
"7366",2014,61,0.0633626341522188
"7367",2014,62,0.118419603028371
"7368",2014,63,0.171991945206732
"7369",2014,64,0.176952790080612
"7370",2014,65,0.208086300272144
"7371",2014,66,0.183170450914913
"7372",2014,67,0.194158978294594
"7373",2014,68,0.222767197364821
"7374",2014,69,0.238429252828709
"7375",2014,70,0.178380636569541
"7376",2014,71,0.175932968137692
"7377",2014,72,0.205925055131583
"7378",2014,73,0.208540440571339
"7379",2014,74,0.199513452374644
"7380",2014,75,0.215247874781085
"7381",2014,76,0.232062733286026
"7382",2014,77,0.185927575945475
"7383",2014,78,0.181836984647154
"7384",2014,79,0.220165635349146
"7385",2014,80,0.19477601830521
"7386",2014,81,0.149609112531754
"7387",2014,82,0.174582242467774
"7388",2014,83,0.184001250678954
"7389",2014,84,0.223992414371173
"7390",2014,85,0.255105430163645
"7391",2014,86,0.224147480467656
"7392",2014,87,0.23969794707535
"7393",2014,88,0.287635325177312
"7394",2014,89,0.287495151301203
"7395",2014,90,0.228207384240518
"7396",2014,91,0.211905553552514
"7397",2014,92,0.231544126748775
"7398",2014,93,0.23837068516271
"7399",2014,94,0.258451689320331
"7400",2014,95,0.286419820167324
"7401",2014,96,0.284689203157385
"7402",2014,97,0.298939417295938
"7403",2014,98,0.347204476204342
"7404",2014,99,0.377290307710234
"7405",2014,100,0.339838363718516
"7406",2014,101,0.357210917655123
"7407",2014,102,0.349699576760533
"7408",2014,103,0.240177991174925
"7409",2014,104,0.240601531448362
"7410",2014,105,0.325902226277569
"7411",2014,106,0.323522829010756
"7412",2014,107,0.34747167942604
"7413",2014,108,0.402179203592909
"7414",2014,109,0.377338334383255
"7415",2014,110,0.406542304052416
"7416",2014,111,0.385061860815732
"7417",2014,112,0.414706040032496
"7418",2014,113,0.409937949166534
"7419",2014,114,0.372696310445745
"7420",2014,115,0.40213845804901
"7421",2014,116,0.414290738102457
"7422",2014,117,0.357133031598729
"7423",2014,118,0.348246520184697
"7424",2014,119,0.327845648774551
"7425",2014,120,0.341532591721002
"7426",2014,121,0.375924688730373
"7427",2014,122,0.427711803892235
"7428",2014,123,0.4539556523121
"7429",2014,124,0.453765617076433
"7430",2014,125,0.461613896350421
"7431",2014,126,0.45689688690401
"7432",2014,127,0.373913752132324
"7433",2014,128,0.357949309633707
"7434",2014,129,0.407177229998655
"7435",2014,130,0.425368300237971
"7436",2014,131,0.355710312351416
"7437",2014,132,0.362709914779561
"7438",2014,133,0.379992545514468
"7439",2014,134,0.405252282789876
"7440",2014,135,0.421509043458604
"7441",2014,136,0.444437681603356
"7442",2014,137,0.46296097187526
"7443",2014,138,0.504613302051248
"7444",2014,139,0.503117102766253
"7445",2014,140,0.494459567855952
"7446",2014,141,0.495545119714021
"7447",2014,142,0.515903902314436
"7448",2014,143,0.531971726796196
"7449",2014,144,0.5449191529519
"7450",2014,145,0.538766015024764
"7451",2014,146,0.558216470126637
"7452",2014,147,0.570933041296719
"7453",2014,148,0.601910446923812
"7454",2014,149,0.615472735329386
"7455",2014,150,0.528797118600303
"7456",2014,151,0.562493344441433
"7457",2014,152,0.533565843834979
"7458",2014,153,0.532372149593012
"7459",2014,154,0.576190655179895
"7460",2014,155,0.574797551473883
"7461",2014,156,0.549287602997391
"7462",2014,157,0.538102798155185
"7463",2014,158,0.495166747300918
"7464",2014,159,0.48141753560021
"7465",2014,160,0.514259494695357
"7466",2014,161,0.56458349075009
"7467",2014,162,0.531585664172681
"7468",2014,163,0.518730843058958
"7469",2014,164,0.636656263735323
"7470",2014,165,0.545772458993795
"7471",2014,166,0.530723002674087
"7472",2014,167,0.585451086367798
"7473",2014,168,0.612890767939599
"7474",2014,169,0.562967456459841
"7475",2014,170,0.563743767092534
"7476",2014,171,0.604814186416139
"7477",2014,172,0.618117507056067
"7478",2014,173,0.594572317223917
"7479",2014,174,0.576512808482588
"7480",2014,175,0.604075117707457
"7481",2014,176,0.647600201959268
"7482",2014,177,0.663828613833151
"7483",2014,178,0.611274474304552
"7484",2014,179,0.597953777735503
"7485",2014,180,0.603113558811257
"7486",2014,181,0.592262680163393
"7487",2014,182,0.588300926597431
"7488",2014,183,0.585366571022733
"7489",2014,184,0.648045022179654
"7490",2014,185,0.704360268514043
"7491",2014,186,0.701024847662452
"7492",2014,187,0.706861221188791
"7493",2014,188,0.671166745007975
"7494",2014,189,0.625791024816961
"7495",2014,190,0.673178888485681
"7496",2014,191,0.677382649483108
"7497",2014,192,0.671308541455444
"7498",2014,193,0.660815589066105
"7499",2014,194,0.66743975511806
"7500",2014,195,0.631834605584597
"7501",2014,196,0.622960933562941
"7502",2014,197,0.604239645374957
"7503",2014,198,0.63257007427563
"7504",2014,199,0.668137650829246
"7505",2014,200,0.685287533589076
"7506",2014,201,0.699574106207872
"7507",2014,202,0.730561124305677
"7508",2014,203,0.693703431700795
"7509",2014,204,0.705896639552226
"7510",2014,205,0.731722102679045
"7511",2014,206,0.674206465042412
"7512",2014,207,0.64679253122536
"7513",2014,208,0.615543146588291
"7514",2014,209,0.648016619410895
"7515",2014,210,0.605780167587017
"7516",2014,211,0.608305077190441
"7517",2014,212,0.61418700156388
"7518",2014,213,0.634992194680135
"7519",2014,214,0.62702968578414
"7520",2014,215,0.653951817463387
"7521",2014,216,0.635052195630663
"7522",2014,217,0.62964969878962
"7523",2014,218,0.596871220159329
"7524",2014,219,0.610945894656713
"7525",2014,220,0.62097555147026
"7526",2014,221,0.600344902031686
"7527",2014,222,0.592019474806473
"7528",2014,223,0.616856068746191
"7529",2014,224,0.630940361955997
"7530",2014,225,0.637250082596785
"7531",2014,226,0.631068024721609
"7532",2014,227,0.608326636343862
"7533",2014,228,0.614308674382373
"7534",2014,229,0.608063065906361
"7535",2014,230,0.581156838881886
"7536",2014,231,0.597316749521842
"7537",2014,232,0.607333470905617
"7538",2014,233,0.575166937868412
"7539",2014,234,0.551735609270673
"7540",2014,235,0.528178541538958
"7541",2014,236,0.472328561449605
"7542",2014,237,0.462909505962978
"7543",2014,238,0.498820329491244
"7544",2014,239,0.48644380007554
"7545",2014,240,0.518586633594946
"7546",2014,241,0.492671562588957
"7547",2014,242,0.523068644380334
"7548",2014,243,0.460963670902807
"7549",2014,244,0.424670188838012
"7550",2014,245,0.454794139656293
"7551",2014,246,0.494829920975919
"7552",2014,247,0.429925608993824
"7553",2014,248,0.40885653432132
"7554",2014,249,0.423190508243534
"7555",2014,250,0.455551932723403
"7556",2014,251,0.467925584246348
"7557",2014,252,0.431070218665375
"7558",2014,253,0.351923182974879
"7559",2014,254,0.280472069026154
"7560",2014,255,0.296121216993792
"7561",2014,256,0.313266079183925
"7562",2014,257,0.322662295764667
"7563",2014,258,0.347497254183643
"7564",2014,259,0.394516893311527
"7565",2014,260,0.402425916385932
"7566",2014,261,0.406741141802104
"7567",2014,262,0.40128585282238
"7568",2014,263,0.361661571609157
"7569",2014,264,0.332753566674068
"7570",2014,265,0.354546516369858
"7571",2014,266,0.362095429072214
"7572",2014,267,0.352250971531897
"7573",2014,268,0.37166022014298
"7574",2014,269,0.375754721126045
"7575",2014,270,0.34160925698744
"7576",2014,271,0.280897107681317
"7577",2014,272,0.275473171669121
"7578",2014,273,0.272986254577859
"7579",2014,274,0.233768662736527
"7580",2014,275,0.229041511994314
"7581",2014,276,0.19507672490758
"7582",2014,277,0.224452948161682
"7583",2014,278,0.233850973074892
"7584",2014,279,0.239361743364385
"7585",2014,280,0.243116386603919
"7586",2014,281,0.234850009468838
"7587",2014,282,0.213146668552315
"7588",2014,283,0.209191276666895
"7589",2014,284,0.21479854523965
"7590",2014,285,0.181564653150926
"7591",2014,286,0.173331988858744
"7592",2014,287,0.189007507869394
"7593",2014,288,0.201471283753778
"7594",2014,289,0.186025174131545
"7595",2014,290,0.160417157138
"7596",2014,291,0.168653552243724
"7597",2014,292,0.176953616908796
"7598",2014,293,0.181288352597538
"7599",2014,294,0.181589486788548
"7600",2014,295,0.151858302346955
"7601",2014,296,0.15838174017123
"7602",2014,297,0.168000194500387
"7603",2014,298,0.154367492761733
"7604",2014,299,0.157531230467805
"7605",2014,300,0.126809289744646
"7606",2014,301,0.108422972884474
"7607",2014,302,0.116214196541339
"7608",2014,303,0.118774820579647
"7609",2014,304,0.117425918019897
"7610",2014,305,0.13112429219608
"7611",2014,306,0.131359345265134
"7612",2014,307,0.105827182666895
"7613",2014,308,0.0969368648908051
"7614",2014,309,0.106682061383029
"7615",2014,310,0.107477050564991
"7616",2014,311,0.106469263328684
"7617",2014,312,0.105679727022255
"7618",2014,313,0.103516483722593
"7619",2014,314,0.06267088472995
"7620",2014,315,0.0314848636082966
"7621",2014,316,0.0226431537567774
"7622",2014,317,0.0196429376681968
"7623",2014,318,0.0305458813165745
"7624",2014,319,0.0305470610576535
"7625",2014,320,0.031655372510001
"7626",2014,321,0.0378646907906696
"7627",2014,322,0.0468817281484244
"7628",2014,323,0.0474308444829867
"7629",2014,324,0.0481926394502355
"7630",2014,325,0.0596597522516023
"7631",2014,326,0.0675295692411825
"7632",2014,327,0.0577024915964309
"7633",2014,328,0.05182121056104
"7634",2014,329,0.0513180406299028
"7635",2014,330,0.0503208728400493
"7636",2014,331,0.0619346953057922
"7637",2014,332,0.0790692808282186
"7638",2014,333,0.0713214038923021
"7639",2014,334,0.0289730492902996
"7640",2014,335,0.0414640096097982
"7641",2014,336,0.0474845404740731
"7642",2014,337,0.0435322055707174
"7643",2014,338,0.0630991644730493
"7644",2014,339,0.0611475684059576
"7645",2014,340,0.0569000521291664
"7646",2014,341,0.0616257506958891
"7647",2014,342,0.047639170180525
"7648",2014,343,0.0594651783574012
"7649",2014,344,0.063122295735754
"7650",2014,345,0.06207392793889
"7651",2014,346,0.068690817177088
"7652",2014,347,0.0702425664189018
"7653",2014,348,0.0513925620668979
"7654",2014,349,0.0359026316514073
"7655",2014,350,0.0275145168559723
"7656",2014,351,0.0311198142766561
"7657",2014,352,0.0335938364511904
"7658",2014,353,0.0380444460977205
"7659",2014,354,0.0503510590976002
"7660",2014,355,0.0545294335635736
"7661",2014,356,0.0458595993249384
"7662",2014,357,0.0415884790177986
"7663",2014,358,0.0411955606314831
"7664",2014,359,0.0412415841574511
"7665",2014,360,0.0303555751791804
"7666",2014,361,0.027014802495008
"7667",2014,362,0.0316449887612949
"7668",2014,363,0.0233709013335305
"7669",2014,364,0.0143205950795638
"7670",2014,365,0.0179755203050343
"7671",2014,366,0.0391446045015816
"7672",2015,1,0.0291432834459137
"7673",2015,2,0.0382450562852083
"7674",2015,3,0.0283719601601787
"7675",2015,4,0.0203845214977613
"7676",2015,5,0.0370812581497343
"7677",2015,6,0.044458330575239
"7678",2015,7,0.0360429172451674
"7679",2015,8,0.0406513678328115
"7680",2015,9,0.0260637958618533
"7681",2015,10,0.0401489721854988
"7682",2015,11,0.0444862318074512
"7683",2015,12,0.037723431431937
"7684",2015,13,0.0412917530712419
"7685",2015,14,0.0417776602898455
"7686",2015,15,0.0533441262527615
"7687",2015,16,0.068341425644383
"7688",2015,17,0.0692038897541433
"7689",2015,18,0.0790205748785093
"7690",2015,19,0.076907872824635
"7691",2015,20,0.061157447331441
"7692",2015,21,0.0574930515886536
"7693",2015,22,0.0626632710598204
"7694",2015,23,0.0728957089438039
"7695",2015,24,0.0827004682630618
"7696",2015,25,0.093712863546383
"7697",2015,26,0.114950455300462
"7698",2015,27,0.118916751478272
"7699",2015,28,0.107979466041205
"7700",2015,29,0.0911110854682105
"7701",2015,30,0.0927027038779578
"7702",2015,31,0.0864895370421165
"7703",2015,32,0.0642915291503195
"7704",2015,33,0.084612893709071
"7705",2015,34,0.103799956051206
"7706",2015,35,0.072079414749296
"7707",2015,36,0.0894185809247793
"7708",2015,37,0.140779975322538
"7709",2015,38,0.156743997634867
"7710",2015,39,0.149493650538236
"7711",2015,40,0.143088189397736
"7712",2015,41,0.140527560270044
"7713",2015,42,0.130100728939045
"7714",2015,43,0.140997101009721
"7715",2015,44,0.150529071275082
"7716",2015,45,0.1327594742306
"7717",2015,46,0.113688896329904
"7718",2015,47,0.107413121739427
"7719",2015,48,0.0894397267465584
"7720",2015,49,0.11003856042446
"7721",2015,50,0.145644327928464
"7722",2015,51,0.136851878484989
"7723",2015,52,0.1013687106541
"7724",2015,53,0.067100890992782
"7725",2015,54,0.0838748933601504
"7726",2015,55,0.132162478113308
"7727",2015,56,0.127748115716256
"7728",2015,57,0.0737203917794326
"7729",2015,58,0.0830991842832371
"7730",2015,59,0.0897421004536784
"7731",2015,60,0.102417655554266
"7732",2015,61,0.133648157223861
"7733",2015,62,0.0939435176337204
"7734",2015,63,0.0729178860988258
"7735",2015,64,0.100697170367812
"7736",2015,65,0.161034502427747
"7737",2015,66,0.186831515473686
"7738",2015,67,0.185023580494957
"7739",2015,68,0.191859634015427
"7740",2015,69,0.208336035280818
"7741",2015,70,0.221736262656957
"7742",2015,71,0.238712097552721
"7743",2015,72,0.224837054712415
"7744",2015,73,0.239750350316288
"7745",2015,74,0.269527386675608
"7746",2015,75,0.277754518076539
"7747",2015,76,0.199061419787802
"7748",2015,77,0.225601307971455
"7749",2015,78,0.229955823143006
"7750",2015,79,0.248364450938401
"7751",2015,80,0.271767334898325
"7752",2015,81,0.262895512868247
"7753",2015,82,0.262594536403342
"7754",2015,83,0.258548619670645
"7755",2015,84,0.227930729775622
"7756",2015,85,0.238242551965218
"7757",2015,86,0.3163286399414
"7758",2015,87,0.327237892901598
"7759",2015,88,0.306769412538174
"7760",2015,89,0.299899239901962
"7761",2015,90,0.324911474461238
"7762",2015,91,0.309462102572611
"7763",2015,92,0.243738154942888
"7764",2015,93,0.24022458315661
"7765",2015,94,0.281745275417979
"7766",2015,95,0.316674986894686
"7767",2015,96,0.308269892069803
"7768",2015,97,0.29459337209082
"7769",2015,98,0.312152202540509
"7770",2015,99,0.296763245436975
"7771",2015,100,0.318267249285717
"7772",2015,101,0.354216683192041
"7773",2015,102,0.334618581909438
"7774",2015,103,0.331997695734238
"7775",2015,104,0.400404514304635
"7776",2015,105,0.34550913400189
"7777",2015,106,0.318657339901776
"7778",2015,107,0.328710688074508
"7779",2015,108,0.337609694200883
"7780",2015,109,0.320656327668312
"7781",2015,110,0.332818894936259
"7782",2015,111,0.363252630217091
"7783",2015,112,0.381373503995528
"7784",2015,113,0.409678551376215
"7785",2015,114,0.41189038995832
"7786",2015,115,0.40436906881799
"7787",2015,116,0.352963147732021
"7788",2015,117,0.346984137133443
"7789",2015,118,0.394571117491123
"7790",2015,119,0.439896650336494
"7791",2015,120,0.433349095203846
"7792",2015,121,0.429275148435758
"7793",2015,122,0.468887558885987
"7794",2015,123,0.4582367900891
"7795",2015,124,0.433536701669734
"7796",2015,125,0.450055492160992
"7797",2015,126,0.415334447020627
"7798",2015,127,0.405660056853266
"7799",2015,128,0.381330034597372
"7800",2015,129,0.354516957472428
"7801",2015,130,0.319323190475072
"7802",2015,131,0.38828205628269
"7803",2015,132,0.448251499366772
"7804",2015,133,0.458721215956644
"7805",2015,134,0.464167724203373
"7806",2015,135,0.450591404093454
"7807",2015,136,0.460982530413231
"7808",2015,137,0.42967734740873
"7809",2015,138,0.41344395972528
"7810",2015,139,0.376910177159781
"7811",2015,140,0.370810483788739
"7812",2015,141,0.412927182534589
"7813",2015,142,0.444577602494352
"7814",2015,143,0.471759487203735
"7815",2015,144,0.478339718782283
"7816",2015,145,0.486263078896565
"7817",2015,146,0.502924376003564
"7818",2015,147,0.534377135261277
"7819",2015,148,0.520445363836885
"7820",2015,149,0.475911205046556
"7821",2015,150,0.503764667910734
"7822",2015,151,0.5632941289454
"7823",2015,152,0.605340429652249
"7824",2015,153,0.590275560717225
"7825",2015,154,0.561419665516699
"7826",2015,155,0.541039202961265
"7827",2015,156,0.579395253756084
"7828",2015,157,0.585800360636182
"7829",2015,158,0.589793330660136
"7830",2015,159,0.605804498092541
"7831",2015,160,0.638397690748645
"7832",2015,161,0.632341545101227
"7833",2015,162,0.564078896464908
"7834",2015,163,0.605795098825246
"7835",2015,164,0.611015477926204
"7836",2015,165,0.587785546023867
"7837",2015,166,0.581925749326664
"7838",2015,167,0.60252443432892
"7839",2015,168,0.605897328906142
"7840",2015,169,0.602483065796204
"7841",2015,170,0.672032525454523
"7842",2015,171,0.640126971674319
"7843",2015,172,0.65386616980167
"7844",2015,173,0.608519662426326
"7845",2015,174,0.628208974951146
"7846",2015,175,0.641888739398328
"7847",2015,176,0.634482922106697
"7848",2015,177,0.631827787315476
"7849",2015,178,0.661622195934023
"7850",2015,179,0.681694872468237
"7851",2015,180,0.679875994866554
"7852",2015,181,0.688419373766202
"7853",2015,182,0.687569387306197
"7854",2015,183,0.655343849056662
"7855",2015,184,0.657773273664705
"7856",2015,185,0.693413888387471
"7857",2015,186,0.655737917991745
"7858",2015,187,0.594212801327726
"7859",2015,188,0.619707925302731
"7860",2015,189,0.614519568922254
"7861",2015,190,0.61199049206761
"7862",2015,191,0.654339382065004
"7863",2015,192,0.67055661060156
"7864",2015,193,0.689257038595279
"7865",2015,194,0.673568563954399
"7866",2015,195,0.660074805347918
"7867",2015,196,0.655217922152255
"7868",2015,197,0.648015347712715
"7869",2015,198,0.627659145912899
"7870",2015,199,0.606227223020277
"7871",2015,200,0.634985162345817
"7872",2015,201,0.644847082074907
"7873",2015,202,0.647727223423385
"7874",2015,203,0.657157687687984
"7875",2015,204,0.678395393737177
"7876",2015,205,0.663597624140903
"7877",2015,206,0.666063336719205
"7878",2015,207,0.680109007231057
"7879",2015,208,0.681189596010909
"7880",2015,209,0.570317781028459
"7881",2015,210,0.579582594876191
"7882",2015,211,0.612645778332557
"7883",2015,212,0.638294521999733
"7884",2015,213,0.656114622465209
"7885",2015,214,0.660899773582677
"7886",2015,215,0.636518148037988
"7887",2015,216,0.615073308519528
"7888",2015,217,0.62964969878962
"7889",2015,218,0.613043671481694
"7890",2015,219,0.58919731310742
"7891",2015,220,0.646470309301053
"7892",2015,221,0.598990068226456
"7893",2015,222,0.600187974336482
"7894",2015,223,0.653436602546068
"7895",2015,224,0.653482486720584
"7896",2015,225,0.647730676226497
"7897",2015,226,0.650816875413366
"7898",2015,227,0.673991764118651
"7899",2015,228,0.598124659424862
"7900",2015,229,0.534313490028665
"7901",2015,230,0.489006423189472
"7902",2015,231,0.494038944971987
"7903",2015,232,0.531260267973316
"7904",2015,233,0.566521092646252
"7905",2015,234,0.505229757639412
"7906",2015,235,0.453075835484912
"7907",2015,236,0.505974432429523
"7908",2015,237,0.559797822184449
"7909",2015,238,0.577075332855861
"7910",2015,239,0.549968536138534
"7911",2015,240,0.540441190077225
"7912",2015,241,0.545350862182842
"7913",2015,242,0.565833934770892
"7914",2015,243,0.533033151148294
"7915",2015,244,0.523790031276459
"7916",2015,245,0.552381675934085
"7917",2015,246,0.543454042657402
"7918",2015,247,0.506133022903868
"7919",2015,248,0.493345990067901
"7920",2015,249,0.453018859333871
"7921",2015,250,0.440206041752476
"7922",2015,251,0.404148020946332
"7923",2015,252,0.412169557676335
"7924",2015,253,0.414654759205366
"7925",2015,254,0.400497916952761
"7926",2015,255,0.404550393532057
"7927",2015,256,0.425123657408604
"7928",2015,257,0.447695934541805
"7929",2015,258,0.437807652389122
"7930",2015,259,0.406249054160324
"7931",2015,260,0.357019107490709
"7932",2015,261,0.328250669643643
"7933",2015,262,0.329787865710375
"7934",2015,263,0.340922853519362
"7935",2015,264,0.365963328873787
"7936",2015,265,0.344818588942546
"7937",2015,266,0.357078794518598
"7938",2015,267,0.347549505816982
"7939",2015,268,0.348912975920804
"7940",2015,269,0.359705123894843
"7941",2015,270,0.346673015919355
"7942",2015,271,0.303525818940969
"7943",2015,272,0.304690433273847
"7944",2015,273,0.305322217538531
"7945",2015,274,0.288397752234848
"7946",2015,275,0.261026655860205
"7947",2015,276,0.234769940198265
"7948",2015,277,0.213721812211061
"7949",2015,278,0.236414758474767
"7950",2015,279,0.231666216437041
"7951",2015,280,0.247031846503723
"7952",2015,281,0.22494494867698
"7953",2015,282,0.228404692057077
"7954",2015,283,0.25360746506034
"7955",2015,284,0.259315416489129
"7956",2015,285,0.203838476367138
"7957",2015,286,0.20663674592663
"7958",2015,287,0.19209198034673
"7959",2015,288,0.174591946598453
"7960",2015,289,0.173754717035682
"7961",2015,290,0.176988533020492
"7962",2015,291,0.195459799538144
"7963",2015,292,0.1856652889475
"7964",2015,293,0.170881399571912
"7965",2015,294,0.159427008194463
"7966",2015,295,0.147002706148896
"7967",2015,296,0.143160988237313
"7968",2015,297,0.136808151929044
"7969",2015,298,0.141250969467148
"7970",2015,299,0.141109850400029
"7971",2015,300,0.1154110296929
"7972",2015,301,0.117233679187147
"7973",2015,302,0.109577997338666
"7974",2015,303,0.117900836178478
"7975",2015,304,0.131473735441401
"7976",2015,305,0.142735098130274
"7977",2015,306,0.128544610567955
"7978",2015,307,0.129874263198705
"7979",2015,308,0.103303847677928
"7980",2015,309,0.0894190053258289
"7981",2015,310,0.083253325438783
"7982",2015,311,0.0873199689515906
"7983",2015,312,0.0975472581053892
"7984",2015,313,0.100146578701453
"7985",2015,314,0.0892315802814297
"7986",2015,315,0.07904897795252
"7987",2015,316,0.0744259579881428
"7988",2015,317,0.0780776856802513
"7989",2015,318,0.0979390822429485
"7990",2015,319,0.0905122005052637
"7991",2015,320,0.0800055211465836
"7992",2015,321,0.0702060546736946
"7993",2015,322,0.0686713170430157
"7994",2015,323,0.0519453890717128
"7995",2015,324,0.0488622168092734
"7996",2015,325,0.039199061634704
"7997",2015,326,0.055590800529369
"7998",2015,327,0.0704820182147081
"7999",2015,328,0.0729831445555501
"8000",2015,329,0.0503198581802648
"8001",2015,330,0.0323461237370826
"8002",2015,331,0.0292049378184712
"8003",2015,332,0.0294186644781326
"8004",2015,333,0.0281129520850201
"8005",2015,334,0.0290220674292646
"8006",2015,335,0.038627633561566
"8007",2015,336,0.0435395958331799
"8008",2015,337,0.0482154278413329
"8009",2015,338,0.0565607065883715
"8010",2015,339,0.0555224919646212
"8011",2015,340,0.0568420289800747
"8012",2015,341,0.0615760182613724
"8013",2015,342,0.068431206513732
"8014",2015,343,0.0722402823669681
"8015",2015,344,0.058950444954332
"8016",2015,345,0.0537795686574642
"8017",2015,346,0.0442278647211152
"8018",2015,347,0.0416673550736666
"8019",2015,348,0.0435869941738626
"8020",2015,349,0.0358491223683802
"8021",2015,350,0.0311151768913973
"8022",2015,351,0.0277879580104519
"8023",2015,352,0.0340194848917393
"8024",2015,353,0.053326843012985
"8025",2015,354,0.0441925433896117
"8026",2015,355,0.0432737830960017
"8027",2015,356,0.0462357507737209
"8028",2015,357,0.0353527349244352
"8029",2015,358,0.0330454291709213
"8030",2015,359,0.0297015867456423
"8031",2015,360,0.0255499355880404
"8032",2015,361,0.0222347929986981
"8033",2015,362,0.0223740165046753
"8034",2015,363,0.0233356958289833
"8035",2015,364,0.0236513149828063
"8036",2015,365,0.028763090823696
"8037",2016,1,0.0343606553256974
"8038",2016,2,0.0390461217601884
"8039",2016,3,0.0387063429554206
"8040",2016,4,0.0445265688137821
"8041",2016,5,0.0492912010453446
"8042",2016,6,0.0512358435979678
"8043",2016,7,0.0446355872206205
"8044",2016,8,0.039150199656877
"8045",2016,9,0.0358542784202323
"8046",2016,10,0.0386611092455888
"8047",2016,11,0.0473036625601961
"8048",2016,12,0.0486708959423456
"8049",2016,13,0.0563543153739462
"8050",2016,14,0.0584610334512557
"8051",2016,15,0.0537710244603874
"8052",2016,16,0.0462887719716114
"8053",2016,17,0.0406042330728015
"8054",2016,18,0.0511738273997452
"8055",2016,19,0.060930298928519
"8056",2016,20,0.0661651556233688
"8057",2016,21,0.0683646106418237
"8058",2016,22,0.0757146621760463
"8059",2016,23,0.0865281759803441
"8060",2016,24,0.0804542639832951
"8061",2016,25,0.0694402556915759
"8062",2016,26,0.0661201335981812
"8063",2016,27,0.0886676541556207
"8064",2016,28,0.0963345593835185
"8065",2016,29,0.103072079195317
"8066",2016,30,0.0937636745707068
"8067",2016,31,0.0774942366827674
"8068",2016,32,0.0632835693349258
"8069",2016,33,0.0683600465288309
"8070",2016,34,0.0562957903079962
"8071",2016,35,0.0628882820981549
"8072",2016,36,0.078398298301883
"8073",2016,37,0.0916587404132643
"8074",2016,38,0.093411055885711
"8075",2016,39,0.0981247102388274
"8076",2016,40,0.123206733498303
"8077",2016,41,0.143730607918042
"8078",2016,42,0.137104101617951
"8079",2016,43,0.124527156573732
"8080",2016,44,0.145754144404287
"8081",2016,45,0.126513025828782
"8082",2016,46,0.1389403217784
"8083",2016,47,0.148960524815553
"8084",2016,48,0.151822748611503
"8085",2016,49,0.186301127115858
"8086",2016,50,0.171928020051
"8087",2016,51,0.163234364368292
"8088",2016,52,0.133106762436595
"8089",2016,53,0.132128702629273
"8090",2016,54,0.133363514670514
"8091",2016,55,0.126734128324201
"8092",2016,56,0.133931765267476
"8093",2016,57,0.168888814907628
"8094",2016,58,0.196485989811625
"8095",2016,59,0.19041310567667
"8096",2016,60,0.177137086614396
"8097",2016,61,0.159153037501374
"8098",2016,62,0.187701574534395
"8099",2016,63,0.18777564190614
"8100",2016,64,0.199440220064308
"8101",2016,65,0.205571355338697
"8102",2016,66,0.231707053970068
"8103",2016,67,0.206439218956992
"8104",2016,68,0.192368881984094
"8105",2016,69,0.175878893475789
"8106",2016,70,0.20241299923255
"8107",2016,71,0.24095348988683
"8108",2016,72,0.254651922339054
"8109",2016,73,0.24015911114119
"8110",2016,74,0.235651796380816
"8111",2016,75,0.185991166856405
"8112",2016,76,0.182992092443092
"8113",2016,77,0.166647295204559
"8114",2016,78,0.14963136790135
"8115",2016,79,0.156861223482141
"8116",2016,80,0.206024540903522
"8117",2016,81,0.262486888903998
"8118",2016,82,0.266438311272718
"8119",2016,83,0.201788367296473
"8120",2016,84,0.212299230362635
"8121",2016,85,0.212243072529371
"8122",2016,86,0.204635207180408
"8123",2016,87,0.242795044328534
"8124",2016,88,0.279971524481661
"8125",2016,89,0.262505718133558
"8126",2016,90,0.24090420772074
"8127",2016,91,0.236372626623611
"8128",2016,92,0.243286769373175
"8129",2016,93,0.295881038491261
"8130",2016,94,0.331394084205116
"8131",2016,95,0.331409591506452
"8132",2016,96,0.319884337522231
"8133",2016,97,0.319671955960816
"8134",2016,98,0.325863134728888
"8135",2016,99,0.328673021723766
"8136",2016,100,0.379974061083147
"8137",2016,101,0.344339382646731
"8138",2016,102,0.33264038966211
"8139",2016,103,0.380232291557538
"8140",2016,104,0.408665579975755
"8141",2016,105,0.414354187787196
"8142",2016,106,0.3587157991512
"8143",2016,107,0.305161305019822
"8144",2016,108,0.283407681543498
"8145",2016,109,0.300617793584692
"8146",2016,110,0.329576551986997
"8147",2016,111,0.377817020002888
"8148",2016,112,0.401683852438675
"8149",2016,113,0.447325047420234
"8150",2016,114,0.467674200586353
"8151",2016,115,0.369057908836617
"8152",2016,116,0.366795562997114
"8153",2016,117,0.317818227367008
"8154",2016,118,0.300660403626337
"8155",2016,119,0.309565088930554
"8156",2016,120,0.332186276850305
"8157",2016,121,0.338463038767119
"8158",2016,122,0.359039315110442
"8159",2016,123,0.389981398297782
"8160",2016,124,0.446452314231149
"8161",2016,125,0.46945502526758
"8162",2016,126,0.507740833663177
"8163",2016,127,0.497399358135683
"8164",2016,128,0.453931912103288
"8165",2016,129,0.429922387401919
"8166",2016,130,0.431382104332314
"8167",2016,131,0.407891335270143
"8168",2016,132,0.383003592643426
"8169",2016,133,0.43559093166211
"8170",2016,134,0.408803074336451
"8171",2016,135,0.383504676142628
"8172",2016,136,0.394334762863391
"8173",2016,137,0.396771598247671
"8174",2016,138,0.414888346036607
"8175",2016,139,0.454377657999575
"8176",2016,140,0.511717184313469
"8177",2016,141,0.540186414438419
"8178",2016,142,0.552571050770947
"8179",2016,143,0.510518468469553
"8180",2016,144,0.487601853916863
"8181",2016,145,0.480367491578002
"8182",2016,146,0.489949715928182
"8183",2016,147,0.487814702507669
"8184",2016,148,0.493058594319863
"8185",2016,149,0.503537516819488
"8186",2016,150,0.529740771722669
"8187",2016,151,0.533252447122566
"8188",2016,152,0.488008382698836
"8189",2016,153,0.511001838282074
"8190",2016,154,0.575563590001763
"8191",2016,155,0.579248982693542
"8192",2016,156,0.558116176246648
"8193",2016,157,0.582347547115856
"8194",2016,158,0.589327015965042
"8195",2016,159,0.625119689103859
"8196",2016,160,0.651597999502326
"8197",2016,161,0.669610410335642
"8198",2016,162,0.659120852067905
"8199",2016,163,0.701288327136865
"8200",2016,164,0.645602731217574
"8201",2016,165,0.613697778071779
"8202",2016,166,0.607843090129968
"8203",2016,167,0.63409058205032
"8204",2016,168,0.674154396662838
"8205",2016,169,0.647360527452731
"8206",2016,170,0.697755854191986
"8207",2016,171,0.689700401072908
"8208",2016,172,0.662331428971469
"8209",2016,173,0.719459760638768
"8210",2016,174,0.666934625673633
"8211",2016,175,0.686975197979309
"8212",2016,176,0.711852137566254
"8213",2016,177,0.627989418900711
"8214",2016,178,0.615359318431989
"8215",2016,179,0.644307118011483
"8216",2016,180,0.68386536295379
"8217",2016,181,0.67262709589023
"8218",2016,182,0.642182596736227
"8219",2016,183,0.64447503739617
"8220",2016,184,0.663224898429923
"8221",2016,185,0.68076849872218
"8222",2016,186,0.694019746101739
"8223",2016,187,0.674919421743124
"8224",2016,188,0.668486192397084
"8225",2016,189,0.654262509809572
"8226",2016,190,0.671771865399378
"8227",2016,191,0.731629515829819
"8228",2016,192,0.713698904632662
"8229",2016,193,0.642629694532733
"8230",2016,194,0.611182510814029
"8231",2016,195,0.632487871242527
"8232",2016,196,0.643774575009185
"8233",2016,197,0.63579521859825
"8234",2016,198,0.680432828235588
"8235",2016,199,0.647410684152176
"8236",2016,200,0.704001982636989
"8237",2016,201,0.715962213320247
"8238",2016,202,0.731130872208933
"8239",2016,203,0.732402947903332
"8240",2016,204,0.737136668703307
"8241",2016,205,0.695223053295568
"8242",2016,206,0.655399849533458
"8243",2016,207,0.683596458731488
"8244",2016,208,0.697768790229213
"8245",2016,209,0.670912416340079
"8246",2016,210,0.631601256261904
"8247",2016,211,0.639625508612753
"8248",2016,212,0.667361336712109
"8249",2016,213,0.679044890979667
"8250",2016,214,0.674155434017586
"8251",2016,215,0.676366020613651
"8252",2016,216,0.682021136740967
"8253",2016,217,0.600963846941719
"8254",2016,218,0.60049927452627
"8255",2016,219,0.604776801716202
"8256",2016,220,0.643547709877561
"8257",2016,221,0.648725529054572
"8258",2016,222,0.653944482561402
"8259",2016,223,0.644700841494869
"8260",2016,224,0.599139481956332
"8261",2016,225,0.572443969149667
"8262",2016,226,0.581819167811981
"8263",2016,227,0.616537963837915
"8264",2016,228,0.590919026523309
"8265",2016,229,0.580691500039338
"8266",2016,230,0.605035077522087
"8267",2016,231,0.553502952040777
"8268",2016,232,0.468213226149795
"8269",2016,233,0.471774400722137
"8270",2016,234,0.52622994293988
"8271",2016,235,0.57610143625843
"8272",2016,236,0.551596574412319
"8273",2016,237,0.480709791728281
"8274",2016,238,0.452262835388968
"8275",2016,239,0.46886326956822
"8276",2016,240,0.489955048923812
"8277",2016,241,0.511859249359141
"8278",2016,242,0.508806204839785
"8279",2016,243,0.508816121356621
"8280",2016,244,0.496579266891043
"8281",2016,245,0.515363190616282
"8282",2016,246,0.529573536035447
"8283",2016,247,0.492552691246738
"8284",2016,248,0.455487795066832
"8285",2016,249,0.449245851000839
"8286",2016,250,0.414116799342778
"8287",2016,251,0.4299567538964
"8288",2016,252,0.42391790729352
"8289",2016,253,0.368777711544212
"8290",2016,254,0.374825980039258
"8291",2016,255,0.411867062000732
"8292",2016,256,0.355908903518458
"8293",2016,257,0.303579636661315
"8294",2016,258,0.365549682643636
"8295",2016,259,0.345006568618842
"8296",2016,260,0.34617756683181
"8297",2016,261,0.35371805714766
"8298",2016,262,0.389351207420268
"8299",2016,263,0.376055556076267
"8300",2016,264,0.38499745468514
"8301",2016,265,0.34600076628945
"8302",2016,266,0.327063385958894
"8303",2016,267,0.324709927495851
"8304",2016,268,0.262008315334103
"8305",2016,269,0.279034462434318
"8306",2016,270,0.280302253158726
"8307",2016,271,0.29841253246482
"8308",2016,272,0.295572610867512
"8309",2016,273,0.303843875576794
"8310",2016,274,0.308739797098719
"8311",2016,275,0.288600222708479
"8312",2016,276,0.279239473068657
"8313",2016,277,0.260696722265349
"8314",2016,278,0.208206348410654
"8315",2016,279,0.189716635830765
"8316",2016,280,0.184956452791515
"8317",2016,281,0.194403913428739
"8318",2016,282,0.213099219725487
"8319",2016,283,0.220395745321573
"8320",2016,284,0.226902865321145
"8321",2016,285,0.17349777729746
"8322",2016,286,0.156362026928587
"8323",2016,287,0.173048851741108
"8324",2016,288,0.205930971325443
"8325",2016,289,0.194821661609962
"8326",2016,290,0.195184888014492
"8327",2016,291,0.169431350482248
"8328",2016,292,0.149015881645632
"8329",2016,293,0.133448866326442
"8330",2016,294,0.138755249469276
"8331",2016,295,0.159826599385595
"8332",2016,296,0.162549711827589
"8333",2016,297,0.144962833816229
"8334",2016,298,0.151598847238488
"8335",2016,299,0.159853790522829
"8336",2016,300,0.148085734218524
"8337",2016,301,0.163924810744203
"8338",2016,302,0.168731631375596
"8339",2016,303,0.134618981003327
"8340",2016,304,0.136547745177311
"8341",2016,305,0.139025909033098
"8342",2016,306,0.116924279997491
"8343",2016,307,0.114852822247986
"8344",2016,308,0.12076286358697
"8345",2016,309,0.120143231204609
"8346",2016,310,0.117007367204956
"8347",2016,311,0.117547695241964
"8348",2016,312,0.105641458408292
"8349",2016,313,0.10280690941353
"8350",2016,314,0.104298197114317
"8351",2016,315,0.108332473443149
"8352",2016,316,0.095899446137725
"8353",2016,317,0.100121238441504
"8354",2016,318,0.0964954087957227
"8355",2016,319,0.0930851765919329
"8356",2016,320,0.10211957864566
"8357",2016,321,0.0899412785237337
"8358",2016,322,0.0622353372992756
"8359",2016,323,0.0481342180761002
"8360",2016,324,0.0503894899372665
"8361",2016,325,0.0738576359084428
"8362",2016,326,0.0823894046221267
"8363",2016,327,0.0708124234854623
"8364",2016,328,0.0567873618117929
"8365",2016,329,0.0605173521547435
"8366",2016,330,0.0639571835808672
"8367",2016,331,0.0715456644037278
"8368",2016,332,0.0632647948217087
"8369",2016,333,0.0595731710103674
"8370",2016,334,0.0468484986484771
"8371",2016,335,0.0437780625580592
"8372",2016,336,0.0411606133410513
"8373",2016,337,0.0434901274041091
"8374",2016,338,0.043797638772922
"8375",2016,339,0.0463187522182332
"8376",2016,340,0.0401905743253833
"8377",2016,341,0.0211588109076476
"8378",2016,342,0.0184723226342713
"8379",2016,343,0.0157867824627713
"8380",2016,344,0.020402707399341
"8381",2016,345,0.0270305968555329
"8382",2016,346,0.0335150504181277
"8383",2016,347,0.032427201654758
"8384",2016,348,0.025754762847983
"8385",2016,349,0.0228212525656886
"8386",2016,350,0.0304506927348473
"8387",2016,351,0.0228383265851391
"8388",2016,352,0.01180383384549
"8389",2016,353,0.0154473015351351
"8390",2016,354,0.03122188133212
"8391",2016,355,0.0451178485844689
"8392",2016,356,0.0396634096077199
"8393",2016,357,0.0364581442425689
"8394",2016,358,0.0348634780207926
"8395",2016,359,0.0457801288952234
"8396",2016,360,0.0308734323440632
"8397",2016,361,0.0307514888822567
"8398",2016,362,0.0393951121927844
"8399",2016,363,0.0404702946589608
"8400",2016,364,0.0392392805667536
"8401",2016,365,0.0486542727927943
"8402",2017,1,0.0330538976063152
"8403",2017,2,0.0258605143531536
"8404",2017,3,0.018447147502741
"8405",2017,4,0.017926990372439
"8406",2017,5,0.0176323921950231
"8407",2017,6,0.0194223799410941
"8408",2017,7,0.0235364037232401
"8409",2017,8,0.0380468069160858
"8410",2017,9,0.0543281392752791
"8411",2017,10,0.055873370293747
"8412",2017,11,0.03510719209553
"8413",2017,12,0.0320714403965671
"8414",2017,13,0.0412697736770715
"8415",2017,14,0.0474214349608494
"8416",2017,15,0.0482145273259072
"8417",2017,16,0.0508745193556809
"8418",2017,17,0.0553014889099119
"8419",2017,18,0.073718122034962
"8420",2017,19,0.0759406840040227
"8421",2017,20,0.0629164317564897
"8422",2017,21,0.0601328795359906
"8423",2017,22,0.066330906357261
"8424",2017,23,0.0663888757692504
"8425",2017,24,0.0512809646197986
"8426",2017,25,0.0491855284858056
"8427",2017,26,0.0520972122635911
"8428",2017,27,0.0542574231876662
"8429",2017,28,0.0686144848596312
"8430",2017,29,0.0923359211896448
"8431",2017,30,0.10133871190612
"8432",2017,31,0.0791448496506465
"8433",2017,32,0.0550399125462333
"8434",2017,33,0.0452484354135478
"8435",2017,34,0.040620288156968
"8436",2017,35,0.0798197274996089
"8437",2017,36,0.115916979432331
"8438",2017,37,0.125458040671187
"8439",2017,38,0.0857613332332405
"8440",2017,39,0.0628646074528548
"8441",2017,40,0.102120684808543
"8442",2017,41,0.154941665261491
"8443",2017,42,0.132483148482311
"8444",2017,43,0.113935154882153
"8445",2017,44,0.125344976049136
"8446",2017,45,0.129444595814774
"8447",2017,46,0.153097342654304
"8448",2017,47,0.174302613711412
"8449",2017,48,0.167724607782213
"8450",2017,49,0.177973807374326
"8451",2017,50,0.17947817128619
"8452",2017,51,0.168650600829136
"8453",2017,52,0.191319870590991
"8454",2017,53,0.164992538092448
"8455",2017,54,0.115124757213055
"8456",2017,55,0.0904083740628031
"8457",2017,56,0.0788904344547632
"8458",2017,57,0.0904284423504896
"8459",2017,58,0.116902004727281
"8460",2017,59,0.113359070569527
"8461",2017,60,0.116083593189073
"8462",2017,61,0.129021877189388
"8463",2017,62,0.159429462982295
"8464",2017,63,0.193506304029162
"8465",2017,64,0.200008445686318
"8466",2017,65,0.163786304598914
"8467",2017,66,0.145523067480759
"8468",2017,67,0.183224484335151
"8469",2017,68,0.171904288790134
"8470",2017,69,0.178318373918846
"8471",2017,70,0.194047596175492
"8472",2017,71,0.186581123272002
"8473",2017,72,0.17312625164782
"8474",2017,73,0.21392555961065
"8475",2017,74,0.250426051231886
"8476",2017,75,0.270904397022848
"8477",2017,76,0.229444137190795
"8478",2017,77,0.272227907958717
"8479",2017,78,0.288683926679778
"8480",2017,79,0.251734803534814
"8481",2017,80,0.229848952228088
"8482",2017,81,0.276738844284879
"8483",2017,82,0.262388175776289
"8484",2017,83,0.263213576967438
"8485",2017,84,0.281154426485846
"8486",2017,85,0.271354027570589
"8487",2017,86,0.270257926622692
"8488",2017,87,0.267580217422385
"8489",2017,88,0.284501649687203
"8490",2017,89,0.284209473605294
"8491",2017,90,0.2613723417184
"8492",2017,91,0.269034307450066
"8493",2017,92,0.265818215799552
"8494",2017,93,0.24528097320245
"8495",2017,94,0.244068891887667
"8496",2017,95,0.271942515208261
"8497",2017,96,0.319248838415471
"8498",2017,97,0.366931826641914
"8499",2017,98,0.367036495430075
"8500",2017,99,0.308533941382958
"8501",2017,100,0.289880116306342
"8502",2017,101,0.314319523043209
"8503",2017,102,0.351987298725568
"8504",2017,103,0.408369716224575
"8505",2017,104,0.412209822235387
"8506",2017,105,0.360190767808473
"8507",2017,106,0.342340893691585
"8508",2017,107,0.379133938793197
"8509",2017,108,0.365024122648107
"8510",2017,109,0.365482375969356
"8511",2017,110,0.35563390517181
"8512",2017,111,0.356977785277358
"8513",2017,112,0.375279671040588
"8514",2017,113,0.436659681479975
"8515",2017,114,0.411833833810255
"8516",2017,115,0.31673333949505
"8517",2017,116,0.322361403744865
"8518",2017,117,0.320195499992016
"8519",2017,118,0.297339544866014
"8520",2017,119,0.298587807539727
"8521",2017,120,0.34639676750446
"8522",2017,121,0.370366494927763
"8523",2017,122,0.370406181263201
"8524",2017,123,0.38461449232318
"8525",2017,124,0.425063448262483
"8526",2017,125,0.476182788704236
"8527",2017,126,0.52175417297964
"8528",2017,127,0.528407819684487
"8529",2017,128,0.474598383644125
"8530",2017,129,0.461575622967766
"8531",2017,130,0.452534458024068
"8532",2017,131,0.479665223556765
"8533",2017,132,0.514089549262149
"8534",2017,133,0.552857650586125
"8535",2017,134,0.50321558948203
"8536",2017,135,0.497968521627462
"8537",2017,136,0.472360083779766
"8538",2017,137,0.45199067569756
"8539",2017,138,0.375168402675269
"8540",2017,139,0.366170917537754
"8541",2017,140,0.421361829724969
"8542",2017,141,0.440405583959511
"8543",2017,142,0.436240074986413
"8544",2017,143,0.459838849357248
"8545",2017,144,0.526210163107525
"8546",2017,145,0.518400697684751
"8547",2017,146,0.445148872192369
"8548",2017,147,0.487750236209916
"8549",2017,148,0.505141303509866
"8550",2017,149,0.50101064402402
"8551",2017,150,0.508636996504874
"8552",2017,151,0.553510057091772
"8553",2017,152,0.584307887140884
"8554",2017,153,0.562859276054583
"8555",2017,154,0.565429482516387
"8556",2017,155,0.605897157180376
"8557",2017,156,0.627469192337334
"8558",2017,157,0.577305557833606
"8559",2017,158,0.610976563978617
"8560",2017,159,0.623836143325186
"8561",2017,160,0.64857935311521
"8562",2017,161,0.608524209879189
"8563",2017,162,0.597456360317857
"8564",2017,163,0.603027979763793
"8565",2017,164,0.539374761924198
"8566",2017,165,0.568456765427122
"8567",2017,166,0.579226506139133
"8568",2017,167,0.601981759379357
"8569",2017,168,0.573453117731527
"8570",2017,169,0.560083028784522
"8571",2017,170,0.62195775878058
"8572",2017,171,0.658645957079619
"8573",2017,172,0.662122801437054
"8574",2017,173,0.618756029374748
"8575",2017,174,0.550636759336187
"8576",2017,175,0.555309848224098
"8577",2017,176,0.599622983089196
"8578",2017,177,0.615539494972995
"8579",2017,178,0.671491719973997
"8580",2017,179,0.633796965944359
"8581",2017,180,0.594680084640191
"8582",2017,181,0.582857542286577
"8583",2017,182,0.618427580111501
"8584",2017,183,0.662936875257867
"8585",2017,184,0.676043381136163
"8586",2017,185,0.683694484235182
"8587",2017,186,0.722115974778191
"8588",2017,187,0.729358547663591
"8589",2017,188,0.687607308415404
"8590",2017,189,0.701754245843628
"8591",2017,190,0.741972169209074
"8592",2017,191,0.701564259636203
"8593",2017,192,0.695219769302294
"8594",2017,193,0.67505434606841
"8595",2017,194,0.69050175602833
"8596",2017,195,0.719698134328028
"8597",2017,196,0.70988716359399
"8598",2017,197,0.712772956439494
"8599",2017,198,0.703952164496598
"8600",2017,199,0.704977442435119
"8601",2017,200,0.72206819020608
"8602",2017,201,0.735084245099438
"8603",2017,202,0.703281790262857
"8604",2017,203,0.686135106967165
"8605",2017,204,0.691352249276365
"8606",2017,205,0.720216613932853
"8607",2017,206,0.678157550920603
"8608",2017,207,0.636768851297134
"8609",2017,208,0.673964230930652
"8610",2017,209,0.650895503631578
"8611",2017,210,0.64597538847048
"8612",2017,211,0.649427297761966
"8613",2017,212,0.661692556482049
"8614",2017,213,0.647553480123465
"8615",2017,214,0.607338494870378
"8616",2017,215,0.563250460000531
"8617",2017,216,0.605282756205618
"8618",2017,217,0.594022881638305
"8619",2017,218,0.557511868949984
"8620",2017,219,0.558372638318665
"8621",2017,220,0.580490201314918
"8622",2017,221,0.576260932599698
"8623",2017,222,0.547081207946186
"8624",2017,223,0.56555118497087
"8625",2017,224,0.568205741205365
"8626",2017,225,0.582283856614392
"8627",2017,226,0.599041509324353
"8628",2017,227,0.549322989687747
"8629",2017,228,0.550280567239965
"8630",2017,229,0.571381280361338
"8631",2017,230,0.577406835995148
"8632",2017,231,0.576528293912212
"8633",2017,232,0.563198047794807
"8634",2017,233,0.549857762987119
"8635",2017,234,0.538880605618648
"8636",2017,235,0.563274926427232
"8637",2017,236,0.570868160871243
"8638",2017,237,0.541943768548455
"8639",2017,238,0.546790044039146
"8640",2017,239,0.528690888941896
"8641",2017,240,0.538505818070045
"8642",2017,241,0.539517069778552
"8643",2017,242,0.539952548183665
"8644",2017,243,0.534601691294211
"8645",2017,244,0.505512741896144
"8646",2017,245,0.500381105808546
"8647",2017,246,0.500037311715488
"8648",2017,247,0.44125089468274
"8649",2017,248,0.395964285967212
"8650",2017,249,0.403944381566828
"8651",2017,250,0.435470959351296
"8652",2017,251,0.45130189890028
"8653",2017,252,0.477858006881342
"8654",2017,253,0.471451299928291
"8655",2017,254,0.468483743672954
"8656",2017,255,0.471895858306892
"8657",2017,256,0.44424305862248
"8658",2017,257,0.416169472134951
"8659",2017,258,0.358003186337396
"8660",2017,259,0.306401683429491
"8661",2017,260,0.324505242684202
"8662",2017,261,0.345405708309532
"8663",2017,262,0.343890711795835
"8664",2017,263,0.312731829790989
"8665",2017,264,0.349600528290531
"8666",2017,265,0.291808103781432
"8667",2017,266,0.250160248253144
"8668",2017,267,0.24079322238497
"8669",2017,268,0.252191580053841
"8670",2017,269,0.253524348357941
"8671",2017,270,0.252448907075546
"8672",2017,271,0.254141208378437
"8673",2017,272,0.262230865053861
"8674",2017,273,0.285238261132381
"8675",2017,274,0.244154871685579
"8676",2017,275,0.204165144435649
"8677",2017,276,0.197230267257877
"8678",2017,277,0.217278718503668
"8679",2017,278,0.21397503456735
"8680",2017,279,0.22421983976468
"8681",2017,280,0.237863647909801
"8682",2017,281,0.183717256617391
"8683",2017,282,0.161609158104435
"8684",2017,283,0.170792064050277
"8685",2017,284,0.194347195533244
"8686",2017,285,0.176490260336503
"8687",2017,286,0.174547415586247
"8688",2017,287,0.144290291091662
"8689",2017,288,0.155440461410064
"8690",2017,289,0.172290968034903
"8691",2017,290,0.17885700582721
"8692",2017,291,0.184410674992461
"8693",2017,292,0.190728631246626
"8694",2017,293,0.19272758679984
"8695",2017,294,0.152920230408588
"8696",2017,295,0.149486883709047
"8697",2017,296,0.144846162044567
"8698",2017,297,0.133327909700632
"8699",2017,298,0.160608128776434
"8700",2017,299,0.120971158138515
"8701",2017,300,0.0913077283849777
"8702",2017,301,0.123227955944655
"8703",2017,302,0.119116800625713
"8704",2017,303,0.081501256084303
"8705",2017,304,0.0837054116199594
"8706",2017,305,0.098311720430501
"8707",2017,306,0.0832340014241512
"8708",2017,307,0.0916513525178498
"8709",2017,308,0.0887269770699422
"8710",2017,309,0.0798934694140908
"8711",2017,310,0.0711378785212672
"8712",2017,311,0.0660481843098134
"8713",2017,312,0.0732661386340027
"8714",2017,313,0.0717861788408004
"8715",2017,314,0.0802825785317817
"8716",2017,315,0.0792623655084398
"8717",2017,316,0.080417043101631
"8718",2017,317,0.0929416349655797
"8719",2017,318,0.0938149851503444
"8720",2017,319,0.0740439997587646
"8721",2017,320,0.0927203063610234
"8722",2017,321,0.0818066299592174
"8723",2017,322,0.0596548748347658
"8724",2017,323,0.0705208921006187
"8725",2017,324,0.0799476691413839
"8726",2017,325,0.068575255623009
"8727",2017,326,0.0855926280730281
"8728",2017,327,0.0915376762648023
"8729",2017,328,0.0808473503263615
"8730",2017,329,0.0674494384840124
"8731",2017,330,0.0816199590313219
"8732",2017,331,0.0876357209132712
"8733",2017,332,0.0631511850897659
"8734",2017,333,0.0630992059012086
"8735",2017,334,0.0526013652767929
"8736",2017,335,0.0585047918950245
"8737",2017,336,0.0610263599410641
"8738",2017,337,0.0703059111646668
"8739",2017,338,0.0423290471425386
"8740",2017,339,0.0384487644612779
"8741",2017,340,0.0368741892214946
"8742",2017,341,0.0391514135612909
"8743",2017,342,0.055943581858383
"8744",2017,343,0.0568128510373149
"8745",2017,344,0.0580329674797192
"8746",2017,345,0.0565098203002322
"8747",2017,346,0.0582532478367774
"8748",2017,347,0.0539321562209766
"8749",2017,348,0.0420654261876778
"8750",2017,349,0.0513714603810492
"8751",2017,350,0.0452245695970218
"8752",2017,351,0.0419349949329375
"8753",2017,352,0.0434990586423924
"8754",2017,353,0.0501369011252161
"8755",2017,354,0.0587113694609968
"8756",2017,355,0.029780599653903
"8757",2017,356,0.0230555027458807
"8758",2017,357,0.0218434433213334
"8759",2017,358,0.0186137526595371
"8760",2017,359,0.0176320101267621
"8761",2017,360,0.0154888831348416
"8762",2017,361,0.0194546189403245
"8763",2017,362,0.0307201023399423
"8764",2017,363,0.0267155173324899
"8765",2017,364,0.0196240636845608
"8766",2017,365,0.016652034463331
"8767",2018,1,0.0162677485102161
"8768",2018,2,0.0258834929354681
"8769",2018,3,0.0359082940544769
"8770",2018,4,0.0417288913400864
"8771",2018,5,0.0412632235222891
"8772",2018,6,0.0486629737931904
"8773",2018,7,0.0538604568878841
"8774",2018,8,0.0538215566095653
"8775",2018,9,0.0677486573131801
"8776",2018,10,0.0551486093301642
"8777",2018,11,0.036966815017782
"8778",2018,12,0.0373005556845226
"8779",2018,13,0.0492249315968359
"8780",2018,14,0.0555101942166555
"8781",2018,15,0.0308317952283191
"8782",2018,16,0.0311983160321087
"8783",2018,17,0.0495635181920459
"8784",2018,18,0.0753574863627607
"8785",2018,19,0.0809417233880884
"8786",2018,20,0.0633792072131698
"8787",2018,21,0.0549735543571998
"8788",2018,22,0.0447044865774017
"8789",2018,23,0.0538831034278601
"8790",2018,24,0.0563640022755475
"8791",2018,25,0.0762582057655789
"8792",2018,26,0.0725150627853294
"8793",2018,27,0.0658952753182902
"8794",2018,28,0.0651296390164744
"8795",2018,29,0.0833908960076922
"8796",2018,30,0.105198566729429
"8797",2018,31,0.0830953144704676
"8798",2018,32,0.0686198390060745
"8799",2018,33,0.0814564561166881
"8800",2018,34,0.089972431635989
"8801",2018,35,0.0583437660188803
"8802",2018,36,0.0649923892793556
"8803",2018,37,0.073199942387898
"8804",2018,38,0.0850427667734019
"8805",2018,39,0.104504489889039
"8806",2018,40,0.0594187129509175
"8807",2018,41,0.0476061243389766
"8808",2018,42,0.0651451848014502
"8809",2018,43,0.0585351290468628
"8810",2018,44,0.081907789792458
"8811",2018,45,0.123214047313073
"8812",2018,46,0.0925976811563896
"8813",2018,47,0.0928929094812598
"8814",2018,48,0.11927634418471
"8815",2018,49,0.105836551013233
"8816",2018,50,0.0484074249475718
"8817",2018,51,0.0361211946441456
"8818",2018,52,0.0410786083007826
"8819",2018,53,0.0630979681480965
"8820",2018,54,0.0590618083327136
"8821",2018,55,0.074566879209177
"8822",2018,56,0.0980576244053365
"8823",2018,57,0.131047699721551
"8824",2018,58,0.128406822241801
"8825",2018,59,0.125473880381696
"8826",2018,60,0.134135248164718
"8827",2018,61,0.174172979325852
"8828",2018,62,0.17225388347656
"8829",2018,63,0.14739399125034
"8830",2018,64,0.128716962802971
"8831",2018,65,0.137932774368693
"8832",2018,66,0.150821472156872
"8833",2018,67,0.178763260910115
"8834",2018,68,0.200551758217163
"8835",2018,69,0.172033360635774
"8836",2018,70,0.165802431697505
"8837",2018,71,0.183513983142335
"8838",2018,72,0.1926912897819
"8839",2018,73,0.221103814767722
"8840",2018,74,0.232508804738637
"8841",2018,75,0.19192079745652
"8842",2018,76,0.189823458006329
"8843",2018,77,0.18700998413295
"8844",2018,78,0.184473414665684
"8845",2018,79,0.199128900779783
"8846",2018,80,0.217402630015144
"8847",2018,81,0.246440786434704
"8848",2018,82,0.25214264967293
"8849",2018,83,0.245115899696382
"8850",2018,84,0.240006092990164
"8851",2018,85,0.213741479484852
"8852",2018,86,0.21988002866726
"8853",2018,87,0.235578004764949
"8854",2018,88,0.220443416627858
"8855",2018,89,0.253793910595321
"8856",2018,90,0.202611483368363
"8857",2018,91,0.222458010800465
"8858",2018,92,0.229896361906611
"8859",2018,93,0.187677913100376
"8860",2018,94,0.25124178125602
"8861",2018,95,0.250870716144642
"8862",2018,96,0.18249766300911
"8863",2018,97,0.214999630447861
"8864",2018,98,0.288833251104287
"8865",2018,99,0.295226151800049
"8866",2018,100,0.331152709935964
"8867",2018,101,0.382099412608232
"8868",2018,102,0.364885554138497
"8869",2018,103,0.28240403854735
"8870",2018,104,0.29730406774557
"8871",2018,105,0.315329583374762
"8872",2018,106,0.369745964961247
"8873",2018,107,0.335983643501323
"8874",2018,108,0.319920018799393
"8875",2018,109,0.346698432005482
"8876",2018,110,0.349561361470415
"8877",2018,111,0.361625271358575
"8878",2018,112,0.383622443609229
"8879",2018,113,0.388533003564248
"8880",2018,114,0.312393513438731
"8881",2018,115,0.383534409007519
"8882",2018,116,0.398724522295369
"8883",2018,117,0.407327634378345
"8884",2018,118,0.454341852328714
"8885",2018,119,0.478889825069947
"8886",2018,120,0.411088071164154
"8887",2018,121,0.395707376301082
"8888",2018,122,0.375520718465065
"8889",2018,123,0.425385710682858
"8890",2018,124,0.44855929398056
"8891",2018,125,0.469993734871945
"8892",2018,126,0.495712352679664
"8893",2018,127,0.533713279565593
"8894",2018,128,0.493197434815983
"8895",2018,129,0.490894921855316
"8896",2018,130,0.496968921679423
"8897",2018,131,0.435066710164983
"8898",2018,132,0.397581251811902
"8899",2018,133,0.46807359657089
"8900",2018,134,0.468619257979636
"8901",2018,135,0.486684611421206
"8902",2018,136,0.529437788872672
"8903",2018,137,0.537357722567814
"8904",2018,138,0.501427090523271
"8905",2018,139,0.425824262352659
"8906",2018,140,0.446088078921792
"8907",2018,141,0.508986409105309
"8908",2018,142,0.531991776471985
"8909",2018,143,0.535849726207484
"8910",2018,144,0.555524895339156
"8911",2018,145,0.570185286275829
"8912",2018,146,0.600589974159666
"8913",2018,147,0.588954297358289
"8914",2018,148,0.549120979201308
"8915",2018,149,0.525524262965764
"8916",2018,150,0.565467808928286
"8917",2018,151,0.596574711603903
"8918",2018,152,0.577376682783875
"8919",2018,153,0.527471006652823
"8920",2018,154,0.544885999978429
"8921",2018,155,0.599517164597035
"8922",2018,156,0.618246055820887
"8923",2018,157,0.597719011945899
"8924",2018,158,0.621373189349257
"8925",2018,159,0.615467805847134
"8926",2018,160,0.631907213526506
"8927",2018,161,0.651915359579182
"8928",2018,162,0.57196440484743
"8929",2018,163,0.545946304879398
"8930",2018,164,0.621462077663539
"8931",2018,165,0.668520351831591
"8932",2018,166,0.62977557388696
"8933",2018,167,0.579239739629267
"8934",2018,168,0.541357433853353
"8935",2018,169,0.540609115682288
"8936",2018,170,0.551975699539922
"8937",2018,171,0.558367056175605
"8938",2018,172,0.590961041165827
"8939",2018,173,0.597631798775245
"8940",2018,174,0.602210410917129
"8941",2018,175,0.568028995360379
"8942",2018,176,0.60976481094623
"8943",2018,177,0.653641298058199
"8944",2018,178,0.674232414410653
"8945",2018,179,0.696034303994685
"8946",2018,180,0.65733852263024
"8947",2018,181,0.577140334797371
"8948",2018,182,0.601245288726486
"8949",2018,183,0.655854956344754
"8950",2018,184,0.65168937382741
"8951",2018,185,0.618605538501729
"8952",2018,186,0.65348068899461
"8953",2018,187,0.719077651526734
"8954",2018,188,0.728834541110318
"8955",2018,189,0.714783927336725
"8956",2018,190,0.737179738902927
"8957",2018,191,0.740189040732569
"8958",2018,192,0.70194598060033
"8959",2018,193,0.664303755387443
"8960",2018,194,0.685375502044683
"8961",2018,195,0.71201583513624
"8962",2018,196,0.67107390195626
"8963",2018,197,0.672461033961758
"8964",2018,198,0.662705443382163
"8965",2018,199,0.658295214222127
"8966",2018,200,0.67796017121189
"8967",2018,201,0.672317632355424
"8968",2018,202,0.708853664653276
"8969",2018,203,0.658643254839696
"8970",2018,204,0.646463936469204
"8971",2018,205,0.657385686653807
"8972",2018,206,0.628303291614013
"8973",2018,207,0.608352503920919
"8974",2018,208,0.604441906868779
"8975",2018,209,0.591545285923148
"8976",2018,210,0.586468580077367
"8977",2018,211,0.587580251283278
"8978",2018,212,0.607882009759439
"8979",2018,213,0.626927401176177
"8980",2018,214,0.656197993418592
"8981",2018,215,0.659719964991048
"8982",2018,216,0.613504205910994
"8983",2018,217,0.599600334366093
"8984",2018,218,0.580339053373212
"8985",2018,219,0.599788916784563
"8986",2018,220,0.614130525249563
"8987",2018,221,0.624702295434385
"8988",2018,222,0.62027564149432
"8989",2018,223,0.636823719807597
"8990",2018,224,0.636797689822871
"8991",2018,225,0.60371100575899
"8992",2018,226,0.57174589771215
"8993",2018,227,0.57706110378776
"8994",2018,228,0.576881098897892
"8995",2018,229,0.586732767295176
"8996",2018,230,0.552469921719195
"8997",2018,231,0.499952768362951
"8998",2018,232,0.47630210765649
"8999",2018,233,0.472182669734173
"9000",2018,234,0.539029229899803
"9001",2018,235,0.540642063264825
"9002",2018,236,0.544441587404945
"9003",2018,237,0.543384249706534
"9004",2018,238,0.53895171231208
"9005",2018,239,0.498959328101469
"9006",2018,240,0.448745891299754
"9007",2018,241,0.476628104173061
"9008",2018,242,0.497441530007809
"9009",2018,243,0.498274925482621
"9010",2018,244,0.487777794758981
"9011",2018,245,0.464039548512229
"9012",2018,246,0.495175654777711
"9013",2018,247,0.461229675422783
"9014",2018,248,0.447908027384064
"9015",2018,249,0.46565900686098
"9016",2018,250,0.445177968728379
"9017",2018,251,0.459320061427718
"9018",2018,252,0.439257714112565
"9019",2018,253,0.436897005932107
"9020",2018,254,0.436483393024692
"9021",2018,255,0.457274821455469
"9022",2018,256,0.430056275931624
"9023",2018,257,0.416545407692872
"9024",2018,258,0.438507768301633
"9025",2018,259,0.430849059710804
"9026",2018,260,0.417336605566172
"9027",2018,261,0.386794569421865
"9028",2018,262,0.362558529662934
"9029",2018,263,0.329349041557898
"9030",2018,264,0.316646236530766
"9031",2018,265,0.340668645036241
"9032",2018,266,0.350350668597366
"9033",2018,267,0.297865855475781
"9034",2018,268,0.262819684150927
"9035",2018,269,0.266865386457128
"9036",2018,270,0.271979507880854
"9037",2018,271,0.21868236557135
"9038",2018,272,0.226751983282824
"9039",2018,273,0.223397119489908
"9040",2018,274,0.260308438172077
"9041",2018,275,0.284195595541854
"9042",2018,276,0.255491392076137
"9043",2018,277,0.213046858312894
"9044",2018,278,0.20198533327467
"9045",2018,279,0.188942355584265
"9046",2018,280,0.176596174135569
"9047",2018,281,0.159846474162423
"9048",2018,282,0.152281949120041
"9049",2018,283,0.143278800864423
"9050",2018,284,0.147748356636272
"9051",2018,285,0.168477728717995
"9052",2018,286,0.143123615644387
"9053",2018,287,0.102087980581047
"9054",2018,288,0.121303376607204
"9055",2018,289,0.150560912088437
"9056",2018,290,0.156604649621748
"9057",2018,291,0.166780851643705
"9058",2018,292,0.159577293291764
"9059",2018,293,0.155669292029907
"9060",2018,294,0.167846462993238
"9061",2018,295,0.15224674979491
"9062",2018,296,0.152442864485109
"9063",2018,297,0.158576810852676
"9064",2018,298,0.148004993740384
"9065",2018,299,0.144501465314328
"9066",2018,300,0.143923004987481
"9067",2018,301,0.135399047257511
"9068",2018,302,0.137865029554375
"9069",2018,303,0.103531467605895
"9070",2018,304,0.0982740495349692
"9071",2018,305,0.102403087766789
"9072",2018,306,0.109519691988724
"9073",2018,307,0.097237835186022
"9074",2018,308,0.0957019325610163
"9075",2018,309,0.0932502948460819
"9076",2018,310,0.0757723942721
"9077",2018,311,0.0662893145577901
"9078",2018,312,0.0640473222647632
"9079",2018,313,0.0588872946937044
"9080",2018,314,0.0661882608210261
"9081",2018,315,0.0602781889065709
"9082",2018,316,0.0521157910068346
"9083",2018,317,0.0754826298618641
"9084",2018,318,0.0893534556187231
"9085",2018,319,0.0785180596750762
"9086",2018,320,0.0726866745598967
"9087",2018,321,0.0466387040214987
"9088",2018,322,0.042508946931208
"9089",2018,323,0.0591607559280459
"9090",2018,324,0.0679968240791761
"9091",2018,325,0.0741001133153269
"9092",2018,326,0.0733276641615808
"9093",2018,327,0.0699749396857265
"9094",2018,328,0.0539926466756837
"9095",2018,329,0.047715438639602
"9096",2018,330,0.0440815703080119
"9097",2018,331,0.0545706638316646
"9098",2018,332,0.0666957289292552
"9099",2018,333,0.0617246079157406
"9100",2018,334,0.0575964057541557
"9101",2018,335,0.0504547107778174
"9102",2018,336,0.0451541943305176
"9103",2018,337,0.0399006309274595
"9104",2018,338,0.0386354983158456
"9105",2018,339,0.0354142099959904
"9106",2018,340,0.03140773602991
"9107",2018,341,0.0311638472607367
"9108",2018,342,0.0368892177263513
"9109",2018,343,0.0406818675918048
"9110",2018,344,0.0437166981180707
"9111",2018,345,0.0447623377250949
"9112",2018,346,0.050856374996064
"9113",2018,347,0.0372094990103206
"9114",2018,348,0.050828593622102
"9115",2018,349,0.0570506680925378
"9116",2018,350,0.0541357887134689
"9117",2018,351,0.0598460038094886
"9118",2018,352,0.0577326295222042
"9119",2018,353,0.0540139810138392
"9120",2018,354,0.045965759931937
"9121",2018,355,0.0554824889369664
"9122",2018,356,0.0392312996232235
"9123",2018,357,0.0393554979548968
"9124",2018,358,0.0446889917740307
"9125",2018,359,0.0380111130929183
"9126",2018,360,0.0367662917700974
"9127",2018,361,0.032066880382575
"9128",2018,362,0.0281454122564641
"9129",2018,363,0.0297796678779529
"9130",2018,364,0.0417797134594575
"9131",2018,365,0.0263714937207569
"9132",2018,366,0.0660057519828484
"9133",2019,1,0.0169159153004293
"9134",2019,2,0.0257305514041445
"9135",2019,3,0.041870391389948
"9136",2019,4,0.0524821149603542
"9137",2019,5,0.0575176894975072
"9138",2019,6,0.0619964575746909
"9139",2019,7,0.0583022672615716
"9140",2019,8,0.0452743027458659
"9141",2019,9,0.0476097016046163
"9142",2019,10,0.061927494292761
"9143",2019,11,0.0609900421701185
"9144",2019,12,0.0546009310446161
"9145",2019,13,0.0493833914923929
"9146",2019,14,0.0546076725409146
"9147",2019,15,0.0550898734338742
"9148",2019,16,0.0588030814250007
"9149",2019,17,0.067961684857291
"9150",2019,18,0.0563467660336633
"9151",2019,19,0.0588639683424757
"9152",2019,20,0.0736362442345755
"9153",2019,21,0.0737022416497121
"9154",2019,22,0.0539154963959936
"9155",2019,23,0.0537700791527664
"9156",2019,24,0.0459138767510962
"9157",2019,25,0.0543997087454201
"9158",2019,26,0.0693209524747742
"9159",2019,27,0.0895333503866685
"9160",2019,28,0.062270719387722
"9161",2019,29,0.0513365035969789
"9162",2019,30,0.0602685954485976
"9163",2019,31,0.0782611298349223
"9164",2019,32,0.101679675748142
"9165",2019,33,0.109106173065733
"9166",2019,34,0.0934235282519754
"9167",2019,35,0.0485623186601671
"9168",2019,36,0.0511469493261492
"9169",2019,37,0.0377839675456715
"9170",2019,38,0.0301091081221075
"9171",2019,39,0.0405025594409111
"9172",2019,40,0.0456827353683652
"9173",2019,41,0.0517053696891594
"9174",2019,42,0.0658171362635712
"9175",2019,43,0.0869492457625027
"9176",2019,44,0.111492613004314
"9177",2019,45,0.0924593217015954
"9178",2019,46,0.0916653131088632
"9179",2019,47,0.0888315559520505
"9180",2019,48,0.0565136641921928
"9181",2019,49,0.046565020114028
"9182",2019,50,0.0622289609152493
"9183",2019,51,0.073136329696597
"9184",2019,52,0.0672870154859197
"9185",2019,53,0.0730347504771603
"9186",2019,54,0.0815735080846977
"9187",2019,55,0.076693862201576
"9188",2019,56,0.063872026879908
"9189",2019,57,0.0748231151427144
"9190",2019,58,0.0753041141522082
"9191",2019,59,0.101615427100008
"9192",2019,60,0.111896595742573
"9193",2019,61,0.0643732960338579
"9194",2019,62,0.0449296199811026
"9195",2019,63,0.0580528131628346
"9196",2019,64,0.0859879153479501
"9197",2019,65,0.0966963539005282
"9198",2019,66,0.108670180826527
"9199",2019,67,0.118254502757104
"9200",2019,68,0.127561358406374
"9201",2019,69,0.119163002863824
"9202",2019,70,0.138729114066805
"9203",2019,71,0.177189770366431
"9204",2019,72,0.164683690192745
"9205",2019,73,0.146375751324697
"9206",2019,74,0.138478407935073
"9207",2019,75,0.153549429540817
"9208",2019,76,0.168667088382952
"9209",2019,77,0.184532606391469
"9210",2019,78,0.18657063304921
"9211",2019,79,0.213312645232049
"9212",2019,80,0.225995621259184
"9213",2019,81,0.21926892839395
"9214",2019,82,0.226398160839669
"9215",2019,83,0.234108731912236
"9216",2019,84,0.249502745736709
"9217",2019,85,0.2680612817814
"9218",2019,86,0.279836352561333
"9219",2019,87,0.245928861830086
"9220",2019,88,0.221777520392227
"9221",2019,89,0.227708897431123
"9222",2019,90,0.252124043425897
"9223",2019,91,0.24977388774304
"9224",2019,92,0.253255485449947
"9225",2019,93,0.260251287371974
"9226",2019,94,0.32389761301265
"9227",2019,95,0.33865622565601
"9228",2019,96,0.34426896832577
"9229",2019,97,0.340419854391825
"9230",2019,98,0.347100675794308
"9231",2019,99,0.35378809771764
"9232",2019,100,0.254248711142743
"9233",2019,101,0.20055562039945
"9234",2019,102,0.229218477881582
"9235",2019,103,0.266224242688767
"9236",2019,104,0.320561394773014
"9237",2019,105,0.346476136590415
"9238",2019,106,0.388849096368253
"9239",2019,107,0.365733942754276
"9240",2019,108,0.361030966603214
"9241",2019,109,0.39963167998328
"9242",2019,110,0.439995052147993
"9243",2019,111,0.390059333497101
"9244",2019,112,0.365278859266617
"9245",2019,113,0.400507161713737
"9246",2019,114,0.426317404653845
"9247",2019,115,0.389033466064054
"9248",2019,116,0.403531425425541
"9249",2019,117,0.391463829837147
"9250",2019,118,0.359397248446717
"9251",2019,119,0.300343883779182
"9252",2019,120,0.294426690945409
"9253",2019,121,0.31167147706714
"9254",2019,122,0.352427679340061
"9255",2019,123,0.389686480888553
"9256",2019,124,0.418189194680544
"9257",2019,125,0.404106862454569
"9258",2019,126,0.37539945497172
"9259",2019,127,0.364970179144116
"9260",2019,128,0.340652502416721
"9261",2019,129,0.349156052971286
"9262",2019,130,0.380652470747015
"9263",2019,131,0.408502324932653
"9264",2019,132,0.435259026110123
"9265",2019,133,0.498114587825827
"9266",2019,134,0.504326411515306
"9267",2019,135,0.526477846827414
"9268",2019,136,0.519965727444489
"9269",2019,137,0.439743771440345
"9270",2019,138,0.368408763856131
"9271",2019,139,0.356646462120173
"9272",2019,140,0.353957927109473
"9273",2019,141,0.338736944382829
"9274",2019,142,0.364991923234201
"9275",2019,143,0.383327621526655
"9276",2019,144,0.456147931199075
"9277",2019,145,0.473763871300728
"9278",2019,146,0.521476445595714
"9279",2019,147,0.501281974443403
"9280",2019,148,0.439421982835786
"9281",2019,149,0.486683513764835
"9282",2019,150,0.504739240140539
"9283",2019,151,0.530322745643525
"9284",2019,152,0.53869600875108
"9285",2019,153,0.571718238368858
"9286",2019,154,0.59080490801828
"9287",2019,155,0.575947233698799
"9288",2019,156,0.5815140662541
"9289",2019,157,0.592514851778019
"9290",2019,158,0.625437569823421
"9291",2019,159,0.516165105308098
"9292",2019,160,0.481506276047931
"9293",2019,161,0.501870006125902
"9294",2019,162,0.521039865625589
"9295",2019,163,0.546918057778931
"9296",2019,164,0.576017818474904
"9297",2019,165,0.596494096685278
"9298",2019,166,0.57949638330292
"9299",2019,167,0.581135430913668
"9300",2019,168,0.579672675366907
"9301",2019,169,0.578009696066342
"9302",2019,170,0.599682808607155
"9303",2019,171,0.565133423409774
"9304",2019,172,0.535429797658536
"9305",2019,173,0.548087182554616
"9306",2019,174,0.557778080363332
"9307",2019,175,0.578373943757282
"9308",2019,176,0.591993418412806
"9309",2019,177,0.62429178907355
"9310",2019,178,0.652282017656472
"9311",2019,179,0.667881714389525
"9312",2019,180,0.674431733714577
"9313",2019,181,0.663395520420545
"9314",2019,182,0.639505860839021
"9315",2019,183,0.645436507820584
"9316",2019,184,0.630460622784194
"9317",2019,185,0.630223023911169
"9318",2019,186,0.616278565299987
"9319",2019,187,0.601967439277789
"9320",2019,188,0.635514327037878
"9321",2019,189,0.654742053253054
"9322",2019,190,0.611651117936691
"9323",2019,191,0.608856956256821
"9324",2019,192,0.673235936108632
"9325",2019,193,0.686490771389153
"9326",2019,194,0.689188365827869
"9327",2019,195,0.708334047878503
"9328",2019,196,0.679818669938322
"9329",2019,197,0.660210248601848
"9330",2019,198,0.651794777995047
"9331",2019,199,0.689686551576285
"9332",2019,200,0.688378861617629
"9333",2019,201,0.64229085601221
"9334",2019,202,0.635570907712583
"9335",2019,203,0.640273397663744
"9336",2019,204,0.664867802970889
"9337",2019,205,0.690327915906277
"9338",2019,206,0.666063336719205
"9339",2019,207,0.663402990427499
"9340",2019,208,0.637781035408294
"9341",2019,209,0.642805163752453
"9342",2019,210,0.631203286162197
"9343",2019,211,0.66332563005692
"9344",2019,212,0.663714481362328
"9345",2019,213,0.639103195160049
"9346",2019,214,0.647840028980892
"9347",2019,215,0.656698686235436
"9348",2019,216,0.654266446307268
"9349",2019,217,0.649252118623668
"9350",2019,218,0.65614786984445
"9351",2019,219,0.645563359139214
"9352",2019,220,0.632250573469557
"9353",2019,221,0.631916828840136
"9354",2019,222,0.638648461978708
"9355",2019,223,0.607265194618259
"9356",2019,224,0.590997832853778
"9357",2019,225,0.574028414577697
"9358",2019,226,0.574845542913193
"9359",2019,227,0.579276089400497
"9360",2019,228,0.574211295589603
"9361",2019,229,0.569374913332842
"9362",2019,230,0.560840385324508
"9363",2019,231,0.591673057502797
"9364",2019,232,0.575787501300513
"9365",2019,233,0.552436631617367
"9366",2019,234,0.56699852074562
"9367",2019,235,0.554093971351525
"9368",2019,236,0.536943217914864
"9369",2019,237,0.535355387591009
"9370",2019,238,0.488767968335956
"9371",2019,239,0.45689818701975
"9372",2019,240,0.494182083592972
"9373",2019,241,0.485037265076919
"9374",2019,242,0.493873806985477
"9375",2019,243,0.501588909118915
"9376",2019,244,0.519685183760178
"9377",2019,245,0.548460235955815
"9378",2019,246,0.491269813161133
"9379",2019,247,0.522560035669937
"9380",2019,248,0.498321812245888
"9381",2019,249,0.488871677866377
"9382",2019,250,0.443123715123071
"9383",2019,251,0.398343123328894
"9384",2019,252,0.418287751026212
"9385",2019,253,0.406249504087731
"9386",2019,254,0.381488408355124
"9387",2019,255,0.370275037271552
"9388",2019,256,0.380038807745517
"9389",2019,257,0.40241239722379
"9390",2019,258,0.42316694064129
"9391",2019,259,0.423080298001609
"9392",2019,260,0.400910974178675
"9393",2019,261,0.352685854261056
"9394",2019,262,0.382656269959638
"9395",2019,263,0.367481061355261
"9396",2019,264,0.310413705417734
"9397",2019,265,0.308713822857194
"9398",2019,266,0.325310477007231
"9399",2019,267,0.321845970462923
"9400",2019,268,0.301460708489837
"9401",2019,269,0.319941011763498
"9402",2019,270,0.27066135363431
"9403",2019,271,0.259793337525634
"9404",2019,272,0.295492016914533
"9405",2019,273,0.240330645535022
"9406",2019,274,0.201817684197207
"9407",2019,275,0.203963883397835
"9408",2019,276,0.215820862264115
"9409",2019,277,0.231942429631595
"9410",2019,278,0.218152163954547
"9411",2019,279,0.202119371749302
"9412",2019,280,0.209566756895349
"9413",2019,281,0.228460504634222
"9414",2019,282,0.178680321073061
"9415",2019,283,0.111945692762795
"9416",2019,284,0.129474388193826
"9417",2019,285,0.148286986712211
"9418",2019,286,0.16254309148709
"9419",2019,287,0.174858693549093
"9420",2019,288,0.153699352861044
"9421",2019,289,0.175951291566309
"9422",2019,290,0.179946525433752
"9423",2019,291,0.158354810343657
"9424",2019,292,0.143215424129035
"9425",2019,293,0.129392566307217
"9426",2019,294,0.121924928711056
"9427",2019,295,0.129077993951262
"9428",2019,296,0.119375250165249
"9429",2019,297,0.10973454316237
"9430",2019,298,0.130708913949545
"9431",2019,299,0.119053556949585
"9432",2019,300,0.0698218073538633
"9433",2019,301,0.0600457629310316
"9434",2019,302,0.0495169186170845
"9435",2019,303,0.0508030983933322
"9436",2019,304,0.0702160439465931
"9437",2019,305,0.0772892932380288
"9438",2019,306,0.0818121667004564
"9439",2019,307,0.088556515289626
"9440",2019,308,0.0837369548035408
"9441",2019,309,0.09800843007765
"9442",2019,310,0.0714814843705954
"9443",2019,311,0.0745717365984257
"9444",2019,312,0.0925373677643147
"9445",2019,313,0.103448296337606
"9446",2019,314,0.0734581814482952
"9447",2019,315,0.0374905888963088
"9448",2019,316,0.0535502065334484
"9449",2019,317,0.0666661094503552
"9450",2019,318,0.0805608609832603
"9451",2019,319,0.0841582820639347
"9452",2019,320,0.0748229317273595
"9453",2019,321,0.074081636400655
"9454",2019,322,0.0835603261514197
"9455",2019,323,0.0806729604412648
"9456",2019,324,0.0657100543169391
"9457",2019,325,0.0491116415715257
"9458",2019,326,0.0491260658502613
"9459",2019,327,0.0574777840976872
"9460",2019,328,0.0701734851586305
"9461",2019,329,0.0554134555988825
"9462",2019,330,0.0432053696632231
"9463",2019,331,0.0343765941010681
"9464",2019,332,0.037243233518376
"9465",2019,333,0.0429381919346672
"9466",2019,334,0.0393095421578935
"9467",2019,335,0.0370405865764812
"9468",2019,336,0.0413230712681893
"9469",2019,337,0.047931581113642
"9470",2019,338,0.0500475673662907
"9471",2019,339,0.0436842831376038
"9472",2019,340,0.0404671909003974
"9473",2019,341,0.0486844141740416
"9474",2019,342,0.0523743251125086
"9475",2019,343,0.0332167473644151
"9476",2019,344,0.0372657987839866
"9477",2019,345,0.0438100968716397
"9478",2019,346,0.0525862807052657
"9479",2019,347,0.04298058150659
"9480",2019,348,0.0378917096974747
"9481",2019,349,0.0338762117862936
"9482",2019,350,0.030673758476296
"9483",2019,351,0.0345730603259142
"9484",2019,352,0.0441081611599159
"9485",2019,353,0.0446334710299548
"9486",2019,354,0.0439494879471418
"9487",2019,355,0.0552894034065149
"9488",2019,356,0.0604951048201185
"9489",2019,357,0.0599191337022312
"9490",2019,358,0.0625403447570767
"9491",2019,359,0.0526665873075149
"9492",2019,360,0.0434054917027999
"9493",2019,361,0.0410744737998828
"9494",2019,362,0.0368429200548456
"9495",2019,363,0.0376312718367239
"9496",2019,364,0.0374151717313605
"9497",2019,365,0.0403268803140183
"9498",2020,1,0.0489896015087255
"9499",2020,2,0.0562195542061993
"9500",2020,3,0.0467387985557074
"9501",2020,4,0.0606545767337488
"9502",2020,5,0.0486467860487816
"9503",2020,6,0.046472776135796
"9504",2020,7,0.0596299171688995
"9505",2020,8,0.0615492544137176
"9506",2020,9,0.0522312070732383
"9507",2020,10,0.0364721885322167
"9508",2020,11,0.0385815416152608
"9509",2020,12,0.0458811409628023
"9510",2020,13,0.050069415141585
"9511",2020,14,0.052142254281532
"9512",2020,15,0.0415885515975785
"9513",2020,16,0.0494642929797821
"9514",2020,17,0.0590830428277362
"9515",2020,18,0.0501647768766192
"9516",2020,19,0.0565866904096085
"9517",2020,20,0.0613923419550283
"9518",2020,21,0.0796672971532115
"9519",2020,22,0.0762101804946718
"9520",2020,23,0.0682533252538188
"9521",2020,24,0.0826179165806781
"9522",2020,25,0.0846567842792656
"9523",2020,26,0.0840163106124695
"9524",2020,27,0.0687051003060934
"9525",2020,28,0.0697055677411077
"9526",2020,29,0.072889912494208
"9527",2020,30,0.0727017831105632
"9528",2020,31,0.0812705017603795
"9529",2020,32,0.102096004294451
"9530",2020,33,0.10875463950796
"9531",2020,34,0.0710099532922408
"9532",2020,35,0.0516468343216807
"9533",2020,36,0.0446177318751552
"9534",2020,37,0.0696985368647134
"9535",2020,38,0.0775731606107999
"9536",2020,39,0.0892251182500196
"9537",2020,40,0.083416045141925
"9538",2020,41,0.0799954351072204
"9539",2020,42,0.0792869970252878
"9540",2020,43,0.0817801109401863
"9541",2020,44,0.0732758500073819
"9542",2020,45,0.0997182662976448
"9543",2020,46,0.0999420744740445
"9544",2020,47,0.113953033956706
"9545",2020,48,0.103775326846943
"9546",2020,49,0.0857151793661078
"9547",2020,50,0.0791711333862669
"9548",2020,51,0.0855937722632279
"9549",2020,52,0.111776698211034
"9550",2020,53,0.135083489836903
"9551",2020,54,0.13315525050027
"9552",2020,55,0.124797680807157
"9553",2020,56,0.102136122557225
"9554",2020,57,0.0966651919533194
"9555",2020,58,0.12834765425321
"9556",2020,59,0.157919320318484
"9557",2020,60,0.173852598499319
"9558",2020,61,0.142917922786765
"9559",2020,62,0.138818146725401
"9560",2020,63,0.161977951451069
"9561",2020,64,0.178241657299808
"9562",2020,65,0.16591553583275
"9563",2020,66,0.197953088712878
"9564",2020,67,0.220784206537136
"9565",2020,68,0.198816837672579
"9566",2020,69,0.194522617885286
"9567",2020,70,0.194600082318529
"9568",2020,71,0.220704171451254
"9569",2020,72,0.183212035871783
"9570",2020,73,0.136273000900967
"9571",2020,74,0.153020003837282
"9572",2020,75,0.195707057966018
"9573",2020,76,0.160937863717804
"9574",2020,77,0.221203212989507
"9575",2020,78,0.209417869103386
"9576",2020,79,0.179496768635293
"9577",2020,80,0.151693932642644
"9578",2020,81,0.208648285563323
"9579",2020,82,0.222354679381712
"9580",2020,83,0.228855014573672
"9581",2020,84,0.255235051945274
"9582",2020,85,0.250770688009821
"9583",2020,86,0.253702831851307
"9584",2020,87,0.233951649313052
"9585",2020,88,0.242462948713191
"9586",2020,89,0.255862172017998
"9587",2020,90,0.278848908952607
"9588",2020,91,0.303120239781937
"9589",2020,92,0.253801432341699
"9590",2020,93,0.136206262656611
"9591",2020,94,0.143754362491599
"9592",2020,95,0.240256699208077
"9593",2020,96,0.301070221541002
"9594",2020,97,0.329907487259349
"9595",2020,98,0.343085109925513
"9596",2020,99,0.300664329303016
"9597",2020,100,0.282247519237657
"9598",2020,101,0.326856834375905
"9599",2020,102,0.302628652412406
"9600",2020,103,0.196837323548245
"9601",2020,104,0.16623503710966
"9602",2020,105,0.206859713844764
"9603",2020,106,0.26384231031063
"9604",2020,107,0.240087803476761
"9605",2020,108,0.292759308486733
"9606",2020,109,0.340170666868347
"9607",2020,110,0.348459600186193
"9608",2020,111,0.365085967077662
"9609",2020,112,0.386798518638024
"9610",2020,113,0.393982656289204
"9611",2020,114,0.39752932088439
"9612",2020,115,0.375013647344527
"9613",2020,116,0.380134938263105
"9614",2020,117,0.409875803660631
"9615",2020,118,0.437116923106276
"9616",2020,119,0.399697630670747
"9617",2020,120,0.417636925200976
"9618",2020,121,0.469224800450075
"9619",2020,122,0.455605108809936
"9620",2020,123,0.444550263677368
"9621",2020,124,0.472467920332897
"9622",2020,125,0.418871367980979
"9623",2020,126,0.40050383095531
"9624",2020,127,0.398752624091002
"9625",2020,128,0.395259041640554
"9626",2020,129,0.390001990942516
"9627",2020,130,0.37992318141783
"9628",2020,131,0.367784776212054
"9629",2020,132,0.362865880456663
"9630",2020,133,0.422907464603407
"9631",2020,134,0.457193612948663
"9632",2020,135,0.447057449288451
"9633",2020,136,0.461169103923215
"9634",2020,137,0.446368255733741
"9635",2020,138,0.465826664189749
"9636",2020,139,0.538256483077543
"9637",2020,140,0.587953305979594
"9638",2020,141,0.573818675175955
"9639",2020,142,0.514092696962004
"9640",2020,143,0.525148571645894
"9641",2020,144,0.506685880040951
"9642",2020,145,0.455987111776268
"9643",2020,146,0.465638332776132
"9644",2020,147,0.500766682839143
"9645",2020,148,0.52651440152202
"9646",2020,149,0.510079887362822
"9647",2020,150,0.570835804200692
"9648",2020,151,0.568126226906718
"9649",2020,152,0.635942616286982
"9650",2020,153,0.651914258173996
"9651",2020,154,0.612101957828605
"9652",2020,155,0.610294609630542
"9653",2020,156,0.604563922803518
"9654",2020,157,0.610262170816494
"9655",2020,158,0.619238584844078
"9656",2020,159,0.582680655962401
"9657",2020,160,0.549460567066361
"9658",2020,161,0.524500853437825
"9659",2020,162,0.548906744765722
"9660",2020,163,0.579550009287324
"9661",2020,164,0.630118712432728
"9662",2020,165,0.674958044111977
"9663",2020,166,0.655964687907099
"9664",2020,167,0.626147746235467
"9665",2020,168,0.652549474147277
"9666",2020,169,0.599494785528066
"9667",2020,170,0.552445027304425
"9668",2020,171,0.553676993378018
"9669",2020,172,0.601979393386354
"9670",2020,173,0.61499991986675
"9671",2020,174,0.606754443401839
"9672",2020,175,0.625621343796162
"9673",2020,176,0.65045280470359
"9674",2020,177,0.660360944199945
"9675",2020,178,0.646488723802741
"9676",2020,179,0.680714602072852
"9677",2020,180,0.686389947552957
"9678",2020,181,0.673183739783761
"9679",2020,182,0.604916395634412
"9680",2020,183,0.636313375900663
"9681",2020,184,0.69596482232458
"9682",2020,185,0.69026104310056
"9683",2020,186,0.699987877420132
"9684",2020,187,0.687215218572303
"9685",2020,188,0.671798661872667
"9686",2020,189,0.716850212542947
"9687",2020,190,0.686428641582432
"9688",2020,191,0.673264915782911
"9689",2020,192,0.712149670010307
"9690",2020,193,0.676428745979858
"9691",2020,194,0.70704573591657
"9692",2020,195,0.702687463638123
"9693",2020,196,0.639044519849065
"9694",2020,197,0.648962155802138
"9695",2020,198,0.670051133172233
"9696",2020,199,0.73148764374323
"9697",2020,200,0.686248639028927
"9698",2020,201,0.679481668247774
"9699",2020,202,0.653791096055472
"9700",2020,203,0.653582892473494
"9701",2020,204,0.690250784175811
"9702",2020,205,0.71929901566161
"9703",2020,206,0.683967333990903
"9704",2020,207,0.693286658756122
"9705",2020,208,0.654505598212434
"9706",2020,209,0.662997284616788
"9707",2020,210,0.66605754692677
"9708",2020,211,0.634245288659403
"9709",2020,212,0.640287726831738
"9710",2020,213,0.648220647597516
"9711",2020,214,0.637868658441012
"9712",2020,215,0.632089575238949
"9713",2020,216,0.643664824881467
"9714",2020,217,0.633207516963862
"9715",2020,218,0.633027916266834
"9716",2020,219,0.643106660744929
"9717",2020,220,0.669032696492048
"9718",2020,221,0.644867378637409
"9719",2020,222,0.609814089766029
"9720",2020,223,0.607459047399638
"9721",2020,224,0.64102788770306
"9722",2020,225,0.650935637841996
"9723",2020,226,0.640630644675276
"9724",2020,227,0.590261861832921
"9725",2020,228,0.591109872111198
"9726",2020,229,0.597634618196917
"9727",2020,230,0.616015829521528
"9728",2020,231,0.622088879111237
"9729",2020,232,0.626282934356252
"9730",2020,233,0.608125260855716
"9731",2020,234,0.597186948258708
"9732",2020,235,0.594012324605388
"9733",2020,236,0.611839316149171
"9734",2020,237,0.610027016983025
"9735",2020,238,0.608518688426477
"9736",2020,239,0.579160967688543
"9737",2020,240,0.567836141727043
"9738",2020,241,0.513682110145527
"9739",2020,242,0.518394623220232
"9740",2020,243,0.488208943196563
"9741",2020,244,0.400024192369403
"9742",2020,245,0.431690295139832
"9743",2020,246,0.489550538348695
"9744",2020,247,0.453673887683966
"9745",2020,248,0.464333355115439
"9746",2020,249,0.502850496298064
"9747",2020,250,0.494866976569096
"9748",2020,251,0.379749185124686
"9749",2020,252,0.265526507929713
"9750",2020,253,0.279725105314517
"9751",2020,254,0.306042115183334
"9752",2020,255,0.32043191050431
"9753",2020,256,0.386577010947943
"9754",2020,257,0.396316921296032
"9755",2020,258,0.410434987257805
"9756",2020,259,0.40343975566426
"9757",2020,260,0.362685518133808
"9758",2020,261,0.361553260344525
"9759",2020,262,0.366969265762898
"9760",2020,263,0.380028918605138
"9761",2020,264,0.350382426295721
"9762",2020,265,0.333927533197407
"9763",2020,266,0.342854948190911
"9764",2020,267,0.348687053246252
"9765",2020,268,0.35413834400089
"9766",2020,269,0.320840524465706
"9767",2020,270,0.301691989379433
"9768",2020,271,0.24740829343899
"9769",2020,272,0.240593143477047
"9770",2020,273,0.277796971265984
"9771",2020,274,0.25441292450608
"9772",2020,275,0.23301118817148
"9773",2020,276,0.243853789528527
"9774",2020,277,0.233383319083293
"9775",2020,278,0.252812375945691
"9776",2020,279,0.243142884760951
"9777",2020,280,0.250471664616089
"9778",2020,281,0.241031423805533
"9779",2020,282,0.24452227780661
"9780",2020,283,0.232723222760824
"9781",2020,284,0.232304373316744
"9782",2020,285,0.197256365576151
"9783",2020,286,0.181869841232389
"9784",2020,287,0.176351841359985
"9785",2020,288,0.165266549937325
"9786",2020,289,0.138831481222262
"9787",2020,290,0.150114968717018
"9788",2020,291,0.133202283626375
"9789",2020,292,0.108260592764612
"9790",2020,293,0.129190053066034
"9791",2020,294,0.130810061357952
"9792",2020,295,0.128945105923606
"9793",2020,296,0.0982718934538306
"9794",2020,297,0.0735092720063272
"9795",2020,298,0.0749671029487385
"9796",2020,299,0.0530968674707612
"9797",2020,300,0.0446969216515463
"9798",2020,301,0.0696962118050347
"9799",2020,302,0.0942034317472787
"9800",2020,303,0.119961771948499
"9801",2020,304,0.124604177129809
"9802",2020,305,0.111925828185118
"9803",2020,306,0.108733382160676
"9804",2020,307,0.122490843207641
"9805",2020,308,0.131438303401398
"9806",2020,309,0.131680964805741
"9807",2020,310,0.1203799091048
"9808",2020,311,0.126960872233772
"9809",2020,312,0.129587752194433
"9810",2020,313,0.0967849372758708
"9811",2020,314,0.0585811617323065
"9812",2020,315,0.0600331844122228
"9813",2020,316,0.0672798399958748
"9814",2020,317,0.0564385558199436
"9815",2020,318,0.0723991390916608
"9816",2020,319,0.066238392795091
"9817",2020,320,0.069438527168162
"9818",2020,321,0.0756272786115754
"9819",2020,322,0.0865462056440638
"9820",2020,323,0.0997817951153521
"9821",2020,324,0.0848053445704578
"9822",2020,325,0.0589815116952286
"9823",2020,326,0.0535237368579402
"9824",2020,327,0.0518259950732635
"9825",2020,328,0.0551468264499569
"9826",2020,329,0.0516578679295244
"9827",2020,330,0.060263119007333
"9828",2020,331,0.0500636068476741
"9829",2020,332,0.0513463741372854
"9830",2020,333,0.0653228997648112
"9831",2020,334,0.0451595849177557
"9832",2020,335,0.0561882835942116
"9833",2020,336,0.0482890308257187
"9834",2020,337,0.039555554072106
"9835",2020,338,0.0454668852252051
"9836",2020,339,0.0581079134320963
"9837",2020,340,0.0570744118595248
"9838",2020,341,0.0574395856726839
"9839",2020,342,0.0576721959359746
"9840",2020,343,0.0652640327062836
"9841",2020,344,0.0685751727552695
"9842",2020,345,0.0458848177335411
"9843",2020,346,0.0374123130204851
"9844",2020,347,0.0326189156363476
"9845",2020,348,0.0306336515294687
"9846",2020,349,0.0316965301906688
"9847",2020,350,0.0367869032833392
"9848",2020,351,0.039459122962011
"9849",2020,352,0.0424555369686956
"9850",2020,353,0.040966493035293
"9851",2020,354,0.0408500163185808
"9852",2020,355,0.0508607264663608
"9853",2020,356,0.0563037974637791
"9854",2020,357,0.0629777903643123
"9855",2020,358,0.0370647100621518
"9856",2020,359,0.0401476621142821
"9857",2020,360,0.0555733933256227
"9858",2020,361,0.0580779143188483
"9859",2020,362,0.0448630565488455
"9860",2020,363,0.0321281099049418
"9861",2020,364,0.0339735506737036
"9862",2020,365,0.0324855001732684
"9863",2021,1,0.0383021378919448
"9864",2021,2,0.0392555699642855
"9865",2021,3,0.0437615001901157
"9866",2021,4,0.0475608432769626
"9867",2021,5,0.0505857508052786
"9868",2021,6,0.0459637312359752
"9869",2021,7,0.0449809060830978
"9870",2021,8,0.0493270704990235
"9871",2021,9,0.0491677145975908
"9872",2021,10,0.0466610715880204
"9873",2021,11,0.0519634442246913
"9874",2021,12,0.0577518073032394
"9875",2021,13,0.0728562602460765
"9876",2021,14,0.0565677001101978
"9877",2021,15,0.0526113807899618
"9878",2021,16,0.0566880300318891
"9879",2021,17,0.0575037943711136
"9880",2021,18,0.0563879549165119
"9881",2021,19,0.0556593959093086
"9882",2021,20,0.0721361144136386
"9883",2021,21,0.0588629353303794
"9884",2021,22,0.0549417712473214
"9885",2021,23,0.0548633235320939
"9886",2021,24,0.0476831761781126
"9887",2021,25,0.0450342066587741
"9888",2021,26,0.0444059310119606
"9889",2021,27,0.0533132474743093
"9890",2021,28,0.0817307878902368
"9891",2021,29,0.0988870090133547
"9892",2021,30,0.0923318357454437
"9893",2021,31,0.0935379656346782
"9894",2021,32,0.0987103627718185
"9895",2021,33,0.113305230322566
"9896",2021,34,0.108855019828486
"9897",2021,35,0.076045399986604
"9898",2021,36,0.0800930447330423
"9899",2021,37,0.0599343320109741
"9900",2021,38,0.0427987348110148
"9901",2021,39,0.0403920680214958
"9902",2021,40,0.0377543241741643
"9903",2021,41,0.0378277967469128
"9904",2021,42,0.0314208314063725
"9905",2021,43,0.0275973875166497
"9906",2021,44,0.0300242499679853
"9907",2021,45,0.024517656481413
"9908",2021,46,0.0346317711685434
"9909",2021,47,0.064783297948105
"9910",2021,48,0.0806043661974358
"9911",2021,49,0.0722226018581172
"9912",2021,50,0.0758607723424785
"9913",2021,51,0.10189312310671
"9914",2021,52,0.103974708795483
"9915",2021,53,0.142535602060915
"9916",2021,54,0.142642379829859
"9917",2021,55,0.107147217985472
"9918",2021,56,0.115495130044108
"9919",2021,57,0.130258430920107
"9920",2021,58,0.117778236732839
"9921",2021,59,0.112403957871456
"9922",2021,60,0.146702574083217
"9923",2021,61,0.177709209464889
"9924",2021,62,0.190264857931241
"9925",2021,63,0.182614297724323
"9926",2021,64,0.188145012897272
"9927",2021,65,0.198752140077793
"9928",2021,66,0.204740270002113
"9929",2021,67,0.219767793463067
"9930",2021,68,0.197926388345657
"9931",2021,69,0.165612634571565
"9932",2021,70,0.127290095447635
"9933",2021,71,0.148380242189331
"9934",2021,72,0.167370953493567
"9935",2021,73,0.167044354036096
"9936",2021,74,0.154076242001019
"9937",2021,75,0.166307780359102
"9938",2021,76,0.174566265695341
"9939",2021,77,0.156519093289738
"9940",2021,78,0.197380899298208
"9941",2021,79,0.23866310107877
"9942",2021,80,0.212311753389982
"9943",2021,81,0.200777019757397
"9944",2021,82,0.206898156604119
"9945",2021,83,0.203701027920727
"9946",2021,84,0.222529084889226
"9947",2021,85,0.227374346750043
"9948",2021,86,0.235898943346805
"9949",2021,87,0.269543459451273
"9950",2021,88,0.273992381071528
"9951",2021,89,0.194373366881258
"9952",2021,90,0.22170619005146
"9953",2021,91,0.282730520672128
"9954",2021,92,0.323537532071394
"9955",2021,93,0.337931717918397
"9956",2021,94,0.35007470354772
"9957",2021,95,0.340068554403307
"9958",2021,96,0.290936504239898
"9959",2021,97,0.301308347302753
"9960",2021,98,0.324414744923849
"9961",2021,99,0.29706311137714
"9962",2021,100,0.325443834352396
"9963",2021,101,0.299381237121169
"9964",2021,102,0.262704376925415
"9965",2021,103,0.252047904003466
"9966",2021,104,0.252562546583328
"9967",2021,105,0.246538820333531
"9968",2021,106,0.270401975766398
"9969",2021,107,0.30644935153398
"9970",2021,108,0.348299323465018
"9971",2021,109,0.267741666971708
"9972",2021,110,0.224489838395181
"9973",2021,111,0.26394621759529
"9974",2021,112,0.323539134102904
"9975",2021,113,0.309781821249716
"9976",2021,114,0.335678549170507
"9977",2021,115,0.395905025181647
"9978",2021,116,0.401704672435021
"9979",2021,117,0.381889430510717
"9980",2021,118,0.397683040847879
"9981",2021,119,0.422285068947263
"9982",2021,120,0.471793856249838
"9983",2021,121,0.478893663180448
"9984",2021,122,0.434285393664046
"9985",2021,123,0.390394288157083
"9986",2021,124,0.394541601320819
"9987",2021,125,0.396962706596671
"9988",2021,126,0.428846756266454
"9989",2021,127,0.464850760614481
"9990",2021,128,0.433861652531135
"9991",2021,129,0.37771274504955
"9992",2021,130,0.359955429922601
"9993",2021,131,0.372233699250306
"9994",2021,132,0.40403879569173
"9995",2021,133,0.448574319131495
"9996",2021,134,0.450464019338813
"9997",2021,135,0.453690765305165
"9998",2021,136,0.487149161093729
"9999",2021,137,0.500649714733598
"10000",2021,138,0.539398584949431
"10001",2021,139,0.531837815278769
"10002",2021,140,0.543379183773186
"10003",2021,141,0.445542072716387
"10004",2021,142,0.425351451404396
"10005",2021,143,0.471568333992719
"10006",2021,144,0.493284161759936
"10007",2021,145,0.509249182558076
"10008",2021,146,0.51088520400483
"10009",2021,147,0.487879168496288
"10010",2021,148,0.520445363836885
"10011",2021,149,0.516555749557686
"10012",2021,150,0.505258989298687
"10013",2021,151,0.52088267613224
"10014",2021,152,0.548948327107878
"10015",2021,153,0.569420227871676
"10016",2021,154,0.599145394079692
"10017",2021,155,0.639098163923563
"10018",2021,156,0.656599032124847
"10019",2021,157,0.634348001357371
"10020",2021,158,0.667578148036501
"10021",2021,159,0.672174122207227
"10022",2021,160,0.651254681132237
"10023",2021,161,0.686291506238946
"10024",2021,162,0.600550884282815
"10025",2021,163,0.620347135383632
"10026",2021,164,0.6452587946716
"10027",2021,165,0.690646058081216
"10028",2021,166,0.736134435647362
"10029",2021,167,0.695840386807969
"10030",2021,168,0.682179641239507
"10031",2021,169,0.666794988546928
"10032",2021,170,0.682855498146567
"10033",2021,171,0.612947137237342
"10034",2021,172,0.600686496769537
"10035",2021,173,0.6525585223529
"10036",2021,174,0.676435773908309
"10037",2021,175,0.660545674043463
"10038",2021,176,0.590835769990788
"10039",2021,177,0.598278253587261
"10040",2021,178,0.600891896899046
"10041",2021,179,0.611221967864396
"10042",2021,180,0.62581037078714
"10043",2021,181,0.650548752929357
"10044",2021,182,0.666525020780298
"10045",2021,183,0.697112777216312
"10046",2021,184,0.716009977941588
"10047",2021,185,0.712544323341221
"10048",2021,186,0.714271588881184
"10049",2021,187,0.681508762070893
"10050",2021,188,0.710614191809858
"10051",2021,189,0.71104590422573
"10052",2021,190,0.702819131958393
"10053",2021,191,0.659810922872589
"10054",2021,192,0.67227375477513
"10055",2021,193,0.683590769493228
"10056",2021,194,0.665768099717535
"10057",2021,195,0.64317456142002
"10058",2021,196,0.675369772057366
"10059",2021,197,0.701901843667033
"10060",2021,198,0.69252799180047
"10061",2021,199,0.697900006564895
"10062",2021,200,0.697967420096025
"10063",2021,201,0.717578175146809
"10064",2021,202,0.717893581719083
"10065",2021,203,0.722741998970181
"10066",2021,204,0.688256629910239
"10067",2021,205,0.687303392866586
"10068",2021,206,0.702732525551322
"10069",2021,207,0.719175196877385
"10070",2021,208,0.728696749082849
"10071",2021,209,0.716723102261895
"10072",2021,210,0.674259313526692
"10073",2021,211,0.65056425648772
"10074",2021,212,0.645080087133148
"10075",2021,213,0.639036817326733
"10076",2021,214,0.640787478085794
"10077",2021,215,0.643747398761138
"10078",2021,216,0.640744537956122
"10079",2021,217,0.651387240836607
"10080",2021,218,0.625269726548117
"10081",2021,219,0.609060813610379
"10082",2021,220,0.633698833180732
"10083",2021,221,0.607067538434285
"10084",2021,222,0.61571884813269
"10085",2021,223,0.62310946983255
"10086",2021,224,0.610484133675019
"10087",2021,225,0.59959778122524
"10088",2021,226,0.628575525448169
"10089",2021,227,0.640790175436682
"10090",2021,228,0.636770351592549
"10091",2021,229,0.632981223876283
"10092",2021,230,0.592383091974524
"10093",2021,231,0.5177158357749
"10094",2021,232,0.490742250055165
"10095",2021,233,0.508256587063561
"10096",2021,234,0.541800154241916
"10097",2021,235,0.56860985345001
"10098",2021,236,0.531635886902161
"10099",2021,237,0.536018553550226
"10100",2021,238,0.541688134258118
"10101",2021,239,0.540116863496196
"10102",2021,240,0.493950137052678
"10103",2021,241,0.474450213589962
"10104",2021,242,0.499426962007947
"10105",2021,243,0.514451286943823
"10106",2021,244,0.494733981006601
"10107",2021,245,0.486349667607098
"10108",2021,246,0.459814777037506
"10109",2021,247,0.453178694698842
"10110",2021,248,0.462612771784717
"10111",2021,249,0.470569358662884
"10112",2021,250,0.447083206457292
"10113",2021,251,0.444883919017749
"10114",2021,252,0.460578297511498
"10115",2021,253,0.470999774274166
"10116",2021,254,0.476488667857526
"10117",2021,255,0.434047172308213
"10118",2021,256,0.416373597675727
"10119",2021,257,0.403126913040657
"10120",2021,258,0.40893930001599
"10121",2021,259,0.398213242140542
"10122",2021,260,0.349603604589118
"10123",2021,261,0.394306878499143
"10124",2021,262,0.384764224855341
"10125",2021,263,0.312863844717187
"10126",2021,264,0.297462696427652
"10127",2021,265,0.323090983712518
"10128",2021,266,0.322821142151645
"10129",2021,267,0.317619193254715
"10130",2021,268,0.328409698136969
"10131",2021,269,0.342105086717171
"10132",2021,270,0.33777136240033
"10133",2021,271,0.334561313877029
"10134",2021,272,0.269275503276589
"10135",2021,273,0.245605204432619
"10136",2021,274,0.249588564808297
"10137",2021,275,0.253081655988147
"10138",2021,276,0.258000652093404
"10139",2021,277,0.259565786141569
"10140",2021,278,0.272260807337197
"10141",2021,279,0.266216719357433
"10142",2021,280,0.252488728589376
"10143",2021,281,0.235495950602245
"10144",2021,282,0.216038342167313
"10145",2021,283,0.206337068142186
"10146",2021,284,0.189256376227214
"10147",2021,285,0.147428648184824
"10148",2021,286,0.130613758194922
"10149",2021,287,0.129435855747839
"10150",2021,288,0.136651775197033
"10151",2021,289,0.156395237158366
"10152",2021,290,0.16914777418859
"10153",2021,291,0.180652459619225
"10154",2021,292,0.149427757841028
"10155",2021,293,0.131878767138417
"10156",2021,294,0.145965546022911
"10157",2021,295,0.153556433958454
"10158",2021,296,0.14756381539893
"10159",2021,297,0.143093507172901
"10160",2021,298,0.158862410500189
"10161",2021,299,0.134835022084055
"10162",2021,300,0.124131615182219
"10163",2021,301,0.118910975858065
"10164",2021,302,0.136864499565592
"10165",2021,303,0.119900225969442
"10166",2021,304,0.0953869322065246
"10167",2021,305,0.0922141134865071
"10168",2021,306,0.0918094468170988
"10169",2021,307,0.102565370265967
"10170",2021,308,0.11448149752756
"10171",2021,309,0.117147728920797
"10172",2021,310,0.118754927155397
"10173",2021,311,0.109706302952863
"10174",2021,312,0.096373856841334
"10175",2021,313,0.0949108897574745
"10176",2021,314,0.0878205783181985
"10177",2021,315,0.0767392127112316
"10178",2021,316,0.0767887610829309
"10179",2021,317,0.0947176657412048
"10180",2021,318,0.0922023412748493
"10181",2021,319,0.108936737298236
"10182",2021,320,0.095700296496173
"10183",2021,321,0.0589474529658338
"10184",2021,322,0.0595037096615002
"10185",2021,323,0.0806272446125244
"10186",2021,324,0.0720717833881856
"10187",2021,325,0.0669024190637632
"10188",2021,326,0.0797754541660216
"10189",2021,327,0.0811476660416373
"10190",2021,328,0.0611115630245454
"10191",2021,329,0.0603211373980893
"10192",2021,330,0.068312001290689
"10193",2021,331,0.0651166255125661
"10194",2021,332,0.0715104538127333
"10195",2021,333,0.0802928403966368
"10196",2021,334,0.0698314838149754
"10197",2021,335,0.0824034060946406
"10198",2021,336,0.0900403270114874
"10199",2021,337,0.0665064874551626
"10200",2021,338,0.0613867264338913
"10201",2021,339,0.0547863199978825
"10202",2021,340,0.0315411395976521
"10203",2021,341,0.0411057465961656
"10204",2021,342,0.0555780330498183
"10205",2021,343,0.04769092616013
"10206",2021,344,0.034645348760132
"10207",2021,345,0.0310159051971424
"10208",2021,346,0.0427896912715726
"10209",2021,347,0.0573373031623963
"10210",2021,348,0.0584909450432626
"10211",2021,349,0.0449567449726247
"10212",2021,350,0.0364784934545927
"10213",2021,351,0.0312149383372068
"10214",2021,352,0.0291328878583359
"10215",2021,353,0.0438072231225493
"10216",2021,354,0.0414089489677748
"10217",2021,355,0.0464172949036432
"10218",2021,356,0.0569551627967405
"10219",2021,357,0.0612008552876254
"10220",2021,358,0.0584916894986911
"10221",2021,359,0.0524471989256075
"10222",2021,360,0.0528854245697155
"10223",2021,361,0.0358606219858512
"10224",2021,362,0.029375978915925
"10225",2021,363,0.0288855484732436
"10226",2021,364,0.0393577150467595
"10227",2021,365,0.03057134445212
"10228",2022,1,0.022873733007393
"10229",2022,2,0.0324335035967843
"10230",2022,3,0.0459651123111523
"10231",2022,4,0.0454970638887298
"10232",2022,5,0.0204883172436251
"10233",2022,6,0.0211024824718932
"10234",2022,7,0.0427174791303685
"10235",2022,8,0.0499842376807416
"10236",2022,9,0.0489771824461017
"10237",2022,10,0.0561076616628311
"10238",2022,11,0.0632454490859719
"10239",2022,12,0.070386328518852
"10240",2022,13,0.0751613339385481
"10241",2022,14,0.0601164093475633
"10242",2022,15,0.0590910039481839
"10243",2022,16,0.0587892908019676
"10244",2022,17,0.0714407421990724
"10245",2022,18,0.0694183629560394
"10246",2022,19,0.0388363159325073
"10247",2022,20,0.0458495547947032
"10248",2022,21,0.0528708283840392
"10249",2022,22,0.0621787497961755
"10250",2022,23,0.0778389943702575
"10251",2022,24,0.0740005368637235
"10252",2022,25,0.0605478009086299
"10253",2022,26,0.0627759489587913
"10254",2022,27,0.0622489918585734
"10255",2022,28,0.0775172904418012
"10256",2022,29,0.0915671625290125
"10257",2022,30,0.091426280506637
"10258",2022,31,0.0919624611902451
"10259",2022,32,0.0624697827915604
"10260",2022,33,0.0387026445475031
"10261",2022,34,0.0481828789602958
"10262",2022,35,0.0688262433630868
"10263",2022,36,0.102225648945614
"10264",2022,37,0.0989385623423722
"10265",2022,38,0.117553190476511
"10266",2022,39,0.119828783382035
"10267",2022,40,0.119530629134611
"10268",2022,41,0.132605112421572
"10269",2022,42,0.106591999013095
"10270",2022,43,0.0977405988380865
"10271",2022,44,0.117102895121456
"10272",2022,45,0.127437131827948
"10273",2022,46,0.140882998614176
"10274",2022,47,0.0988568577617782
"10275",2022,48,0.0846142798099533
"10276",2022,49,0.122292851513219
"10277",2022,50,0.143854854293046
"10278",2022,51,0.153170190486581
"10279",2022,52,0.0854946693874757
"10280",2022,53,0.0397860098087728
"10281",2022,54,0.0417778754460854
"10282",2022,55,0.0585801260734188
"10283",2022,56,0.0795319906733345
"10284",2022,57,0.096602977873235
"10285",2022,58,0.135407200354955
"10286",2022,59,0.168920329501385
"10287",2022,60,0.205549512892584
"10288",2022,61,0.189736698133393
"10289",2022,62,0.193201738241741
"10290",2022,63,0.174502994536453
"10291",2022,64,0.1260648619209
"10292",2022,65,0.10035358079213
"10293",2022,66,0.102644879528768
"10294",2022,67,0.098406019213578
"10295",2022,68,0.0787031397162848
"10296",2022,69,0.0750758406984086
"10297",2022,70,0.0950181885320306
"10298",2022,71,0.162631332853482
"10299",2022,72,0.198717144706623
"10300",2022,73,0.206142360058058
"10301",2022,74,0.225019901369262
"10302",2022,75,0.210683965478294
"10303",2022,76,0.199972268188147
"10304",2022,77,0.198256312163746
"10305",2022,78,0.215370272635845
"10306",2022,79,0.248176292271715
"10307",2022,80,0.208655469436513
"10308",2022,81,0.203315854214653
"10309",2022,82,0.229404697192163
"10310",2022,83,0.257832482300278
"10311",2022,84,0.24492245967216
"10312",2022,85,0.263259740044899
"10313",2022,86,0.275390893247261
"10314",2022,87,0.317764995429543
"10315",2022,88,0.275007686798321
"10316",2022,89,0.229784533169132
"10317",2022,90,0.255715405405609
"10318",2022,91,0.246195888311725
"10319",2022,92,0.289951102909442
"10320",2022,93,0.272919904067829
"10321",2022,94,0.302262625099645
"10322",2022,95,0.268055220433277
"10323",2022,96,0.261793694474495
"10324",2022,97,0.275695180207665
"10325",2022,98,0.313134635973818
"10326",2022,99,0.31257134598996
"10327",2022,100,0.255507048851024
"10328",2022,101,0.264266673313914
"10329",2022,102,0.234516659364332
"10330",2022,103,0.176219422059101
"10331",2022,104,0.205665467242798
"10332",2022,105,0.224881639237275
"10333",2022,106,0.283148952080145
"10334",2022,107,0.291263795422914
"10335",2022,108,0.321057866100028
"10336",2022,109,0.399299185142709
"10337",2022,110,0.375835522285815
"10338",2022,111,0.405529343112535
"10339",2022,112,0.387644811761758
"10340",2022,113,0.312194688238791
"10341",2022,114,0.30650580040394
"10342",2022,115,0.335573051931498
"10343",2022,116,0.388122771496656
"10344",2022,117,0.408244341130567
"10345",2022,118,0.407513648426338
"10346",2022,119,0.372107494977675
"10347",2022,120,0.372341873539765
"10348",2022,121,0.376741247599361
"10349",2022,122,0.359480230069911
"10350",2022,123,0.385380658523451
"10351",2022,124,0.383167832572519
"10352",2022,125,0.444679915275417
"10353",2022,126,0.472173610453941
"10354",2022,127,0.4802636512453
"10355",2022,128,0.439695709595202
"10356",2022,129,0.407177229998655
"10357",2022,130,0.44109461493929
"10358",2022,131,0.455176724299604
"10359",2022,132,0.441190453504771
"10360",2022,133,0.449410038710262
"10361",2022,134,0.448526090301636
"10362",2022,135,0.464364565673333
"10363",2022,136,0.515515791436717
"10364",2022,137,0.504872814147302
"10365",2022,138,0.510674143046084
"10366",2022,139,0.455943267432441
"10367",2022,140,0.373748092710811
"10368",2022,141,0.375488239369948
"10369",2022,142,0.408850695449666
"10370",2022,143,0.422271415824107
"10371",2022,144,0.451670965245049
"10372",2022,145,0.47661950239614
"10373",2022,146,0.525292094548878
"10374",2022,147,0.574943803930736
"10375",2022,148,0.558682381272239
"10376",2022,149,0.515826374257709
"10377",2022,150,0.451952046921983
"10378",2022,151,0.45349153955833
"10379",2022,152,0.469338902588159
"10380",2022,153,0.498177237278538
"10381",2022,154,0.531651092907517
"10382",2022,155,0.564920121069107
"10383",2022,156,0.572558958337043
"10384",2022,157,0.565768070759216
"10385",2022,158,0.531054428327984
"10386",2022,159,0.537320133605479
"10387",2022,160,0.574152258723827
"10388",2022,161,0.619379139060918
"10389",2022,162,0.634102327971861
"10390",2022,163,0.64131410846886
"10391",2022,164,0.621394168547797
"10392",2022,165,0.588166204075389
"10393",2022,166,0.560238745169
"10394",2022,167,0.58849154516367
"10395",2022,168,0.653987206444115
"10396",2022,169,0.676749798629356
"10397",2022,170,0.664368916762769
"10398",2022,171,0.611008118282268
"10399",2022,172,0.572034124456646
"10400",2022,173,0.611657613475504
"10401",2022,174,0.636316057620718
"10402",2022,175,0.630583015117004
"10403",2022,176,0.561716047112862
"10404",2022,177,0.570579332752308
"10405",2022,178,0.625626020246305
"10406",2022,179,0.65924258898927
"10407",2022,180,0.678118091685318
"10408",2022,181,0.645790237772436
"10409",2022,182,0.653749992273615
"10410",2022,183,0.659858310677724
"10411",2022,184,0.678259965500555
"10412",2022,185,0.699346778175195
"10413",2022,186,0.690699436666126
"10414",2022,187,0.677945221514715
"10415",2022,188,0.69221946506557
"10416",2022,189,0.693528823163426
"10417",2022,190,0.730053986944382
"10418",2022,191,0.709091921582949
"10419",2022,192,0.663964235510528
"10420",2022,193,0.686593418276452
"10421",2022,194,0.712250705464727
"10422",2022,195,0.718416085366299
"10423",2022,196,0.707296078813708
"10424",2022,197,0.708790725230158
"10425",2022,198,0.726745233416987
"10426",2022,199,0.74307738241273
"10427",2022,200,0.688241341086594
"10428",2022,201,0.685783588605634
"10429",2022,202,0.681565877531152
"10430",2022,203,0.694462537218961
"10431",2022,204,0.676008216625445
"10432",2022,205,0.67574628226288
"10433",2022,206,0.660926325504633
"10434",2022,207,0.636502111341916
"10435",2022,208,0.656656533989517
"10436",2022,209,0.637406809350401
"10437",2022,210,0.663356449554073
"10438",2022,211,0.676267290660119
"10439",2022,212,0.685134875805636
"10440",2022,213,0.69368012528855
"10441",2022,214,0.670082609795198
"10442",2022,215,0.65696696882975
"10443",2022,216,0.688552880198765
"10444",2022,217,0.688629618825323
"10445",2022,218,0.625597738694227
"10446",2022,219,0.611596322164777
"10447",2022,220,0.637656205219909
"10448",2022,221,0.651794484536674
"10449",2022,222,0.677586097952713
"10450",2022,223,0.706203007336516
"10451",2022,224,0.671812166730722
"10452",2022,225,0.655762550435798
"10453",2022,226,0.638645199743761
"10454",2022,227,0.613298967130623
"10455",2022,228,0.608625232452201
"10456",2022,229,0.614520570584562
"10457",2022,230,0.590391493592926
"10458",2022,231,0.555565148074643
"10459",2022,232,0.565594366887099
"10460",2022,233,0.578801938607776
"10461",2022,234,0.580917032730581
"10462",2022,235,0.565425783116389
"10463",2022,236,0.564137923679461
"10464",2022,237,0.532807035124757
"10465",2022,238,0.545924211045462
"10466",2022,239,0.551359877180732
"10467",2022,240,0.507275136174965
"10468",2022,241,0.507330605203925
"10469",2022,242,0.524496157302201
"10470",2022,243,0.529231557205881
"10471",2022,244,0.538950152693028
"10472",2022,245,0.52265078993889
"10473",2022,246,0.529843368928065
"10474",2022,247,0.54244887969588
"10475",2022,248,0.535919648176847
"10476",2022,249,0.519926025405805
"10477",2022,250,0.520077391255275
"10478",2022,251,0.478280140453765
"10479",2022,252,0.361415671932648
"10480",2022,253,0.360183045487876
"10481",2022,254,0.389218937877489
"10482",2022,255,0.402291401377724
"10483",2022,256,0.41000659893874
"10484",2022,257,0.411511785288183
"10485",2022,258,0.376443295417496
"10486",2022,259,0.382230463916889
"10487",2022,260,0.370749656892535
"10488",2022,261,0.38083316180176
"10489",2022,262,0.407158154609442
"10490",2022,263,0.360623490453075
"10491",2022,264,0.323191002818228
"10492",2022,265,0.312921472557805
"10493",2022,266,0.326366373510514
"10494",2022,267,0.310041896764911
"10495",2022,268,0.299909751435349
"10496",2022,269,0.308715870255844
"10497",2022,270,0.302613658706736
"10498",2022,271,0.326516207718337
"10499",2022,272,0.323478931513324
"10500",2022,273,0.295572642952519
"10501",2022,274,0.278145355583794
"10502",2022,275,0.27545880730844
"10503",2022,276,0.255965125248926
"10504",2022,277,0.247375309391103
"10505",2022,278,0.242641721413639
"10506",2022,279,0.221634880902023
"10507",2022,280,0.210567696220432
"10508",2022,281,0.212800341332759
"10509",2022,282,0.213938545029103
"10510",2022,283,0.21979263548384
"10511",2022,284,0.193604232531057
"10512",2022,285,0.170542843299226
"10513",2022,286,0.178165391831061
"10514",2022,287,0.190034873397026
"10515",2022,288,0.175461644260264
"10516",2022,289,0.157117043725221
"10517",2022,290,0.159149421193057
"10518",2022,291,0.163304850139547
"10519",2022,292,0.166955452562103
"10520",2022,293,0.172965048801657
"10521",2022,294,0.165927789404437
"10522",2022,295,0.165640541111145
"10523",2022,296,0.142090445347959
"10524",2022,297,0.121000333018937
"10525",2022,298,0.113739413748324
"10526",2022,299,0.112120081204604
"10527",2022,300,0.111619619533885
"10528",2022,301,0.119910419612073
"10529",2022,302,0.116901751115473
"10530",2022,303,0.119060492768608
"10531",2022,304,0.116118032661368
"10532",2022,305,0.124281299595074
"10533",2022,306,0.129673571300194
"10534",2022,307,0.0918688050019007
"10535",2022,308,0.0755160996302532
"10536",2022,309,0.0906856609808848
"10537",2022,310,0.087108607250293
"10538",2022,311,0.0900455355498252
"10539",2022,312,0.0729717806140471
"10540",2022,313,0.0546905499392509
"10541",2022,314,0.049756979508365
"10542",2022,315,0.0527758841353137
"10543",2022,316,0.0568091998391227
"10544",2022,317,0.0564706161309286
"10545",2022,318,0.0539911569756246
"10546",2022,319,0.0506473399573735
"10547",2022,320,0.0522935939709233
"10548",2022,321,0.0422477776832511
"10549",2022,322,0.0340935826964593
"10550",2022,323,0.0450230585913839
"10551",2022,324,0.055982317832894
"10552",2022,325,0.0578809690437126
"10553",2022,326,0.0643054364280175
"10554",2022,327,0.0570827980503673
"10555",2022,328,0.0565266627981876
"10556",2022,329,0.0704072151679248
"10557",2022,330,0.0627919380611236
"10558",2022,331,0.0587492011685977
"10559",2022,332,0.0485777930186671
"10560",2022,333,0.0315330461157145
"10561",2022,334,0.0344357114305828
"10562",2022,335,0.0497144764697248
"10563",2022,336,0.0444753174215406
"10564",2022,337,0.0386970175658957
"10565",2022,338,0.0446905277873674
"10566",2022,339,0.0415393276915965
"10567",2022,340,0.0431455967480266
"10568",2022,341,0.0427605762759452
"10569",2022,342,0.0391977888192954
"10570",2022,343,0.0429243646512426
"10571",2022,344,0.042291632173856
"10572",2022,345,0.0568811219142909
"10573",2022,346,0.0403223524600093
"10574",2022,347,0.0270689014444802
"10575",2022,348,0.0292814252813492
"10576",2022,349,0.0290901671977001
"10577",2022,350,0.028921274640492
"10578",2022,351,0.0311278702874115
"10579",2022,352,0.0263051867955619
"10580",2022,353,0.0217132826624319
"10581",2022,354,0.0229480050213369
"10582",2022,355,0.0164419348052517
"10583",2022,356,0.01
"10584",2022,357,0.0129757684960269
"10585",2022,358,0.0272187484137678
"10586",2022,359,0.0403931553651412
"10587",2022,360,0.0436958329115834
"10588",2022,361,0.0568612086336087
"10589",2022,362,0.0604062818709706
"10590",2022,363,0.0468492600711248
"10591",2022,364,0.0449896291256592
"10592",2022,365,0.044696256072606
"10593",2022,366,0.0475866521921072
"10594",2023,1,0.0448606917091361
"10595",2023,2,0.0445626902570573
"10596",2023,3,0.0397903931476447
"10597",2023,4,0.0348824373107952
"10598",2023,5,0.0314845360230129
"10599",2023,6,0.0385485034600557
"10600",2023,7,0.0442477285465758
"10601",2023,8,0.0470304099665483
"10602",2023,9,0.0530409116243248
"10603",2023,10,0.0610691506831275
"10604",2023,11,0.05237541461878
"10605",2023,12,0.0487190232186357
"10606",2023,13,0.0550040733416305
"10607",2023,14,0.0660458135150972
"10608",2023,15,0.0657070954315189
"10609",2023,16,0.0613590214830218
"10610",2023,17,0.0574763067879091
"10611",2023,18,0.0558401549582699
"10612",2023,19,0.0515978047556915
"10613",2023,20,0.0525967298073496
"10614",2023,21,0.0560841595934051
"10615",2023,22,0.0653956132796912
"10616",2023,23,0.060148252973313
"10617",2023,24,0.0603326684024848
"10618",2023,25,0.0616611644658763
"10619",2023,26,0.0683225961036234
"10620",2023,27,0.0737201858104937
"10621",2023,28,0.0538790123042485
"10622",2023,29,0.0291972636746378
"10623",2023,30,0.0188528682268391
"10624",2023,31,0.0348456231605366
"10625",2023,32,0.0544431015614018
"10626",2023,33,0.063717364158832
"10627",2023,34,0.0871745419406548
"10628",2023,35,0.0948886043409878
"10629",2023,36,0.102536055674461
"10630",2023,37,0.0921346192070186
"10631",2023,38,0.0967881631069279
"10632",2023,39,0.0969656763103589
"10633",2023,40,0.0847026234746528
"10634",2023,41,0.0898144247720501
"10635",2023,42,0.101945742363729
"10636",2023,43,0.109473392606402
"10637",2023,44,0.117363025023612
"10638",2023,45,0.106312833755424
"10639",2023,46,0.0684122721749494
"10640",2023,47,0.0751899137276037
"10641",2023,48,0.0988285564579658
"10642",2023,49,0.110808513943147
"10643",2023,50,0.112486740584614
"10644",2023,51,0.124704539132075
"10645",2023,52,0.114467767568314
"10646",2023,53,0.0537027472529229
"10647",2023,54,0.0330435477626026
"10648",2023,55,0.0525276151974514
"10649",2023,56,0.0961353168813355
"10650",2023,57,0.139528736122375
"10651",2023,58,0.149862313158177
"10652",2023,59,0.146697690919364
"10653",2023,60,0.122260622773316
"10654",2023,61,0.123603061701273
"10655",2023,62,0.136925781813473
"10656",2023,63,0.122457286752181
"10657",2023,64,0.121689998217157
"10658",2023,65,0.123261235209863
"10659",2023,66,0.13275454767658
"10660",2023,67,0.123239950899746
"10661",2023,68,0.131456702961019
"10662",2023,69,0.161564300258518
"10663",2023,70,0.152444679921794
"10664",2023,71,0.140186400302571
"10665",2023,72,0.162704364489845
"10666",2023,73,0.19878490788966
"10667",2023,74,0.22209332816338
"10668",2023,75,0.166421147049044
"10669",2023,76,0.15496847004338
"10670",2023,77,0.170561863811479
"10671",2023,78,0.185724064915732
"10672",2023,79,0.188882081855651
"10673",2023,80,0.188207156627881
"10674",2023,81,0.177113868517605
"10675",2023,82,0.195011825965898
"10676",2023,83,0.216776645236604
"10677",2023,84,0.197627428344524
"10678",2023,85,0.205004349911745
"10679",2023,86,0.180770297117235
"10680",2023,87,0.207196223166918
"10681",2023,88,0.201716310592227
"10682",2023,89,0.259357572134664
"10683",2023,90,0.218370915279252
"10684",2023,91,0.254813608288552
"10685",2023,92,0.260780626035221
"10686",2023,93,0.22775475797653
"10687",2023,94,0.196150535014301
"10688",2023,95,0.178951922961037
"10689",2023,96,0.191567604015095
"10690",2023,97,0.24057048187249
"10691",2023,98,0.283791318414369
"10692",2023,99,0.310743305008237
"10693",2023,100,0.348226101458072
"10694",2023,101,0.397354662536504
"10695",2023,102,0.392820731544573
"10696",2023,103,0.377690420164741
"10697",2023,104,0.302785976930801
"10698",2023,105,0.302068003320189
"10699",2023,106,0.345202055229304
"10700",2023,107,0.390531618692227
"10701",2023,108,0.398395269227284
"10702",2023,109,0.337158106084609
"10703",2023,110,0.298651899881503
"10704",2023,111,0.282388323847127
"10705",2023,112,0.280936585308328
"10706",2023,113,0.322267204425908
"10707",2023,114,0.355642525954864
"10708",2023,115,0.3606123740267
"10709",2023,116,0.397480670261198
"10710",2023,117,0.385214188116979
"10711",2023,118,0.385237244195634
"10712",2023,119,0.414813257681969
"10713",2023,120,0.407686558961937
"10714",2023,121,0.418927783249354
"10715",2023,122,0.439277001591409
"10716",2023,123,0.481680221461929
"10717",2023,124,0.472112143077144
"10718",2023,125,0.467550285765871
"10719",2023,126,0.446537734020075
"10720",2023,127,0.444989027121109
"10721",2023,128,0.449533091136395
"10722",2023,129,0.483052861451595
"10723",2023,130,0.497733938662895
"10724",2023,131,0.467287087302344
"10725",2023,132,0.43881438066397
"10726",2023,133,0.439222227360126
"10727",2023,134,0.443114204550331
"10728",2023,135,0.486763405951853
"10729",2023,136,0.50833701901381
"10730",2023,137,0.511001590926933
"10731",2023,138,0.48754863945329
"10732",2023,139,0.477699856886488
"10733",2023,140,0.516442249791521
"10734",2023,141,0.529614939690181
"10735",2023,142,0.552825714759925
"10736",2023,143,0.565905279977734
"10737",2023,144,0.56406965050582
"10738",2023,145,0.573833937135525
"10739",2023,146,0.563327520539541
"10740",2023,147,0.553907435728006
"10741",2023,148,0.550676322608133
"10742",2023,149,0.55211609447385
"10743",2023,150,0.569596999739399
"10744",2023,151,0.574532267847732
"10745",2023,152,0.562806223981645
"10746",2023,153,0.550605053011725
"10747",2023,154,0.560302537375492
"10748",2023,155,0.577135613314704
"10749",2023,156,0.58310380206466
"10750",2023,157,0.599641594919944
"10751",2023,158,0.607960530752872
"10752",2023,159,0.604463700410187
"10753",2023,160,0.592468215176394
"10754",2023,161,0.556109830342756
"10755",2023,162,0.558128898296163
"10756",2023,163,0.565602379023771
"10757",2023,164,0.576622684321469
"10758",2023,165,0.58650418407594
"10759",2023,166,0.557997730085118
"10760",2023,167,0.523654785647866
"10761",2023,168,0.564804848806973
"10762",2023,169,0.600717038085914
"10763",2023,170,0.648395917685617
"10764",2023,171,0.622367749807678
"10765",2023,172,0.589129319469187
"10766",2023,173,0.57084558758432
"10767",2023,174,0.590480636297596
"10768",2023,175,0.563680141679942
"10769",2023,176,0.575247027930232
"10770",2023,177,0.597051532639357
"10771",2023,178,0.626027492237668
"10772",2023,179,0.624411954719154
"10773",2023,180,0.61296074697778
"10774",2023,181,0.608150571431006
"10775",2023,182,0.637996808704775
"10776",2023,183,0.654654707244794
"10777",2023,184,0.662119781597896
"10778",2023,185,0.58074363017824
"10779",2023,186,0.57903726815313
"10780",2023,187,0.595233151502602
"10781",2023,188,0.597540482887639
"10782",2023,189,0.626350904918042
"10783",2023,190,0.646069030267562
"10784",2023,191,0.673678004103637
"10785",2023,192,0.68364226660723
"10786",2023,193,0.675878877934765
"10787",2023,194,0.665904729659911
"10788",2023,195,0.657965898030748
"10789",2023,196,0.652167204878321
"10790",2023,197,0.683889688151418
"10791",2023,198,0.684615212744494
"10792",2023,199,0.683091694693467
"10793",2023,200,0.651887509548509
"10794",2023,201,0.608397305940296
"10795",2023,202,0.64631430906002
"10796",2023,203,0.676217235052475
"10797",2023,204,0.691421120541428
"10798",2023,205,0.706116459778438
"10799",2023,206,0.711877153680424
"10800",2023,207,0.700691476949241
"10801",2023,208,0.670500908768372
"10802",2023,209,0.667727832093894
"10803",2023,210,0.666327926914028
"10804",2023,211,0.689685785652857
"10805",2023,212,0.673529519861482
"10806",2023,213,0.663916176584244
"10807",2023,214,0.650709899451766
"10808",2023,215,0.635195033398033
"10809",2023,216,0.611283082809841
"10810",2023,217,0.578826394172933
"10811",2023,218,0.588595238791802
"10812",2023,219,0.567279586906812
"10813",2023,220,0.576193342367477
"10814",2023,221,0.596991591278529
"10815",2023,222,0.603800085646658
"10816",2023,223,0.60313479421007
"10817",2023,224,0.616122021308963
"10818",2023,225,0.553557998368154
"10819",2023,226,0.55397462760777
"10820",2023,227,0.595301322464904
"10821",2023,228,0.611488730909982
"10822",2023,229,0.617141632752834
"10823",2023,230,0.638692307579956
"10824",2023,231,0.6247774596427
"10825",2023,232,0.596263241984247
"10826",2023,233,0.625654726422394
"10827",2023,234,0.612765233600086
"10828",2023,235,0.601011768055908
"10829",2023,236,0.596379695848154
"10830",2023,237,0.52796478229441
"10831",2023,238,0.530779892811849
"10832",2023,239,0.526480653079807
"10833",2023,240,0.523048372181329
"10834",2023,241,0.524154819344116
"10835",2023,242,0.548435747395656
"10836",2023,243,0.509225810002132
"10837",2023,244,0.505279550718824
"10838",2023,245,0.520046612037063
"10839",2023,246,0.526736880504527
"10840",2023,247,0.468922878603251
"10841",2023,248,0.430698257242953
"10842",2023,249,0.449136720600798
"10843",2023,250,0.459405319800653
"10844",2023,251,0.462748354484287
"10845",2023,252,0.434432094335068
"10846",2023,253,0.400224546494488
"10847",2023,254,0.390568910230226
"10848",2023,255,0.407376344415373
"10849",2023,256,0.405576328127325
"10850",2023,257,0.369358033784881
"10851",2023,258,0.378470245799036
"10852",2023,259,0.378207110671864
"10853",2023,260,0.385408623494378
"10854",2023,261,0.381446061996884
"10855",2023,262,0.372905378224993
"10856",2023,263,0.367909066334954
"10857",2023,264,0.357000935047615
"10858",2023,265,0.331345794512274
"10859",2023,266,0.306973570837409
"10860",2023,267,0.31129129065773
"10861",2023,268,0.316713535017481
"10862",2023,269,0.322859670662511
"10863",2023,270,0.312459310552525
"10864",2023,271,0.291943158600347
"10865",2023,272,0.296460066589841
"10866",2023,273,0.308709955826348
"10867",2023,274,0.286666456249679
"10868",2023,275,0.260399520719149
"10869",2023,276,0.235222191465674
"10870",2023,277,0.223919590280109
"10871",2023,278,0.217591110093347
"10872",2023,279,0.207946641793237
"10873",2023,280,0.217773193968456
"10874",2023,281,0.22259797043169
"10875",2023,282,0.224449757312582
"10876",2023,283,0.217213584641642
"10877",2023,284,0.209855852813207
"10878",2023,285,0.173884426917664
"10879",2023,286,0.164402703545998
"10880",2023,287,0.165561243314994
"10881",2023,288,0.175505249912652
"10882",2023,289,0.188505930316824
"10883",2023,290,0.18974893595066
"10884",2023,291,0.178931763149583
"10885",2023,292,0.1854124188042
"10886",2023,293,0.178089404660795
"10887",2023,294,0.166433085927613
"10888",2023,295,0.157252496479603
"10889",2023,296,0.147254959377806
"10890",2023,297,0.139127444952254
"10891",2023,298,0.114595982824163
"10892",2023,299,0.0745940060673257
"10893",2023,300,0.0691118585285175
"10894",2023,301,0.0721801731706123
"10895",2023,302,0.0739172119186642
"10896",2023,303,0.082713597249171
"10897",2023,304,0.093171737308547
"10898",2023,305,0.104222694485969
"10899",2023,306,0.108752509596282
"10900",2023,307,0.114042089088172
"10901",2023,308,0.115653102512914
"10902",2023,309,0.118729384580395
"10903",2023,310,0.113793495477059
"10904",2023,311,0.104414423379534
"10905",2023,312,0.0870267097496316
"10906",2023,313,0.0804451609327592
"10907",2023,314,0.0826337060116919
"10908",2023,315,0.088979851156833
"10909",2023,316,0.0930513844243857
"10910",2023,317,0.097785152973026
"10911",2023,318,0.0961285844948067
"10912",2023,319,0.0885342774600247
"10913",2023,320,0.0825185121914556
"10914",2023,321,0.0800808380563044
"10915",2023,322,0.0804744236145027
"10916",2023,323,0.0741619057795882
"10917",2023,324,0.0738373650977811
"10918",2023,325,0.0736015498358584
"10919",2023,326,0.0702198333385726
"10920",2023,327,0.0466980570808176
"10921",2023,328,0.0338791257466871
"10922",2023,329,0.0334716755253412
"10923",2023,330,0.0424785149266134
"10924",2023,331,0.0435891369594453
"10925",2023,332,0.0488785946729209
"10926",2023,333,0.0458647737803076
"10927",2023,334,0.0405713199550676
"10928",2023,335,0.0409142165209923
"10929",2023,336,0.0454365899720712
"10930",2023,337,0.0448947166960141
"10931",2023,338,0.0491510837029645
"10932",2023,339,0.061865945986688
"10933",2023,340,0.0704588030378271
"10934",2023,341,0.0650680170572357
"10935",2023,342,0.048216450871021
"10936",2023,343,0.0428934201479289
"10937",2023,344,0.0517408696769943
"10938",2023,345,0.0522556046511288
"10939",2023,346,0.0417319581888298
"10940",2023,347,0.0442124295545813
"10941",2023,348,0.050217190725828
"10942",2023,349,0.0515962679588226
"10943",2023,350,0.0562739304122851
"10944",2023,351,0.0521155330766457
"10945",2023,352,0.0517729889845715
"10946",2023,353,0.0610657068149763
"10947",2023,354,0.0613074654729567
"10948",2023,355,0.0614861568541806
"10949",2023,356,0.0585639759989551
"10950",2023,357,0.0544105034148867
"10951",2023,358,0.0355987642744044
"10952",2023,359,0.0312688175310402
"10953",2023,360,0.03899809969362
"10954",2023,361,0.0460483049865114
"10955",2023,362,0.0461294023828184
"10956",2023,363,0.0489526394437922
"10957",2023,364,0.0551847317993992
"10958",2023,365,0.0463984040755185
"10959",2024,1,0.0501264189031718
"10960",2024,2,0.0471478626729109
"10961",2024,3,0.0430538122156613
"10962",2024,4,0.0417603773649701
"10963",2024,5,0.046668600124248
"10964",2024,6,0.044183086975011
"10965",2024,7,0.0426418490445559
"10966",2024,8,0.035081870810899
"10967",2024,9,0.0357167720398323
"10968",2024,10,0.0415731415356298
"10969",2024,11,0.0311390975600182
"10970",2024,12,0.0175139760413286
"10971",2024,13,0.01
"10972",2024,14,0.0142063677215236
"10973",2024,15,0.0130256972981862
"10974",2024,16,0.0234223048456347
"10975",2024,17,0.0386034758903033
"10976",2024,18,0.0382378212329384
"10977",2024,19,0.0270334382071124
"10978",2024,20,0.0419138222868525
"10979",2024,21,0.0674228266733747
"10980",2024,22,0.0805721391425272
"10981",2024,23,0.0814952159619755
"10982",2024,24,0.0824859246348307
"10983",2024,25,0.0818292619554974
"10984",2024,26,0.0762575393533495
"10985",2024,27,0.0842830833096602
"10986",2024,28,0.0984633532984671
"10987",2024,29,0.107210818302732
"10988",2024,30,0.114801168331223
"10989",2024,31,0.114871445429804
"10990",2024,32,0.113865992726312
"10991",2024,33,0.111582619669578
"10992",2024,34,0.106344189022573
"10993",2024,35,0.109832721367877
"10994",2024,36,0.117323326962249
"10995",2024,37,0.126700948233852
"10996",2024,38,0.130360020000319
"10997",2024,39,0.114994123931428
"10998",2024,40,0.102026882130615
"10999",2024,41,0.0913418468153047
"11000",2024,42,0.0927466141400003
"11001",2024,43,0.107680319588581
"11002",2024,44,0.12206884649483
"11003",2024,45,0.111668399856852
"11004",2024,46,0.0944516523153932
"11005",2024,47,0.07004180718233
"11006",2024,48,0.0677045178315862
"11007",2024,49,0.0909118602350476
"11008",2024,50,0.12754375361266
"11009",2024,51,0.159138838290706
"11010",2024,52,0.158784834698566
"11011",2024,53,0.157710395723122
"11012",2024,54,0.15483913178425
"11013",2024,55,0.163409345927914
"11014",2024,56,0.181025906770523
"11015",2024,57,0.181298225426073
"11016",2024,58,0.113712871189388
"11017",2024,59,0.11510465176368
"11018",2024,60,0.168422322603505
"11019",2024,61,0.204195560023428
"11020",2024,62,0.200692255456775
"11021",2024,63,0.167269468124686
"11022",2024,64,0.150856049458639
"11023",2024,65,0.158844010720222
"11024",2024,66,0.165960253295496
"11025",2024,67,0.151256155301127
"11026",2024,68,0.161099635122749
"11027",2024,69,0.178921380701781
"11028",2024,70,0.207033742556317
"11029",2024,71,0.223655204271206
"11030",2024,72,0.218250621320931
"11031",2024,73,0.205086920272137
"11032",2024,74,0.186029891091338
"11033",2024,75,0.192048259776811
"11034",2024,76,0.199499620900327
"11035",2024,77,0.199589939893069
"11036",2024,78,0.23358669099579
"11037",2024,79,0.243582786936922
"11038",2024,80,0.24711077909642
"11039",2024,81,0.242254008444906
"11040",2024,82,0.210994082528535
"11041",2024,83,0.233618993987307
"11042",2024,84,0.191499498218246
"11043",2024,85,0.162209789726593
"11044",2024,86,0.185909009263875
"11045",2024,87,0.218112802566381
"11046",2024,88,0.261259727075479
"11047",2024,89,0.25308055381848
"11048",2024,90,0.243777292670419
"11049",2024,91,0.241134997742188
"11050",2024,92,0.243241640346191
"11051",2024,93,0.288086114368906
"11052",2024,94,0.332597193660149
"11053",2024,95,0.350314943728424
"11054",2024,96,0.349837255923125
"11055",2024,97,0.304254617069612
"11056",2024,98,0.256032246863112
"11057",2024,99,0.265475620578147
"11058",2024,100,0.293303987009099
"11059",2024,101,0.288185750320732
"11060",2024,102,0.314672876622215
"11061",2024,103,0.36927709369844
"11062",2024,104,0.405982115099448
"11063",2024,105,0.417389659730909
"11064",2024,106,0.409008521180861
"11065",2024,107,0.391677487193095
"11066",2024,108,0.313387913597343
"11067",2024,109,0.284575775515505
"11068",2024,110,0.281597551083267
"11069",2024,111,0.284179715233527
"11070",2024,112,0.346983279204731
"11071",2024,113,0.373355294333192
"11072",2024,114,0.37385955504435
"11073",2024,115,0.414938289612325
"11074",2024,116,0.434544931676978
"11075",2024,117,0.427262507164466
"11076",2024,118,0.381723622158333
"11077",2024,119,0.383718543667979
"11078",2024,120,0.402100677700299
"11079",2024,121,0.386252082124181
"11080",2024,122,0.381611002288714
"11081",2024,123,0.362227111394972
"11082",2024,124,0.336460192573451
"11083",2024,125,0.376611441072379
"11084",2024,126,0.446896269812158
"11085",2024,127,0.411666569865802
"11086",2024,128,0.405815813466236
"11087",2024,129,0.387458506784235
"11088",2024,130,0.396767411518567
"11089",2024,131,0.443008329165297
"11090",2024,132,0.466991363626299
"11091",2024,133,0.482382364943274
"11092",2024,134,0.505684199903531
"11093",2024,135,0.470789847593674
"11094",2024,136,0.47037103623667
"11095",2024,137,0.501959081053016
"11096",2024,138,0.527794037907976
"11097",2024,139,0.486241311246452
"11098",2024,140,0.507307759323895
"11099",2024,141,0.446556485571296
"11100",2024,142,0.412484907841768
"11101",2024,143,0.453651059527935
"11102",2024,144,0.458388070272239
"11103",2024,145,0.468568280260746
"11104",2024,146,0.495089346644629
"11105",2024,147,0.505532635866879
"11106",2024,148,0.494868355818121
"11107",2024,149,0.526267965840358
"11108",2024,150,0.569531808294769
"11109",2024,151,0.533968618326424
"11110",2024,152,0.515521216680024
"11111",2024,153,0.547265374891561
"11112",2024,154,0.565560988774781
"11113",2024,155,0.578258227626351
"11114",2024,156,0.56425568608509
"11115",2024,157,0.577769748048364
"11116",2024,158,0.584333969749582
"11117",2024,159,0.607883935539169
"11118",2024,160,0.593472103207491
"11119",2024,161,0.594478374043472
"11120",2024,162,0.633174711145627
"11121",2024,163,0.634779332500328
"11122",2024,164,0.653048543330381
"11123",2024,165,0.638813436596487
"11124",2024,166,0.658117490396206
"11125",2024,167,0.666534743115532
"11126",2024,168,0.591719477112165
"11127",2024,169,0.582748770799648
"11128",2024,170,0.548652738465435
"11129",2024,171,0.548998589533866
"11130",2024,172,0.588110347534585
"11131",2024,173,0.612816082043068
"11132",2024,174,0.651945999486909
"11133",2024,175,0.694468311410668
"11134",2024,176,0.722020107312352
"11135",2024,177,0.695719734570473
"11136",2024,178,0.659751024160071
"11137",2024,179,0.694211564427253
"11138",2024,180,0.648804709780696
"11139",2024,181,0.599080040898776
"11140",2024,182,0.684837717900579
"11141",2024,183,0.658102249326489
"11142",2024,184,0.626496397154867
"11143",2024,185,0.633298704951781
"11144",2024,186,0.581625091433775
"11145",2024,187,0.612377600192132
"11146",2024,188,0.632104160433382
"11147",2024,189,0.599303323689953
"11148",2024,190,0.62686482850509
"11149",2024,191,0.649900965275197
"11150",2024,192,0.676744676923459
"11151",2024,193,0.716417006537892
"11152",2024,194,0.731387910836809
"11153",2024,195,0.733018618228402
"11154",2024,196,0.72838109575465
"11155",2024,197,0.713612869641304
"11156",2024,198,0.689358308909608
"11157",2024,199,0.679393305476769
"11158",2024,200,0.689548276744673
"11159",2024,201,0.689150291990265
"11160",2024,202,0.668273726682628
"11161",2024,203,0.653178549432337
"11162",2024,204,0.650495685256422
"11163",2024,205,0.681274084071581
"11164",2024,206,0.70050990751886
"11165",2024,207,0.724416484777239
"11166",2024,208,0.684748283965942
"11167",2024,209,0.677303003545523
"11168",2024,210,0.657027435858327
"11169",2024,211,0.664607632726225
"11170",2024,212,0.676250216320641
"11171",2024,213,0.646153308716513
"11172",2024,214,0.661370842293809
"11173",2024,215,0.687186596912228
"11174",2024,216,0.693670569521541
"11175",2024,217,0.699462000662612
"11176",2024,218,0.67044385427243
"11177",2024,219,0.655035988475988
"11178",2024,220,0.619800195616429
"11179",2024,221,0.545023579598278
"11180",2024,222,0.531993240723206
"11181",2024,223,0.568600116920097
"11182",2024,224,0.576840373650513
"11183",2024,225,0.578978249762734
"11184",2024,226,0.621129516169567
"11185",2024,227,0.611036506170547
"11186",2024,228,0.588884817862648
"11187",2024,229,0.600959493045932
"11188",2024,230,0.601442531134348
"11189",2024,231,0.627276721666431
"11190",2024,232,0.632507885191596
"11191",2024,233,0.624927669431555
"11192",2024,234,0.621955728945751
"11193",2024,235,0.59298984992216
"11194",2024,236,0.580463694089014
"11195",2024,237,0.600817109258201
"11196",2024,238,0.560407729713208
"11197",2024,239,0.528571298454337
"11198",2024,240,0.50431109913646
"11199",2024,241,0.525166762089506
"11200",2024,242,0.477199202556973
"11201",2024,243,0.481410531218837
"11202",2024,244,0.493352398402064
"11203",2024,245,0.495525039603012
"11204",2024,246,0.505450660042488
"11205",2024,247,0.509539530684438
"11206",2024,248,0.468398498640604
"11207",2024,249,0.454444692018031
"11208",2024,250,0.44915147417812
"11209",2024,251,0.455134402595923
"11210",2024,252,0.45599846408887
"11211",2024,253,0.464992821887573
"11212",2024,254,0.458312691119608
"11213",2024,255,0.459004334833741
"11214",2024,256,0.454732460833402
"11215",2024,257,0.398393808352267
"11216",2024,258,0.387250560883797
"11217",2024,259,0.39468598652683
"11218",2024,260,0.404417709420869
"11219",2024,261,0.397165618943988
"11220",2024,262,0.363264256012309
"11221",2024,263,0.354364656922248
"11222",2024,264,0.354075827899559
"11223",2024,265,0.31009174672647
"11224",2024,266,0.302516808035633
"11225",2024,267,0.306290979723872
"11226",2024,268,0.324496582812601
"11227",2024,269,0.353109509538684
"11228",2024,270,0.359423567238242
"11229",2024,271,0.33793414417132
"11230",2024,272,0.336886913027238
"11231",2024,273,0.347871571104543
"11232",2024,274,0.287059306638592
"11233",2024,275,0.258266051416467
"11234",2024,276,0.276712929410619
"11235",2024,277,0.242923863240935
"11236",2024,278,0.269262000696395
"11237",2024,279,0.241206957672043
"11238",2024,280,0.231554046395443
"11239",2024,281,0.234554129973996
"11240",2024,282,0.234209994366715
"11241",2024,283,0.229874566380465
"11242",2024,284,0.227850459028409
"11243",2024,285,0.214719080149259
"11244",2024,286,0.212732966794701
"11245",2024,287,0.185069338235421
"11246",2024,288,0.191327612562953
"11247",2024,289,0.17479727218102
"11248",2024,290,0.197437218881726
"11249",2024,291,0.176037443237554
"11250",2024,292,0.138272061592082
"11251",2024,293,0.158585301350135
"11252",2024,294,0.164039175666792
"11253",2024,295,0.165223367153339
"11254",2024,296,0.148158967998157
"11255",2024,297,0.149061774226045
"11256",2024,298,0.137325080732886
"11257",2024,299,0.135460611872413
"11258",2024,300,0.14392663743092
"11259",2024,301,0.137565697808455
"11260",2024,302,0.133493118278954
"11261",2024,303,0.107956470330611
"11262",2024,304,0.0909299139052925
"11263",2024,305,0.0953628702133872
"11264",2024,306,0.0967785741481847
"11265",2024,307,0.105645661121853
"11266",2024,308,0.100837052933028
"11267",2024,309,0.0917922379097797
"11268",2024,310,0.08675204731022
"11269",2024,311,0.0696042607053758
"11270",2024,312,0.0733809056728996
"11271",2024,313,0.0801194617266098
"11272",2024,314,0.0848345937667195
"11273",2024,315,0.0955541843977389
"11274",2024,316,0.0935952900695936
"11275",2024,317,0.0876040314575224
"11276",2024,318,0.0797086453632386
"11277",2024,319,0.0842212084547526
"11278",2024,320,0.0796424391513921
"11279",2024,321,0.0704972434952358
"11280",2024,322,0.0729617203899361
"11281",2024,323,0.0689170930585509
"11282",2024,324,0.0564809509381157
"11283",2024,325,0.0565450812831941
"11284",2024,326,0.0664031833862992
"11285",2024,327,0.074684972212261
"11286",2024,328,0.0705440052085375
"11287",2024,329,0.0545988179825998
"11288",2024,330,0.0448149797147987
"11289",2024,331,0.0482194606283455
"11290",2024,332,0.0460294661899681
"11291",2024,333,0.0423393231807287
"11292",2024,334,0.0440367004489457
"11293",2024,335,0.0443329558678894
"11294",2024,336,0.0473945500242445
"11295",2024,337,0.0462340365385087
"11296",2024,338,0.0615227377301001
"11297",2024,339,0.0561399578992105
"11298",2024,340,0.0566798206155001
"11299",2024,341,0.0590141513659227
"11300",2024,342,0.0600032435335751
"11301",2024,343,0.0571970455271244
"11302",2024,344,0.039902201330363
"11303",2024,345,0.03860860572566
"11304",2024,346,0.0440590384752804
"11305",2024,347,0.0508379375601693
"11306",2024,348,0.0439536777909058
"11307",2024,349,0.0519943457553623
"11308",2024,350,0.0525260515584913
"11309",2024,351,0.0414218696032944
"11310",2024,352,0.0399618216685435
"11311",2024,353,0.0437967161022752
"11312",2024,354,0.0435922646730886
"11313",2024,355,0.0525766851419684
"11314",2024,356,0.055853895240817
"11315",2024,357,0.0569099538190446
"11316",2024,358,0.056141844128366
"11317",2024,359,0.0537294912550451
"11318",2024,360,0.0540873369785807
"11319",2024,361,0.0521964474928972
"11320",2024,362,0.048161251882001
"11321",2024,363,0.054237747992444
"11322",2024,364,0.0535990561045625
"11323",2024,365,0.044371706498086
