"","year","DOY","pet_cm"
"1",1994,1,0.0479377226430327
"2",1994,2,0.0413263712198589
"3",1994,3,0.0563533443145636
"4",1994,4,0.0395913500808509
"5",1994,5,0.027256793650252
"6",1994,6,0.0153300641498494
"7",1994,7,0.024424547419801
"8",1994,8,0.0266510025891855
"9",1994,9,0.037650294002459
"10",1994,10,0.0316500712056106
"11",1994,11,0.0366729949386156
"12",1994,12,0.0466036381806331
"13",1994,13,0.0359797178981658
"14",1994,14,0.0263752895794664
"15",1994,15,0.0318813779901175
"16",1994,16,0.0267859412747445
"17",1994,17,0.0198517150867499
"18",1994,18,0.0257277806777614
"19",1994,19,0.0335522575155437
"20",1994,20,0.0412300416796396
"21",1994,21,0.0576220238173628
"22",1994,22,0.0788704914829357
"23",1994,23,0.0809108677346186
"24",1994,24,0.0634275136325192
"25",1994,25,0.0552762311902791
"26",1994,26,0.0547886936224871
"27",1994,27,0.059598807832656
"28",1994,28,0.0691254777730836
"29",1994,29,0.0713236315242067
"30",1994,30,0.0566973030706126
"31",1994,31,0.0628395904859145
"32",1994,32,0.064964512161296
"33",1994,33,0.0667072264903831
"34",1994,34,0.0491725356457615
"35",1994,35,0.0478020802888462
"36",1994,36,0.0704609971193807
"37",1994,37,0.0469093981342555
"38",1994,38,0.021574986884046
"39",1994,39,0.016304914287018
"40",1994,40,0.0362042169458268
"41",1994,41,0.0706711514128211
"42",1994,42,0.0705737960883786
"43",1994,43,0.0883766491899429
"44",1994,44,0.115910390584197
"45",1994,45,0.122500174455041
"46",1994,46,0.116408055052365
"47",1994,47,0.127759797001371
"48",1994,48,0.142602453887474
"49",1994,49,0.107303795329331
"50",1994,50,0.0675163058079237
"51",1994,51,0.0543965751113228
"52",1994,52,0.0475397374626829
"53",1994,53,0.053852557387532
"54",1994,54,0.0677670281729181
"55",1994,55,0.0458434768200331
"56",1994,56,0.0438071493372173
"57",1994,57,0.0718219813419429
"58",1994,58,0.0979516076381264
"59",1994,59,0.128758468330538
"60",1994,60,0.185473005424452
"61",1994,61,0.212146919980666
"62",1994,62,0.21408021219993
"63",1994,63,0.207957496351497
"64",1994,64,0.189678768446743
"65",1994,65,0.171871272079531
"66",1994,66,0.153354155668898
"67",1994,67,0.149476967802048
"68",1994,68,0.168252877132265
"69",1994,69,0.198353260933553
"70",1994,70,0.197169618032037
"71",1994,71,0.220066542113775
"72",1994,72,0.239648331480212
"73",1994,73,0.225363205567747
"74",1994,74,0.217222234703531
"75",1994,75,0.253849200443061
"76",1994,76,0.234997519967277
"77",1994,77,0.25234300000171
"78",1994,78,0.229992108983403
"79",1994,79,0.228182188380852
"80",1994,80,0.243854871458751
"81",1994,81,0.215455404019711
"82",1994,82,0.195767424808681
"83",1994,83,0.201509603360966
"84",1994,84,0.208306368204899
"85",1994,85,0.222767971961404
"86",1994,86,0.22236404123763
"87",1994,87,0.235110947486723
"88",1994,88,0.248331218803152
"89",1994,89,0.288562788275847
"90",1994,90,0.31798870492679
"91",1994,91,0.29836103773581
"92",1994,92,0.291747426460223
"93",1994,93,0.288899766389722
"94",1994,94,0.269051200559416
"95",1994,95,0.272060887275969
"96",1994,96,0.257253906334796
"97",1994,97,0.259277073811634
"98",1994,98,0.287310445935392
"99",1994,99,0.322577438122588
"100",1994,100,0.358114768054926
"101",1994,101,0.37898125528737
"102",1994,102,0.409319237500302
"103",1994,103,0.38752993844916
"104",1994,104,0.324995106277671
"105",1994,105,0.357122328811878
"106",1994,106,0.438779954331065
"107",1994,107,0.464061278908973
"108",1994,108,0.432477260404385
"109",1994,109,0.422551254414253
"110",1994,110,0.429255172037413
"111",1994,111,0.452026929878112
"112",1994,112,0.466427739958228
"113",1994,113,0.451181855434947
"114",1994,114,0.405805997912325
"115",1994,115,0.319107445577787
"116",1994,116,0.290974906061879
"117",1994,117,0.294673559263919
"118",1994,118,0.310290624422349
"119",1994,119,0.327097724432821
"120",1994,120,0.372795511267471
"121",1994,121,0.42873269629829
"122",1994,122,0.453846535445356
"123",1994,123,0.446747262944091
"124",1994,124,0.425406607170686
"125",1994,125,0.435865388001031
"126",1994,126,0.436229656695509
"127",1994,127,0.495593187927022
"128",1994,128,0.493591160479169
"129",1994,129,0.502056283710427
"130",1994,130,0.54798715809426
"131",1994,131,0.537805057661661
"132",1994,132,0.54305695008322
"133",1994,133,0.519304654577991
"134",1994,134,0.477708995102704
"135",1994,135,0.50520043121134
"136",1994,136,0.51542195596721
"137",1994,137,0.497060787121167
"138",1994,138,0.475532522262741
"139",1994,139,0.46847559490214
"140",1994,140,0.500153106856536
"141",1994,141,0.495641701135539
"142",1994,142,0.534809182293772
"143",1994,143,0.55689043576166
"144",1994,144,0.561245748050968
"145",1994,145,0.547048997870236
"146",1994,146,0.56248889299897
"147",1994,147,0.597182653009947
"148",1994,148,0.569191047151631
"149",1994,149,0.547799933577744
"150",1994,150,0.534401837411843
"151",1994,151,0.54409934384673
"152",1994,152,0.557069899463353
"153",1994,153,0.549066702817257
"154",1994,154,0.57332180693414
"155",1994,155,0.609306319657857
"156",1994,156,0.59826773830252
"157",1994,157,0.611346355470393
"158",1994,158,0.562440938681848
"159",1994,159,0.519581311192357
"160",1994,160,0.548777580018529
"161",1994,161,0.562676785399298
"162",1994,162,0.604222028079921
"163",1994,163,0.621446165302401
"164",1994,164,0.615242603772193
"165",1994,165,0.559153876941797
"166",1994,166,0.50875142368317
"167",1994,167,0.49899947664289
"168",1994,168,0.538351069790812
"169",1994,169,0.585164653580914
"170",1994,170,0.624454827536872
"171",1994,171,0.641759569023736
"172",1994,172,0.688002626422771
"173",1994,173,0.67379614955098
"174",1994,174,0.684559524619953
"175",1994,175,0.671037876291026
"176",1994,176,0.650515810612588
"177",1994,177,0.638977222700178
"178",1994,178,0.640733705927925
"179",1994,179,0.668696737244518
"180",1994,180,0.68219096757191
"181",1994,181,0.661399463561832
"182",1994,182,0.69225358809353
"183",1994,183,0.676376768309761
"184",1994,184,0.624228992149879
"185",1994,185,0.618759103550953
"186",1994,186,0.618137971338052
"187",1994,187,0.604658788571156
"188",1994,188,0.61010144478631
"189",1994,189,0.653380372868568
"190",1994,190,0.710850660649011
"191",1994,191,0.709454943813031
"192",1994,192,0.6516692449729
"193",1994,193,0.650661913282095
"194",1994,194,0.603564954417891
"195",1994,195,0.640641969417996
"196",1994,196,0.654268780094084
"197",1994,197,0.645998149469876
"198",1994,198,0.69039993100294
"199",1994,199,0.697701196571417
"200",1994,200,0.657981432243902
"201",1994,201,0.659499118783107
"202",1994,202,0.677747538029424
"203",1994,203,0.68964845913131
"204",1994,204,0.671865845470245
"205",1994,205,0.698276087765824
"206",1994,206,0.679054539545194
"207",1994,207,0.654922195803461
"208",1994,208,0.70682160154084
"209",1994,209,0.728596255875125
"210",1994,210,0.723864180949051
"211",1994,211,0.711751810780629
"212",1994,212,0.725229533514929
"213",1994,213,0.704752769177731
"214",1994,214,0.698226998587394
"215",1994,215,0.674267464223921
"216",1994,216,0.665639863484258
"217",1994,217,0.697801266978535
"218",1994,218,0.680001751470454
"219",1994,219,0.632216662179635
"220",1994,220,0.601562216550049
"221",1994,221,0.624061321829272
"222",1994,222,0.642500215149428
"223",1994,223,0.667679251717324
"224",1994,224,0.659545576405169
"225",1994,225,0.627666460345841
"226",1994,226,0.649427629576056
"227",1994,227,0.681196441144783
"228",1994,228,0.656102092029962
"229",1994,229,0.627959442442075
"230",1994,230,0.599962809841853
"231",1994,231,0.562655232753544
"232",1994,232,0.583701146558595
"233",1994,233,0.619823190073755
"234",1994,234,0.615410088376626
"235",1994,235,0.56854704049617
"236",1994,236,0.5756170606749
"237",1994,237,0.558011800567254
"238",1994,238,0.564183346159751
"239",1994,239,0.516202966280532
"240",1994,240,0.496782157949644
"241",1994,241,0.500113606651168
"242",1994,242,0.451396923709319
"243",1994,243,0.408535297952775
"244",1994,244,0.409553858160299
"245",1994,245,0.432125068271798
"246",1994,246,0.457982331155501
"247",1994,247,0.445058236424189
"248",1994,248,0.442584388375711
"249",1994,249,0.460244443270697
"250",1994,250,0.498479027345288
"251",1994,251,0.515405969090074
"252",1994,252,0.500036180837212
"253",1994,253,0.434509344865051
"254",1994,254,0.418408652101813
"255",1994,255,0.416461561035818
"256",1994,256,0.422259583605675
"257",1994,257,0.429511062592693
"258",1994,258,0.403483957352439
"259",1994,259,0.397264398473678
"260",1994,260,0.41647029625471
"261",1994,261,0.41067512090584
"262",1994,262,0.407282783949109
"263",1994,263,0.35388944540274
"264",1994,264,0.311878277913671
"265",1994,265,0.325655011183322
"266",1994,266,0.365271864461125
"267",1994,267,0.374025795110676
"268",1994,268,0.35088105033125
"269",1994,269,0.355930385943083
"270",1994,270,0.328826576387577
"271",1994,271,0.324497873018362
"272",1994,272,0.290120413027913
"273",1994,273,0.291095071205237
"274",1994,274,0.285839100720036
"275",1994,275,0.235039201465677
"276",1994,276,0.191161596633609
"277",1994,277,0.216637437642879
"278",1994,278,0.243143677659628
"279",1994,279,0.23923576901886
"280",1994,280,0.205418282637688
"281",1994,281,0.211951654074978
"282",1994,282,0.226985335855954
"283",1994,283,0.246686594867654
"284",1994,284,0.219941376832166
"285",1994,285,0.178438555209608
"286",1994,286,0.163961345635727
"287",1994,287,0.170374127499834
"288",1994,288,0.169601034241855
"289",1994,289,0.160809123626033
"290",1994,290,0.155560144367815
"291",1994,291,0.160208735266826
"292",1994,292,0.158229168714095
"293",1994,293,0.164128738460426
"294",1994,294,0.160201133584442
"295",1994,295,0.138446520258213
"296",1994,296,0.122859271944682
"297",1994,297,0.126798812239341
"298",1994,298,0.13827253866493
"299",1994,299,0.158698785372542
"300",1994,300,0.153451309742548
"301",1994,301,0.1275315872532
"302",1994,302,0.1187825007222
"303",1994,303,0.110270270975976
"304",1994,304,0.104209450612255
"305",1994,305,0.105834463051638
"306",1994,306,0.0862225110131097
"307",1994,307,0.0785494034024765
"308",1994,308,0.089483633336962
"309",1994,309,0.0923479581420709
"310",1994,310,0.0896953339160025
"311",1994,311,0.0935945050562273
"312",1994,312,0.0874764588388665
"313",1994,313,0.0859417322600937
"314",1994,314,0.0946314495180855
"315",1994,315,0.0949070012123207
"316",1994,316,0.0894433599629613
"317",1994,317,0.0832207994193755
"318",1994,318,0.0715525644152914
"319",1994,319,0.0754808263939982
"320",1994,320,0.0756594275336092
"321",1994,321,0.0614149091257266
"322",1994,322,0.0440237698024053
"323",1994,323,0.0538557842307752
"324",1994,324,0.0688419059962823
"325",1994,325,0.0483806742163145
"326",1994,326,0.0525923254575216
"327",1994,327,0.0677410948873815
"328",1994,328,0.0678824805375186
"329",1994,329,0.0556259668236903
"330",1994,330,0.0463352121165211
"331",1994,331,0.0401088281371337
"332",1994,332,0.0412272279585026
"333",1994,333,0.0451461594306231
"334",1994,334,0.0664649902197195
"335",1994,335,0.0740326047341436
"336",1994,336,0.065146718107732
"337",1994,337,0.0351031990459375
"338",1994,338,0.0194451775175829
"339",1994,339,0.0208139432923251
"340",1994,340,0.0241433623752226
"341",1994,341,0.0336224724455754
"342",1994,342,0.0369220930414317
"343",1994,343,0.0363067685386259
"344",1994,344,0.0281571351373864
"345",1994,345,0.0377958926586449
"346",1994,346,0.0390894665853337
"347",1994,347,0.0354456704003631
"348",1994,348,0.0344306686507812
"349",1994,349,0.0372648376990571
"350",1994,350,0.0426801710351507
"351",1994,351,0.0421292970781471
"352",1994,352,0.0582148736765749
"353",1994,353,0.0609620878268819
"354",1994,354,0.0641005511280313
"355",1994,355,0.0682395917128474
"356",1994,356,0.061761472312142
"357",1994,357,0.0618998185424923
"358",1994,358,0.0596108023224716
"359",1994,359,0.0607202990589055
"360",1994,360,0.058872542058681
"361",1994,361,0.0576793371588896
"362",1994,362,0.05605881226734
"363",1994,363,0.0433426796331749
"364",1994,364,0.0317266054774742
"365",1994,365,0.0269085927569956
"366",1994,366,0.0494277500830101
"367",1995,1,0.0252847172492282
"368",1995,2,0.0281181701174809
"369",1995,3,0.0215401679882618
"370",1995,4,0.0246518903568768
"371",1995,5,0.0247070521633312
"372",1995,6,0.0290243984992612
"373",1995,7,0.0297051064094763
"374",1995,8,0.032944442967661
"375",1995,9,0.0451597021791379
"376",1995,10,0.0652774249704229
"377",1995,11,0.070807631426833
"378",1995,12,0.0624720372180776
"379",1995,13,0.0503022809982877
"380",1995,14,0.051484945742252
"381",1995,15,0.0515792522318915
"382",1995,16,0.0470621750535212
"383",1995,17,0.0458409472025863
"384",1995,18,0.0573392169813146
"385",1995,19,0.0715996761952022
"386",1995,20,0.0615828960041964
"387",1995,21,0.0541107206106541
"388",1995,22,0.054069995394511
"389",1995,23,0.0649420397849657
"390",1995,24,0.0637555558871297
"391",1995,25,0.0720454755853255
"392",1995,26,0.0787176692177798
"393",1995,27,0.0735634124531565
"394",1995,28,0.0731547141086795
"395",1995,29,0.0798667357159501
"396",1995,30,0.108407694559875
"397",1995,31,0.121322683752336
"398",1995,32,0.132484799439458
"399",1995,33,0.125078656886305
"400",1995,34,0.107336158907979
"401",1995,35,0.118099198046273
"402",1995,36,0.106673289600953
"403",1995,37,0.0929602544880888
"404",1995,38,0.0844552132333207
"405",1995,39,0.103756142727903
"406",1995,40,0.11109083359174
"407",1995,41,0.0757424428902739
"408",1995,42,0.0480159738657565
"409",1995,43,0.0436619775627555
"410",1995,44,0.0419467244800213
"411",1995,45,0.0501978667259993
"412",1995,46,0.0672590168124997
"413",1995,47,0.106848217898256
"414",1995,48,0.125837420036776
"415",1995,49,0.164131232573551
"416",1995,50,0.189816790875103
"417",1995,51,0.198823830741974
"418",1995,52,0.208495798515233
"419",1995,53,0.181249515910655
"420",1995,54,0.151399168130326
"421",1995,55,0.19621694165118
"422",1995,56,0.192711248657397
"423",1995,57,0.139654542321645
"424",1995,58,0.0765756724305183
"425",1995,59,0.0687693212044978
"426",1995,60,0.0702005194949788
"427",1995,61,0.0935396473472052
"428",1995,62,0.104083565639992
"429",1995,63,0.083275596024095
"430",1995,64,0.0540741831396371
"431",1995,65,0.0539469518673033
"432",1995,66,0.0597335535718379
"433",1995,67,0.0970381587347827
"434",1995,68,0.194441665369668
"435",1995,69,0.256865104759424
"436",1995,70,0.269243969434277
"437",1995,71,0.24493050485878
"438",1995,72,0.222185203846939
"439",1995,73,0.23889063930992
"440",1995,74,0.261140199616517
"441",1995,75,0.25581847377458
"442",1995,76,0.239031193965426
"443",1995,77,0.255687658756333
"444",1995,78,0.24900734259659
"445",1995,79,0.24349937825581
"446",1995,80,0.264285614411932
"447",1995,81,0.260684618046224
"448",1995,82,0.25542603036978
"449",1995,83,0.270567755131884
"450",1995,84,0.218212701737472
"451",1995,85,0.181020546501185
"452",1995,86,0.17805376005546
"453",1995,87,0.181832168797529
"454",1995,88,0.198258402876765
"455",1995,89,0.210024927521144
"456",1995,90,0.276130997848027
"457",1995,91,0.31757823012764
"458",1995,92,0.304584466257949
"459",1995,93,0.262421535732033
"460",1995,94,0.248637712808811
"461",1995,95,0.276168224349081
"462",1995,96,0.291561798881975
"463",1995,97,0.310495107131867
"464",1995,98,0.282560168147306
"465",1995,99,0.251617276713102
"466",1995,100,0.223666019614788
"467",1995,101,0.262600687611665
"468",1995,102,0.314668688603809
"469",1995,103,0.368948835710629
"470",1995,104,0.360993545876194
"471",1995,105,0.361043035771043
"472",1995,106,0.330100115390127
"473",1995,107,0.344906258659743
"474",1995,108,0.350148044303064
"475",1995,109,0.358161808033975
"476",1995,110,0.359491045942404
"477",1995,111,0.371744792693148
"478",1995,112,0.366050819528805
"479",1995,113,0.359874732080738
"480",1995,114,0.371308927040068
"481",1995,115,0.347926500001984
"482",1995,116,0.351533968861286
"483",1995,117,0.358288342504713
"484",1995,118,0.345613263861917
"485",1995,119,0.366471796248202
"486",1995,120,0.366738602659753
"487",1995,121,0.360499838134351
"488",1995,122,0.395510828259524
"489",1995,123,0.415922818895631
"490",1995,124,0.44287649966925
"491",1995,125,0.449676324825451
"492",1995,126,0.465276203114541
"493",1995,127,0.455047256818996
"494",1995,128,0.442822178739658
"495",1995,129,0.451509627991941
"496",1995,130,0.479963039767978
"497",1995,131,0.509535734878388
"498",1995,132,0.44510487291731
"499",1995,133,0.408231622646007
"500",1995,134,0.451243939225665
"501",1995,135,0.488530333016065
"502",1995,136,0.472831181832311
"503",1995,137,0.487403802998574
"504",1995,138,0.517551536834011
"505",1995,139,0.485082906413409
"506",1995,140,0.473508975726252
"507",1995,141,0.469715171188173
"508",1995,142,0.446527753052966
"509",1995,143,0.471414666214133
"510",1995,144,0.461690833585539
"511",1995,145,0.47700686633136
"512",1995,146,0.466771523502117
"513",1995,147,0.477146079650394
"514",1995,148,0.526996172539748
"515",1995,149,0.564213711594378
"516",1995,150,0.605589237845713
"517",1995,151,0.637529735548613
"518",1995,152,0.629521749278947
"519",1995,153,0.622612882023635
"520",1995,154,0.641244710371749
"521",1995,155,0.622082415391428
"522",1995,156,0.643449302821602
"523",1995,157,0.607608179396686
"524",1995,158,0.481088519170217
"525",1995,159,0.475338383753132
"526",1995,160,0.507425364623156
"527",1995,161,0.548734878710986
"528",1995,162,0.588813828020865
"529",1995,163,0.651263923761063
"530",1995,164,0.681462544450453
"531",1995,165,0.672521303144561
"532",1995,166,0.679275163330061
"533",1995,167,0.685188955338144
"534",1995,168,0.680786517783143
"535",1995,169,0.652840392063565
"536",1995,170,0.636636319644937
"537",1995,171,0.625053879863801
"538",1995,172,0.600435446663227
"539",1995,173,0.575148790244917
"540",1995,174,0.591863176638058
"541",1995,175,0.600720172916415
"542",1995,176,0.623467485994602
"543",1995,177,0.657328588918626
"544",1995,178,0.599412493628512
"545",1995,179,0.547832624639336
"546",1995,180,0.563415397617374
"547",1995,181,0.577563805965015
"548",1995,182,0.624799472801732
"549",1995,183,0.660463364789064
"550",1995,184,0.605639188290022
"551",1995,185,0.577972687809347
"552",1995,186,0.609416987846256
"553",1995,187,0.648561446529799
"554",1995,188,0.696765757418093
"555",1995,189,0.716790501555246
"556",1995,190,0.732037284825741
"557",1995,191,0.741424300691846
"558",1995,192,0.694256098602585
"559",1995,193,0.677676477170239
"560",1995,194,0.645359167840603
"561",1995,195,0.630473832698033
"562",1995,196,0.636288000399156
"563",1995,197,0.633380617471084
"564",1995,198,0.643496987299468
"565",1995,199,0.660609253117633
"566",1995,200,0.634392326392776
"567",1995,201,0.656050561863032
"568",1995,202,0.631763632795922
"569",1995,203,0.635795229960204
"570",1995,204,0.649430532224293
"571",1995,205,0.644156886004085
"572",1995,206,0.64654605232746
"573",1995,207,0.678753914147254
"574",1995,208,0.665703016531311
"575",1995,209,0.653185786138377
"576",1995,210,0.69048537971411
"577",1995,211,0.602801685862743
"578",1995,212,0.579377342373529
"579",1995,213,0.63891577304803
"580",1995,214,0.60499884033605
"581",1995,215,0.601686053547462
"582",1995,216,0.653676131865422
"583",1995,217,0.692378790400033
"584",1995,218,0.73000211673521
"585",1995,219,0.730120629284154
"586",1995,220,0.590466561373042
"587",1995,221,0.568099371076123
"588",1995,222,0.557954665533818
"589",1995,223,0.594787538055257
"590",1995,224,0.615486703802791
"591",1995,225,0.547218070106133
"592",1995,226,0.567908645754171
"593",1995,227,0.624230512571292
"594",1995,228,0.607505368726754
"595",1995,229,0.598480093611517
"596",1995,230,0.543823186023092
"597",1995,231,0.53991336406942
"598",1995,232,0.570865365658902
"599",1995,233,0.614183925268764
"600",1995,234,0.640706716151674
"601",1995,235,0.622282547653388
"602",1995,236,0.591207405222411
"603",1995,237,0.553358508133765
"604",1995,238,0.572691360740505
"605",1995,239,0.543346299865624
"606",1995,240,0.566478909962074
"607",1995,241,0.586327395655757
"608",1995,242,0.486014093224371
"609",1995,243,0.494376630479939
"610",1995,244,0.530100366578421
"611",1995,245,0.536617489958657
"612",1995,246,0.546329031549509
"613",1995,247,0.527344681197905
"614",1995,248,0.489972800021984
"615",1995,249,0.438683391191044
"616",1995,250,0.412927568283858
"617",1995,251,0.401470110553746
"618",1995,252,0.418674795361628
"619",1995,253,0.437662819580185
"620",1995,254,0.445393286617811
"621",1995,255,0.462096569832537
"622",1995,256,0.414885838345342
"623",1995,257,0.421733209023675
"624",1995,258,0.402144786728572
"625",1995,259,0.362015832854615
"626",1995,260,0.355332275835973
"627",1995,261,0.294998738737528
"628",1995,262,0.274184454271724
"629",1995,263,0.23336296678825
"630",1995,264,0.229698667026223
"631",1995,265,0.295757389956346
"632",1995,266,0.276793137400688
"633",1995,267,0.289994682882113
"634",1995,268,0.310952987066256
"635",1995,269,0.325898983901652
"636",1995,270,0.329116518004426
"637",1995,271,0.310251041644739
"638",1995,272,0.299025851219505
"639",1995,273,0.288760833433551
"640",1995,274,0.255051186151917
"641",1995,275,0.243415093408487
"642",1995,276,0.237432439547084
"643",1995,277,0.217358999647845
"644",1995,278,0.210526326823005
"645",1995,279,0.198596915429782
"646",1995,280,0.206727669061432
"647",1995,281,0.204595634372167
"648",1995,282,0.213644725598771
"649",1995,283,0.230511846515322
"650",1995,284,0.256102762405427
"651",1995,285,0.18564687500342
"652",1995,286,0.17598079709218
"653",1995,287,0.187380163121418
"654",1995,288,0.207668651884538
"655",1995,289,0.193127284387098
"656",1995,290,0.176780166295801
"657",1995,291,0.168941785527799
"658",1995,292,0.155563506352567
"659",1995,293,0.153883728529374
"660",1995,294,0.15190516073681
"661",1995,295,0.136840423810391
"662",1995,296,0.12901928245635
"663",1995,297,0.137768439502887
"664",1995,298,0.138353470698026
"665",1995,299,0.138489559575489
"666",1995,300,0.124647956505449
"667",1995,301,0.111316506103545
"668",1995,302,0.0927511781243072
"669",1995,303,0.0824448996991968
"670",1995,304,0.0757404900087467
"671",1995,305,0.0615497987356348
"672",1995,306,0.0501574141241095
"673",1995,307,0.0608057994965183
"674",1995,308,0.0809647820394268
"675",1995,309,0.0983726247200997
"676",1995,310,0.0737388447521849
"677",1995,311,0.0606356481040229
"678",1995,312,0.0743292993024578
"679",1995,313,0.0701807147243981
"680",1995,314,0.0374855511953021
"681",1995,315,0.0500301438298441
"682",1995,316,0.0798900408340698
"683",1995,317,0.0818025290826531
"684",1995,318,0.088332119898642
"685",1995,319,0.0878268994300021
"686",1995,320,0.0911107603460844
"687",1995,321,0.0932903913551994
"688",1995,322,0.101911855987636
"689",1995,323,0.0831034286992862
"690",1995,324,0.0684629515092887
"691",1995,325,0.0713899937213039
"692",1995,326,0.0671780118987261
"693",1995,327,0.0675278663110292
"694",1995,328,0.0763452150434135
"695",1995,329,0.0744342882169076
"696",1995,330,0.0560509527393986
"697",1995,331,0.0445056405425863
"698",1995,332,0.0445960894904276
"699",1995,333,0.0602826861069925
"700",1995,334,0.0684776121042068
"701",1995,335,0.0655224264729723
"702",1995,336,0.0670511003199015
"703",1995,337,0.0583552123758659
"704",1995,338,0.0555914908133028
"705",1995,339,0.0374206342004404
"706",1995,340,0.0337841802104856
"707",1995,341,0.0241562580555254
"708",1995,342,0.0141365226845174
"709",1995,343,0.0196123590436097
"710",1995,344,0.0199228727463736
"711",1995,345,0.022971413763192
"712",1995,346,0.0243061304847653
"713",1995,347,0.0391253662287593
"714",1995,348,0.0336403193620094
"715",1995,349,0.0324661353670095
"716",1995,350,0.0318271160944297
"717",1995,351,0.0253514578102352
"718",1995,352,0.0301801452731945
"719",1995,353,0.0344587241802065
"720",1995,354,0.032108140675797
"721",1995,355,0.0328835539389288
"722",1995,356,0.0305322158702899
"723",1995,357,0.0301685175325684
"724",1995,358,0.0349496367318808
"725",1995,359,0.0392918918103616
"726",1995,360,0.0375605813070919
"727",1995,361,0.0333260366798851
"728",1995,362,0.0308432889575467
"729",1995,363,0.0379446293116662
"730",1995,364,0.0449577960957672
"731",1995,365,0.0452697399957157
"732",1996,1,0.0365270067242534
"733",1996,2,0.0320359649939432
"734",1996,3,0.0358310417981752
"735",1996,4,0.0220505653251157
"736",1996,5,0.0162372089883635
"737",1996,6,0.0167416617898506
"738",1996,7,0.0382635762586713
"739",1996,8,0.0645711203581081
"740",1996,9,0.0611191241548729
"741",1996,10,0.0657769087500867
"742",1996,11,0.0744475386790536
"743",1996,12,0.0851397952629346
"744",1996,13,0.077512969408849
"745",1996,14,0.0430476748677661
"746",1996,15,0.048238351544803
"747",1996,16,0.0467349628396344
"748",1996,17,0.0193763517130099
"749",1996,18,0.0137001433075343
"750",1996,19,0.0147591364574467
"751",1996,20,0.0219687517378016
"752",1996,21,0.0264968015852064
"753",1996,22,0.028060194235825
"754",1996,23,0.0307212256606904
"755",1996,24,0.029022262964176
"756",1996,25,0.0246676926759753
"757",1996,26,0.0235264631885714
"758",1996,27,0.0189876968984744
"759",1996,28,0.0168821363879981
"760",1996,29,0.0139401714788008
"761",1996,30,0.0157599077028521
"762",1996,31,0.0286435276001201
"763",1996,32,0.0184190182544951
"764",1996,33,0.0154531485829691
"765",1996,34,0.0197277421343389
"766",1996,35,0.0309220151738448
"767",1996,36,0.0892929064812427
"768",1996,37,0.120521682930587
"769",1996,38,0.130570980980499
"770",1996,39,0.13498998641304
"771",1996,40,0.135555358215723
"772",1996,41,0.119233876999508
"773",1996,42,0.121920702558085
"774",1996,43,0.132914438675494
"775",1996,44,0.147933798804408
"776",1996,45,0.142620427013725
"777",1996,46,0.0930332391320442
"778",1996,47,0.132414609891674
"779",1996,48,0.138122853194221
"780",1996,49,0.163732226304091
"781",1996,50,0.17380001074168
"782",1996,51,0.171103914139647
"783",1996,52,0.183968885495934
"784",1996,53,0.159699166720252
"785",1996,54,0.149689820513656
"786",1996,55,0.136767192293916
"787",1996,56,0.0915209273576083
"788",1996,57,0.0617793835665169
"789",1996,58,0.0599529273127121
"790",1996,59,0.0526737537517631
"791",1996,60,0.0664723582869829
"792",1996,61,0.119756428756529
"793",1996,62,0.123345115890466
"794",1996,63,0.112818873052142
"795",1996,64,0.0825703451648907
"796",1996,65,0.0666879335234557
"797",1996,66,0.046803984875903
"798",1996,67,0.0480284358901805
"799",1996,68,0.0633096964341208
"800",1996,69,0.130226619832503
"801",1996,70,0.206820233028638
"802",1996,71,0.221562610925019
"803",1996,72,0.217670276342151
"804",1996,73,0.206121857146618
"805",1996,74,0.213728460476782
"806",1996,75,0.235925558787447
"807",1996,76,0.217101888899315
"808",1996,77,0.205928193324507
"809",1996,78,0.205723983855093
"810",1996,79,0.195630898895255
"811",1996,80,0.216734067982168
"812",1996,81,0.200122644345865
"813",1996,82,0.192804201618805
"814",1996,83,0.159902096229121
"815",1996,84,0.102849481052433
"816",1996,85,0.0976389002807464
"817",1996,86,0.15705922910677
"818",1996,87,0.153723351269026
"819",1996,88,0.130952849049837
"820",1996,89,0.157071389494802
"821",1996,90,0.164708472132212
"822",1996,91,0.185032183732118
"823",1996,92,0.218733717646808
"824",1996,93,0.217036776509129
"825",1996,94,0.228150193422475
"826",1996,95,0.239393609221666
"827",1996,96,0.288176840319408
"828",1996,97,0.345627003017986
"829",1996,98,0.366317587590823
"830",1996,99,0.399376250986539
"831",1996,100,0.437190198433521
"832",1996,101,0.393895226402535
"833",1996,102,0.30283238106862
"834",1996,103,0.301699567515445
"835",1996,104,0.317120904570033
"836",1996,105,0.330806173956212
"837",1996,106,0.371050665589047
"838",1996,107,0.433286719492635
"839",1996,108,0.422332639141841
"840",1996,109,0.387215448078237
"841",1996,110,0.383547710561683
"842",1996,111,0.350478697958698
"843",1996,112,0.352994127234638
"844",1996,113,0.377781683538209
"845",1996,114,0.41057347340642
"846",1996,115,0.414637354753195
"847",1996,116,0.412821270205488
"848",1996,117,0.392711657511412
"849",1996,118,0.383669529721312
"850",1996,119,0.359367036909823
"851",1996,120,0.383124592801817
"852",1996,121,0.394653675369047
"853",1996,122,0.380660093598934
"854",1996,123,0.391265555215138
"855",1996,124,0.372616151409547
"856",1996,125,0.365785214677942
"857",1996,126,0.389428939863514
"858",1996,127,0.418916127158695
"859",1996,128,0.429320211352572
"860",1996,129,0.367242172868945
"861",1996,130,0.334707939264654
"862",1996,131,0.347048611525374
"863",1996,132,0.405188901663093
"864",1996,133,0.446153188986854
"865",1996,134,0.490787080473168
"866",1996,135,0.53215833368052
"867",1996,136,0.524164906406432
"868",1996,137,0.508039095707095
"869",1996,138,0.529076525124635
"870",1996,139,0.515591721199289
"871",1996,140,0.502930914223991
"872",1996,141,0.502086066747452
"873",1996,142,0.497577992012924
"874",1996,143,0.494331857965068
"875",1996,144,0.461626862266366
"876",1996,145,0.447613196269044
"877",1996,146,0.475971919330228
"878",1996,147,0.481596489150189
"879",1996,148,0.486499727258558
"880",1996,149,0.48172474045402
"881",1996,150,0.529835274716961
"882",1996,151,0.547281358549411
"883",1996,152,0.543033168200183
"884",1996,153,0.54801300622335
"885",1996,154,0.5517910116488
"886",1996,155,0.611383406786601
"887",1996,156,0.617281938605478
"888",1996,157,0.570570599120112
"889",1996,158,0.580167743575546
"890",1996,159,0.631637296853771
"891",1996,160,0.683498606304822
"892",1996,161,0.699374731601391
"893",1996,162,0.654304725358584
"894",1996,163,0.622064617671699
"895",1996,164,0.602783235171405
"896",1996,165,0.643024137524535
"897",1996,166,0.643469075968764
"898",1996,167,0.628903120310901
"899",1996,168,0.662288227521134
"900",1996,169,0.708135154544989
"901",1996,170,0.610246103608147
"902",1996,171,0.583871776680685
"903",1996,172,0.581478645689005
"904",1996,173,0.598256935008807
"905",1996,174,0.588666283598416
"906",1996,175,0.581254280474977
"907",1996,176,0.611304240385425
"908",1996,177,0.635893500612258
"909",1996,178,0.664759869083933
"910",1996,179,0.689080532696957
"911",1996,180,0.669921740844236
"912",1996,181,0.639356562579338
"913",1996,182,0.653065017928754
"914",1996,183,0.686872948180762
"915",1996,184,0.729228219386011
"916",1996,185,0.762481984365778
"917",1996,186,0.781606390352238
"918",1996,187,0.713801618571635
"919",1996,188,0.631573591673964
"920",1996,189,0.627046424554661
"921",1996,190,0.610378241537235
"922",1996,191,0.655034690640118
"923",1996,192,0.686902913457764
"924",1996,193,0.649030693960038
"925",1996,194,0.634786953957826
"926",1996,195,0.639057783870661
"927",1996,196,0.657738464432295
"928",1996,197,0.713201493598171
"929",1996,198,0.739288742546013
"930",1996,199,0.702900911555699
"931",1996,200,0.693553769753939
"932",1996,201,0.678055808611366
"933",1996,202,0.640814959405476
"934",1996,203,0.633318623070625
"935",1996,204,0.634550323624422
"936",1996,205,0.648449426920071
"937",1996,206,0.639519601717051
"938",1996,207,0.645397600039125
"939",1996,208,0.627218182444136
"940",1996,209,0.666182444992358
"941",1996,210,0.661209795723949
"942",1996,211,0.638107956456652
"943",1996,212,0.629625799008496
"944",1996,213,0.656931022491972
"945",1996,214,0.686748015798791
"946",1996,215,0.688783644069205
"947",1996,216,0.642879831277315
"948",1996,217,0.594685380990894
"949",1996,218,0.589578819479366
"950",1996,219,0.579107277702798
"951",1996,220,0.603567548302547
"952",1996,221,0.627334716903962
"953",1996,222,0.656774174343701
"954",1996,223,0.675524335724623
"955",1996,224,0.688032967965761
"956",1996,225,0.675959137525085
"957",1996,226,0.645559279275424
"958",1996,227,0.649461584485323
"959",1996,228,0.662405223155149
"960",1996,229,0.664305540431021
"961",1996,230,0.654506311392829
"962",1996,231,0.579809739007605
"963",1996,232,0.530608155670435
"964",1996,233,0.56697219808048
"965",1996,234,0.556998371946144
"966",1996,235,0.543175791237875
"967",1996,236,0.576015754765369
"968",1996,237,0.595277079149041
"969",1996,238,0.571500400568717
"970",1996,239,0.582169352938048
"971",1996,240,0.593057532247382
"972",1996,241,0.583617946001216
"973",1996,242,0.568062276757942
"974",1996,243,0.563655780461926
"975",1996,244,0.548078655790905
"976",1996,245,0.487910387976661
"977",1996,246,0.464003140917343
"978",1996,247,0.465761592396442
"979",1996,248,0.479601785959563
"980",1996,249,0.44035801811608
"981",1996,250,0.411246880151074
"982",1996,251,0.414972015544361
"983",1996,252,0.435521278861732
"984",1996,253,0.445373394588829
"985",1996,254,0.415538167666928
"986",1996,255,0.401754060393791
"987",1996,256,0.414885838345342
"988",1996,257,0.436084415728419
"989",1996,258,0.428221892045593
"990",1996,259,0.408115828475
"991",1996,260,0.355426972014003
"992",1996,261,0.32042087990383
"993",1996,262,0.303135500274202
"994",1996,263,0.321639225349076
"995",1996,264,0.318867910553623
"996",1996,265,0.296265787591217
"997",1996,266,0.269921632049222
"998",1996,267,0.271272948357812
"999",1996,268,0.257184462580148
"1000",1996,269,0.254934720011077
"1001",1996,270,0.237053518333582
"1002",1996,271,0.23989795818554
"1003",1996,272,0.269481801134444
"1004",1996,273,0.276382716700239
"1005",1996,274,0.260146235289631
"1006",1996,275,0.214794706431187
"1007",1996,276,0.200462828497521
"1008",1996,277,0.24248089070385
"1009",1996,278,0.278123229807615
"1010",1996,279,0.255200796469294
"1011",1996,280,0.234015561599182
"1012",1996,281,0.233223786477603
"1013",1996,282,0.233919404181262
"1014",1996,283,0.21881042137668
"1015",1996,284,0.235392244642353
"1016",1996,285,0.242720406890188
"1017",1996,286,0.228492634191024
"1018",1996,287,0.21684013265619
"1019",1996,288,0.195557060666862
"1020",1996,289,0.178661100656263
"1021",1996,290,0.153631219269181
"1022",1996,291,0.139313729885717
"1023",1996,292,0.144293525435005
"1024",1996,293,0.140522772973629
"1025",1996,294,0.118816876044278
"1026",1996,295,0.111888665813524
"1027",1996,296,0.128997276494159
"1028",1996,297,0.134856502846958
"1029",1996,298,0.133410986549299
"1030",1996,299,0.122070696611766
"1031",1996,300,0.0969673984509738
"1032",1996,301,0.111059130032448
"1033",1996,302,0.138686385790466
"1034",1996,303,0.0952167960905596
"1035",1996,304,0.0691879010770666
"1036",1996,305,0.0794668438029354
"1037",1996,306,0.0947267634966409
"1038",1996,307,0.113912964525972
"1039",1996,308,0.118520325388729
"1040",1996,309,0.107217129046775
"1041",1996,310,0.0951464660452445
"1042",1996,311,0.0875095355125515
"1043",1996,312,0.0798809828392315
"1044",1996,313,0.0796332902403517
"1045",1996,314,0.0814227460677593
"1046",1996,315,0.0672346477472617
"1047",1996,316,0.0590011990875671
"1048",1996,317,0.0562979010480248
"1049",1996,318,0.0554415083117939
"1050",1996,319,0.0579287037401025
"1051",1996,320,0.0498109653935473
"1052",1996,321,0.035747307396494
"1053",1996,322,0.0307772095477379
"1054",1996,323,0.0331862591493154
"1055",1996,324,0.0315185508095837
"1056",1996,325,0.0269106778075081
"1057",1996,326,0.0197490505640799
"1058",1996,327,0.0210891728942036
"1059",1996,328,0.0241653621930214
"1060",1996,329,0.0203391489146507
"1061",1996,330,0.0240878504614302
"1062",1996,331,0.0293879413888265
"1063",1996,332,0.0371339467051706
"1064",1996,333,0.0497748614083765
"1065",1996,334,0.0496674928714545
"1066",1996,335,0.0385655373724819
"1067",1996,336,0.0395661673732071
"1068",1996,337,0.0412369134528812
"1069",1996,338,0.0373268643799094
"1070",1996,339,0.0349782026296331
"1071",1996,340,0.044253352604262
"1072",1996,341,0.0452649279179414
"1073",1996,342,0.0436504915076133
"1074",1996,343,0.0447881337533347
"1075",1996,344,0.0529404069909592
"1076",1996,345,0.0462736884797253
"1077",1996,346,0.0512556077553922
"1078",1996,347,0.0410035824867805
"1079",1996,348,0.0356857969608827
"1080",1996,349,0.0311660368988101
"1081",1996,350,0.0360512313951011
"1082",1996,351,0.0325174859768761
"1083",1996,352,0.0221690897878917
"1084",1996,353,0.019398799710612
"1085",1996,354,0.0284061122834464
"1086",1996,355,0.0389651870704826
"1087",1996,356,0.0270522797416795
"1088",1996,357,0.0163303950972542
"1089",1996,358,0.012651963554205
"1090",1996,359,0.0109451258344479
"1091",1996,360,0.01
"1092",1996,361,0.0115091483271172
"1093",1996,362,0.0133386585541308
"1094",1996,363,0.0138428665533384
"1095",1996,364,0.0118175339187402
"1096",1996,365,0.0264829927634287
"1097",1997,1,0.070183596449311
"1098",1997,2,0.0701830751728574
"1099",1997,3,0.0616940298368719
"1100",1997,4,0.0423594846100041
"1101",1997,5,0.035287228745292
"1102",1997,6,0.0367093867587566
"1103",1997,7,0.0486317898273947
"1104",1997,8,0.0474103606405471
"1105",1997,9,0.0315401837080281
"1106",1997,10,0.0127568983095329
"1107",1997,11,0.01
"1108",1997,12,0.0123556920183814
"1109",1997,13,0.0173417136464455
"1110",1997,14,0.0267123512832003
"1111",1997,15,0.0303124123886771
"1112",1997,16,0.0217078418027971
"1113",1997,17,0.0273347734795607
"1114",1997,18,0.053238578836689
"1115",1997,19,0.0784162506603661
"1116",1997,20,0.0793698383313733
"1117",1997,21,0.0584427663920409
"1118",1997,22,0.0372896967225247
"1119",1997,23,0.0355474164499298
"1120",1997,24,0.0246040192827622
"1121",1997,25,0.014331446812395
"1122",1997,26,0.0165190159809739
"1123",1997,27,0.0208376229427667
"1124",1997,28,0.0364584898248162
"1125",1997,29,0.0574938716411652
"1126",1997,30,0.105315964118587
"1127",1997,31,0.112190582809468
"1128",1997,32,0.100651662010105
"1129",1997,33,0.0986017143254666
"1130",1997,34,0.0936347533074136
"1131",1997,35,0.0855359541133224
"1132",1997,36,0.0783804759120935
"1133",1997,37,0.0729510439937844
"1134",1997,38,0.0868250827396799
"1135",1997,39,0.0929266134286545
"1136",1997,40,0.0886430684777774
"1137",1997,41,0.0952832903352007
"1138",1997,42,0.0955697129724791
"1139",1997,43,0.098600651571716
"1140",1997,44,0.12245856727887
"1141",1997,45,0.122968104743576
"1142",1997,46,0.13171463727011
"1143",1997,47,0.160015413825706
"1144",1997,48,0.17532735972358
"1145",1997,49,0.150207256412526
"1146",1997,50,0.155373921591238
"1147",1997,51,0.154517948583044
"1148",1997,52,0.148508290706293
"1149",1997,53,0.120590415517734
"1150",1997,54,0.100551309592648
"1151",1997,55,0.136736924242923
"1152",1997,56,0.160474319574385
"1153",1997,57,0.137091678242852
"1154",1997,58,0.12297685470853
"1155",1997,59,0.107943162124663
"1156",1997,60,0.117924499327941
"1157",1997,61,0.145474357578215
"1158",1997,62,0.114601049668914
"1159",1997,63,0.0993200751152521
"1160",1997,64,0.109633278007174
"1161",1997,65,0.140252829094227
"1162",1997,66,0.194245746119296
"1163",1997,67,0.186124199048066
"1164",1997,68,0.1788185711519
"1165",1997,69,0.201377966913963
"1166",1997,70,0.185503709971782
"1167",1997,71,0.141574375789789
"1168",1997,72,0.0906645929936046
"1169",1997,73,0.0731480200193218
"1170",1997,74,0.098214795267983
"1171",1997,75,0.192441826679537
"1172",1997,76,0.175966261790838
"1173",1997,77,0.2052215274102
"1174",1997,78,0.283240929387923
"1175",1997,79,0.297757514345587
"1176",1997,80,0.257539254251078
"1177",1997,81,0.252265942771293
"1178",1997,82,0.255959916898984
"1179",1997,83,0.250541272594229
"1180",1997,84,0.269425222901938
"1181",1997,85,0.33397551424472
"1182",1997,86,0.29510494446369
"1183",1997,87,0.252345429374654
"1184",1997,88,0.266223000483902
"1185",1997,89,0.292483829102599
"1186",1997,90,0.308326614110148
"1187",1997,91,0.272992443395781
"1188",1997,92,0.270132522948257
"1189",1997,93,0.306479124435858
"1190",1997,94,0.27382624785348
"1191",1997,95,0.210603868555938
"1192",1997,96,0.19210907678705
"1193",1997,97,0.180655433113706
"1194",1997,98,0.182823991674494
"1195",1997,99,0.198625533047847
"1196",1997,100,0.208759652178043
"1197",1997,101,0.213781100787358
"1198",1997,102,0.249013977977575
"1199",1997,103,0.297903352220401
"1200",1997,104,0.339805764448785
"1201",1997,105,0.325615168188989
"1202",1997,106,0.391170263821654
"1203",1997,107,0.43575668623133
"1204",1997,108,0.413975146464725
"1205",1997,109,0.421642331318786
"1206",1997,110,0.405596879822683
"1207",1997,111,0.375136186224558
"1208",1997,112,0.357399717622205
"1209",1997,113,0.359426086295922
"1210",1997,114,0.38237388141924
"1211",1997,115,0.382832882869184
"1212",1997,116,0.410137955795758
"1213",1997,117,0.45015555203133
"1214",1997,118,0.423719945913323
"1215",1997,119,0.396903732065944
"1216",1997,120,0.412615899328839
"1217",1997,121,0.390329311397073
"1218",1997,122,0.368226992122517
"1219",1997,123,0.409846774335804
"1220",1997,124,0.458693313610867
"1221",1997,125,0.457350845996525
"1222",1997,126,0.475973950378222
"1223",1997,127,0.436085709038491
"1224",1997,128,0.42913934049197
"1225",1997,129,0.487140883310117
"1226",1997,130,0.492842199899489
"1227",1997,131,0.45579799753051
"1228",1997,132,0.483736580213191
"1229",1997,133,0.510199079023104
"1230",1997,134,0.488875315076913
"1231",1997,135,0.538624870004145
"1232",1997,136,0.588960825453463
"1233",1997,137,0.558527833800661
"1234",1997,138,0.457344665761666
"1235",1997,139,0.416697271602103
"1236",1997,140,0.46877983299824
"1237",1997,141,0.514091812585107
"1238",1997,142,0.525220023477122
"1239",1997,143,0.517863426080808
"1240",1997,144,0.50505941121436
"1241",1997,145,0.476558138681587
"1242",1997,146,0.4881857263761
"1243",1997,147,0.498030638679995
"1244",1997,148,0.505626299402447
"1245",1997,149,0.510759743822734
"1246",1997,150,0.568579098874122
"1247",1997,151,0.633234404965796
"1248",1997,152,0.630995866428308
"1249",1997,153,0.586804589323507
"1250",1997,154,0.600029557270838
"1251",1997,155,0.646919420878661
"1252",1997,156,0.657853956607769
"1253",1997,157,0.641557166166166
"1254",1997,158,0.630795660662644
"1255",1997,159,0.633536272582266
"1256",1997,160,0.608249581659781
"1257",1997,161,0.625842093461745
"1258",1997,162,0.636263587399656
"1259",1997,163,0.637875011252903
"1260",1997,164,0.645484407850818
"1261",1997,165,0.642955351514948
"1262",1997,166,0.627548455119286
"1263",1997,167,0.642287498418332
"1264",1997,168,0.638358939189167
"1265",1997,169,0.651456212413536
"1266",1997,170,0.615083857686573
"1267",1997,171,0.592287654748134
"1268",1997,172,0.59587907762442
"1269",1997,173,0.623629054573664
"1270",1997,174,0.620972777428021
"1271",1997,175,0.591868328132446
"1272",1997,176,0.615127601901497
"1273",1997,177,0.673453410553489
"1274",1997,178,0.682340843040698
"1275",1997,179,0.678001537001321
"1276",1997,180,0.665824027124999
"1277",1997,181,0.584788035813794
"1278",1997,182,0.534300878361628
"1279",1997,183,0.551041708179306
"1280",1997,184,0.590584359350606
"1281",1997,185,0.630238810290013
"1282",1997,186,0.636628140506697
"1283",1997,187,0.668778036261623
"1284",1997,188,0.654060127583609
"1285",1997,189,0.679261729075402
"1286",1997,190,0.715508017261046
"1287",1997,191,0.699128098182958
"1288",1997,192,0.627152205371358
"1289",1997,193,0.612973498179442
"1290",1997,194,0.655687759251672
"1291",1997,195,0.685604895574078
"1292",1997,196,0.713390860162732
"1293",1997,197,0.715162834030077
"1294",1997,198,0.707719760255842
"1295",1997,199,0.675097196890445
"1296",1997,200,0.682827780553352
"1297",1997,201,0.661597822246127
"1298",1997,202,0.667672275040505
"1299",1997,203,0.716337269799299
"1300",1997,204,0.712194138281472
"1301",1997,205,0.691232665266697
"1302",1997,206,0.676667606815669
"1303",1997,207,0.649684934177313
"1304",1997,208,0.634529227088183
"1305",1997,209,0.664425494907702
"1306",1997,210,0.663704555553429
"1307",1997,211,0.677368135747382
"1308",1997,212,0.684803340973552
"1309",1997,213,0.691825999846833
"1310",1997,214,0.695310334073588
"1311",1997,215,0.682939849384612
"1312",1997,216,0.714940080464063
"1313",1997,217,0.712211306700474
"1314",1997,218,0.69046950964124
"1315",1997,219,0.701892741014878
"1316",1997,220,0.645751873466636
"1317",1997,221,0.533408721620281
"1318",1997,222,0.513515328116421
"1319",1997,223,0.56176040832253
"1320",1997,224,0.58832739822444
"1321",1997,225,0.614898270652584
"1322",1997,226,0.615620854242575
"1323",1997,227,0.571013302477494
"1324",1997,228,0.531210283210533
"1325",1997,229,0.513383617924107
"1326",1997,230,0.551238904363646
"1327",1997,231,0.560763348607333
"1328",1997,232,0.576367287125425
"1329",1997,233,0.593123472478172
"1330",1997,234,0.608163443845833
"1331",1997,235,0.628679552855494
"1332",1997,236,0.604544171167831
"1333",1997,237,0.544327856859611
"1334",1997,238,0.580445087871254
"1335",1997,239,0.608335072479426
"1336",1997,240,0.569236358637867
"1337",1997,241,0.529663184597914
"1338",1997,242,0.50759622543544
"1339",1997,243,0.524184375631838
"1340",1997,244,0.460301830166294
"1341",1997,245,0.505051983901457
"1342",1997,246,0.522555857594126
"1343",1997,247,0.525411274424788
"1344",1997,248,0.484712363724096
"1345",1997,249,0.496977380973848
"1346",1997,250,0.468697515289388
"1347",1997,251,0.445120356500398
"1348",1997,252,0.442831833343273
"1349",1997,253,0.467870593102352
"1350",1997,254,0.476055242013122
"1351",1997,255,0.443755927379189
"1352",1997,256,0.40986497896765
"1353",1997,257,0.402636624276792
"1354",1997,258,0.403982425349477
"1355",1997,259,0.36886699293696
"1356",1997,260,0.36971506137171
"1357",1997,261,0.334945599519692
"1358",1997,262,0.288007739281834
"1359",1997,263,0.313587458684843
"1360",1997,264,0.326951073941413
"1361",1997,265,0.343747100727621
"1362",1997,266,0.358118729195026
"1363",1997,267,0.373750706476974
"1364",1997,268,0.378260805540718
"1365",1997,269,0.365527704172376
"1366",1997,270,0.310420110417282
"1367",1997,271,0.313727294585256
"1368",1997,272,0.315239282542455
"1369",1997,273,0.328304824280233
"1370",1997,274,0.346608098923653
"1371",1997,275,0.333111299197255
"1372",1997,276,0.27577367352427
"1373",1997,277,0.26541383861436
"1374",1997,278,0.246242970238631
"1375",1997,279,0.227188029966091
"1376",1997,280,0.220543029459892
"1377",1997,281,0.171394348571459
"1378",1997,282,0.173542806565492
"1379",1997,283,0.193733075152722
"1380",1997,284,0.178571368354167
"1381",1997,285,0.157159882792662
"1382",1997,286,0.147079283684723
"1383",1997,287,0.173137440165453
"1384",1997,288,0.185363796595858
"1385",1997,289,0.213801954048863
"1386",1997,290,0.201510986042663
"1387",1997,291,0.158387493286184
"1388",1997,292,0.144651011155348
"1389",1997,293,0.140639661076047
"1390",1997,294,0.140547662671235
"1391",1997,295,0.142304361698958
"1392",1997,296,0.123209064842295
"1393",1997,297,0.10397991735538
"1394",1997,298,0.110598389629283
"1395",1997,299,0.132381612480889
"1396",1997,300,0.133790046344818
"1397",1997,301,0.118755213836689
"1398",1997,302,0.135526198605691
"1399",1997,303,0.135477376908766
"1400",1997,304,0.135768283949925
"1401",1997,305,0.120503299086888
"1402",1997,306,0.108302633939204
"1403",1997,307,0.112813163189951
"1404",1997,308,0.111125441466604
"1405",1997,309,0.113926376187226
"1406",1997,310,0.132071089023161
"1407",1997,311,0.103172302821177
"1408",1997,312,0.0832787214912957
"1409",1997,313,0.0649878506467419
"1410",1997,314,0.0579371712751773
"1411",1997,315,0.0552594494180497
"1412",1997,316,0.0683461355269123
"1413",1997,317,0.0503173191485525
"1414",1997,318,0.0440970098407201
"1415",1997,319,0.0497766722976614
"1416",1997,320,0.0582103245660142
"1417",1997,321,0.0554585188293694
"1418",1997,322,0.0720108583192502
"1419",1997,323,0.0611672154495883
"1420",1997,324,0.0533245925545707
"1421",1997,325,0.0538933281887196
"1422",1997,326,0.0579195090695103
"1423",1997,327,0.0585487190468402
"1424",1997,328,0.0786176860855942
"1425",1997,329,0.0664926635429986
"1426",1997,330,0.0627991311759767
"1427",1997,331,0.0655254747867103
"1428",1997,332,0.0787577019933263
"1429",1997,333,0.0699722823356366
"1430",1997,334,0.0668872171737006
"1431",1997,335,0.0617383669804865
"1432",1997,336,0.0469081171934689
"1433",1997,337,0.0437172823670878
"1434",1997,338,0.0315106166215986
"1435",1997,339,0.0307026061009676
"1436",1997,340,0.0350665594550701
"1437",1997,341,0.0330447173612321
"1438",1997,342,0.0319281604783647
"1439",1997,343,0.0374000773064355
"1440",1997,344,0.0428808691452527
"1441",1997,345,0.0433769216446957
"1442",1997,346,0.0563377097606086
"1443",1997,347,0.0623594119861034
"1444",1997,348,0.0708248617448417
"1445",1997,349,0.057362206332101
"1446",1997,350,0.0550324455456328
"1447",1997,351,0.0649671378570907
"1448",1997,352,0.0440082763490129
"1449",1997,353,0.0368887152964688
"1450",1997,354,0.045474703892838
"1451",1997,355,0.0464347407532925
"1452",1997,356,0.0402759721973037
"1453",1997,357,0.0431204569860531
"1454",1997,358,0.0423040445075731
"1455",1997,359,0.0421250464079066
"1456",1997,360,0.0476395132362349
"1457",1997,361,0.054664194087918
"1458",1997,362,0.0533371713914507
"1459",1997,363,0.0635133239135425
"1460",1997,364,0.0578965513193574
"1461",1997,365,0.0631101690068785
"1462",1998,1,0.0579228263451065
"1463",1998,2,0.0256008196367552
"1464",1998,3,0.0179853728139318
"1465",1998,4,0.0269418796370623
"1466",1998,5,0.0322141665429935
"1467",1998,6,0.0490596296361962
"1468",1998,7,0.0370337183177602
"1469",1998,8,0.020282126162933
"1470",1998,9,0.0150259953182808
"1471",1998,10,0.0109078807865953
"1472",1998,11,0.0105665557876554
"1473",1998,12,0.012165375476275
"1474",1998,13,0.0236963494821512
"1475",1998,14,0.0392175760427169
"1476",1998,15,0.0537440047000475
"1477",1998,16,0.038088432407371
"1478",1998,17,0.0422250148917435
"1479",1998,18,0.0494217639714713
"1480",1998,19,0.0494180461568804
"1481",1998,20,0.0492695042248981
"1482",1998,21,0.0472449137426489
"1483",1998,22,0.0477073558291568
"1484",1998,23,0.0472822741960036
"1485",1998,24,0.0813348147678939
"1486",1998,25,0.082526491708541
"1487",1998,26,0.0931917261584354
"1488",1998,27,0.0910800603812515
"1489",1998,28,0.094651653687056
"1490",1998,29,0.102064205988631
"1491",1998,30,0.106566875549186
"1492",1998,31,0.106310226360158
"1493",1998,32,0.0838690433633034
"1494",1998,33,0.0867162338104906
"1495",1998,34,0.0990575428276734
"1496",1998,35,0.102461803218045
"1497",1998,36,0.0908399184673678
"1498",1998,37,0.105908396392044
"1499",1998,38,0.12124326757945
"1500",1998,39,0.104200485839185
"1501",1998,40,0.117274897516256
"1502",1998,41,0.129034349183267
"1503",1998,42,0.12887939952307
"1504",1998,43,0.140612435063468
"1505",1998,44,0.155856471308664
"1506",1998,45,0.14811315305442
"1507",1998,46,0.148358859656496
"1508",1998,47,0.129727740457446
"1509",1998,48,0.13097969614494
"1510",1998,49,0.13504690447594
"1511",1998,50,0.153091074653313
"1512",1998,51,0.163174478015547
"1513",1998,52,0.172362464802161
"1514",1998,53,0.169317411876668
"1515",1998,54,0.158103253878549
"1516",1998,55,0.150450454508541
"1517",1998,56,0.144447978931792
"1518",1998,57,0.133936581937673
"1519",1998,58,0.130931108947783
"1520",1998,59,0.131917415614819
"1521",1998,60,0.131771887693964
"1522",1998,61,0.129846996487823
"1523",1998,62,0.113016406262826
"1524",1998,63,0.0947245060268783
"1525",1998,64,0.106299806572491
"1526",1998,65,0.118538004934113
"1527",1998,66,0.119579034411376
"1528",1998,67,0.0964548062953391
"1529",1998,68,0.0848063632651915
"1530",1998,69,0.0714967116090803
"1531",1998,70,0.0950268439604406
"1532",1998,71,0.178642405399079
"1533",1998,72,0.169775245302483
"1534",1998,73,0.159307927143776
"1535",1998,74,0.186033982454524
"1536",1998,75,0.222630333870024
"1537",1998,76,0.187424802681052
"1538",1998,77,0.17278011496753
"1539",1998,78,0.195149331253242
"1540",1998,79,0.218590287812266
"1541",1998,80,0.227672157204327
"1542",1998,81,0.214440759346196
"1543",1998,82,0.21921040254821
"1544",1998,83,0.28221076823424
"1545",1998,84,0.289246706233878
"1546",1998,85,0.289343763946943
"1547",1998,86,0.270906935771427
"1548",1998,87,0.233417092093571
"1549",1998,88,0.248720726860173
"1550",1998,89,0.261933742103684
"1551",1998,90,0.292380979672016
"1552",1998,91,0.316000534700641
"1553",1998,92,0.326988601366364
"1554",1998,93,0.342389130718604
"1555",1998,94,0.338585054244785
"1556",1998,95,0.325506322709458
"1557",1998,96,0.297438323971008
"1558",1998,97,0.290220950705998
"1559",1998,98,0.325376502390355
"1560",1998,99,0.323931169156295
"1561",1998,100,0.340643081825851
"1562",1998,101,0.385140885079347
"1563",1998,102,0.363364681895045
"1564",1998,103,0.338507209551695
"1565",1998,104,0.319415237241426
"1566",1998,105,0.316493383202627
"1567",1998,106,0.346555220100095
"1568",1998,107,0.357723127053408
"1569",1998,108,0.340177194767121
"1570",1998,109,0.331263027177211
"1571",1998,110,0.394570512187203
"1572",1998,111,0.429295869977097
"1573",1998,112,0.469586887830344
"1574",1998,113,0.491499099940261
"1575",1998,114,0.440901267254873
"1576",1998,115,0.380914585847559
"1577",1998,116,0.397342074508164
"1578",1998,117,0.437397642236416
"1579",1998,118,0.476435400076953
"1580",1998,119,0.507609849966954
"1581",1998,120,0.490618485453743
"1582",1998,121,0.436321243723125
"1583",1998,122,0.453377303248197
"1584",1998,123,0.52433170382325
"1585",1998,124,0.493246121446624
"1586",1998,125,0.501218695652513
"1587",1998,126,0.433663467596626
"1588",1998,127,0.419290951946509
"1589",1998,128,0.41408523611621
"1590",1998,129,0.441086622879684
"1591",1998,130,0.444896715930956
"1592",1998,131,0.477681185873553
"1593",1998,132,0.497659374967887
"1594",1998,133,0.494858868919126
"1595",1998,134,0.493411359239954
"1596",1998,135,0.497225476534192
"1597",1998,136,0.502512730588616
"1598",1998,137,0.531141061307467
"1599",1998,138,0.496962006937905
"1600",1998,139,0.517630604126607
"1601",1998,140,0.586754984272565
"1602",1998,141,0.559856679381562
"1603",1998,142,0.563527228600864
"1604",1998,143,0.541156773935244
"1605",1998,144,0.544435999141043
"1606",1998,145,0.564296772434979
"1607",1998,146,0.626146102533097
"1608",1998,147,0.599662553930672
"1609",1998,148,0.537857081787079
"1610",1998,149,0.572500079517708
"1611",1998,150,0.536346799805753
"1612",1998,151,0.553922872570468
"1613",1998,152,0.545784509920745
"1614",1998,153,0.463936472404802
"1615",1998,154,0.487356582591056
"1616",1998,155,0.498317338816562
"1617",1998,156,0.503151947602628
"1618",1998,157,0.517145197759702
"1619",1998,158,0.502955981009932
"1620",1998,159,0.496548336827112
"1621",1998,160,0.533897420305758
"1622",1998,161,0.584490894578495
"1623",1998,162,0.618856563619626
"1624",1998,163,0.626536666198336
"1625",1998,164,0.60226400337638
"1626",1998,165,0.572718239497379
"1627",1998,166,0.571835000163324
"1628",1998,167,0.546449656326731
"1629",1998,168,0.568837663855589
"1630",1998,169,0.575425589992306
"1631",1998,170,0.583256688850552
"1632",1998,171,0.558528919514476
"1633",1998,172,0.58738578576238
"1634",1998,173,0.643322122210096
"1635",1998,174,0.650248408701649
"1636",1998,175,0.652281542911678
"1637",1998,176,0.64210524213169
"1638",1998,177,0.606342663788898
"1639",1998,178,0.55060891896723
"1640",1998,179,0.612975830283624
"1641",1998,180,0.61343290620964
"1642",1998,181,0.660015398483669
"1643",1998,182,0.68369136741115
"1644",1998,183,0.664851787056086
"1645",1998,184,0.661630406740446
"1646",1998,185,0.675019660023806
"1647",1998,186,0.691412211939632
"1648",1998,187,0.665502598335218
"1649",1998,188,0.699729117848222
"1650",1998,189,0.729353086625283
"1651",1998,190,0.740229477882517
"1652",1998,191,0.75572361692112
"1653",1998,192,0.715243990914012
"1654",1998,193,0.68840349569572
"1655",1998,194,0.709452181386318
"1656",1998,195,0.691202905022889
"1657",1998,196,0.681218556150073
"1658",1998,197,0.730613785035374
"1659",1998,198,0.759337628861414
"1660",1998,199,0.751979776607724
"1661",1998,200,0.745697023216826
"1662",1998,201,0.700900444512314
"1663",1998,202,0.643770346149317
"1664",1998,203,0.650495215600118
"1665",1998,204,0.667656133524875
"1666",1998,205,0.690750704730942
"1667",1998,206,0.70204781798285
"1668",1998,207,0.714816228926192
"1669",1998,208,0.738113657030548
"1670",1998,209,0.688743873998573
"1671",1998,210,0.610006839103036
"1672",1998,211,0.639304510544428
"1673",1998,212,0.691751944420046
"1674",1998,213,0.65961784948368
"1675",1998,214,0.638278224787638
"1676",1998,215,0.625445871991032
"1677",1998,216,0.651403384664877
"1678",1998,217,0.680803111442617
"1679",1998,218,0.721840456428118
"1680",1998,219,0.689757286301015
"1681",1998,220,0.661406611785627
"1682",1998,221,0.687976741683669
"1683",1998,222,0.686701074100408
"1684",1998,223,0.69977648652219
"1685",1998,224,0.689008377223081
"1686",1998,225,0.684734712940744
"1687",1998,226,0.640181683810069
"1688",1998,227,0.654558973690742
"1689",1998,228,0.619903399565955
"1690",1998,229,0.630586424928284
"1691",1998,230,0.598173382145478
"1692",1998,231,0.578906641867834
"1693",1998,232,0.617009410065415
"1694",1998,233,0.605652138316541
"1695",1998,234,0.593724247631369
"1696",1998,235,0.562965429361356
"1697",1998,236,0.549335091977706
"1698",1998,237,0.561403998882299
"1699",1998,238,0.578574616485796
"1700",1998,239,0.552541976240975
"1701",1998,240,0.567006740191124
"1702",1998,241,0.587216849881038
"1703",1998,242,0.599855354060453
"1704",1998,243,0.538050377701405
"1705",1998,244,0.537390587883318
"1706",1998,245,0.581913765737586
"1707",1998,246,0.573547864543846
"1708",1998,247,0.560520406309603
"1709",1998,248,0.518054719347185
"1710",1998,249,0.511579444243667
"1711",1998,250,0.534505444342284
"1712",1998,251,0.536250448591516
"1713",1998,252,0.538099302680364
"1714",1998,253,0.457407973250327
"1715",1998,254,0.472221550900748
"1716",1998,255,0.446694047613366
"1717",1998,256,0.454911227155529
"1718",1998,257,0.429883392322681
"1719",1998,258,0.481846502508756
"1720",1998,259,0.485283125909852
"1721",1998,260,0.469683116847521
"1722",1998,261,0.398870173033149
"1723",1998,262,0.343098637544666
"1724",1998,263,0.293391964320624
"1725",1998,264,0.312798413391163
"1726",1998,265,0.328225409983373
"1727",1998,266,0.328147004527711
"1728",1998,267,0.334240733942968
"1729",1998,268,0.321353629158513
"1730",1998,269,0.296705482681664
"1731",1998,270,0.311054317747458
"1732",1998,271,0.316917338706142
"1733",1998,272,0.289720596089921
"1734",1998,273,0.269396984695442
"1735",1998,274,0.270605228214495
"1736",1998,275,0.256325688864345
"1737",1998,276,0.231538436263126
"1738",1998,277,0.227909204968555
"1739",1998,278,0.220274392053751
"1740",1998,279,0.228619143540622
"1741",1998,280,0.257054128727724
"1742",1998,281,0.26739459175351
"1743",1998,282,0.235606253826098
"1744",1998,283,0.194595038995623
"1745",1998,284,0.170368319425419
"1746",1998,285,0.165996121164864
"1747",1998,286,0.177757486759341
"1748",1998,287,0.194681968745035
"1749",1998,288,0.159481149308366
"1750",1998,289,0.153805943032069
"1751",1998,290,0.164311884494344
"1752",1998,291,0.148194096655282
"1753",1998,292,0.150211507864341
"1754",1998,293,0.158612081181511
"1755",1998,294,0.166919020521401
"1756",1998,295,0.171384104858138
"1757",1998,296,0.173918005771679
"1758",1998,297,0.159741985183142
"1759",1998,298,0.150456737744176
"1760",1998,299,0.155321167008343
"1761",1998,300,0.153747055923053
"1762",1998,301,0.135877255534516
"1763",1998,302,0.118864314744468
"1764",1998,303,0.118050557347055
"1765",1998,304,0.113756163535282
"1766",1998,305,0.115373394782449
"1767",1998,306,0.105558264215619
"1768",1998,307,0.0964817724437601
"1769",1998,308,0.0905537020106303
"1770",1998,309,0.0874867679586471
"1771",1998,310,0.0747211456193212
"1772",1998,311,0.0698940417804579
"1773",1998,312,0.0693087972041634
"1774",1998,313,0.0631129930056832
"1775",1998,314,0.0589551456888112
"1776",1998,315,0.0596284683241888
"1777",1998,316,0.0658582681839519
"1778",1998,317,0.0907049860449172
"1779",1998,318,0.0849699477295296
"1780",1998,319,0.0960558041023789
"1781",1998,320,0.0835393045966877
"1782",1998,321,0.0546175932641171
"1783",1998,322,0.0532663982379076
"1784",1998,323,0.0488884764564574
"1785",1998,324,0.0666157712229903
"1786",1998,325,0.0862158051634613
"1787",1998,326,0.0828832498105536
"1788",1998,327,0.071373654691793
"1789",1998,328,0.0773926192327955
"1790",1998,329,0.0792975028611522
"1791",1998,330,0.0955961531428875
"1792",1998,331,0.0776430653731165
"1793",1998,332,0.0711421921792485
"1794",1998,333,0.0624785184284909
"1795",1998,334,0.0683292419366195
"1796",1998,335,0.0755736816212987
"1797",1998,336,0.0738222648257695
"1798",1998,337,0.0678490923477205
"1799",1998,338,0.0497496082523233
"1800",1998,339,0.039381132069745
"1801",1998,340,0.0375042958063133
"1802",1998,341,0.0393790616556545
"1803",1998,342,0.0449318804818756
"1804",1998,343,0.0416956292771517
"1805",1998,344,0.0450472113912578
"1806",1998,345,0.056504628291114
"1807",1998,346,0.0614043187440844
"1808",1998,347,0.0667281692335089
"1809",1998,348,0.0636789135301802
"1810",1998,349,0.0514949068316414
"1811",1998,350,0.0558527944964952
"1812",1998,351,0.0659902137290506
"1813",1998,352,0.029893580756576
"1814",1998,353,0.0168248754423984
"1815",1998,354,0.0131774034699529
"1816",1998,355,0.0143195391691821
"1817",1998,356,0.021041897866475
"1818",1998,357,0.0208853493552286
"1819",1998,358,0.0250563274930236
"1820",1998,359,0.0256916403198778
"1821",1998,360,0.0326661256907491
"1822",1998,361,0.038486461550723
"1823",1998,362,0.032918319222825
"1824",1998,363,0.0259268082433329
"1825",1998,364,0.0261751442816438
"1826",1998,365,0.025870149824862
"1827",1998,366,0.0352507517307725
"1828",1999,1,0.0272286557419313
"1829",1999,2,0.0194937227532153
"1830",1999,3,0.0203411924669231
"1831",1999,4,0.0330846609518424
"1832",1999,5,0.0433673386768845
"1833",1999,6,0.02543150306862
"1834",1999,7,0.0259785327044581
"1835",1999,8,0.0226841972407485
"1836",1999,9,0.0362089539961331
"1837",1999,10,0.0399790039373685
"1838",1999,11,0.054412744791256
"1839",1999,12,0.0393051927227758
"1840",1999,13,0.0523869148724133
"1841",1999,14,0.0690226077805231
"1842",1999,15,0.0732326578019769
"1843",1999,16,0.0582653700584267
"1844",1999,17,0.0586361742977499
"1845",1999,18,0.0643014565646273
"1846",1999,19,0.0773164135379628
"1847",1999,20,0.0721793581829846
"1848",1999,21,0.0551836771683034
"1849",1999,22,0.0607372583049541
"1850",1999,23,0.0404101104877406
"1851",1999,24,0.0298700067630799
"1852",1999,25,0.0506548777587949
"1853",1999,26,0.0512142677236785
"1854",1999,27,0.0646685960221614
"1855",1999,28,0.0858030281217838
"1856",1999,29,0.0976178314001224
"1857",1999,30,0.099137884009901
"1858",1999,31,0.0870813982436338
"1859",1999,32,0.0890632342045491
"1860",1999,33,0.106022743155078
"1861",1999,34,0.104289617783493
"1862",1999,35,0.105016415132983
"1863",1999,36,0.110413451285544
"1864",1999,37,0.121944732355256
"1865",1999,38,0.136346232794028
"1866",1999,39,0.127658440458888
"1867",1999,40,0.115151883885293
"1868",1999,41,0.0900183385888266
"1869",1999,42,0.0838013365968631
"1870",1999,43,0.106394816662846
"1871",1999,44,0.146250793416475
"1872",1999,45,0.132352631420374
"1873",1999,46,0.114637424694961
"1874",1999,47,0.113743290305882
"1875",1999,48,0.117856885629361
"1876",1999,49,0.136611577849647
"1877",1999,50,0.135142774387056
"1878",1999,51,0.136987106735255
"1879",1999,52,0.125894220085665
"1880",1999,53,0.142896707189658
"1881",1999,54,0.156164289814254
"1882",1999,55,0.178192842142348
"1883",1999,56,0.194100661287245
"1884",1999,57,0.162960577819529
"1885",1999,58,0.16616146725745
"1886",1999,59,0.192841351011726
"1887",1999,60,0.177292324710006
"1888",1999,61,0.16016176319759
"1889",1999,62,0.172737930407839
"1890",1999,63,0.171914643239576
"1891",1999,64,0.136455075648815
"1892",1999,65,0.137325321518774
"1893",1999,66,0.121082027022242
"1894",1999,67,0.135125103577532
"1895",1999,68,0.155052095854373
"1896",1999,69,0.169874159819907
"1897",1999,70,0.174215196355252
"1898",1999,71,0.188647183751333
"1899",1999,72,0.222873504352434
"1900",1999,73,0.262395427156282
"1901",1999,74,0.245068508979717
"1902",1999,75,0.207733467248038
"1903",1999,76,0.203269672664051
"1904",1999,77,0.248174757453445
"1905",1999,78,0.261029401624345
"1906",1999,79,0.233604268519765
"1907",1999,80,0.250748014671554
"1908",1999,81,0.24894571411777
"1909",1999,82,0.269539244108584
"1910",1999,83,0.277458163984013
"1911",1999,84,0.318827091392985
"1912",1999,85,0.318543968196883
"1913",1999,86,0.258368382627657
"1914",1999,87,0.251654792581669
"1915",1999,88,0.269748058604889
"1916",1999,89,0.273767634214183
"1917",1999,90,0.235355726819305
"1918",1999,91,0.213912867761318
"1919",1999,92,0.216746667694032
"1920",1999,93,0.212502825226766
"1921",1999,94,0.236328123056541
"1922",1999,95,0.286323641297685
"1923",1999,96,0.309481701924143
"1924",1999,97,0.33837512498177
"1925",1999,98,0.367478292690372
"1926",1999,99,0.350833749668864
"1927",1999,100,0.327526382376001
"1928",1999,101,0.315802466238193
"1929",1999,102,0.373169712003917
"1930",1999,103,0.368420121970953
"1931",1999,104,0.312263461802895
"1932",1999,105,0.321018883040851
"1933",1999,106,0.320639588981105
"1934",1999,107,0.390027540857966
"1935",1999,108,0.43510924541576
"1936",1999,109,0.427115588743485
"1937",1999,110,0.41175252924474
"1938",1999,111,0.361632560960389
"1939",1999,112,0.370742498294285
"1940",1999,113,0.366326632723135
"1941",1999,114,0.393276643922515
"1942",1999,115,0.424811397708454
"1943",1999,116,0.419330616107494
"1944",1999,117,0.437633471720452
"1945",1999,118,0.428908659228833
"1946",1999,119,0.380350060818571
"1947",1999,120,0.407903302080145
"1948",1999,121,0.476875092299222
"1949",1999,122,0.46768736847219
"1950",1999,123,0.454497063881863
"1951",1999,124,0.43659734487098
"1952",1999,125,0.412484698871194
"1953",1999,126,0.419502276516225
"1954",1999,127,0.444847399028255
"1955",1999,128,0.412555622070423
"1956",1999,129,0.382663440108691
"1957",1999,130,0.367282543205135
"1958",1999,131,0.335431234990727
"1959",1999,132,0.432418970453112
"1960",1999,133,0.426829662115797
"1961",1999,134,0.451614366442067
"1962",1999,135,0.434135409584433
"1963",1999,136,0.442230879548044
"1964",1999,137,0.472563198494572
"1965",1999,138,0.521809178785209
"1966",1999,139,0.519297048682162
"1967",1999,140,0.500285819575513
"1968",1999,141,0.53426279599788
"1969",1999,142,0.517673975201193
"1970",1999,143,0.544470192563553
"1971",1999,144,0.583848780801819
"1972",1999,145,0.5993162635804
"1973",1999,146,0.556974687099731
"1974",1999,147,0.581952968231765
"1975",1999,148,0.599587330714055
"1976",1999,149,0.50279346984444
"1977",1999,150,0.488848876320846
"1978",1999,151,0.525014631840334
"1979",1999,152,0.543098457322096
"1980",1999,153,0.584499051969282
"1981",1999,154,0.565520591038408
"1982",1999,155,0.566737969473516
"1983",1999,156,0.591150675461919
"1984",1999,157,0.584827469155402
"1985",1999,158,0.554755089595342
"1986",1999,159,0.540764893364102
"1987",1999,160,0.531126080522284
"1988",1999,161,0.541334710019328
"1989",1999,162,0.55000323141794
"1990",1999,163,0.553640177855508
"1991",1999,164,0.585456098707565
"1992",1999,165,0.584302567518588
"1993",1999,166,0.576956938771496
"1994",1999,167,0.579267608917321
"1995",1999,168,0.612105936607042
"1996",1999,169,0.669118363866137
"1997",1999,170,0.669461557136096
"1998",1999,171,0.678286536457244
"1999",1999,172,0.713581104619982
"2000",1999,173,0.623218622284749
"2001",1999,174,0.619673941598981
"2002",1999,175,0.634414074816475
"2003",1999,176,0.623262215315305
"2004",1999,177,0.548708628790675
"2005",1999,178,0.535870230219982
"2006",1999,179,0.583834737809687
"2007",1999,180,0.608474934689207
"2008",1999,181,0.579540393727743
"2009",1999,182,0.591031339231864
"2010",1999,183,0.599867603906049
"2011",1999,184,0.604344555472069
"2012",1999,185,0.576610077558743
"2013",1999,186,0.60887231332903
"2014",1999,187,0.65871927003265
"2015",1999,188,0.6885939353186
"2016",1999,189,0.61786591227103
"2017",1999,190,0.60637479841792
"2018",1999,191,0.629767300321597
"2019",1999,192,0.691824609280415
"2020",1999,193,0.71699083810803
"2021",1999,194,0.697649005130388
"2022",1999,195,0.67352625869914
"2023",1999,196,0.583013065466229
"2024",1999,197,0.55949775490665
"2025",1999,198,0.62639427508661
"2026",1999,199,0.655800153083645
"2027",1999,200,0.664962374922938
"2028",1999,201,0.70083108660889
"2029",1999,202,0.716286399873763
"2030",1999,203,0.697927990640336
"2031",1999,204,0.710793901196597
"2032",1999,205,0.71642098543965
"2033",1999,206,0.640923296692214
"2034",1999,207,0.64225437133354
"2035",1999,208,0.695150137323362
"2036",1999,209,0.741485577157556
"2037",1999,210,0.731585715478632
"2038",1999,211,0.64243222541702
"2039",1999,212,0.572200017469357
"2040",1999,213,0.590820850228457
"2041",1999,214,0.619738343093358
"2042",1999,215,0.661884403569602
"2043",1999,216,0.679364123930888
"2044",1999,217,0.682723003274562
"2045",1999,218,0.67440043005204
"2046",1999,219,0.642853931921722
"2047",1999,220,0.666944856232509
"2048",1999,221,0.65033892537407
"2049",1999,222,0.685939120061027
"2050",1999,223,0.580775911688504
"2051",1999,224,0.565940636721786
"2052",1999,225,0.61230736403969
"2053",1999,226,0.614195215895952
"2054",1999,227,0.559999626458793
"2055",1999,228,0.572778759411697
"2056",1999,229,0.583421945542676
"2057",1999,230,0.610785022766798
"2058",1999,231,0.617599013189069
"2059",1999,232,0.624587437842224
"2060",1999,233,0.62825714348085
"2061",1999,234,0.567077155959071
"2062",1999,235,0.562982422929127
"2063",1999,236,0.600266685857973
"2064",1999,237,0.612815854217352
"2065",1999,238,0.607684870741356
"2066",1999,239,0.587541090459859
"2067",1999,240,0.535990248127393
"2068",1999,241,0.532240815102924
"2069",1999,242,0.58670458423245
"2070",1999,243,0.50172359369731
"2071",1999,244,0.395447958669926
"2072",1999,245,0.386531495845543
"2073",1999,246,0.388781908580013
"2074",1999,247,0.412296718914997
"2075",1999,248,0.444019790959592
"2076",1999,249,0.461130818607624
"2077",1999,250,0.411404347268734
"2078",1999,251,0.39583269795058
"2079",1999,252,0.387859183672094
"2080",1999,253,0.402969314995951
"2081",1999,254,0.370558927030439
"2082",1999,255,0.349344323277558
"2083",1999,256,0.346391961333789
"2084",1999,257,0.350890568198568
"2085",1999,258,0.375634449674156
"2086",1999,259,0.405348804853018
"2087",1999,260,0.39043589013818
"2088",1999,261,0.333615878695639
"2089",1999,262,0.314330589122868
"2090",1999,263,0.339165657454751
"2091",1999,264,0.367403265346543
"2092",1999,265,0.372996412380787
"2093",1999,266,0.379616066975541
"2094",1999,267,0.315019841022139
"2095",1999,268,0.284714441757426
"2096",1999,269,0.265409366678176
"2097",1999,270,0.232646839534072
"2098",1999,271,0.238045702324274
"2099",1999,272,0.265167834953497
"2100",1999,273,0.225503339674826
"2101",1999,274,0.200446754336127
"2102",1999,275,0.178396072694184
"2103",1999,276,0.194013703998516
"2104",1999,277,0.243813164861356
"2105",1999,278,0.236426668547473
"2106",1999,279,0.21618969129107
"2107",1999,280,0.225785506318651
"2108",1999,281,0.238926024901654
"2109",1999,282,0.212103229129165
"2110",1999,283,0.194297660562682
"2111",1999,284,0.193855896181024
"2112",1999,285,0.180918804381646
"2113",1999,286,0.206433196953274
"2114",1999,287,0.187323769599909
"2115",1999,288,0.150674741343141
"2116",1999,289,0.140618715550988
"2117",1999,290,0.141155138967525
"2118",1999,291,0.14918789280086
"2119",1999,292,0.158053781589155
"2120",1999,293,0.178343487674422
"2121",1999,294,0.178554887171635
"2122",1999,295,0.16512886436732
"2123",1999,296,0.170256835819588
"2124",1999,297,0.171343319917653
"2125",1999,298,0.145565821982883
"2126",1999,299,0.155915846769917
"2127",1999,300,0.13108266601966
"2128",1999,301,0.120962745954923
"2129",1999,302,0.134945496997787
"2130",1999,303,0.145209342522983
"2131",1999,304,0.151977309246095
"2132",1999,305,0.09879236180055
"2133",1999,306,0.101439132241873
"2134",1999,307,0.11727917046539
"2135",1999,308,0.108192546288521
"2136",1999,309,0.0926227239140314
"2137",1999,310,0.126202613580785
"2138",1999,311,0.141175136620823
"2139",1999,312,0.13593514857979
"2140",1999,313,0.115560810804856
"2141",1999,314,0.109738779968402
"2142",1999,315,0.110980410779687
"2143",1999,316,0.143310073437613
"2144",1999,317,0.105758854285948
"2145",1999,318,0.110841392262586
"2146",1999,319,0.102327994453839
"2147",1999,320,0.099062597349272
"2148",1999,321,0.0787342181000482
"2149",1999,322,0.0684211421920583
"2150",1999,323,0.0729044357635096
"2151",1999,324,0.0844653244152704
"2152",1999,325,0.0711679990748496
"2153",1999,326,0.0590041931609112
"2154",1999,327,0.0583883309834973
"2155",1999,328,0.0677490609616604
"2156",1999,329,0.070621342753513
"2157",1999,330,0.055755030732477
"2158",1999,331,0.047515883566005
"2159",1999,332,0.0460694499114881
"2160",1999,333,0.0519196773343063
"2161",1999,334,0.0695241240949675
"2162",1999,335,0.063899636264969
"2163",1999,336,0.0585691671904764
"2164",1999,337,0.0561497338680637
"2165",1999,338,0.0490879914797827
"2166",1999,339,0.0553241639963911
"2167",1999,340,0.0594605681387769
"2168",1999,341,0.0566546637272569
"2169",1999,342,0.0437028463215439
"2170",1999,343,0.042847244611034
"2171",1999,344,0.0517682644603239
"2172",1999,345,0.0538855587303626
"2173",1999,346,0.0539017378830766
"2174",1999,347,0.0526712873885143
"2175",1999,348,0.0413666027857289
"2176",1999,349,0.041082196628701
"2177",1999,350,0.0600073930240003
"2178",1999,351,0.0564468254939662
"2179",1999,352,0.057245881028516
"2180",1999,353,0.0345372114681793
"2181",1999,354,0.0312434953888816
"2182",1999,355,0.0384315099894529
"2183",1999,356,0.0522145504551589
"2184",1999,357,0.0615332849682115
"2185",1999,358,0.0654340324878538
"2186",1999,359,0.0597601173813783
"2187",1999,360,0.0572753178943191
"2188",1999,361,0.06544498820054
"2189",1999,362,0.0736864487891436
"2190",1999,363,0.0680414737179199
"2191",1999,364,0.0542035832096647
"2192",1999,365,0.047677525679914
"2193",2000,1,0.0564152588528233
"2194",2000,2,0.0352756075431685
"2195",2000,3,0.0228426280862039
"2196",2000,4,0.0326964398660384
"2197",2000,5,0.0452408926784704
"2198",2000,6,0.0485904443501853
"2199",2000,7,0.0535314645620214
"2200",2000,8,0.05941149186569
"2201",2000,9,0.0618489163086299
"2202",2000,10,0.0517382005053964
"2203",2000,11,0.0406226583464606
"2204",2000,12,0.0399230144381894
"2205",2000,13,0.0419762319743107
"2206",2000,14,0.0362581265238722
"2207",2000,15,0.0354629050974329
"2208",2000,16,0.0478674788500263
"2209",2000,17,0.0711965258717695
"2210",2000,18,0.053238578836689
"2211",2000,19,0.0420912629031462
"2212",2000,20,0.0394665011437401
"2213",2000,21,0.0574786853872877
"2214",2000,22,0.0495696210757062
"2215",2000,23,0.0521190439889377
"2216",2000,24,0.0565847222910022
"2217",2000,25,0.055790338182773
"2218",2000,26,0.077703624359012
"2219",2000,27,0.0768200098977902
"2220",2000,28,0.0694496705650588
"2221",2000,29,0.0696529328861866
"2222",2000,30,0.0723990968655847
"2223",2000,31,0.074721418167864
"2224",2000,32,0.0866362200100293
"2225",2000,33,0.109415756713115
"2226",2000,34,0.0894760579975332
"2227",2000,35,0.0769192390023876
"2228",2000,36,0.0888923033399968
"2229",2000,37,0.0941378770684855
"2230",2000,38,0.118972883235706
"2231",2000,39,0.144214479786915
"2232",2000,40,0.126030658061766
"2233",2000,41,0.0667270114683276
"2234",2000,42,0.0539646858069255
"2235",2000,43,0.0698234932309988
"2236",2000,44,0.0737187371614725
"2237",2000,45,0.0638342393093072
"2238",2000,46,0.0721092562920374
"2239",2000,47,0.0806798756065507
"2240",2000,48,0.0628995618025446
"2241",2000,49,0.0638265464323263
"2242",2000,50,0.0949603806766354
"2243",2000,51,0.122926424008732
"2244",2000,52,0.148396477707785
"2245",2000,53,0.169754414299127
"2246",2000,54,0.172594238821838
"2247",2000,55,0.162316923848629
"2248",2000,56,0.148693580454874
"2249",2000,57,0.153282176202074
"2250",2000,58,0.163591914301501
"2251",2000,59,0.185421057264965
"2252",2000,60,0.173944832795029
"2253",2000,61,0.181068958722375
"2254",2000,62,0.196011174217237
"2255",2000,63,0.211178696852979
"2256",2000,64,0.232738184358915
"2257",2000,65,0.205330383565531
"2258",2000,66,0.185635187329995
"2259",2000,67,0.174469365144058
"2260",2000,68,0.146908932853284
"2261",2000,69,0.144218799751849
"2262",2000,70,0.174851858150927
"2263",2000,71,0.162842619247397
"2264",2000,72,0.1816976319667
"2265",2000,73,0.198251744299389
"2266",2000,74,0.168251929441461
"2267",2000,75,0.131463499065845
"2268",2000,76,0.179041836283041
"2269",2000,77,0.223586490351569
"2270",2000,78,0.232886806888293
"2271",2000,79,0.230831732096402
"2272",2000,80,0.202497017447507
"2273",2000,81,0.230122698428836
"2274",2000,82,0.26614255911769
"2275",2000,83,0.286920915314062
"2276",2000,84,0.252634178564617
"2277",2000,85,0.268696843869206
"2278",2000,86,0.274753107011037
"2279",2000,87,0.299330931296535
"2280",2000,88,0.295641809657061
"2281",2000,89,0.285506525536013
"2282",2000,90,0.2705360115681
"2283",2000,91,0.266304595889348
"2284",2000,92,0.285690846507449
"2285",2000,93,0.261404792120617
"2286",2000,94,0.26725599454168
"2287",2000,95,0.355096653488261
"2288",2000,96,0.317775571692211
"2289",2000,97,0.284919496496649
"2290",2000,98,0.291624841464595
"2291",2000,99,0.336801059494466
"2292",2000,100,0.355441024194334
"2293",2000,101,0.30560933935553
"2294",2000,102,0.319333229119114
"2295",2000,103,0.372174847785238
"2296",2000,104,0.28119011521419
"2297",2000,105,0.215657478587703
"2298",2000,106,0.26453748911854
"2299",2000,107,0.349738270059692
"2300",2000,108,0.412546454599436
"2301",2000,109,0.388703059350815
"2302",2000,110,0.405097904030705
"2303",2000,111,0.431461142488858
"2304",2000,112,0.462854962364257
"2305",2000,113,0.475902391243157
"2306",2000,114,0.427148106283998
"2307",2000,115,0.417478816081979
"2308",2000,116,0.39803694741982
"2309",2000,117,0.422481082680177
"2310",2000,118,0.429081628456362
"2311",2000,119,0.474162079435726
"2312",2000,120,0.421925036205025
"2313",2000,121,0.446091682672321
"2314",2000,122,0.52566640847989
"2315",2000,123,0.524706075743197
"2316",2000,124,0.515083204431144
"2317",2000,125,0.509513044172844
"2318",2000,126,0.450459198122004
"2319",2000,127,0.452587434455268
"2320",2000,128,0.432033145828493
"2321",2000,129,0.444490787976475
"2322",2000,130,0.482028074655046
"2323",2000,131,0.476163343462777
"2324",2000,132,0.393780798582619
"2325",2000,133,0.383173056533811
"2326",2000,134,0.432033299877701
"2327",2000,135,0.469587583302326
"2328",2000,136,0.50892753199431
"2329",2000,137,0.499559814903992
"2330",2000,138,0.506287280230405
"2331",2000,139,0.523443209053312
"2332",2000,140,0.528951994475439
"2333",2000,141,0.542178091051942
"2334",2000,142,0.567775878037473
"2335",2000,143,0.591393570740045
"2336",2000,144,0.544758573976949
"2337",2000,145,0.524254616643707
"2338",2000,146,0.563933394329745
"2339",2000,147,0.525778716316652
"2340",2000,148,0.573377455914183
"2341",2000,149,0.579309218950026
"2342",2000,150,0.521331034396724
"2343",2000,151,0.525014631840334
"2344",2000,152,0.459489887963827
"2345",2000,153,0.460517756961815
"2346",2000,154,0.513274311532247
"2347",2000,155,0.529492670974064
"2348",2000,156,0.551875132599138
"2349",2000,157,0.60620462720142
"2350",2000,158,0.649771661433458
"2351",2000,159,0.690431079030269
"2352",2000,160,0.657052375950925
"2353",2000,161,0.610633940972752
"2354",2000,162,0.601447637250349
"2355",2000,163,0.586288500580581
"2356",2000,164,0.593605436773022
"2357",2000,165,0.57837428435694
"2358",2000,166,0.588701671731915
"2359",2000,167,0.564285262608334
"2360",2000,168,0.544504910378344
"2361",2000,169,0.54259555710121
"2362",2000,170,0.612834553478049
"2363",2000,171,0.587128605455176
"2364",2000,172,0.585144780376999
"2365",2000,173,0.630134323188019
"2366",2000,174,0.634605154382197
"2367",2000,175,0.614427574729306
"2368",2000,176,0.628054677719433
"2369",2000,177,0.606002748609838
"2370",2000,178,0.578496953813021
"2371",2000,179,0.596509070362203
"2372",2000,180,0.643314955431583
"2373",2000,181,0.680449387615768
"2374",2000,182,0.720843043133954
"2375",2000,183,0.717212674715958
"2376",2000,184,0.687001412633933
"2377",2000,185,0.681755956896272
"2378",2000,186,0.642853862858908
"2379",2000,187,0.657550654672884
"2380",2000,188,0.660512958541907
"2381",2000,189,0.664637281882816
"2382",2000,190,0.685398737999867
"2383",2000,191,0.666745705476785
"2384",2000,192,0.679924829470572
"2385",2000,193,0.689197490156106
"2386",2000,194,0.717580695155135
"2387",2000,195,0.765831747435861
"2388",2000,196,0.767229169525335
"2389",2000,197,0.718391693088639
"2390",2000,198,0.65295511942318
"2391",2000,199,0.650729484540801
"2392",2000,200,0.656222489343861
"2393",2000,201,0.65409181369091
"2394",2000,202,0.647603322770322
"2395",2000,203,0.682922846778397
"2396",2000,204,0.712544471379316
"2397",2000,205,0.727669897103767
"2398",2000,206,0.678986287459864
"2399",2000,207,0.685936633882316
"2400",2000,208,0.726711812591075
"2401",2000,209,0.747309748090327
"2402",2000,210,0.7342467349153
"2403",2000,211,0.741424994680681
"2404",2000,212,0.757365806013824
"2405",2000,213,0.732310426234559
"2406",2000,214,0.707451554765362
"2407",2000,215,0.692167635286717
"2408",2000,216,0.658837616349472
"2409",2000,217,0.656819524566457
"2410",2000,218,0.651344006355091
"2411",2000,219,0.670760922946059
"2412",2000,220,0.662417554984223
"2413",2000,221,0.668571759024198
"2414",2000,222,0.698284034034011
"2415",2000,223,0.7132233078503
"2416",2000,224,0.668418443742696
"2417",2000,225,0.634956144017849
"2418",2000,226,0.632002083035012
"2419",2000,227,0.605186401028566
"2420",2000,228,0.609889798104861
"2421",2000,229,0.598160647341179
"2422",2000,230,0.576228794195488
"2423",2000,231,0.615126511990361
"2424",2000,232,0.602167302557992
"2425",2000,233,0.558612019594791
"2426",2000,234,0.531138866149686
"2427",2000,235,0.554294855017738
"2428",2000,236,0.599233347857546
"2429",2000,237,0.610180054587722
"2430",2000,238,0.592194393959423
"2431",2000,239,0.607078012719245
"2432",2000,240,0.531003354109028
"2433",2000,241,0.499784438301108
"2434",2000,242,0.50351265325738
"2435",2000,243,0.433221882917508
"2436",2000,244,0.444088216689142
"2437",2000,245,0.480056329546781
"2438",2000,246,0.468412726802693
"2439",2000,247,0.457497324337508
"2440",2000,248,0.440706768750228
"2441",2000,249,0.457487997886703
"2442",2000,250,0.420414384502112
"2443",2000,251,0.426734167694898
"2444",2000,252,0.463206474937155
"2445",2000,253,0.402763423236089
"2446",2000,254,0.392262401682321
"2447",2000,255,0.376449481921016
"2448",2000,256,0.411982866052898
"2449",2000,257,0.419949928010807
"2450",2000,258,0.412473033502178
"2451",2000,259,0.453848926651465
"2452",2000,260,0.458008254428915
"2453",2000,261,0.442989506640713
"2454",2000,262,0.376592117599146
"2455",2000,263,0.319198114618908
"2456",2000,264,0.289839586882802
"2457",2000,265,0.25372370680899
"2458",2000,266,0.219329489601768
"2459",2000,267,0.22922643442344
"2460",2000,268,0.262777313380298
"2461",2000,269,0.288656468982174
"2462",2000,270,0.307957085126052
"2463",2000,271,0.308917896423773
"2464",2000,272,0.307966833568874
"2465",2000,273,0.308642649146928
"2466",2000,274,0.297220577319498
"2467",2000,275,0.264002409049423
"2468",2000,276,0.239919315534244
"2469",2000,277,0.20260455386679
"2470",2000,278,0.180167261417493
"2471",2000,279,0.144378490809909
"2472",2000,280,0.15169622979536
"2473",2000,281,0.165087025905543
"2474",2000,282,0.201633400299445
"2475",2000,283,0.226931997049215
"2476",2000,284,0.211595659060937
"2477",2000,285,0.189025206765855
"2478",2000,286,0.190219660469632
"2479",2000,287,0.173919750053668
"2480",2000,288,0.173314327346957
"2481",2000,289,0.175528459630199
"2482",2000,290,0.177292890423696
"2483",2000,291,0.197085774630148
"2484",2000,292,0.209848908034278
"2485",2000,293,0.173755376174616
"2486",2000,294,0.170332530872645
"2487",2000,295,0.153222547964477
"2488",2000,296,0.141611821859139
"2489",2000,297,0.147639478487272
"2490",2000,298,0.136385491561688
"2491",2000,299,0.131172433917801
"2492",2000,300,0.129341139494033
"2493",2000,301,0.137258353003266
"2494",2000,302,0.144171010009351
"2495",2000,303,0.131579627487932
"2496",2000,304,0.112776543606151
"2497",2000,305,0.106870100273217
"2498",2000,306,0.105953169019794
"2499",2000,307,0.1006907481769
"2500",2000,308,0.100610100178466
"2501",2000,309,0.114995411041586
"2502",2000,310,0.0841011741055787
"2503",2000,311,0.0558567445764047
"2504",2000,312,0.0466973353624277
"2505",2000,313,0.0434368585691194
"2506",2000,314,0.0443256743371884
"2507",2000,315,0.0451123227827989
"2508",2000,316,0.0378781905044578
"2509",2000,317,0.0361227845066163
"2510",2000,318,0.0440970098407201
"2511",2000,319,0.0504067495303626
"2512",2000,320,0.046043305353193
"2513",2000,321,0.0459475919355121
"2514",2000,322,0.0525521969742261
"2515",2000,323,0.0569624681096557
"2516",2000,324,0.0531599518661146
"2517",2000,325,0.047907619281467
"2518",2000,326,0.0560263242601005
"2519",2000,327,0.0581217402162346
"2520",2000,328,0.0619527547200504
"2521",2000,329,0.0649300351179593
"2522",2000,330,0.0617860612410826
"2523",2000,331,0.0657464850651429
"2524",2000,332,0.0610043912421674
"2525",2000,333,0.0576259112589106
"2526",2000,334,0.0463201748108104
"2527",2000,335,0.043720511808814
"2528",2000,336,0.035897255446704
"2529",2000,337,0.0425881409667923
"2530",2000,338,0.0558313071150331
"2531",2000,339,0.0446438009912591
"2532",2000,340,0.0414721026029147
"2533",2000,341,0.0593690263293501
"2534",2000,342,0.061572632767784
"2535",2000,343,0.0435838020740491
"2536",2000,344,0.0232926529076738
"2537",2000,345,0.0127223414433806
"2538",2000,346,0.0122423451276227
"2539",2000,347,0.0124992810368269
"2540",2000,348,0.0164547477341322
"2541",2000,349,0.0163961956568297
"2542",2000,350,0.0198103625472991
"2543",2000,351,0.0174756705468804
"2544",2000,352,0.0338438911881958
"2545",2000,353,0.0328564561318437
"2546",2000,354,0.0414547760722553
"2547",2000,355,0.0232429276334927
"2548",2000,356,0.0173701938018381
"2549",2000,357,0.0201306404867236
"2550",2000,358,0.0214377026109938
"2551",2000,359,0.0225490886431124
"2552",2000,360,0.0268940647979738
"2553",2000,361,0.0392744750635478
"2554",2000,362,0.0552548126976619
"2555",2000,363,0.0451030988908784
"2556",2000,364,0.0356187634210593
"2557",2000,365,0.0305617327659934
"2558",2001,1,0.0447598569447283
"2559",2001,2,0.0565203771758081
"2560",2001,3,0.0678414785996052
"2561",2001,4,0.0677354232780207
"2562",2001,5,0.0750011232604646
"2563",2001,6,0.0649708143355336
"2564",2001,7,0.0615869286449009
"2565",2001,8,0.0623160844072368
"2566",2001,9,0.0662810019322331
"2567",2001,10,0.0683528425125193
"2568",2001,11,0.0649322951711195
"2569",2001,12,0.0508264053621355
"2570",2001,13,0.0448269778910687
"2571",2001,14,0.0413000852523076
"2572",2001,15,0.0413763881331787
"2573",2001,16,0.0460724227859864
"2574",2001,17,0.0502484563577477
"2575",2001,18,0.0513950738840614
"2576",2001,19,0.0599344615777128
"2577",2001,20,0.0718252663365616
"2578",2001,21,0.0701891186616684
"2579",2001,22,0.0753586667638948
"2580",2001,23,0.0632195630746983
"2581",2001,24,0.0629449011943115
"2582",2001,25,0.0608103480043606
"2583",2001,26,0.0547150126267422
"2584",2001,27,0.0657808957976268
"2585",2001,28,0.0762576042674597
"2586",2001,29,0.0892615141414803
"2587",2001,30,0.0845350208248382
"2588",2001,31,0.0720163589717779
"2589",2001,32,0.0663346163530628
"2590",2001,33,0.102039549723544
"2591",2001,34,0.105869459110946
"2592",2001,35,0.104024084709882
"2593",2001,36,0.0910528064497313
"2594",2001,37,0.0688730899810834
"2595",2001,38,0.0552151873925844
"2596",2001,39,0.0503187319631406
"2597",2001,40,0.0457177922499472
"2598",2001,41,0.0638795539930066
"2599",2001,42,0.0573272070214463
"2600",2001,43,0.0711769703305826
"2601",2001,44,0.059880709053352
"2602",2001,45,0.0645167901388669
"2603",2001,46,0.0589510417436283
"2604",2001,47,0.0554967062598564
"2605",2001,48,0.0749149300832207
"2606",2001,49,0.0982448024915248
"2607",2001,50,0.0850295570423405
"2608",2001,51,0.0817244824021667
"2609",2001,52,0.106373538791877
"2610",2001,53,0.0990377662416708
"2611",2001,54,0.103642861229197
"2612",2001,55,0.099459452334774
"2613",2001,56,0.0685844657559318
"2614",2001,57,0.0519292972186269
"2615",2001,58,0.0823436481170836
"2616",2001,59,0.12736338267933
"2617",2001,60,0.163597614790544
"2618",2001,61,0.175624810342823
"2619",2001,62,0.16267086740834
"2620",2001,63,0.165353408018191
"2621",2001,64,0.163442000693701
"2622",2001,65,0.178539582299701
"2623",2001,66,0.185502568802562
"2624",2001,67,0.214876419652491
"2625",2001,68,0.1788185711519
"2626",2001,69,0.158542444796956
"2627",2001,70,0.190774691093361
"2628",2001,71,0.22048452534634
"2629",2001,72,0.226177543034913
"2630",2001,73,0.196941696303098
"2631",2001,74,0.191490726495271
"2632",2001,75,0.21087713272885
"2633",2001,76,0.212084350755515
"2634",2001,77,0.230625248997257
"2635",2001,78,0.266271617562998
"2636",2001,79,0.229078077059175
"2637",2001,80,0.209760318268573
"2638",2001,81,0.176545422402563
"2639",2001,82,0.168645466420117
"2640",2001,83,0.160992819189579
"2641",2001,84,0.206187701606889
"2642",2001,85,0.236485246576889
"2643",2001,86,0.250197166302925
"2644",2001,87,0.256972466593034
"2645",2001,88,0.278325482532969
"2646",2001,89,0.256478723840924
"2647",2001,90,0.241875823178893
"2648",2001,91,0.293287577447445
"2649",2001,92,0.276211762136744
"2650",2001,93,0.282744579674128
"2651",2001,94,0.278864014769758
"2652",2001,95,0.302245882833919
"2653",2001,96,0.322860078835904
"2654",2001,97,0.316062928704939
"2655",2001,98,0.279907646796321
"2656",2001,99,0.302713333403648
"2657",2001,100,0.316635161179833
"2658",2001,101,0.299225630407595
"2659",2001,102,0.28608141668356
"2660",2001,103,0.317568804556924
"2661",2001,104,0.311735960303131
"2662",2001,105,0.252749782053058
"2663",2001,106,0.268678340487172
"2664",2001,107,0.368772554493754
"2665",2001,108,0.427616171838539
"2666",2001,109,0.390962339664185
"2667",2001,110,0.336168282784047
"2668",2001,111,0.311016308712
"2669",2001,112,0.365827459817425
"2670",2001,113,0.401392379630056
"2671",2001,114,0.435357130396563
"2672",2001,115,0.484084842250312
"2673",2001,116,0.49848366026442
"2674",2001,117,0.528623705051582
"2675",2001,118,0.536402136191104
"2676",2001,119,0.472418423774911
"2677",2001,120,0.452304623172656
"2678",2001,121,0.422358788851672
"2679",2001,122,0.397507150965161
"2680",2001,123,0.414566054180615
"2681",2001,124,0.473154356919418
"2682",2001,125,0.505863495723996
"2683",2001,126,0.424583600879786
"2684",2001,127,0.452767423694232
"2685",2001,128,0.514526848164027
"2686",2001,129,0.491014813249516
"2687",2001,130,0.456520764734364
"2688",2001,131,0.502878820407034
"2689",2001,132,0.575167971852439
"2690",2001,133,0.609937032122557
"2691",2001,134,0.605464442430059
"2692",2001,135,0.536571999847755
"2693",2001,136,0.503459031370239
"2694",2001,137,0.516771541354216
"2695",2001,138,0.530142116125226
"2696",2001,139,0.517601277555471
"2697",2001,140,0.459948010280892
"2698",2001,141,0.468955761616874
"2699",2001,142,0.54973388216164
"2700",2001,143,0.548295803032021
"2701",2001,144,0.570388015801104
"2702",2001,145,0.587042328693202
"2703",2001,146,0.589686707471878
"2704",2001,147,0.590082453901437
"2705",2001,148,0.612926936188167
"2706",2001,149,0.558564882435949
"2707",2001,150,0.530289710068022
"2708",2001,151,0.565277984087728
"2709",2001,152,0.549302121306196
"2710",2001,153,0.58594807954446
"2711",2001,154,0.524102199936796
"2712",2001,155,0.498165943500156
"2713",2001,156,0.507758204125512
"2714",2001,157,0.549203559145522
"2715",2001,158,0.577642311612436
"2716",2001,159,0.622641474551387
"2717",2001,160,0.628021687406538
"2718",2001,161,0.640472669985697
"2719",2001,162,0.583113496394527
"2720",2001,163,0.524785988665453
"2721",2001,164,0.495086212934834
"2722",2001,165,0.552684173754667
"2723",2001,166,0.568463677179362
"2724",2001,167,0.585957019103135
"2725",2001,168,0.610472998330862
"2726",2001,169,0.562611060708585
"2727",2001,170,0.590811122547884
"2728",2001,171,0.619107676793281
"2729",2001,172,0.662765818386217
"2730",2001,173,0.707430301959021
"2731",2001,174,0.717410404449525
"2732",2001,175,0.693563160302276
"2733",2001,176,0.649640879441172
"2734",2001,177,0.637266939197377
"2735",2001,178,0.625771404080483
"2736",2001,179,0.701944035575379
"2737",2001,180,0.688721906795288
"2738",2001,181,0.63263662636453
"2739",2001,182,0.663145970862669
"2740",2001,183,0.700370854584836
"2741",2001,184,0.704583139067927
"2742",2001,185,0.730675497435083
"2743",2001,186,0.76466764083311
"2744",2001,187,0.69996252659564
"2745",2001,188,0.704065945636356
"2746",2001,189,0.744352763927668
"2747",2001,190,0.749397102930778
"2748",2001,191,0.701644500660303
"2749",2001,192,0.722405299688203
"2750",2001,193,0.703656703395266
"2751",2001,194,0.690372720787152
"2752",2001,195,0.728050350983022
"2753",2001,196,0.715141977422396
"2754",2001,197,0.694087095051524
"2755",2001,198,0.669787957536784
"2756",2001,199,0.663458493247456
"2757",2001,200,0.673805781117391
"2758",2001,201,0.689159415743962
"2759",2001,202,0.699128328192025
"2760",2001,203,0.659531645797712
"2761",2001,204,0.645467885168574
"2762",2001,205,0.671538259784499
"2763",2001,206,0.675237285544739
"2764",2001,207,0.619493410456784
"2765",2001,208,0.663405684376955
"2766",2001,209,0.722043379163799
"2767",2001,210,0.646988459396584
"2768",2001,211,0.641500044989565
"2769",2001,212,0.592375499427951
"2770",2001,213,0.617523835134139
"2771",2001,214,0.688261979672781
"2772",2001,215,0.737927587671437
"2773",2001,216,0.740327303167546
"2774",2001,217,0.67690582300826
"2775",2001,218,0.722271673136232
"2776",2001,219,0.742079547372796
"2777",2001,220,0.633777532155921
"2778",2001,221,0.573080406688505
"2779",2001,222,0.611836872805305
"2780",2001,223,0.648040651159852
"2781",2001,224,0.665496670017074
"2782",2001,225,0.694872241205835
"2783",2001,226,0.673324576391387
"2784",2001,227,0.619734832826525
"2785",2001,228,0.628028946697224
"2786",2001,229,0.639487446731973
"2787",2001,230,0.641243329823708
"2788",2001,231,0.632911459994984
"2789",2001,232,0.62583927708809
"2790",2001,233,0.610346377206003
"2791",2001,234,0.635506557752714
"2792",2001,235,0.65942892819041
"2793",2001,236,0.581238762864835
"2794",2001,237,0.565261382929383
"2795",2001,238,0.567501579469621
"2796",2001,239,0.591403453237917
"2797",2001,240,0.590786268894689
"2798",2001,241,0.531100926733048
"2799",2001,242,0.528643629589966
"2800",2001,243,0.549386556605611
"2801",2001,244,0.558726504802576
"2802",2001,245,0.518818986988178
"2803",2001,246,0.547759760575753
"2804",2001,247,0.534587933819656
"2805",2001,248,0.490546875026014
"2806",2001,249,0.42298346618357
"2807",2001,250,0.398139066915459
"2808",2001,251,0.398725891337375
"2809",2001,252,0.397539669093964
"2810",2001,253,0.414413982890044
"2811",2001,254,0.389677660586984
"2812",2001,255,0.386551037160353
"2813",2001,256,0.354375997591286
"2814",2001,257,0.364542128744977
"2815",2001,258,0.354273084082104
"2816",2001,259,0.36191974381197
"2817",2001,260,0.365721657119574
"2818",2001,261,0.385294240133858
"2819",2001,262,0.373887352401123
"2820",2001,263,0.346294549652522
"2821",2001,264,0.363809977999004
"2822",2001,265,0.335284522008273
"2823",2001,266,0.337038236692692
"2824",2001,267,0.376311577275514
"2825",2001,268,0.389465983326095
"2826",2001,269,0.352161903195672
"2827",2001,270,0.361374924250267
"2828",2001,271,0.336928340893815
"2829",2001,272,0.323331011880972
"2830",2001,273,0.325691956079797
"2831",2001,274,0.319205337617477
"2832",2001,275,0.250884232388831
"2833",2001,276,0.233428817285698
"2834",2001,277,0.194199313301771
"2835",2001,278,0.194759799222147
"2836",2001,279,0.224165197465162
"2837",2001,280,0.227669506558974
"2838",2001,281,0.225348023554413
"2839",2001,282,0.206307625439295
"2840",2001,283,0.197012784064368
"2841",2001,284,0.192827731923559
"2842",2001,285,0.17425319865256
"2843",2001,286,0.170719966052061
"2844",2001,287,0.157745173126389
"2845",2001,288,0.152401110905819
"2846",2001,289,0.173628469611731
"2847",2001,290,0.159702469380695
"2848",2001,291,0.152025839275131
"2849",2001,292,0.160315280445897
"2850",2001,293,0.148801449476549
"2851",2001,294,0.149366381962203
"2852",2001,295,0.154396935793893
"2853",2001,296,0.137273609096195
"2854",2001,297,0.101679418028499
"2855",2001,298,0.108969665554377
"2856",2001,299,0.124056389822805
"2857",2001,300,0.169874414371227
"2858",2001,301,0.130434764529674
"2859",2001,302,0.129390893175662
"2860",2001,303,0.141103869579401
"2861",2001,304,0.142124027273745
"2862",2001,305,0.121760535763578
"2863",2001,306,0.124458542996706
"2864",2001,307,0.129644201630875
"2865",2001,308,0.13646718279392
"2866",2001,309,0.128466007274786
"2867",2001,310,0.0944703029991469
"2868",2001,311,0.0928707504305455
"2869",2001,312,0.103834718173253
"2870",2001,313,0.126358497823733
"2871",2001,314,0.114307664638749
"2872",2001,315,0.0996608865308353
"2873",2001,316,0.104374502591242
"2874",2001,317,0.104667636539263
"2875",2001,318,0.11028724009197
"2876",2001,319,0.114103891116955
"2877",2001,320,0.11432773401527
"2878",2001,321,0.0931705314770689
"2879",2001,322,0.0714087865485188
"2880",2001,323,0.0725516664679027
"2881",2001,324,0.0887578773869617
"2882",2001,325,0.0908058875487348
"2883",2001,326,0.0773881937494186
"2884",2001,327,0.0684778271382148
"2885",2001,328,0.0516819776402542
"2886",2001,329,0.0519210312129588
"2887",2001,330,0.0416614301864297
"2888",2001,331,0.0320814806402189
"2889",2001,332,0.0335599527624536
"2890",2001,333,0.0385825151693157
"2891",2001,334,0.0362554178959538
"2892",2001,335,0.0422732155210172
"2893",2001,336,0.0601179029939572
"2894",2001,337,0.0604702068663919
"2895",2001,338,0.0408825857998062
"2896",2001,339,0.042298817442452
"2897",2001,340,0.0411002026372362
"2898",2001,341,0.0446748571073041
"2899",2001,342,0.059985735672231
"2900",2001,343,0.0584529066445276
"2901",2001,344,0.0395775225278742
"2902",2001,345,0.0346961508644274
"2903",2001,346,0.0360054579077925
"2904",2001,347,0.0514292078062828
"2905",2001,348,0.0597298091003912
"2906",2001,349,0.0514842006465206
"2907",2001,350,0.0512596211013474
"2908",2001,351,0.0609632026965462
"2909",2001,352,0.0442725707913238
"2910",2001,353,0.0512780281543179
"2911",2001,354,0.0366293523721102
"2912",2001,355,0.0340498829155155
"2913",2001,356,0.0294305742084488
"2914",2001,357,0.0314822387195886
"2915",2001,358,0.0372942924364006
"2916",2001,359,0.0403618255422162
"2917",2001,360,0.0441945070932586
"2918",2001,361,0.0411923633714156
"2919",2001,362,0.0294796300635393
"2920",2001,363,0.0245298506007028
"2921",2001,364,0.0249948056809809
"2922",2001,365,0.0213758127616753
"2923",2002,1,0.0240449544479021
"2924",2002,2,0.0388751028578786
"2925",2002,3,0.0597574181426151
"2926",2002,4,0.0627629527936692
"2927",2002,5,0.0586308349125791
"2928",2002,6,0.0536478509958069
"2929",2002,7,0.0812365899528108
"2930",2002,8,0.0924292363554021
"2931",2002,9,0.0669575627986777
"2932",2002,10,0.0676254448343915
"2933",2002,11,0.0693209268226535
"2934",2002,12,0.0721829753049329
"2935",2002,13,0.0686015145965037
"2936",2002,14,0.0498903411754234
"2937",2002,15,0.0465379683659905
"2938",2002,16,0.0474760618747712
"2939",2002,17,0.0430488514250246
"2940",2002,18,0.0452519171031881
"2941",2002,19,0.0602795073834257
"2942",2002,20,0.0676289216344237
"2943",2002,21,0.075753218683426
"2944",2002,22,0.051977648752973
"2945",2002,23,0.0498976078567112
"2946",2002,24,0.0804208478831493
"2947",2002,25,0.0881358388237602
"2948",2002,26,0.0478296567913652
"2949",2002,27,0.032226860156715
"2950",2002,28,0.0294841465937702
"2951",2002,29,0.0311527781788751
"2952",2002,30,0.0349360118737425
"2953",2002,31,0.0527445185138837
"2954",2002,32,0.0775769457996258
"2955",2002,33,0.0805218450097319
"2956",2002,34,0.0803076814265845
"2957",2002,35,0.0876137706890631
"2958",2002,36,0.106104741354745
"2959",2002,37,0.123307367136651
"2960",2002,38,0.131611876749315
"2961",2002,39,0.110093273927208
"2962",2002,40,0.0921043709608533
"2963",2002,41,0.113053576070769
"2964",2002,42,0.121801759340221
"2965",2002,43,0.106271426046668
"2966",2002,44,0.12900495274264
"2967",2002,45,0.124425825600143
"2968",2002,46,0.147284880028911
"2969",2002,47,0.157665975489855
"2970",2002,48,0.162268075197071
"2971",2002,49,0.153351906157301
"2972",2002,50,0.154992655464747
"2973",2002,51,0.158796085971066
"2974",2002,52,0.151475512810455
"2975",2002,53,0.197201261866026
"2976",2002,54,0.113474634852891
"2977",2002,55,0.0678916841856328
"2978",2002,56,0.0539675877850499
"2979",2002,57,0.0703680820000269
"2980",2002,58,0.112373362915205
"2981",2002,59,0.0882671730265423
"2982",2002,60,0.0544268295017494
"2983",2002,61,0.0582869862870808
"2984",2002,62,0.0898657075263136
"2985",2002,63,0.149152118209374
"2986",2002,64,0.105979573277134
"2987",2002,65,0.0632386429564388
"2988",2002,66,0.063514361756111
"2989",2002,67,0.0567391809875456
"2990",2002,68,0.0526867288834426
"2991",2002,69,0.0916235197721714
"2992",2002,70,0.143953086313764
"2993",2002,71,0.178337064309467
"2994",2002,72,0.170108429759101
"2995",2002,73,0.148358347281702
"2996",2002,74,0.150353488507308
"2997",2002,75,0.13905894420428
"2998",2002,76,0.107552766731254
"2999",2002,77,0.101556222714809
"3000",2002,78,0.0882670655668187
"3001",2002,79,0.0744126965910132
"3002",2002,80,0.0677839189305217
"3003",2002,81,0.0961712112180961
"3004",2002,82,0.118883766943786
"3005",2002,83,0.141312792050396
"3006",2002,84,0.158544793707707
"3007",2002,85,0.209041337728654
"3008",2002,86,0.231689461563736
"3009",2002,87,0.242209066415743
"3010",2002,88,0.231139616010907
"3011",2002,89,0.216192861928205
"3012",2002,90,0.269763769405295
"3013",2002,91,0.21867633485426
"3014",2002,92,0.146717640209252
"3015",2002,93,0.188758854703872
"3016",2002,94,0.253594583939111
"3017",2002,95,0.282995545299415
"3018",2002,96,0.321520340005132
"3019",2002,97,0.290075179339631
"3020",2002,98,0.290842248503443
"3021",2002,99,0.306723101208422
"3022",2002,100,0.343694758314249
"3023",2002,101,0.36740836365318
"3024",2002,102,0.388770821890955
"3025",2002,103,0.415669950084638
"3026",2002,104,0.435526224951026
"3027",2002,105,0.339539054289863
"3028",2002,106,0.348929340321451
"3029",2002,107,0.354627701830569
"3030",2002,108,0.321650498339833
"3031",2002,109,0.312689261819978
"3032",2002,110,0.329262020943531
"3033",2002,111,0.355738394515076
"3034",2002,112,0.423531923505145
"3035",2002,113,0.349612524137222
"3036",2002,114,0.300800388954604
"3037",2002,115,0.292437620664587
"3038",2002,116,0.336553296628351
"3039",2002,117,0.316820305909885
"3040",2002,118,0.369587703713101
"3041",2002,119,0.397353892421896
"3042",2002,120,0.365370551682053
"3043",2002,121,0.350002494477987
"3044",2002,122,0.448509454488355
"3045",2002,123,0.384543720209054
"3046",2002,124,0.388716544051742
"3047",2002,125,0.387541440380612
"3048",2002,126,0.341495567551197
"3049",2002,127,0.311304233197598
"3050",2002,128,0.316916944024101
"3051",2002,129,0.36436761136157
"3052",2002,130,0.404027811945571
"3053",2002,131,0.436631418676959
"3054",2002,132,0.471010195468285
"3055",2002,133,0.51334088286823
"3056",2002,134,0.51121672055657
"3057",2002,135,0.428432593764567
"3058",2002,136,0.429553856097684
"3059",2002,137,0.441546239010642
"3060",2002,138,0.496649692357086
"3061",2002,139,0.536775196389682
"3062",2002,140,0.566112298303906
"3063",2002,141,0.54692117361233
"3064",2002,142,0.433064710968158
"3065",2002,143,0.405916257419863
"3066",2002,144,0.450433237317848
"3067",2002,145,0.482480251954691
"3068",2002,146,0.535835375543915
"3069",2002,147,0.57011764233927
"3070",2002,148,0.596765411889973
"3071",2002,149,0.588650499150886
"3072",2002,150,0.596701478168215
"3073",2002,151,0.60265235034951
"3074",2002,152,0.558244850095062
"3075",2002,153,0.512142923265063
"3076",2002,154,0.511893490779257
"3077",2002,155,0.520665405503954
"3078",2002,156,0.60778166093793
"3079",2002,157,0.588172929044186
"3080",2002,158,0.589441026717236
"3081",2002,159,0.565331198378503
"3082",2002,160,0.501851688514998
"3083",2002,161,0.503465221412613
"3084",2002,162,0.480420132550145
"3085",2002,163,0.526320879850999
"3086",2002,164,0.573282306668236
"3087",2002,165,0.615218888121722
"3088",2002,166,0.636298121600879
"3089",2002,167,0.660734896863284
"3090",2002,168,0.681275321297573
"3091",2002,169,0.610941662541833
"3092",2002,170,0.550921066925473
"3093",2002,171,0.622147440953221
"3094",2002,172,0.654418114550149
"3095",2002,173,0.684125357854599
"3096",2002,174,0.650801210648609
"3097",2002,175,0.675582982165355
"3098",2002,176,0.692632173501843
"3099",2002,177,0.726256306634531
"3100",2002,178,0.774171497071051
"3101",2002,179,0.737725578106466
"3102",2002,180,0.696690141072279
"3103",2002,181,0.675640301618883
"3104",2002,182,0.64612219532365
"3105",2002,183,0.64506436526886
"3106",2002,184,0.672085552704535
"3107",2002,185,0.714884499667788
"3108",2002,186,0.674339983531961
"3109",2002,187,0.72037562500206
"3110",2002,188,0.722039316849347
"3111",2002,189,0.730574447304197
"3112",2002,190,0.646774093038571
"3113",2002,191,0.642849417282238
"3114",2002,192,0.718781849250819
"3115",2002,193,0.776855231908974
"3116",2002,194,0.785698144372043
"3117",2002,195,0.791168967213369
"3118",2002,196,0.765793294281848
"3119",2002,197,0.756648816965305
"3120",2002,198,0.711908863869525
"3121",2002,199,0.750383230440521
"3122",2002,200,0.753018359251955
"3123",2002,201,0.709599726046029
"3124",2002,202,0.652250474044784
"3125",2002,203,0.618491051275822
"3126",2002,204,0.673362103600995
"3127",2002,205,0.692403879043308
"3128",2002,206,0.721819236932878
"3129",2002,207,0.716294422179874
"3130",2002,208,0.639925938402349
"3131",2002,209,0.647425627598635
"3132",2002,210,0.668638889918109
"3133",2002,211,0.681737216377176
"3134",2002,212,0.628634093377223
"3135",2002,213,0.557225883789044
"3136",2002,214,0.615668736509035
"3137",2002,215,0.566958393641219
"3138",2002,216,0.578434220716812
"3139",2002,217,0.621912832252604
"3140",2002,218,0.659986757928462
"3141",2002,219,0.630045865774004
"3142",2002,220,0.540496496466874
"3143",2002,221,0.573336011662726
"3144",2002,222,0.615602331647546
"3145",2002,223,0.567663457889941
"3146",2002,224,0.547296408082504
"3147",2002,225,0.565625936465143
"3148",2002,226,0.556192007380292
"3149",2002,227,0.548777306626278
"3150",2002,228,0.533828074565994
"3151",2002,229,0.50362406369072
"3152",2002,230,0.524967447944504
"3153",2002,231,0.569946525386002
"3154",2002,232,0.567352389572867
"3155",2002,233,0.557291348069976
"3156",2002,234,0.583074901773911
"3157",2002,235,0.586681260766022
"3158",2002,236,0.563907407307692
"3159",2002,237,0.554815379097694
"3160",2002,238,0.54472578528507
"3161",2002,239,0.52409888212382
"3162",2002,240,0.532551183951039
"3163",2002,241,0.557449946419071
"3164",2002,242,0.546163850737174
"3165",2002,243,0.511229335875367
"3166",2002,244,0.513196646002116
"3167",2002,245,0.47563184205382
"3168",2002,246,0.552312920370531
"3169",2002,247,0.536006140786504
"3170",2002,248,0.500598861387547
"3171",2002,249,0.443594731265474
"3172",2002,250,0.449714127359713
"3173",2002,251,0.430072944598103
"3174",2002,252,0.413421496316754
"3175",2002,253,0.436434925327771
"3176",2002,254,0.459162713268456
"3177",2002,255,0.442081730055958
"3178",2002,256,0.447482482450329
"3179",2002,257,0.39699974519555
"3180",2002,258,0.465252404804191
"3181",2002,259,0.474444974182548
"3182",2002,260,0.385225564405646
"3183",2002,261,0.355878618134863
"3184",2002,262,0.376255576540741
"3185",2002,263,0.320487341496562
"3186",2002,264,0.294398876177
"3187",2002,265,0.300215149968903
"3188",2002,266,0.28093209324554
"3189",2002,267,0.269589831283699
"3190",2002,268,0.272031255708729
"3191",2002,269,0.270922358872997
"3192",2002,270,0.2600882429708
"3193",2002,271,0.264164229227925
"3194",2002,272,0.291161433577291
"3195",2002,273,0.248900001586594
"3196",2002,274,0.222455467168773
"3197",2002,275,0.209248082861283
"3198",2002,276,0.219318773072326
"3199",2002,277,0.194090584204865
"3200",2002,278,0.20119305682821
"3201",2002,279,0.220060396830624
"3202",2002,280,0.229750692937989
"3203",2002,281,0.215946974188948
"3204",2002,282,0.232652025603043
"3205",2002,283,0.230950603006099
"3206",2002,284,0.167662676513207
"3207",2002,285,0.153796702439172
"3208",2002,286,0.185959674715685
"3209",2002,287,0.173264438719314
"3210",2002,288,0.159043351642005
"3211",2002,289,0.154582382577846
"3212",2002,290,0.177332007926751
"3213",2002,291,0.156514669578449
"3214",2002,292,0.157554008482318
"3215",2002,293,0.132625512673649
"3216",2002,294,0.12577175092899
"3217",2002,295,0.0834870071449159
"3218",2002,296,0.0932991434241143
"3219",2002,297,0.112236177681079
"3220",2002,298,0.107949616182187
"3221",2002,299,0.103675083434096
"3222",2002,300,0.105093002451701
"3223",2002,301,0.0926016461093913
"3224",2002,302,0.0676674171334069
"3225",2002,303,0.0563384051338246
"3226",2002,304,0.0645004668463393
"3227",2002,305,0.0744878438093435
"3228",2002,306,0.0828441506576753
"3229",2002,307,0.0969081061015987
"3230",2002,308,0.0925248482356894
"3231",2002,309,0.0999649259395706
"3232",2002,310,0.115645740413285
"3233",2002,311,0.129900305059283
"3234",2002,312,0.104944408241717
"3235",2002,313,0.0747386452248443
"3236",2002,314,0.0672251979908399
"3237",2002,315,0.0837220768969373
"3238",2002,316,0.0919395139852729
"3239",2002,317,0.0939435259152314
"3240",2002,318,0.0879558365902901
"3241",2002,319,0.0846166510181194
"3242",2002,320,0.0863262873465242
"3243",2002,321,0.0863107776939121
"3244",2002,322,0.0883760615175246
"3245",2002,323,0.0913423352723861
"3246",2002,324,0.101269145699662
"3247",2002,325,0.08811152991706
"3248",2002,326,0.0790891551069621
"3249",2002,327,0.0530338617342552
"3250",2002,328,0.0408435824309866
"3251",2002,329,0.0413599554934219
"3252",2002,330,0.0413785636458541
"3253",2002,331,0.0619293436207103
"3254",2002,332,0.0840482241110765
"3255",2002,333,0.0627039590364702
"3256",2002,334,0.0619273828512422
"3257",2002,335,0.0697083852230608
"3258",2002,336,0.061340844985371
"3259",2002,337,0.0326739853158959
"3260",2002,338,0.0281937077138104
"3261",2002,339,0.0406115963476235
"3262",2002,340,0.0578298043966618
"3263",2002,341,0.0432007161223516
"3264",2002,342,0.0438287046622377
"3265",2002,343,0.0574960706075059
"3266",2002,344,0.0638361802862668
"3267",2002,345,0.0573781832923655
"3268",2002,346,0.0511170878027164
"3269",2002,347,0.0609038306066079
"3270",2002,348,0.063873756530632
"3271",2002,349,0.0694727396967862
"3272",2002,350,0.0572702816555783
"3273",2002,351,0.0542343191030222
"3274",2002,352,0.0519293212372868
"3275",2002,353,0.0426661191423198
"3276",2002,354,0.0356524096038797
"3277",2002,355,0.0314681214549662
"3278",2002,356,0.0298046290551396
"3279",2002,357,0.0305411610274278
"3280",2002,358,0.0316884618737363
"3281",2002,359,0.0372371615372978
"3282",2002,360,0.0412997039584417
"3283",2002,361,0.0478731390496069
"3284",2002,362,0.0549357142133923
"3285",2002,363,0.0534422114686296
"3286",2002,364,0.0398958718683586
"3287",2002,365,0.0481298468324939
"3288",2002,366,0.0329665066279732
"3289",2003,1,0.056906767245207
"3290",2003,2,0.0634933208486212
"3291",2003,3,0.0708897017578872
"3292",2003,4,0.06218312317691
"3293",2003,5,0.0681363629270445
"3294",2003,6,0.0683858858623356
"3295",2003,7,0.0781321170038546
"3296",2003,8,0.0713131927593173
"3297",2003,9,0.0445852640851779
"3298",2003,10,0.0348052840120637
"3299",2003,11,0.0366628919300622
"3300",2003,12,0.037599378855821
"3301",2003,13,0.0335590186080161
"3302",2003,14,0.0291866233223746
"3303",2003,15,0.0317669782701621
"3304",2003,16,0.0325490974937875
"3305",2003,17,0.0433997077624649
"3306",2003,18,0.0563461165923004
"3307",2003,19,0.0715705439428796
"3308",2003,20,0.0455136389042028
"3309",2003,21,0.0311476283795266
"3310",2003,22,0.0183010287510649
"3311",2003,23,0.0343329473477243
"3312",2003,24,0.0439684293386707
"3313",2003,25,0.031119942156362
"3314",2003,26,0.0631578521346983
"3315",2003,27,0.0874026571688126
"3316",2003,28,0.0684455104888163
"3317",2003,29,0.0709564445212816
"3318",2003,30,0.0964886520387244
"3319",2003,31,0.109830750754264
"3320",2003,32,0.111031827267797
"3321",2003,33,0.0876047936037243
"3322",2003,34,0.0797004128505244
"3323",2003,35,0.0784029208484517
"3324",2003,36,0.0788173227966647
"3325",2003,37,0.0695128098962359
"3326",2003,38,0.0840143374410062
"3327",2003,39,0.0805379068352974
"3328",2003,40,0.0883793773068098
"3329",2003,41,0.0906014917646101
"3330",2003,42,0.0938080736428715
"3331",2003,43,0.102307348750894
"3332",2003,44,0.109085952669731
"3333",2003,45,0.0869757061216961
"3334",2003,46,0.10570198337482
"3335",2003,47,0.12866232009896
"3336",2003,48,0.105812999427337
"3337",2003,49,0.111423533789934
"3338",2003,50,0.134053524522913
"3339",2003,51,0.12143672450438
"3340",2003,52,0.0671044975329824
"3341",2003,53,0.0517055780448223
"3342",2003,54,0.03934707644402
"3343",2003,55,0.0477284273180981
"3344",2003,56,0.0806822433785001
"3345",2003,57,0.107675867815432
"3346",2003,58,0.105719747470645
"3347",2003,59,0.126421791776679
"3348",2003,60,0.0882167082488153
"3349",2003,61,0.106051276138841
"3350",2003,62,0.0938966459407628
"3351",2003,63,0.0613373890526785
"3352",2003,64,0.101785695147983
"3353",2003,65,0.0797958846955216
"3354",2003,66,0.0563948563919835
"3355",2003,67,0.0423053083168001
"3356",2003,68,0.0500329740724379
"3357",2003,69,0.108470391608841
"3358",2003,70,0.0947948336706303
"3359",2003,71,0.13781973984679
"3360",2003,72,0.220195776951846
"3361",2003,73,0.249079850404823
"3362",2003,74,0.250646275325573
"3363",2003,75,0.241882019199969
"3364",2003,76,0.233940358801434
"3365",2003,77,0.223055783367559
"3366",2003,78,0.235596429119762
"3367",2003,79,0.244998746182287
"3368",2003,80,0.254882760724792
"3369",2003,81,0.286137249071282
"3370",2003,82,0.26139251501745
"3371",2003,83,0.248186617428208
"3372",2003,84,0.24146531042324
"3373",2003,85,0.256437712645629
"3374",2003,86,0.230552569148837
"3375",2003,87,0.223702205184653
"3376",2003,88,0.261344191031718
"3377",2003,89,0.33622725551958
"3378",2003,90,0.360869812613035
"3379",2003,91,0.311401374940461
"3380",2003,92,0.228292790169231
"3381",2003,93,0.218798633223048
"3382",2003,94,0.250812164982564
"3383",2003,95,0.273507123914911
"3384",2003,96,0.28200079859846
"3385",2003,97,0.306461037688438
"3386",2003,98,0.370053360129172
"3387",2003,99,0.414848929209594
"3388",2003,100,0.367762086469284
"3389",2003,101,0.438453900996858
"3390",2003,102,0.434541207893819
"3391",2003,103,0.414213155141218
"3392",2003,104,0.377219778454901
"3393",2003,105,0.361258369498668
"3394",2003,106,0.38059028866267
"3395",2003,107,0.395265884036426
"3396",2003,108,0.363810958624973
"3397",2003,109,0.402154228396371
"3398",2003,110,0.418744026905834
"3399",2003,111,0.439451346125886
"3400",2003,112,0.458626314152754
"3401",2003,113,0.464100407281491
"3402",2003,114,0.440568746373651
"3403",2003,115,0.456233172535562
"3404",2003,116,0.416532578388309
"3405",2003,117,0.393227699477123
"3406",2003,118,0.372155219239152
"3407",2003,119,0.387757315793409
"3408",2003,120,0.42983818694342
"3409",2003,121,0.428846889922548
"3410",2003,122,0.451235930430653
"3411",2003,123,0.468718035238242
"3412",2003,124,0.416275415853863
"3413",2003,125,0.355342669718138
"3414",2003,126,0.386918634741923
"3415",2003,127,0.387750091675061
"3416",2003,128,0.368430585805931
"3417",2003,129,0.393925153667404
"3418",2003,130,0.418713308566657
"3419",2003,131,0.430656978873448
"3420",2003,132,0.474433625648337
"3421",2003,133,0.492185562762911
"3422",2003,134,0.51596473978287
"3423",2003,135,0.543231966613435
"3424",2003,136,0.480101071304742
"3425",2003,137,0.468009347494059
"3426",2003,138,0.402188447078492
"3427",2003,139,0.428417073605106
"3428",2003,140,0.463481397383672
"3429",2003,141,0.502591562143461
"3430",2003,142,0.543820190064937
"3431",2003,143,0.58049797020313
"3432",2003,144,0.579591379568708
"3433",2003,145,0.619412071935877
"3434",2003,146,0.61458257463702
"3435",2003,147,0.593145364834446
"3436",2003,148,0.615367801983637
"3437",2003,149,0.631601811594478
"3438",2003,150,0.578365365898123
"3439",2003,151,0.560709617884289
"3440",2003,152,0.5652526941091
"3441",2003,153,0.552662269773015
"3442",2003,154,0.555993192781518
"3443",2003,155,0.504554708866493
"3444",2003,156,0.539676626667437
"3445",2003,157,0.506235900238953
"3446",2003,158,0.531637284076873
"3447",2003,159,0.572118472851341
"3448",2003,160,0.555210566204175
"3449",2003,161,0.545934738958797
"3450",2003,162,0.576883309000768
"3451",2003,163,0.599341285613025
"3452",2003,164,0.642666352367103
"3453",2003,165,0.649708882799387
"3454",2003,166,0.636385740103699
"3455",2003,167,0.66823069061264
"3456",2003,168,0.666402162895669
"3457",2003,169,0.689327532671404
"3458",2003,170,0.723843460623829
"3459",2003,171,0.644070030670059
"3460",2003,172,0.605676117404572
"3461",2003,173,0.565573251684456
"3462",2003,174,0.570651669965065
"3463",2003,175,0.533470181921893
"3464",2003,176,0.569690288383219
"3465",2003,177,0.630062777864261
"3466",2003,178,0.640999435000096
"3467",2003,179,0.63388242233723
"3468",2003,180,0.669365624662532
"3469",2003,181,0.748719122680037
"3470",2003,182,0.735520997233369
"3471",2003,183,0.705748343356236
"3472",2003,184,0.654618433640551
"3473",2003,185,0.666909128595621
"3474",2003,186,0.669953926850854
"3475",2003,187,0.629492515356578
"3476",2003,188,0.635869908695452
"3477",2003,189,0.640126715706255
"3478",2003,190,0.661884958812449
"3479",2003,191,0.670042780900162
"3480",2003,192,0.678201512435312
"3481",2003,193,0.761593230957714
"3482",2003,194,0.739481608695493
"3483",2003,195,0.67969360981482
"3484",2003,196,0.717667787135967
"3485",2003,197,0.737525292921375
"3486",2003,198,0.787972288556627
"3487",2003,199,0.772179410313149
"3488",2003,200,0.775949062520981
"3489",2003,201,0.715620755980997
"3490",2003,202,0.707467834279236
"3491",2003,203,0.723247463704319
"3492",2003,204,0.775975805797116
"3493",2003,205,0.779529009023978
"3494",2003,206,0.717581419346589
"3495",2003,207,0.675346559884798
"3496",2003,208,0.718057594774735
"3497",2003,209,0.739239545650688
"3498",2003,210,0.692760693641375
"3499",2003,211,0.697644182375467
"3500",2003,212,0.676329521964671
"3501",2003,213,0.672520998141843
"3502",2003,214,0.710546792585828
"3503",2003,215,0.706876155621459
"3504",2003,216,0.691882592251075
"3505",2003,217,0.678545001892739
"3506",2003,218,0.713051525389002
"3507",2003,219,0.675458547543168
"3508",2003,220,0.680031605839542
"3509",2003,221,0.678052225479914
"3510",2003,222,0.717057335885098
"3511",2003,223,0.722978510538971
"3512",2003,224,0.709848646391395
"3513",2003,225,0.733076212060299
"3514",2003,226,0.716279959569624
"3515",2003,227,0.70682676582455
"3516",2003,228,0.715260146242053
"3517",2003,229,0.603153397874306
"3518",2003,230,0.621241050701402
"3519",2003,231,0.652784095909616
"3520",2003,232,0.595896758848076
"3521",2003,233,0.593951495868483
"3522",2003,234,0.646766377160859
"3523",2003,235,0.605622946218452
"3524",2003,236,0.6055197432044
"3525",2003,237,0.579972342976407
"3526",2003,238,0.596455591166859
"3527",2003,239,0.546569041371789
"3528",2003,240,0.493678647351685
"3529",2003,241,0.466448367760506
"3530",2003,242,0.476990364456218
"3531",2003,243,0.503932743748533
"3532",2003,244,0.523690640638863
"3533",2003,245,0.47937639025405
"3534",2003,246,0.494105166811605
"3535",2003,247,0.529041334751822
"3536",2003,248,0.555398691362402
"3537",2003,249,0.537385266272088
"3538",2003,250,0.536217722291966
"3539",2003,251,0.492022433470144
"3540",2003,252,0.422724473443361
"3541",2003,253,0.393540648712048
"3542",2003,254,0.400159685973483
"3543",2003,255,0.3707414920606
"3544",2003,256,0.354521636915658
"3545",2003,257,0.374288786312074
"3546",2003,258,0.354465076975676
"3547",2003,259,0.298282571278068
"3548",2003,260,0.276503684592354
"3549",2003,261,0.293673410727539
"3550",2003,262,0.342896886095375
"3551",2003,263,0.316145383847732
"3552",2003,264,0.291457114734845
"3553",2003,265,0.318473447006461
"3554",2003,266,0.289066553095789
"3555",2003,267,0.288099018547025
"3556",2003,268,0.3286882987173
"3557",2003,269,0.304899972352498
"3558",2003,270,0.285532547056643
"3559",2003,271,0.267353405569289
"3560",2003,272,0.245503133685778
"3561",2003,273,0.245985661397827
"3562",2003,274,0.259404792630875
"3563",2003,275,0.263965260968181
"3564",2003,276,0.265664525930676
"3565",2003,277,0.282556205289933
"3566",2003,278,0.277357791309997
"3567",2003,279,0.281424696252005
"3568",2003,280,0.282195206188449
"3569",2003,281,0.257164341796998
"3570",2003,282,0.238569005879569
"3571",2003,283,0.209614235774222
"3572",2003,284,0.196098433398723
"3573",2003,285,0.199305290618145
"3574",2003,286,0.185048248784758
"3575",2003,287,0.161323796203951
"3576",2003,288,0.153606917194363
"3577",2003,289,0.163512218835917
"3578",2003,290,0.221092989730161
"3579",2003,291,0.234951284762093
"3580",2003,292,0.229084218220166
"3581",2003,293,0.197172672776489
"3582",2003,294,0.228826662536835
"3583",2003,295,0.19292479562057
"3584",2003,296,0.164506898453943
"3585",2003,297,0.134878935282252
"3586",2003,298,0.129185985130971
"3587",2003,299,0.155270224330612
"3588",2003,300,0.161392803953011
"3589",2003,301,0.126770572547854
"3590",2003,302,0.0978885652833994
"3591",2003,303,0.0766062167665804
"3592",2003,304,0.0622329175009345
"3593",2003,305,0.0634528362468863
"3594",2003,306,0.0672366470592345
"3595",2003,307,0.0660184319434901
"3596",2003,308,0.0474985879887453
"3597",2003,309,0.0419139514477244
"3598",2003,310,0.0527655132246331
"3599",2003,311,0.0543288608657352
"3600",2003,312,0.0586927608845336
"3601",2003,313,0.0669668203426885
"3602",2003,314,0.0833193510906538
"3603",2003,315,0.0827800810048699
"3604",2003,316,0.075035859385597
"3605",2003,317,0.0818179925351118
"3606",2003,318,0.0787206094489811
"3607",2003,319,0.0724631766019648
"3608",2003,320,0.0759367859589837
"3609",2003,321,0.0800895343158542
"3610",2003,322,0.0934669468783133
"3611",2003,323,0.095066508347536
"3612",2003,324,0.0551572592729518
"3613",2003,325,0.0314774553096517
"3614",2003,326,0.0249409555202251
"3615",2003,327,0.0274482870506485
"3616",2003,328,0.0453996903299988
"3617",2003,329,0.0477917695102005
"3618",2003,330,0.0500546120850033
"3619",2003,331,0.0452953708958281
"3620",2003,332,0.0528240433671301
"3621",2003,333,0.0728807853480074
"3622",2003,334,0.0611242829909664
"3623",2003,335,0.0506269185186608
"3624",2003,336,0.0620096043077383
"3625",2003,337,0.0633289032302437
"3626",2003,338,0.041264912774188
"3627",2003,339,0.0402544302949402
"3628",2003,340,0.0637695261310772
"3629",2003,341,0.0570492218369885
"3630",2003,342,0.0388669674317427
"3631",2003,343,0.0343455376053259
"3632",2003,344,0.0294897886569306
"3633",2003,345,0.0295447647717312
"3634",2003,346,0.034450154067908
"3635",2003,347,0.0444826546158523
"3636",2003,348,0.0519998721442157
"3637",2003,349,0.0429739478956112
"3638",2003,350,0.0512702965273358
"3639",2003,351,0.0559156114426228
"3640",2003,352,0.052266106268
"3641",2003,353,0.0550128280998149
"3642",2003,354,0.060619435509397
"3643",2003,355,0.0557539692258623
"3644",2003,356,0.05087864831972
"3645",2003,357,0.0541929268196012
"3646",2003,358,0.0546412988669061
"3647",2003,359,0.0591060801939476
"3648",2003,360,0.0447937677503688
"3649",2003,361,0.0407492809780123
"3650",2003,362,0.0334982042945444
"3651",2003,363,0.0243496201948979
"3652",2003,364,0.024086370555658
"3653",2003,365,0.030243024325893
"3654",2004,1,0.0314319895792145
"3655",2004,2,0.0208969920821348
"3656",2004,3,0.0135868936368691
"3657",2004,4,0.0113182471207354
"3658",2004,5,0.013205205814012
"3659",2004,6,0.0193974224711416
"3660",2004,7,0.0282179454321721
"3661",2004,8,0.0435252767506814
"3662",2004,9,0.0512559762843233
"3663",2004,10,0.0633298073719566
"3664",2004,11,0.065102724406741
"3665",2004,12,0.0532427143042479
"3666",2004,13,0.0545482407630611
"3667",2004,14,0.0670910437678168
"3668",2004,15,0.0741493639939105
"3669",2004,16,0.0716139652375802
"3670",2004,17,0.058026449653039
"3671",2004,18,0.051017731466433
"3672",2004,19,0.056627969451753
"3673",2004,20,0.0644151425819664
"3674",2004,21,0.0544717287357419
"3675",2004,22,0.0651469135703878
"3676",2004,23,0.0780441751018067
"3677",2004,24,0.059500717641527
"3678",2004,25,0.0334146060844809
"3679",2004,26,0.0274393260486142
"3680",2004,27,0.0188127903715792
"3681",2004,28,0.0174604098835169
"3682",2004,29,0.0216592385717829
"3683",2004,30,0.0373049202709567
"3684",2004,31,0.0355215413998491
"3685",2004,32,0.0304459405217593
"3686",2004,33,0.0344508478144237
"3687",2004,34,0.0358955038670512
"3688",2004,35,0.0460776879933218
"3689",2004,36,0.0516701525496355
"3690",2004,37,0.0546206562676555
"3691",2004,38,0.0822619087900823
"3692",2004,39,0.0884868029803147
"3693",2004,40,0.0819511499111874
"3694",2004,41,0.079007649968252
"3695",2004,42,0.0662074040165707
"3696",2004,43,0.0816964912027818
"3697",2004,44,0.0969580411984462
"3698",2004,45,0.0856694334022659
"3699",2004,46,0.109393995024592
"3700",2004,47,0.123104540599312
"3701",2004,48,0.13727705082867
"3702",2004,49,0.148669006755388
"3703",2004,50,0.142943073764627
"3704",2004,51,0.134223228950406
"3705",2004,52,0.127503261233629
"3706",2004,53,0.124823403741551
"3707",2004,54,0.122124295794382
"3708",2004,55,0.141431947965541
"3709",2004,56,0.151001556397257
"3710",2004,57,0.154513937144276
"3711",2004,58,0.1564389290735
"3712",2004,59,0.137267857262363
"3713",2004,60,0.131786207145758
"3714",2004,61,0.124616549919576
"3715",2004,62,0.130147109426893
"3716",2004,63,0.123235015515874
"3717",2004,64,0.153452935559994
"3718",2004,65,0.152994002773895
"3719",2004,66,0.170502137135953
"3720",2004,67,0.190280614926049
"3721",2004,68,0.215025076751428
"3722",2004,69,0.227460140727524
"3723",2004,70,0.178922249677319
"3724",2004,71,0.184074715000387
"3725",2004,72,0.218968196017856
"3726",2004,73,0.181055736587575
"3727",2004,74,0.183578130140863
"3728",2004,75,0.216865853792998
"3729",2004,76,0.21620791015608
"3730",2004,77,0.215091569675672
"3731",2004,78,0.269660251708883
"3732",2004,79,0.247488673223156
"3733",2004,80,0.217200838451374
"3734",2004,81,0.21180967806815
"3735",2004,82,0.231260446276444
"3736",2004,83,0.281041868262776
"3737",2004,84,0.314503319823008
"3738",2004,85,0.286180483813365
"3739",2004,86,0.278743991464157
"3740",2004,87,0.284441065160349
"3741",2004,88,0.282851184343415
"3742",2004,89,0.310187823276396
"3743",2004,90,0.350250074067772
"3744",2004,91,0.347111146899344
"3745",2004,92,0.297167341508193
"3746",2004,93,0.304921187574607
"3747",2004,94,0.309813834792819
"3748",2004,95,0.370166938819559
"3749",2004,96,0.373388414253799
"3750",2004,97,0.379148491082763
"3751",2004,98,0.343476835410505
"3752",2004,99,0.339280155745273
"3753",2004,100,0.304817070270363
"3754",2004,101,0.317342005289193
"3755",2004,102,0.301285627024212
"3756",2004,103,0.369636222808606
"3757",2004,104,0.405591487342294
"3758",2004,105,0.371816479726268
"3759",2004,106,0.385580490594669
"3760",2004,107,0.343929482059533
"3761",2004,108,0.346763782377002
"3762",2004,109,0.372073650863816
"3763",2004,110,0.400995911626952
"3764",2004,111,0.392773713732386
"3765",2004,112,0.389190826115264
"3766",2004,113,0.403811215250037
"3767",2004,114,0.417586221868122
"3768",2004,115,0.413898625919812
"3769",2004,116,0.404828997605532
"3770",2004,117,0.460506191643991
"3771",2004,118,0.515404710209638
"3772",2004,119,0.397482699070941
"3773",2004,120,0.383182734150053
"3774",2004,121,0.388342650856267
"3775",2004,122,0.414360043993916
"3776",2004,123,0.470961500589195
"3777",2004,124,0.476237988884518
"3778",2004,125,0.47961118166976
"3779",2004,126,0.444783241493653
"3780",2004,127,0.442387126849324
"3781",2004,128,0.515011126837755
"3782",2004,129,0.522621117194329
"3783",2004,130,0.46544876178603
"3784",2004,131,0.375393751903032
"3785",2004,132,0.337947276961681
"3786",2004,133,0.324656788620347
"3787",2004,134,0.378071022470527
"3788",2004,135,0.430164481451726
"3789",2004,136,0.43432313339092
"3790",2004,137,0.435034773375377
"3791",2004,138,0.464736806776009
"3792",2004,139,0.470511250655518
"3793",2004,140,0.502049218191534
"3794",2004,141,0.52154988543764
"3795",2004,142,0.475185825762643
"3796",2004,143,0.435945383797733
"3797",2004,144,0.433386558682147
"3798",2004,145,0.42806984977128
"3799",2004,146,0.478672811961647
"3800",2004,147,0.513355313262292
"3801",2004,148,0.54255935969223
"3802",2004,149,0.566487846626957
"3803",2004,150,0.531198591180513
"3804",2004,151,0.530873078755221
"3805",2004,152,0.531936333916124
"3806",2004,153,0.533090608682061
"3807",2004,154,0.559014535147718
"3808",2004,155,0.628460990737127
"3809",2004,156,0.630050108592034
"3810",2004,157,0.63816254337411
"3811",2004,158,0.593948495713093
"3812",2004,159,0.54793432262201
"3813",2004,160,0.500427455044176
"3814",2004,161,0.546001407367938
"3815",2004,162,0.525149019402647
"3816",2004,163,0.54179169347782
"3817",2004,164,0.564692977988023
"3818",2004,165,0.552952971196198
"3819",2004,166,0.569070094197795
"3820",2004,167,0.536706555687893
"3821",2004,168,0.550649761108148
"3822",2004,169,0.524323886174846
"3823",2004,170,0.513020808051202
"3824",2004,171,0.541431419723218
"3825",2004,172,0.562817958038593
"3826",2004,173,0.58071846529665
"3827",2004,174,0.597851545207611
"3828",2004,175,0.592480901963355
"3829",2004,176,0.577312574967469
"3830",2004,177,0.59605043351541
"3831",2004,178,0.58483156994626
"3832",2004,179,0.590511971499801
"3833",2004,180,0.641253086877549
"3834",2004,181,0.689697499280856
"3835",2004,182,0.644189749017176
"3836",2004,183,0.648062523464973
"3837",2004,184,0.682392168615682
"3838",2004,185,0.671060833560815
"3839",2004,186,0.620043387472507
"3840",2004,187,0.592396019606315
"3841",2004,188,0.640579980734322
"3842",2004,189,0.666356890642563
"3843",2004,190,0.596672822037597
"3844",2004,191,0.65161949877667
"3845",2004,192,0.687595265010434
"3846",2004,193,0.689889701101396
"3847",2004,194,0.646377101407102
"3848",2004,195,0.679076036135597
"3849",2004,196,0.722241245582311
"3850",2004,197,0.702049205383316
"3851",2004,198,0.726825328512994
"3852",2004,199,0.758174343550093
"3853",2004,200,0.776322856537906
"3854",2004,201,0.737384680870991
"3855",2004,202,0.704334043604852
"3856",2004,203,0.669625624951037
"3857",2004,204,0.627537421108776
"3858",2004,205,0.607706448485258
"3859",2004,206,0.670411271049023
"3860",2004,207,0.699453029465471
"3861",2004,208,0.723155489057911
"3862",2004,209,0.633560819079587
"3863",2004,210,0.600862234116877
"3864",2004,211,0.587988817261097
"3865",2004,212,0.659079409121757
"3866",2004,213,0.66514202365989
"3867",2004,214,0.652258713352858
"3868",2004,215,0.659664483581321
"3869",2004,216,0.620717663893841
"3870",2004,217,0.63137418061104
"3871",2004,218,0.647410841614253
"3872",2004,219,0.653910784852161
"3873",2004,220,0.605380408782835
"3874",2004,221,0.563442735708673
"3875",2004,222,0.560750883199813
"3876",2004,223,0.54637184082858
"3877",2004,224,0.568538987215607
"3878",2004,225,0.587521531560496
"3879",2004,226,0.601108509391375
"3880",2004,227,0.603708062119103
"3881",2004,228,0.606347020706616
"3882",2004,229,0.554658160550766
"3883",2004,230,0.589034502878561
"3884",2004,231,0.524559424258995
"3885",2004,232,0.551413780803748
"3886",2004,233,0.557809797735583
"3887",2004,234,0.575744204942938
"3888",2004,235,0.51964856786997
"3889",2004,236,0.489769550406158
"3890",2004,237,0.503810629867451
"3891",2004,238,0.503048128665088
"3892",2004,239,0.454978432064514
"3893",2004,240,0.464730653780533
"3894",2004,241,0.48350604566076
"3895",2004,242,0.479782192768012
"3896",2004,243,0.532510762151171
"3897",2004,244,0.542359778484403
"3898",2004,245,0.560515045574951
"3899",2004,246,0.475542718053908
"3900",2004,247,0.406331574502429
"3901",2004,248,0.433301630010239
"3902",2004,249,0.439385317003619
"3903",2004,250,0.410354942872116
"3904",2004,251,0.40390873403539
"3905",2004,252,0.433597320600337
"3906",2004,253,0.442883951962821
"3907",2004,254,0.386594553739075
"3908",2004,255,0.428588652126865
"3909",2004,256,0.38110396842128
"3910",2004,257,0.339639669265927
"3911",2004,258,0.344861751460795
"3912",2004,259,0.355077109448627
"3913",2004,260,0.361272450670166
"3914",2004,261,0.382542901697417
"3915",2004,262,0.395399242342708
"3916",2004,263,0.324979518413166
"3917",2004,264,0.275854856113034
"3918",2004,265,0.288543746458445
"3919",2004,266,0.299198594401103
"3920",2004,267,0.316047737175013
"3921",2004,268,0.331139748982662
"3922",2004,269,0.346726705134371
"3923",2004,270,0.315256837625963
"3924",2004,271,0.301775975506088
"3925",2004,272,0.296676849392731
"3926",2004,273,0.28963224951645
"3927",2004,274,0.255161437433845
"3928",2004,275,0.197205790599644
"3929",2004,276,0.24656308175083
"3930",2004,277,0.225520746274257
"3931",2004,278,0.24267867999654
"3932",2004,279,0.262001240382899
"3933",2004,280,0.263733864629615
"3934",2004,281,0.243172671588187
"3935",2004,282,0.237856965990852
"3936",2004,283,0.251156754684453
"3937",2004,284,0.210142438211159
"3938",2004,285,0.201717362405109
"3939",2004,286,0.199703500306963
"3940",2004,287,0.171953965782885
"3941",2004,288,0.181107500705199
"3942",2004,289,0.16302297288674
"3943",2004,290,0.143820330104903
"3944",2004,291,0.129228075050994
"3945",2004,292,0.12932800363819
"3946",2004,293,0.120748228790905
"3947",2004,294,0.117420430734835
"3948",2004,295,0.129774241949931
"3949",2004,296,0.144924696909291
"3950",2004,297,0.139753511511552
"3951",2004,298,0.120898619682041
"3952",2004,299,0.120791401444717
"3953",2004,300,0.126008541480075
"3954",2004,301,0.122859142067422
"3955",2004,302,0.117879772902268
"3956",2004,303,0.108931145537769
"3957",2004,304,0.117967173898116
"3958",2004,305,0.104512231831831
"3959",2004,306,0.0972166716367358
"3960",2004,307,0.116155735305752
"3961",2004,308,0.105967587131998
"3962",2004,309,0.105045963714498
"3963",2004,310,0.125513425722998
"3964",2004,311,0.11751749743944
"3965",2004,312,0.0933972520507967
"3966",2004,313,0.103825707954824
"3967",2004,314,0.0962860966167
"3968",2004,315,0.0800205483178613
"3969",2004,316,0.0782061560366671
"3970",2004,317,0.0779962815271322
"3971",2004,318,0.0850990833180266
"3972",2004,319,0.0844192330315866
"3973",2004,320,0.0929003819383968
"3974",2004,321,0.0962258911388915
"3975",2004,322,0.0855772770974895
"3976",2004,323,0.078494909824371
"3977",2004,324,0.0685846031031541
"3978",2004,325,0.0545694931954564
"3979",2004,326,0.0656628303992917
"3980",2004,327,0.0569986843108991
"3981",2004,328,0.0478508826815873
"3982",2004,329,0.0568554043276967
"3983",2004,330,0.0705072184533314
"3984",2004,331,0.0502956258016678
"3985",2004,332,0.0447375951762013
"3986",2004,333,0.0420328308151702
"3987",2004,334,0.0453076884511131
"3988",2004,335,0.0506861998489187
"3989",2004,336,0.0553365124755291
"3990",2004,337,0.0567151989861664
"3991",2004,338,0.0688009291568206
"3992",2004,339,0.0660516527935555
"3993",2004,340,0.0451832612679725
"3994",2004,341,0.0384191767445788
"3995",2004,342,0.0404900382821948
"3996",2004,343,0.0450237025744783
"3997",2004,344,0.057532605248118
"3998",2004,345,0.0613295894054979
"3999",2004,346,0.0709824227508879
"4000",2004,347,0.0413219213746883
"4001",2004,348,0.0408698434217215
"4002",2004,349,0.0601145431866466
"4003",2004,350,0.0612081273685512
"4004",2004,351,0.055835162688487
"4005",2004,352,0.0607820772842494
"4006",2004,353,0.0524880184516195
"4007",2004,354,0.0650933015822388
"4008",2004,355,0.044342394992047
"4009",2004,356,0.0246766376831229
"4010",2004,357,0.0214284449744811
"4011",2004,358,0.0222021933920567
"4012",2004,359,0.0376835929189777
"4013",2004,360,0.0562377141129429
"4014",2004,361,0.0375344970201322
"4015",2004,362,0.029060619329574
"4016",2004,363,0.0448321807594397
"4017",2004,364,0.0482356610287925
"4018",2004,365,0.0346458958581706
"4019",2005,1,0.0178840186581673
"4020",2005,2,0.0173133617844352
"4021",2005,3,0.0150655578746443
"4022",2005,4,0.0154467372554597
"4023",2005,5,0.0140776335107576
"4024",2005,6,0.024540929199395
"4025",2005,7,0.0269979367849141
"4026",2005,8,0.0254362739640963
"4027",2005,9,0.0227305235651469
"4028",2005,10,0.025972586303916
"4029",2005,11,0.0316634588557214
"4030",2005,12,0.0276642722320731
"4031",2005,13,0.0130848563358586
"4032",2005,14,0.0120386996891331
"4033",2005,15,0.0139742830474454
"4034",2005,16,0.0210657796512555
"4035",2005,17,0.0496518216613457
"4036",2005,18,0.0826617209233704
"4037",2005,19,0.0995026512366287
"4038",2005,20,0.0984802082771351
"4039",2005,21,0.0659303052373242
"4040",2005,22,0.0556084951345077
"4041",2005,23,0.102051063943619
"4042",2005,24,0.121936590390874
"4043",2005,25,0.0979544475881892
"4044",2005,26,0.0839477049050434
"4045",2005,27,0.0898160396814809
"4046",2005,28,0.0916955259471816
"4047",2005,29,0.0800707898944134
"4048",2005,30,0.0972473446662978
"4049",2005,31,0.110280140035757
"4050",2005,32,0.115315964291036
"4051",2005,33,0.124900954415519
"4052",2005,34,0.136761031707347
"4053",2005,35,0.127958488759698
"4054",2005,36,0.0864025542193238
"4055",2005,37,0.0498444271095464
"4056",2005,38,0.0546146817619956
"4057",2005,39,0.0841065619044646
"4058",2005,40,0.116816910758674
"4059",2005,41,0.137059145690182
"4060",2005,42,0.156305194844624
"4061",2005,43,0.14402821570509
"4062",2005,44,0.137782093355109
"4063",2005,45,0.107833546434523
"4064",2005,46,0.095498008511473
"4065",2005,47,0.108062303265114
"4066",2005,48,0.117397207136365
"4067",2005,49,0.112037158734107
"4068",2005,50,0.100047895015255
"4069",2005,51,0.0926026973162309
"4070",2005,52,0.114140045405589
"4071",2005,53,0.131601147387439
"4072",2005,54,0.147704375858854
"4073",2005,55,0.182014498587899
"4074",2005,56,0.170867725862624
"4075",2005,57,0.162243417962605
"4076",2005,58,0.14648095885809
"4077",2005,59,0.15495754048379
"4078",2005,60,0.17823452723324
"4079",2005,61,0.190365472597856
"4080",2005,62,0.196667857038645
"4081",2005,63,0.204317628825251
"4082",2005,64,0.213482163664567
"4083",2005,65,0.205567807187456
"4084",2005,66,0.187162245760141
"4085",2005,67,0.205645211497329
"4086",2005,68,0.228481592405762
"4087",2005,69,0.219661668350672
"4088",2005,70,0.246960629564902
"4089",2005,71,0.201593364784792
"4090",2005,72,0.172041577172529
"4091",2005,73,0.163824949989324
"4092",2005,74,0.157448089860521
"4093",2005,75,0.180622152112665
"4094",2005,76,0.159321146228834
"4095",2005,77,0.156978931913403
"4096",2005,78,0.176843799916161
"4097",2005,79,0.193345610984433
"4098",2005,80,0.23177784217635
"4099",2005,81,0.217968351025714
"4100",2005,82,0.176076431820286
"4101",2005,83,0.155129319094301
"4102",2005,84,0.178021587350224
"4103",2005,85,0.239370823737903
"4104",2005,86,0.307818424548578
"4105",2005,87,0.311614701201282
"4106",2005,88,0.281252653163977
"4107",2005,89,0.269529166616162
"4108",2005,90,0.274098608286102
"4109",2005,91,0.315718870467731
"4110",2005,92,0.313241966150646
"4111",2005,93,0.33300527180686
"4112",2005,94,0.32633730859014
"4113",2005,95,0.339522545475142
"4114",2005,96,0.36519936082919
"4115",2005,97,0.419490535098325
"4116",2005,98,0.376423479347232
"4117",2005,99,0.312898685734339
"4118",2005,100,0.32620147428858
"4119",2005,101,0.342161589977001
"4120",2005,102,0.375791023568379
"4121",2005,103,0.419120078066719
"4122",2005,104,0.3741214393261
"4123",2005,105,0.360504726934072
"4124",2005,106,0.406001990472343
"4125",2005,107,0.443395089296059
"4126",2005,108,0.368516193390483
"4127",2005,109,0.376201375915379
"4128",2005,110,0.361203533477767
"4129",2005,111,0.393720134928903
"4130",2005,112,0.394953253711146
"4131",2005,113,0.416810382076604
"4132",2005,114,0.431676550496855
"4133",2005,115,0.403785656327684
"4134",2005,116,0.37824128697894
"4135",2005,117,0.30388799739681
"4136",2005,118,0.305624600689735
"4137",2005,119,0.310075465713672
"4138",2005,120,0.302106059112302
"4139",2005,121,0.313909862662193
"4140",2005,122,0.329335288483819
"4141",2005,123,0.398343552141663
"4142",2005,124,0.459226542368838
"4143",2005,125,0.474609097660561
"4144",2005,126,0.540766343374172
"4145",2005,127,0.510193351300644
"4146",2005,128,0.476741753719194
"4147",2005,129,0.463003230302786
"4148",2005,130,0.455548892645264
"4149",2005,131,0.378016320338132
"4150",2005,132,0.341346710915138
"4151",2005,133,0.437232155314255
"4152",2005,134,0.416516579065471
"4153",2005,135,0.523652218506796
"4154",2005,136,0.570280554845824
"4155",2005,137,0.514338390325625
"4156",2005,138,0.52713377628944
"4157",2005,139,0.546285465542718
"4158",2005,140,0.543280296433933
"4159",2005,141,0.521992403556193
"4160",2005,142,0.552788659278973
"4161",2005,143,0.512267050992426
"4162",2005,144,0.502826441731136
"4163",2005,145,0.515104070499113
"4164",2005,146,0.491655029057517
"4165",2005,147,0.505372222647559
"4166",2005,148,0.496970573354179
"4167",2005,149,0.473287222731654
"4168",2005,150,0.490474596749325
"4169",2005,151,0.509323908732795
"4170",2005,152,0.520710124544573
"4171",2005,153,0.52772482054261
"4172",2005,154,0.533614892496367
"4173",2005,155,0.555410030988673
"4174",2005,156,0.571548127823616
"4175",2005,157,0.580314152178024
"4176",2005,158,0.56091909313258
"4177",2005,159,0.521710575183307
"4178",2005,160,0.535783296474975
"4179",2005,161,0.552735429983794
"4180",2005,162,0.576146805507352
"4181",2005,163,0.557992244270263
"4182",2005,164,0.562276975635098
"4183",2005,165,0.589899493125777
"4184",2005,166,0.619017019624069
"4185",2005,167,0.647665959175352
"4186",2005,168,0.664308972511515
"4187",2005,169,0.62580860436327
"4188",2005,170,0.635606119448032
"4189",2005,171,0.687027743427022
"4190",2005,172,0.71705345624512
"4191",2005,173,0.747796613378743
"4192",2005,174,0.650580675110465
"4193",2005,175,0.619414641716564
"4194",2005,176,0.640477798844421
"4195",2005,177,0.607776306469954
"4196",2005,178,0.620708711878526
"4197",2005,179,0.627509673872874
"4198",2005,180,0.597836386720802
"4199",2005,181,0.621961975492015
"4200",2005,182,0.681774828571172
"4201",2005,183,0.64978151426128
"4202",2005,184,0.620435838332256
"4203",2005,185,0.653741614145377
"4204",2005,186,0.688994285141662
"4205",2005,187,0.738538958431607
"4206",2005,188,0.732306251295405
"4207",2005,189,0.753406602399889
"4208",2005,190,0.711762657648291
"4209",2005,191,0.65011796569602
"4210",2005,192,0.682201939532107
"4211",2005,193,0.745042513563114
"4212",2005,194,0.756862689490752
"4213",2005,195,0.665943689514318
"4214",2005,196,0.713320864414982
"4215",2005,197,0.743403555383454
"4216",2005,198,0.638170865128372
"4217",2005,199,0.677624409468052
"4218",2005,200,0.715884822729136
"4219",2005,201,0.678124119777574
"4220",2005,202,0.696636949544044
"4221",2005,203,0.677454573495546
"4222",2005,204,0.723532186180837
"4223",2005,205,0.685529103681566
"4224",2005,206,0.585826983006081
"4225",2005,207,0.607043417843879
"4226",2005,208,0.657945435112666
"4227",2005,209,0.67792696063551
"4228",2005,210,0.705953624048646
"4229",2005,211,0.720656690132121
"4230",2005,212,0.745776240366766
"4231",2005,213,0.747170171449384
"4232",2005,214,0.69551838249265
"4233",2005,215,0.624590802111266
"4234",2005,216,0.639364755810984
"4235",2005,217,0.692240166657731
"4236",2005,218,0.703441945892688
"4237",2005,219,0.714560587556902
"4238",2005,220,0.641770427120383
"4239",2005,221,0.607664032558218
"4240",2005,222,0.59955775414075
"4241",2005,223,0.562711916200854
"4242",2005,224,0.510400548567695
"4243",2005,225,0.508120204540926
"4244",2005,226,0.560596263622462
"4245",2005,227,0.601974556880489
"4246",2005,228,0.618825203117965
"4247",2005,229,0.606429082632815
"4248",2005,230,0.520290759689643
"4249",2005,231,0.52242524368708
"4250",2005,232,0.56327619131696
"4251",2005,233,0.623692167102639
"4252",2005,234,0.638068042423029
"4253",2005,235,0.588802887761428
"4254",2005,236,0.497777689051362
"4255",2005,237,0.496107437913284
"4256",2005,238,0.520588592186173
"4257",2005,239,0.537899262980753
"4258",2005,240,0.562237492544822
"4259",2005,241,0.58503576088974
"4260",2005,242,0.47255786485052
"4261",2005,243,0.472010756476517
"4262",2005,244,0.484210372037092
"4263",2005,245,0.522569400913531
"4264",2005,246,0.550756665094302
"4265",2005,247,0.526558515537121
"4266",2005,248,0.471325567404209
"4267",2005,249,0.433031320719668
"4268",2005,250,0.458211949809249
"4269",2005,251,0.489763617340234
"4270",2005,252,0.49772078151341
"4271",2005,253,0.412800102089122
"4272",2005,254,0.37659657262758
"4273",2005,255,0.358771750429598
"4274",2005,256,0.371148647740306
"4275",2005,257,0.388987222922272
"4276",2005,258,0.395853684538741
"4277",2005,259,0.369836654611014
"4278",2005,260,0.348589319951315
"4279",2005,261,0.356700723391818
"4280",2005,262,0.376640531132422
"4281",2005,263,0.380194347990402
"4282",2005,264,0.327528639661634
"4283",2005,265,0.332385746460568
"4284",2005,266,0.285536693551262
"4285",2005,267,0.26355876287269
"4286",2005,268,0.296792530265768
"4287",2005,269,0.316757634256198
"4288",2005,270,0.268142650962656
"4289",2005,271,0.257603947599127
"4290",2005,272,0.319776062830718
"4291",2005,273,0.332083225046334
"4292",2005,274,0.29839098061918
"4293",2005,275,0.249367559163513
"4294",2005,276,0.204620120445311
"4295",2005,277,0.183623115438483
"4296",2005,278,0.192893027570784
"4297",2005,279,0.200109290286865
"4298",2005,280,0.234217683275318
"4299",2005,281,0.203508472449577
"4300",2005,282,0.200656083114666
"4301",2005,283,0.191541574405059
"4302",2005,284,0.204060722506529
"4303",2005,285,0.200464360730163
"4304",2005,286,0.212896820763266
"4305",2005,287,0.195764097224053
"4306",2005,288,0.210919031939822
"4307",2005,289,0.19140830627749
"4308",2005,290,0.20776868546838
"4309",2005,291,0.17425015754569
"4310",2005,292,0.17588546458852
"4311",2005,293,0.157121173855881
"4312",2005,294,0.140408208038195
"4313",2005,295,0.125302892732359
"4314",2005,296,0.135144708650864
"4315",2005,297,0.157021377735463
"4316",2005,298,0.164315099481687
"4317",2005,299,0.163044647002234
"4318",2005,300,0.140715334340569
"4319",2005,301,0.124014008803261
"4320",2005,302,0.12715576187997
"4321",2005,303,0.118661700600108
"4322",2005,304,0.10888144675725
"4323",2005,305,0.121017415825314
"4324",2005,306,0.113533428527806
"4325",2005,307,0.0943200148297391
"4326",2005,308,0.105220427106294
"4327",2005,309,0.0960405646411942
"4328",2005,310,0.100325169316912
"4329",2005,311,0.0920202073892284
"4330",2005,312,0.088777181167377
"4331",2005,313,0.0896293692077959
"4332",2005,314,0.122153069920932
"4333",2005,315,0.111412435444415
"4334",2005,316,0.0911253408480752
"4335",2005,317,0.0744493170600568
"4336",2005,318,0.0655789497574749
"4337",2005,319,0.0537697601061773
"4338",2005,320,0.0602694734242469
"4339",2005,321,0.0786444597746168
"4340",2005,322,0.0869591975614464
"4341",2005,323,0.0839813160164488
"4342",2005,324,0.0905116022485644
"4343",2005,325,0.0788193643807922
"4344",2005,326,0.0936291049773965
"4345",2005,327,0.0913246057761239
"4346",2005,328,0.0729064984945212
"4347",2005,329,0.0812337088232018
"4348",2005,330,0.0659381081268936
"4349",2005,331,0.0501060068225464
"4350",2005,332,0.0414132727550869
"4351",2005,333,0.0313407680947939
"4352",2005,334,0.0273045077815402
"4353",2005,335,0.021980552859105
"4354",2005,336,0.0224600130008056
"4355",2005,337,0.0215608011279413
"4356",2005,338,0.0185898823133848
"4357",2005,339,0.0162932839662323
"4358",2005,340,0.0160423409923837
"4359",2005,341,0.0150071290075858
"4360",2005,342,0.026731166828327
"4361",2005,343,0.0425697994761135
"4362",2005,344,0.05308292519128
"4363",2005,345,0.0583825739410033
"4364",2005,346,0.052505126944236
"4365",2005,347,0.0454154019429161
"4366",2005,348,0.0428770118951073
"4367",2005,349,0.0336676106487141
"4368",2005,350,0.025990549161882
"4369",2005,351,0.0185101366098703
"4370",2005,352,0.0187540228577063
"4371",2005,353,0.0242970256468682
"4372",2005,354,0.0371893287960467
"4373",2005,355,0.0571459787347077
"4374",2005,356,0.065527757559493
"4375",2005,357,0.063165264129002
"4376",2005,358,0.0656059495621877
"4377",2005,359,0.0707992031755559
"4378",2005,360,0.0636608858879993
"4379",2005,361,0.0651039754326329
"4380",2005,362,0.0619785281620237
"4381",2005,363,0.0538293067833241
"4382",2005,364,0.0458325201275941
"4383",2005,365,0.0557043110539264
"4384",2006,1,0.055706813847047
"4385",2006,2,0.0587748828167804
"4386",2006,3,0.0605906889090062
"4387",2006,4,0.0620199673184793
"4388",2006,5,0.0641379001862265
"4389",2006,6,0.0749282783517372
"4390",2006,7,0.0661346282212659
"4391",2006,8,0.0534544509624918
"4392",2006,9,0.0633765935665791
"4393",2006,10,0.0734402072141186
"4394",2006,11,0.0759805910856968
"4395",2006,12,0.0660615305832307
"4396",2006,13,0.0675838961003753
"4397",2006,14,0.0849457376540737
"4398",2006,15,0.0711538717515977
"4399",2006,16,0.0559338469492607
"4400",2006,17,0.0679742141399202
"4401",2006,18,0.071102145349531
"4402",2006,19,0.06078468777833
"4403",2006,20,0.0628709673131423
"4404",2006,21,0.0582405949521051
"4405",2006,22,0.0664398730632681
"4406",2006,23,0.0899353063858494
"4407",2006,24,0.0921926222505764
"4408",2006,25,0.105719270479472
"4409",2006,26,0.0980447108929658
"4410",2006,27,0.0949821970281009
"4411",2006,28,0.0870152137974469
"4412",2006,29,0.0939377494967789
"4413",2006,30,0.10503903914513
"4414",2006,31,0.10566921785902
"4415",2006,32,0.113257364424696
"4416",2006,33,0.103144241423147
"4417",2006,34,0.107439809177437
"4418",2006,35,0.113327641962435
"4419",2006,36,0.113799951954155
"4420",2006,37,0.0990061424816708
"4421",2006,38,0.101979512634694
"4422",2006,39,0.115601849367205
"4423",2006,40,0.11492460813233
"4424",2006,41,0.0923614428937136
"4425",2006,42,0.10573958411163
"4426",2006,43,0.139312194057433
"4427",2006,44,0.137628718502304
"4428",2006,45,0.106062849297305
"4429",2006,46,0.0657520836084145
"4430",2006,47,0.0454737711008709
"4431",2006,48,0.0309743383234145
"4432",2006,49,0.055107389693925
"4433",2006,50,0.0877744209068952
"4434",2006,51,0.112045391145804
"4435",2006,52,0.131391351036932
"4436",2006,53,0.122587288095089
"4437",2006,54,0.11367011569383
"4438",2006,55,0.108192528495201
"4439",2006,56,0.0873412730628468
"4440",2006,57,0.108584084670189
"4441",2006,58,0.15338977134259
"4442",2006,59,0.166929950428296
"4443",2006,60,0.134263479185218
"4444",2006,61,0.101030465810421
"4445",2006,62,0.123111816341681
"4446",2006,63,0.114835058947529
"4447",2006,64,0.12244502695618
"4448",2006,65,0.158782066584423
"4449",2006,66,0.185383937431439
"4450",2006,67,0.188505377990354
"4451",2006,68,0.178993352466861
"4452",2006,69,0.174787190033408
"4453",2006,70,0.154415569871641
"4454",2006,71,0.129633817861024
"4455",2006,72,0.156250186586346
"4456",2006,73,0.178829008342087
"4457",2006,74,0.164659175029633
"4458",2006,75,0.187486172988785
"4459",2006,76,0.209109084775208
"4460",2006,77,0.184668236582883
"4461",2006,78,0.173406011111067
"4462",2006,79,0.173430095243553
"4463",2006,80,0.185523560100162
"4464",2006,81,0.18320204913717
"4465",2006,82,0.204589316744383
"4466",2006,83,0.238005400763287
"4467",2006,84,0.260359373637299
"4468",2006,85,0.236354146312431
"4469",2006,86,0.264126753370519
"4470",2006,87,0.290629440843375
"4471",2006,88,0.301853541372773
"4472",2006,89,0.260566429600545
"4473",2006,90,0.281445976210186
"4474",2006,91,0.327447012229265
"4475",2006,92,0.291008013478607
"4476",2006,93,0.305654115606842
"4477",2006,94,0.352535025399863
"4478",2006,95,0.370847203637586
"4479",2006,96,0.321909518670343
"4480",2006,97,0.308803079355585
"4481",2006,98,0.358949456887515
"4482",2006,99,0.366573033226231
"4483",2006,100,0.339524633904193
"4484",2006,101,0.354986055838057
"4485",2006,102,0.375349050230794
"4486",2006,103,0.394919147450813
"4487",2006,104,0.428218288567277
"4488",2006,105,0.423759943423504
"4489",2006,106,0.393571088677859
"4490",2006,107,0.330515297346086
"4491",2006,108,0.356916506393427
"4492",2006,109,0.371774541130294
"4493",2006,110,0.394570512187203
"4494",2006,111,0.434315578247293
"4495",2006,112,0.438546623044465
"4496",2006,113,0.342904170428361
"4497",2006,114,0.342242908798361
"4498",2006,115,0.374737496420287
"4499",2006,116,0.416783167438487
"4500",2006,117,0.429371997234258
"4501",2006,118,0.43605362663184
"4502",2006,119,0.465865487388314
"4503",2006,120,0.432164300944264
"4504",2006,121,0.412096208042803
"4505",2006,122,0.383244798459344
"4506",2006,123,0.356724660061352
"4507",2006,124,0.392030021569326
"4508",2006,125,0.435092948338798
"4509",2006,126,0.49245517126009
"4510",2006,127,0.478079555292387
"4511",2006,128,0.460312352984327
"4512",2006,129,0.404741526764853
"4513",2006,130,0.416846357214287
"4514",2006,131,0.451316337462969
"4515",2006,132,0.50083954599928
"4516",2006,133,0.486146640255694
"4517",2006,134,0.502835247590631
"4518",2006,135,0.514664364733865
"4519",2006,136,0.562500048648528
"4520",2006,137,0.60007890432096
"4521",2006,138,0.642973320049293
"4522",2006,139,0.608528534815812
"4523",2006,140,0.563511266552083
"4524",2006,141,0.589150285537106
"4525",2006,142,0.63726209148793
"4526",2006,143,0.576461574470341
"4527",2006,144,0.605160693374954
"4528",2006,145,0.592094843729912
"4529",2006,146,0.537951685529896
"4530",2006,147,0.485489584653465
"4531",2006,148,0.510265198543991
"4532",2006,149,0.502148887456718
"4533",2006,150,0.532910784176873
"4534",2006,151,0.568190858133765
"4535",2006,152,0.60793076221695
"4536",2006,153,0.653974212997242
"4537",2006,154,0.620372102771659
"4538",2006,155,0.612103641737907
"4539",2006,156,0.590174019140827
"4540",2006,157,0.614356756373054
"4541",2006,158,0.620385432377131
"4542",2006,159,0.62006276117541
"4543",2006,160,0.560739088114471
"4544",2006,161,0.527721392965195
"4545",2006,162,0.585365675119274
"4546",2006,163,0.607853497095562
"4547",2006,164,0.635103824729722
"4548",2006,165,0.607900299683595
"4549",2006,166,0.607340560197642
"4550",2006,167,0.609377209339453
"4551",2006,168,0.606114059177582
"4552",2006,169,0.606725693663113
"4553",2006,170,0.599120917282915
"4554",2006,171,0.591182771690432
"4555",2006,172,0.601378544716951
"4556",2006,173,0.63981140381515
"4557",2006,174,0.62420109089448
"4558",2006,175,0.617395845489259
"4559",2006,176,0.656878619766558
"4560",2006,177,0.672270009253354
"4561",2006,178,0.704785913458365
"4562",2006,179,0.755417985652013
"4563",2006,180,0.753037063027197
"4564",2006,181,0.685149496113996
"4565",2006,182,0.69570607994842
"4566",2006,183,0.701496361177933
"4567",2006,184,0.698099351919121
"4568",2006,185,0.686864931591288
"4569",2006,186,0.733081460460796
"4570",2006,187,0.752489254176726
"4571",2006,188,0.723612318992544
"4572",2006,189,0.706029120810615
"4573",2006,190,0.717506201395025
"4574",2006,191,0.762728122339221
"4575",2006,192,0.735264747168104
"4576",2006,193,0.756397764183403
"4577",2006,194,0.700155690785089
"4578",2006,195,0.742076609820873
"4579",2006,196,0.77871707902234
"4580",2006,197,0.727422146008371
"4581",2006,198,0.725622165005535
"4582",2006,199,0.725113129394518
"4583",2006,200,0.693760777760344
"4584",2006,201,0.714778766781516
"4585",2006,202,0.675973395998633
"4586",2006,203,0.74188286405822
"4587",2006,204,0.780725129240478
"4588",2006,205,0.742657301194908
"4589",2006,206,0.719133227646255
"4590",2006,207,0.728342684339515
"4591",2006,208,0.741584813035983
"4592",2006,209,0.750090713386401
"4593",2006,210,0.714514680600356
"4594",2006,211,0.729076054547223
"4595",2006,212,0.634856185466838
"4596",2006,213,0.637854165561592
"4597",2006,214,0.642061123715981
"4598",2006,215,0.671414092346496
"4599",2006,216,0.681691139396255
"4600",2006,217,0.625323730297608
"4601",2006,218,0.636273023957561
"4602",2006,219,0.701892741014878
"4603",2006,220,0.720626414069276
"4604",2006,221,0.703220921411594
"4605",2006,222,0.662564122261888
"4606",2006,223,0.645910806697065
"4607",2006,224,0.580992083699949
"4608",2006,225,0.584653934016598
"4609",2006,226,0.628524323861658
"4610",2006,227,0.635581386781406
"4611",2006,228,0.591795723965953
"4612",2006,229,0.555346204740754
"4613",2006,230,0.567989969454819
"4614",2006,231,0.586787662590036
"4615",2006,232,0.573841869199055
"4616",2006,233,0.595009840619548
"4617",2006,234,0.620329403060536
"4618",2006,235,0.614761957150343
"4619",2006,236,0.546711496420522
"4620",2006,237,0.521201609623716
"4621",2006,238,0.535530123722482
"4622",2006,239,0.557952911227763
"4623",2006,240,0.568195542694488
"4624",2006,241,0.577978895632449
"4625",2006,242,0.51456862279097
"4626",2006,243,0.440378211193285
"4627",2006,244,0.441366403731244
"4628",2006,245,0.460319167473789
"4629",2006,246,0.479093427689623
"4630",2006,247,0.501589195934994
"4631",2006,248,0.50281448974254
"4632",2006,249,0.503496578396799
"4633",2006,250,0.487601207666691
"4634",2006,251,0.452964281380909
"4635",2006,252,0.466827527798578
"4636",2006,253,0.465121971196802
"4637",2006,254,0.445127005927752
"4638",2006,255,0.460075361970724
"4639",2006,256,0.44009327279736
"4640",2006,257,0.377181919359774
"4641",2006,258,0.338143449895711
"4642",2006,259,0.282962530830625
"4643",2006,260,0.269622401587854
"4644",2006,261,0.29550545598722
"4645",2006,262,0.3080472801666
"4646",2006,263,0.291656908561149
"4647",2006,264,0.318737661341769
"4648",2006,265,0.285859187616065
"4649",2006,266,0.303535503154322
"4650",2006,267,0.32307199792112
"4651",2006,268,0.336031609925758
"4652",2006,269,0.29963767525061
"4653",2006,270,0.268149018958121
"4654",2006,271,0.290528619387646
"4655",2006,272,0.317249391534978
"4656",2006,273,0.33710335780201
"4657",2006,274,0.307466294301724
"4658",2006,275,0.258534598090484
"4659",2006,276,0.246269884950578
"4660",2006,277,0.243881352537448
"4661",2006,278,0.26373870690528
"4662",2006,279,0.279347980770053
"4663",2006,280,0.21865678196798
"4664",2006,281,0.187450465738111
"4665",2006,282,0.182170436580905
"4666",2006,283,0.169423654528838
"4667",2006,284,0.139964859616791
"4668",2006,285,0.142103326760473
"4669",2006,286,0.155712366486559
"4670",2006,287,0.169890234021277
"4671",2006,288,0.184252183679258
"4672",2006,289,0.150841746438933
"4673",2006,290,0.125068080632332
"4674",2006,291,0.136795204434914
"4675",2006,292,0.155365219913509
"4676",2006,293,0.130696906782894
"4677",2006,294,0.127387163854915
"4678",2006,295,0.130599024402161
"4679",2006,296,0.140778768762788
"4680",2006,297,0.137466592306246
"4681",2006,298,0.127955049919533
"4682",2006,299,0.13146085552917
"4683",2006,300,0.13094859633748
"4684",2006,301,0.144639270934675
"4685",2006,302,0.11222507955655
"4686",2006,303,0.0651118878409722
"4687",2006,304,0.0627720387302027
"4688",2006,305,0.0678164736699707
"4689",2006,306,0.0649554603259171
"4690",2006,307,0.0896802010610396
"4691",2006,308,0.12092523240382
"4692",2006,309,0.120278601662088
"4693",2006,310,0.123293412686378
"4694",2006,311,0.139794179407851
"4695",2006,312,0.112112230433828
"4696",2006,313,0.0819777637793726
"4697",2006,314,0.0862596473557777
"4698",2006,315,0.0945631661362824
"4699",2006,316,0.0843272297093135
"4700",2006,317,0.0926003263938922
"4701",2006,318,0.0680392316850412
"4702",2006,319,0.0782572622981663
"4703",2006,320,0.0927642921568435
"4704",2006,321,0.0751421829887405
"4705",2006,322,0.0739806521033335
"4706",2006,323,0.0723827629476734
"4707",2006,324,0.0885594177036736
"4708",2006,325,0.0816332043724874
"4709",2006,326,0.0827109935229262
"4710",2006,327,0.0678612515704764
"4711",2006,328,0.0573717164611016
"4712",2006,329,0.0290247058125323
"4713",2006,330,0.0244619912433976
"4714",2006,331,0.0263205558921737
"4715",2006,332,0.0186122117420146
"4716",2006,333,0.0219265919331351
"4717",2006,334,0.0357872020424173
"4718",2006,335,0.0343610806944858
"4719",2006,336,0.0243167305538175
"4720",2006,337,0.0321398033360961
"4721",2006,338,0.0496912751509874
"4722",2006,339,0.0553014619024445
"4723",2006,340,0.0355795113733913
"4724",2006,341,0.0407026779545196
"4725",2006,342,0.0600465584158685
"4726",2006,343,0.0570285685037762
"4727",2006,344,0.0462414801879516
"4728",2006,345,0.0517326922913334
"4729",2006,346,0.0582360970292673
"4730",2006,347,0.056504160976206
"4731",2006,348,0.0551651481835389
"4732",2006,349,0.057256449205261
"4733",2006,350,0.0425982270721523
"4734",2006,351,0.0364372418163805
"4735",2006,352,0.0382847325139067
"4736",2006,353,0.0530012988665846
"4737",2006,354,0.0450592167667957
"4738",2006,355,0.0525943702918169
"4739",2006,356,0.0508492101039333
"4740",2006,357,0.0461681957113581
"4741",2006,358,0.0454722406745987
"4742",2006,359,0.0534304822111301
"4743",2006,360,0.0569530343616
"4744",2006,361,0.0550137070448273
"4745",2006,362,0.0431588932892195
"4746",2006,363,0.0350862403390537
"4747",2006,364,0.0311741935753948
"4748",2006,365,0.0337201456514313
"4749",2006,366,0.0248250582292361
"4750",2007,1,0.0424742337397232
"4751",2007,2,0.0663998015767471
"4752",2007,3,0.0703486339613539
"4753",2007,4,0.0615822417878607
"4754",2007,5,0.0514632086042972
"4755",2007,6,0.059063828037595
"4756",2007,7,0.0538704436921533
"4757",2007,8,0.0510210125441834
"4758",2007,9,0.0537175970565329
"4759",2007,10,0.0524336214684743
"4760",2007,11,0.0211610823556807
"4761",2007,12,0.0225400499954561
"4762",2007,13,0.0298845972675369
"4763",2007,14,0.0257096295908266
"4764",2007,15,0.0355138664221207
"4765",2007,16,0.05744576691168
"4766",2007,17,0.0501975229889219
"4767",2007,18,0.0500233505082451
"4768",2007,19,0.0577326074397676
"4769",2007,20,0.0618186729025297
"4770",2007,21,0.0586742865646326
"4771",2007,22,0.0777216955499216
"4772",2007,23,0.0884337907088214
"4773",2007,24,0.0944161256640231
"4774",2007,25,0.0973338868382949
"4775",2007,26,0.0758013647144045
"4776",2007,27,0.0568873601339111
"4777",2007,28,0.0704613285446652
"4778",2007,29,0.0587364350296237
"4779",2007,30,0.0538215743846591
"4780",2007,31,0.0548995295993882
"4781",2007,32,0.0441862216437631
"4782",2007,33,0.0379443287031802
"4783",2007,34,0.0457179050293991
"4784",2007,35,0.060896010399289
"4785",2007,36,0.0940360302514379
"4786",2007,37,0.0842034004287691
"4787",2007,38,0.0634841916542634
"4788",2007,39,0.0579713555489694
"4789",2007,40,0.0564930047415392
"4790",2007,41,0.0703344448364419
"4791",2007,42,0.0629135625388833
"4792",2007,43,0.0507971278179733
"4793",2007,44,0.0427000506856075
"4794",2007,45,0.0352598407404882
"4795",2007,46,0.0778725036125566
"4796",2007,47,0.129352985126652
"4797",2007,48,0.139103348413772
"4798",2007,49,0.157093744757061
"4799",2007,50,0.141180242724687
"4800",2007,51,0.16519406480129
"4801",2007,52,0.152271886649289
"4802",2007,53,0.142175637802718
"4803",2007,54,0.13411000797359
"4804",2007,55,0.134413596434448
"4805",2007,56,0.13215203742411
"4806",2007,57,0.11619590296027
"4807",2007,58,0.121847672997305
"4808",2007,59,0.118280054422486
"4809",2007,60,0.116000143370434
"4810",2007,61,0.107654826955302
"4811",2007,62,0.132825471229384
"4812",2007,63,0.18712193051841
"4813",2007,64,0.194279145310755
"4814",2007,65,0.196402164013778
"4815",2007,66,0.222236876555602
"4816",2007,67,0.211544036096024
"4817",2007,68,0.212473578271163
"4818",2007,69,0.222217105906376
"4819",2007,70,0.263559229143195
"4820",2007,71,0.282297412353147
"4821",2007,72,0.204620504330467
"4822",2007,73,0.195033734237392
"4823",2007,74,0.181100404345542
"4824",2007,75,0.197037994578286
"4825",2007,76,0.272824455066714
"4826",2007,77,0.244727411535328
"4827",2007,78,0.232693516439579
"4828",2007,79,0.284488971392996
"4829",2007,80,0.235215390978153
"4830",2007,81,0.261337537336347
"4831",2007,82,0.300911911397232
"4832",2007,83,0.331967574880493
"4833",2007,84,0.331934744202629
"4834",2007,85,0.271904864117482
"4835",2007,86,0.324017177351881
"4836",2007,87,0.246184924943144
"4837",2007,88,0.231684445742645
"4838",2007,89,0.226674617148469
"4839",2007,90,0.28950635038087
"4840",2007,91,0.258648649488134
"4841",2007,92,0.237346542842364
"4842",2007,93,0.21791724413967
"4843",2007,94,0.230702032498407
"4844",2007,95,0.240669195921941
"4845",2007,96,0.204811075321814
"4846",2007,97,0.228108911090108
"4847",2007,98,0.267192531530642
"4848",2007,99,0.289824906868175
"4849",2007,100,0.301933288027716
"4850",2007,101,0.258364606035397
"4851",2007,102,0.289564353659509
"4852",2007,103,0.336880574831089
"4853",2007,104,0.398782269457328
"4854",2007,105,0.398751915200082
"4855",2007,106,0.384169969033914
"4856",2007,107,0.425500694290226
"4857",2007,108,0.415019343608611
"4858",2007,109,0.33660484928631
"4859",2007,110,0.372701949239963
"4860",2007,111,0.38815372863296
"4861",2007,112,0.402060823673937
"4862",2007,113,0.428411389053139
"4863",2007,114,0.42573327099725
"4864",2007,115,0.449792217947503
"4865",2007,116,0.444072085436564
"4866",2007,117,0.444984416543464
"4867",2007,118,0.501017533592468
"4868",2007,119,0.473580805301141
"4869",2007,120,0.447355753808053
"4870",2007,121,0.471308835105506
"4871",2007,122,0.511695086265728
"4872",2007,123,0.483782555891931
"4873",2007,124,0.44234337381717
"4874",2007,125,0.431291865333936
"4875",2007,126,0.463423934669069
"4876",2007,127,0.487574806618956
"4877",2007,128,0.541136580588856
"4878",2007,129,0.543983750902167
"4879",2007,130,0.446557592420966
"4880",2007,131,0.513263738220821
"4881",2007,132,0.576170262373537
"4882",2007,133,0.525288397057323
"4883",2007,134,0.445748387082663
"4884",2007,135,0.472993047579854
"4885",2007,136,0.504204646344469
"4886",2007,137,0.590251222644244
"4887",2007,138,0.566576166957767
"4888",2007,139,0.500211456461485
"4889",2007,140,0.53002409171541
"4890",2007,141,0.513649454823268
"4891",2007,142,0.443919511186116
"4892",2007,143,0.469758132147906
"4893",2007,144,0.460027473650755
"4894",2007,145,0.468606583373665
"4895",2007,146,0.486643548034834
"4896",2007,147,0.561746365833308
"4897",2007,148,0.548052459645106
"4898",2007,149,0.507457024328193
"4899",2007,150,0.485791933988273
"4900",2007,151,0.49961727813846
"4901",2007,152,0.55413653575036
"4902",2007,153,0.589243470912396
"4903",2007,154,0.627432726272864
"4904",2007,155,0.61351914318284
"4905",2007,156,0.63092673885044
"4906",2007,157,0.572624043042177
"4907",2007,158,0.541572298479568
"4908",2007,159,0.581704689734262
"4909",2007,160,0.610536089980642
"4910",2007,161,0.644165178858549
"4911",2007,162,0.619946634418165
"4912",2007,163,0.617790090088549
"4913",2007,164,0.60508121310831
"4914",2007,165,0.599895850606284
"4915",2007,166,0.57635000502195
"4916",2007,167,0.620363676463142
"4917",2007,168,0.595807312122631
"4918",2007,169,0.582027257371109
"4919",2007,170,0.609360970538075
"4920",2007,171,0.663042568607331
"4921",2007,172,0.69908415032406
"4922",2007,173,0.718752410462999
"4923",2007,174,0.695987967663207
"4924",2007,175,0.642594262310678
"4925",2007,176,0.608233756472713
"4926",2007,177,0.597072479116363
"4927",2007,178,0.624607843434674
"4928",2007,179,0.679959443171244
"4929",2007,180,0.734482548138109
"4930",2007,181,0.710076125151483
"4931",2007,182,0.68814385912934
"4932",2007,183,0.713926603179295
"4933",2007,184,0.699639293201969
"4934",2007,185,0.726641007993445
"4935",2007,186,0.730241037899393
"4936",2007,187,0.800098543980278
"4937",2007,188,0.731586709680339
"4938",2007,189,0.673110126580535
"4939",2007,190,0.68838378045299
"4940",2007,191,0.623657207102683
"4941",2007,192,0.66912594226205
"4942",2007,193,0.713820761660404
"4943",2007,194,0.742141824635333
"4944",2007,195,0.752956421644366
"4945",2007,196,0.756535857837546
"4946",2007,197,0.782455683675713
"4947",2007,198,0.740722604571099
"4948",2007,199,0.739137998108767
"4949",2007,200,0.777370393061989
"4950",2007,201,0.783460099860886
"4951",2007,202,0.773934698502816
"4952",2007,203,0.792680547534946
"4953",2007,204,0.799483837336176
"4954",2007,205,0.798368111710005
"4955",2007,206,0.721748460259912
"4956",2007,207,0.680460663874073
"4957",2007,208,0.718057594774735
"4958",2007,209,0.75975227724648
"4959",2007,210,0.784104902004133
"4960",2007,211,0.78985058922535
"4961",2007,212,0.732478408363819
"4962",2007,213,0.650970314825682
"4963",2007,214,0.670704289354652
"4964",2007,215,0.717976669338543
"4965",2007,216,0.704284105067191
"4966",2007,217,0.655948080901344
"4967",2007,218,0.6483430646142
"4968",2007,219,0.692393381645544
"4969",2007,220,0.666132562031657
"4970",2007,221,0.660055617471352
"4971",2007,222,0.632991970224234
"4972",2007,223,0.601216026768823
"4973",2007,224,0.667738130261189
"4974",2007,225,0.649346516764368
"4975",2007,226,0.631804943823391
"4976",2007,227,0.610340708747968
"4977",2007,228,0.604290334233827
"4978",2007,229,0.635773134596548
"4979",2007,230,0.627727421769641
"4980",2007,231,0.63970315667923
"4981",2007,232,0.566505679388418
"4982",2007,233,0.556145161615362
"4983",2007,234,0.529688152495848
"4984",2007,235,0.512059174857042
"4985",2007,236,0.514243348585809
"4986",2007,237,0.547613673286819
"4987",2007,238,0.543646234678726
"4988",2007,239,0.496390595153136
"4989",2007,240,0.492461861224917
"4990",2007,241,0.526675337377929
"4991",2007,242,0.576323146686088
"4992",2007,243,0.583754038148515
"4993",2007,244,0.564023374119472
"4994",2007,245,0.543846167660034
"4995",2007,246,0.559204375088831
"4996",2007,247,0.557626679019956
"4997",2007,248,0.496834501275308
"4998",2007,249,0.462348623756083
"4999",2007,250,0.417508840199727
"5000",2007,251,0.383297135138126
"5001",2007,252,0.378959792617726
"5002",2007,253,0.41812139617117
"5003",2007,254,0.442630839825854
"5004",2007,255,0.371682531384038
"5005",2007,256,0.341913426450375
"5006",2007,257,0.351083008601953
"5007",2007,258,0.403829091255093
"5008",2007,259,0.426170123431828
"5009",2007,260,0.376599496108663
"5010",2007,261,0.338854551205545
"5011",2007,262,0.332662373950162
"5012",2007,263,0.320129348423254
"5013",2007,264,0.342898625583047
"5014",2007,265,0.361669944176492
"5015",2007,266,0.304950275090807
"5016",2007,267,0.274344562016252
"5017",2007,268,0.288377287745238
"5018",2007,269,0.294267720288378
"5019",2007,270,0.285692470392006
"5020",2007,271,0.338934157650179
"5021",2007,272,0.265243917156515
"5022",2007,273,0.257750878852717
"5023",2007,274,0.281218062960621
"5024",2007,275,0.262555837047951
"5025",2007,276,0.242382869494815
"5026",2007,277,0.211849788118968
"5027",2007,278,0.190433787372788
"5028",2007,279,0.18855476181705
"5029",2007,280,0.201201380976609
"5030",2007,281,0.227185720133391
"5031",2007,282,0.2043945437689
"5032",2007,283,0.204601586359432
"5033",2007,284,0.209126030842093
"5034",2007,285,0.200494136248279
"5035",2007,286,0.190162374815806
"5036",2007,287,0.186760428469317
"5037",2007,288,0.178731218793693
"5038",2007,289,0.168291245018658
"5039",2007,290,0.159905263437975
"5040",2007,291,0.159823465837359
"5041",2007,292,0.163106468245983
"5042",2007,293,0.154104832129621
"5043",2007,294,0.143234779982617
"5044",2007,295,0.160161930210641
"5045",2007,296,0.190117102781108
"5046",2007,297,0.193881498867707
"5047",2007,298,0.147670426126199
"5048",2007,299,0.136321007869447
"5049",2007,300,0.113559428687214
"5050",2007,301,0.138981372009852
"5051",2007,302,0.154927465768569
"5052",2007,303,0.121888508141176
"5053",2007,304,0.114914627762692
"5054",2007,305,0.117713496497129
"5055",2007,306,0.100889803392943
"5056",2007,307,0.118674627641957
"5057",2007,308,0.123290406865441
"5058",2007,309,0.0884213019438245
"5059",2007,310,0.0944876031706792
"5060",2007,311,0.107412217319424
"5061",2007,312,0.111836296106895
"5062",2007,313,0.0998157309530114
"5063",2007,314,0.107934125690857
"5064",2007,315,0.0921494249708995
"5065",2007,316,0.0948201072269502
"5066",2007,317,0.0965304365909596
"5067",2007,318,0.0777918007203092
"5068",2007,319,0.084214496957326
"5069",2007,320,0.101411057357176
"5070",2007,321,0.0882706134913956
"5071",2007,322,0.088589440940311
"5072",2007,323,0.0672251458531044
"5073",2007,324,0.0525422850361379
"5074",2007,325,0.0424938404481058
"5075",2007,326,0.041593157332119
"5076",2007,327,0.0508332532638119
"5077",2007,328,0.0559121667536556
"5078",2007,329,0.0639034643184342
"5079",2007,330,0.0438928425242562
"5080",2007,331,0.0439193952303764
"5081",2007,332,0.0415894839302404
"5082",2007,333,0.0303920039400408
"5083",2007,334,0.0281942847523139
"5084",2007,335,0.0283727520803044
"5085",2007,336,0.0355744744358932
"5086",2007,337,0.0672320126854307
"5087",2007,338,0.0597084922196764
"5088",2007,339,0.0365354806037676
"5089",2007,340,0.0311061697953271
"5090",2007,341,0.0284692190282274
"5091",2007,342,0.0268652401501088
"5092",2007,343,0.0310252535633358
"5093",2007,344,0.0357323481939675
"5094",2007,345,0.0353487049171111
"5095",2007,346,0.0426512181973388
"5096",2007,347,0.0390680943788403
"5097",2007,348,0.036828627538716
"5098",2007,349,0.0375502213361568
"5099",2007,350,0.0511529671421876
"5100",2007,351,0.0499817058218018
"5101",2007,352,0.0547130489534728
"5102",2007,353,0.0587729612478152
"5103",2007,354,0.0594068939833598
"5104",2007,355,0.0357906046698185
"5105",2007,356,0.0328093583484735
"5106",2007,357,0.043412510996565
"5107",2007,358,0.0513010077638878
"5108",2007,359,0.0432631677482212
"5109",2007,360,0.0389852053961395
"5110",2007,361,0.0398834003183932
"5111",2007,362,0.0372921290864642
"5112",2007,363,0.0427395201699019
"5113",2007,364,0.0362882163266752
"5114",2007,365,0.0306543884168214
"5115",2008,1,0.0324068808311163
"5116",2008,2,0.0409554490852817
"5117",2008,3,0.0615942546400487
"5118",2008,4,0.0728691241856425
"5119",2008,5,0.0727763377290086
"5120",2008,6,0.0607086150439293
"5121",2008,7,0.0508965947619145
"5122",2008,8,0.0461567931623085
"5123",2008,9,0.0519198587861639
"5124",2008,10,0.0504744258757458
"5125",2008,11,0.0547981578175669
"5126",2008,12,0.0556369975774404
"5127",2008,13,0.0635670905190336
"5128",2008,14,0.0684341830558779
"5129",2008,15,0.0606366145021448
"5130",2008,16,0.0407862574257873
"5131",2008,17,0.0498037732063215
"5132",2008,18,0.0292880480470114
"5133",2008,19,0.0282469056760467
"5134",2008,20,0.0268465768798778
"5135",2008,21,0.0290148786156028
"5136",2008,22,0.0455284028120292
"5137",2008,23,0.0351615575449961
"5138",2008,24,0.0452394762567944
"5139",2008,25,0.048285740049112
"5140",2008,26,0.0865645779133922
"5141",2008,27,0.093853330168678
"5142",2008,28,0.0324900858756267
"5143",2008,29,0.0156904741015463
"5144",2008,30,0.0270818826549389
"5145",2008,31,0.0581270711088278
"5146",2008,32,0.0615969008704066
"5147",2008,33,0.0666895467836982
"5148",2008,34,0.058838740701664
"5149",2008,35,0.0462673196074714
"5150",2008,36,0.0698609546391825
"5151",2008,37,0.0898749469823034
"5152",2008,38,0.0918101116237122
"5153",2008,39,0.0810996591825343
"5154",2008,40,0.0343100455347425
"5155",2008,41,0.0456056065618614
"5156",2008,42,0.0754243013011081
"5157",2008,43,0.11426666109379
"5158",2008,44,0.0949079247672666
"5159",2008,45,0.0887325108932185
"5160",2008,46,0.118136572350215
"5161",2008,47,0.130481681041139
"5162",2008,48,0.113399881752168
"5163",2008,49,0.118058916918937
"5164",2008,50,0.0978052583980451
"5165",2008,51,0.081002796630038
"5166",2008,52,0.113204598331937
"5167",2008,53,0.131424915887023
"5168",2008,54,0.141053566235131
"5169",2008,55,0.123487084116404
"5170",2008,56,0.117650408462972
"5171",2008,57,0.135739955064744
"5172",2008,58,0.172106270795401
"5173",2008,59,0.166946179966043
"5174",2008,60,0.180660149198132
"5175",2008,61,0.194971341297405
"5176",2008,62,0.152416700808329
"5177",2008,63,0.152630112097416
"5178",2008,64,0.142933535430386
"5179",2008,65,0.124619937071055
"5180",2008,66,0.129452072032285
"5181",2008,67,0.169765675596982
"5182",2008,68,0.182656364828867
"5183",2008,69,0.208402685897026
"5184",2008,70,0.223198678509016
"5185",2008,71,0.245041421792415
"5186",2008,72,0.221208014848554
"5187",2008,73,0.192954610061665
"5188",2008,74,0.17693460925092
"5189",2008,75,0.198407815318035
"5190",2008,76,0.206062945449073
"5191",2008,77,0.208760666602538
"5192",2008,78,0.229682606886582
"5193",2008,79,0.232861648404048
"5194",2008,80,0.227721630710167
"5195",2008,81,0.209544998043657
"5196",2008,82,0.220876589697119
"5197",2008,83,0.242133197972595
"5198",2008,84,0.255230919725953
"5199",2008,85,0.22915705264124
"5200",2008,86,0.234253775077517
"5201",2008,87,0.227375124255052
"5202",2008,88,0.242895123688214
"5203",2008,89,0.216438000740123
"5204",2008,90,0.191999895678492
"5205",2008,91,0.211670184399849
"5206",2008,92,0.229911346415572
"5207",2008,93,0.249809353665701
"5208",2008,94,0.27382624785348
"5209",2008,95,0.300754869694624
"5210",2008,96,0.259263817351351
"5211",2008,97,0.28725986501167
"5212",2008,98,0.312644101634977
"5213",2008,99,0.291220204718582
"5214",2008,100,0.31089792738399
"5215",2008,101,0.333752133239411
"5216",2008,102,0.326601436289567
"5217",2008,103,0.336985769530809
"5218",2008,104,0.405752429886452
"5219",2008,105,0.479906936000508
"5220",2008,106,0.371484084645283
"5221",2008,107,0.34463491480741
"5222",2008,108,0.379302606354461
"5223",2008,109,0.407891923781926
"5224",2008,110,0.32863827083526
"5225",2008,111,0.241422196652306
"5226",2008,112,0.256422156662534
"5227",2008,113,0.31892882228263
"5228",2008,114,0.284198213383065
"5229",2008,115,0.328240604037612
"5230",2008,116,0.338023169377028
"5231",2008,117,0.330005519509995
"5232",2008,118,0.389602386201506
"5233",2008,119,0.451177556243137
"5234",2008,120,0.487834252125986
"5235",2008,121,0.419845379201177
"5236",2008,122,0.364301038822138
"5237",2008,123,0.38177214268349
"5238",2008,124,0.42291184357255
"5239",2008,125,0.451282592934197
"5240",2008,126,0.491526715576016
"5241",2008,127,0.476167313717015
"5242",2008,128,0.434504717790882
"5243",2008,129,0.440496559425692
"5244",2008,130,0.392009162110344
"5245",2008,131,0.404576525263469
"5246",2008,132,0.475474088960898
"5247",2008,133,0.432862474154178
"5248",2008,134,0.450564803286702
"5249",2008,135,0.498743752968857
"5250",2008,136,0.510357091737882
"5251",2008,137,0.572404401032807
"5252",2008,138,0.576843589424793
"5253",2008,139,0.606558162101658
"5254",2008,140,0.552831361408111
"5255",2008,141,0.582289300489826
"5256",2008,142,0.511714737762387
"5257",2008,143,0.48465975309302
"5258",2008,144,0.490701306679894
"5259",2008,145,0.476173502408646
"5260",2008,146,0.484265686767695
"5261",2008,147,0.455903157940614
"5262",2008,148,0.466179301325155
"5263",2008,149,0.523514222000895
"5264",2008,150,0.555949784699026
"5265",2008,151,0.565930886050169
"5266",2008,152,0.57284879926604
"5267",2008,153,0.57877400937352
"5268",2008,154,0.554023231181529
"5269",2008,155,0.530808010534583
"5270",2008,156,0.524842911207111
"5271",2008,157,0.540281734899444
"5272",2008,158,0.539916480542014
"5273",2008,159,0.516396696134048
"5274",2008,160,0.490556395918053
"5275",2008,161,0.539001365453249
"5276",2008,162,0.519199623767849
"5277",2008,163,0.473784477268389
"5278",2008,164,0.464439271981539
"5279",2008,165,0.564379620532373
"5280",2008,166,0.572237505478694
"5281",2008,167,0.566308843294784
"5282",2008,168,0.609248791294926
"5283",2008,169,0.654017766338553
"5284",2008,170,0.640211167692554
"5285",2008,171,0.629435401818144
"5286",2008,172,0.632937297109645
"5287",2008,173,0.664021858843176
"5288",2008,174,0.66305396348871
"5289",2008,175,0.631875309520393
"5290",2008,176,0.636560205542804
"5291",2008,177,0.650485544768833
"5292",2008,178,0.654853869415545
"5293",2008,179,0.606532484092309
"5294",2008,180,0.628976419497402
"5295",2008,181,0.668679915615845
"5296",2008,182,0.725882680689292
"5297",2008,183,0.69416948305176
"5298",2008,184,0.64870394536432
"5299",2008,185,0.686777582898813
"5300",2008,186,0.736816814381956
"5301",2008,187,0.681381796371054
"5302",2008,188,0.689848487739335
"5303",2008,189,0.65735908668012
"5304",2008,190,0.650520620153669
"5305",2008,191,0.694316468431567
"5306",2008,192,0.709066503856372
"5307",2008,193,0.615746327121028
"5308",2008,194,0.627547808113232
"5309",2008,195,0.667103401315226
"5310",2008,196,0.6908915879992
"5311",2008,197,0.669742341330405
"5312",2008,198,0.674220116441722
"5313",2008,199,0.644049272380074
"5314",2008,200,0.676944639949544
"5315",2008,201,0.646608049774731
"5316",2008,202,0.677133201695072
"5317",2008,203,0.714651639943656
"5318",2008,204,0.729354750093274
"5319",2008,205,0.674054019869351
"5320",2008,206,0.642863012249516
"5321",2008,207,0.65002024779477
"5322",2008,208,0.697225454630963
"5323",2008,209,0.680588448462552
"5324",2008,210,0.662894998378073
"5325",2008,211,0.67716371133824
"5326",2008,212,0.666493605867104
"5327",2008,213,0.638783038840179
"5328",2008,214,0.705136945112398
"5329",2008,215,0.651689748757117
"5330",2008,216,0.613844112115959
"5331",2008,217,0.596694947962672
"5332",2008,218,0.636405112732647
"5333",2008,219,0.636237620129699
"5334",2008,220,0.681817440958251
"5335",2008,221,0.699278312278154
"5336",2008,222,0.688504749614797
"5337",2008,223,0.658888734782015
"5338",2008,224,0.609722049248036
"5339",2008,225,0.586820196325939
"5340",2008,226,0.596750021590803
"5341",2008,227,0.556860971198512
"5342",2008,228,0.56768715739655
"5343",2008,229,0.615664303632492
"5344",2008,230,0.630559089690317
"5345",2008,231,0.640505948967574
"5346",2008,232,0.681255181997814
"5347",2008,233,0.625607511375564
"5348",2008,234,0.553002548363995
"5349",2008,235,0.495896658723913
"5350",2008,236,0.529067455861027
"5351",2008,237,0.589054848371145
"5352",2008,238,0.639530711249264
"5353",2008,239,0.517346637342115
"5354",2008,240,0.463990058199915
"5355",2008,241,0.492196660779849
"5356",2008,242,0.526074550682262
"5357",2008,243,0.552971885382076
"5358",2008,244,0.468367806340355
"5359",2008,245,0.368968214877545
"5360",2008,246,0.398043992609619
"5361",2008,247,0.408193588621732
"5362",2008,248,0.396249455811564
"5363",2008,249,0.391526157615355
"5364",2008,250,0.378204569248397
"5365",2008,251,0.359323386043964
"5366",2008,252,0.372788394540202
"5367",2008,253,0.409166330198067
"5368",2008,254,0.368917361403026
"5369",2008,255,0.384291913824119
"5370",2008,256,0.416289807720423
"5371",2008,257,0.363665370656471
"5372",2008,258,0.368830388739252
"5373",2008,259,0.409555700895334
"5374",2008,260,0.416604202995291
"5375",2008,261,0.405701161340071
"5376",2008,262,0.408185908854902
"5377",2008,263,0.414379837686226
"5378",2008,264,0.400498675202117
"5379",2008,265,0.379804986050795
"5380",2008,266,0.327826943710298
"5381",2008,267,0.272686196015979
"5382",2008,268,0.286380774975019
"5383",2008,269,0.325249602684794
"5384",2008,270,0.304057671432509
"5385",2008,271,0.314232127441386
"5386",2008,272,0.280548957216737
"5387",2008,273,0.280019769127771
"5388",2008,274,0.302494928401023
"5389",2008,275,0.303564700689971
"5390",2008,276,0.306037454509958
"5391",2008,277,0.297983956834571
"5392",2008,278,0.288518298112596
"5393",2008,279,0.253985068360245
"5394",2008,280,0.219859807127544
"5395",2008,281,0.225741043615526
"5396",2008,282,0.205257390035736
"5397",2008,283,0.166787747405826
"5398",2008,284,0.161013582257434
"5399",2008,285,0.145057068426669
"5400",2008,286,0.135272650617512
"5401",2008,287,0.135102989426124
"5402",2008,288,0.156918566087445
"5403",2008,289,0.146420987809238
"5404",2008,290,0.152020568834738
"5405",2008,291,0.182697895554489
"5406",2008,292,0.19186394736686
"5407",2008,293,0.152194884051123
"5408",2008,294,0.151807964186768
"5409",2008,295,0.144058594971456
"5410",2008,296,0.134806694573898
"5411",2008,297,0.144642729427888
"5412",2008,298,0.136115447824756
"5413",2008,299,0.132117201914571
"5414",2008,300,0.0985090463832009
"5415",2008,301,0.111356129815701
"5416",2008,302,0.138117869308208
"5417",2008,303,0.152996599233632
"5418",2008,304,0.134624955055209
"5419",2008,305,0.134627594947193
"5420",2008,306,0.152518409898604
"5421",2008,307,0.135822315245171
"5422",2008,308,0.122390680440741
"5423",2008,309,0.104860240640269
"5424",2008,310,0.0956337718064154
"5425",2008,311,0.0777340117231224
"5426",2008,312,0.0865624292483053
"5427",2008,313,0.0856092131098489
"5428",2008,314,0.0867725320539856
"5429",2008,315,0.0839604132730024
"5430",2008,316,0.0927895101340586
"5431",2008,317,0.0979895099421571
"5432",2008,318,0.0915562300413678
"5433",2008,319,0.0734916624618174
"5434",2008,320,0.0826359368153239
"5435",2008,321,0.073360841474148
"5436",2008,322,0.0734385251048791
"5437",2008,323,0.0982417265451491
"5438",2008,324,0.0702345517308584
"5439",2008,325,0.044652914205015
"5440",2008,326,0.0594909647118921
"5441",2008,327,0.0649418500485486
"5442",2008,328,0.0643860344092326
"5443",2008,329,0.0661910055550156
"5444",2008,330,0.0785371359506903
"5445",2008,331,0.0627543384705566
"5446",2008,332,0.0580004461416834
"5447",2008,333,0.0590869884287158
"5448",2008,334,0.0623882369432468
"5449",2008,335,0.0640016571815718
"5450",2008,336,0.0684472047060713
"5451",2008,337,0.057180052343724
"5452",2008,338,0.0369516797072558
"5453",2008,339,0.0305873729176121
"5454",2008,340,0.0444444896111422
"5455",2008,341,0.0569794288314367
"5456",2008,342,0.0586612401655119
"5457",2008,343,0.0383939071308661
"5458",2008,344,0.0407609106746745
"5459",2008,345,0.0600224146300504
"5460",2008,346,0.0465574758253562
"5461",2008,347,0.0435875836441414
"5462",2008,348,0.0253281233658025
"5463",2008,349,0.01
"5464",2008,350,0.01
"5465",2008,351,0.0126721398000387
"5466",2008,352,0.0206204129469713
"5467",2008,353,0.0151290783451527
"5468",2008,354,0.0134149270095975
"5469",2008,355,0.0121187358978473
"5470",2008,356,0.011599647015208
"5471",2008,357,0.0167569249725408
"5472",2008,358,0.0173399551447219
"5473",2008,359,0.0230625561963081
"5474",2008,360,0.0299062350520485
"5475",2008,361,0.0262088837123716
"5476",2008,362,0.0318710929367689
"5477",2008,363,0.0469113725262768
"5478",2008,364,0.0336323244732658
"5479",2008,365,0.0334823604624611
"5480",2009,1,0.0386632167511021
"5481",2009,2,0.0276680777862855
"5482",2009,3,0.0153436502433421
"5483",2009,4,0.0223238663753806
"5484",2009,5,0.037749316272507
"5485",2009,6,0.0446773720161589
"5486",2009,7,0.0427591947500429
"5487",2009,8,0.0481095075118912
"5488",2009,9,0.0365760486243029
"5489",2009,10,0.0477929887547935
"5490",2009,11,0.0531530982769064
"5491",2009,12,0.0433219868403555
"5492",2009,13,0.0493091594797025
"5493",2009,14,0.0307449485691262
"5494",2009,15,0.0427961460922601
"5495",2009,16,0.0697141092880559
"5496",2009,17,0.071825466973927
"5497",2009,18,0.0789728588027467
"5498",2009,19,0.0803940311965287
"5499",2009,20,0.0753484964144766
"5500",2009,21,0.0691856816098368
"5501",2009,22,0.0537762932529068
"5502",2009,23,0.0289852580850943
"5503",2009,24,0.0235095876524078
"5504",2009,25,0.0274017876358258
"5505",2009,26,0.024673413814781
"5506",2009,27,0.0469672918616351
"5507",2009,28,0.0719319591401605
"5508",2009,29,0.0786295471519761
"5509",2009,30,0.107385162115531
"5510",2009,31,0.10176629391758
"5511",2009,32,0.0785234520136873
"5512",2009,33,0.0759425561795613
"5513",2009,34,0.100841236817685
"5514",2009,35,0.118735323117813
"5515",2009,36,0.127326392234414
"5516",2009,37,0.117654534826632
"5517",2009,38,0.108801061085842
"5518",2009,39,0.113827118340802
"5519",2009,40,0.112842838543013
"5520",2009,41,0.10778977967695
"5521",2009,42,0.0980986498585164
"5522",2009,43,0.0898117955467269
"5523",2009,44,0.0850340961088003
"5524",2009,45,0.0764398984371574
"5525",2009,46,0.0813598512632531
"5526",2009,47,0.0885757161244151
"5527",2009,48,0.0822972680816681
"5528",2009,49,0.0943983080448071
"5529",2009,50,0.120587747166489
"5530",2009,51,0.104199606855831
"5531",2009,52,0.111725523271295
"5532",2009,53,0.118608540604646
"5533",2009,54,0.139304475549103
"5534",2009,55,0.123195927254296
"5535",2009,56,0.0829025606518494
"5536",2009,57,0.0603767355261244
"5537",2009,58,0.0679023460612763
"5538",2009,59,0.0776070853580536
"5539",2009,60,0.116413476715565
"5540",2009,61,0.177391600583895
"5541",2009,62,0.193914463415475
"5542",2009,63,0.189601429817351
"5543",2009,64,0.147411083685615
"5544",2009,65,0.102726641043779
"5545",2009,66,0.148945012386676
"5546",2009,67,0.126447116251192
"5547",2009,68,0.0717978509137647
"5548",2009,69,0.0513586745460635
"5549",2009,70,0.073681106138543
"5550",2009,71,0.123769907601835
"5551",2009,72,0.19629197672047
"5552",2009,73,0.239781799540631
"5553",2009,74,0.236949646635852
"5554",2009,75,0.21062083387725
"5555",2009,76,0.215649603223548
"5556",2009,77,0.209843895314454
"5557",2009,78,0.240178976889661
"5558",2009,79,0.269445498365703
"5559",2009,80,0.282645164541922
"5560",2009,81,0.236791551364353
"5561",2009,82,0.199157766270499
"5562",2009,83,0.190671209670146
"5563",2009,84,0.164659947322813
"5564",2009,85,0.178492074979977
"5565",2009,86,0.22139745376226
"5566",2009,87,0.249412543045105
"5567",2009,88,0.217175281226544
"5568",2009,89,0.213295743747535
"5569",2009,90,0.246257368536738
"5570",2009,91,0.253505844344387
"5571",2009,92,0.267926982974954
"5572",2009,93,0.266495095757784
"5573",2009,94,0.243011772745174
"5574",2009,95,0.258523393017617
"5575",2009,96,0.308166510057984
"5576",2009,97,0.337928545087608
"5577",2009,98,0.331203868380813
"5578",2009,99,0.288330953161027
"5579",2009,100,0.356158912259035
"5580",2009,101,0.37110447152473
"5581",2009,102,0.378465949368613
"5582",2009,103,0.387214207445446
"5583",2009,104,0.324738551926128
"5584",2009,105,0.2868488251291
"5585",2009,106,0.324829258329836
"5586",2009,107,0.343386902450199
"5587",2009,108,0.374756780890488
"5588",2009,109,0.387325635844472
"5589",2009,110,0.423907589838981
"5590",2009,111,0.464223431939713
"5591",2009,112,0.464829876831155
"5592",2009,113,0.359930814583625
"5593",2009,114,0.317989837453262
"5594",2009,115,0.354091989919976
"5595",2009,116,0.36650080255281
"5596",2009,117,0.359832369519053
"5597",2009,118,0.36542446410058
"5598",2009,119,0.32983802747476
"5599",2009,120,0.341474503597158
"5600",2009,121,0.360558121033571
"5601",2009,122,0.394923691049307
"5602",2009,123,0.413209275027925
"5603",2009,124,0.416334672348915
"5604",2009,125,0.467644759102614
"5605",2009,126,0.449742255130686
"5606",2009,127,0.445807466764882
"5607",2009,128,0.425762893669573
"5608",2009,129,0.434504111669902
"5609",2009,130,0.430632816960529
"5610",2009,131,0.464701236866311
"5611",2009,132,0.452455500121499
"5612",2009,133,0.391973944193294
"5613",2009,134,0.460008773415929
"5614",2009,135,0.421413704474422
"5615",2009,136,0.464315679411535
"5616",2009,137,0.541894894108229
"5617",2009,138,0.517864546127863
"5618",2009,139,0.51653366945999
"5619",2009,140,0.4851054583962
"5620",2009,141,0.469335471507759
"5621",2009,142,0.48686099909552
"5622",2009,143,0.512394236835237
"5623",2009,144,0.544247220992998
"5624",2009,145,0.551864759682506
"5625",2009,146,0.547388185747775
"5626",2009,147,0.578188282708302
"5627",2009,148,0.579616480545037
"5628",2009,149,0.594861265607704
"5629",2009,150,0.618286863907734
"5630",2009,151,0.606557458537383
"5631",2009,152,0.520122649014748
"5632",2009,153,0.485803600432134
"5633",2009,154,0.515374676440707
"5634",2009,155,0.577754005758641
"5635",2009,156,0.516005726243122
"5636",2009,157,0.450851197870966
"5637",2009,158,0.451934738027245
"5638",2009,159,0.467335275163686
"5639",2009,160,0.487086045821753
"5640",2009,161,0.507248004270039
"5641",2009,162,0.553410700110714
"5642",2009,163,0.589985176377504
"5643",2009,164,0.625706659208921
"5644",2009,165,0.62972452121823
"5645",2009,166,0.613163321874722
"5646",2009,167,0.62767165448416
"5647",2009,168,0.656796254714938
"5648",2009,169,0.623484266518443
"5649",2009,170,0.633684240753014
"5650",2009,171,0.648070988924785
"5651",2009,172,0.609627106878385
"5652",2009,173,0.598733254905889
"5653",2009,174,0.602822505355345
"5654",2009,175,0.648107789291165
"5655",2009,176,0.713161344868662
"5656",2009,177,0.653109770824992
"5657",2009,178,0.627209188895113
"5658",2009,179,0.671792671809771
"5659",2009,180,0.693015376732045
"5660",2009,181,0.691525422867067
"5661",2009,182,0.663630386235996
"5662",2009,183,0.645176809942663
"5663",2009,184,0.66738728248859
"5664",2009,185,0.651885562902077
"5665",2009,186,0.683066616488596
"5666",2009,187,0.66774263172961
"5667",2009,188,0.653580183684709
"5668",2009,189,0.626910334157881
"5669",2009,190,0.616486875516589
"5670",2009,191,0.6492992311176
"5671",2009,192,0.666451544685845
"5672",2009,193,0.673416406432394
"5673",2009,194,0.685746146930832
"5674",2009,195,0.630068602453071
"5675",2009,196,0.62044639019891
"5676",2009,197,0.652491523532948
"5677",2009,198,0.698133799582436
"5678",2009,199,0.72844246639734
"5679",2009,200,0.731645847149867
"5680",2009,201,0.649437337116108
"5681",2009,202,0.656771205047355
"5682",2009,203,0.693299014677786
"5683",2009,204,0.736933001556261
"5684",2009,205,0.705917553029468
"5685",2009,206,0.729850119517072
"5686",2009,207,0.719257310273435
"5687",2009,208,0.649685853605819
"5688",2009,209,0.609141015458989
"5689",2009,210,0.580648453738005
"5690",2009,211,0.598537294443329
"5691",2009,212,0.595514608933142
"5692",2009,213,0.632290369766409
"5693",2009,214,0.65332905196709
"5694",2009,215,0.613505168877454
"5695",2009,216,0.587692036866773
"5696",2009,217,0.587499629678521
"5697",2009,218,0.624102129432976
"5698",2009,219,0.596117333353127
"5699",2009,220,0.565903151048036
"5700",2009,221,0.594172429411501
"5701",2009,222,0.635757789269044
"5702",2009,223,0.671559299970437
"5703",2009,224,0.657996262996219
"5704",2009,225,0.619964549801447
"5705",2009,226,0.556129131039044
"5706",2009,227,0.535590672593892
"5707",2009,228,0.515847270563142
"5708",2009,229,0.545964218941157
"5709",2009,230,0.569337034896308
"5710",2009,231,0.535070774286563
"5711",2009,232,0.533166473022508
"5712",2009,233,0.558982437965084
"5713",2009,234,0.61402497298277
"5714",2009,235,0.586137599838105
"5715",2009,236,0.547460282500182
"5716",2009,237,0.569679415302225
"5717",2009,238,0.585530567259631
"5718",2009,239,0.555815736210619
"5719",2009,240,0.49937136390927
"5720",2009,241,0.491907971845926
"5721",2009,242,0.499097390344891
"5722",2009,243,0.525257638555635
"5723",2009,244,0.53547533785502
"5724",2009,245,0.549539236191109
"5725",2009,246,0.551508250954612
"5726",2009,247,0.539568078778257
"5727",2009,248,0.523559373127528
"5728",2009,249,0.543513451982654
"5729",2009,250,0.457220742140612
"5730",2009,251,0.427902200671074
"5731",2009,252,0.442291945218924
"5732",2009,253,0.439542384131726
"5733",2009,254,0.397962326336214
"5734",2009,255,0.397470978383306
"5735",2009,256,0.39855224888862
"5736",2009,257,0.429556795360743
"5737",2009,258,0.446567462974023
"5738",2009,259,0.447724045722685
"5739",2009,260,0.474782404098044
"5740",2009,261,0.445701978459997
"5741",2009,262,0.45722636490608
"5742",2009,263,0.366217610338956
"5743",2009,264,0.320583364244139
"5744",2009,265,0.341936434368516
"5745",2009,266,0.380396094814569
"5746",2009,267,0.393785416776908
"5747",2009,268,0.352132601584205
"5748",2009,269,0.348317995322399
"5749",2009,270,0.273221607521557
"5750",2009,271,0.261257971700816
"5751",2009,272,0.279767668668857
"5752",2009,273,0.246680273961645
"5753",2009,274,0.236678923209915
"5754",2009,275,0.219236533889676
"5755",2009,276,0.201285650472319
"5756",2009,277,0.198452806067955
"5757",2009,278,0.190465253959416
"5758",2009,279,0.200077740224068
"5759",2009,280,0.178766319919885
"5760",2009,281,0.161989631680402
"5761",2009,282,0.13014056346597
"5762",2009,283,0.121262007070834
"5763",2009,284,0.119293947514372
"5764",2009,285,0.123865646751894
"5765",2009,286,0.132906896104765
"5766",2009,287,0.143254409786382
"5767",2009,288,0.155069343893822
"5768",2009,289,0.166854772851837
"5769",2009,290,0.1996027799341
"5770",2009,291,0.181126898111918
"5771",2009,292,0.135815646993217
"5772",2009,293,0.132182836376785
"5773",2009,294,0.139133236874921
"5774",2009,295,0.144504998277782
"5775",2009,296,0.144666359431878
"5776",2009,297,0.137291877565888
"5777",2009,298,0.129513232556796
"5778",2009,299,0.13271259253928
"5779",2009,300,0.125497285405057
"5780",2009,301,0.112090492133085
"5781",2009,302,0.1056396311918
"5782",2009,303,0.112764490306467
"5783",2009,304,0.137418982472448
"5784",2009,305,0.113346461709928
"5785",2009,306,0.10763622096408
"5786",2009,307,0.1042555285487
"5787",2009,308,0.10179138832072
"5788",2009,309,0.119147640580454
"5789",2009,310,0.121742068206411
"5790",2009,311,0.102186525201818
"5791",2009,312,0.0994152049093466
"5792",2009,313,0.0946098775650808
"5793",2009,314,0.106098661293347
"5794",2009,315,0.0892353694013695
"5795",2009,316,0.0764103969823249
"5796",2009,317,0.0723975884631842
"5797",2009,318,0.0723363598096378
"5798",2009,319,0.0710495863445675
"5799",2009,320,0.0859580836455592
"5800",2009,321,0.0998990081422285
"5801",2009,322,0.0808182363808954
"5802",2009,323,0.0757852813025491
"5803",2009,324,0.0870021792687969
"5804",2009,325,0.0770368937878626
"5805",2009,326,0.0642872277181444
"5806",2009,327,0.0709445168068857
"5807",2009,328,0.0693903985611853
"5808",2009,329,0.0645950864865152
"5809",2009,330,0.0797393597077604
"5810",2009,331,0.0699233743350115
"5811",2009,332,0.059037524953842
"5812",2009,333,0.0630055371814778
"5813",2009,334,0.0727213588980938
"5814",2009,335,0.0465653594186185
"5815",2009,336,0.034149694427819
"5816",2009,337,0.0300178583669717
"5817",2009,338,0.0321803344797052
"5818",2009,339,0.0276956172343502
"5819",2009,340,0.0196536001484886
"5820",2009,341,0.0143768819178235
"5821",2009,342,0.0143804021252193
"5822",2009,343,0.0161339059989315
"5823",2009,344,0.0253746859746678
"5824",2009,345,0.029037424787236
"5825",2009,346,0.0167559985965621
"5826",2009,347,0.0114008183481723
"5827",2009,348,0.0111281837601128
"5828",2009,349,0.019056765248331
"5829",2009,350,0.0399399072099455
"5830",2009,351,0.043522575354404
"5831",2009,352,0.0440504712244608
"5832",2009,353,0.0412410440765215
"5833",2009,354,0.0380929433585675
"5834",2009,355,0.033712519387043
"5835",2009,356,0.032261084642651
"5836",2009,357,0.0205906529836739
"5837",2009,358,0.0141875649455475
"5838",2009,359,0.014062835166687
"5839",2009,360,0.021548181018285
"5840",2009,361,0.0235258427551022
"5841",2009,362,0.0289564703422376
"5842",2009,363,0.032195211382023
"5843",2009,364,0.0235235079421642
"5844",2009,365,0.020229479702482
"5845",2010,1,0.023276462040149
"5846",2010,2,0.0390640141837582
"5847",2010,3,0.0292381945034277
"5848",2010,4,0.0264591708431053
"5849",2010,5,0.0280057421122657
"5850",2010,6,0.016126408731185
"5851",2010,7,0.0125719723514556
"5852",2010,8,0.0223720477375795
"5853",2010,9,0.0445740455850259
"5854",2010,10,0.0632269965705336
"5855",2010,11,0.0609629877689374
"5856",2010,12,0.0740841344726324
"5857",2010,13,0.0720633935539328
"5858",2010,14,0.0659639274216205
"5859",2010,15,0.073118571628326
"5860",2010,16,0.0744558138074762
"5861",2010,17,0.0609696722564835
"5862",2010,18,0.0696300458212703
"5863",2010,19,0.0653182151355725
"5864",2010,20,0.0621436817400154
"5865",2010,21,0.0546387911747056
"5866",2010,22,0.0573294420793736
"5867",2010,23,0.058525266247151
"5868",2010,24,0.0555188278664244
"5869",2010,25,0.0418443373497379
"5870",2010,26,0.0404421016058867
"5871",2010,27,0.0377514551936522
"5872",2010,28,0.0391585147681001
"5873",2010,29,0.0467389608490893
"5874",2010,30,0.0474141283708745
"5875",2010,31,0.0453037408856437
"5876",2010,32,0.0490670540542044
"5877",2010,33,0.0621937368973486
"5878",2010,34,0.0705696728995654
"5879",2010,35,0.0640346537648227
"5880",2010,36,0.0727156428340537
"5881",2010,37,0.0807303028374739
"5882",2010,38,0.0641757126037166
"5883",2010,39,0.0335109242148059
"5884",2010,40,0.0473847801743031
"5885",2010,41,0.0765883302566023
"5886",2010,42,0.0833861497596141
"5887",2010,43,0.0910736507143407
"5888",2010,44,0.062093183075162
"5889",2010,45,0.0483983677863296
"5890",2010,46,0.0697322325651781
"5891",2010,47,0.0971494561123927
"5892",2010,48,0.106731130906451
"5893",2010,49,0.0974703102201067
"5894",2010,50,0.0997655651049911
"5895",2010,51,0.0975866636101126
"5896",2010,52,0.0815083961651683
"5897",2010,53,0.0791438934096902
"5898",2010,54,0.0964157792759289
"5899",2010,55,0.12234248608225
"5900",2010,56,0.148624780841967
"5901",2010,57,0.149675022711869
"5902",2010,58,0.136491596031341
"5903",2010,59,0.134235595882945
"5904",2010,60,0.138981066871807
"5905",2010,61,0.148012138519797
"5906",2010,62,0.150522570245219
"5907",2010,63,0.152850912056386
"5908",2010,64,0.14823031876896
"5909",2010,65,0.160415995191593
"5910",2010,66,0.168820382656953
"5911",2010,67,0.182137613179787
"5912",2010,68,0.157356841597825
"5913",2010,69,0.159025156697555
"5914",2010,70,0.175926754962845
"5915",2010,71,0.202610345973153
"5916",2010,72,0.212120312582523
"5917",2010,73,0.184499336036986
"5918",2010,74,0.203914111965287
"5919",2010,75,0.238321995441458
"5920",2010,76,0.254270506612839
"5921",2010,77,0.211599835752755
"5922",2010,78,0.183276840410235
"5923",2010,79,0.216636824633293
"5924",2010,80,0.263714813042923
"5925",2010,81,0.252633377997946
"5926",2010,82,0.238478954193855
"5927",2010,83,0.249625278017118
"5928",2010,84,0.241282297301483
"5929",2010,85,0.252954301635016
"5930",2010,86,0.271638094832396
"5931",2010,87,0.3036317606528
"5932",2010,88,0.333486695309561
"5933",2010,89,0.306771805517772
"5934",2010,90,0.282347517169932
"5935",2010,91,0.269418290845561
"5936",2010,92,0.28772977364857
"5937",2010,93,0.292587043392727
"5938",2010,94,0.281642017806776
"5939",2010,95,0.297520055675027
"5940",2010,96,0.303524756066666
"5941",2010,97,0.324009640313876
"5942",2010,98,0.337216808692628
"5943",2010,99,0.300344507155547
"5944",2010,100,0.295456235746277
"5945",2010,101,0.289801302451935
"5946",2010,102,0.302167276576772
"5947",2010,103,0.295890232675443
"5948",2010,104,0.313739478613151
"5949",2010,105,0.36461813995471
"5950",2010,106,0.37958831426768
"5951",2010,107,0.408529185229672
"5952",2010,108,0.430936487536603
"5953",2010,109,0.438412339930889
"5954",2010,110,0.431420127311023
"5955",2010,111,0.437384825164078
"5956",2010,112,0.443370605234381
"5957",2010,113,0.398628705237201
"5958",2010,114,0.408008139538887
"5959",2010,115,0.345434885452661
"5960",2010,116,0.339950752256909
"5961",2010,117,0.403760322515278
"5962",2010,118,0.420967838204547
"5963",2010,119,0.357612417172166
"5964",2010,120,0.357836341228667
"5965",2010,121,0.371249311713096
"5966",2010,122,0.378029011633765
"5967",2010,123,0.435439135224968
"5968",2010,124,0.362176961011402
"5969",2010,125,0.335119262440191
"5970",2010,126,0.337527876561869
"5971",2010,127,0.361755301011303
"5972",2010,128,0.381683221389568
"5973",2010,129,0.416719443071365
"5974",2010,130,0.418364959829934
"5975",2010,131,0.415593147217576
"5976",2010,132,0.427825366383636
"5977",2010,133,0.456080386464715
"5978",2010,134,0.502465598719212
"5979",2010,135,0.538965160266121
"5980",2010,136,0.548226334833583
"5981",2010,137,0.571153028047578
"5982",2010,138,0.587022135430042
"5983",2010,139,0.571923459782219
"5984",2010,140,0.542074731961136
"5985",2010,141,0.485227754074469
"5986",2010,142,0.447172276368866
"5987",2010,143,0.465472146320697
"5988",2010,144,0.448323160691977
"5989",2010,145,0.476208405967598
"5990",2010,146,0.510774388688874
"5991",2010,147,0.51012475635101
"5992",2010,148,0.468302821803203
"5993",2010,149,0.461396876972806
"5994",2010,150,0.48705494464428
"5995",2010,151,0.505417713689955
"5996",2010,152,0.504651964314159
"5997",2010,153,0.557896300593589
"5998",2010,154,0.583258064440547
"5999",2010,155,0.551270895245424
"6000",2010,156,0.562754765962926
"6001",2010,157,0.567710329178164
"6002",2010,158,0.593433892963911
"6003",2010,159,0.557635252891307
"6004",2010,160,0.553760630453424
"6005",2010,161,0.562676785399298
"6006",2010,162,0.531215419687559
"6007",2010,163,0.542565514859968
"6008",2010,164,0.564030197048042
"6009",2010,165,0.584486048841832
"6010",2010,166,0.601042815343519
"6011",2010,167,0.61134765467745
"6012",2010,168,0.518509939757823
"6013",2010,169,0.517046434264075
"6014",2010,170,0.563228436024953
"6015",2010,171,0.610279278646792
"6016",2010,172,0.601242544174608
"6017",2010,173,0.598673214193841
"6018",2010,174,0.629199187594142
"6019",2010,175,0.669781430539529
"6020",2010,176,0.675602736288273
"6021",2010,177,0.66085945111107
"6022",2010,178,0.646446137102326
"6023",2010,179,0.686316260696131
"6024",2010,180,0.728999998840731
"6025",2010,181,0.704487792857033
"6026",2010,182,0.672945886717975
"6027",2010,183,0.667484210796352
"6028",2010,184,0.610245156599329
"6029",2010,185,0.615963905966215
"6030",2010,186,0.602342321060391
"6031",2010,187,0.581810597823093
"6032",2010,188,0.615881467158914
"6033",2010,189,0.653037809627473
"6034",2010,190,0.702402358891959
"6035",2010,191,0.702217858819954
"6036",2010,192,0.639751032228321
"6037",2010,193,0.696736204347141
"6038",2010,194,0.614842934907053
"6039",2010,195,0.620029428952243
"6040",2010,196,0.664602967743681
"6041",2010,197,0.71222194771363
"6042",2010,198,0.67749934140872
"6043",2010,199,0.671482892323578
"6044",2010,200,0.615084155313094
"6045",2010,201,0.625262633457138
"6046",2010,202,0.606645860360781
"6047",2010,203,0.642967959708239
"6048",2010,204,0.620070778128631
"6049",2010,205,0.63953715968399
"6050",2010,206,0.693945936675607
"6051",2010,207,0.691849010665088
"6052",2010,208,0.640192756862619
"6053",2010,209,0.673638748633895
"6054",2010,210,0.704557116884862
"6055",2010,211,0.692868999156006
"6056",2010,212,0.714220678703575
"6057",2010,213,0.666290107328073
"6058",2010,214,0.649920029980391
"6059",2010,215,0.611281145782243
"6060",2010,216,0.603668324410488
"6061",2010,217,0.632560454806674
"6062",2010,218,0.67733386769224
"6063",2010,219,0.66149552375594
"6064",2010,220,0.671287969638129
"6065",2010,221,0.653278458749808
"6066",2010,222,0.644689657193018
"6067",2010,223,0.656602543507069
"6068",2010,224,0.614383873578147
"6069",2010,225,0.558365642967052
"6070",2010,226,0.56166677544561
"6071",2010,227,0.559936820811324
"6072",2010,228,0.583347971525296
"6073",2010,229,0.601911625757292
"6074",2010,230,0.600602544735996
"6075",2010,231,0.6403056152857
"6076",2010,232,0.611033274305446
"6077",2010,233,0.64486568074653
"6078",2010,234,0.609871209439229
"6079",2010,235,0.520379897237054
"6080",2010,236,0.506824381998256
"6081",2010,237,0.564808295240192
"6082",2010,238,0.615595385980451
"6083",2010,239,0.557274685233035
"6084",2010,240,0.496956669218517
"6085",2010,241,0.453064495057715
"6086",2010,242,0.417938288081182
"6087",2010,243,0.444158366283253
"6088",2010,244,0.448898333075741
"6089",2010,245,0.443317807213525
"6090",2010,246,0.466442902771386
"6091",2010,247,0.480528620576024
"6092",2010,248,0.411001708643298
"6093",2010,249,0.399267999562633
"6094",2010,250,0.410989711486917
"6095",2010,251,0.422533401287766
"6096",2010,252,0.394253160625082
"6097",2010,253,0.397905550933636
"6098",2010,254,0.398658294057702
"6099",2010,255,0.396747914768235
"6100",2010,256,0.398907527246398
"6101",2010,257,0.363918808417392
"6102",2010,258,0.366520894493126
"6103",2010,259,0.357590435108972
"6104",2010,260,0.28080153825331
"6105",2010,261,0.27502326826306
"6106",2010,262,0.320710704915478
"6107",2010,263,0.323123877539572
"6108",2010,264,0.289040533510808
"6109",2010,265,0.273291370794438
"6110",2010,266,0.307164613378134
"6111",2010,267,0.31044307440231
"6112",2010,268,0.3230850066058
"6113",2010,269,0.379553278037169
"6114",2010,270,0.335644968843844
"6115",2010,271,0.363338908378342
"6116",2010,272,0.308300258723172
"6117",2010,273,0.30785520678508
"6118",2010,274,0.267608422076383
"6119",2010,275,0.287741415381377
"6120",2010,276,0.303002045554224
"6121",2010,277,0.29620513621983
"6122",2010,278,0.24963141640611
"6123",2010,279,0.245662136804792
"6124",2010,280,0.280602111736714
"6125",2010,281,0.244822675593
"6126",2010,282,0.244462971827216
"6127",2010,283,0.241793536729589
"6128",2010,284,0.206860340266524
"6129",2010,285,0.188009931718865
"6130",2010,286,0.192127884207577
"6131",2010,287,0.210741717356725
"6132",2010,288,0.185368981648046
"6133",2010,289,0.148345694294848
"6134",2010,290,0.15516031987597
"6135",2010,291,0.155667018791051
"6136",2010,292,0.167611442715002
"6137",2010,293,0.170802103516375
"6138",2010,294,0.176897929898065
"6139",2010,295,0.165184522780606
"6140",2010,296,0.153767323869589
"6141",2010,297,0.147181522806324
"6142",2010,298,0.133798433475911
"6143",2010,299,0.114743470909561
"6144",2010,300,0.118194213880082
"6145",2010,301,0.116276887298542
"6146",2010,302,0.132229578050712
"6147",2010,303,0.12147358375313
"6148",2010,304,0.136436463680202
"6149",2010,305,0.129998133101089
"6150",2010,306,0.137731694517337
"6151",2010,307,0.11555123838738
"6152",2010,308,0.112590991203959
"6153",2010,309,0.132684271358374
"6154",2010,310,0.139630156595397
"6155",2010,311,0.131427118434012
"6156",2010,312,0.0997722091182341
"6157",2010,313,0.0850404039655523
"6158",2010,314,0.0740409550057249
"6159",2010,315,0.0773014729296946
"6160",2010,316,0.0824435922873174
"6161",2010,317,0.0809579546545988
"6162",2010,318,0.0829894019808415
"6163",2010,319,0.0803992635282362
"6164",2010,320,0.0626307825803879
"6165",2010,321,0.046207932477353
"6166",2010,322,0.0507796634119926
"6167",2010,323,0.0302940600886919
"6168",2010,324,0.0303787533446723
"6169",2010,325,0.0228556424020927
"6170",2010,326,0.0216388441333056
"6171",2010,327,0.0186069046509641
"6172",2010,328,0.0202279434196861
"6173",2010,329,0.0338866264651277
"6174",2010,330,0.0519049136803101
"6175",2010,331,0.0506287084041783
"6176",2010,332,0.0433254495334573
"6177",2010,333,0.0375487691149209
"6178",2010,334,0.0319439904353427
"6179",2010,335,0.0475282118934138
"6180",2010,336,0.0408631733301912
"6181",2010,337,0.036045878982447
"6182",2010,338,0.0353037481536939
"6183",2010,339,0.032192210669831
"6184",2010,340,0.0279866567370575
"6185",2010,341,0.0311032961687644
"6186",2010,342,0.0460907151628115
"6187",2010,343,0.0570402162242962
"6188",2010,344,0.0365184880042492
"6189",2010,345,0.0236304593443579
"6190",2010,346,0.0344066879937952
"6191",2010,347,0.0515362512296728
"6192",2010,348,0.0509828251533282
"6193",2010,349,0.0426245709713978
"6194",2010,350,0.0310014297464748
"6195",2010,351,0.0284748125042732
"6196",2010,352,0.0234339817189858
"6197",2010,353,0.0222909955807244
"6198",2010,354,0.0212329033343278
"6199",2010,355,0.0206299463968687
"6200",2010,356,0.0261003680866333
"6201",2010,357,0.0278509849526661
"6202",2010,358,0.0306440399646383
"6203",2010,359,0.0385023431205415
"6204",2010,360,0.0449172174753787
"6205",2010,361,0.0444247321147051
"6206",2010,362,0.0445367817249572
"6207",2010,363,0.0365878711325952
"6208",2010,364,0.0194817977424198
"6209",2010,365,0.0166519680631313
"6210",2010,366,0.0491604760180032
"6211",2011,1,0.0198821058064839
"6212",2011,2,0.0346726815513241
"6213",2011,3,0.0331232422868049
"6214",2011,4,0.0392070836277963
"6215",2011,5,0.0597977511164542
"6216",2011,6,0.0647761722829162
"6217",2011,7,0.0488434293488944
"6218",2011,8,0.0447339042375726
"6219",2011,9,0.0271660821965467
"6220",2011,10,0.0223686100590154
"6221",2011,11,0.0214960097182573
"6222",2011,12,0.0292733102820387
"6223",2011,13,0.0312407141506303
"6224",2011,14,0.0271034607100254
"6225",2011,15,0.0274714804329406
"6226",2011,16,0.0420845273617556
"6227",2011,17,0.0324576182750474
"6228",2011,18,0.031715267476966
"6229",2011,19,0.0352823920731407
"6230",2011,20,0.0427865774681407
"6231",2011,21,0.0639854283936344
"6232",2011,22,0.0661582966367292
"6233",2011,23,0.0729280658566011
"6234",2011,24,0.0684100524852403
"6235",2011,25,0.0846051952934563
"6236",2011,26,0.087567434788569
"6237",2011,27,0.0989342294674168
"6238",2011,28,0.0917136267084493
"6239",2011,29,0.0555881283390681
"6240",2011,30,0.0299611347339285
"6241",2011,31,0.0188846995637166
"6242",2011,32,0.0224035418906556
"6243",2011,33,0.0465509000201544
"6244",2011,34,0.0919939568743067
"6245",2011,35,0.113478002738602
"6246",2011,36,0.104282188809678
"6247",2011,37,0.0748196833353956
"6248",2011,38,0.0410065349644332
"6249",2011,39,0.0348355897652406
"6250",2011,40,0.0558558098776737
"6251",2011,41,0.0962510482268278
"6252",2011,42,0.133890929871897
"6253",2011,43,0.145736788847648
"6254",2011,44,0.139576796485467
"6255",2011,45,0.140218816893146
"6256",2011,46,0.153123105994358
"6257",2011,47,0.13200130057699
"6258",2011,48,0.078157173167462
"6259",2011,49,0.0506196646382123
"6260",2011,50,0.0456301958309815
"6261",2011,51,0.0461360857221593
"6262",2011,52,0.0620252155616168
"6263",2011,53,0.0941924161607256
"6264",2011,54,0.0662502172248731
"6265",2011,55,0.0443782002018482
"6266",2011,56,0.0358745871100327
"6267",2011,57,0.0602154724515995
"6268",2011,58,0.115017632894806
"6269",2011,59,0.115080372587059
"6270",2011,60,0.0575606300306892
"6271",2011,61,0.0632922241833493
"6272",2011,62,0.0913215980589305
"6273",2011,63,0.0854279294625208
"6274",2011,64,0.0807999944014358
"6275",2011,65,0.0784238470725587
"6276",2011,66,0.0763435715177332
"6277",2011,67,0.0969247939012709
"6278",2011,68,0.145640519668675
"6279",2011,69,0.193013322109824
"6280",2011,70,0.155529433136212
"6281",2011,71,0.136929925738789
"6282",2011,72,0.186009259206349
"6283",2011,73,0.208773997279052
"6284",2011,74,0.212130748494029
"6285",2011,75,0.218710696739978
"6286",2011,76,0.211269262491262
"6287",2011,77,0.205110002283076
"6288",2011,78,0.193520990566534
"6289",2011,79,0.21473105222607
"6290",2011,80,0.206332200759788
"6291",2011,81,0.191139109719808
"6292",2011,82,0.179976458522662
"6293",2011,83,0.163996572652988
"6294",2011,84,0.178487222301159
"6295",2011,85,0.196200454783615
"6296",2011,86,0.204324996039683
"6297",2011,87,0.209709869184073
"6298",2011,88,0.241552874739931
"6299",2011,89,0.256390312011489
"6300",2011,90,0.267025453423102
"6301",2011,91,0.271579989545639
"6302",2011,92,0.264211625195826
"6303",2011,93,0.24916808617173
"6304",2011,94,0.262438790446924
"6305",2011,95,0.290868890459762
"6306",2011,96,0.297084892942058
"6307",2011,97,0.292486021305744
"6308",2011,98,0.27804332889102
"6309",2011,99,0.309784177479035
"6310",2011,100,0.324571429252788
"6311",2011,101,0.370429640160212
"6312",2011,102,0.329980569230298
"6313",2011,103,0.330520704615489
"6314",2011,104,0.301628234718049
"6315",2011,105,0.324224964854404
"6316",2011,106,0.324399314711043
"6317",2011,107,0.300658132898822
"6318",2011,108,0.295172299394541
"6319",2011,109,0.31319541069005
"6320",2011,110,0.335893219041641
"6321",2011,111,0.36285435203001
"6322",2011,112,0.343969536091025
"6323",2011,113,0.359033542194254
"6324",2011,114,0.398193144674142
"6325",2011,115,0.416058045651663
"6326",2011,116,0.395982479749606
"6327",2011,117,0.403492813712407
"6328",2011,118,0.391042620048899
"6329",2011,119,0.356365534622594
"6330",2011,120,0.376381614296795
"6331",2011,121,0.399036956754686
"6332",2011,122,0.413655385407897
"6333",2011,123,0.424711849387418
"6334",2011,124,0.425222585793109
"6335",2011,125,0.441347345963141
"6336",2011,126,0.444783241493653
"6337",2011,127,0.445627455632022
"6338",2011,128,0.434143037109591
"6339",2011,129,0.418336336118392
"6340",2011,130,0.424856090039582
"6341",2011,131,0.437005868937358
"6342",2011,132,0.457048398889217
"6343",2011,133,0.444246277482178
"6344",2011,134,0.430550024887748
"6345",2011,135,0.463394549823811
"6346",2011,136,0.491282910795212
"6347",2011,137,0.46507681776942
"6348",2011,138,0.451704167867236
"6349",2011,139,0.470951084907936
"6350",2011,140,0.488066518795767
"6351",2011,141,0.502149253805027
"6352",2011,142,0.535054909062539
"6353",2011,143,0.548742280245339
"6354",2011,144,0.504868018920811
"6355",2011,145,0.505889545196079
"6356",2011,146,0.496022685101928
"6357",2011,147,0.458423270735225
"6358",2011,148,0.473690309847901
"6359",2011,149,0.466012990487617
"6360",2011,150,0.457786426917448
"6361",2011,151,0.505741595449936
"6362",2011,152,0.538398142272621
"6363",2011,153,0.54801300622335
"6364",2011,154,0.520559049323894
"6365",2011,155,0.559755118887651
"6366",2011,156,0.597063155488256
"6367",2011,157,0.599663757604612
"6368",2011,158,0.515337985234249
"6369",2011,159,0.503236614974653
"6370",2011,160,0.481678055499348
"6371",2011,161,0.514524440606802
"6372",2011,162,0.563101592845154
"6373",2011,163,0.55076151025493
"6374",2011,164,0.584917756541853
"6375",2011,165,0.57386404937134
"6376",2011,166,0.568396299530435
"6377",2011,167,0.569682082911938
"6378",2011,168,0.567532111115151
"6379",2011,169,0.589613648063756
"6380",2011,170,0.586606290972904
"6381",2011,171,0.598605633659503
"6382",2011,172,0.612422067766191
"6383",2011,173,0.639609468222029
"6384",2011,174,0.661039069535005
"6385",2011,175,0.622354915128035
"6386",2011,176,0.607142393356442
"6387",2011,177,0.581748218993951
"6388",2011,178,0.597095064272259
"6389",2011,179,0.672907299675253
"6390",2011,180,0.718486177990453
"6391",2011,181,0.658982122945392
"6392",2011,182,0.632530722338158
"6393",2011,183,0.672234388421574
"6394",2011,184,0.725481187071275
"6395",2011,185,0.694127857860148
"6396",2011,186,0.696346132560684
"6397",2011,187,0.693582055980788
"6398",2011,188,0.696205666732854
"6399",2011,189,0.69002295911789
"6400",2011,190,0.642330390170167
"6401",2011,191,0.652302241497589
"6402",2011,192,0.667137001919919
"6403",2011,193,0.698845306649948
"6404",2011,194,0.703912900405763
"6405",2011,195,0.691811867042768
"6406",2011,196,0.689513417004095
"6407",2011,197,0.706847434872154
"6408",2011,198,0.730300558769636
"6409",2011,199,0.783402656234979
"6410",2011,200,0.749241771717908
"6411",2011,201,0.661868766563207
"6412",2011,202,0.64888215440458
"6413",2011,203,0.658585822884243
"6414",2011,204,0.639769536070422
"6415",2011,205,0.662458353071392
"6416",2011,206,0.689605370475433
"6417",2011,207,0.673102058386857
"6418",2011,208,0.637725837546149
"6419",2011,209,0.641015551133347
"6420",2011,210,0.684850772823123
"6421",2011,211,0.66759178699093
"6422",2011,212,0.736814459022776
"6423",2011,213,0.698268529631946
"6424",2011,214,0.685854415555549
"6425",2011,215,0.687199128474245
"6426",2011,216,0.663143583848203
"6427",2011,217,0.62053707858422
"6428",2011,218,0.644551637257822
"6429",2011,219,0.635445742941011
"6430",2011,220,0.613948652448322
"6431",2011,221,0.614087054969979
"6432",2011,222,0.629575663908372
"6433",2011,223,0.622078884238107
"6434",2011,224,0.583285849401135
"6435",2011,225,0.623483346358608
"6436",2011,226,0.670310354965405
"6437",2011,227,0.614672795045041
"6438",2011,228,0.559039899287316
"6439",2011,229,0.583169173263898
"6440",2011,230,0.565340966816377
"6441",2011,231,0.547843962969913
"6442",2011,232,0.559868459757871
"6443",2011,233,0.610216596393865
"6444",2011,234,0.627211420141973
"6445",2011,235,0.619039370447966
"6446",2011,236,0.60110730598709
"6447",2011,237,0.603894612212217
"6448",2011,238,0.580571808510484
"6449",2011,239,0.587476899548603
"6450",2011,240,0.584596285866908
"6451",2011,241,0.550019463079029
"6452",2011,242,0.546677994919828
"6453",2011,243,0.500388957921033
"6454",2011,244,0.437968092291838
"6455",2011,245,0.446838884731417
"6456",2011,246,0.419317765247991
"6457",2011,247,0.437954576898613
"6458",2011,248,0.493424164600142
"6459",2011,249,0.498722798682132
"6460",2011,250,0.499612594205737
"6461",2011,251,0.496799724906706
"6462",2011,252,0.490469573389998
"6463",2011,253,0.476065316272037
"6464",2011,254,0.469183656400677
"6465",2011,255,0.405032054075214
"6466",2011,256,0.370902273477631
"6467",2011,257,0.338210798003066
"6468",2011,258,0.384531378088001
"6469",2011,259,0.396618490514666
"6470",2011,260,0.370777257892526
"6471",2011,261,0.354488593379491
"6472",2011,262,0.358846128789862
"6473",2011,263,0.314424595988358
"6474",2011,264,0.32120009632005
"6475",2011,265,0.375351410773276
"6476",2011,266,0.411264692280104
"6477",2011,267,0.408473301114209
"6478",2011,268,0.395805910021267
"6479",2011,269,0.358322343728365
"6480",2011,270,0.36274663101984
"6481",2011,271,0.310000780214923
"6482",2011,272,0.273789489438993
"6483",2011,273,0.33168593953818
"6484",2011,274,0.348887478055326
"6485",2011,275,0.31106958046619
"6486",2011,276,0.316139246285201
"6487",2011,277,0.317064004950621
"6488",2011,278,0.286978729798268
"6489",2011,279,0.256025596986463
"6490",2011,280,0.226346477098499
"6491",2011,281,0.215907757025991
"6492",2011,282,0.213203651905112
"6493",2011,283,0.207976665151304
"6494",2011,284,0.219919246095088
"6495",2011,285,0.209497906942631
"6496",2011,286,0.185443135457291
"6497",2011,287,0.16649331484455
"6498",2011,288,0.166421345995673
"6499",2011,289,0.150161197201141
"6500",2011,290,0.153854882676469
"6501",2011,291,0.163075554308576
"6502",2011,292,0.16466764113724
"6503",2011,293,0.176064319577825
"6504",2011,294,0.16216060777192
"6505",2011,295,0.168113961715997
"6506",2011,296,0.153963970736737
"6507",2011,297,0.135103378857177
"6508",2011,298,0.124759583568481
"6509",2011,299,0.116543840382772
"6510",2011,300,0.122329773771538
"6511",2011,301,0.111971235239488
"6512",2011,302,0.124399024531335
"6513",2011,303,0.121577761571502
"6514",2011,304,0.120722817298756
"6515",2011,305,0.098756027646897
"6516",2011,306,0.0982404208842769
"6517",2011,307,0.110019318534753
"6518",2011,308,0.0968511632870058
"6519",2011,309,0.0763534329033221
"6520",2011,310,0.0716394642210395
"6521",2011,311,0.0731737240804532
"6522",2011,312,0.0825801100315958
"6523",2011,313,0.0814041919011662
"6524",2011,314,0.0894053353603186
"6525",2011,315,0.0985574058448875
"6526",2011,316,0.0882045632874202
"6527",2011,317,0.0868048933058853
"6528",2011,318,0.073266894609689
"6529",2011,319,0.0591011345735312
"6530",2011,320,0.0571227851193975
"6531",2011,321,0.064214272077012
"6532",2011,322,0.042764766573654
"6533",2011,323,0.026997793428465
"6534",2011,324,0.0361182785379683
"6535",2011,325,0.0489163058913255
"6536",2011,326,0.0717899383455628
"6537",2011,327,0.090929310168537
"6538",2011,328,0.0797986990631967
"6539",2011,329,0.0659556436214667
"6540",2011,330,0.0596372907212362
"6541",2011,331,0.0768665966142608
"6542",2011,332,0.0702707151952904
"6543",2011,333,0.0627415942529235
"6544",2011,334,0.0571461138137007
"6545",2011,335,0.0446831042133453
"6546",2011,336,0.0499834831940464
"6547",2011,337,0.0408637077935926
"6548",2011,338,0.0331019613147543
"6549",2011,339,0.0305955946142584
"6550",2011,340,0.0450540805598947
"6551",2011,341,0.0425911099767826
"6552",2011,342,0.0299897363076419
"6553",2011,343,0.0390512230011776
"6554",2011,344,0.0559315471970286
"6555",2011,345,0.0435331107926206
"6556",2011,346,0.034328547468462
"6557",2011,347,0.0365843575223633
"6558",2011,348,0.0362223527509391
"6559",2011,349,0.0378187245563083
"6560",2011,350,0.0410490606397203
"6561",2011,351,0.0568423355859067
"6562",2011,352,0.0598827678368915
"6563",2011,353,0.0443517889984372
"6564",2011,354,0.0546676274833966
"6565",2011,355,0.0408384162882768
"6566",2011,356,0.0372741595096662
"6567",2011,357,0.0526403654709715
"6568",2011,358,0.0596811039049147
"6569",2011,359,0.0595292957900072
"6570",2011,360,0.0587348320562362
"6571",2011,361,0.0572944465236123
"6572",2011,362,0.0704335947554979
"6573",2011,363,0.0666171974114093
"6574",2011,364,0.0633928206534254
"6575",2011,365,0.0549920770687392
"6576",2012,1,0.0400680607147022
"6577",2012,2,0.0575804683330938
"6578",2012,3,0.070100069010143
"6579",2012,4,0.0782940175080487
"6580",2012,5,0.0816039717479819
"6581",2012,6,0.0598578785230476
"6582",2012,7,0.0493633207024615
"6583",2012,8,0.0599037632738741
"6584",2012,9,0.0811208523797573
"6585",2012,10,0.0670899988587478
"6586",2012,11,0.0380006304950431
"6587",2012,12,0.0483575950812929
"6588",2012,13,0.0584091776520794
"6589",2012,14,0.056659250223099
"6590",2012,15,0.0492309184124176
"6591",2012,16,0.0261619677020675
"6592",2012,17,0.0243170353109723
"6593",2012,18,0.0176960376773023
"6594",2012,19,0.0205107680423421
"6595",2012,20,0.0285265594459398
"6596",2012,21,0.0519451959658075
"6597",2012,22,0.0649456534542373
"6598",2012,23,0.0590587278273416
"6599",2012,24,0.0653458260949587
"6600",2012,25,0.0921673281583229
"6601",2012,26,0.0884193594303901
"6602",2012,27,0.0737201560126326
"6603",2012,28,0.0812297891530653
"6604",2012,29,0.110225949866498
"6605",2012,30,0.115839439994375
"6606",2012,31,0.11330793366773
"6607",2012,32,0.102930327396324
"6608",2012,33,0.100065393698793
"6609",2012,34,0.0914501068559237
"6610",2012,35,0.103735475918172
"6611",2012,36,0.104428298393958
"6612",2012,37,0.082303983535953
"6613",2012,38,0.0837838430800185
"6614",2012,39,0.0892052170537113
"6615",2012,40,0.0871973451123889
"6616",2012,41,0.0607198871288543
"6617",2012,42,0.0655524545533534
"6618",2012,43,0.0972204725729925
"6619",2012,44,0.131377104359208
"6620",2012,45,0.108545354464913
"6621",2012,46,0.0994492478776449
"6622",2012,47,0.114167000519003
"6623",2012,48,0.114119984648733
"6624",2012,49,0.125883525359598
"6625",2012,50,0.140666526192249
"6626",2012,51,0.12476314426209
"6627",2012,52,0.132376951121467
"6628",2012,53,0.146018089940322
"6629",2012,54,0.139526137080989
"6630",2012,55,0.137494350782507
"6631",2012,56,0.129301420607838
"6632",2012,57,0.088344613932642
"6633",2012,58,0.0910731505421045
"6634",2012,59,0.102367190638799
"6635",2012,60,0.140777494029203
"6636",2012,61,0.131862892760907
"6637",2012,62,0.129613951714276
"6638",2012,63,0.173917453420147
"6639",2012,64,0.191005861141154
"6640",2012,65,0.217406577190462
"6641",2012,66,0.170081872686768
"6642",2012,67,0.149953612043912
"6643",2012,68,0.201973619302511
"6644",2012,69,0.24942094776625
"6645",2012,70,0.267040135312902
"6646",2012,71,0.249639395996463
"6647",2012,72,0.241218739057195
"6648",2012,73,0.250056350842977
"6649",2012,74,0.226427419938118
"6650",2012,75,0.266191669149915
"6651",2012,76,0.268816627381864
"6652",2012,77,0.268022966354751
"6653",2012,78,0.242672182558129
"6654",2012,79,0.207465337369812
"6655",2012,80,0.220162246486389
"6656",2012,81,0.267310015832952
"6657",2012,82,0.304312124266279
"6658",2012,83,0.241065461592698
"6659",2012,84,0.233646777685366
"6660",2012,85,0.25928102134956
"6661",2012,86,0.275576562746391
"6662",2012,87,0.292512080121128
"6663",2012,88,0.312118250478827
"6664",2012,89,0.306417350480908
"6665",2012,90,0.347582572923119
"6666",2012,91,0.350177111724892
"6667",2012,92,0.325552679340611
"6668",2012,93,0.310023271725131
"6669",2012,94,0.325905090327159
"6670",2012,95,0.350059162980454
"6671",2012,96,0.285086550186768
"6672",2012,97,0.268230962813553
"6673",2012,98,0.289848270426622
"6674",2012,99,0.301661763830579
"6675",2012,100,0.285556785263331
"6676",2012,101,0.31944716638732
"6677",2012,102,0.374899649479057
"6678",2012,103,0.35616523594718
"6679",2012,104,0.370757346662537
"6680",2012,105,0.373433628813087
"6681",2012,106,0.318332171292132
"6682",2012,107,0.333413812491778
"6683",2012,108,0.37546865725805
"6684",2012,109,0.327910019851506
"6685",2012,110,0.364463721268247
"6686",2012,111,0.403131610996121
"6687",2012,112,0.406875371920352
"6688",2012,113,0.458212582177331
"6689",2012,114,0.521968677146751
"6690",2012,115,0.527820007001281
"6691",2012,116,0.499352099192079
"6692",2012,117,0.475081342227949
"6693",2012,118,0.387240576937118
"6694",2012,119,0.340520147808585
"6695",2012,120,0.392138365745314
"6696",2012,121,0.428087019288969
"6697",2012,122,0.433149937784371
"6698",2012,123,0.409846774335804
"6699",2012,124,0.415149534493711
"6700",2012,125,0.46419324770291
"6701",2012,126,0.425838895210734
"6702",2012,127,0.417775219941151
"6703",2012,128,0.434504717790882
"6704",2012,129,0.476552427442237
"6705",2012,130,0.5400506692879
"6706",2012,131,0.445793700471303
"6707",2012,132,0.42175001806256
"6708",2012,133,0.482355092822361
"6709",2012,134,0.53136505334171
"6710",2012,135,0.538562647507446
"6711",2012,136,0.530890885938135
"6712",2012,137,0.586236041998192
"6713",2012,138,0.537292265630344
"6714",2012,139,0.491925884687124
"6715",2012,140,0.4538886989165
"6716",2012,141,0.528125884473098
"6717",2012,142,0.584502607739524
"6718",2012,143,0.558318745880255
"6719",2012,144,0.503400646929204
"6720",2012,145,0.443886173095973
"6721",2012,146,0.433776422151331
"6722",2012,147,0.406794458324922
"6723",2012,148,0.398116480932834
"6724",2012,149,0.435767629489562
"6725",2012,150,0.471276708765177
"6726",2012,151,0.516551751939424
"6727",2012,152,0.538267590429048
"6728",2012,153,0.568395069551013
"6729",2012,154,0.610392296290066
"6730",2012,155,0.579074788440262
"6731",2012,156,0.631803783807058
"6732",2012,157,0.702950920243898
"6733",2012,158,0.614352917432507
"6734",2012,159,0.568793167773355
"6735",2012,160,0.616732777986628
"6736",2012,161,0.559604681189382
"6737",2012,162,0.491624286940734
"6738",2012,163,0.570586719170548
"6739",2012,164,0.620535436731454
"6740",2012,165,0.604158568277338
"6741",2012,166,0.604403831996145
"6742",2012,167,0.57737673249063
"6743",2012,168,0.58673158017435
"6744",2012,169,0.63704925856496
"6745",2012,170,0.6009271908323
"6746",2012,171,0.569022372186023
"6747",2012,172,0.586027529659899
"6748",2012,173,0.609835050040533
"6749",2012,174,0.640790642084214
"6750",2012,175,0.652182164448222
"6751",2012,176,0.703996175585687
"6752",2012,177,0.716150018072433
"6753",2012,178,0.759933391301229
"6754",2012,179,0.627988987575176
"6755",2012,180,0.663050559333976
"6756",2012,181,0.708579820140017
"6757",2012,182,0.702658699607386
"6758",2012,183,0.71599723906421
"6759",2012,184,0.702038430598299
"6760",2012,185,0.750710893400887
"6761",2012,186,0.666084651582099
"6762",2012,187,0.639665261621175
"6763",2012,188,0.687758081448709
"6764",2012,189,0.722550007997884
"6765",2012,190,0.745175269853049
"6766",2012,191,0.770093701479837
"6767",2012,192,0.778051902682748
"6768",2012,193,0.756898099664331
"6769",2012,194,0.753507558901567
"6770",2012,195,0.774418811822625
"6771",2012,196,0.736640304811237
"6772",2012,197,0.72777632562097
"6773",2012,198,0.700628189519701
"6774",2012,199,0.693831011761727
"6775",2012,200,0.73656992752442
"6776",2012,201,0.763537939560753
"6777",2012,202,0.706631376010898
"6778",2012,203,0.73749539348725
"6779",2012,204,0.706115607346634
"6780",2012,205,0.735241094019
"6781",2012,206,0.709437122280679
"6782",2012,207,0.653913950149033
"6783",2012,208,0.651227581277787
"6784",2012,209,0.680861727592479
"6785",2012,210,0.720382580954825
"6786",2012,211,0.694596699484765
"6787",2012,212,0.707187732281798
"6788",2012,213,0.716154838038312
"6789",2012,214,0.684549724275473
"6790",2012,215,0.656509227888682
"6791",2012,216,0.567188797865893
"6792",2012,217,0.598381396757935
"6793",2012,218,0.66402809991185
"6794",2012,219,0.711641640809012
"6795",2012,220,0.704870177571121
"6796",2012,221,0.664102107499242
"6797",2012,222,0.712893472503295
"6798",2012,223,0.679575841961013
"6799",2012,224,0.654770774735602
"6800",2012,225,0.614509331334483
"6801",2012,226,0.604835621150194
"6802",2012,227,0.637429843129921
"6803",2012,228,0.53325767934526
"6804",2012,229,0.526680884230045
"6805",2012,230,0.565528069319097
"6806",2012,231,0.576293144634509
"6807",2012,232,0.595577891944648
"6808",2012,233,0.60846648417491
"6809",2012,234,0.640571155687875
"6810",2012,235,0.607961889513116
"6811",2012,236,0.591271290173244
"6812",2012,237,0.528042059128683
"6813",2012,238,0.487739470471853
"6814",2012,239,0.507795785604352
"6815",2012,240,0.565041613800896
"6816",2012,241,0.622265415020606
"6817",2012,242,0.550361411474187
"6818",2012,243,0.504922728938214
"6819",2012,244,0.542666006076114
"6820",2012,245,0.548483370782173
"6821",2012,246,0.485286819504817
"6822",2012,247,0.476068739069543
"6823",2012,248,0.428515696783128
"6824",2012,249,0.441494029214048
"6825",2012,250,0.421684610864359
"6826",2012,251,0.424243592721122
"6827",2012,252,0.438523270355084
"6828",2012,253,0.479203750262238
"6829",2012,254,0.465919009424835
"6830",2012,255,0.38053807208245
"6831",2012,256,0.353163013698707
"6832",2012,257,0.386236358552713
"6833",2012,258,0.420977382928489
"6834",2012,259,0.411567178337961
"6835",2012,260,0.368606260488724
"6836",2012,261,0.351908192480486
"6837",2012,262,0.394148092851292
"6838",2012,263,0.358864079019775
"6839",2012,264,0.353584670587425
"6840",2012,265,0.353487383451395
"6841",2012,266,0.338021226596505
"6842",2012,267,0.339051041698649
"6843",2012,268,0.347475118859425
"6844",2012,269,0.343336710533665
"6845",2012,270,0.316357150578368
"6846",2012,271,0.307962085941747
"6847",2012,272,0.315450155953675
"6848",2012,273,0.315886231373369
"6849",2012,274,0.28624888731592
"6850",2012,275,0.277045386439509
"6851",2012,276,0.260940111978358
"6852",2012,277,0.204853958908483
"6853",2012,278,0.190465253959416
"6854",2012,279,0.173808484153879
"6855",2012,280,0.178976001154514
"6856",2012,281,0.208845652771772
"6857",2012,282,0.197011118640967
"6858",2012,283,0.174825464952578
"6859",2012,284,0.187815392995888
"6860",2012,285,0.152562817509239
"6861",2012,286,0.191827926700539
"6862",2012,287,0.20217197778155
"6863",2012,288,0.210240661491013
"6864",2012,289,0.19965627391456
"6865",2012,290,0.173778293787374
"6866",2012,291,0.155089802869999
"6867",2012,292,0.152924126949273
"6868",2012,293,0.167409791860606
"6869",2012,294,0.161653389112395
"6870",2012,295,0.13465990974362
"6871",2012,296,0.126304771725727
"6872",2012,297,0.114699067700618
"6873",2012,298,0.0968382711426721
"6874",2012,299,0.0938785415308757
"6875",2012,300,0.0958085424173721
"6876",2012,301,0.0888048447671473
"6877",2012,302,0.109508588246523
"6878",2012,303,0.121453610359553
"6879",2012,304,0.141190457194633
"6880",2012,305,0.107079068974643
"6881",2012,306,0.101091025860396
"6882",2012,307,0.102133281892015
"6883",2012,308,0.100809405678356
"6884",2012,309,0.116052347711665
"6885",2012,310,0.123741917652872
"6886",2012,311,0.101189469252371
"6887",2012,312,0.110359420347574
"6888",2012,313,0.0783425647942266
"6889",2012,314,0.0648272050659734
"6890",2012,315,0.0451980760669373
"6891",2012,316,0.0413235956938819
"6892",2012,317,0.0467885379080573
"6893",2012,318,0.0651932288020948
"6894",2012,319,0.072633963338141
"6895",2012,320,0.065285678641256
"6896",2012,321,0.0713977338411544
"6897",2012,322,0.0763379120385278
"6898",2012,323,0.0737417675671931
"6899",2012,324,0.076224844470864
"6900",2012,325,0.0843883453460194
"6901",2012,326,0.072573763066769
"6902",2012,327,0.0472468748165428
"6903",2012,328,0.0506634228792678
"6904",2012,329,0.0630907297846647
"6905",2012,330,0.0442738790654975
"6906",2012,331,0.0443640362183057
"6907",2012,332,0.0465492700430836
"6908",2012,333,0.0533023696485904
"6909",2012,334,0.0472926529591002
"6910",2012,335,0.061688822342006
"6911",2012,336,0.0600209224357653
"6912",2012,337,0.0672587358740516
"6913",2012,338,0.0705309107827294
"6914",2012,339,0.0570944611845755
"6915",2012,340,0.069544471394686
"6916",2012,341,0.052949760740647
"6917",2012,342,0.0442609382853178
"6918",2012,343,0.0330087057760518
"6919",2012,344,0.0283943487600012
"6920",2012,345,0.0393773473752148
"6921",2012,346,0.0415361450560997
"6922",2012,347,0.0440489436963889
"6923",2012,348,0.0406626765996346
"6924",2012,349,0.0398375958140464
"6925",2012,350,0.036302810145297
"6926",2012,351,0.0375115199850102
"6927",2012,352,0.0375733232703541
"6928",2012,353,0.0386888197809377
"6929",2012,354,0.0322496561095121
"6930",2012,355,0.0363241242338745
"6931",2012,356,0.0388105533074852
"6932",2012,357,0.0239925287399169
"6933",2012,358,0.0227485448332833
"6934",2012,359,0.0180793543168188
"6935",2012,360,0.018977303110984
"6936",2012,361,0.0186681039409949
"6937",2012,362,0.0244436855232064
"6938",2012,363,0.0309453552558311
"6939",2012,364,0.0371271612921614
"6940",2012,365,0.0367184078401389
"6941",2013,1,0.0381144085655099
"6942",2013,2,0.0353129265760949
"6943",2013,3,0.0378845467832656
"6944",2013,4,0.0460299126080268
"6945",2013,5,0.0453743225833199
"6946",2013,6,0.0490949408722449
"6947",2013,7,0.0536317471113517
"6948",2013,8,0.0534293623881401
"6949",2013,9,0.0623808602007854
"6950",2013,10,0.0529088934124265
"6951",2013,11,0.0297959900704879
"6952",2013,12,0.0253238182058118
"6953",2013,13,0.0268537506597319
"6954",2013,14,0.0376053100355272
"6955",2013,15,0.0522143765023574
"6956",2013,16,0.0707940372792513
"6957",2013,17,0.0684891163143076
"6958",2013,18,0.0764903439684345
"6959",2013,19,0.0571997851824019
"6960",2013,20,0.0349079110785559
"6961",2013,21,0.035140260596485
"6962",2013,22,0.0454012966813979
"6963",2013,23,0.0430603602119725
"6964",2013,24,0.0638024923392848
"6965",2013,25,0.0816958957091708
"6966",2013,26,0.0931021310671361
"6967",2013,27,0.0860435746679649
"6968",2013,28,0.0773907504655256
"6969",2013,29,0.0479145056321567
"6970",2013,30,0.0337051686064092
"6971",2013,31,0.0381361538817012
"6972",2013,32,0.070371991099727
"6973",2013,33,0.100721408933699
"6974",2013,34,0.105766531246691
"6975",2013,35,0.110107232429006
"6976",2013,36,0.113669657805853
"6977",2013,37,0.118211997371805
"6978",2013,38,0.108670790216357
"6979",2013,39,0.10359265214477
"6980",2013,40,0.0989080516508705
"6981",2013,41,0.0886793292060499
"6982",2013,42,0.0803155384476176
"6983",2013,43,0.112213034300736
"6984",2013,44,0.133136484284752
"6985",2013,45,0.109923779271322
"6986",2013,46,0.119687805830071
"6987",2013,47,0.152197976329175
"6988",2013,48,0.135460229072412
"6989",2013,49,0.0973140833667617
"6990",2013,50,0.0846750084586087
"6991",2013,51,0.0813050195311527
"6992",2013,52,0.104376307318728
"6993",2013,53,0.140903189856405
"6994",2013,54,0.15651078958877
"6995",2013,55,0.149566422490555
"6996",2013,56,0.15950042620122
"6997",2013,57,0.140616066432261
"6998",2013,58,0.137303548998031
"6999",2013,59,0.152400017651542
"7000",2013,60,0.183762484345506
"7001",2013,61,0.209973517334444
"7002",2013,62,0.193097366055251
"7003",2013,63,0.12135371987164
"7004",2013,64,0.0986155402031593
"7005",2013,65,0.114886724102344
"7006",2013,66,0.146911094945467
"7007",2013,67,0.132327070204728
"7008",2013,68,0.152959089188118
"7009",2013,69,0.173018188948537
"7010",2013,70,0.16593932244667
"7011",2013,71,0.16247955588944
"7012",2013,72,0.234253248101929
"7013",2013,73,0.233156022006316
"7014",2013,74,0.190324612961717
"7015",2013,75,0.143702044600469
"7016",2013,76,0.142162704541304
"7017",2013,77,0.133911116932725
"7018",2013,78,0.145011860714727
"7019",2013,79,0.197998593982989
"7020",2013,80,0.208333488748944
"7021",2013,81,0.169180335609498
"7022",2013,82,0.141998628705254
"7023",2013,83,0.138200213026816
"7024",2013,84,0.188956739904471
"7025",2013,85,0.215226126900819
"7026",2013,86,0.247171548853549
"7027",2013,87,0.267880941092841
"7028",2013,88,0.300162611103753
"7029",2013,89,0.283934287793525
"7030",2013,90,0.256806120182819
"7031",2013,91,0.257248378236724
"7032",2013,92,0.300569924457644
"7033",2013,93,0.297192563685533
"7034",2013,94,0.293861946150947
"7035",2013,95,0.346689353004918
"7036",2013,96,0.331285913104707
"7037",2013,97,0.307493630247097
"7038",2013,98,0.219082512118851
"7039",2013,99,0.214767763499409
"7040",2013,100,0.253928699991029
"7041",2013,101,0.319087658488105
"7042",2013,102,0.316689184334406
"7043",2013,103,0.310667214782819
"7044",2013,104,0.253972133412573
"7045",2013,105,0.24857298649124
"7046",2013,106,0.238881392408977
"7047",2013,107,0.255728990855155
"7048",2013,108,0.300060693860571
"7049",2013,109,0.310261656058665
"7050",2013,110,0.361921776709719
"7051",2013,111,0.292776927235674
"7052",2013,112,0.283100035441858
"7053",2013,113,0.323543070504849
"7054",2013,114,0.353944516078636
"7055",2013,115,0.411057547658287
"7056",2013,116,0.458150913641488
"7057",2013,117,0.48738697456246
"7058",2013,118,0.458450722062871
"7059",2013,119,0.435994586500794
"7060",2013,120,0.340549902547796
"7061",2013,121,0.335442508333384
"7062",2013,122,0.399738421664446
"7063",2013,123,0.425773553695497
"7064",2013,124,0.445482882972193
"7065",2013,125,0.447415646654777
"7066",2013,126,0.485721602589303
"7067",2013,127,0.500378383613154
"7068",2013,128,0.470837209290673
"7069",2013,129,0.489319834070419
"7070",2013,130,0.466116785109388
"7071",2013,131,0.470920196276209
"7072",2013,132,0.557897102120513
"7073",2013,133,0.604169445920317
"7074",2013,134,0.54103748118539
"7075",2013,135,0.520488646235431
"7076",2013,136,0.520182170990019
"7077",2013,137,0.522638312908756
"7078",2013,138,0.509603306013142
"7079",2013,139,0.517287267526643
"7080",2013,140,0.518362836627451
"7081",2013,141,0.505561316556485
"7082",2013,142,0.524776051455406
"7083",2013,143,0.534915053286681
"7084",2013,144,0.543160712524764
"7085",2013,145,0.549875992194894
"7086",2013,146,0.564384769264341
"7087",2013,147,0.549031892323298
"7088",2013,148,0.536164663662708
"7089",2013,149,0.52869329665135
"7090",2013,150,0.503083432616563
"7091",2013,151,0.500725052468454
"7092",2013,152,0.548844917073107
"7093",2013,153,0.567541996308762
"7094",2013,154,0.492648868071525
"7095",2013,155,0.499812844028943
"7096",2013,156,0.523985717493026
"7097",2013,157,0.564149075091076
"7098",2013,158,0.599220584524416
"7099",2013,159,0.589773224383761
"7100",2013,160,0.613295859386653
"7101",2013,161,0.588736889027094
"7102",2013,162,0.596133883412622
"7103",2013,163,0.594357736957581
"7104",2013,164,0.607516070746168
"7105",2013,165,0.57514280963878
"7106",2013,166,0.582489100212037
"7107",2013,167,0.593601214890592
"7108",2013,168,0.600825984874015
"7109",2013,169,0.656374830965126
"7110",2013,170,0.664088307234917
"7111",2013,171,0.618971107489993
"7112",2013,172,0.589966843224921
"7113",2013,173,0.588260622253222
"7114",2013,174,0.613049308107131
"7115",2013,175,0.655710077245799
"7116",2013,176,0.654823218256804
"7117",2013,177,0.663637599943789
"7118",2013,178,0.65658246164387
"7119",2013,179,0.67898020867923
"7120",2013,180,0.682688844415334
"7121",2013,181,0.696669562384731
"7122",2013,182,0.702163080502953
"7123",2013,183,0.725971645115965
"7124",2013,184,0.745665256582285
"7125",2013,185,0.71007128337834
"7126",2013,186,0.685783846100287
"7127",2013,187,0.651852068281364
"7128",2013,188,0.664502355846976
"7129",2013,189,0.668215467477929
"7130",2013,190,0.63320405909349
"7131",2013,191,0.686605670141554
"7132",2013,192,0.72553114156505
"7133",2013,193,0.705264003450921
"7134",2013,194,0.658615689292217
"7135",2013,195,0.62480269370855
"7136",2013,196,0.700502244772993
"7137",2013,197,0.641068229522467
"7138",2013,198,0.658644105886431
"7139",2013,199,0.689626565746426
"7140",2013,200,0.689419633915974
"7141",2013,201,0.680995667245425
"7142",2013,202,0.686029607104783
"7143",2013,203,0.678205345316887
"7144",2013,204,0.665216350879051
"7145",2013,205,0.677255478515018
"7146",2013,206,0.6401879325471
"7147",2013,207,0.608829514799861
"7148",2013,208,0.651764120941773
"7149",2013,209,0.62931120985748
"7150",2013,210,0.610533737447261
"7151",2013,211,0.609764884626871
"7152",2013,212,0.633663324073987
"7153",2013,213,0.621733397062423
"7154",2013,214,0.586942112506306
"7155",2013,215,0.584326296229646
"7156",2013,216,0.623670283965112
"7157",2013,217,0.639166743389255
"7158",2013,218,0.614882566203129
"7159",2013,219,0.576665621953523
"7160",2013,220,0.588729082159133
"7161",2013,221,0.583447395994735
"7162",2013,222,0.613523776714611
"7163",2013,223,0.60572907136443
"7164",2013,224,0.624732422366656
"7165",2013,225,0.615871094590765
"7166",2013,226,0.59944063415084
"7167",2013,227,0.625079462316381
"7168",2013,228,0.665952547444074
"7169",2013,229,0.653288242917492
"7170",2013,230,0.631152898008874
"7171",2013,231,0.633973099107331
"7172",2013,232,0.619206278361861
"7173",2013,233,0.564861463671259
"7174",2013,234,0.582402711558264
"7175",2013,235,0.625407186310173
"7176",2013,236,0.603375168586245
"7177",2013,237,0.604742485883886
"7178",2013,238,0.599440849769216
"7179",2013,239,0.586514742419656
"7180",2013,240,0.591499245929063
"7181",2013,241,0.5749843340238
"7182",2013,242,0.560152880346849
"7183",2013,243,0.5153539833349
"7184",2013,244,0.503667913928773
"7185",2013,245,0.560008938665598
"7186",2013,246,0.571204286450555
"7187",2013,247,0.529526945673839
"7188",2013,248,0.556357402594735
"7189",2013,249,0.536639548462473
"7190",2013,250,0.474306309586734
"7191",2013,251,0.44398322775957
"7192",2013,252,0.42441277107374
"7193",2013,253,0.453005893151703
"7194",2013,254,0.442090539287553
"7195",2013,255,0.426789703465922
"7196",2013,256,0.447758757761623
"7197",2013,257,0.422679376051536
"7198",2013,258,0.394743567528203
"7199",2013,259,0.428242878760242
"7200",2013,260,0.406021150262001
"7201",2013,261,0.345517760863196
"7202",2013,262,0.322597068192638
"7203",2013,263,0.35428990952334
"7204",2013,264,0.374519880844182
"7205",2013,265,0.358353647050866
"7206",2013,266,0.333699946893028
"7207",2013,267,0.327648891554695
"7208",2013,268,0.274031901992264
"7209",2013,269,0.249495508753631
"7210",2013,270,0.259628791927009
"7211",2013,271,0.277877999715978
"7212",2013,272,0.289819282139406
"7213",2013,273,0.266456672249781
"7214",2013,274,0.257039136024899
"7215",2013,275,0.235412125298004
"7216",2013,276,0.202736258626276
"7217",2013,277,0.192627467664329
"7218",2013,278,0.20955054688144
"7219",2013,279,0.244126061261522
"7220",2013,280,0.254137569115366
"7221",2013,281,0.220017582648294
"7222",2013,282,0.195531580115781
"7223",2013,283,0.203625568876325
"7224",2013,284,0.18226666250062
"7225",2013,285,0.175582800625667
"7226",2013,286,0.174829491428293
"7227",2013,287,0.162759693920987
"7228",2013,288,0.159442101275437
"7229",2013,289,0.146861828152875
"7230",2013,290,0.137467900183261
"7231",2013,291,0.149797263415232
"7232",2013,292,0.162571243177345
"7233",2013,293,0.152903342734483
"7234",2013,294,0.165434250498856
"7235",2013,295,0.161373885710882
"7236",2013,296,0.141936352686022
"7237",2013,297,0.14037314741812
"7238",2013,298,0.148194077825878
"7239",2013,299,0.142851671566087
"7240",2013,300,0.114973446814022
"7241",2013,301,0.0890219379169658
"7242",2013,302,0.0880584400422162
"7243",2013,303,0.0992171519097579
"7244",2013,304,0.114159480045656
"7245",2013,305,0.114928941253009
"7246",2013,306,0.108761107095305
"7247",2013,307,0.0980387433498114
"7248",2013,308,0.0783212923777287
"7249",2013,309,0.0790818831146619
"7250",2013,310,0.0850586124108862
"7251",2013,311,0.0884836240338034
"7252",2013,312,0.0922747188525251
"7253",2013,313,0.0877028465117355
"7254",2013,314,0.0639404784867857
"7255",2013,315,0.0519310378653415
"7256",2013,316,0.0767228364841718
"7257",2013,317,0.0946756405468997
"7258",2013,318,0.088332119898642
"7259",2013,319,0.0819243795463522
"7260",2013,320,0.074253933842349
"7261",2013,321,0.0573658980632407
"7262",2013,322,0.0758273304790205
"7263",2013,323,0.0776330636099085
"7264",2013,324,0.0368949627393014
"7265",2013,325,0.0286434103722362
"7266",2013,326,0.0355288985906354
"7267",2013,327,0.0420617033904349
"7268",2013,328,0.0545433574121105
"7269",2013,329,0.0557672863435514
"7270",2013,330,0.0510458937022848
"7271",2013,331,0.0546535797861301
"7272",2013,332,0.0533792266112491
"7273",2013,333,0.0627039590364702
"7274",2013,334,0.066307239186871
"7275",2013,335,0.0618127440050671
"7276",2013,336,0.0474232377936406
"7277",2013,337,0.0311386303938903
"7278",2013,338,0.0206903576077994
"7279",2013,339,0.0134304950151561
"7280",2013,340,0.01
"7281",2013,341,0.01
"7282",2013,342,0.0124012945530155
"7283",2013,343,0.019831042866355
"7284",2013,344,0.0233669630292687
"7285",2013,345,0.0262507613244362
"7286",2013,346,0.0363388081319412
"7287",2013,347,0.0328665548383575
"7288",2013,348,0.0336573610783866
"7289",2013,349,0.0452527372502652
"7290",2013,350,0.052805029506538
"7291",2013,351,0.0446626983115955
"7292",2013,352,0.0410293003841977
"7293",2013,353,0.0211792846962735
"7294",2013,354,0.0204502736041215
"7295",2013,355,0.0201254091470914
"7296",2013,356,0.0169289483871662
"7297",2013,357,0.0223214600939513
"7298",2013,358,0.0386368871573905
"7299",2013,359,0.0443292676206298
"7300",2013,360,0.0550670259913672
"7301",2013,361,0.0625958243653157
"7302",2013,362,0.0367466702813498
"7303",2013,363,0.0318433940090612
"7304",2013,364,0.0342591951904254
"7305",2013,365,0.0265367761353028
"7306",2014,1,0.0311312034673598
"7307",2014,2,0.0406480393256549
"7308",2014,3,0.0464323123906711
"7309",2014,4,0.0320794573986175
"7310",2014,5,0.0151965529778699
"7311",2014,6,0.0195141272240018
"7312",2014,7,0.0321762479986929
"7313",2014,8,0.0422398107118011
"7314",2014,9,0.0541860585658715
"7315",2014,10,0.060328473907617
"7316",2014,11,0.0643836065054321
"7317",2014,12,0.0641405376834973
"7318",2014,13,0.0673815052071013
"7319",2014,14,0.0694211950096066
"7320",2014,15,0.0725072543684811
"7321",2014,16,0.0698957515354323
"7322",2014,17,0.0737171167416447
"7323",2014,18,0.0791563791461011
"7324",2014,19,0.0801607521411492
"7325",2014,20,0.0683916345162284
"7326",2014,21,0.0624915367250612
"7327",2014,22,0.057677045619717
"7328",2014,23,0.0578767917535307
"7329",2014,24,0.0873754705127809
"7330",2014,25,0.104308179306472
"7331",2014,26,0.0752076474967375
"7332",2014,27,0.0444420202129188
"7333",2014,28,0.051595380803536
"7334",2014,29,0.0617835834945494
"7335",2014,30,0.0485255302820208
"7336",2014,31,0.0364920144272832
"7337",2014,32,0.0442000334654653
"7338",2014,33,0.0461917865153625
"7339",2014,34,0.048127189052192
"7340",2014,35,0.0304142559632125
"7341",2014,36,0.0256330288913184
"7342",2014,37,0.0255623182427603
"7343",2014,38,0.0328207384532468
"7344",2014,39,0.0342668567316613
"7345",2014,40,0.0373890980255055
"7346",2014,41,0.0541042071770158
"7347",2014,42,0.0767787198953341
"7348",2014,43,0.0951902097662727
"7349",2014,44,0.107752290940829
"7350",2014,45,0.114988708671919
"7351",2014,46,0.128528254750484
"7352",2014,47,0.140645464495122
"7353",2014,48,0.150045428817778
"7354",2014,49,0.150835407623125
"7355",2014,50,0.142033638167134
"7356",2014,51,0.116889680852842
"7357",2014,52,0.111272945804734
"7358",2014,53,0.0914229072115507
"7359",2014,54,0.0675750335324343
"7360",2014,55,0.0596898975544134
"7361",2014,56,0.0602893860671244
"7362",2014,57,0.091508410166372
"7363",2014,58,0.0965854746018234
"7364",2014,59,0.0707098203748539
"7365",2014,60,0.0355466870729196
"7366",2014,61,0.0400816459355059
"7367",2014,62,0.072033634666266
"7368",2014,63,0.104730458795046
"7369",2014,64,0.137195717261068
"7370",2014,65,0.12765934348812
"7371",2014,66,0.115648343818555
"7372",2014,67,0.163681123707428
"7373",2014,68,0.213422128817346
"7374",2014,69,0.192453639062948
"7375",2014,70,0.194301769251756
"7376",2014,71,0.213744236544455
"7377",2014,72,0.2157028539148
"7378",2014,73,0.209075590203753
"7379",2014,74,0.206933916727111
"7380",2014,75,0.237797393937435
"7381",2014,76,0.223738726900371
"7382",2014,77,0.20517900899958
"7383",2014,78,0.209263966547696
"7384",2014,79,0.214725481438077
"7385",2014,80,0.163060937794749
"7386",2014,81,0.135901693645067
"7387",2014,82,0.14999280915096
"7388",2014,83,0.160459990862948
"7389",2014,84,0.171633403117729
"7390",2014,85,0.212605356772839
"7391",2014,86,0.199937744778833
"7392",2014,87,0.188872917250269
"7393",2014,88,0.249240242051107
"7394",2014,89,0.234011880641401
"7395",2014,90,0.194403160461656
"7396",2014,91,0.207415954097353
"7397",2014,92,0.219885463365969
"7398",2014,93,0.245436686533269
"7399",2014,94,0.293649253947058
"7400",2014,95,0.312416099190932
"7401",2014,96,0.314571615322091
"7402",2014,97,0.325337330629915
"7403",2014,98,0.366522263961644
"7404",2014,99,0.367890354057872
"7405",2014,100,0.336780509058449
"7406",2014,101,0.341616904232964
"7407",2014,102,0.300270179564235
"7408",2014,103,0.252231525041909
"7409",2014,104,0.277322956054141
"7410",2014,105,0.332180224816019
"7411",2014,106,0.309807953640583
"7412",2014,107,0.341501478011443
"7413",2014,108,0.366038531368458
"7414",2014,109,0.399064661065583
"7415",2014,110,0.403370919638395
"7416",2014,111,0.415422170231948
"7417",2014,112,0.448647463849157
"7418",2014,113,0.419984625239051
"7419",2014,114,0.385712975178745
"7420",2014,115,0.402180264595038
"7421",2014,116,0.40024907599208
"7422",2014,117,0.375818841110624
"7423",2014,118,0.373668471619806
"7424",2014,119,0.380069226419444
"7425",2014,120,0.39782443743938
"7426",2014,121,0.432935546799506
"7427",2014,122,0.414088355720659
"7428",2014,123,0.367653635102414
"7429",2014,124,0.377537540144932
"7430",2014,125,0.397408286230867
"7431",2014,126,0.411336452249112
"7432",2014,127,0.378395834038106
"7433",2014,128,0.402218532725878
"7434",2014,129,0.444349998028426
"7435",2014,130,0.402387468901923
"7436",2014,131,0.385886938073208
"7437",2014,132,0.393953392762464
"7438",2014,133,0.428496096310741
"7439",2014,134,0.434007960169183
"7440",2014,135,0.491724609789252
"7441",2014,136,0.458643821229484
"7442",2014,137,0.467983451695928
"7443",2014,138,0.498960822579811
"7444",2014,139,0.499075321187937
"7445",2014,140,0.4932980871141
"7446",2014,141,0.528016144694257
"7447",2014,142,0.567927752072112
"7448",2014,143,0.624259919684813
"7449",2014,144,0.606072279340175
"7450",2014,145,0.587238238758006
"7451",2014,146,0.609171719012656
"7452",2014,147,0.599858450564916
"7453",2014,148,0.617842811521763
"7454",2014,149,0.596102624263616
"7455",2014,150,0.55749879611597
"7456",2014,151,0.56545205362776
"7457",2014,152,0.560529977006404
"7458",2014,153,0.548935944143146
"7459",2014,154,0.587938132648933
"7460",2014,155,0.580492363355443
"7461",2014,156,0.545101009557859
"7462",2014,157,0.505520905195918
"7463",2014,158,0.510638344487833
"7464",2014,159,0.542055294017401
"7465",2014,160,0.59866785736652
"7466",2014,161,0.580015585538731
"7467",2014,162,0.541222083194796
"7468",2014,163,0.534343875071941
"7469",2014,164,0.579120204691435
"7470",2014,165,0.547477887069314
"7471",2014,166,0.560802762845156
"7472",2014,167,0.563488085088362
"7473",2014,168,0.574439996590782
"7474",2014,169,0.580902469001719
"7475",2014,170,0.556466122466956
"7476",2014,171,0.610824093064217
"7477",2014,172,0.627982135020433
"7478",2014,173,0.601121927407838
"7479",2014,174,0.613884824386462
"7480",2014,175,0.6172592437359
"7481",2014,176,0.635986922709389
"7482",2014,177,0.641658937699575
"7483",2014,178,0.61518475200513
"7484",2014,179,0.637201375437085
"7485",2014,180,0.636283236650664
"7486",2014,181,0.611300189040166
"7487",2014,182,0.621730131132877
"7488",2014,183,0.640465315838581
"7489",2014,184,0.685740962468824
"7490",2014,185,0.72901656855838
"7491",2014,186,0.724361728084164
"7492",2014,187,0.705954756835057
"7493",2014,188,0.669452430051031
"7494",2014,189,0.667670233367242
"7495",2014,190,0.695819247925393
"7496",2014,191,0.723764922255061
"7497",2014,192,0.675104007455174
"7498",2014,193,0.674259784184427
"7499",2014,194,0.671970829500294
"7500",2014,195,0.633131868576916
"7501",2014,196,0.632685703971905
"7502",2014,197,0.671651465760771
"7503",2014,198,0.695850994022899
"7504",2014,199,0.681319014800857
"7505",2014,200,0.695763374137361
"7506",2014,201,0.716463357836076
"7507",2014,202,0.665161966856718
"7508",2014,203,0.660748329285528
"7509",2014,204,0.695569609465712
"7510",2014,205,0.697307007879882
"7511",2014,206,0.641257623281192
"7512",2014,207,0.628058476622214
"7513",2014,208,0.633797237465522
"7514",2014,209,0.66990582444159
"7515",2014,210,0.698781540892753
"7516",2014,211,0.693767061831723
"7517",2014,212,0.71719042800158
"7518",2014,213,0.698338026437036
"7519",2014,214,0.658894269955141
"7520",2014,215,0.656777471254144
"7521",2014,216,0.650335156820994
"7522",2014,217,0.632560454806674
"7523",2014,218,0.644418797431107
"7524",2014,219,0.683681574964128
"7525",2014,220,0.688649156598343
"7526",2014,221,0.63759637228023
"7527",2014,222,0.619506922895462
"7528",2014,223,0.648373812739513
"7529",2014,224,0.659950152972082
"7530",2014,225,0.652020999322596
"7531",2014,226,0.650898939010833
"7532",2014,227,0.635449479578529
"7533",2014,228,0.615489137948033
"7534",2014,229,0.601655352341832
"7535",2014,230,0.598812156020382
"7536",2014,231,0.624160774934921
"7537",2014,232,0.594917372479889
"7538",2014,233,0.546286547545478
"7539",2014,234,0.515416436718941
"7540",2014,235,0.478049295503619
"7541",2014,236,0.434860873886924
"7542",2014,237,0.448954232532345
"7543",2014,238,0.480574611095298
"7544",2014,239,0.525947018075442
"7545",2014,240,0.534954863114773
"7546",2014,241,0.507875680797867
"7547",2014,242,0.492892870280821
"7548",2014,243,0.478559607569032
"7549",2014,244,0.465642033949401
"7550",2014,245,0.46349985430551
"7551",2014,246,0.452173921307554
"7552",2014,247,0.426975669686632
"7553",2014,248,0.426539288622522
"7554",2014,249,0.44061291981736
"7555",2014,250,0.450860563197494
"7556",2014,251,0.4265615082532
"7557",2014,252,0.353812203887719
"7558",2014,253,0.297937953841677
"7559",2014,254,0.295834446067016
"7560",2014,255,0.320983614475364
"7561",2014,256,0.329133785677518
"7562",2014,257,0.329026618545799
"7563",2014,258,0.352596046082665
"7564",2014,259,0.379088547852999
"7565",2014,260,0.407870379217773
"7566",2014,261,0.417488819354915
"7567",2014,262,0.396606248444456
"7568",2014,263,0.36971506761547
"7569",2014,264,0.358261645173761
"7570",2014,265,0.35870701556581
"7571",2014,266,0.373522776181453
"7572",2014,267,0.387058323409355
"7573",2014,268,0.37798451115357
"7574",2014,269,0.350805809012602
"7575",2014,270,0.298918415376969
"7576",2014,271,0.271372188485155
"7577",2014,272,0.259895500157015
"7578",2014,273,0.272923939235253
"7579",2014,274,0.259316633694902
"7580",2014,275,0.217564100750177
"7581",2014,276,0.194076217153933
"7582",2014,277,0.234272594389904
"7583",2014,278,0.252090727925116
"7584",2014,279,0.252125584667158
"7585",2014,280,0.240091245671082
"7586",2014,281,0.221443324017908
"7587",2014,282,0.20510730016206
"7588",2014,283,0.21025965294321
"7589",2014,284,0.22093344549774
"7590",2014,285,0.200161979909916
"7591",2014,286,0.196414303532983
"7592",2014,287,0.203775166505797
"7593",2014,288,0.194499353051356
"7594",2014,289,0.172051766186511
"7595",2014,290,0.169981019712488
"7596",2014,291,0.187646634313338
"7597",2014,292,0.190067956286347
"7598",2014,293,0.196404539740578
"7599",2014,294,0.183470955134087
"7600",2014,295,0.164952702640382
"7601",2014,296,0.169457660410171
"7602",2014,297,0.157685151117427
"7603",2014,298,0.157650227918665
"7604",2014,299,0.143319727699757
"7605",2014,300,0.116738733781027
"7606",2014,301,0.113356189558204
"7607",2014,302,0.12799664690646
"7608",2014,303,0.10486437279776
"7609",2014,304,0.117212303837747
"7610",2014,305,0.115592693025108
"7611",2014,306,0.108627347018679
"7612",2014,307,0.105180659868428
"7613",2014,308,0.108142438761151
"7614",2014,309,0.107500765813942
"7615",2014,310,0.110096465011007
"7616",2014,311,0.108005964811231
"7617",2014,312,0.0995043797748737
"7618",2014,313,0.0667303835260045
"7619",2014,314,0.0405241902630464
"7620",2014,315,0.0332191787168601
"7621",2014,316,0.0306578041659546
"7622",2014,317,0.0260944389731824
"7623",2014,318,0.0220672858004273
"7624",2014,319,0.0308483083408049
"7625",2014,320,0.0370332134591777
"7626",2014,321,0.0375475312863713
"7627",2014,322,0.0501969070746078
"7628",2014,323,0.0457948985013827
"7629",2014,324,0.0521788746527719
"7630",2014,325,0.0709603354089974
"7631",2014,326,0.0774177728003974
"7632",2014,327,0.0653180420074386
"7633",2014,328,0.0612800381575506
"7634",2014,329,0.0607950323774496
"7635",2014,330,0.0509497463786303
"7636",2014,331,0.0651368716802316
"7637",2014,332,0.0531566120812896
"7638",2014,333,0.0200861177088974
"7639",2014,334,0.0197416004114626
"7640",2014,335,0.0273515357162067
"7641",2014,336,0.0352993105434621
"7642",2014,337,0.0337416971359121
"7643",2014,338,0.0359789270391035
"7644",2014,339,0.0341149076362119
"7645",2014,340,0.0460521141444308
"7646",2014,341,0.0558608549353535
"7647",2014,342,0.0478707351182636
"7648",2014,343,0.0601884908211764
"7649",2014,344,0.0663624046717991
"7650",2014,345,0.0677458395868577
"7651",2014,346,0.0692033571053176
"7652",2014,347,0.060606724024788
"7653",2014,348,0.0449573195872389
"7654",2014,349,0.038680489645383
"7655",2014,350,0.0358697004705738
"7656",2014,351,0.0352075208784205
"7657",2014,352,0.0423449121077767
"7658",2014,353,0.0512242874498097
"7659",2014,354,0.0552555398213626
"7660",2014,355,0.0540201276671005
"7661",2014,356,0.052042142201331
"7662",2014,357,0.0523040508931817
"7663",2014,358,0.0469482374022933
"7664",2014,359,0.0409368698043195
"7665",2014,360,0.034851759458809
"7666",2014,361,0.0347579585950062
"7667",2014,362,0.0293184494587615
"7668",2014,363,0.0212658213545632
"7669",2014,364,0.0230841821929175
"7670",2014,365,0.0314054487599141
"7671",2014,366,0.033898357240432
"7672",2015,1,0.0452841214912945
"7673",2015,2,0.0401390834985311
"7674",2015,3,0.022927956822352
"7675",2015,4,0.018201630336723
"7676",2015,5,0.0216393154570941
"7677",2015,6,0.0237378608309526
"7678",2015,7,0.0279761700517524
"7679",2015,8,0.0271406587021209
"7680",2015,9,0.0216247458121502
"7681",2015,10,0.0263870983865195
"7682",2015,11,0.0288017986720638
"7683",2015,12,0.0283963164443678
"7684",2015,13,0.0373111046867399
"7685",2015,14,0.0471335805792131
"7686",2015,15,0.0596530040614773
"7687",2015,16,0.0695606277338729
"7688",2015,17,0.07397929993913
"7689",2015,18,0.075966631750826
"7690",2015,19,0.0786004370854063
"7691",2015,20,0.0750463224528886
"7692",2015,21,0.0689479727564968
"7693",2015,22,0.082355851738397
"7694",2015,23,0.0898324696723687
"7695",2015,24,0.093724633169663
"7696",2015,25,0.102232268171468
"7697",2015,26,0.111091466199032
"7698",2015,27,0.111577636960358
"7699",2015,28,0.09415562323765
"7700",2015,29,0.0918955764799619
"7701",2015,30,0.0950552671384358
"7702",2015,31,0.058739586966973
"7703",2015,32,0.0432125240434167
"7704",2015,33,0.0563717935967128
"7705",2015,34,0.0483202824542521
"7706",2015,35,0.0497187606235403
"7707",2015,36,0.0852424769947149
"7708",2015,37,0.137318210541787
"7709",2015,38,0.140699028357742
"7710",2015,39,0.140932615076785
"7711",2015,40,0.113203696765845
"7712",2015,41,0.0924294459535865
"7713",2015,42,0.0827326595478621
"7714",2015,43,0.123655149609108
"7715",2015,44,0.147854718661608
"7716",2015,45,0.12363432083573
"7717",2015,46,0.13677415728883
"7718",2015,47,0.10217807734301
"7719",2015,48,0.0772896577234977
"7720",2015,49,0.099838941497884
"7721",2015,50,0.145726083746952
"7722",2015,51,0.134249959402215
"7723",2015,52,0.086667594219546
"7724",2015,53,0.077032105876623
"7725",2015,54,0.121348351998617
"7726",2015,55,0.157044760531574
"7727",2015,56,0.0977504642356987
"7728",2015,57,0.0653459882183226
"7729",2015,58,0.0754978651292559
"7730",2015,59,0.089438609612212
"7731",2015,60,0.115499089321788
"7732",2015,61,0.122571720406986
"7733",2015,62,0.0875576549280137
"7734",2015,63,0.0959618604787243
"7735",2015,64,0.155823753833167
"7736",2015,65,0.194597123711076
"7737",2015,66,0.187361690489298
"7738",2015,67,0.201636335192929
"7739",2015,68,0.22350932086429
"7740",2015,69,0.228892856899118
"7741",2015,70,0.251770778757855
"7742",2015,71,0.255574615639598
"7743",2015,72,0.253743046850855
"7744",2015,73,0.273144593150439
"7745",2015,74,0.257019173894765
"7746",2015,75,0.208573111920482
"7747",2015,76,0.189845274604867
"7748",2015,77,0.200883074837643
"7749",2015,78,0.244701908131034
"7750",2015,79,0.264821558244179
"7751",2015,80,0.257055846286379
"7752",2015,81,0.257506152077926
"7753",2015,82,0.245607139621057
"7754",2015,83,0.222292428495228
"7755",2015,84,0.257160546285888
"7756",2015,85,0.284367813857616
"7757",2015,86,0.326875440023132
"7758",2015,87,0.323579824790774
"7759",2015,88,0.310766218936257
"7760",2015,89,0.340333348693172
"7761",2015,90,0.361860337830523
"7762",2015,91,0.298771791756455
"7763",2015,92,0.263112393959022
"7764",2015,93,0.268257286696215
"7765",2015,94,0.289688296530694
"7766",2015,95,0.25176763642554
"7767",2015,96,0.250030444978427
"7768",2015,97,0.297723916013467
"7769",2015,98,0.313888281852296
"7770",2015,99,0.336244722558412
"7771",2015,100,0.367299484710702
"7772",2015,101,0.368198109047216
"7773",2015,102,0.334039055570867
"7774",2015,103,0.371645892202535
"7775",2015,104,0.391230869086774
"7776",2015,105,0.361258369498668
"7777",2015,106,0.368504728990467
"7778",2015,107,0.399087157628362
"7779",2015,108,0.361240519801971
"7780",2015,109,0.342630292820595
"7781",2015,110,0.35761324900691
"7782",2015,111,0.382366716581228
"7783",2015,112,0.404691870780555
"7784",2015,113,0.405836497881403
"7785",2015,114,0.415097563446327
"7786",2015,115,0.386011483997381
"7787",2015,116,0.341028408182524
"7788",2015,117,0.391564930464711
"7789",2015,118,0.446846253936031
"7790",2015,119,0.493557726539445
"7791",2015,120,0.449684470305795
"7792",2015,121,0.471777419862513
"7793",2015,122,0.466629236666162
"7794",2015,123,0.434679626356764
"7795",2015,124,0.476000756958315
"7796",2015,125,0.516102772960654
"7797",2015,126,0.442990737716762
"7798",2015,127,0.389310929258767
"7799",2015,128,0.388973624473452
"7800",2015,129,0.400284999194277
"7801",2015,130,0.417922577860658
"7802",2015,131,0.457871574620264
"7803",2015,132,0.445840050980867
"7804",2015,133,0.461647796667384
"7805",2015,134,0.45340466016523
"7806",2015,135,0.446291281418789
"7807",2015,136,0.440549996005382
"7808",2015,137,0.393256028395051
"7809",2015,138,0.400556253512921
"7810",2015,139,0.440131496341915
"7811",2015,140,0.467076976153751
"7812",2015,141,0.498357933527455
"7813",2015,142,0.523951565435211
"7814",2015,143,0.530586661734114
"7815",2015,144,0.527324596700139
"7816",2015,145,0.554303493878389
"7817",2015,146,0.557489823973222
"7818",2015,147,0.562069430408911
"7819",2015,148,0.537133382935436
"7820",2015,149,0.489767217837708
"7821",2015,150,0.539314661646765
"7822",2015,151,0.580840368351686
"7823",2015,152,0.606752818054238
"7824",2015,153,0.55357923532423
"7825",2015,154,0.565060383954159
"7826",2015,155,0.572804099273776
"7827",2015,156,0.582928642528543
"7828",2015,157,0.611622392015912
"7829",2015,158,0.637709061048456
"7830",2015,159,0.683242439842921
"7831",2015,160,0.660295125964726
"7832",2015,161,0.596177794927954
"7833",2015,162,0.623946775001118
"7834",2015,163,0.637669795134334
"7835",2015,164,0.582832161389771
"7836",2015,165,0.568750822643513
"7837",2015,166,0.554253772827033
"7838",2015,167,0.589270477420596
"7839",2015,168,0.62752503329032
"7840",2015,169,0.601892904562128
"7841",2015,170,0.63176383308576
"7842",2015,171,0.631354428539223
"7843",2015,172,0.624305525293422
"7844",2015,173,0.617135944628433
"7845",2015,174,0.668344902941051
"7846",2015,175,0.663965370269051
"7847",2015,176,0.669053652606046
"7848",2015,177,0.704545722253204
"7849",2015,178,0.737090300161532
"7850",2015,179,0.74304797873776
"7851",2015,180,0.76236103433234
"7852",2015,181,0.73035102903924
"7853",2015,182,0.677588371008882
"7854",2015,183,0.66530259117643
"7855",2015,184,0.696610753905496
"7856",2015,185,0.713552589496995
"7857",2015,186,0.607919180098258
"7858",2015,187,0.618248938842321
"7859",2015,188,0.633346226360397
"7860",2015,189,0.650783836266095
"7861",2015,190,0.703320684800839
"7862",2015,191,0.712318040510808
"7863",2015,192,0.679166385335596
"7864",2015,193,0.67863964590025
"7865",2015,194,0.699038739940294
"7866",2015,195,0.700888403896891
"7867",2015,196,0.679895974876877
"7868",2015,197,0.660763193665512
"7869",2015,198,0.622832280224122
"7870",2015,199,0.636574485609741
"7871",2015,200,0.671421016058092
"7872",2015,201,0.679490915350359
"7873",2015,202,0.708025792754832
"7874",2015,203,0.706330374974792
"7875",2015,204,0.648624054556519
"7876",2015,205,0.677460051810699
"7877",2015,206,0.694705349627638
"7878",2015,207,0.688614423413032
"7879",2015,208,0.629475923414205
"7880",2015,209,0.598665903114101
"7881",2015,210,0.620097122754124
"7882",2015,211,0.653387519519495
"7883",2015,212,0.685489398715238
"7884",2015,213,0.692102272084221
"7885",2015,214,0.657081487191963
"7886",2015,215,0.661345891558486
"7887",2015,216,0.655885709579979
"7888",2015,217,0.644206624710234
"7889",2015,218,0.618342845605343
"7890",2015,219,0.59275945939064
"7891",2015,220,0.605250867488486
"7892",2015,221,0.63153542205767
"7893",2015,222,0.663307074592794
"7894",2015,223,0.681091372402016
"7895",2015,224,0.701161423818546
"7896",2015,225,0.710514625048748
"7897",2015,226,0.715844273811339
"7898",2015,227,0.610211612400729
"7899",2015,228,0.527241948253511
"7900",2015,229,0.501770369565932
"7901",2015,230,0.495003389319449
"7902",2015,231,0.530665664032168
"7903",2015,232,0.577558441974801
"7904",2015,233,0.553436709760195
"7905",2015,234,0.457247964637328
"7906",2015,235,0.488031176563084
"7907",2015,236,0.550084845126071
"7908",2015,237,0.58351670143822
"7909",2015,238,0.593611954093352
"7910",2015,239,0.57210949986523
"7911",2015,240,0.572571784560575
"7912",2015,241,0.600183667348463
"7913",2015,242,0.532241758980135
"7914",2015,243,0.49374280652907
"7915",2015,244,0.517216758694973
"7916",2015,245,0.514615309068696
"7917",2015,246,0.467294578507745
"7918",2015,247,0.433618932404051
"7919",2015,248,0.394936117671783
"7920",2015,249,0.380260442808442
"7921",2015,250,0.37635719104355
"7922",2015,251,0.39320330940688
"7923",2015,252,0.411095355881536
"7924",2015,253,0.409166330198067
"7925",2015,254,0.42018647692265
"7926",2015,255,0.450848159289449
"7927",2015,256,0.424511741527896
"7928",2015,257,0.403964579422407
"7929",2015,258,0.358216475611979
"7930",2015,259,0.308662925608209
"7931",2015,260,0.321872219937297
"7932",2015,261,0.336277295424612
"7933",2015,262,0.351035756539852
"7934",2015,263,0.376896145283657
"7935",2015,264,0.346180840004963
"7936",2015,265,0.342117248581089
"7937",2015,266,0.34886183015775
"7938",2015,267,0.36644301793906
"7939",2015,268,0.388812608813281
"7940",2015,269,0.358275674615367
"7941",2015,270,0.303851085446005
"7942",2015,271,0.275922552988801
"7943",2015,272,0.29145451936682
"7944",2015,273,0.291539439048326
"7945",2015,274,0.276359308778272
"7946",2015,275,0.25045044591872
"7947",2015,276,0.226671100170578
"7948",2015,277,0.199423447689087
"7949",2015,278,0.212907927173329
"7950",2015,279,0.225989726132478
"7951",2015,280,0.241568724343719
"7952",2015,281,0.240768624578123
"7953",2015,282,0.263789978367606
"7954",2015,283,0.278004021805953
"7955",2015,284,0.228745729054836
"7956",2015,285,0.209130088158317
"7957",2015,286,0.205134567926402
"7958",2015,287,0.187662293513697
"7959",2015,288,0.164130495617807
"7960",2015,289,0.162483123226717
"7961",2015,290,0.17375164630339
"7962",2015,291,0.183307099388329
"7963",2015,292,0.178864538205749
"7964",2015,293,0.159244437242243
"7965",2015,294,0.158059231193922
"7966",2015,295,0.157210946697428
"7967",2015,296,0.145395150866161
"7968",2015,297,0.136161187455025
"7969",2015,298,0.140385612815551
"7970",2015,299,0.130253670512596
"7971",2015,300,0.113619845991744
"7972",2015,301,0.107001734053158
"7973",2015,302,0.108282056941887
"7974",2015,303,0.124814689896754
"7975",2015,304,0.129089664747133
"7976",2015,305,0.134986540210633
"7977",2015,306,0.113120698071655
"7978",2015,307,0.0994588352576107
"7979",2015,308,0.0930723496154179
"7980",2015,309,0.0908644199843382
"7981",2015,310,0.0953899240797649
"7982",2015,311,0.101913907959024
"7983",2015,312,0.105259635397609
"7984",2015,313,0.0875067574645175
"7985",2015,314,0.0739398370421028
"7986",2015,315,0.0813620682937899
"7987",2015,316,0.0796002261814604
"7988",2015,317,0.097319260794239
"7989",2015,318,0.102338244130132
"7990",2015,319,0.094223519431726
"7991",2015,320,0.0767876908031671
"7992",2015,321,0.0767763679899194
"7993",2015,322,0.0676096060088694
"7994",2015,323,0.0533316844341454
"7995",2015,324,0.0522163951421839
"7996",2015,325,0.0566975836213315
"7997",2015,326,0.0719294338868798
"7998",2015,327,0.0652790548526803
"7999",2015,328,0.0509772148741429
"8000",2015,329,0.0325547759879535
"8001",2015,330,0.029364779241795
"8002",2015,331,0.0339225407608621
"8003",2015,332,0.0367394760338828
"8004",2015,333,0.0375487691149209
"8005",2015,334,0.0382064325131267
"8006",2015,335,0.0421076111306987
"8007",2015,336,0.0490642804677177
"8008",2015,337,0.0564146141137309
"8009",2015,338,0.06439534298525
"8010",2015,339,0.0608592884008633
"8011",2015,340,0.0620365296340417
"8012",2015,341,0.0660497698419464
"8013",2015,342,0.070321279897775
"8014",2015,343,0.0722933212215267
"8015",2015,344,0.0545927748452653
"8016",2015,345,0.0457922857410206
"8017",2015,346,0.0402491097509326
"8018",2015,347,0.0448451452993706
"8019",2015,348,0.0426203768038725
"8020",2015,349,0.0329245692262381
"8021",2015,350,0.0296522523723316
"8022",2015,351,0.0255776590839785
"8023",2015,352,0.0265832810896111
"8024",2015,353,0.0356853735361518
"8025",2015,354,0.0380271849910006
"8026",2015,355,0.0383084178584046
"8027",2015,356,0.0372648751007436
"8028",2015,357,0.0333387865753538
"8029",2015,358,0.029481457885611
"8030",2015,359,0.0225893499868114
"8031",2015,360,0.0199669831373571
"8032",2015,361,0.0261193851724556
"8033",2015,362,0.0265815522325742
"8034",2015,363,0.0253331644359031
"8035",2015,364,0.0278365771069574
"8036",2015,365,0.0326329798204802
"8037",2016,1,0.0362430798920754
"8038",2016,2,0.0310454642698761
"8039",2016,3,0.0301384130665036
"8040",2016,4,0.0360070660057761
"8041",2016,5,0.0371975992426381
"8042",2016,6,0.0378952037416612
"8043",2016,7,0.0330643302955114
"8044",2016,8,0.0259831257718781
"8045",2016,9,0.0216176420181906
"8046",2016,10,0.031714310256212
"8047",2016,11,0.041422003106331
"8048",2016,12,0.0481183263415174
"8049",2016,13,0.058747406087019
"8050",2016,14,0.0586901628370909
"8051",2016,15,0.0425235862626482
"8052",2016,16,0.0234398381166577
"8053",2016,17,0.0260597135383314
"8054",2016,18,0.0401707640417759
"8055",2016,19,0.0518094495722078
"8056",2016,20,0.0496085710802572
"8057",2016,21,0.0518233081137662
"8058",2016,22,0.0691635610034675
"8059",2016,23,0.0789191596516603
"8060",2016,24,0.0678591300091186
"8061",2016,25,0.065835468943337
"8062",2016,26,0.0724636049093371
"8063",2016,27,0.0922812693891419
"8064",2016,28,0.106736965500791
"8065",2016,29,0.105393898822728
"8066",2016,30,0.0979136325973167
"8067",2016,31,0.0867259767945299
"8068",2016,32,0.0804333858938644
"8069",2016,33,0.082437387905928
"8070",2016,34,0.0793683471860871
"8071",2016,35,0.0864382298052288
"8072",2016,36,0.104386543290127
"8073",2016,37,0.124860422722296
"8074",2016,38,0.112388681751738
"8075",2016,39,0.120745932537458
"8076",2016,40,0.139618630665432
"8077",2016,41,0.131604082574643
"8078",2016,42,0.12467000125725
"8079",2016,43,0.109174951156118
"8080",2016,44,0.123238617668347
"8081",2016,45,0.140869747244409
"8082",2016,46,0.139542480687477
"8083",2016,47,0.151378850488433
"8084",2016,48,0.156965452222415
"8085",2016,49,0.161544813904966
"8086",2016,50,0.163423106704607
"8087",2016,51,0.147006791948972
"8088",2016,52,0.141085810739284
"8089",2016,53,0.148769411333115
"8090",2016,54,0.150914149236442
"8091",2016,55,0.14371117324104
"8092",2016,56,0.160178985146188
"8093",2016,57,0.188163062189538
"8094",2016,58,0.195840936109966
"8095",2016,59,0.182770007151024
"8096",2016,60,0.151546973413957
"8097",2016,61,0.157720754809597
"8098",2016,62,0.179851169665889
"8099",2016,63,0.192878937272789
"8100",2016,64,0.208180398288843
"8101",2016,65,0.230651203780942
"8102",2016,66,0.237930197452555
"8103",2016,67,0.207744055384068
"8104",2016,68,0.18742683962829
"8105",2016,69,0.208996793390976
"8106",2016,70,0.238049228588993
"8107",2016,71,0.248895998007253
"8108",2016,72,0.252767174096036
"8109",2016,73,0.241641190235592
"8110",2016,74,0.22661166934707
"8111",2016,75,0.211316673668846
"8112",2016,76,0.202792807481303
"8113",2016,77,0.17208517395831
"8114",2016,78,0.159864010747657
"8115",2016,79,0.191795094685399
"8116",2016,80,0.245428886376331
"8117",2016,81,0.264975160429966
"8118",2016,82,0.216577575693696
"8119",2016,83,0.244353653263282
"8120",2016,84,0.254183282188863
"8121",2016,85,0.228037106393069
"8122",2016,86,0.238601089474711
"8123",2016,87,0.263743579004356
"8124",2016,88,0.26631103849662
"8125",2016,89,0.269841132952577
"8126",2016,90,0.268149864558217
"8127",2016,91,0.264579973214583
"8128",2016,92,0.307856841168758
"8129",2016,93,0.346150806405597
"8130",2016,94,0.353261218040399
"8131",2016,95,0.342055856691768
"8132",2016,96,0.297666990831713
"8133",2016,97,0.329255560230134
"8134",2016,98,0.333305157575115
"8135",2016,99,0.343989219664784
"8136",2016,100,0.355030848655266
"8137",2016,101,0.314930377800614
"8138",2016,102,0.334507578812887
"8139",2016,103,0.407342895463875
"8140",2016,104,0.385398738998675
"8141",2016,105,0.373325810038101
"8142",2016,106,0.326603316664931
"8143",2016,107,0.341054432023426
"8144",2016,108,0.351021698206177
"8145",2016,109,0.365032660557026
"8146",2016,110,0.400607948096202
"8147",2016,111,0.426436609984563
"8148",2016,112,0.445289145193076
"8149",2016,113,0.46670723244536
"8150",2016,114,0.408085604122207
"8151",2016,115,0.333363969265993
"8152",2016,116,0.311607133037891
"8153",2016,117,0.328187873427547
"8154",2016,118,0.332622223214256
"8155",2016,119,0.375028140328193
"8156",2016,120,0.400456616579657
"8157",2016,121,0.417858026684964
"8158",2016,122,0.432210479097765
"8159",2016,123,0.482008885550025
"8160",2016,124,0.5253176365253
"8161",2016,125,0.549890369715531
"8162",2016,126,0.554219650984688
"8163",2016,127,0.482050015672191
"8164",2016,128,0.491148892841967
"8165",2016,129,0.521891048713858
"8166",2016,130,0.428383078486317
"8167",2016,131,0.373747455494046
"8168",2016,132,0.415678094689225
"8169",2016,133,0.41494494986693
"8170",2016,134,0.400253677336704
"8171",2016,135,0.427061702312895
"8172",2016,136,0.458595084459625
"8173",2016,137,0.49401170802371
"8174",2016,138,0.517864546127864
"8175",2016,139,0.550070088266649
"8176",2016,140,0.568186523438478
"8177",2016,141,0.53983422110804
"8178",2016,142,0.513426352847055
"8179",2016,143,0.512330643900784
"8180",2016,144,0.494531029275249
"8181",2016,145,0.494687972933429
"8182",2016,146,0.49936191869413
"8183",2016,147,0.493650022767278
"8184",2016,148,0.524413912250254
"8185",2016,149,0.526362685030318
"8186",2016,150,0.544315734040502
"8187",2016,151,0.527162727778796
"8188",2016,152,0.51535714873912
"8189",2016,153,0.548733209049799
"8190",2016,154,0.580859552039954
"8191",2016,155,0.582047907130414
"8192",2016,156,0.607587068871878
"8193",2016,157,0.598530543970939
"8194",2016,158,0.60691055389645
"8195",2016,159,0.64715861978106
"8196",2016,160,0.684413364661845
"8197",2016,161,0.653087802131956
"8198",2016,162,0.641457971528346
"8199",2016,163,0.599408674598269
"8200",2016,164,0.594212150838321
"8201",2016,165,0.625014139886595
"8202",2016,166,0.622221446185076
"8203",2016,167,0.570829181632804
"8204",2016,168,0.588626863306789
"8205",2016,169,0.598226543759178
"8206",2016,170,0.636292870618449
"8207",2016,171,0.612489962197245
"8208",2016,172,0.628275795166677
"8209",2016,173,0.648567519266709
"8210",2016,174,0.631791775851569
"8211",2016,175,0.686145337015423
"8212",2016,176,0.641853669789927
"8213",2016,177,0.59482408893833
"8214",2016,178,0.622897288361092
"8215",2016,179,0.628742306641363
"8216",2016,180,0.66360496244649
"8217",2016,181,0.669999488774067
"8218",2016,182,0.678494604007431
"8219",2016,183,0.674040511931258
"8220",2016,184,0.707770654357208
"8221",2016,185,0.69553177548855
"8222",2016,186,0.674384483995231
"8223",2016,187,0.639870320764677
"8224",2016,188,0.606599106712499
"8225",2016,189,0.638285178094374
"8226",2016,190,0.713104104957793
"8227",2016,191,0.702694256370739
"8228",2016,192,0.615294103820295
"8229",2016,193,0.599112976365417
"8230",2016,194,0.631944413097056
"8231",2016,195,0.633851767803536
"8232",2016,196,0.63143055932021
"8233",2016,197,0.631763658045521
"8234",2016,198,0.618533142326161
"8235",2016,199,0.642229714292897
"8236",2016,200,0.680567933033039
"8237",2016,201,0.702774489999102
"8238",2016,202,0.690772516459356
"8239",2016,203,0.699035836739822
"8240",2016,204,0.708906327896922
"8241",2016,205,0.654028232640015
"8242",2016,206,0.663165236278844
"8243",2016,207,0.695921501946383
"8244",2016,208,0.679355905815314
"8245",2016,209,0.633893118948771
"8246",2016,210,0.635529810574106
"8247",2016,211,0.654527121799706
"8248",2016,212,0.683706503865718
"8249",2016,213,0.674015581588159
"8250",2016,214,0.634437231395132
"8251",2016,215,0.654967852409376
"8252",2016,216,0.619931013596251
"8253",2016,217,0.602666762112405
"8254",2016,218,0.631196202856288
"8255",2016,219,0.643251927900333
"8256",2016,220,0.645220291346979
"8257",2016,221,0.630484081053749
"8258",2016,222,0.622311317611143
"8259",2016,223,0.5985134838315
"8260",2016,224,0.589285962646929
"8261",2016,225,0.589371675865032
"8262",2016,226,0.595790152467218
"8263",2016,227,0.630055324018567
"8264",2016,228,0.6248868893105
"8265",2016,229,0.631414783378749
"8266",2016,230,0.622351676444187
"8267",2016,231,0.535560710806987
"8268",2016,232,0.499072211804419
"8269",2016,233,0.533456849773027
"8270",2016,234,0.58568572631382
"8271",2016,235,0.575429454056908
"8272",2016,236,0.494418006891717
"8273",2016,237,0.462547643146336
"8274",2016,238,0.478104210070937
"8275",2016,239,0.480160468812071
"8276",2016,240,0.513599296289364
"8277",2016,241,0.530981025014136
"8278",2016,242,0.51563821378214
"8279",2016,243,0.54153912862133
"8280",2016,244,0.576112083310018
"8281",2016,245,0.57369911984379
"8282",2016,246,0.513459370217107
"8283",2016,247,0.46587300388393
"8284",2016,248,0.406526104372669
"8285",2016,249,0.366226153453407
"8286",2016,250,0.411456840757318
"8287",2016,251,0.417860413494523
"8288",2016,252,0.411459923163284
"8289",2016,253,0.385711359522328
"8290",2016,254,0.408227730973157
"8291",2016,255,0.364372462788964
"8292",2016,256,0.307221305546997
"8293",2016,257,0.310173627771131
"8294",2016,258,0.353793264010077
"8295",2016,259,0.379994903037251
"8296",2016,260,0.39348012257715
"8297",2016,261,0.396331776351597
"8298",2016,262,0.36870553916471
"8299",2016,263,0.344230572045217
"8300",2016,264,0.330289581721857
"8301",2016,265,0.306454983218538
"8302",2016,266,0.292109757215744
"8303",2016,267,0.29040739855012
"8304",2016,268,0.285933336371314
"8305",2016,269,0.286070748593242
"8306",2016,270,0.303809778142771
"8307",2016,271,0.32557631165284
"8308",2016,272,0.301836283597153
"8309",2016,273,0.319837465694399
"8310",2016,274,0.316691709990576
"8311",2016,275,0.310106907802166
"8312",2016,276,0.262484534937261
"8313",2016,277,0.223865238842724
"8314",2016,278,0.19008776089913
"8315",2016,279,0.178804685328843
"8316",2016,280,0.169705171095914
"8317",2016,281,0.167942180361028
"8318",2016,282,0.185780735705546
"8319",2016,283,0.202986449875232
"8320",2016,284,0.156545996359646
"8321",2016,285,0.138873372462604
"8322",2016,286,0.15185489431763
"8323",2016,287,0.166651932154051
"8324",2016,288,0.184585021567354
"8325",2016,289,0.190212187741174
"8326",2016,290,0.176510722622099
"8327",2016,291,0.160329074918315
"8328",2016,292,0.148757589856313
"8329",2016,293,0.146117446507619
"8330",2016,294,0.154249618200814
"8331",2016,295,0.158981760894514
"8332",2016,296,0.152135807931377
"8333",2016,297,0.147164747846346
"8334",2016,298,0.143366388434203
"8335",2016,299,0.147431730983548
"8336",2016,300,0.145060687094129
"8337",2016,301,0.149658652138234
"8338",2016,302,0.132245641656572
"8339",2016,303,0.120422265626328
"8340",2016,304,0.134624955055209
"8341",2016,305,0.123423914031379
"8342",2016,306,0.124880215605022
"8343",2016,307,0.123881254035028
"8344",2016,308,0.134252936576978
"8345",2016,309,0.124928301183602
"8346",2016,310,0.121888433833776
"8347",2016,311,0.120498346700068
"8348",2016,312,0.108841452232336
"8349",2016,313,0.114216037989345
"8350",2016,314,0.121449873037311
"8351",2016,315,0.102335280099701
"8352",2016,316,0.104598165454766
"8353",2016,317,0.11609036557286
"8354",2016,318,0.106902701595166
"8355",2016,319,0.103815760638931
"8356",2016,320,0.0936176417005108
"8357",2016,321,0.0807888202208436
"8358",2016,322,0.0665771026239265
"8359",2016,323,0.0609167324641785
"8360",2016,324,0.0672410913105648
"8361",2016,325,0.0771694500093615
"8362",2016,326,0.0776992364032437
"8363",2016,327,0.0706136415562015
"8364",2016,328,0.0648754815153762
"8365",2016,329,0.0697990601242797
"8366",2016,330,0.0703284964044813
"8367",2016,331,0.0687548403588122
"8368",2016,332,0.0616334988383338
"8369",2016,333,0.0521501677580099
"8370",2016,334,0.0485437291442523
"8371",2016,335,0.0430555414193609
"8372",2016,336,0.0506079137718836
"8373",2016,337,0.0575423471536998
"8374",2016,338,0.0574742066708017
"8375",2016,339,0.0454292945645479
"8376",2016,340,0.0316804203063025
"8377",2016,341,0.020844929407313
"8378",2016,342,0.0188184748163909
"8379",2016,343,0.0171960713380167
"8380",2016,344,0.0189168510862266
"8381",2016,345,0.0196626907443791
"8382",2016,346,0.0179241668651417
"8383",2016,347,0.0195209915599637
"8384",2016,348,0.0221731018615061
"8385",2016,349,0.0207466960555358
"8386",2016,350,0.0205801974568765
"8387",2016,351,0.0148650223292092
"8388",2016,352,0.0128230812774129
"8389",2016,353,0.0249292326910916
"8390",2016,354,0.0443789037127436
"8391",2016,355,0.0516172301431703
"8392",2016,356,0.0513710689215024
"8393",2016,357,0.0453180425860384
"8394",2016,358,0.041076897135876
"8395",2016,359,0.030281058299625
"8396",2016,360,0.0247673470148167
"8397",2016,361,0.0297583546078793
"8398",2016,362,0.0401831381984969
"8399",2016,363,0.0458682677605963
"8400",2016,364,0.0440206050486373
"8401",2016,365,0.0425424797655746
"8402",2017,1,0.0312856642256611
"8403",2017,2,0.0220345827062986
"8404",2017,3,0.0165842661928684
"8405",2017,4,0.0194539604677032
"8406",2017,5,0.0218828922144613
"8407",2017,6,0.0270077882689689
"8408",2017,7,0.0224547832703216
"8409",2017,8,0.0225749756137999
"8410",2017,9,0.0243942921528936
"8411",2017,10,0.0201104329223372
"8412",2017,11,0.0152423095231382
"8413",2017,12,0.0191374480152963
"8414",2017,13,0.0275425668090882
"8415",2017,14,0.0338874885112763
"8416",2017,15,0.0421955800479274
"8417",2017,16,0.0470864644946729
"8418",2017,17,0.0628921919240304
"8419",2017,18,0.0804946765974438
"8420",2017,19,0.0782170001705966
"8421",2017,20,0.0752577736544324
"8422",2017,21,0.0642895787008856
"8423",2017,22,0.0593289633973314
"8424",2017,23,0.0614459493125139
"8425",2017,24,0.0568345194057608
"8426",2017,25,0.0538216566630655
"8427",2017,26,0.0637958650137328
"8428",2017,27,0.0755615562863245
"8429",2017,28,0.0948172961905909
"8430",2017,29,0.112107470831563
"8431",2017,30,0.0994451427645484
"8432",2017,31,0.0703889659461433
"8433",2017,32,0.0531400325342156
"8434",2017,33,0.0536359387528688
"8435",2017,34,0.0582227644362075
"8436",2017,35,0.0594780513488323
"8437",2017,36,0.0573552388991013
"8438",2017,37,0.0466848406924638
"8439",2017,38,0.0372178055076197
"8440",2017,39,0.0409512927517073
"8441",2017,40,0.0881160553374557
"8442",2017,41,0.13301967125901
"8443",2017,42,0.120923112467797
"8444",2017,43,0.128261879017915
"8445",2017,44,0.139063021223118
"8446",2017,45,0.153370116331291
"8447",2017,46,0.179375250896404
"8448",2017,47,0.19235719300375
"8449",2017,48,0.17204123950008
"8450",2017,49,0.156533873125497
"8451",2017,50,0.158444433333866
"8452",2017,51,0.170342387558832
"8453",2017,52,0.159098944672655
"8454",2017,53,0.133397829048029
"8455",2017,54,0.119802373385117
"8456",2017,55,0.124771365934478
"8457",2017,56,0.119238328733042
"8458",2017,57,0.110145643350622
"8459",2017,58,0.0971873098137009
"8460",2017,59,0.106134800200999
"8461",2017,60,0.133592065511314
"8462",2017,61,0.146870876601209
"8463",2017,62,0.191694489865185
"8464",2017,63,0.204083499139718
"8465",2017,64,0.18157789002238
"8466",2017,65,0.151838864968502
"8467",2017,66,0.1390394814425
"8468",2017,67,0.128935234454903
"8469",2017,68,0.10419734125592
"8470",2017,69,0.0913650702346285
"8471",2017,70,0.097434026961787
"8472",2017,71,0.102507973289205
"8473",2017,72,0.131064458958847
"8474",2017,73,0.175683328718291
"8475",2017,74,0.235237457348837
"8476",2017,75,0.242487183534164
"8477",2017,76,0.21807131637933
"8478",2017,77,0.278668428166866
"8479",2017,78,0.248968130184852
"8480",2017,79,0.213426603460771
"8481",2017,80,0.214364844230594
"8482",2017,81,0.276648804848428
"8483",2017,82,0.274774342521177
"8484",2017,83,0.28015568508036
"8485",2017,84,0.290596365309413
"8486",2017,85,0.280360977377252
"8487",2017,86,0.288848209140544
"8488",2017,87,0.294413565597238
"8489",2017,88,0.30074523750561
"8490",2017,89,0.314921841862159
"8491",2017,90,0.297344119982074
"8492",2017,91,0.311262228773688
"8493",2017,92,0.311554979846267
"8494",2017,93,0.277514569208114
"8495",2017,94,0.289024997532618
"8496",2017,95,0.307543140193275
"8497",2017,96,0.365546283318969
"8498",2017,97,0.386945130327437
"8499",2017,98,0.362686422638477
"8500",2017,99,0.30416617536325
"8501",2017,100,0.328392904791695
"8502",2017,101,0.331381680285819
"8503",2017,102,0.347122385661217
"8504",2017,103,0.420774971376276
"8505",2017,104,0.376151251572468
"8506",2017,105,0.345018739403381
"8507",2017,106,0.312758715166012
"8508",2017,107,0.323625939796447
"8509",2017,108,0.376728241578381
"8510",2017,109,0.382368091946546
"8511",2017,110,0.389749154167159
"8512",2017,111,0.381921652970532
"8513",2017,112,0.3899180226476
"8514",2017,113,0.366495003916408
"8515",2017,114,0.355577850721746
"8516",2017,115,0.323855680832332
"8517",2017,116,0.363710086996342
"8518",2017,117,0.383768587532423
"8519",2017,118,0.385800566007474
"8520",2017,119,0.395861611292107
"8521",2017,120,0.422623237226404
"8522",2017,121,0.404063501966126
"8523",2017,122,0.405316861150115
"8524",2017,123,0.433028220659472
"8525",2017,124,0.50374882591197
"8526",2017,125,0.552506464229317
"8527",2017,126,0.564081654588696
"8528",2017,127,0.485052303082114
"8529",2017,128,0.435167787645544
"8530",2017,129,0.476068486162415
"8531",2017,130,0.496002805261624
"8532",2017,131,0.54294602116434
"8533",2017,132,0.578427495884306
"8534",2017,133,0.484136761996983
"8535",2017,134,0.451861313786362
"8536",2017,135,0.445113267138964
"8537",2017,136,0.478485699507587
"8538",2017,137,0.459647181320939
"8539",2017,138,0.442361420222971
"8540",2017,139,0.455549327210261
"8541",2017,140,0.491531157661733
"8542",2017,141,0.516619697676485
"8543",2017,142,0.510129943216078
"8544",2017,143,0.537971495637002
"8545",2017,144,0.561593783757793
"8546",2017,145,0.483287435711924
"8547",2017,146,0.505268482012165
"8548",2017,147,0.548000283917968
"8549",2017,148,0.54540248029097
"8550",2017,149,0.514515267834175
"8551",2017,150,0.553608809391816
"8552",2017,151,0.609334900681454
"8553",2017,152,0.653752903053505
"8554",2017,153,0.602061763643309
"8555",2017,154,0.624281192081966
"8556",2017,155,0.675227797028768
"8557",2017,156,0.60578592099053
"8558",2017,157,0.574081724379591
"8559",2017,158,0.61589773448532
"8560",2017,159,0.675051492712061
"8561",2017,160,0.624974187595984
"8562",2017,161,0.584385338914584
"8563",2017,162,0.587874505197575
"8564",2017,163,0.621317744099225
"8565",2017,164,0.613543691505547
"8566",2017,165,0.575613982158174
"8567",2017,166,0.60243774848054
"8568",2017,167,0.625347239045286
"8569",2017,168,0.59011641030735
"8570",2017,169,0.607193966030998
"8571",2017,170,0.628680422114051
"8572",2017,171,0.676249957330026
"8573",2017,172,0.642628988261585
"8574",2017,173,0.577933475113019
"8575",2017,174,0.559164375839695
"8576",2017,175,0.58152636774059
"8577",2017,176,0.625657698366503
"8578",2017,177,0.67408175324718
"8579",2017,178,0.669417600470428
"8580",2017,179,0.648661318282716
"8581",2017,180,0.598381738337649
"8582",2017,181,0.623397570849142
"8583",2017,182,0.701455360784268
"8584",2017,183,0.725179200316895
"8585",2017,184,0.742883349284495
"8586",2017,185,0.73255360535485
"8587",2017,186,0.752003455368746
"8588",2017,187,0.744792085950722
"8589",2017,188,0.73742854378338
"8590",2017,189,0.768564464276514
"8591",2017,190,0.764541534894864
"8592",2017,191,0.740413026963807
"8593",2017,192,0.684136178002862
"8594",2017,193,0.679740978403208
"8595",2017,194,0.752270571912724
"8596",2017,195,0.763844869064747
"8597",2017,196,0.743731764620711
"8598",2017,197,0.745202472651694
"8599",2017,198,0.678935755268514
"8600",2017,199,0.696110422204419
"8601",2017,200,0.720878769087386
"8602",2017,201,0.738746819782562
"8603",2017,202,0.70914248364405
"8604",2017,203,0.676363158035759
"8605",2017,204,0.729497189039831
"8606",2017,205,0.695232947556177
"8607",2017,206,0.657565001064826
"8608",2017,207,0.698205391328072
"8609",2017,208,0.72046157905112
"8610",2017,209,0.712298613249186
"8611",2017,210,0.709313099420053
"8612",2017,211,0.737867735026903
"8613",2017,212,0.711401199193748
"8614",2017,213,0.676465230302442
"8615",2017,214,0.594038167541088
"8616",2017,215,0.596281360853627
"8617",2017,216,0.630445408572031
"8618",2017,217,0.591705721321768
"8619",2017,218,0.577070121045886
"8620",2017,219,0.603040425256279
"8621",2017,220,0.600915720147474
"8622",2017,221,0.574358604443121
"8623",2017,222,0.581847840123042
"8624",2017,223,0.596264239897325
"8625",2017,224,0.593508918256327
"8626",2017,225,0.600575212837194
"8627",2017,226,0.601622057363407
"8628",2017,227,0.578088829254449
"8629",2017,228,0.601019185929485
"8630",2017,229,0.61171541524894
"8631",2017,230,0.609364627379691
"8632",2017,231,0.577736314960146
"8633",2017,232,0.555604473335142
"8634",2017,233,0.5511017422706
"8635",2017,234,0.562305195199846
"8636",2017,235,0.596143394892858
"8637",2017,236,0.607279020307742
"8638",2017,237,0.57049076832414
"8639",2017,238,0.551080040239637
"8640",2017,239,0.556431639987624
"8641",2017,240,0.575859474772823
"8642",2017,241,0.576638375284362
"8643",2017,242,0.576003461146484
"8644",2017,243,0.569350385890565
"8645",2017,244,0.528477679281533
"8646",2017,245,0.536373845710689
"8647",2017,246,0.505821301659849
"8648",2017,247,0.437411821153951
"8649",2017,248,0.427871809963321
"8650",2017,249,0.462459422424474
"8651",2017,250,0.478089310489064
"8652",2017,251,0.491674372366375
"8653",2017,252,0.496251344096204
"8654",2017,253,0.481899300931142
"8655",2017,254,0.468619464104716
"8656",2017,255,0.453377999603318
"8657",2017,256,0.402474685478101
"8658",2017,257,0.340831630178107
"8659",2017,258,0.307997830861438
"8660",2017,259,0.30674487023254
"8661",2017,260,0.328013864130633
"8662",2017,261,0.354535591549367
"8663",2017,262,0.322821499767599
"8664",2017,263,0.313499384061021
"8665",2017,264,0.297696522070555
"8666",2017,265,0.264177999011484
"8667",2017,266,0.263016561245952
"8668",2017,267,0.268734642136795
"8669",2017,268,0.275033479534747
"8670",2017,269,0.288656468982174
"8671",2017,270,0.311845082907786
"8672",2017,271,0.311086243444516
"8673",2017,272,0.305611388338621
"8674",2017,273,0.297190319755114
"8675",2017,274,0.251060201367536
"8676",2017,275,0.208252738575132
"8677",2017,276,0.176583242442853
"8678",2017,277,0.188666678454432
"8679",2017,278,0.196187462944736
"8680",2017,279,0.224098990534093
"8681",2017,280,0.20474233793217
"8682",2017,281,0.178719915742793
"8683",2017,282,0.182985736283795
"8684",2017,283,0.200319992957617
"8685",2017,284,0.203516086182875
"8686",2017,285,0.170591910605962
"8687",2017,286,0.163959581740731
"8688",2017,287,0.163755061654607
"8689",2017,288,0.184085549415407
"8690",2017,289,0.197362248015544
"8691",2017,290,0.213231718636226
"8692",2017,291,0.181842179696981
"8693",2017,292,0.200975678696001
"8694",2017,293,0.17760826937209
"8695",2017,294,0.156493316390555
"8696",2017,295,0.156937864318671
"8697",2017,296,0.149553994067643
"8698",2017,297,0.155707283404332
"8699",2017,298,0.16250856637017
"8700",2017,299,0.111667821254166
"8701",2017,300,0.112655121203787
"8702",2017,301,0.142639955465017
"8703",2017,302,0.116237971805348
"8704",2017,303,0.0919494937283426
"8705",2017,304,0.102569803690283
"8706",2017,305,0.0944465658861824
"8707",2017,306,0.0845687198880939
"8708",2017,307,0.0747259972505295
"8709",2017,308,0.054523697451385
"8710",2017,309,0.0488972328990482
"8711",2017,310,0.0483250295690535
"8712",2017,311,0.0503255737232383
"8713",2017,312,0.0482484506651182
"8714",2017,313,0.0538056838050358
"8715",2017,314,0.0720152089480683
"8716",2017,315,0.0698997735107601
"8717",2017,316,0.0764103969823249
"8718",2017,317,0.0864189065693321
"8719",2017,318,0.0725504595527757
"8720",2017,319,0.0609924187606147
"8721",2017,320,0.0745856211129576
"8722",2017,321,0.0682788686653891
"8723",2017,322,0.0617502546574217
"8724",2017,323,0.0760472304317587
"8725",2017,324,0.070399664316416
"8726",2017,325,0.0545182674150899
"8727",2017,326,0.0885685213536357
"8728",2017,327,0.104422296782375
"8729",2017,328,0.082114432450613
"8730",2017,329,0.0714513886947842
"8731",2017,330,0.0801695267436858
"8732",2017,331,0.0750870988836257
"8733",2017,332,0.0655131061147414
"8734",2017,333,0.067551003206896
"8735",2017,334,0.0643104431797147
"8736",2017,335,0.06567878110773
"8737",2017,336,0.0625213692928013
"8738",2017,337,0.0549298814608867
"8739",2017,338,0.0444185313205757
"8740",2017,339,0.0551314280788114
"8741",2017,340,0.0489256102828178
"8742",2017,341,0.0574929002356928
"8743",2017,342,0.0636962609547772
"8744",2017,343,0.0662930869958674
"8745",2017,344,0.0671987832240494
"8746",2017,345,0.061541670228886
"8747",2017,346,0.0657003223331172
"8748",2017,347,0.0561921152107215
"8749",2017,348,0.0515160533913767
"8750",2017,349,0.0570688742674743
"8751",2017,350,0.0502431942722365
"8752",2017,351,0.0436689223418569
"8753",2017,352,0.0523313096224161
"8754",2017,353,0.0403791247689126
"8755",2017,354,0.0316614503488584
"8756",2017,355,0.0260178117153293
"8757",2017,356,0.0264082530874442
"8758",2017,357,0.0268011200179692
"8759",2017,358,0.0215152996183466
"8760",2017,359,0.0120833155442574
"8761",2017,360,0.0119245341195052
"8762",2017,361,0.0152015964941801
"8763",2017,362,0.0165394748452406
"8764",2017,363,0.0149248264306067
"8765",2017,364,0.0106862265501833
"8766",2017,365,0.0103343392568261
"8767",2018,1,0.0111868291372329
"8768",2018,2,0.0218079256564223
"8769",2018,3,0.034023206449796
"8770",2018,4,0.0387050909920595
"8771",2018,5,0.0390598250590581
"8772",2018,6,0.0522462309114225
"8773",2018,7,0.0592113690186225
"8774",2018,8,0.0544391786441483
"8775",2018,9,0.0506340318263437
"8776",2018,10,0.0242799674956152
"8777",2018,11,0.0155237838203364
"8778",2018,12,0.0186178171243673
"8779",2018,13,0.034351278665752
"8780",2018,14,0.0355752580360079
"8781",2018,15,0.0187576938148879
"8782",2018,16,0.0301831925193789
"8783",2018,17,0.0499940797066993
"8784",2018,18,0.076640365860198
"8785",2018,19,0.0721690652069965
"8786",2018,20,0.0619072179638596
"8787",2018,21,0.0589353425222434
"8788",2018,22,0.0590200623635938
"8789",2018,23,0.0643962400847809
"8790",2018,24,0.0671496856871079
"8791",2018,25,0.0735034764341129
"8792",2018,26,0.0629988750942364
"8793",2018,27,0.0448261352184617
"8794",2018,28,0.0478321280144476
"8795",2018,29,0.0751741414003135
"8796",2018,30,0.0929250477693427
"8797",2018,31,0.0561845079692899
"8798",2018,32,0.0389438486738132
"8799",2018,33,0.0533854269932012
"8800",2018,34,0.0403187611320031
"8801",2018,35,0.0291394961710667
"8802",2018,36,0.0378781087901477
"8803",2018,37,0.0385465658486091
"8804",2018,38,0.0517038133229302
"8805",2018,39,0.0424458095584096
"8806",2018,40,0.0302960292730711
"8807",2018,41,0.0332343442379818
"8808",2018,42,0.0370800511827954
"8809",2018,43,0.0287339619215723
"8810",2018,44,0.0622069723760282
"8811",2018,45,0.0980350331450505
"8812",2018,46,0.0653337443970039
"8813",2018,47,0.0745193144143762
"8814",2018,48,0.075604375409194
"8815",2018,49,0.058126868036184
"8816",2018,50,0.0442340749800387
"8817",2018,51,0.0373290725115694
"8818",2018,52,0.042643348876922
"8819",2018,53,0.0456253759034276
"8820",2018,54,0.0561802130327378
"8821",2018,55,0.0849663477151839
"8822",2018,56,0.106862092736445
"8823",2018,57,0.110101641668133
"8824",2018,58,0.101421856130422
"8825",2018,59,0.117248007417657
"8826",2018,60,0.108498615181491
"8827",2018,61,0.112789168270467
"8828",2018,62,0.126908879034082
"8829",2018,63,0.115917126809702
"8830",2018,64,0.0955725759407981
"8831",2018,65,0.0844857863484264
"8832",2018,66,0.0987470965166675
"8833",2018,67,0.0973607707679173
"8834",2018,68,0.152607504899428
"8835",2018,69,0.141652361909626
"8836",2018,70,0.136798435940234
"8837",2018,71,0.130838356693826
"8838",2018,72,0.136756183812628
"8839",2018,73,0.152915284119343
"8840",2018,74,0.161579040498182
"8841",2018,75,0.162212851138166
"8842",2018,76,0.171649056373186
"8843",2018,77,0.187083180148087
"8844",2018,78,0.191687724942601
"8845",2018,79,0.184337210375433
"8846",2018,80,0.194249916576788
"8847",2018,81,0.193800401778744
"8848",2018,82,0.208300126557993
"8849",2018,83,0.210374900351107
"8850",2018,84,0.211750702318047
"8851",2018,85,0.220431879584393
"8852",2018,86,0.235626746072347
"8853",2018,87,0.21409329881685
"8854",2018,88,0.210217387159471
"8855",2018,89,0.193830737752272
"8856",2018,90,0.129841401782832
"8857",2018,91,0.147440199659523
"8858",2018,92,0.141726799534345
"8859",2018,93,0.140609321396037
"8860",2018,94,0.205844319440474
"8861",2018,95,0.173895347885002
"8862",2018,96,0.147668956534858
"8863",2018,97,0.201299365120435
"8864",2018,98,0.230712163966375
"8865",2018,99,0.2529906317422
"8866",2018,100,0.301131831488128
"8867",2018,101,0.312240278102819
"8868",2018,102,0.279105357239836
"8869",2018,103,0.268313199874389
"8870",2018,104,0.305141490327565
"8871",2018,105,0.341620690206785
"8872",2018,106,0.363623527208861
"8873",2018,107,0.331109913559065
"8874",2018,108,0.35015004380314
"8875",2018,109,0.363258835126074
"8876",2018,110,0.39617523646709
"8877",2018,111,0.423108912091694
"8878",2018,112,0.395510562528713
"8879",2018,113,0.365796928673906
"8880",2018,114,0.380015720821099
"8881",2018,115,0.405867932335963
"8882",2018,116,0.429902199310484
"8883",2018,117,0.442501441071566
"8884",2018,118,0.471751937749642
"8885",2018,119,0.459026901852363
"8886",2018,120,0.394338681153304
"8887",2018,121,0.405324697752463
"8888",2018,122,0.433146213615377
"8889",2018,123,0.48618728604113
"8890",2018,124,0.500135704337646
"8891",2018,125,0.505933950701413
"8892",2018,126,0.517802735614961
"8893",2018,127,0.530593026045856
"8894",2018,128,0.516278768774766
"8895",2018,129,0.485669446206349
"8896",2018,130,0.438342367935245
"8897",2018,131,0.407357376187501
"8898",2018,132,0.434253564945063
"8899",2018,133,0.470993622195991
"8900",2018,134,0.52732436453201
"8901",2018,135,0.550976407608348
"8902",2018,136,0.583428664006789
"8903",2018,137,0.540698560863425
"8904",2018,138,0.454769041326083
"8905",2018,139,0.482024641725496
"8906",2018,140,0.518643998852124
"8907",2018,141,0.560364785719796
"8908",2018,142,0.574571819993131
"8909",2018,143,0.53994811706934
"8910",2018,144,0.580181386749266
"8911",2018,145,0.616151570412287
"8912",2018,146,0.633771149595809
"8913",2018,147,0.61539304841458
"8914",2018,148,0.596961456455971
"8915",2018,149,0.600885815069769
"8916",2018,150,0.60406028051813
"8917",2018,151,0.564930527114845
"8918",2018,152,0.530206205123732
"8919",2018,153,0.554886864743883
"8920",2018,154,0.596854038581502
"8921",2018,155,0.644145745838868
"8922",2018,156,0.574564349427
"8923",2018,157,0.604402381925865
"8924",2018,158,0.619377252369812
"8925",2018,159,0.632486897182959
"8926",2018,160,0.678498348907652
"8927",2018,161,0.58950523973669
"8928",2018,162,0.536952824569129
"8929",2018,163,0.562621298849018
"8930",2018,164,0.627261361380246
"8931",2018,165,0.60208450509511
"8932",2018,166,0.55663412690018
"8933",2018,167,0.525840958390472
"8934",2018,168,0.581396752798672
"8935",2018,169,0.5966795278968
"8936",2018,170,0.604147231641669
"8937",2018,171,0.622762460502424
"8938",2018,172,0.65137277294226
"8939",2018,173,0.652849357719295
"8940",2018,174,0.648176656379648
"8941",2018,175,0.641659214727609
"8942",2018,176,0.679105520243853
"8943",2018,177,0.642071740404803
"8944",2018,178,0.627971739628224
"8945",2018,179,0.676085867022789
"8946",2018,180,0.603815164942932
"8947",2018,181,0.623045593146444
"8948",2018,182,0.644060131092326
"8949",2018,183,0.642592416008616
"8950",2018,184,0.615085270793706
"8951",2018,185,0.603430097356785
"8952",2018,186,0.666103235804307
"8953",2018,187,0.76658523399548
"8954",2018,188,0.739318535540133
"8955",2018,189,0.711041518539662
"8956",2018,190,0.753277242432926
"8957",2018,191,0.765322216410694
"8958",2018,192,0.694070721192667
"8959",2018,193,0.710446019615518
"8960",2018,194,0.746268690460383
"8961",2018,195,0.660674106240675
"8962",2018,196,0.647015686734674
"8963",2018,197,0.713341489502902
"8964",2018,198,0.727675398081962
"8965",2018,199,0.738421510686565
"8966",2018,200,0.714481923738717
"8967",2018,201,0.709320412331523
"8968",2018,202,0.734281064623981
"8969",2018,203,0.683059799998698
"8970",2018,204,0.640573299186598
"8971",2018,205,0.659756773894927
"8972",2018,206,0.6339121453109
"8973",2018,207,0.631717093271032
"8974",2018,208,0.627350942902184
"8975",2018,209,0.62639351826908
"8976",2018,210,0.641117931084351
"8977",2018,211,0.676891196931088
"8978",2018,212,0.653442766441942
"8979",2018,213,0.678101121111267
"8980",2018,214,0.713157826080033
"8981",2018,215,0.681980452306877
"8982",2018,216,0.633281305077788
"8983",2018,217,0.61354171791614
"8984",2018,218,0.633897383191466
"8985",2018,219,0.673617766319865
"8986",2018,220,0.677564467098327
"8987",2018,221,0.701740206338728
"8988",2018,222,0.731378394527988
"8989",2018,223,0.740807363832436
"8990",2018,224,0.676485397797542
"8991",2018,225,0.584844984985442
"8992",2018,226,0.593424798773796
"8993",2018,227,0.631697017629159
"8994",2018,228,0.657925298966093
"8995",2018,229,0.663737546325474
"8996",2018,230,0.59358404526361
"8997",2018,231,0.528017782676053
"8998",2018,232,0.489283328098585
"8999",2018,233,0.497960874164665
"9000",2018,234,0.541481408840021
"9001",2018,235,0.579738762846474
"9002",2018,236,0.554661713404836
"9003",2018,237,0.502757061712439
"9004",2018,238,0.494446825149365
"9005",2018,239,0.443202623479162
"9006",2018,240,0.461452077699787
"9007",2018,241,0.503900626204757
"9008",2018,242,0.521424669445636
"9009",2018,243,0.487867349649525
"9010",2018,244,0.466372120122909
"9011",2018,245,0.456535125011095
"9012",2018,246,0.476381016862855
"9013",2018,247,0.406760146884314
"9014",2018,248,0.427559655902815
"9015",2018,249,0.465511758624495
"9016",2018,250,0.48325449743713
"9017",2018,251,0.478074607355421
"9018",2018,252,0.453771171478745
"9019",2018,253,0.446897999583149
"9020",2018,254,0.415485178942381
"9021",2018,255,0.3887429817676
"9022",2018,256,0.360838647308768
"9023",2018,257,0.350342107024342
"9024",2018,258,0.371110779540341
"9025",2018,259,0.382845019366937
"9026",2018,260,0.369993730858662
"9027",2018,261,0.34582383829344
"9028",2018,262,0.289871235732639
"9029",2018,263,0.286985598305522
"9030",2018,264,0.324320445114444
"9031",2018,265,0.316644108211651
"9032",2018,266,0.28217731162896
"9033",2018,267,0.267242488782575
"9034",2018,268,0.280350004287018
"9035",2018,269,0.289210245954563
"9036",2018,270,0.24094664080373
"9037",2018,271,0.224401914229694
"9038",2018,272,0.217432042492111
"9039",2018,273,0.198138322028713
"9040",2018,274,0.24698110901161
"9041",2018,275,0.215741873985223
"9042",2018,276,0.185758621163195
"9043",2018,277,0.185894763511088
"9044",2018,278,0.196630348573712
"9045",2018,279,0.203823125551859
"9046",2018,280,0.200027432607266
"9047",2018,281,0.18708800456063
"9048",2018,282,0.166945278871832
"9049",2018,283,0.155512250848227
"9050",2018,284,0.157212418189287
"9051",2018,285,0.17343340391989
"9052",2018,286,0.141888286971542
"9053",2018,287,0.14003580959591
"9054",2018,288,0.173017509783168
"9055",2018,289,0.184750761345163
"9056",2018,290,0.183760624825003
"9057",2018,291,0.182038393955911
"9058",2018,292,0.168105498675766
"9059",2018,293,0.166159718646404
"9060",2018,294,0.156902520940444
"9061",2018,295,0.144981477859374
"9062",2018,296,0.14823820431436
"9063",2018,297,0.156813689074396
"9064",2018,298,0.152005407008644
"9065",2018,299,0.149874189568571
"9066",2018,300,0.142860047392351
"9067",2018,301,0.12953544221678
"9068",2018,302,0.126138971123336
"9069",2018,303,0.123470475578271
"9070",2018,304,0.115386123332387
"9071",2018,305,0.107789640315953
"9072",2018,306,0.100141021604489
"9073",2018,307,0.0980680999613497
"9074",2018,308,0.0987794392016712
"9075",2018,309,0.0799753858809801
"9076",2018,310,0.060148707538099
"9077",2018,311,0.052541939972916
"9078",2018,312,0.0489865510606965
"9079",2018,313,0.053448708911466
"9080",2018,314,0.0667794609189566
"9081",2018,315,0.058845318937584
"9082",2018,316,0.0517446757208393
"9083",2018,317,0.083283387164133
"9084",2018,318,0.0973675180539307
"9085",2018,319,0.0893569954074595
"9086",2018,320,0.0594903778095319
"9087",2018,321,0.0421556515926546
"9088",2018,322,0.0591834106539873
"9089",2018,323,0.0751477467962781
"9090",2018,324,0.0822550052621394
"9091",2018,325,0.0799502745012536
"9092",2018,326,0.0793756513804318
"9093",2018,327,0.0727294428847597
"9094",2018,328,0.0546956503859813
"9095",2018,329,0.0515557099764355
"9096",2018,330,0.051286829517924
"9097",2018,331,0.0675757596719674
"9098",2018,332,0.0738854649675213
"9099",2018,333,0.0664263529772496
"9100",2018,334,0.0516250903313188
"9101",2018,335,0.0481860250809477
"9102",2018,336,0.0441287638140554
"9103",2018,337,0.0417450761434151
"9104",2018,338,0.0410432538727675
"9105",2018,339,0.0359198672474353
"9106",2018,340,0.0273194473628743
"9107",2018,341,0.0298595256380084
"9108",2018,342,0.0370328834475685
"9109",2018,343,0.0380824550823623
"9110",2018,344,0.0448436325305723
"9111",2018,345,0.0520559465305919
"9112",2018,346,0.054113324086979
"9113",2018,347,0.0545419749782168
"9114",2018,348,0.0603056736077261
"9115",2018,349,0.0567536045985696
"9116",2018,350,0.0522379840158111
"9117",2018,351,0.0589294309299488
"9118",2018,352,0.061069073098025
"9119",2018,353,0.0589164156456373
"9120",2018,354,0.0566019548863155
"9121",2018,355,0.0567241757907309
"9122",2018,356,0.0416121396133372
"9123",2018,357,0.0387077826358333
"9124",2018,358,0.038952163400032
"9125",2018,359,0.0395738847461825
"9126",2018,360,0.0393960287022481
"9127",2018,361,0.0376192372969883
"9128",2018,362,0.0377025914767423
"9129",2018,363,0.0466670928862289
"9130",2018,364,0.0411124809651788
"9131",2018,365,0.0237147564089871
"9132",2018,366,0.0601849294294017
"9133",2019,1,0.0320303557790354
"9134",2019,2,0.0555202752591434
"9135",2019,3,0.0743552588769978
"9136",2019,4,0.0766606724112905
"9137",2019,5,0.0645762041010575
"9138",2019,6,0.066834482767255
"9139",2019,7,0.0534438245775375
"9140",2019,8,0.0425210148482946
"9141",2019,9,0.0481944180837668
"9142",2019,10,0.0685152017061304
"9143",2019,11,0.0552758981134409
"9144",2019,12,0.0560031362128874
"9145",2019,13,0.0633331163975649
"9146",2019,14,0.0553511605437427
"9147",2019,15,0.0490093518058578
"9148",2019,16,0.0452013428836954
"9149",2019,17,0.0403010457301453
"9150",2019,18,0.033683695766895
"9151",2019,19,0.0421854811359235
"9152",2019,20,0.0507658052811394
"9153",2019,21,0.0504796480839605
"9154",2019,22,0.05005151397029
"9155",2019,23,0.0453861151151257
"9156",2019,24,0.040054776321383
"9157",2019,25,0.0600724607176625
"9158",2019,26,0.0886286507297496
"9159",2019,27,0.0857141499662635
"9160",2019,28,0.0575910330119376
"9161",2019,29,0.0415367878218523
"9162",2019,30,0.0560718117856587
"9163",2019,31,0.0858798375720675
"9164",2019,32,0.108665194333734
"9165",2019,33,0.0970895173206927
"9166",2019,34,0.0331082082078051
"9167",2019,35,0.0236590692158785
"9168",2019,36,0.0282782977085961
"9169",2019,37,0.0227592067940486
"9170",2019,38,0.0191117923022288
"9171",2019,39,0.0221343123664723
"9172",2019,40,0.027316106624341
"9173",2019,41,0.0268353373222317
"9174",2019,42,0.0317324516476496
"9175",2019,43,0.0326697241231467
"9176",2019,44,0.0376768225695797
"9177",2019,45,0.0428864238646008
"9178",2019,46,0.0464077973073565
"9179",2019,47,0.0456984995097336
"9180",2019,48,0.0417516579747584
"9181",2019,49,0.0407969155069911
"9182",2019,50,0.0450371701985377
"9183",2019,51,0.0514211306866519
"9184",2019,52,0.0566851603400178
"9185",2019,53,0.0605635712783131
"9186",2019,54,0.0594096149000324
"9187",2019,55,0.0399006331781221
"9188",2019,56,0.0386093213488033
"9189",2019,57,0.0401158180058887
"9190",2019,58,0.0563153122267497
"9191",2019,59,0.0813068042632483
"9192",2019,60,0.068564750933822
"9193",2019,61,0.0329895851339056
"9194",2019,62,0.0351113801875845
"9195",2019,63,0.0507791620055602
"9196",2019,64,0.0724569206607188
"9197",2019,65,0.0678366284508099
"9198",2019,66,0.101889015797932
"9199",2019,67,0.129357269792612
"9200",2019,68,0.111179102448742
"9201",2019,69,0.110056668619161
"9202",2019,70,0.131843862086644
"9203",2019,71,0.163933297236979
"9204",2019,72,0.150924333246328
"9205",2019,73,0.157694242354234
"9206",2019,74,0.157337914928195
"9207",2019,75,0.171092832624933
"9208",2019,76,0.175694469260972
"9209",2019,77,0.189102841452528
"9210",2019,78,0.206702200287041
"9211",2019,79,0.240034399016255
"9212",2019,80,0.24730600142714
"9213",2019,81,0.244222994434705
"9214",2019,82,0.251694614854398
"9215",2019,83,0.222817421893046
"9216",2019,84,0.251839347334975
"9217",2019,85,0.28985498125406
"9218",2019,86,0.255668167155191
"9219",2019,87,0.239796192969612
"9220",2019,88,0.249192042325759
"9221",2019,89,0.255020598788714
"9222",2019,90,0.260787448491262
"9223",2019,91,0.259100627896929
"9224",2019,92,0.273399923858687
"9225",2019,93,0.295264114037924
"9226",2019,94,0.341746212153586
"9227",2019,95,0.34756806943157
"9228",2019,96,0.340273137329743
"9229",2019,97,0.355932943831085
"9230",2019,98,0.357095115983536
"9231",2019,99,0.324276299675814
"9232",2019,100,0.289425649986413
"9233",2019,101,0.26022391861173
"9234",2019,102,0.28485369718076
"9235",2019,103,0.326530821957036
"9236",2019,104,0.361953371461649
"9237",2019,105,0.360773876790084
"9238",2019,106,0.350596544698782
"9239",2019,107,0.362132674256266
"9240",2019,108,0.401563860979844
"9241",2019,109,0.467770988202397
"9242",2019,110,0.408092046189967
"9243",2019,111,0.400680765712227
"9244",2019,112,0.39545685166663
"9245",2019,113,0.453349295424395
"9246",2019,114,0.427374492682182
"9247",2019,115,0.382435596268599
"9248",2019,116,0.390504604235943
"9249",2019,117,0.384341753211029
"9250",2019,118,0.326059543059929
"9251",2019,119,0.299217771728135
"9252",2019,120,0.311798801839442
"9253",2019,121,0.349203942426466
"9254",2019,122,0.389639890653021
"9255",2019,123,0.40076209777258
"9256",2019,124,0.379482247752574
"9257",2019,125,0.341376145897462
"9258",2019,126,0.375866197224698
"9259",2019,127,0.408707235603966
"9260",2019,128,0.40163819730032
"9261",2019,129,0.410158995613945
"9262",2019,130,0.457310390823392
"9263",2019,131,0.469761805490659
"9264",2019,132,0.504800633351505
"9265",2019,133,0.547545926625851
"9266",2019,134,0.538369095224829
"9267",2019,135,0.527251833915571
"9268",2019,136,0.441110308580758
"9269",2019,137,0.405326162555062
"9270",2019,138,0.37916667067663
"9271",2019,139,0.407055535712936
"9272",2019,140,0.424948273272866
"9273",2019,141,0.424524702560129
"9274",2019,142,0.486543846788918
"9275",2019,143,0.491341667957431
"9276",2019,144,0.496956137855548
"9277",2019,145,0.520095108087324
"9278",2019,146,0.515666472220338
"9279",2019,147,0.485916381541485
"9280",2019,148,0.526608827095836
"9281",2019,149,0.556228934741877
"9282",2019,150,0.590666602765327
"9283",2019,151,0.559796325662161
"9284",2019,152,0.563158946542347
"9285",2019,153,0.621410306022718
"9286",2019,154,0.646395311680881
"9287",2019,155,0.617729672744566
"9288",2019,156,0.6103913107429
"9289",2019,157,0.628827026824886
"9290",2019,158,0.54932219433163
"9291",2019,159,0.494788134377321
"9292",2019,160,0.526135467363585
"9293",2019,161,0.559871504672791
"9294",2019,162,0.574272413601757
"9295",2019,163,0.60568141136405
"9296",2019,164,0.661103204030376
"9297",2019,165,0.635335404971901
"9298",2019,166,0.606710279796342
"9299",2019,167,0.59292430063908
"9300",2019,168,0.597705647385835
"9301",2019,169,0.624372757337187
"9302",2019,170,0.598481426736146
"9303",2019,171,0.538039592600159
"9304",2019,172,0.514236977598788
"9305",2019,173,0.555453286037964
"9306",2019,174,0.59989399663519
"9307",2019,175,0.584111330622623
"9308",2019,176,0.603392155601908
"9309",2019,177,0.641459762937544
"9310",2019,178,0.662608494347381
"9311",2019,179,0.653973110812329
"9312",2019,180,0.659242833444671
"9313",2019,181,0.62763836899715
"9314",2019,182,0.658445534458128
"9315",2019,183,0.583583189328683
"9316",2019,184,0.585475575945424
"9317",2019,185,0.614818370974286
"9318",2019,186,0.628158951753261
"9319",2019,187,0.652332242196773
"9320",2019,188,0.681571196209135
"9321",2019,189,0.649415744078192
"9322",2019,190,0.619134860247873
"9323",2019,191,0.66139746587982
"9324",2019,192,0.70913672484765
"9325",2019,193,0.702958432532515
"9326",2019,194,0.72223941587654
"9327",2019,195,0.702696235109747
"9328",2019,196,0.673192074772676
"9329",2019,197,0.675816536443637
"9330",2019,198,0.66332633985704
"9331",2019,199,0.659660254877473
"9332",2019,200,0.630766839930673
"9333",2019,201,0.61730053715252
"9334",2019,202,0.630089863623332
"9335",2019,203,0.669014400377487
"9336",2019,204,0.714578590113393
"9337",2019,205,0.731447991571892
"9338",2019,206,0.657430262726444
"9339",2019,207,0.664697279798647
"9340",2019,208,0.693216497997802
"9341",2019,209,0.641548974181609
"9342",2019,210,0.650934551372851
"9343",2019,211,0.698199208303622
"9344",2019,212,0.711190080712224
"9345",2019,213,0.717076023770356
"9346",2019,214,0.719114332202126
"9347",2019,215,0.71520598267083
"9348",2019,216,0.6836114038103
"9349",2019,217,0.659975225451173
"9350",2019,218,0.664500520168697
"9351",2019,219,0.620934357666637
"9352",2019,220,0.644755341506599
"9353",2019,221,0.653947602683757
"9354",2019,222,0.595503272839265
"9355",2019,223,0.572367389324339
"9356",2019,224,0.575584592910736
"9357",2019,225,0.564551668121582
"9358",2019,226,0.591636942924727
"9359",2019,227,0.590977506798028
"9360",2019,228,0.583952543147696
"9361",2019,229,0.501401925392031
"9362",2019,230,0.552167626288669
"9363",2019,231,0.592832471218409
"9364",2019,232,0.554987496017036
"9365",2019,233,0.581918166995725
"9366",2019,234,0.606219029865477
"9367",2019,235,0.566638452898357
"9368",2019,236,0.563367078442092
"9369",2019,237,0.526724741888414
"9370",2019,238,0.487157746770405
"9371",2019,239,0.469801871544745
"9372",2019,240,0.507196248997581
"9373",2019,241,0.476694937822923
"9374",2019,242,0.500663842913943
"9375",2019,243,0.505797121157954
"9376",2019,244,0.496251758806067
"9377",2019,245,0.508675668950625
"9378",2019,246,0.484148291801361
"9379",2019,247,0.519945184677176
"9380",2019,248,0.500436429829127
"9381",2019,249,0.453531573585962
"9382",2019,250,0.399126908626459
"9383",2019,251,0.388113450677021
"9384",2019,252,0.400010706525022
"9385",2019,253,0.384091056183889
"9386",2019,254,0.367575817843643
"9387",2019,255,0.377544863311426
"9388",2019,256,0.409968145851529
"9389",2019,257,0.411521125853809
"9390",2019,258,0.454222963344412
"9391",2019,259,0.456602517868854
"9392",2019,260,0.384047009214139
"9393",2019,261,0.366764403523583
"9394",2019,262,0.357530309996475
"9395",2019,263,0.332467492387477
"9396",2019,264,0.331048492003881
"9397",2019,265,0.336403043345403
"9398",2019,266,0.349775348152462
"9399",2019,267,0.3220791002302
"9400",2019,268,0.297412419448617
"9401",2019,269,0.278971093212874
"9402",2019,270,0.252733325981049
"9403",2019,271,0.21663835734124
"9404",2019,272,0.214609905877019
"9405",2019,273,0.198272881169791
"9406",2019,274,0.191395125898411
"9407",2019,275,0.202172386822052
"9408",2019,276,0.220601218087498
"9409",2019,277,0.210562844112294
"9410",2019,278,0.212319724976503
"9411",2019,279,0.217362770924239
"9412",2019,280,0.226974370945019
"9413",2019,281,0.204377990370996
"9414",2019,282,0.130900402973884
"9415",2019,283,0.128220517120334
"9416",2019,284,0.137875594987433
"9417",2019,285,0.153404684042259
"9418",2019,286,0.160569813104071
"9419",2019,287,0.159530222516998
"9420",2019,288,0.16681344717497
"9421",2019,289,0.192008566317292
"9422",2019,290,0.18074692776785
"9423",2019,291,0.170304420088471
"9424",2019,292,0.156283299939836
"9425",2019,293,0.148970091835824
"9426",2019,294,0.137726173526235
"9427",2019,295,0.134908837839952
"9428",2019,296,0.123488990174711
"9429",2019,297,0.133380711471693
"9430",2019,298,0.150423045178352
"9431",2019,299,0.114784901110391
"9432",2019,300,0.08069014651703
"9433",2019,301,0.0742833210035694
"9434",2019,302,0.0626702432818676
"9435",2019,303,0.0699005825191122
"9436",2019,304,0.088274944766261
"9437",2019,305,0.101574788113065
"9438",2019,306,0.104678184810676
"9439",2019,307,0.0992423622352044
"9440",2019,308,0.0800782999787755
"9441",2019,309,0.0702806880885701
"9442",2019,310,0.0503823685031391
"9443",2019,311,0.0549485925690434
"9444",2019,312,0.0846379074569113
"9445",2019,313,0.0888192751653393
"9446",2019,314,0.0434747691527099
"9447",2019,315,0.0331083127757067
"9448",2019,316,0.0550420094324699
"9449",2019,317,0.0678891594901683
"9450",2019,318,0.0756032668800715
"9451",2019,319,0.0826982387841308
"9452",2019,320,0.0840722860792044
"9453",2019,321,0.0847492501575485
"9454",2019,322,0.0884416701745353
"9455",2019,323,0.0701566210503612
"9456",2019,324,0.0566736153889112
"9457",2019,325,0.0528831512699537
"9458",2019,326,0.0591256129719386
"9459",2019,327,0.0733085391769395
"9460",2019,328,0.0775708574937945
"9461",2019,329,0.0563741514179587
"9462",2019,330,0.0479167238419229
"9463",2019,331,0.0438006046494016
"9464",2019,332,0.0419433762737253
"9465",2019,333,0.0362296576712733
"9466",2019,334,0.0375199183201874
"9467",2019,335,0.0383613562391988
"9468",2019,336,0.0495745528834056
"9469",2019,337,0.0630001377113765
"9470",2019,338,0.0625141875772551
"9471",2019,339,0.0473012301484516
"9472",2019,340,0.0558692811355593
"9473",2019,341,0.0573992556199418
"9474",2019,342,0.0310267227528776
"9475",2019,343,0.0270730585763473
"9476",2019,344,0.0278378155941439
"9477",2019,345,0.0312077776035655
"9478",2019,346,0.0342245564839794
"9479",2019,347,0.0302708188924182
"9480",2019,348,0.0276231670885144
"9481",2019,349,0.0312063595365411
"9482",2019,350,0.0354368364415481
"9483",2019,351,0.0429104642031215
"9484",2019,352,0.0520059612663269
"9485",2019,353,0.0438866096240649
"9486",2019,354,0.0545773964352174
"9487",2019,355,0.0645410699203182
"9488",2019,356,0.0568457390998245
"9489",2019,357,0.0411697593635538
"9490",2019,358,0.0393115782305344
"9491",2019,359,0.0388466760605049
"9492",2019,360,0.0362373913179796
"9493",2019,361,0.0389919449265621
"9494",2019,362,0.0372260066818088
"9495",2019,363,0.0355036031284595
"9496",2019,364,0.0384534217113402
"9497",2019,365,0.0476093800851476
"9498",2020,1,0.0573659222491581
"9499",2020,2,0.055693817567445
"9500",2020,3,0.0556658648604041
"9501",2020,4,0.0647849236753247
"9502",2020,5,0.057634455833293
"9503",2020,6,0.0521725400683775
"9504",2020,7,0.0460591174925103
"9505",2020,8,0.0476077908752491
"9506",2020,9,0.0325127089059304
"9507",2020,10,0.0307321909002094
"9508",2020,11,0.0438532392307165
"9509",2020,12,0.0304479432088515
"9510",2020,13,0.0164090324775015
"9511",2020,14,0.0138983848306751
"9512",2020,15,0.0153831095796704
"9513",2020,16,0.0208620402183252
"9514",2020,17,0.0217321404584302
"9515",2020,18,0.0199921798596641
"9516",2020,19,0.0310495294373576
"9517",2020,20,0.0530297976008325
"9518",2020,21,0.076890964003847
"9519",2020,22,0.0785390835627991
"9520",2020,23,0.0713727633531016
"9521",2020,24,0.0854817215459724
"9522",2020,25,0.0890695185144161
"9523",2020,26,0.078557091833548
"9524",2020,27,0.0881389547385383
"9525",2020,28,0.0893578254698763
"9526",2020,29,0.0913839706270001
"9527",2020,30,0.0936884449291386
"9528",2020,31,0.108650615767645
"9529",2020,32,0.123707607421956
"9530",2020,33,0.0922792406762084
"9531",2020,34,0.0825600778540194
"9532",2020,35,0.0820121780764937
"9533",2020,36,0.106167844848262
"9534",2020,37,0.0995216164489617
"9535",2020,38,0.0966547473489196
"9536",2020,39,0.0892052170537113
"9537",2020,40,0.0863266203468802
"9538",2020,41,0.0889686481899577
"9539",2020,42,0.089628332111871
"9540",2020,43,0.0655975224708323
"9541",2020,44,0.0725739101211019
"9542",2020,45,0.109719100122453
"9543",2020,46,0.112956662014424
"9544",2020,47,0.115016384278414
"9545",2020,48,0.100342583273007
"9546",2020,49,0.069380590403353
"9547",2020,50,0.0770285579399135
"9548",2020,51,0.116707476974148
"9549",2020,52,0.151595264926061
"9550",2020,53,0.15730680951503
"9551",2020,54,0.139858872788686
"9552",2020,55,0.124595931598034
"9553",2020,56,0.113847083154158
"9554",2020,57,0.145589606922175
"9555",2020,58,0.172842717520995
"9556",2020,59,0.188720929915288
"9557",2020,60,0.182969457475251
"9558",2020,61,0.162276934606774
"9559",2020,62,0.172453989539621
"9560",2020,63,0.185658458770181
"9561",2020,64,0.190873954095888
"9562",2020,65,0.177531204987766
"9563",2020,66,0.220282633748856
"9564",2020,67,0.203312582273026
"9565",2020,68,0.158279105215919
"9566",2020,69,0.177481901671373
"9567",2020,70,0.192632386220188
"9568",2020,71,0.198930261427845
"9569",2020,72,0.176459236949
"9570",2020,73,0.141857224095646
"9571",2020,74,0.132477771955271
"9572",2020,75,0.100073702909357
"9573",2020,76,0.116849759893457
"9574",2020,77,0.145925482961188
"9575",2020,78,0.142425923480607
"9576",2020,79,0.145719258680948
"9577",2020,80,0.154712755487346
"9578",2020,81,0.183676059278152
"9579",2020,82,0.213089051881322
"9580",2020,83,0.244929948096554
"9581",2020,84,0.227355742000468
"9582",2020,85,0.214694409053871
"9583",2020,86,0.240124264985169
"9584",2020,87,0.259529909587569
"9585",2020,88,0.280542622101962
"9586",2020,89,0.302019357005503
"9587",2020,90,0.311218346237711
"9588",2020,91,0.259597959146236
"9589",2020,92,0.15364190857487
"9590",2020,93,0.138167995714523
"9591",2020,94,0.212791854961708
"9592",2020,95,0.244676075033248
"9593",2020,96,0.291852171055273
"9594",2020,97,0.321640236596222
"9595",2020,98,0.321712373441846
"9596",2020,99,0.284799570556812
"9597",2020,100,0.2860588092177
"9598",2020,101,0.321245250060998
"9599",2020,102,0.250772424257239
"9600",2020,103,0.216107253480803
"9601",2020,104,0.215935804810754
"9602",2020,105,0.272965385915773
"9603",2020,106,0.284190875812873
"9604",2020,107,0.278732799189767
"9605",2020,108,0.353752604616505
"9606",2020,109,0.339342752316235
"9607",2020,110,0.36440845405757
"9608",2020,111,0.415949439475556
"9609",2020,112,0.437705858449508
"9610",2020,113,0.44470751142544
"9611",2020,114,0.436433221706673
"9612",2020,115,0.402819990916587
"9613",2020,116,0.408025698502363
"9614",2020,117,0.455329295701424
"9615",2020,118,0.449847270395922
"9616",2020,119,0.444280054688239
"9617",2020,120,0.468328134719949
"9618",2020,121,0.507034522849207
"9619",2020,122,0.453174127329415
"9620",2020,123,0.457505680409299
"9621",2020,124,0.460174527299916
"9622",2020,125,0.421174892884902
"9623",2020,126,0.418784868451439
"9624",2020,127,0.442027074511889
"9625",2020,128,0.44414794684137
"9626",2020,129,0.449150020613705
"9627",2020,130,0.41056211205426
"9628",2020,131,0.377162372248723
"9629",2020,132,0.380724630075998
"9630",2020,133,0.368236681218131
"9631",2020,134,0.435432081909721
"9632",2020,135,0.468906434363149
"9633",2020,136,0.484884654613446
"9634",2020,137,0.500307903414348
"9635",2020,138,0.533151721465358
"9636",2020,139,0.558661777412897
"9637",2020,140,0.577104808850171
"9638",2020,141,0.560077018412686
"9639",2020,142,0.517103368708515
"9640",2020,143,0.517609032347874
"9641",2020,144,0.47166636130851
"9642",2020,145,0.495264194693939
"9643",2020,146,0.533767652185777
"9644",2020,147,0.56213404578647
"9645",2020,148,0.535841768999292
"9646",2020,149,0.538535287900168
"9647",2020,150,0.562912172577791
"9648",2020,151,0.586412579993406
"9649",2020,152,0.645879709271376
"9650",2020,153,0.599215762745472
"9651",2020,154,0.588316835993021
"9652",2020,155,0.603656710307192
"9653",2020,156,0.566394461611183
"9654",2020,157,0.593602233009909
"9655",2020,158,0.609053970988471
"9656",2020,159,0.583637222586933
"9657",2020,160,0.525070672902216
"9658",2020,161,0.545134722557384
"9659",2020,162,0.563302159305911
"9660",2020,163,0.603454303220604
"9661",2020,164,0.665973078281106
"9662",2020,165,0.700955165577125
"9663",2020,166,0.615884468500679
"9664",2020,167,0.586971148747563
"9665",2020,168,0.577397628235083
"9666",2020,169,0.529807829424953
"9667",2020,170,0.544752933971944
"9668",2020,171,0.559804519610094
"9669",2020,172,0.609422665518973
"9670",2020,173,0.629860148380928
"9671",2020,174,0.62199848024162
"9672",2020,175,0.673514588485079
"9673",2020,176,0.695747671547841
"9674",2020,177,0.673662832978269
"9675",2020,178,0.682481095341295
"9676",2020,179,0.681219297682099
"9677",2020,180,0.636104144711284
"9678",2020,181,0.587922807342633
"9679",2020,182,0.616123831323674
"9680",2020,183,0.625382356299872
"9681",2020,184,0.645202024190013
"9682",2020,185,0.677790443808067
"9683",2020,186,0.69172102862929
"9684",2020,187,0.667604613676525
"9685",2020,188,0.653100316890513
"9686",2020,189,0.66697625251728
"9687",2020,190,0.621647700802965
"9688",2020,191,0.62969938005625
"9689",2020,192,0.63570169741403
"9690",2020,193,0.666083626440501
"9691",2020,194,0.667144847922825
"9692",2020,195,0.632567931261622
"9693",2020,196,0.619570914613588
"9694",2020,197,0.649446205352197
"9695",2020,198,0.684418113439224
"9696",2020,199,0.668963534087245
"9697",2020,200,0.639298430900589
"9698",2020,201,0.647618188444849
"9699",2020,202,0.632701247419429
"9700",2020,203,0.676976989868259
"9701",2020,204,0.707719450918556
"9702",2020,205,0.693231253798862
"9703",2020,206,0.678918038581789
"9704",2020,207,0.664224120093554
"9705",2020,208,0.652904767371932
"9706",2020,209,0.674182541698876
"9707",2020,210,0.704138534449795
"9708",2020,211,0.719663018018141
"9709",2020,212,0.715845776101923
"9710",2020,213,0.684324917915947
"9711",2020,214,0.66448213932012
"9712",2020,215,0.669177030114279
"9713",2020,216,0.657897641841454
"9714",2020,217,0.643940935141892
"9715",2020,218,0.660995770934545
"9716",2020,219,0.687128799457175
"9717",2020,220,0.633514093453983
"9718",2020,221,0.609802532158057
"9719",2020,222,0.576673226195721
"9720",2020,223,0.608313156982181
"9721",2020,224,0.644955852521041
"9722",2020,225,0.654300010124891
"9723",2020,226,0.602842415334437
"9724",2020,227,0.582713494018714
"9725",2020,228,0.610405958150175
"9726",2020,229,0.638358271011076
"9727",2020,230,0.667999552903415
"9728",2020,231,0.660784192161488
"9729",2020,232,0.655407356450681
"9730",2020,233,0.626070541947214
"9731",2020,234,0.594071627986189
"9732",2020,235,0.611352974929263
"9733",2020,236,0.577208632533712
"9734",2020,237,0.607947501857254
"9735",2020,238,0.589047112457754
"9736",2020,239,0.572801087027751
"9737",2020,240,0.541792707344641
"9738",2020,241,0.497984548373004
"9739",2020,242,0.544537819466045
"9740",2020,243,0.450357640385422
"9741",2020,244,0.450730117114901
"9742",2020,245,0.481133863964216
"9743",2020,246,0.506113601487179
"9744",2020,247,0.468774377350459
"9745",2020,248,0.481812170603427
"9746",2020,249,0.498955876408048
"9747",2020,250,0.428058151316652
"9748",2020,251,0.357759670480043
"9749",2020,252,0.338102465979932
"9750",2020,253,0.376423313246886
"9751",2020,254,0.407195873738463
"9752",2020,255,0.415831513343419
"9753",2020,256,0.414574230388747
"9754",2020,257,0.361428240344341
"9755",2020,258,0.383587422975939
"9756",2020,259,0.359808541528134
"9757",2020,260,0.341991676534381
"9758",2020,261,0.3596291018589
"9759",2020,262,0.368801096536728
"9760",2020,263,0.359942566039676
"9761",2020,264,0.349848343457592
"9762",2020,265,0.353902756575792
"9763",2020,266,0.354229318080993
"9764",2020,267,0.339363887184752
"9765",2020,268,0.353005607712825
"9766",2020,269,0.315738020719191
"9767",2020,270,0.288498055322423
"9768",2020,271,0.27447961322344
"9769",2020,272,0.27587827447733
"9770",2020,273,0.307731028774608
"9771",2020,274,0.252960594496739
"9772",2020,275,0.236010287107286
"9773",2020,276,0.248702298393584
"9774",2020,277,0.248046258566379
"9775",2020,278,0.275794142183596
"9776",2020,279,0.266525848791489
"9777",2020,280,0.27363708581869
"9778",2020,281,0.23780499824919
"9779",2020,282,0.249914308488845
"9780",2020,283,0.229291917743839
"9781",2020,284,0.251982786012482
"9782",2020,285,0.197973106742019
"9783",2020,286,0.18745314721885
"9784",2020,287,0.163073727565029
"9785",2020,288,0.151549416112117
"9786",2020,289,0.142526259902198
"9787",2020,290,0.133047670803616
"9788",2020,291,0.10931366947649
"9789",2020,292,0.0947401840116204
"9790",2020,293,0.0965487957691809
"9791",2020,294,0.107191889836206
"9792",2020,295,0.103447596384575
"9793",2020,296,0.080728170352306
"9794",2020,297,0.076241183736953
"9795",2020,298,0.0690615396720411
"9796",2020,299,0.0590905855178319
"9797",2020,300,0.067070043396366
"9798",2020,301,0.105010746819386
"9799",2020,302,0.11078175908192
"9800",2020,303,0.127297198503566
"9801",2020,304,0.130042901771798
"9802",2020,305,0.110204452439893
"9803",2020,306,0.116291558861771
"9804",2020,307,0.136232936938908
"9805",2020,308,0.147616506665316
"9806",2020,309,0.149010408832052
"9807",2020,310,0.143057566961327
"9808",2020,311,0.112724166266444
"9809",2020,312,0.088777181167377
"9810",2020,313,0.0661804772237822
"9811",2020,314,0.0516958843064553
"9812",2020,315,0.0520635789728279
"9813",2020,316,0.0490068783764246
"9814",2020,317,0.0492346682898131
"9815",2020,318,0.0635332751960373
"9816",2020,319,0.0631946847590888
"9817",2020,320,0.0624734711475551
"9818",2020,321,0.0723678476845886
"9819",2020,322,0.0801642839645687
"9820",2020,323,0.0810482281154697
"9821",2020,324,0.0653111663309171
"9822",2020,325,0.0546592150771371
"9823",2020,326,0.0650894148649614
"9824",2020,327,0.0620110583600127
"9825",2020,328,0.0530369813466881
"9826",2020,329,0.0555489966140582
"9827",2020,330,0.0634812064170591
"9828",2020,331,0.0547926457639675
"9829",2020,332,0.0668746342602318
"9830",2020,333,0.0648006168624486
"9831",2020,334,0.0488545677282194
"9832",2020,335,0.0611213479812255
"9833",2020,336,0.0465523089544478
"9834",2020,337,0.0452570882394284
"9835",2020,338,0.0584877042942741
"9836",2020,339,0.0611051958259963
"9837",2020,340,0.058065510344853
"9838",2020,341,0.0583296399861652
"9839",2020,342,0.062487299789732
"9840",2020,343,0.0752395809285281
"9841",2020,344,0.0630147943120689
"9842",2020,345,0.0426747115977592
"9843",2020,346,0.0356921940856088
"9844",2020,347,0.0346982269670372
"9845",2020,348,0.0276157206948521
"9846",2020,349,0.0302168924619721
"9847",2020,350,0.041257956530944
"9848",2020,351,0.0542920848823904
"9849",2020,352,0.0534058894091345
"9850",2020,353,0.0444474610158923
"9851",2020,354,0.0595526852724269
"9852",2020,355,0.0625284093545437
"9853",2020,356,0.0549929133282217
"9854",2020,357,0.0447253381203682
"9855",2020,358,0.0365344844064642
"9856",2020,359,0.054793848172801
"9857",2020,360,0.057322311487321
"9858",2020,361,0.0468760081946965
"9859",2020,362,0.0372732287832141
"9860",2020,363,0.0378391311826767
"9861",2020,364,0.0371841782903292
"9862",2020,365,0.0424379649324671
"9863",2021,1,0.0610143201042029
"9864",2021,2,0.0673161620011797
"9865",2021,3,0.068434295604482
"9866",2021,4,0.0611715720027825
"9867",2021,5,0.0631787046454306
"9868",2021,6,0.0606466941067417
"9869",2021,7,0.0541856501457588
"9870",2021,8,0.0496947070501055
"9871",2021,9,0.0457614564410606
"9872",2021,10,0.0540710064235928
"9873",2021,11,0.0667560511956935
"9874",2021,12,0.0765015599661333
"9875",2021,13,0.0751155897913596
"9876",2021,14,0.0586086288875664
"9877",2021,15,0.0566530331064775
"9878",2021,16,0.0681330117322374
"9879",2021,17,0.0629501222206639
"9880",2021,18,0.0698860651082159
"9881",2021,19,0.0728732858052804
"9882",2021,20,0.0718252663365616
"9883",2021,21,0.0570070477449056
"9884",2021,22,0.0541680905788444
"9885",2021,23,0.0483401384447969
"9886",2021,24,0.0431580941533678
"9887",2021,25,0.0388176446238741
"9888",2021,26,0.047041421468838
"9889",2021,27,0.0611379109478512
"9890",2021,28,0.0762755240359598
"9891",2021,29,0.0713586519285543
"9892",2021,30,0.07206060479762
"9893",2021,31,0.0874969704925621
"9894",2021,32,0.106142225572358
"9895",2021,33,0.120133626234117
"9896",2021,34,0.0774672977624906
"9897",2021,35,0.066120721457493
"9898",2021,36,0.0497664310983055
"9899",2021,37,0.0305492959579139
"9900",2021,38,0.0264281645757458
"9901",2021,39,0.022615281576615
"9902",2021,40,0.0219280996377406
"9903",2021,41,0.0209276802211396
"9904",2021,42,0.0198427259587331
"9905",2021,43,0.0212914435334245
"9906",2021,44,0.0244259255045882
"9907",2021,45,0.0256477564368483
"9908",2021,46,0.0450019521699718
"9909",2021,47,0.0620568191559123
"9910",2021,48,0.0641270303582327
"9911",2021,49,0.0741561643025524
"9912",2021,50,0.104341320392529
"9913",2021,51,0.118701230237432
"9914",2021,52,0.141799722925368
"9915",2021,53,0.167278184205776
"9916",2021,54,0.146010156754502
"9917",2021,55,0.123603622345637
"9918",2021,56,0.137585141537701
"9919",2021,57,0.138448200413225
"9920",2021,58,0.105970922791227
"9921",2021,59,0.134929198651012
"9922",2021,60,0.174943814487424
"9923",2021,61,0.193930294622265
"9924",2021,62,0.194536182075643
"9925",2021,63,0.194820662346541
"9926",2021,64,0.207267071064285
"9927",2021,65,0.196937920137359
"9928",2021,66,0.194783371898719
"9929",2021,67,0.189272671388466
"9930",2021,68,0.173881339936986
"9931",2021,69,0.175379134905629
"9932",2021,70,0.16637450043158
"9933",2021,71,0.201768888219079
"9934",2021,72,0.216734088394262
"9935",2021,73,0.205406498032482
"9936",2021,74,0.196743303730762
"9937",2021,75,0.194054466569095
"9938",2021,76,0.206615336288236
"9939",2021,77,0.23410491877512
"9940",2021,78,0.27117852666607
"9941",2021,79,0.25566619725471
"9942",2021,80,0.225601078115208
"9943",2021,81,0.235270720280578
"9944",2021,82,0.212258534250448
"9945",2021,83,0.21725861316691
"9946",2021,84,0.234636788160233
"9947",2021,85,0.23306509366422
"9948",2021,86,0.264256578854644
"9949",2021,87,0.294634792809496
"9950",2021,88,0.229284533638427
"9951",2021,89,0.197628131082045
"9952",2021,90,0.254261812620904
"9953",2021,91,0.3296529371557
"9954",2021,92,0.355364288238763
"9955",2021,93,0.360621506291794
"9956",2021,94,0.365120928423122
"9957",2021,95,0.322474967244548
"9958",2021,96,0.331531158234092
"9959",2021,97,0.352793284331969
"9960",2021,98,0.31742433796584
"9961",2021,99,0.306572552498481
"9962",2021,100,0.343866556997078
"9963",2021,101,0.277255816458094
"9964",2021,102,0.259603837628114
"9965",2021,103,0.241772503449014
"9966",2021,104,0.242249513073365
"9967",2021,105,0.28953475851791
"9968",2021,106,0.345627017918131
"9969",2021,107,0.362404703234665
"9970",2021,108,0.310195798297481
"9971",2021,109,0.275017226524531
"9972",2021,110,0.300606139291594
"9973",2021,111,0.338238394259908
"9974",2021,112,0.357065020658896
"9975",2021,113,0.31365716571855
"9976",2021,114,0.344716068526618
"9977",2021,115,0.365986371057642
"9978",2021,116,0.387994298592613
"9979",2021,117,0.411523135187667
"9980",2021,118,0.429658198825892
"9981",2021,119,0.460689177278839
"9982",2021,120,0.51874695693611
"9983",2021,121,0.479513255440011
"9984",2021,122,0.412480950271907
"9985",2021,123,0.404360536093189
"9986",2021,124,0.404364292643377
"9987",2021,125,0.403377067906531
"9988",2021,126,0.443169990625762
"9989",2021,127,0.474786955870667
"9990",2021,128,0.39880337494998
"9991",2021,129,0.379335067845883
"9992",2021,130,0.410014609397956
"9993",2021,131,0.441888424810271
"9994",2021,132,0.467211161939545
"9995",2021,133,0.48819171555012
"9996",2021,134,0.49109543553186
"9997",2021,135,0.515280877106798
"9998",2021,136,0.557264575644769
"9999",2021,137,0.593827808181404
"10000",2021,138,0.583140390357338
"10001",2021,139,0.507994926438258
"10002",2021,140,0.40705077266948
"10003",2021,141,0.341674944475688
"10004",2021,142,0.390951238959899
"10005",2021,143,0.444629481147973
"10006",2021,144,0.499189559587826
"10007",2021,145,0.477199173360412
"10008",2021,146,0.437646652592503
"10009",2021,147,0.485529584666637
"10010",2021,148,0.521702604759588
"10011",2021,149,0.514580014264111
"10012",2021,150,0.557966195617345
"10013",2021,151,0.581495480190199
"10014",2021,152,0.610862003675272
"10015",2021,153,0.652275653911466
"10016",2021,154,0.702638102068422
"10017",2021,155,0.70353100531261
"10018",2021,156,0.659501642686322
"10019",2021,157,0.586620765274792
"10020",2021,158,0.596616907789031
"10021",2021,159,0.616709602780877
"10022",2021,160,0.62450051746691
"10023",2021,161,0.618936164460881
"10024",2021,162,0.598218122141481
"10025",2021,163,0.624782479269061
"10026",2021,164,0.669601518725457
"10027",2021,165,0.73075297815355
"10028",2021,166,0.801356220091443
"10029",2021,167,0.671661584541425
"10030",2021,168,0.635611363869967
"10031",2021,169,0.632793750042189
"10032",2021,170,0.633615629727808
"10033",2021,171,0.620951896161903
"10034",2021,172,0.623553099899823
"10035",2021,173,0.690753510398929
"10036",2021,174,0.696556299994
"10037",2021,175,0.683399868889518
"10038",2021,176,0.654200712809142
"10039",2021,177,0.687050839569803
"10040",2021,178,0.689932543536564
"10041",2021,179,0.687744154845586
"10042",2021,180,0.724611430740696
"10043",2021,181,0.751751874835376
"10044",2021,182,0.773898088841363
"10045",2021,183,0.783665341619438
"10046",2021,184,0.775149448183903
"10047",2021,185,0.736537187489528
"10048",2021,186,0.710096277101835
"10049",2021,187,0.68904030661654
"10050",2021,188,0.687897362101557
"10051",2021,189,0.696302539411228
"10052",2021,190,0.681587847719308
"10053",2021,191,0.706760474506461
"10054",2021,192,0.729021954019136
"10055",2021,193,0.68760645299873
"10056",2021,194,0.671934024418018
"10057",2021,195,0.689395402133083
"10058",2021,196,0.754426427892211
"10059",2021,197,0.770899399232108
"10060",2021,198,0.765430234210928
"10061",2021,199,0.792724174277784
"10062",2021,200,0.785724520250387
"10063",2021,201,0.739751715920433
"10064",2021,202,0.757578904337681
"10065",2021,203,0.730987305058164
"10066",2021,204,0.707579898495225
"10067",2021,205,0.700910327725019
"10068",2021,206,0.717299524990771
"10069",2021,207,0.731414415379146
"10070",2021,208,0.756572960865081
"10071",2021,209,0.723250736986779
"10072",2021,210,0.700517849019375
"10073",2021,211,0.702371332235791
"10074",2021,212,0.709292135461729
"10075",2021,213,0.712408973996395
"10076",2021,214,0.699410022829266
"10077",2021,215,0.667079354044793
"10078",2021,216,0.691536575343654
"10079",2021,217,0.680392176970715
"10080",2021,218,0.688878184811836
"10081",2021,219,0.677302714838202
"10082",2021,220,0.634502241119757
"10083",2021,221,0.573527726653418
"10084",2021,222,0.615862338167499
"10085",2021,223,0.626979975652794
"10086",2021,224,0.608752610087282
"10087",2021,225,0.633310350549963
"10088",2021,226,0.666829894279642
"10089",2021,227,0.681960456987595
"10090",2021,228,0.6759974334044
"10091",2021,229,0.573719577522119
"10092",2021,230,0.494332728407222
"10093",2021,231,0.490185349385218
"10094",2021,232,0.49919272376383
"10095",2021,233,0.51465172369432
"10096",2021,234,0.546023895276507
"10097",2021,235,0.540805806492065
"10098",2021,236,0.492298617138283
"10099",2021,237,0.502514677664533
"10100",2021,238,0.518865781297836
"10101",2021,239,0.499189519078777
"10102",2021,240,0.492056499507757
"10103",2021,241,0.516293205921902
"10104",2021,242,0.537850809423064
"10105",2021,243,0.532330103747467
"10106",2021,244,0.481648794506833
"10107",2021,245,0.443647443441604
"10108",2021,246,0.448406352918758
"10109",2021,247,0.470452414519701
"10110",2021,248,0.49048944696813
"10111",2021,249,0.482720585447813
"10112",2021,250,0.460971898031854
"10113",2021,251,0.461771006154229
"10114",2021,252,0.475835751306294
"10115",2021,253,0.456303857179161
"10116",2021,254,0.435587053272892
"10117",2021,255,0.411887021422991
"10118",2021,256,0.40267899228356
"10119",2021,257,0.404783034614542
"10120",2021,258,0.397167950227007
"10121",2021,259,0.3379781623227
"10122",2021,260,0.362131557109531
"10123",2021,261,0.409907845731438
"10124",2021,262,0.349966947220357
"10125",2021,263,0.326230059728505
"10126",2021,264,0.332479264265009
"10127",2021,265,0.360219366446253
"10128",2021,266,0.337842372399716
"10129",2021,267,0.33041080355602
"10130",2021,268,0.364424121311939
"10131",2021,269,0.369540294890118
"10132",2021,270,0.362415072926683
"10133",2021,271,0.311839245537388
"10134",2021,272,0.282742785740307
"10135",2021,273,0.281108425643819
"10136",2021,274,0.278897781569305
"10137",2021,275,0.284772695827537
"10138",2021,276,0.294587457084985
"10139",2021,277,0.311758905021051
"10140",2021,278,0.300869725603277
"10141",2021,279,0.27821855202748
"10142",2021,280,0.238044916876741
"10143",2021,281,0.220405097642976
"10144",2021,282,0.221418770691305
"10145",2021,283,0.214887928403195
"10146",2021,284,0.17258552359938
"10147",2021,285,0.157771134210605
"10148",2021,286,0.151545153131054
"10149",2021,287,0.156585514304371
"10150",2021,288,0.172088319859842
"10151",2021,289,0.195351407039699
"10152",2021,290,0.201032384396072
"10153",2021,291,0.17382344488609
"10154",2021,292,0.140577360407082
"10155",2021,293,0.136507441239839
"10156",2021,294,0.154102420939149
"10157",2021,295,0.150023710535405
"10158",2021,296,0.143262335744413
"10159",2021,297,0.141317381351985
"10160",2021,298,0.137378543503047
"10161",2021,299,0.141832941862891
"10162",2021,300,0.136377747841648
"10163",2021,301,0.136560163297271
"10164",2021,302,0.145730292131629
"10165",2021,303,0.103279687672621
"10166",2021,304,0.0876244382620807
"10167",2021,305,0.0881686647493569
"10168",2021,306,0.0993788087854269
"10169",2021,307,0.117742932973425
"10170",2021,308,0.127096661634965
"10171",2021,309,0.124587890270879
"10172",2021,310,0.112174396045516
"10173",2021,311,0.100307010366611
"10174",2021,312,0.0926988780800032
"10175",2021,313,0.0875720897737566
"10176",2021,314,0.0880579402398715
"10177",2021,315,0.0772425912220202
"10178",2021,316,0.0763806806926689
"10179",2021,317,0.0907506615913215
"10180",2021,318,0.0950449555569436
"10181",2021,319,0.102679546850822
"10182",2021,320,0.0838681979812785
"10183",2021,321,0.059561495706736
"10184",2021,322,0.0584475837638804
"10185",2021,323,0.0713890102837433
"10186",2021,324,0.0664567346830169
"10187",2021,325,0.0598861352776534
"10188",2021,326,0.078190095607327
"10189",2021,327,0.0651751690545639
"10190",2021,328,0.04996813398645
"10191",2021,329,0.0646079456191753
"10192",2021,330,0.0793723477369363
"10193",2021,331,0.0725078115386481
"10194",2021,332,0.0820247385372694
"10195",2021,333,0.0796808079160967
"10196",2021,334,0.0773117408694838
"10197",2021,335,0.0866614193687421
"10198",2021,336,0.0676654295731512
"10199",2021,337,0.0448576214931744
"10200",2021,338,0.0388536147232581
"10201",2021,339,0.0276879034311099
"10202",2021,340,0.0221801531057441
"10203",2021,341,0.0295079261863522
"10204",2021,342,0.0420318249187008
"10205",2021,343,0.0405389448437914
"10206",2021,344,0.038326199511844
"10207",2021,345,0.0464277955071161
"10208",2021,346,0.0602900489580414
"10209",2021,347,0.0460578054366887
"10210",2021,348,0.042589668894806
"10211",2021,349,0.0248010070225158
"10212",2021,350,0.0213946559303238
"10213",2021,351,0.020070865292379
"10214",2021,352,0.0285686609086816
"10215",2021,353,0.0310632033485951
"10216",2021,354,0.0239025355809913
"10217",2021,355,0.0308442153634277
"10218",2021,356,0.0448177676677819
"10219",2021,357,0.0419272388864591
"10220",2021,358,0.0254819304734416
"10221",2021,359,0.0178776787010517
"10222",2021,360,0.0131967306342818
"10223",2021,361,0.010416747891984
"10224",2021,362,0.0112859057170962
"10225",2021,363,0.0133333638329028
"10226",2021,364,0.0161355754356483
"10227",2021,365,0.0119890420418599
"10228",2022,1,0.0142080616398511
"10229",2022,2,0.0290075603439848
"10230",2022,3,0.0353876412667583
"10231",2022,4,0.0194988469975985
"10232",2022,5,0.011725167668627
"10233",2022,6,0.0132665353986437
"10234",2022,7,0.0308588769775575
"10235",2022,8,0.0237659151661222
"10236",2022,9,0.0297988488636195
"10237",2022,10,0.0463471809235528
"10238",2022,11,0.0628319704474293
"10239",2022,12,0.0751052686994879
"10240",2022,13,0.0718245054148303
"10241",2022,14,0.0640317253612905
"10242",2022,15,0.0701490386921529
"10243",2022,16,0.0753303176406394
"10244",2022,17,0.0787645758498832
"10245",2022,18,0.0534116011183271
"10246",2022,19,0.0272767019684156
"10247",2022,20,0.0490744793862229
"10248",2022,21,0.0693126486411915
"10249",2022,22,0.0856602863710457
"10250",2022,23,0.0931922862719196
"10251",2022,24,0.0722161222465519
"10252",2022,25,0.0563218322130311
"10253",2022,26,0.075277369219743
"10254",2022,27,0.084609200686424
"10255",2022,28,0.0949462327909218
"10256",2022,29,0.10326486050971
"10257",2022,30,0.105514001962509
"10258",2022,31,0.0867259767945299
"10259",2022,32,0.0375724974781114
"10260",2022,33,0.0348184011215685
"10261",2022,34,0.0562990195005625
"10262",2022,35,0.0732715448345918
"10263",2022,36,0.115718959503129
"10264",2022,37,0.125985335859016
"10265",2022,38,0.137022491974314
"10266",2022,39,0.130930225565531
"10267",2022,40,0.132127697966745
"10268",2022,41,0.143855655044473
"10269",2022,42,0.118514897959509
"10270",2022,43,0.11363113284766
"10271",2022,44,0.12593568130658
"10272",2022,45,0.127237381931779
"10273",2022,46,0.109729977116183
"10274",2022,47,0.0910437899648725
"10275",2022,48,0.110628702840382
"10276",2022,49,0.110363813763789
"10277",2022,50,0.139682282196453
"10278",2022,51,0.0934205661639189
"10279",2022,52,0.0466918628527755
"10280",2022,53,0.0358502647241894
"10281",2022,54,0.0380934599905746
"10282",2022,55,0.0577494941785328
"10283",2022,56,0.0909553715283598
"10284",2022,57,0.133997590641417
"10285",2022,58,0.172616019181926
"10286",2022,59,0.198215716133313
"10287",2022,60,0.198798228212234
"10288",2022,61,0.165297272624253
"10289",2022,62,0.138502494923318
"10290",2022,63,0.120749182985794
"10291",2022,64,0.0999293452035974
"10292",2022,65,0.108379392454172
"10293",2022,66,0.127675153862547
"10294",2022,67,0.10583325854688
"10295",2022,68,0.0855475488605304
"10296",2022,69,0.103011040206779
"10297",2022,70,0.116491494921803
"10298",2022,71,0.181908602801543
"10299",2022,72,0.187787522385028
"10300",2022,73,0.223283699389416
"10301",2022,74,0.234542826612632
"10302",2022,75,0.223331438937889
"10303",2022,76,0.230516623090805
"10304",2022,77,0.237376014469546
"10305",2022,78,0.242605088571781
"10306",2022,79,0.233691071572164
"10307",2022,80,0.231470978179193
"10308",2022,81,0.255621659562828
"10309",2022,82,0.270635681541004
"10310",2022,83,0.25634007699424
"10311",2022,84,0.230721160096164
"10312",2022,85,0.241892026592603
"10313",2022,86,0.282469842330837
"10314",2022,87,0.303012606456481
"10315",2022,88,0.257447510428637
"10316",2022,89,0.247091838370029
"10317",2022,90,0.267078341188292
"10318",2022,91,0.26210374116876
"10319",2022,92,0.292255910833413
"10320",2022,93,0.307579996998391
"10321",2022,94,0.310986477085917
"10322",2022,95,0.29484658475607
"10323",2022,96,0.290307661798842
"10324",2022,97,0.307286422950233
"10325",2022,98,0.341104997674043
"10326",2022,99,0.312715731124241
"10327",2022,100,0.264450365790606
"10328",2022,101,0.242250592233293
"10329",2022,102,0.209456835265254
"10330",2022,103,0.185826038308528
"10331",2022,104,0.200196313258948
"10332",2022,105,0.220327176755729
"10333",2022,106,0.252030230951487
"10334",2022,107,0.284676439146155
"10335",2022,108,0.322571951232841
"10336",2022,109,0.349486458106342
"10337",2022,110,0.31371770976289
"10338",2022,111,0.297504777495501
"10339",2022,112,0.31775519754702
"10340",2022,113,0.328737197950092
"10341",2022,114,0.378041865019594
"10342",2022,115,0.390893039930545
"10343",2022,116,0.424254508484154
"10344",2022,117,0.41137934576966
"10345",2022,118,0.397425843257982
"10346",2022,119,0.412389604705843
"10347",2022,120,0.411362245810667
"10348",2022,121,0.415832196056627
"10349",2022,122,0.418310653983573
"10350",2022,123,0.44227111103726
"10351",2022,124,0.473922656720696
"10352",2022,125,0.517655752632604
"10353",2022,126,0.502447207455195
"10354",2022,127,0.451716999203322
"10355",2022,128,0.423721434209716
"10356",2022,129,0.424219261984517
"10357",2022,130,0.437128396223998
"10358",2022,131,0.438155216756171
"10359",2022,132,0.427702906875892
"10360",2022,133,0.461850355402388
"10361",2022,134,0.471981607742438
"10362",2022,135,0.509220170191059
"10363",2022,136,0.538494026080323
"10364",2022,137,0.528395424568824
"10365",2022,138,0.48428098218445
"10366",2022,139,0.457552586127263
"10367",2022,140,0.400290576240154
"10368",2022,141,0.409795027368529
"10369",2022,142,0.447172276368866
"10370",2022,143,0.497767461819869
"10371",2022,144,0.518427401841738
"10372",2022,145,0.536747629794458
"10373",2022,146,0.560622652975931
"10374",2022,147,0.569600578131665
"10375",2022,148,0.542178609161201
"10376",2022,149,0.54747636252243
"10377",2022,150,0.522668835030221
"10378",2022,151,0.532137156831372
"10379",2022,152,0.5281207736442
"10380",2022,153,0.550178202396332
"10381",2022,154,0.54642092823328
"10382",2022,155,0.577194841949215
"10383",2022,156,0.560645485322922
"10384",2022,157,0.527178119858261
"10385",2022,158,0.526983471683655
"10386",2022,159,0.558099522702113
"10387",2022,160,0.631452817630616
"10388",2022,161,0.647133869791477
"10389",2022,162,0.629565266562112
"10390",2022,163,0.602932397878623
"10391",2022,164,0.57885169162186
"10392",2022,165,0.52452702279861
"10393",2022,166,0.55777706028659
"10394",2022,167,0.633184644122836
"10395",2022,168,0.695191681263898
"10396",2022,169,0.678949784786667
"10397",2022,170,0.615035707727326
"10398",2022,171,0.618801105309232
"10399",2022,172,0.625517970895262
"10400",2022,173,0.662491507730489
"10401",2022,174,0.651768959533337
"10402",2022,175,0.59408867927033
"10403",2022,176,0.589488512100631
"10404",2022,177,0.609343261506299
"10405",2022,178,0.648238116566215
"10406",2022,179,0.682665095868523
"10407",2022,180,0.673247793113248
"10408",2022,181,0.635024914371825
"10409",2022,182,0.661085142875527
"10410",2022,183,0.673315333809778
"10411",2022,184,0.658869074227989
"10412",2022,185,0.671134221195736
"10413",2022,186,0.670598257441857
"10414",2022,187,0.689097875078779
"10415",2022,188,0.693070389584435
"10416",2022,189,0.730358816328458
"10417",2022,190,0.699597470261005
"10418",2022,191,0.665482978644501
"10419",2022,192,0.669189443657729
"10420",2022,193,0.706024801882472
"10421",2022,194,0.738045302244477
"10422",2022,195,0.739846426773474
"10423",2022,196,0.738260057220534
"10424",2022,197,0.751705827664937
"10425",2022,198,0.774537958660445
"10426",2022,199,0.72688279954626
"10427",2022,200,0.690589823076918
"10428",2022,201,0.705068668303656
"10429",2022,202,0.710609723762879
"10430",2022,203,0.697581983125164
"10431",2022,204,0.665825991472513
"10432",2022,205,0.669094188223167
"10433",2022,206,0.674692757140508
"10434",2022,207,0.651697639813532
"10435",2022,208,0.652770538114678
"10436",2022,209,0.667196991382642
"10437",2022,210,0.697602452003429
"10438",2022,211,0.712737080874715
"10439",2022,212,0.701876873458465
"10440",2022,213,0.719916462112404
"10441",2022,214,0.707943278576544
"10442",2022,215,0.682322995217004
"10443",2022,216,0.706109694769599
"10444",2022,217,0.626965826228252
"10445",2022,218,0.56825725223683
"10446",2022,219,0.643450970374811
"10447",2022,220,0.680718063540403
"10448",2022,221,0.665928212957859
"10449",2022,222,0.67595640948283
"10450",2022,223,0.689823416639781
"10451",2022,224,0.696995547689218
"10452",2022,225,0.673282636951423
"10453",2022,226,0.679939243107855
"10454",2022,227,0.661242230721487
"10455",2022,228,0.666144101046558
"10456",2022,229,0.653826487836827
"10457",2022,230,0.617495421962746
"10458",2022,231,0.613082724826457
"10459",2022,232,0.621124972055284
"10460",2022,233,0.629716324590388
"10461",2022,234,0.624419644469281
"10462",2022,235,0.570414119814519
"10463",2022,236,0.555521253900008
"10464",2022,237,0.545650258523951
"10465",2022,238,0.562386076473582
"10466",2022,239,0.572765781031383
"10467",2022,240,0.519789337372458
"10468",2022,241,0.528396444729412
"10469",2022,242,0.5721801841979
"10470",2022,243,0.58657987881972
"10471",2022,244,0.58002262310588
"10472",2022,245,0.544477896825205
"10473",2022,246,0.565165029447367
"10474",2022,247,0.568044901291439
"10475",2022,248,0.540827471289516
"10476",2022,249,0.50314492038599
"10477",2022,250,0.53874442201953
"10478",2022,251,0.456090631852755
"10479",2022,252,0.379739122975603
"10480",2022,253,0.402790995463071
"10481",2022,254,0.443555947607836
"10482",2022,255,0.452824432886253
"10483",2022,256,0.418332378169673
"10484",2022,257,0.390491208425142
"10485",2022,258,0.391631924404161
"10486",2022,259,0.392926552635983
"10487",2022,260,0.387309056536169
"10488",2022,261,0.391137770928796
"10489",2022,262,0.374075793460261
"10490",2022,263,0.315681447366613
"10491",2022,264,0.308425501632355
"10492",2022,265,0.338788238215452
"10493",2022,266,0.343301604456106
"10494",2022,267,0.346006733302706
"10495",2022,268,0.331650582343793
"10496",2022,269,0.346786443967808
"10497",2022,270,0.353533664015689
"10498",2022,271,0.362148196215974
"10499",2022,272,0.34059232499623
"10500",2022,273,0.294219105136196
"10501",2022,274,0.272167710082502
"10502",2022,275,0.272688198776321
"10503",2022,276,0.271711534767317
"10504",2022,277,0.271976220398749
"10505",2022,278,0.249986919109198
"10506",2022,279,0.214416661411007
"10507",2022,280,0.218754581311187
"10508",2022,281,0.233648435370008
"10509",2022,282,0.234092236691775
"10510",2022,283,0.232313908737611
"10511",2022,284,0.208212857110655
"10512",2022,285,0.197957927447885
"10513",2022,286,0.19615017291168
"10514",2022,287,0.195147100080956
"10515",2022,288,0.183389678554574
"10516",2022,289,0.171363016886201
"10517",2022,290,0.187953630658817
"10518",2022,291,0.193397797605647
"10519",2022,292,0.191449251114478
"10520",2022,293,0.186843607406631
"10521",2022,294,0.150898802125459
"10522",2022,295,0.138194108296183
"10523",2022,296,0.123052870895095
"10524",2022,297,0.127320032368261
"10525",2022,298,0.132511352263378
"10526",2022,299,0.124653512754497
"10527",2022,300,0.127761811490955
"10528",2022,301,0.134116366526467
"10529",2022,302,0.136946987775999
"10530",2022,303,0.135274787091944
"10531",2022,304,0.143691279461097
"10532",2022,305,0.128611432887151
"10533",2022,306,0.10219214143817
"10534",2022,307,0.084810662852975
"10535",2022,308,0.0977619277538293
"10536",2022,309,0.0973967370616752
"10537",2022,310,0.0630095956578433
"10538",2022,311,0.054000567262726
"10539",2022,312,0.043096498180047
"10540",2022,313,0.0368291524500874
"10541",2022,314,0.0345475200601632
"10542",2022,315,0.0343421231302555
"10543",2022,316,0.0385332675376258
"10544",2022,317,0.0454317120746011
"10545",2022,318,0.0554005293576475
"10546",2022,319,0.0554318365381801
"10547",2022,320,0.0514346507742229
"10548",2022,321,0.0366201082699086
"10549",2022,322,0.0378680493525689
"10550",2022,323,0.0476413398523503
"10551",2022,324,0.059611855683512
"10552",2022,325,0.058316831382045
"10553",2022,326,0.0660820355025193
"10554",2022,327,0.0661668078299143
"10555",2022,328,0.0668337947658792
"10556",2022,329,0.0780000369023525
"10557",2022,330,0.0679314498692389
"10558",2022,331,0.0552115003613612
"10559",2022,332,0.0371146427297858
"10560",2022,333,0.0283296929336843
"10561",2022,334,0.0292661822885059
"10562",2022,335,0.0304531639121798
"10563",2022,336,0.019652502019409
"10564",2022,337,0.0273096349170052
"10565",2022,338,0.0358413783213528
"10566",2022,339,0.0302923372634842
"10567",2022,340,0.0209845189292018
"10568",2022,341,0.022148503719687
"10569",2022,342,0.0300538728283485
"10570",2022,343,0.0331620942707253
"10571",2022,344,0.0325637413687705
"10572",2022,345,0.0342340675889308
"10573",2022,346,0.0274988682046364
"10574",2022,347,0.0276973963927427
"10575",2022,348,0.0280347655226037
"10576",2022,349,0.0284459666259377
"10577",2022,350,0.0283108782778628
"10578",2022,351,0.0284141941369459
"10579",2022,352,0.019506569606967
"10580",2022,353,0.0134726305306843
"10581",2022,354,0.0101811939324302
"10582",2022,355,0.01
"10583",2022,356,0.01
"10584",2022,357,0.012405642907772
"10585",2022,358,0.026016067277499
"10586",2022,359,0.0390209259520261
"10587",2022,360,0.0435761642485165
"10588",2022,361,0.0590506293775638
"10589",2022,362,0.0524767410042871
"10590",2022,363,0.040437274336323
"10591",2022,364,0.0398759762384464
"10592",2022,365,0.0448664218825788
"10593",2022,366,0.0423461197783666
"10594",2023,1,0.0420353338981848
"10595",2023,2,0.0394035570058215
"10596",2023,3,0.0364787446661661
"10597",2023,4,0.03680555370052
"10598",2023,5,0.0360419426621859
"10599",2023,6,0.0425098249695799
"10600",2023,7,0.0508240203817602
"10601",2023,8,0.0513012346288135
"10602",2023,9,0.0608062603332719
"10603",2023,10,0.0530093011155781
"10604",2023,11,0.0421756778160809
"10605",2023,12,0.0484415059061336
"10606",2023,13,0.0664419548593477
"10607",2023,14,0.0704169180967008
"10608",2023,15,0.0562928118541034
"10609",2023,16,0.0527458785185125
"10610",2023,17,0.056137715984122
"10611",2023,18,0.0606917698447554
"10612",2023,19,0.0583105728729
"10613",2023,20,0.0593822407551334
"10614",2023,21,0.0678447505270936
"10615",2023,22,0.0689076552460984
"10616",2023,23,0.0644273621760455
"10617",2023,24,0.0791729588223963
"10618",2023,25,0.0765184422017592
"10619",2023,26,0.0851569359008249
"10620",2023,27,0.0742263891833602
"10621",2023,28,0.0382041711812222
"10622",2023,29,0.0310354862258498
"10623",2023,30,0.0394611882052375
"10624",2023,31,0.0578702253166929
"10625",2023,32,0.0645168726021302
"10626",2023,33,0.0592017105506319
"10627",2023,34,0.100921751432728
"10628",2023,35,0.114965242533534
"10629",2023,36,0.106799822161447
"10630",2023,37,0.116388082897399
"10631",2023,38,0.124108956931709
"10632",2023,39,0.114118330171631
"10633",2023,40,0.101465955473174
"10634",2023,41,0.127902088035551
"10635",2023,42,0.129415882401885
"10636",2023,43,0.13408854606924
"10637",2023,44,0.129876816189993
"10638",2023,45,0.0984736182982638
"10639",2023,46,0.100965335260246
"10640",2023,47,0.117178009106166
"10641",2023,48,0.140965765908602
"10642",2023,49,0.135816514853025
"10643",2023,50,0.135755299690011
"10644",2023,51,0.115056539123983
"10645",2023,52,0.07183738508094
"10646",2023,53,0.0399854060350032
"10647",2023,54,0.0395093437811381
"10648",2023,55,0.0466815903888699
"10649",2023,56,0.0893809544789584
"10650",2023,57,0.141113244562927
"10651",2023,58,0.129108653571848
"10652",2023,59,0.114759549854417
"10653",2023,60,0.117746302134344
"10654",2023,61,0.140959296901918
"10655",2023,62,0.143283178923409
"10656",2023,63,0.134125563390691
"10657",2023,64,0.10390808558876
"10658",2023,65,0.0997770504576124
"10659",2023,66,0.0963326322877874
"10660",2023,67,0.103205394775929
"10661",2023,68,0.10114195711877
"10662",2023,69,0.100275633365913
"10663",2023,70,0.108350372920535
"10664",2023,71,0.101554393236395
"10665",2023,72,0.138864431719041
"10666",2023,73,0.168796385730599
"10667",2023,74,0.152661520787281
"10668",2023,75,0.140912384096009
"10669",2023,76,0.128378695450891
"10670",2023,77,0.14673646062475
"10671",2023,78,0.155233644638236
"10672",2023,79,0.127354980243299
"10673",2023,80,0.138525104069005
"10674",2023,81,0.137479100281012
"10675",2023,82,0.174961236722243
"10676",2023,83,0.179182952257422
"10677",2023,84,0.164783468410945
"10678",2023,85,0.157782332423307
"10679",2023,86,0.173845164522794
"10680",2023,87,0.149274486730083
"10681",2023,88,0.18143761058518
"10682",2023,89,0.190831607986031
"10683",2023,90,0.230797156594805
"10684",2023,91,0.265396677325923
"10685",2023,92,0.245455355006413
"10686",2023,93,0.223465202673541
"10687",2023,94,0.186246878061164
"10688",2023,95,0.202895403142769
"10689",2023,96,0.24692102412717
"10690",2023,97,0.297576907506478
"10691",2023,98,0.342925013956424
"10692",2023,99,0.367303368110418
"10693",2023,100,0.411541488464501
"10694",2023,101,0.409211903294306
"10695",2023,102,0.352970651084584
"10696",2023,103,0.300138723281102
"10697",2023,104,0.305256049838482
"10698",2023,105,0.337558691127727
"10699",2023,106,0.369967204160763
"10700",2023,107,0.38637310397464
"10701",2023,108,0.347964435390349
"10702",2023,109,0.291556231614103
"10703",2023,110,0.271783906833056
"10704",2023,111,0.28018634601794
"10705",2023,112,0.311105113925287
"10706",2023,113,0.357687828648673
"10707",2023,114,0.41515412051551
"10708",2023,115,0.417308319323944
"10709",2023,116,0.42846908598877
"10710",2023,117,0.41576828726579
"10711",2023,118,0.427697898116169
"10712",2023,119,0.443932352986817
"10713",2023,120,0.434667877698856
"10714",2023,121,0.457085969501771
"10715",2023,122,0.490174688250878
"10716",2023,123,0.516530617050792
"10717",2023,124,0.524838010724499
"10718",2023,125,0.489682368881076
"10719",2023,126,0.467128562182321
"10720",2023,127,0.469686304618821
"10721",2023,128,0.473970103991923
"10722",2023,129,0.475645042408166
"10723",2023,130,0.471703758112677
"10724",2023,131,0.48390648686226
"10725",2023,132,0.47400519677276
"10726",2023,133,0.484259636452453
"10727",2023,134,0.529816942773982
"10728",2023,135,0.543605752585419
"10729",2023,136,0.562978616202484
"10730",2023,137,0.499684495593629
"10731",2023,138,0.467805402407147
"10732",2023,139,0.507681055497613
"10733",2023,140,0.570731640990844
"10734",2023,141,0.585110952713928
"10735",2023,142,0.604330795466176
"10736",2023,143,0.581656191099745
"10737",2023,144,0.598742601155559
"10738",2023,145,0.586524163900279
"10739",2023,146,0.570579889579412
"10740",2023,147,0.581758134733593
"10741",2023,148,0.576495646437864
"10742",2023,149,0.59649977367582
"10743",2023,150,0.600912380011592
"10744",2023,151,0.620148481395079
"10745",2023,152,0.628450457548062
"10746",2023,153,0.592872071387129
"10747",2023,154,0.617592555614277
"10748",2023,155,0.639118836251518
"10749",2023,156,0.661082567289123
"10750",2023,157,0.646048781060676
"10751",2023,158,0.668014120356838
"10752",2023,159,0.649622400395184
"10753",2023,160,0.627344089111834
"10754",2023,161,0.610836130775854
"10755",2023,162,0.602996159458963
"10756",2023,163,0.612981120448347
"10757",2023,164,0.63259689137413
"10758",2023,165,0.610121604712202
"10759",2023,166,0.563882836845856
"10760",2023,167,0.583861663125936
"10761",2023,168,0.604016427401145
"10762",2023,169,0.605358242130592
"10763",2023,170,0.601674736920177
"10764",2023,171,0.577157446516794
"10765",2023,172,0.57238463597642
"10766",2023,173,0.58533840833954
"10767",2023,174,0.620699302676309
"10768",2023,175,0.628927377599532
"10769",2023,176,0.642886026344625
"10770",2023,177,0.652764311643302
"10771",2023,178,0.654300992446089
"10772",2023,179,0.664840923518707
"10773",2023,180,0.677096368681831
"10774",2023,181,0.70922087979002
"10775",2023,182,0.730002997457626
"10776",2023,183,0.690797664253345
"10777",2023,184,0.622142241617678
"10778",2023,185,0.584443495083902
"10779",2023,186,0.611051139128362
"10780",2023,187,0.658375506742021
"10781",2023,188,0.660100618269361
"10782",2023,189,0.681616839226051
"10783",2023,190,0.716074292849968
"10784",2023,191,0.71655448701676
"10785",2023,192,0.679166385335596
"10786",2023,193,0.667657890647678
"10787",2023,194,0.682783119303009
"10788",2023,195,0.667444597878422
"10789",2023,196,0.65746696504623
"10790",2023,197,0.669265316771686
"10791",2023,198,0.68847239851624
"10792",2023,199,0.677692759883305
"10793",2023,200,0.642258622482414
"10794",2023,201,0.659769809635729
"10795",2023,202,0.706492021931151
"10796",2023,203,0.744771158906033
"10797",2023,204,0.756743431446203
"10798",2023,205,0.773127764693221
"10799",2023,206,0.767241791117004
"10800",2023,207,0.712006489169358
"10801",2023,208,0.670036526244354
"10802",2023,209,0.655468066986384
"10803",2023,210,0.671553363931371
"10804",2023,211,0.705511614245091
"10805",2023,212,0.709362362035826
"10806",2023,213,0.725338933444454
"10807",2023,214,0.705557354459249
"10808",2023,215,0.706314233156288
"10809",2023,216,0.65307415248251
"10810",2023,217,0.632890125545969
"10811",2023,218,0.613578344914339
"10812",2023,219,0.628928763092285
"10813",2023,220,0.644091424270562
"10814",2023,221,0.656829532975172
"10815",2023,222,0.631348424655164
"10816",2023,223,0.616544711432322
"10817",2023,224,0.596457514149755
"10818",2023,225,0.585227138588414
"10819",2023,226,0.640579062932641
"10820",2023,227,0.666680377223102
"10821",2023,228,0.643155973161055
"10822",2023,229,0.654302045666055
"10823",2023,230,0.630097511989693
"10824",2023,231,0.5326225498523
"10825",2023,232,0.513620098195965
"10826",2023,233,0.565543953476783
"10827",2023,234,0.616775302440667
"10828",2023,235,0.594990206255519
"10829",2023,236,0.567709414398452
"10830",2023,237,0.526844442073617
"10831",2023,238,0.571249896869904
"10832",2023,239,0.572423779134914
"10833",2023,240,0.573265988764334
"10834",2023,241,0.571435507753765
"10835",2023,242,0.533023452482445
"10836",2023,243,0.517419819655134
"10837",2023,244,0.526678910042867
"10838",2023,245,0.567518110339283
"10839",2023,246,0.516656255885426
"10840",2023,247,0.444486357758875
"10841",2023,248,0.440923707414711
"10842",2023,249,0.47903180776513
"10843",2023,250,0.467804140351675
"10844",2023,251,0.432001868505615
"10845",2023,252,0.417258940059269
"10846",2023,253,0.420007282219094
"10847",2023,254,0.430098759527864
"10848",2023,255,0.439324151344994
"10849",2023,256,0.431398935109568
"10850",2023,257,0.410642909390726
"10851",2023,258,0.406543359217957
"10852",2023,259,0.427338376765003
"10853",2023,260,0.432057853938265
"10854",2023,261,0.414149336310843
"10855",2023,262,0.357718124927458
"10856",2023,263,0.340485400905265
"10857",2023,264,0.333957850072298
"10858",2023,265,0.335418637515125
"10859",2023,266,0.334943950525305
"10860",2023,267,0.34209831967068
"10861",2023,268,0.353649989565097
"10862",2023,269,0.362922474689067
"10863",2023,270,0.324952620306838
"10864",2023,271,0.293688794497993
"10865",2023,272,0.288427681722983
"10866",2023,273,0.27021395266739
"10867",2023,274,0.25428004701666
"10868",2023,275,0.258536289423756
"10869",2023,276,0.253695380570409
"10870",2023,277,0.240803482606833
"10871",2023,278,0.216582280457982
"10872",2023,279,0.2002355086178
"10873",2023,280,0.240264657342812
"10874",2023,281,0.253365943072695
"10875",2023,282,0.250797244781439
"10876",2023,283,0.236418133896422
"10877",2023,284,0.197551674059171
"10878",2023,285,0.182299837085722
"10879",2023,286,0.177053184623068
"10880",2023,287,0.173380029638069
"10881",2023,288,0.18886815787106
"10882",2023,289,0.197889645928083
"10883",2023,290,0.19330927226722
"10884",2023,291,0.182090289022476
"10885",2023,292,0.21361416919959
"10886",2023,293,0.189403354323492
"10887",2023,294,0.163050993740702
"10888",2023,295,0.151714532448752
"10889",2023,296,0.128843287601043
"10890",2023,297,0.103232443282244
"10891",2023,298,0.0684844105400814
"10892",2023,299,0.0606860351649338
"10893",2023,300,0.0596360977883698
"10894",2023,301,0.0638897106692484
"10895",2023,302,0.0773154978803313
"10896",2023,303,0.0740124792528663
"10897",2023,304,0.0783376812414182
"10898",2023,305,0.0865413947786163
"10899",2023,306,0.0930391356508889
"10900",2023,307,0.103292574261403
"10901",2023,308,0.110874072173929
"10902",2023,309,0.116513428269747
"10903",2023,310,0.109067366468855
"10904",2023,311,0.10483068928812
"10905",2023,312,0.0930902256470041
"10906",2023,313,0.0881450606033824
"10907",2023,314,0.0872267131593734
"10908",2023,315,0.0912598669803205
"10909",2023,316,0.0964482563256916
"10910",2023,317,0.093188605317823
"10911",2023,318,0.0858471588695285
"10912",2023,319,0.084750732952464
"10913",2023,320,0.0741100243005794
"10914",2023,321,0.0869224186163113
"10915",2023,322,0.0846080360606918
"10916",2023,323,0.0809564796418958
"10917",2023,324,0.0754544103314912
"10918",2023,325,0.0765231090810021
"10919",2023,326,0.0692862050462964
"10920",2023,327,0.0454654373387466
"10921",2023,328,0.0448525436780263
"10922",2023,329,0.0491657798126878
"10923",2023,330,0.0511542143277673
"10924",2023,331,0.0550843112968405
"10925",2023,332,0.0653833745750775
"10926",2023,333,0.0535252929991165
"10927",2023,334,0.0483831423198311
"10928",2023,335,0.0463324780549876
"10929",2023,336,0.0585454056151672
"10930",2023,337,0.059766486563436
"10931",2023,338,0.0635122479368224
"10932",2023,339,0.0736293908304571
"10933",2023,340,0.080549763817666
"10934",2023,341,0.0645546602991302
"10935",2023,342,0.053852113336096
"10936",2023,343,0.0521999877784991
"10937",2023,344,0.0560003545457258
"10938",2023,345,0.0510697220632234
"10939",2023,346,0.0518773108011477
"10940",2023,347,0.0550155598127212
"10941",2023,348,0.050548944144586
"10942",2023,349,0.0441953439952029
"10943",2023,350,0.0547383753241759
"10944",2023,351,0.0457636221431651
"10945",2023,352,0.0533174840412619
"10946",2023,353,0.0592193379651043
"10947",2023,354,0.0646584364589997
"10948",2023,355,0.0657167483617655
"10949",2023,356,0.0630649189651663
"10950",2023,357,0.0524542669827765
"10951",2023,358,0.0375750775273472
"10952",2023,359,0.0364349859736883
"10953",2023,360,0.0424547658531903
"10954",2023,361,0.0466308664210091
"10955",2023,362,0.0533705758160271
"10956",2023,363,0.0551543124780933
"10957",2023,364,0.0454264002166797
"10958",2023,365,0.046786131612636
"10959",2024,1,0.0500522194874448
"10960",2024,2,0.0466264447502065
"10961",2024,3,0.0409227332680852
"10962",2024,4,0.0446557742033306
"10963",2024,5,0.0471213206870723
"10964",2024,6,0.0445668036442883
"10965",2024,7,0.0397141895893072
"10966",2024,8,0.0294499496902158
"10967",2024,9,0.0420501222465141
"10968",2024,10,0.0356968562432095
"10969",2024,11,0.0164564525750778
"10970",2024,12,0.01
"10971",2024,13,0.01
"10972",2024,14,0.01
"10973",2024,15,0.010515360128521
"10974",2024,16,0.0255144306443197
"10975",2024,17,0.0279026592970621
"10976",2024,18,0.0206353193564315
"10977",2024,19,0.0245024327040962
"10978",2024,20,0.0386697911206703
"10979",2024,21,0.059401000414273
"10980",2024,22,0.0585364059074878
"10981",2024,23,0.0634817589019699
"10982",2024,24,0.069617322497086
"10983",2024,25,0.0727216890025396
"10984",2024,26,0.0781475203623908
"10985",2024,27,0.0758088501925634
"10986",2024,28,0.103371424968387
"10987",2024,29,0.111032977204396
"10988",2024,30,0.11956506135534
"10989",2024,31,0.119626502343849
"10990",2024,32,0.116246626521952
"10991",2024,33,0.109208627758492
"10992",2024,34,0.0986786758389444
"10993",2024,35,0.102892395303742
"10994",2024,36,0.105013668596875
"10995",2024,37,0.0982240900964741
"10996",2024,38,0.0973946333042492
"10997",2024,39,0.093060022902719
"10998",2024,40,0.0872191663041329
"10999",2024,41,0.0925428356342289
"11000",2024,42,0.111652699429432
"11001",2024,43,0.114903697553233
"11002",2024,44,0.10312808377296
"11003",2024,45,0.0857607822877066
"11004",2024,46,0.0736975625431157
"11005",2024,47,0.0770515177407502
"11006",2024,48,0.102576469734323
"11007",2024,49,0.109168151528681
"11008",2024,50,0.137974533179782
"11009",2024,51,0.160564817935789
"11010",2024,52,0.159615429700369
"11011",2024,53,0.161407725657422
"11012",2024,54,0.170325755962794
"11013",2024,55,0.170788518684294
"11014",2024,56,0.172228070780094
"11015",2024,57,0.129537186097208
"11016",2024,58,0.0818293770128267
"11017",2024,59,0.145006141708366
"11018",2024,60,0.188383881541344
"11019",2024,61,0.176192102411635
"11020",2024,62,0.141369561877093
"11021",2024,63,0.087480738688494
"11022",2024,64,0.0831058495057781
"11023",2024,65,0.0927223719138951
"11024",2024,66,0.0974872900011002
"11025",2024,67,0.113737059173144
"11026",2024,68,0.153795177762842
"11027",2024,69,0.20704144072329
"11028",2024,70,0.230138669097104
"11029",2024,71,0.226937341924473
"11030",2024,72,0.228326317971471
"11031",2024,73,0.208307478205914
"11032",2024,74,0.211985644140289
"11033",2024,75,0.224787012090399
"11034",2024,76,0.214794177736656
"11035",2024,77,0.214941222470614
"11036",2024,78,0.24528807064167
"11037",2024,79,0.218115619023517
"11038",2024,80,0.180530777170891
"11039",2024,81,0.16005588172802
"11040",2024,82,0.157652086401687
"11041",2024,83,0.162573280780038
"11042",2024,84,0.156626963380869
"11043",2024,85,0.145295753123591
"11044",2024,86,0.160321301063999
"11045",2024,87,0.216273343912157
"11046",2024,88,0.24423880682376
"11047",2024,89,0.225209482238383
"11048",2024,90,0.230447328641403
"11049",2024,91,0.251390968365255
"11050",2024,92,0.292095739872812
"11051",2024,93,0.328050844797341
"11052",2024,94,0.364926021184709
"11053",2024,95,0.345079032078195
"11054",2024,96,0.325748000895923
"11055",2024,97,0.296450127123366
"11056",2024,98,0.306430680562537
"11057",2024,99,0.342520267306404
"11058",2024,100,0.339418219086739
"11059",2024,101,0.328806572932662
"11060",2024,102,0.346861442473308
"11061",2024,103,0.404842447948949
"11062",2024,104,0.433085425529758
"11063",2024,105,0.432740027139986
"11064",2024,106,0.430135031081195
"11065",2024,107,0.387682017331157
"11066",2024,108,0.305446044704154
"11067",2024,109,0.294409903678926
"11068",2024,110,0.270252237802793
"11069",2024,111,0.301984971156213
"11070",2024,112,0.394841344882932
"11071",2024,113,0.39065153932401
"11072",2024,114,0.410177658552926
"11073",2024,115,0.444324508303176
"11074",2024,116,0.457921788207199
"11075",2024,117,0.441193626757658
"11076",2024,118,0.427409627534463
"11077",2024,119,0.445381150915448
"11078",2024,120,0.426521583093463
"11079",2024,121,0.400147444319182
"11080",2024,122,0.365004048768345
"11081",2024,123,0.358042633922679
"11082",2024,124,0.368475131741926
"11083",2024,125,0.406174857383977
"11084",2024,126,0.455059514811033
"11085",2024,127,0.42762201374364
"11086",2024,128,0.416898170213235
"11087",2024,129,0.438983441676672
"11088",2024,130,0.491019121353858
"11089",2024,131,0.507397598718477
"11090",2024,132,0.534710023242511
"11091",2024,133,0.528557683222749
"11092",2024,134,0.535020621080489
"11093",2024,135,0.504687601195922
"11094",2024,136,0.515455055553741
"11095",2024,137,0.535010251426558
"11096",2024,138,0.505286290844051
"11097",2024,139,0.458190771644326
"11098",2024,140,0.455908760860396
"11099",2024,141,0.451224261819334
"11100",2024,142,0.478613135243299
"11101",2024,143,0.474153863153475
"11102",2024,144,0.473136444711878
"11103",2024,145,0.485273541050713
"11104",2024,146,0.49666489234315
"11105",2024,147,0.512518461017634
"11106",2024,148,0.549668675839285
"11107",2024,149,0.561096447174667
"11108",2024,150,0.551853507956176
"11109",2024,151,0.500920533215408
"11110",2024,152,0.507455947843121
"11111",2024,153,0.55357923532423
"11112",2024,154,0.588052615208955
"11113",2024,155,0.579933492413293
"11114",2024,156,0.56164035578463
"11115",2024,157,0.577860114232577
"11116",2024,158,0.563571280382965
"11117",2024,159,0.56427290066675
"11118",2024,160,0.577326837773213
"11119",2024,161,0.578633434269226
"11120",2024,162,0.613654298447987
"11121",2024,163,0.631454965927614
"11122",2024,164,0.633143588566923
"11123",2024,165,0.613922133668564
"11124",2024,166,0.629395202068568
"11125",2024,167,0.597054944718087
"11126",2024,168,0.528629885646301
"11127",2024,169,0.511042985676094
"11128",2024,170,0.535268895450598
"11129",2024,171,0.563193385799102
"11130",2024,172,0.594519551310087
"11131",2024,173,0.609357824983579
"11132",2024,174,0.64892315504145
"11133",2024,175,0.693775681178765
"11134",2024,176,0.679606508728131
"11135",2024,177,0.643730551125931
"11136",2024,178,0.626661402269969
"11137",2024,179,0.609193464658388
"11138",2024,180,0.567848182299365
"11139",2024,181,0.597123368272561
"11140",2024,182,0.643090764379775
"11141",2024,183,0.641607609402142
"11142",2024,184,0.637250304867619
"11143",2024,185,0.613864178873218
"11144",2024,186,0.627613034175916
"11145",2024,187,0.637068722166209
"11146",2024,188,0.616254393984353
"11147",2024,189,0.643812252151528
"11148",2024,190,0.695974152201507
"11149",2024,191,0.738033121565281
"11150",2024,192,0.771474090921101
"11151",2024,193,0.785672246908812
"11152",2024,194,0.748496516747948
"11153",2024,195,0.72556955372185
"11154",2024,196,0.714091023894217
"11155",2024,197,0.697889813487917
"11156",2024,198,0.702362963136127
"11157",2024,199,0.724688827515736
"11158",2024,200,0.731432288892468
"11159",2024,201,0.733238101446866
"11160",2024,202,0.727727524595144
"11161",2024,203,0.719575302039986
"11162",2024,204,0.7347821292314
"11163",2024,205,0.766704266448888
"11164",2024,206,0.801401241973213
"11165",2024,207,0.758297302990322
"11166",2024,208,0.659898322711266
"11167",2024,209,0.658560637440898
"11168",2024,210,0.625385802400656
"11169",2024,211,0.676414437757833
"11170",2024,212,0.674152336929479
"11171",2024,213,0.687140337019917
"11172",2024,214,0.715634786933153
"11173",2024,215,0.716128549563224
"11174",2024,216,0.677042192120172
"11175",2024,217,0.660916794135282
"11176",2024,218,0.634359025597444
"11177",2024,219,0.619954028819596
"11178",2024,220,0.55772393486279
"11179",2024,221,0.551340933272091
"11180",2024,222,0.568449145606721
"11181",2024,223,0.587419341256921
"11182",2024,224,0.605138545265118
"11183",2024,225,0.631338488768252
"11184",2024,226,0.628720896410274
"11185",2024,227,0.612666602512624
"11186",2024,228,0.615903947074863
"11187",2024,229,0.612426455003881
"11188",2024,230,0.627793173791472
"11189",2024,231,0.63523557405056
"11190",2024,232,0.61548570169421
"11191",2024,233,0.604203279750237
"11192",2024,234,0.583790310943948
"11193",2024,235,0.57950905449708
"11194",2024,236,0.608780993172121
"11195",2024,237,0.56874417885303
"11196",2024,238,0.539406162552797
"11197",2024,239,0.532903058509993
"11198",2024,240,0.52253153085282
"11199",2024,241,0.482875110612108
"11200",2024,242,0.486931477613089
"11201",2024,243,0.507256288115192
"11202",2024,244,0.509798936966472
"11203",2024,245,0.52286789417597
"11204",2024,246,0.521300154289175
"11205",2024,247,0.511329349769763
"11206",2024,248,0.47948860308467
"11207",2024,249,0.451013104412431
"11208",2024,250,0.470935766900505
"11209",2024,251,0.491674372366375
"11210",2024,252,0.491109107272431
"11211",2024,253,0.476236067099229
"11212",2024,254,0.435212703370924
"11213",2024,255,0.428959614541316
"11214",2024,256,0.393486904956828
"11215",2024,257,0.385487753000013
"11216",2024,258,0.407313636360049
"11217",2024,259,0.416757269684426
"11218",2024,260,0.419584464378388
"11219",2024,261,0.413733964391969
"11220",2024,262,0.373742805255341
"11221",2024,263,0.371363703319572
"11222",2024,264,0.344400837681001
"11223",2024,265,0.316906151133693
"11224",2024,266,0.326948777831401
"11225",2024,267,0.344757392440259
"11226",2024,268,0.369892821260335
"11227",2024,269,0.380005004183278
"11228",2024,270,0.343792656842917
"11229",2024,271,0.342300395083618
"11230",2024,272,0.342476172549364
"11231",2024,273,0.325995825479386
"11232",2024,274,0.255749820473777
"11233",2024,275,0.261409188907868
"11234",2024,276,0.251857205588636
"11235",2024,277,0.247550323876527
"11236",2024,278,0.256013299448143
"11237",2024,279,0.237409164130317
"11238",2024,280,0.236007840115358
"11239",2024,281,0.256479960462075
"11240",2024,282,0.256585773751675
"11241",2024,283,0.2510856820271
"11242",2024,284,0.22094006628048
"11243",2024,285,0.199958604962853
"11244",2024,286,0.19165521523957
"11245",2024,287,0.176740626253177
"11246",2024,288,0.202697108065462
"11247",2024,289,0.211890233814158
"11248",2024,290,0.205438941731255
"11249",2024,291,0.172123904934688
"11250",2024,292,0.166135312951051
"11251",2024,293,0.18634880754689
"11252",2024,294,0.187321900607703
"11253",2024,295,0.173357511141952
"11254",2024,296,0.140110908258062
"11255",2024,297,0.138223237896654
"11256",2024,298,0.126994599654658
"11257",2024,299,0.13134788647732
"11258",2024,300,0.15093802408093
"11259",2024,301,0.148669475128894
"11260",2024,302,0.130714634754083
"11261",2024,303,0.112646014595191
"11262",2024,304,0.106811354252944
"11263",2024,305,0.107879185392732
"11264",2024,306,0.107921509328201
"11265",2024,307,0.101602311973308
"11266",2024,308,0.101354215438361
"11267",2024,309,0.0948873066903598
"11268",2024,310,0.0881991750978758
"11269",2024,311,0.0858728642964595
"11270",2024,312,0.0987217712028406
"11271",2024,313,0.100173669641912
"11272",2024,314,0.103477308847838
"11273",2024,315,0.0946153519270665
"11274",2024,316,0.0915769865706998
"11275",2024,317,0.0911841734423865
"11276",2024,318,0.0867769025616357
"11277",2024,319,0.0913395758995952
"11278",2024,320,0.0759367859589837
"11279",2024,321,0.0643738526911733
"11280",2024,322,0.0805135680314672
"11281",2024,323,0.0748880676324576
"11282",2024,324,0.0612237083957013
"11283",2024,325,0.050704002982615
"11284",2024,326,0.0542782127523229
"11285",2024,327,0.0489419156128474
"11286",2024,328,0.0457029820484381
"11287",2024,329,0.0330560986877461
"11288",2024,330,0.0328764421243804
"11289",2024,331,0.0355056128961689
"11290",2024,332,0.0347879875969716
"11291",2024,333,0.0319397538271
"11292",2024,334,0.031537651586128
"11293",2024,335,0.0337053159667424
"11294",2024,336,0.0281376052462219
"11295",2024,337,0.0288589913779658
"11296",2024,338,0.0441526113059662
"11297",2024,339,0.0386941844623885
"11298",2024,340,0.0429954937874034
"11299",2024,341,0.0599614138404915
"11300",2024,342,0.0662333247495878
"11301",2024,343,0.0593512428662724
"11302",2024,344,0.0418202250707284
"11303",2024,345,0.0369820595852349
"11304",2024,346,0.0317697868798217
"11305",2024,347,0.0317302705014034
"11306",2024,348,0.0353402142465418
"11307",2024,349,0.0416411551779139
"11308",2024,350,0.043438339625161
"11309",2024,351,0.037817662455421
"11310",2024,352,0.0317945286057005
"11311",2024,353,0.0426184756061432
"11312",2024,354,0.0336028116620595
"11313",2024,355,0.0422383499621928
"11314",2024,356,0.0562069755689842
"11315",2024,357,0.0576456213883869
"11316",2024,358,0.053732137503056
"11317",2024,359,0.0551573878855431
"11318",2024,360,0.0578058041687899
"11319",2024,361,0.0538644946289617
"11320",2024,362,0.0574596378850454
"11321",2024,363,0.0570524246933407
"11322",2024,364,0.0535287526480426
"11323",2024,365,0.0393049345546996
