"","year","DOY","pet_cm"
"1",1994,1,0.0227825682544151
"2",1994,2,0.021217882648541
"3",1994,3,0.0255787615849445
"4",1994,4,0.0147409913860437
"5",1994,5,0.0139504346332577
"6",1994,6,0.0119500661363734
"7",1994,7,0.0168869111295992
"8",1994,8,0.0151721934503973
"9",1994,9,0.0202901037949648
"10",1994,10,0.0166780774355711
"11",1994,11,0.018748431936428
"12",1994,12,0.0191440914825685
"13",1994,13,0.015371465035122
"14",1994,14,0.0165861320666462
"15",1994,15,0.0201320563481261
"16",1994,16,0.0128781757023536
"17",1994,17,0.01
"18",1994,18,0.0150069098686742
"19",1994,19,0.0245524190505739
"20",1994,20,0.0336894118159853
"21",1994,21,0.0418787078546623
"22",1994,22,0.0552252063089644
"23",1994,23,0.0486868062056665
"24",1994,24,0.046465962385049
"25",1994,25,0.0478115561325978
"26",1994,26,0.0490123877457834
"27",1994,27,0.0511528867035082
"28",1994,28,0.0615317517356489
"29",1994,29,0.053507309246566
"30",1994,30,0.0497249946525387
"31",1994,31,0.0636638730380544
"32",1994,32,0.0467016211080681
"33",1994,33,0.0356582871892575
"34",1994,34,0.0280004260852346
"35",1994,35,0.0371529650503929
"36",1994,36,0.0465926776869338
"37",1994,37,0.0138882116612155
"38",1994,38,0.0101983767834321
"39",1994,39,0.0150288456633481
"40",1994,40,0.0252071461707135
"41",1994,41,0.0326414994003517
"42",1994,42,0.0397607938760843
"43",1994,43,0.0616346592796821
"44",1994,44,0.108380500113846
"45",1994,45,0.0760314901530163
"46",1994,46,0.0868902157547254
"47",1994,47,0.0640703713311902
"48",1994,48,0.0702172671472961
"49",1994,49,0.0606093979214262
"50",1994,50,0.0391505256156777
"51",1994,51,0.0304780039106931
"52",1994,52,0.0281324834768492
"53",1994,53,0.0392771794163419
"54",1994,54,0.0439481924551621
"55",1994,55,0.0457443557425207
"56",1994,56,0.0289025252313085
"57",1994,57,0.0405027007184444
"58",1994,58,0.0525381332655327
"59",1994,59,0.103816991022763
"60",1994,60,0.155364025072946
"61",1994,61,0.173293397471412
"62",1994,62,0.175095619684039
"63",1994,63,0.16181299009516
"64",1994,64,0.150371590043782
"65",1994,65,0.120364074761362
"66",1994,66,0.0931765509905519
"67",1994,67,0.0947125043775725
"68",1994,68,0.134983374448927
"69",1994,69,0.164804346089434
"70",1994,70,0.16995200888344
"71",1994,71,0.182659451897892
"72",1994,72,0.205213107750798
"73",1994,73,0.192989425999466
"74",1994,74,0.186945796796757
"75",1994,75,0.228438961116605
"76",1994,76,0.197177282620392
"77",1994,77,0.220319012792766
"78",1994,78,0.20765054196719
"79",1994,79,0.206551418979881
"80",1994,80,0.19308360259684
"81",1994,81,0.150695124608415
"82",1994,82,0.158076459858389
"83",1994,83,0.194328956448454
"84",1994,84,0.219124970131478
"85",1994,85,0.197648077728231
"86",1994,86,0.199804339497883
"87",1994,87,0.220839811747194
"88",1994,88,0.23798684184157
"89",1994,89,0.262507474790474
"90",1994,90,0.301778664316963
"91",1994,91,0.275128431727536
"92",1994,92,0.241900923828309
"93",1994,93,0.255149163799018
"94",1994,94,0.212262442587605
"95",1994,95,0.219542939480991
"96",1994,96,0.231685421632643
"97",1994,97,0.258656622178402
"98",1994,98,0.280704301022192
"99",1994,99,0.290360007412789
"100",1994,100,0.354798944983567
"101",1994,101,0.375413484380101
"102",1994,102,0.40443446796373
"103",1994,103,0.320332705286672
"104",1994,104,0.307078909210585
"105",1994,105,0.352735382833264
"106",1994,106,0.393245691035974
"107",1994,107,0.442353180962057
"108",1994,108,0.372598698273622
"109",1994,109,0.33339364832765
"110",1994,110,0.393629888940317
"111",1994,111,0.42745607156085
"112",1994,112,0.480895288723671
"113",1994,113,0.433768490041395
"114",1994,114,0.329519829544854
"115",1994,115,0.302973011584601
"116",1994,116,0.287476345967898
"117",1994,117,0.314561940273208
"118",1994,118,0.354258258811375
"119",1994,119,0.357439460288803
"120",1994,120,0.3854515219451
"121",1994,121,0.403923709586201
"122",1994,122,0.438013000885279
"123",1994,123,0.372006122141242
"124",1994,124,0.383569739314409
"125",1994,125,0.387482012034909
"126",1994,126,0.440585829537309
"127",1994,127,0.50785153050439
"128",1994,128,0.445331800978557
"129",1994,129,0.479446366708801
"130",1994,130,0.512373053515154
"131",1994,131,0.499422189427874
"132",1994,132,0.526999120877104
"133",1994,133,0.451843964807523
"134",1994,134,0.464466619753325
"135",1994,135,0.462484380471053
"136",1994,136,0.507538627493133
"137",1994,137,0.453086891535971
"138",1994,138,0.44237238013534
"139",1994,139,0.443038437804179
"140",1994,140,0.413048120393693
"141",1994,141,0.449896985133012
"142",1994,142,0.498970239816909
"143",1994,143,0.527552544904055
"144",1994,144,0.53690815372493
"145",1994,145,0.503516550787986
"146",1994,146,0.575059084948794
"147",1994,147,0.594314456349622
"148",1994,148,0.492721092818014
"149",1994,149,0.523421196150638
"150",1994,150,0.524354194221482
"151",1994,151,0.526872344986816
"152",1994,152,0.556547752300279
"153",1994,153,0.519790385012111
"154",1994,154,0.541048281172613
"155",1994,155,0.549825480116184
"156",1994,156,0.550434424361426
"157",1994,157,0.574655097360894
"158",1994,158,0.527711090436335
"159",1994,159,0.538343469562296
"160",1994,160,0.533897420305758
"161",1994,161,0.556548837951346
"162",1994,162,0.573860185018786
"163",1994,163,0.586061125112947
"164",1994,164,0.594109895350042
"165",1994,165,0.513042275177958
"166",1994,166,0.46503104315731
"167",1994,167,0.4651225305592
"168",1994,168,0.524113852234447
"169",1994,169,0.56914063375053
"170",1994,170,0.600071433358078
"171",1994,171,0.599804887126968
"172",1994,172,0.638823265926621
"173",1994,173,0.624310523363308
"174",1994,174,0.657099718742115
"175",1994,175,0.640695863801244
"176",1994,176,0.584998894112285
"177",1994,177,0.604229418050443
"178",1994,178,0.624617458753263
"179",1994,179,0.622813825419116
"180",1994,180,0.639028751034585
"181",1994,181,0.594259228606631
"182",1994,182,0.624121851223815
"183",1994,183,0.651872856746159
"184",1994,184,0.585251770038724
"185",1994,185,0.591450057650006
"186",1994,186,0.572742083431492
"187",1994,187,0.562614736121678
"188",1994,188,0.598275987332344
"189",1994,189,0.636568351445244
"190",1994,190,0.706690433447949
"191",1994,191,0.631078000537187
"192",1994,192,0.596166507219041
"193",1994,193,0.582929372516527
"194",1994,194,0.588033117489729
"195",1994,195,0.599325538228301
"196",1994,196,0.593279183477516
"197",1994,197,0.599886824484049
"198",1994,198,0.68950472124796
"199",1994,199,0.649783946355366
"200",1994,200,0.619704687637093
"201",1994,201,0.641293525844352
"202",1994,202,0.659744838006445
"203",1994,203,0.640485775345366
"204",1994,204,0.611617724414374
"205",1994,205,0.622259273512155
"206",1994,206,0.613035137644565
"207",1994,207,0.628656858373838
"208",1994,208,0.678264327006118
"209",1994,209,0.664560573842649
"210",1994,210,0.64772353050793
"211",1994,211,0.645431612742059
"212",1994,212,0.688375403634524
"213",1994,213,0.655321309520963
"214",1994,214,0.65916303291257
"215",1994,215,0.621962010829444
"216",1994,216,0.628798701989443
"217",1994,217,0.651199079583571
"218",1994,218,0.633238131678609
"219",1994,219,0.521924470961592
"220",1994,220,0.551595603830415
"221",1994,221,0.561976485135974
"222",1994,222,0.595567569417522
"223",1994,223,0.591196454480714
"224",1994,224,0.57990966876855
"225",1994,225,0.52712018181482
"226",1994,226,0.593360915404392
"227",1994,227,0.646989964257154
"228",1994,228,0.598624770966723
"229",1994,229,0.535597124235315
"230",1994,230,0.527548697426733
"231",1994,231,0.556882505505758
"232",1994,232,0.560335212334914
"233",1994,233,0.604299064331961
"234",1994,234,0.584967988519883
"235",1994,235,0.522060461109811
"236",1994,236,0.502082020584981
"237",1994,237,0.492930814768868
"238",1994,238,0.45928047742422
"239",1994,239,0.458405666346583
"240",1994,240,0.479834911104268
"241",1994,241,0.449507622056166
"242",1994,242,0.396810466712632
"243",1994,243,0.390900100441634
"244",1994,244,0.390155014757288
"245",1994,245,0.41383450082381
"246",1994,246,0.413619665949561
"247",1994,247,0.399946234805861
"248",1994,248,0.417602776859051
"249",1994,249,0.431985988604462
"250",1994,250,0.467414327965698
"251",1994,251,0.47130565455366
"252",1994,252,0.466548303744882
"253",1994,253,0.395291918528696
"254",1994,254,0.360793939177138
"255",1994,255,0.377753422885094
"256",1994,256,0.409768720612077
"257",1994,257,0.421323839839934
"258",1994,258,0.381107244689892
"259",1994,259,0.39041742894551
"260",1994,260,0.408642045005615
"261",1994,261,0.416494948148796
"262",1994,262,0.383383531257993
"263",1994,263,0.32053196202296
"264",1994,264,0.28720363855844
"265",1994,265,0.347012084352205
"266",1994,266,0.36084774171771
"267",1994,267,0.341529483491661
"268",1994,268,0.347955439405325
"269",1994,269,0.319175822400803
"270",1994,270,0.289018129087006
"271",1994,271,0.274379516018785
"272",1994,272,0.2522400504087
"273",1994,273,0.269205959791477
"274",1994,274,0.30252235446093
"275",1994,275,0.21970189334879
"276",1994,276,0.212909486335621
"277",1994,277,0.20534584369616
"278",1994,278,0.24199048372805
"279",1994,279,0.219829439889368
"280",1994,280,0.203015300640099
"281",1994,281,0.200178810124673
"282",1994,282,0.218349995511238
"283",1994,283,0.220444189413352
"284",1994,284,0.174273767066012
"285",1994,285,0.163029810751503
"286",1994,286,0.156711570489811
"287",1994,287,0.162734714539424
"288",1994,288,0.16822337290778
"289",1994,289,0.153505863541301
"290",1994,290,0.166612556674694
"291",1994,291,0.156714479119311
"292",1994,292,0.149652766044022
"293",1994,293,0.149036007674493
"294",1994,294,0.148945815790592
"295",1994,295,0.1177330364054
"296",1994,296,0.110278477850049
"297",1994,297,0.114996202806601
"298",1994,298,0.140694139918207
"299",1994,299,0.151227135233904
"300",1994,300,0.142396005540277
"301",1994,301,0.118212624978141
"302",1994,302,0.107219842127617
"303",1994,303,0.0997856318476273
"304",1994,304,0.083263539454768
"305",1994,305,0.0878347867858092
"306",1994,306,0.0755824142369849
"307",1994,307,0.0740021158015119
"308",1994,308,0.0835196841464729
"309",1994,309,0.0853396068284331
"310",1994,310,0.0799384013126744
"311",1994,311,0.0836318346109605
"312",1994,312,0.0845248694989885
"313",1994,313,0.0818052073527313
"314",1994,314,0.0844171142583796
"315",1994,315,0.0777078319741114
"316",1994,316,0.085471061024537
"317",1994,317,0.0749632859467257
"318",1994,318,0.0712130588425503
"319",1994,319,0.0772601693346851
"320",1994,320,0.0646845844701432
"321",1994,321,0.0519123373034211
"322",1994,322,0.0476057706175656
"323",1994,323,0.0590330693143628
"324",1994,324,0.0569113504745387
"325",1994,325,0.0386039525823496
"326",1994,326,0.053016724915134
"327",1994,327,0.0659179036992263
"328",1994,328,0.050446950245067
"329",1994,329,0.0300236593752021
"330",1994,330,0.0340031058482369
"331",1994,331,0.0244239069741499
"332",1994,332,0.0271218992033728
"333",1994,333,0.0378492317943975
"334",1994,334,0.0519995669767098
"335",1994,335,0.0559531772968107
"336",1994,336,0.035860270138821
"337",1994,337,0.0168324521339384
"338",1994,338,0.0160870556856543
"339",1994,339,0.0197551755169382
"340",1994,340,0.023433248709151
"341",1994,341,0.0287266453743475
"342",1994,342,0.0317115861218885
"343",1994,343,0.0231846857064968
"344",1994,344,0.018196517498497
"345",1994,345,0.0251119453261822
"346",1994,346,0.0295790597133536
"347",1994,347,0.0291349051873975
"348",1994,348,0.0305905407596958
"349",1994,349,0.029636727243443
"350",1994,350,0.0297755892757597
"351",1994,351,0.0324486504579573
"352",1994,352,0.0534373667848787
"353",1994,353,0.0542666093169101
"354",1994,354,0.0599061460710443
"355",1994,355,0.0556267278578332
"356",1994,356,0.0586555657405963
"357",1994,357,0.062417547261323
"358",1994,358,0.0527289907676282
"359",1994,359,0.0583068153215327
"360",1994,360,0.0450034630082842
"361",1994,361,0.0358618684534802
"362",1994,362,0.0413549513774827
"363",1994,363,0.0305850468920407
"364",1994,364,0.0230354945053059
"365",1994,365,0.0205654992203414
"366",1994,366,0.0397243731770453
"367",1995,1,0.0247928246526855
"368",1995,2,0.0243214520774018
"369",1995,3,0.0203806281246507
"370",1995,4,0.0214284780989481
"371",1995,5,0.0212602718721592
"372",1995,6,0.0242010399926892
"373",1995,7,0.0239856224230919
"374",1995,8,0.0188657983561395
"375",1995,9,0.0293188822030495
"376",1995,10,0.0386917056028604
"377",1995,11,0.0364309842213335
"378",1995,12,0.0307849994309812
"379",1995,13,0.0333554591804197
"380",1995,14,0.0378677400177897
"381",1995,15,0.0387271453930478
"382",1995,16,0.0341754413116827
"383",1995,17,0.0334418357846018
"384",1995,18,0.0324856909164147
"385",1995,19,0.0327480023269524
"386",1995,20,0.0430271867105647
"387",1995,21,0.0311276965971211
"388",1995,22,0.0324973804754202
"389",1995,23,0.0404340755534223
"390",1995,24,0.0348422149534843
"391",1995,25,0.0406929263617793
"392",1995,26,0.046690548259383
"393",1995,27,0.0375607892144528
"394",1995,28,0.0426822414935386
"395",1995,29,0.0640978514838854
"396",1995,30,0.0962805299375028
"397",1995,31,0.0872791669876193
"398",1995,32,0.0981055415928706
"399",1995,33,0.097246115682014
"400",1995,34,0.0715670043977871
"401",1995,35,0.092051820730816
"402",1995,36,0.0816856830650676
"403",1995,37,0.073862895382752
"404",1995,38,0.0709881187933196
"405",1995,39,0.0957240456936054
"406",1995,40,0.0852656527131621
"407",1995,41,0.03976542606219
"408",1995,42,0.0331039960418187
"409",1995,43,0.0336296826875253
"410",1995,44,0.0377584906071235
"411",1995,45,0.0469455806329419
"412",1995,46,0.0517950100730475
"413",1995,47,0.0429023433297547
"414",1995,48,0.0837023379417944
"415",1995,49,0.0941757564786401
"416",1995,50,0.140369437223745
"417",1995,51,0.147338872320543
"418",1995,52,0.16226496646225
"419",1995,53,0.140489173656716
"420",1995,54,0.142782687543086
"421",1995,55,0.136132072495185
"422",1995,56,0.125527437891156
"423",1995,57,0.0833317927262144
"424",1995,58,0.0555639017289451
"425",1995,59,0.0532516615495736
"426",1995,60,0.0638459376839044
"427",1995,61,0.111012003625141
"428",1995,62,0.0711234468045246
"429",1995,63,0.0596529171079992
"430",1995,64,0.0493029877210244
"431",1995,65,0.0468674522197749
"432",1995,66,0.0504302909695971
"433",1995,67,0.0715073574211591
"434",1995,68,0.157505509316796
"435",1995,69,0.212816795598649
"436",1995,70,0.244346336386196
"437",1995,71,0.208502982954859
"438",1995,72,0.200762917893114
"439",1995,73,0.212731644789452
"440",1995,74,0.228603844556577
"441",1995,75,0.222003439723011
"442",1995,76,0.208643789965563
"443",1995,77,0.185762063342193
"444",1995,78,0.190012623821041
"445",1995,79,0.224997237655991
"446",1995,80,0.250026815761113
"447",1995,81,0.253726253165307
"448",1995,82,0.233922294052387
"449",1995,83,0.234800816469857
"450",1995,84,0.202578782568014
"451",1995,85,0.154812107986173
"452",1995,86,0.159782619325098
"453",1995,87,0.161402823556373
"454",1995,88,0.169428237140479
"455",1995,89,0.181205630924728
"456",1995,90,0.230403608681186
"457",1995,91,0.258061279560689
"458",1995,92,0.274551808225711
"459",1995,93,0.140377462227267
"460",1995,94,0.197165483615288
"461",1995,95,0.241239538929042
"462",1995,96,0.247438677270886
"463",1995,97,0.261199215738574
"464",1995,98,0.214685136600539
"465",1995,99,0.220756971025607
"466",1995,100,0.238920908529078
"467",1995,101,0.294436063213736
"468",1995,102,0.319800036836292
"469",1995,103,0.33172891508472
"470",1995,104,0.325003348285041
"471",1995,105,0.309982844829056
"472",1995,106,0.310350550069285
"473",1995,107,0.297769164420911
"474",1995,108,0.305931374482201
"475",1995,109,0.340493144524311
"476",1995,110,0.352037876341695
"477",1995,111,0.349591607620079
"478",1995,112,0.37230683813065
"479",1995,113,0.336643915126547
"480",1995,114,0.339490216579759
"481",1995,115,0.307058689105178
"482",1995,116,0.348749280927641
"483",1995,117,0.305799493551681
"484",1995,118,0.308111820866953
"485",1995,119,0.323137558875755
"486",1995,120,0.342746189330485
"487",1995,121,0.361315844903094
"488",1995,122,0.387585342152304
"489",1995,123,0.381123703851654
"490",1995,124,0.393164825645611
"491",1995,125,0.402365109188933
"492",1995,126,0.43163665441074
"493",1995,127,0.422879048093672
"494",1995,128,0.435830842762086
"495",1995,129,0.468688913730739
"496",1995,130,0.494118500935323
"497",1995,131,0.516137613554761
"498",1995,132,0.407519870430014
"499",1995,133,0.401025664057521
"500",1995,134,0.444451441783952
"501",1995,135,0.42619285373808
"502",1995,136,0.402233735984029
"503",1995,137,0.472812693871252
"504",1995,138,0.483578613388222
"505",1995,139,0.44384577575337
"506",1995,140,0.425959997854289
"507",1995,141,0.417035947390371
"508",1995,142,0.435073822269095
"509",1995,143,0.428215842897075
"510",1995,144,0.44562417554043
"511",1995,145,0.445685540372656
"512",1995,146,0.455889296965888
"513",1995,147,0.508140785720906
"514",1995,148,0.555942726766757
"515",1995,149,0.601093268610988
"516",1995,150,0.63254135444229
"517",1995,151,0.599891688623947
"518",1995,152,0.601064588300542
"519",1995,153,0.621677481057039
"520",1995,154,0.623544347724046
"521",1995,155,0.635468920707697
"522",1995,156,0.627691971512315
"523",1995,157,0.519199132234814
"524",1995,158,0.491985171259059
"525",1995,159,0.501507511429377
"526",1995,160,0.537113849722576
"527",1995,161,0.558737538238702
"528",1995,162,0.588478334419805
"529",1995,163,0.624986445245029
"530",1995,164,0.633006900893757
"531",1995,165,0.635540964751565
"532",1995,166,0.64491647623699
"533",1995,167,0.653129518119383
"534",1995,168,0.664030094361577
"535",1995,169,0.566127430189062
"536",1995,170,0.608816368699056
"537",1995,171,0.583329070738197
"538",1995,172,0.58575590725785
"539",1995,173,0.577593864957103
"540",1995,174,0.581322975659826
"541",1995,175,0.579417748114684
"542",1995,176,0.608915952768818
"543",1995,177,0.629788632002801
"544",1995,178,0.538672121276102
"545",1995,179,0.573409861811391
"546",1995,180,0.535338828801337
"547",1995,181,0.560924092283002
"548",1995,182,0.608959136853247
"549",1995,183,0.607296914613426
"550",1995,184,0.58758727461106
"551",1995,185,0.573952580630169
"552",1995,186,0.604651691845475
"553",1995,187,0.600353627173624
"554",1995,188,0.635665236137289
"555",1995,189,0.645656336444902
"556",1995,190,0.67626536868978
"557",1995,191,0.72108891216637
"558",1995,192,0.670224014515335
"559",1995,193,0.625963917358481
"560",1995,194,0.624505579172197
"561",1995,195,0.634527586107275
"562",1995,196,0.63676047795457
"563",1995,197,0.625300054705306
"564",1995,198,0.626192604301883
"565",1995,199,0.572797424144522
"566",1995,200,0.593141076304532
"567",1995,201,0.62466008248551
"568",1995,202,0.594313292889787
"569",1995,203,0.601439340224926
"570",1995,204,0.605966300714553
"571",1995,205,0.579930058845524
"572",1995,206,0.606142009037077
"573",1995,207,0.680938929379502
"574",1995,208,0.615820890260139
"575",1995,209,0.578547747879724
"576",1995,210,0.655426366621541
"577",1995,211,0.548943738399854
"578",1995,212,0.571612927142388
"579",1995,213,0.608075803723244
"580",1995,214,0.564726364230819
"581",1995,215,0.56650521142317
"582",1995,216,0.638503766221743
"583",1995,217,0.658295658219052
"584",1995,218,0.637858858240341
"585",1995,219,0.603882894174912
"586",1995,220,0.540368961274327
"587",1995,221,0.504163406101198
"588",1995,222,0.512501501924654
"589",1995,223,0.502032375898309
"590",1995,224,0.543891180732194
"591",1995,225,0.496268862639316
"592",1995,226,0.541944637120468
"593",1995,227,0.564147899145595
"594",1995,228,0.563359468881019
"595",1995,229,0.56288521350149
"596",1995,230,0.504947303762565
"597",1995,231,0.512564700297798
"598",1995,232,0.502327185759741
"599",1995,233,0.557933185338543
"600",1995,234,0.521910565970759
"601",1995,235,0.552516286805354
"602",1995,236,0.537202073966349
"603",1995,237,0.482303818751739
"604",1995,238,0.481523752038715
"605",1995,239,0.473709043060065
"606",1995,240,0.482188466187508
"607",1995,241,0.516057205235255
"608",1995,242,0.451310244741766
"609",1995,243,0.460920563914149
"610",1995,244,0.464664583837569
"611",1995,245,0.479149847764312
"612",1995,246,0.490314433391595
"613",1995,247,0.468048182665139
"614",1995,248,0.420703228664144
"615",1995,249,0.38663785097293
"616",1995,250,0.365615667127478
"617",1995,251,0.365438809515011
"618",1995,252,0.378098296915895
"619",1995,253,0.416396282759819
"620",1995,254,0.424493835298265
"621",1995,255,0.425733697454666
"622",1995,256,0.383846343088291
"623",1995,257,0.3972480480408
"624",1995,258,0.350632175980746
"625",1995,259,0.31981537340029
"626",1995,260,0.329301662309615
"627",1995,261,0.260023034892819
"628",1995,262,0.255844288155778
"629",1995,263,0.228252824718406
"630",1995,264,0.22909440636922
"631",1995,265,0.284518348596905
"632",1995,266,0.257847981951808
"633",1995,267,0.298584555167928
"634",1995,268,0.302393035956097
"635",1995,269,0.307442895938587
"636",1995,270,0.301748579950948
"637",1995,271,0.297370701379949
"638",1995,272,0.263534373698279
"639",1995,273,0.258272481128051
"640",1995,274,0.258960428238944
"641",1995,275,0.234603804793571
"642",1995,276,0.225301681400509
"643",1995,277,0.214465202899785
"644",1995,278,0.203216424056157
"645",1995,279,0.1850101322862
"646",1995,280,0.207422892394339
"647",1995,281,0.198663516912845
"648",1995,282,0.199894135195349
"649",1995,283,0.212131784755649
"650",1995,284,0.192417261122905
"651",1995,285,0.174529832715827
"652",1995,286,0.166413992625076
"653",1995,287,0.169066422867119
"654",1995,288,0.173902433808725
"655",1995,289,0.182463567958722
"656",1995,290,0.143049833764281
"657",1995,291,0.142205664143434
"658",1995,292,0.143247384186888
"659",1995,293,0.146499251284413
"660",1995,294,0.141246029805594
"661",1995,295,0.12831245463181
"662",1995,296,0.124222511556779
"663",1995,297,0.12415400724552
"664",1995,298,0.121425276003044
"665",1995,299,0.118751068079376
"666",1995,300,0.116355734394373
"667",1995,301,0.101896629261546
"668",1995,302,0.0775901744601784
"669",1995,303,0.0615539008681188
"670",1995,304,0.063692129382352
"671",1995,305,0.0505961657480098
"672",1995,306,0.0393103344007588
"673",1995,307,0.0491670359136475
"674",1995,308,0.0703068077349995
"675",1995,309,0.0844409071447839
"676",1995,310,0.0594950319139459
"677",1995,311,0.0473059889178478
"678",1995,312,0.0475081359655782
"679",1995,313,0.0380082513445492
"680",1995,314,0.0283112320948336
"681",1995,315,0.0291586309000583
"682",1995,316,0.0435039437345455
"683",1995,317,0.0489566055134542
"684",1995,318,0.0638397568698437
"685",1995,319,0.0645630399449369
"686",1995,320,0.0641016778218353
"687",1995,321,0.0693315832779272
"688",1995,322,0.078584237948316
"689",1995,323,0.069785625795157
"690",1995,324,0.0574021149294808
"691",1995,325,0.0598997925407015
"692",1995,326,0.0453801791517398
"693",1995,327,0.0484000209948675
"694",1995,328,0.0465864199455029
"695",1995,329,0.0395867494341418
"696",1995,330,0.0266348924575898
"697",1995,331,0.0257682139605235
"698",1995,332,0.0259256770232566
"699",1995,333,0.0382000812201466
"700",1995,334,0.0301452436614951
"701",1995,335,0.0320359033585083
"702",1995,336,0.0359713005972374
"703",1995,337,0.0367801096998204
"704",1995,338,0.0347266251251998
"705",1995,339,0.0159217626323088
"706",1995,340,0.01719238796936
"707",1995,341,0.0124930506529002
"708",1995,342,0.01
"709",1995,343,0.0121429745046612
"710",1995,344,0.011390765549207
"711",1995,345,0.0128562933013665
"712",1995,346,0.0172124639423564
"713",1995,347,0.02313628316637
"714",1995,348,0.01788040618565
"715",1995,349,0.01720414076478
"716",1995,350,0.0173191116832078
"717",1995,351,0.0197699413850376
"718",1995,352,0.0225989337573472
"719",1995,353,0.0284730940104346
"720",1995,354,0.0254232833571532
"721",1995,355,0.0299288921382246
"722",1995,356,0.0302342023756027
"723",1995,357,0.0319312871229609
"724",1995,358,0.0311664373919453
"725",1995,359,0.0308534373222674
"726",1995,360,0.028105163892564
"727",1995,361,0.0273981425986704
"728",1995,362,0.0234459761697271
"729",1995,363,0.0293200249864224
"730",1995,364,0.0305503050373912
"731",1995,365,0.0320224233391993
"732",1996,1,0.0257145903105545
"733",1996,2,0.0247134198212489
"734",1996,3,0.0238805366747542
"735",1996,4,0.01
"736",1996,5,0.01
"737",1996,6,0.0215244366336595
"738",1996,7,0.0376905798978897
"739",1996,8,0.0509723815517403
"740",1996,9,0.0449677220278278
"741",1996,10,0.0494101752355376
"742",1996,11,0.0617216652176576
"743",1996,12,0.0695987084379977
"744",1996,13,0.0348658300104033
"745",1996,14,0.0189929563996729
"746",1996,15,0.0230854251667505
"747",1996,16,0.0179474685416992
"748",1996,17,0.0110688855900516
"749",1996,18,0.01
"750",1996,19,0.01
"751",1996,20,0.0111936230559855
"752",1996,21,0.0131119385979065
"753",1996,22,0.0209385501125847
"754",1996,23,0.0159692165124139
"755",1996,24,0.0141258046431987
"756",1996,25,0.0157519721291569
"757",1996,26,0.0156629859587959
"758",1996,27,0.0125976423115957
"759",1996,28,0.0136218699610421
"760",1996,29,0.01
"761",1996,30,0.0140412613041909
"762",1996,31,0.0142719343947687
"763",1996,32,0.01
"764",1996,33,0.0116830584335741
"765",1996,34,0.0195556039467467
"766",1996,35,0.0328979919282459
"767",1996,36,0.067874015017251
"768",1996,37,0.107720169998772
"769",1996,38,0.0976643201948975
"770",1996,39,0.109410282710688
"771",1996,40,0.106286476599357
"772",1996,41,0.0814862962991268
"773",1996,42,0.0885243064208462
"774",1996,43,0.104183306650316
"775",1996,44,0.121462134710014
"776",1996,45,0.111232417353433
"777",1996,46,0.0641668900568418
"778",1996,47,0.0986929435358038
"779",1996,48,0.106667933657564
"780",1996,49,0.123846081824771
"781",1996,50,0.10554531106811
"782",1996,51,0.112380933296853
"783",1996,52,0.150976002529024
"784",1996,53,0.146774242761486
"785",1996,54,0.129252921726449
"786",1996,55,0.0831131261222152
"787",1996,56,0.0452291237401414
"788",1996,57,0.0493690320154851
"789",1996,58,0.0498171461052344
"790",1996,59,0.0521924389000636
"791",1996,60,0.079295816872389
"792",1996,61,0.107080832202435
"793",1996,62,0.0707560451889459
"794",1996,63,0.0606681313112446
"795",1996,64,0.0570887342471669
"796",1996,65,0.0424293965261724
"797",1996,66,0.0411470589021023
"798",1996,67,0.0429952643374092
"799",1996,68,0.0580516085267025
"800",1996,69,0.120253093961809
"801",1996,70,0.181763744070184
"802",1996,71,0.189613684734596
"803",1996,72,0.191847220107213
"804",1996,73,0.175477640268774
"805",1996,74,0.198668822723515
"806",1996,75,0.222262900947955
"807",1996,76,0.16336685394153
"808",1996,77,0.183621015311036
"809",1996,78,0.187905744620518
"810",1996,79,0.175441073197085
"811",1996,80,0.22434644323704
"812",1996,81,0.179255732910733
"813",1996,82,0.156183577009527
"814",1996,83,0.106235857765238
"815",1996,84,0.0847967881227871
"816",1996,85,0.11673563945154
"817",1996,86,0.140793690100822
"818",1996,87,0.115340335297472
"819",1996,88,0.129006044117416
"820",1996,89,0.153174725345368
"821",1996,90,0.150011546247789
"822",1996,91,0.159217456178533
"823",1996,92,0.171579701383742
"824",1996,93,0.184335523309376
"825",1996,94,0.190303673762184
"826",1996,95,0.2271732534616
"827",1996,96,0.261784561978336
"828",1996,97,0.307690355856779
"829",1996,98,0.324457434291991
"830",1996,99,0.351950134465637
"831",1996,100,0.385634407633408
"832",1996,101,0.292095954532199
"833",1996,102,0.280104353860044
"834",1996,103,0.292402699634823
"835",1996,104,0.286395681465276
"836",1996,105,0.327808465544954
"837",1996,106,0.346977033608274
"838",1996,107,0.429447077274021
"839",1996,108,0.414799501698556
"840",1996,109,0.356019282274302
"841",1996,110,0.309861183679789
"842",1996,111,0.291418854332879
"843",1996,112,0.327857120125584
"844",1996,113,0.346428051924277
"845",1996,114,0.37616287429635
"846",1996,115,0.421002692433292
"847",1996,116,0.331057880228588
"848",1996,117,0.359031721077122
"849",1996,118,0.325375584874783
"850",1996,119,0.355038406332955
"851",1996,120,0.379868990423052
"852",1996,121,0.38448666907803
"853",1996,122,0.372975687906806
"854",1996,123,0.367455789367827
"855",1996,124,0.379955919269387
"856",1996,125,0.374281639661747
"857",1996,126,0.392776445207794
"858",1996,127,0.421317942398268
"859",1996,128,0.355987497038415
"860",1996,129,0.312439391250132
"861",1996,130,0.318766895096509
"862",1996,131,0.352387523932384
"863",1996,132,0.365057195593733
"864",1996,133,0.403242808300347
"865",1996,134,0.444574964358951
"866",1996,135,0.469897190016711
"867",1996,136,0.467983378447961
"868",1996,137,0.500494927263925
"869",1996,138,0.456154070321682
"870",1996,139,0.468940315595719
"871",1996,140,0.470734723463127
"872",1996,141,0.473195282955025
"873",1996,142,0.418900756633381
"874",1996,143,0.434604084569396
"875",1996,144,0.445496079392956
"876",1996,145,0.474891297173301
"877",1996,146,0.482144535911869
"878",1996,147,0.508527074533394
"879",1996,148,0.514020346091212
"880",1996,149,0.530700286832044
"881",1996,150,0.525031361881485
"882",1996,151,0.530417416743067
"883",1996,152,0.516858697197347
"884",1996,153,0.506581464478711
"885",1996,154,0.536829444874052
"886",1996,155,0.56930877647824
"887",1996,156,0.600589135351584
"888",1996,157,0.557732225590404
"889",1996,158,0.560057274586102
"890",1996,159,0.653737379912102
"891",1996,160,0.689351630915905
"892",1996,161,0.663308799014809
"893",1996,162,0.609332537837415
"894",1996,163,0.604803888503459
"895",1996,164,0.574966875048794
"896",1996,165,0.628153321991643
"897",1996,166,0.629600488125714
"898",1996,167,0.585957019103135
"899",1996,168,0.666821144488845
"900",1996,169,0.663465447606529
"901",1996,170,0.567163607196824
"902",1996,171,0.533900381280913
"903",1996,172,0.544968918389675
"904",1996,173,0.529003236448689
"905",1996,174,0.490476705041792
"906",1996,175,0.501007953757855
"907",1996,176,0.479101007019736
"908",1996,177,0.561727174909108
"909",1996,178,0.586262019472973
"910",1996,179,0.65825855400068
"911",1996,180,0.645034245542377
"912",1996,181,0.597736836368582
"913",1996,182,0.620084404803688
"914",1996,183,0.644352805625553
"915",1996,184,0.682252685743589
"916",1996,185,0.723337555221533
"917",1996,186,0.731610763770595
"918",1996,187,0.622812316874623
"919",1996,188,0.592733801469973
"920",1996,189,0.591376047705499
"921",1996,190,0.584117974661374
"922",1996,191,0.631397613874098
"923",1996,192,0.625931778329085
"924",1996,193,0.599518643700721
"925",1996,194,0.613966477164598
"926",1996,195,0.611717504640982
"927",1996,196,0.630081960496111
"928",1996,197,0.64214823913642
"929",1996,198,0.68407497175511
"930",1996,199,0.659728028348684
"931",1996,200,0.644817199663122
"932",1996,201,0.610883771632592
"933",1996,202,0.592513828529972
"934",1996,203,0.59106019491017
"935",1996,204,0.606032765111401
"936",1996,205,0.605981068930783
"937",1996,206,0.598924934103863
"938",1996,207,0.575546301310659
"939",1996,208,0.5914664026129
"940",1996,209,0.596559994024918
"941",1996,210,0.600533616540968
"942",1996,211,0.597684856179959
"943",1996,212,0.604223268353268
"944",1996,213,0.67558006053418
"945",1996,214,0.633445170024853
"946",1996,215,0.632761989495896
"947",1996,216,0.578757642315711
"948",1996,217,0.580972834679583
"949",1996,218,0.558814185562671
"950",1996,219,0.555381579793063
"951",1996,220,0.562003907228056
"952",1996,221,0.542944326925749
"953",1996,222,0.620680220762116
"954",1996,223,0.631373477985978
"955",1996,224,0.601403670900138
"956",1996,225,0.609979536346237
"957",1996,226,0.579296114917846
"958",1996,227,0.583665127256766
"959",1996,228,0.623645729762842
"960",1996,229,0.595416707956766
"961",1996,230,0.5647797822326
"962",1996,231,0.485766961597121
"963",1996,232,0.507395601888038
"964",1996,233,0.528785398243505
"965",1996,234,0.515182988771868
"966",1996,235,0.513312033101374
"967",1996,236,0.542593350031592
"968",1996,237,0.533565934291053
"969",1996,238,0.525831216116037
"970",1996,239,0.566973691450343
"971",1996,240,0.549406925824153
"972",1996,241,0.53284135752615
"973",1996,242,0.543073809010775
"974",1996,243,0.561894405546837
"975",1996,244,0.520773608248967
"976",1996,245,0.445902730633627
"977",1996,246,0.443142883988278
"978",1996,247,0.398053917832535
"979",1996,248,0.353979405625342
"980",1996,249,0.37922539276581
"981",1996,250,0.382162194711351
"982",1996,251,0.390373343213392
"983",1996,252,0.402797068579006
"984",1996,253,0.380402735414541
"985",1996,254,0.340860604223612
"986",1996,255,0.355149282599679
"987",1996,256,0.389255899979504
"988",1996,257,0.407603875386744
"989",1996,258,0.402603713486931
"990",1996,259,0.35517244332683
"991",1996,260,0.349247103765002
"992",1996,261,0.327860667201556
"993",1996,262,0.298830399726275
"994",1996,263,0.325470572216346
"995",1996,264,0.309736825196178
"996",1996,265,0.288585767594168
"997",1996,266,0.264920908065203
"998",1996,267,0.259525920816201
"999",1996,268,0.248780579773034
"1000",1996,269,0.230919396918949
"1001",1996,270,0.227743153091272
"1002",1996,271,0.259162179878876
"1003",1996,272,0.222274741538941
"1004",1996,273,0.207544226026711
"1005",1996,274,0.188758231157838
"1006",1996,275,0.166180684084941
"1007",1996,276,0.153876355996029
"1008",1996,277,0.217892770180606
"1009",1996,278,0.240492259112318
"1010",1996,279,0.217297524790769
"1011",1996,280,0.202107714365299
"1012",1996,281,0.22004986075393
"1013",1996,282,0.204056070577919
"1014",1996,283,0.200350188641299
"1015",1996,284,0.222735075261375
"1016",1996,285,0.221877641925483
"1017",1996,286,0.182576799509162
"1018",1996,287,0.184071170084798
"1019",1996,288,0.178731218793693
"1020",1996,289,0.164441344413419
"1021",1996,290,0.136098215297269
"1022",1996,291,0.126265587539203
"1023",1996,292,0.126841681063107
"1024",1996,293,0.111561056958903
"1025",1996,294,0.114647453163133
"1026",1996,295,0.108243143469783
"1027",1996,296,0.122972436589286
"1028",1996,297,0.12131637321041
"1029",1996,298,0.111467408824994
"1030",1996,299,0.108254256735134
"1031",1996,300,0.0938782691932396
"1032",1996,301,0.108169986231225
"1033",1996,302,0.115472389368514
"1034",1996,303,0.0623498465844719
"1035",1996,304,0.0572319015645278
"1036",1996,305,0.0606802549019391
"1037",1996,306,0.0818593912414372
"1038",1996,307,0.105654277476389
"1039",1996,308,0.086409584908346
"1040",1996,309,0.090966318598498
"1041",1996,310,0.0826840021911045
"1042",1996,311,0.0747818884184451
"1043",1996,312,0.0707613027856406
"1044",1996,313,0.0718765837599924
"1045",1996,314,0.0643754666876921
"1046",1996,315,0.0565561444423883
"1047",1996,316,0.0476183892457666
"1048",1996,317,0.0422694279401826
"1049",1996,318,0.0431002582030825
"1050",1996,319,0.0552247776175359
"1051",1996,320,0.0418563501065712
"1052",1996,321,0.0277714312881007
"1053",1996,322,0.0232100326415172
"1054",1996,323,0.0269220723845697
"1055",1996,324,0.02937091438885
"1056",1996,325,0.0213587586310038
"1057",1996,326,0.0141445159661644
"1058",1996,327,0.0160795104453881
"1059",1996,328,0.0156016864866688
"1060",1996,329,0.0122316790606137
"1061",1996,330,0.0132759118495264
"1062",1996,331,0.0192987440907432
"1063",1996,332,0.0309351940787072
"1064",1996,333,0.0425342660921211
"1065",1996,334,0.0416494641116083
"1066",1996,335,0.0267223905459187
"1067",1996,336,0.0268500122498397
"1068",1996,337,0.0259561518321286
"1069",1996,338,0.0191876837736087
"1070",1996,339,0.0272963173319012
"1071",1996,340,0.0389489665008542
"1072",1996,341,0.0334147454425426
"1073",1996,342,0.0270147178085931
"1074",1996,343,0.0315835752716381
"1075",1996,344,0.0334458474593681
"1076",1996,345,0.035215728729891
"1077",1996,346,0.0396466311663627
"1078",1996,347,0.0236251354887309
"1079",1996,348,0.0212818768190716
"1080",1996,349,0.0229049628330031
"1081",1996,350,0.0298007740328827
"1082",1996,351,0.0221394343855655
"1083",1996,352,0.016141301354641
"1084",1996,353,0.0204079228051292
"1085",1996,354,0.0278056829919888
"1086",1996,355,0.0280766221824233
"1087",1996,356,0.0123949401874456
"1088",1996,357,0.01
"1089",1996,358,0.01
"1090",1996,359,0.01
"1091",1996,360,0.01
"1092",1996,361,0.0107130427240451
"1093",1996,362,0.01
"1094",1996,363,0.01
"1095",1996,364,0.01
"1096",1996,365,0.0199415744881725
"1097",1997,1,0.0360828223126885
"1098",1997,2,0.0300745433962427
"1099",1997,3,0.0293717096185722
"1100",1997,4,0.0215863148056022
"1101",1997,5,0.0204690282527183
"1102",1997,6,0.0269754996952179
"1103",1997,7,0.0338267689063372
"1104",1997,8,0.0358381492191669
"1105",1997,9,0.01
"1106",1997,10,0.01
"1107",1997,11,0.01
"1108",1997,12,0.0112612750865142
"1109",1997,13,0.0202532810079967
"1110",1997,14,0.0324887057856681
"1111",1997,15,0.0226711388609891
"1112",1997,16,0.0110382389529789
"1113",1997,17,0.0258978873097307
"1114",1997,18,0.0522464814409935
"1115",1997,19,0.054073760147975
"1116",1997,20,0.0524216243678902
"1117",1997,21,0.0332662443115715
"1118",1997,22,0.0272524681224502
"1119",1997,23,0.0287345884304671
"1120",1997,24,0.0139500930888165
"1121",1997,25,0.01
"1122",1997,26,0.01
"1123",1997,27,0.012724842873758
"1124",1997,28,0.0211331145301024
"1125",1997,29,0.0428414683672005
"1126",1997,30,0.0914627390891975
"1127",1997,31,0.0919809048529732
"1128",1997,32,0.072765052412197
"1129",1997,33,0.055760645016817
"1130",1997,34,0.0605556047791469
"1131",1997,35,0.0657615922159384
"1132",1997,36,0.0631729165693116
"1133",1997,37,0.0611975975526373
"1134",1997,38,0.0702577295578321
"1135",1997,39,0.0609716807961324
"1136",1997,40,0.0705048145913793
"1137",1997,41,0.0754136582845702
"1138",1997,42,0.0634778160856878
"1139",1997,43,0.0654424452815148
"1140",1997,44,0.0858916049240406
"1141",1997,45,0.0762033084087849
"1142",1997,46,0.0826230961466886
"1143",1997,47,0.110481934316568
"1144",1997,48,0.137593988076529
"1145",1997,49,0.0910865835696515
"1146",1997,50,0.111171543012488
"1147",1997,51,0.111161169384714
"1148",1997,52,0.108684191387853
"1149",1997,53,0.0760286358093772
"1150",1997,54,0.0730881619864541
"1151",1997,55,0.107618933897362
"1152",1997,56,0.138534091341664
"1153",1997,57,0.0835774098628108
"1154",1997,58,0.0770470925447115
"1155",1997,59,0.0766090251495447
"1156",1997,60,0.0739864812611805
"1157",1997,61,0.0802675737967786
"1158",1997,62,0.0616685211931313
"1159",1997,63,0.0593444565365176
"1160",1997,64,0.058649152269448
"1161",1997,65,0.0697565124304979
"1162",1997,66,0.101426995756266
"1163",1997,67,0.133706771083703
"1164",1997,68,0.128642708725178
"1165",1997,69,0.134148458409585
"1166",1997,70,0.12046030250645
"1167",1997,71,0.0913580750629763
"1168",1997,72,0.0738760627435972
"1169",1997,73,0.0563351637634853
"1170",1997,74,0.0658721488244546
"1171",1997,75,0.1068700118379
"1172",1997,76,0.0817442294706313
"1173",1997,77,0.156373881823957
"1174",1997,78,0.218219859405302
"1175",1997,79,0.222594988009953
"1176",1997,80,0.203454124173497
"1177",1997,81,0.202438902727818
"1178",1997,82,0.208983665719379
"1179",1997,83,0.213570759021665
"1180",1997,84,0.239143488086496
"1181",1997,85,0.253388260659445
"1182",1997,86,0.246490642297191
"1183",1997,87,0.240737462446063
"1184",1997,88,0.246278685773562
"1185",1997,89,0.270153154295936
"1186",1997,90,0.288187642944014
"1187",1997,91,0.229042282099591
"1188",1997,92,0.25430133120994
"1189",1997,93,0.291928245733174
"1190",1997,94,0.227700551466914
"1191",1997,95,0.198469600811268
"1192",1997,96,0.158574460454659
"1193",1997,97,0.138070837258616
"1194",1997,98,0.157968973852682
"1195",1997,99,0.175451899306454
"1196",1997,100,0.198123231148625
"1197",1997,101,0.243913794374932
"1198",1997,102,0.279645445515531
"1199",1997,103,0.332359418182782
"1200",1997,104,0.306361238564983
"1201",1997,105,0.308493357453878
"1202",1997,106,0.395676962230242
"1203",1997,107,0.408100443824781
"1204",1997,108,0.375742467952965
"1205",1997,109,0.393883436538759
"1206",1997,110,0.366619393336901
"1207",1997,111,0.34637701396772
"1208",1997,112,0.346307862337682
"1209",1997,113,0.359706486938156
"1210",1997,114,0.355352539543988
"1211",1997,115,0.384762684333078
"1212",1997,116,0.376359783937495
"1213",1997,117,0.438954082369667
"1214",1997,118,0.394960410219376
"1215",1997,119,0.340520147808585
"1216",1997,120,0.381729257335752
"1217",1997,121,0.353393486294667
"1218",1997,122,0.365589940614619
"1219",1997,123,0.401882911334268
"1220",1997,124,0.444120456580701
"1221",1997,125,0.422424747920941
"1222",1997,126,0.470893392677879
"1223",1997,127,0.411589889786697
"1224",1997,128,0.410022342716513
"1225",1997,129,0.489259303134117
"1226",1997,130,0.44108841769631
"1227",1997,131,0.420336669551905
"1228",1997,132,0.491143165805172
"1229",1997,133,0.447506366839794
"1230",1997,134,0.427706811355593
"1231",1997,135,0.544166501491096
"1232",1997,136,0.551123284416905
"1233",1997,137,0.504422633921315
"1234",1997,138,0.360526411456509
"1235",1997,139,0.411781827780812
"1236",1997,140,0.422798256624353
"1237",1997,141,0.440003896738984
"1238",1997,142,0.411449381305549
"1239",1997,143,0.420995516867012
"1240",1997,144,0.457404039273205
"1241",1997,145,0.470723221850606
"1242",1997,146,0.5057178365007
"1243",1997,147,0.520693465945225
"1244",1997,148,0.535131420388933
"1245",1997,149,0.553634343863768
"1246",1997,150,0.580129357568173
"1247",1997,151,0.612712207336063
"1248",1997,152,0.597499277342993
"1249",1997,153,0.575158640745872
"1250",1997,154,0.551987956189687
"1251",1997,155,0.625974221162588
"1252",1997,156,0.650736408150421
"1253",1997,157,0.637145468787076
"1254",1997,158,0.613547309285069
"1255",1997,159,0.585903917057134
"1256",1997,160,0.569726590063929
"1257",1997,161,0.555669559408448
"1258",1997,162,0.595596196657435
"1259",1997,163,0.626006545385402
"1260",1997,164,0.617274884790739
"1261",1997,165,0.604361679963355
"1262",1997,166,0.604810741717621
"1263",1997,167,0.59868112380471
"1264",1997,168,0.592554652576765
"1265",1997,169,0.636568410364129
"1266",1997,170,0.562695194531312
"1267",1997,171,0.551331526654066
"1268",1997,172,0.567092351512649
"1269",1997,173,0.555181559232595
"1270",1997,174,0.587034143028021
"1271",1997,175,0.562617337700989
"1272",1997,176,0.593989887753421
"1273",1997,177,0.657051700665513
"1274",1997,178,0.609915900473761
"1275",1997,179,0.58819528385175
"1276",1997,180,0.53143668869248
"1277",1997,181,0.512176225605061
"1278",1997,182,0.516806730081627
"1279",1997,183,0.556507019119451
"1280",1997,184,0.5817286378263
"1281",1997,185,0.599764007944858
"1282",1997,186,0.595395796601783
"1283",1997,187,0.641921494202152
"1284",1997,188,0.625782365598538
"1285",1997,189,0.647364654744747
"1286",1997,190,0.691095605220923
"1287",1997,191,0.66448160144216
"1288",1997,192,0.621661765497831
"1289",1997,193,0.604386490112343
"1290",1997,194,0.626330775221426
"1291",1997,195,0.658588258361594
"1292",1997,196,0.663514028607207
"1293",1997,197,0.660831095828027
"1294",1997,198,0.63736243248581
"1295",1997,199,0.64634192961968
"1296",1997,200,0.62298766849924
"1297",1997,201,0.649774346295365
"1298",1997,202,0.654610985256152
"1299",1997,203,0.705007204583545
"1300",1997,204,0.632478392956484
"1301",1997,205,0.623856778906588
"1302",1997,206,0.601374057852373
"1303",1997,207,0.566505054947772
"1304",1997,208,0.581257548291492
"1305",1997,209,0.62685749303425
"1306",1997,210,0.655224988020157
"1307",1997,211,0.641167231567512
"1308",1997,212,0.650297759118762
"1309",1997,213,0.643301487984888
"1310",1997,214,0.6369528261152
"1311",1997,215,0.636927266134338
"1312",1997,216,0.673704589788021
"1313",1997,217,0.654206986263175
"1314",1997,218,0.687841816225207
"1315",1997,219,0.693644762297905
"1316",1997,220,0.552808168326309
"1317",1997,221,0.497671283440968
"1318",1997,222,0.514275668557011
"1319",1997,223,0.54238846571826
"1320",1997,224,0.529718594055246
"1321",1997,225,0.607977953651999
"1322",1997,226,0.573026356458499
"1323",1997,227,0.503383723601437
"1324",1997,228,0.494021272424919
"1325",1997,229,0.513568092160338
"1326",1997,230,0.5258664803498
"1327",1997,231,0.516882938288749
"1328",1997,232,0.544534532905976
"1329",1997,233,0.529997689556304
"1330",1997,234,0.571869638883068
"1331",1997,235,0.563724992443646
"1332",1997,236,0.545267640184068
"1333",1997,237,0.514392738213823
"1334",1997,238,0.534401079616821
"1335",1997,239,0.565290059031846
"1336",1997,240,0.534244776853802
"1337",1997,241,0.508416867167902
"1338",1997,242,0.464691931149664
"1339",1997,243,0.475293404932119
"1340",1997,244,0.404276842619551
"1341",1997,245,0.483463158496166
"1342",1997,246,0.518379170137796
"1343",1997,247,0.495973195861142
"1344",1997,248,0.438593836625543
"1345",1997,249,0.452435717623575
"1346",1997,250,0.414084386873284
"1347",1997,251,0.405936005184689
"1348",1997,252,0.428170234949763
"1349",1997,253,0.434718870098169
"1350",1997,254,0.468337575891782
"1351",1997,255,0.404621591081473
"1352",1997,256,0.353696578118735
"1353",1997,257,0.34188149690657
"1354",1997,258,0.340305336772844
"1355",1997,259,0.315857386563651
"1356",1997,260,0.305443392356852
"1357",1997,261,0.271130534532599
"1358",1997,262,0.270923629815621
"1359",1997,263,0.322083822009062
"1360",1997,264,0.343581005470703
"1361",1997,265,0.338286773556771
"1362",1997,266,0.366134473499325
"1363",1997,267,0.352042356623202
"1364",1997,268,0.350940758980991
"1365",1997,269,0.354328309497845
"1366",1997,270,0.319204500249379
"1367",1997,271,0.296315993480841
"1368",1997,272,0.272016306502332
"1369",1997,273,0.304597691644783
"1370",1997,274,0.309462565651501
"1371",1997,275,0.315541513009245
"1372",1997,276,0.243088929111299
"1373",1997,277,0.240385069418013
"1374",1997,278,0.211601666465995
"1375",1997,279,0.198093705003783
"1376",1997,280,0.208689541896421
"1377",1997,281,0.169796053905339
"1378",1997,282,0.163736477587429
"1379",1997,283,0.190420711526617
"1380",1997,284,0.166542356486759
"1381",1997,285,0.14936776422996
"1382",1997,286,0.135396767726077
"1383",1997,287,0.161688767500925
"1384",1997,288,0.171185285595963
"1385",1997,289,0.198653543674408
"1386",1997,290,0.181844758582401
"1387",1997,291,0.150799298249346
"1388",1997,292,0.130191442473557
"1389",1997,293,0.106072598919709
"1390",1997,294,0.131785575242417
"1391",1997,295,0.126200110585208
"1392",1997,296,0.105041676998459
"1393",1997,297,0.0909572146140485
"1394",1997,298,0.0924484655652388
"1395",1997,299,0.119394514787714
"1396",1997,300,0.122623413543949
"1397",1997,301,0.107818850189543
"1398",1997,302,0.110978334497115
"1399",1997,303,0.117180198958272
"1400",1997,304,0.114338047863345
"1401",1997,305,0.108836374367099
"1402",1997,306,0.105483335839481
"1403",1997,307,0.10681955745137
"1404",1997,308,0.104421131516591
"1405",1997,309,0.103769052127607
"1406",1997,310,0.114376673575631
"1407",1997,311,0.093434803258837
"1408",1997,312,0.0706489084900356
"1409",1997,313,0.0588709807805261
"1410",1997,314,0.0485921334484382
"1411",1997,315,0.051745793573857
"1412",1997,316,0.0626048298516153
"1413",1997,317,0.053485550429616
"1414",1997,318,0.0442742644198549
"1415",1997,319,0.0514499016647509
"1416",1997,320,0.0473044579466245
"1417",1997,321,0.0429238684197645
"1418",1997,322,0.0476896385623124
"1419",1997,323,0.0504008344560402
"1420",1997,324,0.0468316683462614
"1421",1997,325,0.0412872503061782
"1422",1997,326,0.0433898613935945
"1423",1997,327,0.0482124464967502
"1424",1997,328,0.0719097629980543
"1425",1997,329,0.0608566307183898
"1426",1997,330,0.0503636537022727
"1427",1997,331,0.0457381447365326
"1428",1997,332,0.0699548517442763
"1429",1997,333,0.0616201620164402
"1430",1997,334,0.0628518182986006
"1431",1997,335,0.0491279325686442
"1432",1997,336,0.0414308119000617
"1433",1997,337,0.0400054333501845
"1434",1997,338,0.0249412493801718
"1435",1997,339,0.0287575297170236
"1436",1997,340,0.0307435380882131
"1437",1997,341,0.0280280832924784
"1438",1997,342,0.0307164526141779
"1439",1997,343,0.0304009814292291
"1440",1997,344,0.0320538013555495
"1441",1997,345,0.0396280528295888
"1442",1997,346,0.0457456258466608
"1443",1997,347,0.058313727413299
"1444",1997,348,0.0711580975028892
"1445",1997,349,0.056625613358635
"1446",1997,350,0.0515699519426228
"1447",1997,351,0.0604426337873572
"1448",1997,352,0.0360757053471304
"1449",1997,353,0.0312581413580666
"1450",1997,354,0.0424691814398521
"1451",1997,355,0.0442998985032239
"1452",1997,356,0.0348452339549875
"1453",1997,357,0.0421617127585242
"1454",1997,358,0.0404984719390356
"1455",1997,359,0.0457323307009662
"1456",1997,360,0.0445040438149584
"1457",1997,361,0.0522696599495153
"1458",1997,362,0.0445794266124304
"1459",1997,363,0.0491344510460299
"1460",1997,364,0.0425423986943645
"1461",1997,365,0.055289952705513
"1462",1998,1,0.0324684403068165
"1463",1998,2,0.0149244487494728
"1464",1998,3,0.011926433799079
"1465",1998,4,0.0176809406308077
"1466",1998,5,0.0243753177871641
"1467",1998,6,0.0196966384050403
"1468",1998,7,0.0185401603538335
"1469",1998,8,0.0134870439317416
"1470",1998,9,0.011477674656932
"1471",1998,10,0.01
"1472",1998,11,0.01
"1473",1998,12,0.01
"1474",1998,13,0.0148660094786308
"1475",1998,14,0.0252585314023892
"1476",1998,15,0.035595496284183
"1477",1998,16,0.0233690866776201
"1478",1998,17,0.0240817190612464
"1479",1998,18,0.0228815629586336
"1480",1998,19,0.0345984552500229
"1481",1998,20,0.0396959255110488
"1482",1998,21,0.0429779623517953
"1483",1998,22,0.0354229633134762
"1484",1998,23,0.0446325596244025
"1485",1998,24,0.0564087528406557
"1486",1998,25,0.0455204945466473
"1487",1998,26,0.0644693989229894
"1488",1998,27,0.0656002957020026
"1489",1998,28,0.0607643196072532
"1490",1998,29,0.074277849286434
"1491",1998,30,0.0837657573628583
"1492",1998,31,0.0793717848973171
"1493",1998,32,0.0594217236657925
"1494",1998,33,0.0654930841505165
"1495",1998,34,0.0809959978731765
"1496",1998,35,0.0727037182688938
"1497",1998,36,0.0882405047274538
"1498",1998,37,0.076118243215283
"1499",1998,38,0.0886658012956366
"1500",1998,39,0.0755493204224976
"1501",1998,40,0.0757203711509048
"1502",1998,41,0.0913667208472574
"1503",1998,42,0.0913078295498511
"1504",1998,43,0.08880831166038
"1505",1998,44,0.121583469780496
"1506",1998,45,0.129293708845426
"1507",1998,46,0.114980096554172
"1508",1998,47,0.109691223960099
"1509",1998,48,0.122146894392892
"1510",1998,49,0.119703908926478
"1511",1998,50,0.128817363795753
"1512",1998,51,0.14554727478999
"1513",1998,52,0.152603153045063
"1514",1998,53,0.153996572026084
"1515",1998,54,0.142147626760667
"1516",1998,55,0.128759824208822
"1517",1998,56,0.137407934707819
"1518",1998,57,0.106769917026249
"1519",1998,58,0.0987326653914582
"1520",1998,59,0.101215692121989
"1521",1998,60,0.101176939826596
"1522",1998,61,0.113935869226228
"1523",1998,62,0.106740311493744
"1524",1998,63,0.102188530931619
"1525",1998,64,0.105543648627916
"1526",1998,65,0.112229878368554
"1527",1998,66,0.0983211915052804
"1528",1998,67,0.0611213535048869
"1529",1998,68,0.0623944248074213
"1530",1998,69,0.0627821716170025
"1531",1998,70,0.108589401858971
"1532",1998,71,0.18030743166756
"1533",1998,72,0.125080776486824
"1534",1998,73,0.121236939340321
"1535",1998,74,0.158738176995312
"1536",1998,75,0.179506399231994
"1537",1998,76,0.153322562533631
"1538",1998,77,0.14846116015085
"1539",1998,78,0.164087811798558
"1540",1998,79,0.179180519644298
"1541",1998,80,0.170593188608134
"1542",1998,81,0.184812345369719
"1543",1998,82,0.185153317068429
"1544",1998,83,0.244825662598879
"1545",1998,84,0.264129704782172
"1546",1998,85,0.257336055591308
"1547",1998,86,0.240630031577523
"1548",1998,87,0.224189716664682
"1549",1998,88,0.235114522243954
"1550",1998,89,0.263964773721215
"1551",1998,90,0.286228673113423
"1552",1998,91,0.294555756120415
"1553",1998,92,0.297439503194962
"1554",1998,93,0.320911032177827
"1555",1998,94,0.343723543217114
"1556",1998,95,0.297233477205952
"1557",1998,96,0.293581321047211
"1558",1998,97,0.287404378668411
"1559",1998,98,0.293593028879365
"1560",1998,99,0.30956814192628
"1561",1998,100,0.31944208759639
"1562",1998,101,0.364364534127798
"1563",1998,102,0.342528306333533
"1564",1998,103,0.300180994707455
"1565",1998,104,0.291364104006788
"1566",1998,105,0.278807091021885
"1567",1998,106,0.324109436802487
"1568",1998,107,0.334300653891555
"1569",1998,108,0.290569199431749
"1570",1998,109,0.312743560738255
"1571",1998,110,0.373448360560549
"1572",1998,111,0.411469276918733
"1573",1998,112,0.441519143837045
"1574",1998,113,0.463101127056434
"1575",1998,114,0.47079170661516
"1576",1998,115,0.359393585738825
"1577",1998,116,0.383380990979918
"1578",1998,117,0.428684211858503
"1579",1998,118,0.470480570478141
"1580",1998,119,0.498546473785565
"1581",1998,120,0.442334525561454
"1582",1998,121,0.35727099645562
"1583",1998,122,0.45179370385044
"1584",1998,123,0.520098403168141
"1585",1998,124,0.450075476523445
"1586",1998,125,0.463135080877259
"1587",1998,126,0.406081675290735
"1588",1998,127,0.414613399184263
"1589",1998,128,0.436665529683641
"1590",1998,129,0.455889728877277
"1591",1998,130,0.448233883721383
"1592",1998,131,0.461730372842346
"1593",1998,132,0.435722598562941
"1594",1998,133,0.419026812396789
"1595",1998,134,0.467485201037998
"1596",1998,135,0.46545304711172
"1597",1998,136,0.478071815766063
"1598",1998,137,0.482556460507488
"1599",1998,138,0.465591969865538
"1600",1998,139,0.494061131947436
"1601",1998,140,0.538101657212211
"1602",1998,141,0.56824997849835
"1603",1998,142,0.565631123204886
"1604",1998,143,0.559953638343384
"1605",1998,144,0.559837470350535
"1606",1998,145,0.568859745322793
"1607",1998,146,0.583464138156351
"1608",1998,147,0.57289801538953
"1609",1998,148,0.496721711099719
"1610",1998,149,0.509586357468199
"1611",1998,150,0.534272177937939
"1612",1998,151,0.539352759969307
"1613",1998,152,0.522581177438009
"1614",1998,153,0.4329208895796
"1615",1998,154,0.452362123583603
"1616",1998,155,0.464188967892653
"1617",1998,156,0.472257046979435
"1618",1998,157,0.497060398976118
"1619",1998,158,0.490759880723624
"1620",1998,159,0.525085325868161
"1621",1998,160,0.543064552897224
"1622",1998,161,0.596736001861239
"1623",1998,162,0.59213326554454
"1624",1998,163,0.570650121989339
"1625",1998,164,0.566375983163764
"1626",1998,165,0.556603561831923
"1627",1998,166,0.571835000163324
"1628",1998,167,0.580680623016243
"1629",1998,168,0.572954769035768
"1630",1998,169,0.539692397164849
"1631",1998,170,0.526292359595536
"1632",1998,171,0.533604697211759
"1633",1998,172,0.569550649715497
"1634",1998,173,0.601530142352352
"1635",1998,174,0.632215606904098
"1636",1998,175,0.645654195187277
"1637",1998,176,0.633447200840189
"1638",1998,177,0.646754694652309
"1639",1998,178,0.583700767391842
"1640",1998,179,0.592252534379206
"1641",1998,180,0.645696790458037
"1642",1998,181,0.646356378768279
"1643",1998,182,0.652110659962994
"1644",1998,183,0.629711821771145
"1645",1998,184,0.620406124306843
"1646",1998,185,0.65229100409803
"1647",1998,186,0.631780861460798
"1648",1998,187,0.623717367901171
"1649",1998,188,0.661526792395377
"1650",1998,189,0.673465808443786
"1651",1998,190,0.691283579256732
"1652",1998,191,0.725904517675855
"1653",1998,192,0.713761034749531
"1654",1998,193,0.663972597652183
"1655",1998,194,0.641503745549044
"1656",1998,195,0.612271612105186
"1657",1998,196,0.578862610188357
"1658",1998,197,0.659541251444086
"1659",1998,198,0.705630189115115
"1660",1998,199,0.683580633583153
"1661",1998,200,0.661977628438748
"1662",1998,201,0.635047985104468
"1663",1998,202,0.598712235252265
"1664",1998,203,0.577288613804633
"1665",1998,204,0.594540236624912
"1666",1998,205,0.671266518648135
"1667",1998,206,0.708039165269422
"1668",1998,207,0.652839064722283
"1669",1998,208,0.67159689934594
"1670",1998,209,0.633029231717943
"1671",1998,210,0.587862137975402
"1672",1998,211,0.61213262796124
"1673",1998,212,0.661366952152926
"1674",1998,213,0.652107073821843
"1675",1998,214,0.646785138078942
"1676",1998,215,0.64176638156719
"1677",1998,216,0.63592354006136
"1678",1998,217,0.675541790429416
"1679",1998,218,0.720333051914382
"1680",1998,219,0.646041256334032
"1681",1998,220,0.624846960580676
"1682",1998,221,0.643552935874157
"1683",1998,222,0.678081301997339
"1684",1998,223,0.646110305399339
"1685",1998,224,0.642698623229139
"1686",1998,225,0.598457138164928
"1687",1998,226,0.560785150772094
"1688",1998,227,0.634922016552304
"1689",1998,228,0.537499621183945
"1690",1998,229,0.571107120568936
"1691",1998,230,0.558822662670622
"1692",1998,231,0.536720057300663
"1693",1998,232,0.54928396791021
"1694",1998,233,0.575683844943301
"1695",1998,234,0.563214499847062
"1696",1998,235,0.539323064589136
"1697",1998,236,0.53000133914704
"1698",1998,237,0.528678885632256
"1699",1998,238,0.530721145521242
"1700",1998,239,0.50237071961083
"1701",1998,240,0.507703709653785
"1702",1998,241,0.532229232928071
"1703",1998,242,0.535599121028984
"1704",1998,243,0.474867441526579
"1705",1998,244,0.474261311234936
"1706",1998,245,0.518270926060604
"1707",1998,246,0.497561591665546
"1708",1998,247,0.495043992806098
"1709",1998,248,0.437916452543454
"1710",1998,249,0.440775341219409
"1711",1998,250,0.498245643830826
"1712",1998,251,0.523671998211974
"1713",1998,252,0.482202543223044
"1714",1998,253,0.409929381448418
"1715",1998,254,0.418460951529934
"1716",1998,255,0.421847659788342
"1717",1998,256,0.435842243115563
"1718",1998,257,0.376687369603355
"1719",1998,258,0.414093608797107
"1720",1998,259,0.40541323411067
"1721",1998,260,0.353359358190206
"1722",1998,261,0.332938408697857
"1723",1998,262,0.296279668837679
"1724",1998,263,0.287201439986027
"1725",1998,264,0.294312920696655
"1726",1998,265,0.318568778255917
"1727",1998,266,0.332043706732047
"1728",1998,267,0.294495787499949
"1729",1998,268,0.251458418652949
"1730",1998,269,0.263218100544921
"1731",1998,270,0.289301004200931
"1732",1998,271,0.274575290615331
"1733",1998,272,0.252015083645413
"1734",1998,273,0.218654885121186
"1735",1998,274,0.241575761513683
"1736",1998,275,0.241724033096297
"1737",1998,276,0.229698176943096
"1738",1998,277,0.221484374554802
"1739",1998,278,0.201677042555734
"1740",1998,279,0.211456143501036
"1741",1998,280,0.242020842483401
"1742",1998,281,0.243228373776747
"1743",1998,282,0.207595913915368
"1744",1998,283,0.170785542963324
"1745",1998,284,0.141484659658227
"1746",1998,285,0.136619772030177
"1747",1998,286,0.143748334247671
"1748",1998,287,0.156023374958015
"1749",1998,288,0.151579990865277
"1750",1998,289,0.132589579275379
"1751",1998,290,0.151017100181664
"1752",1998,291,0.14366232179216
"1753",1998,292,0.135855105069361
"1754",1998,293,0.150244213146206
"1755",1998,294,0.16821950063731
"1756",1998,295,0.175407647560032
"1757",1998,296,0.145795470130444
"1758",1998,297,0.135816207284124
"1759",1998,298,0.141384554071955
"1760",1998,299,0.144720699089824
"1761",1998,300,0.137749286267954
"1762",1998,301,0.14167879470517
"1763",1998,302,0.120013306381806
"1764",1998,303,0.0983288427597001
"1765",1998,304,0.09116976186919
"1766",1998,305,0.108324825730188
"1767",1998,306,0.104286037843991
"1768",1998,307,0.095033040044023
"1769",1998,308,0.0926973575429061
"1770",1998,309,0.0864426502908547
"1771",1998,310,0.0631935921355574
"1772",1998,311,0.0663621049701697
"1773",1998,312,0.0675904872579641
"1774",1998,313,0.0654408778641694
"1775",1998,314,0.0637066080681675
"1776",1998,315,0.0519612189456936
"1777",1998,316,0.059180096756104
"1778",1998,317,0.0830957199212876
"1779",1998,318,0.0645093266338888
"1780",1998,319,0.0470934025992356
"1781",1998,320,0.0424907566601909
"1782",1998,321,0.0373065331637433
"1783",1998,322,0.0454322348042843
"1784",1998,323,0.0504500846538394
"1785",1998,324,0.0544219709330116
"1786",1998,325,0.0783408290199129
"1787",1998,326,0.0693405306563475
"1788",1998,327,0.0663112157239883
"1789",1998,328,0.0736435649645254
"1790",1998,329,0.072753657683424
"1791",1998,330,0.0835620617608193
"1792",1998,331,0.0649819331488073
"1793",1998,332,0.0621427792834563
"1794",1998,333,0.0481076895032798
"1795",1998,334,0.0458779819751274
"1796",1998,335,0.0497910624855008
"1797",1998,336,0.0607758179425281
"1798",1998,337,0.0434434717617985
"1799",1998,338,0.0415077057171783
"1800",1998,339,0.0379113311899639
"1801",1998,340,0.0295678885153448
"1802",1998,341,0.0351903714433809
"1803",1998,342,0.0407373296096606
"1804",1998,343,0.036561923566637
"1805",1998,344,0.0460660856200114
"1806",1998,345,0.0463837186288851
"1807",1998,346,0.0451503858465374
"1808",1998,347,0.0622833158516335
"1809",1998,348,0.0566349782375971
"1810",1998,349,0.039260400177629
"1811",1998,350,0.0429989988913833
"1812",1998,351,0.0443810083411894
"1813",1998,352,0.0185620640669898
"1814",1998,353,0.0143197270354102
"1815",1998,354,0.0103550661936606
"1816",1998,355,0.012791543927093
"1817",1998,356,0.0158891732961723
"1818",1998,357,0.015675493473588
"1819",1998,358,0.0161899271926037
"1820",1998,359,0.0165668640678077
"1821",1998,360,0.020897247903322
"1822",1998,361,0.0225836122358746
"1823",1998,362,0.0173849977564126
"1824",1998,363,0.014499744405945
"1825",1998,364,0.0191420657884435
"1826",1998,365,0.0180055098837738
"1827",1998,366,0.0263454996993473
"1828",1999,1,0.0168367268734793
"1829",1999,2,0.0139562648504037
"1830",1999,3,0.0169226658204063
"1831",1999,4,0.0218904457746032
"1832",1999,5,0.0268631872767823
"1833",1999,6,0.0117474694496468
"1834",1999,7,0.01148780753155
"1835",1999,8,0.013638265091669
"1836",1999,9,0.0170755943950168
"1837",1999,10,0.0187894983137277
"1838",1999,11,0.0204952209934436
"1839",1999,12,0.016647037525406
"1840",1999,13,0.0345881870835588
"1841",1999,14,0.0529426147743839
"1842",1999,15,0.0661207358915168
"1843",1999,16,0.0439883699858146
"1844",1999,17,0.0388566639386587
"1845",1999,18,0.036942994570217
"1846",1999,19,0.0435173990415476
"1847",1999,20,0.0409953811376516
"1848",1999,21,0.0354968656865235
"1849",1999,22,0.0410944069385997
"1850",1999,23,0.0314306374032903
"1851",1999,24,0.0262861644569249
"1852",1999,25,0.0398392370561368
"1853",1999,26,0.0436279786588324
"1854",1999,27,0.053344415986002
"1855",1999,28,0.0594966494723228
"1856",1999,29,0.0713411406350999
"1857",1999,30,0.096242713542612
"1858",1999,31,0.0729366199894007
"1859",1999,32,0.0770305646345923
"1860",1999,33,0.0764343302498071
"1861",1999,34,0.0440704284317768
"1862",1999,35,0.0529737485851245
"1863",1999,36,0.058283006326034
"1864",1999,37,0.0810968584960176
"1865",1999,38,0.112234491779199
"1866",1999,39,0.0856404769611036
"1867",1999,40,0.0870010707109427
"1868",1999,41,0.0745541366950162
"1869",1999,42,0.0565319660644324
"1870",1999,43,0.0684247952115087
"1871",1999,44,0.121850584102643
"1872",1999,45,0.111824733746056
"1873",1999,46,0.087192492860189
"1874",1999,47,0.101572443930418
"1875",1999,48,0.0999892373237021
"1876",1999,49,0.0858381297263743
"1877",1999,50,0.0973241524712477
"1878",1999,51,0.0985902310622063
"1879",1999,52,0.0845722348731054
"1880",1999,53,0.111723041629295
"1881",1999,54,0.129989003448791
"1882",1999,55,0.116974087621175
"1883",1999,56,0.160799403367086
"1884",1999,57,0.145963733703486
"1885",1999,58,0.133382428563549
"1886",1999,59,0.149945500958086
"1887",1999,60,0.120401163988329
"1888",1999,61,0.111099452951322
"1889",1999,62,0.115256924482004
"1890",1999,63,0.103364736167792
"1891",1999,64,0.0887035517001721
"1892",1999,65,0.0648239632256283
"1893",1999,66,0.0630105395717086
"1894",1999,67,0.104999365737619
"1895",1999,68,0.119388676197773
"1896",1999,69,0.131020457200788
"1897",1999,70,0.138939372857608
"1898",1999,71,0.151850772142843
"1899",1999,72,0.184695567169127
"1900",1999,73,0.215946935181613
"1901",1999,74,0.188420515175295
"1902",1999,75,0.170293172757455
"1903",1999,76,0.154228981389679
"1904",1999,77,0.191290419490518
"1905",1999,78,0.20085001213072
"1906",1999,79,0.201847615917609
"1907",1999,80,0.211112154906809
"1908",1999,81,0.220806036703634
"1909",1999,82,0.228243203045366
"1910",1999,83,0.247113923001436
"1911",1999,84,0.288924753250131
"1912",1999,85,0.288470695083525
"1913",1999,86,0.249685330247634
"1914",1999,87,0.231018869130674
"1915",1999,88,0.248147728127398
"1916",1999,89,0.250743049993019
"1917",1999,90,0.199894108377025
"1918",1999,91,0.225358613926528
"1919",1999,92,0.225894145998163
"1920",1999,93,0.237956172295218
"1921",1999,94,0.217764993343649
"1922",1999,95,0.254531422266695
"1923",1999,96,0.282097157500031
"1924",1999,97,0.324555878857698
"1925",1999,98,0.353120521581851
"1926",1999,99,0.318180116402137
"1927",1999,100,0.29804274876788
"1928",1999,101,0.299786749327936
"1929",1999,102,0.36693551144875
"1930",1999,103,0.337616985304769
"1931",1999,104,0.303730647512553
"1932",1999,105,0.296293430835693
"1933",1999,106,0.292924925091819
"1934",1999,107,0.390082093862312
"1935",1999,108,0.369556030818834
"1936",1999,109,0.349924826444795
"1937",1999,110,0.37436140752079
"1938",1999,111,0.359078474581965
"1939",1999,112,0.354109202629978
"1940",1999,113,0.371772009650121
"1941",1999,114,0.409894937746423
"1942",1999,115,0.431634947254823
"1943",1999,116,0.4337254643619
"1944",1999,117,0.432237181316864
"1945",1999,118,0.427755552497905
"1946",1999,119,0.386194622194899
"1947",1999,120,0.40650700535879
"1948",1999,121,0.443168458852437
"1949",1999,122,0.457403450744221
"1950",1999,123,0.445767494427861
"1951",1999,124,0.41775681492835
"1952",1999,125,0.41742515757937
"1953",1999,126,0.404793966975512
"1954",1999,127,0.42197841761049
"1955",1999,128,0.428174678113388
"1956",1999,129,0.372681686607625
"1957",1999,130,0.33308479751718
"1958",1999,131,0.324286847820199
"1959",1999,132,0.386423642123301
"1960",1999,133,0.426583392911838
"1961",1999,134,0.445748387082663
"1962",1999,135,0.426441099174188
"1963",1999,136,0.422424702933946
"1964",1999,137,0.430220653997114
"1965",1999,138,0.502095806978303
"1966",1999,139,0.474720614927508
"1967",1999,140,0.460515936084013
"1968",1999,141,0.457052871423543
"1969",1999,142,0.483689224666593
"1970",1999,143,0.535551730372748
"1971",1999,144,0.553969803350862
"1972",1999,145,0.602509484313574
"1973",1999,146,0.52612807627381
"1974",1999,147,0.552901664059781
"1975",1999,148,0.532225701078283
"1976",1999,149,0.508687504572553
"1977",1999,150,0.500159691087729
"1978",1999,151,0.493033936473631
"1979",1999,152,0.520057373345473
"1980",1999,153,0.540550822552566
"1981",1999,154,0.527907427070116
"1982",1999,155,0.574255599582235
"1983",1999,156,0.581471561950694
"1984",1999,157,0.57235904635227
"1985",1999,158,0.53720096080955
"1986",1999,159,0.502904114699792
"1987",1999,160,0.487152793982257
"1988",1999,161,0.522464218860909
"1989",1999,162,0.537711025948245
"1990",1999,163,0.541992507267286
"1991",1999,164,0.531153225681232
"1992",1999,165,0.557590094093995
"1993",1999,166,0.560515505222758
"1994",1999,167,0.562666564458787
"1995",1999,168,0.607209358257733
"1996",1999,169,0.648829081673996
"1997",1999,170,0.652908344849141
"1998",1999,171,0.61671847703551
"1999",1999,172,0.637675414648235
"2000",1999,173,0.598733254905889
"2001",1999,174,0.578196080848251
"2002",1999,175,0.562821427165024
"2003",1999,176,0.513000692374973
"2004",1999,177,0.508642747484927
"2005",1999,178,0.516157076296562
"2006",1999,179,0.569934162436879
"2007",1999,180,0.594496460399276
"2008",1999,181,0.580153789902677
"2009",1999,182,0.56812862329345
"2010",1999,183,0.575541228492418
"2011",1999,184,0.572187487325481
"2012",1999,185,0.535288642287632
"2013",1999,186,0.600636035681756
"2014",1999,187,0.582735981757262
"2015",1999,188,0.581992142930991
"2016",1999,189,0.557299266325488
"2017",1999,190,0.592398198279737
"2018",1999,191,0.609619166658062
"2019",1999,192,0.663574703256367
"2020",1999,193,0.658636155968614
"2021",1999,194,0.628359274760638
"2022",1999,195,0.611987191675017
"2023",1999,196,0.572359027836301
"2024",1999,197,0.536970321919717
"2025",1999,198,0.567635238911154
"2026",1999,199,0.594852937114213
"2027",1999,200,0.606451434513322
"2028",1999,201,0.646540719613782
"2029",1999,202,0.656973828465107
"2030",1999,203,0.657100371853532
"2031",1999,204,0.646273339603598
"2032",1999,205,0.65807021157928
"2033",1999,206,0.567640324100052
"2034",1999,207,0.572114910562519
"2035",1999,208,0.61053154386113
"2036",1999,209,0.666047223442057
"2037",1999,210,0.655963494824617
"2038",1999,211,0.565227014437802
"2039",1999,212,0.514600532503117
"2040",1999,213,0.523953411549162
"2041",1999,214,0.552528337137505
"2042",1999,215,0.597517843992554
"2043",1999,216,0.602887167542072
"2044",1999,217,0.614390388658613
"2045",1999,218,0.607979277080426
"2046",1999,219,0.591856099604168
"2047",1999,220,0.628846009309705
"2048",1999,221,0.604428418396847
"2049",1999,222,0.578716453582902
"2050",1999,223,0.537269604241405
"2051",1999,224,0.553292014282274
"2052",1999,225,0.578041030092791
"2053",1999,226,0.5647544887081
"2054",1999,227,0.513653999344141
"2055",1999,228,0.534809337017862
"2056",1999,229,0.538039664091844
"2057",1999,230,0.564405761023727
"2058",1999,231,0.569037776534137
"2059",1999,232,0.578687999682393
"2060",1999,233,0.593250814114414
"2061",1999,234,0.526126889042413
"2062",1999,235,0.526729212664301
"2063",1999,236,0.585922418403379
"2064",1999,237,0.580477724273115
"2065",1999,238,0.51702672757425
"2066",1999,239,0.516695746825372
"2067",1999,240,0.507254832336223
"2068",1999,241,0.50222744412367
"2069",1999,242,0.566989675601297
"2070",1999,243,0.471332630197994
"2071",1999,244,0.380010469717153
"2072",1999,245,0.378566625752236
"2073",1999,246,0.36565032295811
"2074",1999,247,0.392712138111243
"2075",1999,248,0.406103299755596
"2076",1999,249,0.443336052573587
"2077",1999,250,0.37317982184015
"2078",1999,251,0.368529265534572
"2079",1999,252,0.355363879939379
"2080",1999,253,0.383939263915222
"2081",1999,254,0.34922327748458
"2082",1999,255,0.326971686417572
"2083",1999,256,0.320627677911329
"2084",1999,257,0.311060756601257
"2085",1999,258,0.355089311155875
"2086",1999,259,0.39014907540555
"2087",1999,260,0.36610561810251
"2088",1999,261,0.318930457614974
"2089",1999,262,0.299707638665517
"2090",1999,263,0.336216386093458
"2091",1999,264,0.362633177580209
"2092",1999,265,0.341213733221246
"2093",1999,266,0.365331486253318
"2094",1999,267,0.305421838683119
"2095",1999,268,0.272631770083944
"2096",1999,269,0.242141984829239
"2097",1999,270,0.235108877002211
"2098",1999,271,0.225705010459376
"2099",1999,272,0.255205892458302
"2100",1999,273,0.174786607262189
"2101",1999,274,0.165824177712506
"2102",1999,275,0.166074853507052
"2103",1999,276,0.18601351763526
"2104",1999,277,0.217225634404616
"2105",1999,278,0.185294831851835
"2106",1999,279,0.215344231074047
"2107",1999,280,0.209641764506161
"2108",1999,281,0.213296903070698
"2109",1999,282,0.196950630825229
"2110",1999,283,0.176963500398231
"2111",1999,284,0.17211131259832
"2112",1999,285,0.151486503448361
"2113",1999,286,0.181319973895632
"2114",1999,287,0.166308350790126
"2115",1999,288,0.142600656375758
"2116",1999,289,0.140089285786619
"2117",1999,290,0.150491821457847
"2118",1999,291,0.132725570475763
"2119",1999,292,0.145439010856778
"2120",1999,293,0.174665307280227
"2121",1999,294,0.154618007203707
"2122",1999,295,0.154642369186377
"2123",1999,296,0.174764741152828
"2124",1999,297,0.166893563074827
"2125",1999,298,0.124097484293025
"2126",1999,299,0.139902528452887
"2127",1999,300,0.115724503802559
"2128",1999,301,0.112967081319909
"2129",1999,302,0.117229534356743
"2130",1999,303,0.131054906349627
"2131",1999,304,0.122625809460255
"2132",1999,305,0.0864849184176708
"2133",1999,306,0.0848459253803027
"2134",1999,307,0.0897899826827134
"2135",1999,308,0.099617224254434
"2136",1999,309,0.0775212247673328
"2137",1999,310,0.0997866618980923
"2138",1999,311,0.136426085305852
"2139",1999,312,0.112463101757348
"2140",1999,313,0.10157892124704
"2141",1999,314,0.100046217681252
"2142",1999,315,0.105536621114574
"2143",1999,316,0.116353459384886
"2144",1999,317,0.0815553778644888
"2145",1999,318,0.0908542366395353
"2146",1999,319,0.0844349970742871
"2147",1999,320,0.0854637347091252
"2148",1999,321,0.0600595767932464
"2149",1999,322,0.058474730607276
"2150",1999,323,0.0594694830753486
"2151",1999,324,0.0793974785618151
"2152",1999,325,0.0671759190833485
"2153",1999,326,0.0549934263824853
"2154",1999,327,0.0496904334905938
"2155",1999,328,0.0494568152325848
"2156",1999,329,0.0602793023909706
"2157",1999,330,0.0438060483822245
"2158",1999,331,0.0391177969059519
"2159",1999,332,0.0352345859878815
"2160",1999,333,0.0506363639880686
"2161",1999,334,0.0718287546994939
"2162",1999,335,0.0572858964071835
"2163",1999,336,0.0561029381093378
"2164",1999,337,0.0465713560504615
"2165",1999,338,0.0404032807408662
"2166",1999,339,0.0557911696498487
"2167",1999,340,0.054241268901229
"2168",1999,341,0.0433880527876799
"2169",1999,342,0.0339654869225505
"2170",1999,343,0.0327372041206271
"2171",1999,344,0.045554196427504
"2172",1999,345,0.0387654372282382
"2173",1999,346,0.0423752515715873
"2174",1999,347,0.0446529167586487
"2175",1999,348,0.0246447531336306
"2176",1999,349,0.0230762859952974
"2177",1999,350,0.0339646260351819
"2178",1999,351,0.0384074828466365
"2179",1999,352,0.0380391598417617
"2180",1999,353,0.0155543222237525
"2181",1999,354,0.0205182248478905
"2182",1999,355,0.0274564322614428
"2183",1999,356,0.0347656830677903
"2184",1999,357,0.0430269197850101
"2185",1999,358,0.0540562462938655
"2186",1999,359,0.0451560360144294
"2187",1999,360,0.0413917980944058
"2188",1999,361,0.0543364720064981
"2189",1999,362,0.0610201314199502
"2190",1999,363,0.0610743067119491
"2191",1999,364,0.0468205825058028
"2192",1999,365,0.0393842514229834
"2193",2000,1,0.0341133448273976
"2194",2000,2,0.0203042103298103
"2195",2000,3,0.0142381033090486
"2196",2000,4,0.0245993279179102
"2197",2000,5,0.0314663550977861
"2198",2000,6,0.0332443285651198
"2199",2000,7,0.0455733518850763
"2200",2000,8,0.047213451054002
"2201",2000,9,0.0484420459855929
"2202",2000,10,0.0299816245343177
"2203",2000,11,0.0171231203798623
"2204",2000,12,0.0232782714706041
"2205",2000,13,0.0172423919685715
"2206",2000,14,0.0213067728062502
"2207",2000,15,0.0165540150001443
"2208",2000,16,0.0245188871119943
"2209",2000,17,0.0287963596165956
"2210",2000,18,0.0233971205460706
"2211",2000,19,0.0268222790508259
"2212",2000,20,0.0275321153896912
"2213",2000,21,0.0362388155154684
"2214",2000,22,0.039391202476674
"2215",2000,23,0.0351945259187749
"2216",2000,24,0.0434103634617602
"2217",2000,25,0.0391523449115766
"2218",2000,26,0.0504929850309319
"2219",2000,27,0.0515409529120588
"2220",2000,28,0.043073859313658
"2221",2000,29,0.0516918645672366
"2222",2000,30,0.0538977807317607
"2223",2000,31,0.0501648465528888
"2224",2000,32,0.0761117046455469
"2225",2000,33,0.0886809113478072
"2226",2000,34,0.0668132607946899
"2227",2000,35,0.0654929293783252
"2228",2000,36,0.0486787424921308
"2229",2000,37,0.0463121108021661
"2230",2000,38,0.0658485787535349
"2231",2000,39,0.103686061171458
"2232",2000,40,0.0607496119190768
"2233",2000,41,0.0345688162224936
"2234",2000,42,0.0255359604768725
"2235",2000,43,0.0337542469034061
"2236",2000,44,0.0413769610875206
"2237",2000,45,0.0478136657817972
"2238",2000,46,0.0536732378943704
"2239",2000,47,0.0497538132297909
"2240",2000,48,0.0474413365670257
"2241",2000,49,0.0668664840879237
"2242",2000,50,0.0864792758618326
"2243",2000,51,0.107962895829723
"2244",2000,52,0.126697758529829
"2245",2000,53,0.12850081897292
"2246",2000,54,0.142363646737624
"2247",2000,55,0.133542348360242
"2248",2000,56,0.144001610528555
"2249",2000,57,0.117468833053286
"2250",2000,58,0.110566967669165
"2251",2000,59,0.158249619666808
"2252",2000,60,0.130205934498149
"2253",2000,61,0.138369800140001
"2254",2000,62,0.17555356320257
"2255",2000,63,0.172517915875389
"2256",2000,64,0.182065433345183
"2257",2000,65,0.175260467740327
"2258",2000,66,0.17322523339507
"2259",2000,67,0.161696643687985
"2260",2000,68,0.101287769696152
"2261",2000,69,0.124791190335263
"2262",2000,70,0.128948487241476
"2263",2000,71,0.121291417338154
"2264",2000,72,0.13548941060518
"2265",2000,73,0.130147701999039
"2266",2000,74,0.11018655510613
"2267",2000,75,0.0977040859752776
"2268",2000,76,0.129625402242342
"2269",2000,77,0.197745748048538
"2270",2000,78,0.211193489027428
"2271",2000,79,0.214923036043491
"2272",2000,80,0.20050992224961
"2273",2000,81,0.220450881608277
"2274",2000,82,0.24768762909718
"2275",2000,83,0.272329372984825
"2276",2000,84,0.238770740921979
"2277",2000,85,0.240795198375095
"2278",2000,86,0.250623838850848
"2279",2000,87,0.257578932871112
"2280",2000,88,0.289392170079713
"2281",2000,89,0.248719077349975
"2282",2000,90,0.26217659458432
"2283",2000,91,0.256029863686486
"2284",2000,92,0.262654604166024
"2285",2000,93,0.246103739749911
"2286",2000,94,0.249007561989953
"2287",2000,95,0.329118124895748
"2288",2000,96,0.248286253761847
"2289",2000,97,0.268086141031411
"2290",2000,98,0.268118306992689
"2291",2000,99,0.293464497226023
"2292",2000,100,0.256553577315182
"2293",2000,101,0.254252855453764
"2294",2000,102,0.273945638199265
"2295",2000,103,0.314534378620879
"2296",2000,104,0.192168713730566
"2297",2000,105,0.197652246189581
"2298",2000,106,0.242979941992481
"2299",2000,107,0.327516430421159
"2300",2000,108,0.346381807395896
"2301",2000,109,0.31836455426217
"2302",2000,110,0.392795461717554
"2303",2000,111,0.432131312009443
"2304",2000,112,0.435179879192937
"2305",2000,113,0.460872466796744
"2306",2000,114,0.434394402596509
"2307",2000,115,0.396061218932468
"2308",2000,116,0.381434671108596
"2309",2000,117,0.397585721853414
"2310",2000,118,0.384303057474021
"2311",2000,119,0.453206832209666
"2312",2000,120,0.438450464967011
"2313",2000,121,0.420312990828782
"2314",2000,122,0.504823457692359
"2315",2000,123,0.449424298726808
"2316",2000,124,0.451110360898612
"2317",2000,125,0.496244768346923
"2318",2000,126,0.452789238331694
"2319",2000,127,0.452107461157235
"2320",2000,128,0.414003173365259
"2321",2000,129,0.397619793402151
"2322",2000,130,0.433003951598574
"2323",2000,131,0.451589368592182
"2324",2000,132,0.344263750991113
"2325",2000,133,0.371921756248489
"2326",2000,134,0.416763913764707
"2327",2000,135,0.424641267611451
"2328",2000,136,0.471401813962325
"2329",2000,137,0.459272657199755
"2330",2000,138,0.454838039297628
"2331",2000,139,0.514649824425272
"2332",2000,140,0.511748295269929
"2333",2000,141,0.530023480748768
"2334",2000,142,0.546871654362939
"2335",2000,143,0.552570689319933
"2336",2000,144,0.495615980459149
"2337",2000,145,0.483671865150765
"2338",2000,146,0.550024707771117
"2339",2000,147,0.48365990382175
"2340",2000,148,0.524284801377701
"2341",2000,149,0.527010070277366
"2342",2000,150,0.465934594536553
"2343",2000,151,0.469669597729271
"2344",2000,152,0.421743749173864
"2345",2000,153,0.480816682242586
"2346",2000,154,0.484823171695118
"2347",2000,155,0.515152267732888
"2348",2000,156,0.51936955878789
"2349",2000,157,0.575871176973594
"2350",2000,158,0.624311434212251
"2351",2000,159,0.59217663555648
"2352",2000,160,0.579528541603858
"2353",2000,161,0.562740188869396
"2354",2000,162,0.520135621933248
"2355",2000,163,0.546008765722741
"2356",2000,164,0.540543904002561
"2357",2000,165,0.550937032377072
"2358",2000,166,0.546848827771639
"2359",2000,167,0.530973418412209
"2360",2000,168,0.504072266489436
"2361",2000,169,0.508398277992277
"2362",2000,170,0.57352881377219
"2363",2000,171,0.585771464729928
"2364",2000,172,0.570416935807869
"2365",2000,173,0.581805394389113
"2366",2000,174,0.593700110548453
"2367",2000,175,0.574860713039226
"2368",2000,176,0.530503358477966
"2369",2000,177,0.540725877766264
"2370",2000,178,0.531562810170861
"2371",2000,179,0.561412302622564
"2372",2000,180,0.601245154435691
"2373",2000,181,0.645195730003437
"2374",2000,182,0.665569109979555
"2375",2000,183,0.636945695572574
"2376",2000,184,0.640470016006625
"2377",2000,185,0.630238810290013
"2378",2000,186,0.628500177282662
"2379",2000,187,0.59300816330212
"2380",2000,188,0.609930175728121
"2381",2000,189,0.620720968825388
"2382",2000,190,0.633340146052763
"2383",2000,191,0.642619854107456
"2384",2000,192,0.640117479834804
"2385",2000,193,0.624542268837556
"2386",2000,194,0.646105626197682
"2387",2000,195,0.68746467340296
"2388",2000,196,0.732863153171594
"2389",2000,197,0.622810424235703
"2390",2000,198,0.589606526494077
"2391",2000,199,0.582924708796822
"2392",2000,200,0.587187917952832
"2393",2000,201,0.57528749530704
"2394",2000,202,0.602778570354753
"2395",2000,203,0.626633326636659
"2396",2000,204,0.645937702807961
"2397",2000,205,0.689580959362429
"2398",2000,206,0.605148433628736
"2399",2000,207,0.627194348120817
"2400",2000,208,0.680584982454756
"2401",2000,209,0.67704098300206
"2402",2000,210,0.669316136260016
"2403",2000,211,0.666104381374168
"2404",2000,212,0.669131839387615
"2405",2000,213,0.638716675317251
"2406",2000,214,0.659902403698724
"2407",2000,215,0.613243418733949
"2408",2000,216,0.601455587684704
"2409",2000,217,0.623027255214745
"2410",2000,218,0.611949215612048
"2411",2000,219,0.601680152219882
"2412",2000,220,0.58718553575658
"2413",2000,221,0.585050255798789
"2414",2000,222,0.619116023800506
"2415",2000,223,0.648640415348653
"2416",2000,224,0.605074080928982
"2417",2000,225,0.557735027429937
"2418",2000,226,0.58170740029567
"2419",2000,227,0.525176399207737
"2420",2000,228,0.529535775391165
"2421",2000,229,0.539956989497489
"2422",2000,230,0.513621982979417
"2423",2000,231,0.554260960490711
"2424",2000,232,0.567936559382584
"2425",2000,233,0.515133535680836
"2426",2000,234,0.493210046850942
"2427",2000,235,0.510330322962638
"2428",2000,236,0.576706171968932
"2429",2000,237,0.536759702789204
"2430",2000,238,0.562096426742235
"2431",2000,239,0.567348324817538
"2432",2000,240,0.459153903131436
"2433",2000,241,0.439442976050007
"2434",2000,242,0.433958885627921
"2435",2000,243,0.38383924717078
"2436",2000,244,0.402866899997823
"2437",2000,245,0.427079958987849
"2438",2000,246,0.379392076653995
"2439",2000,247,0.424612797850571
"2440",2000,248,0.403568700174717
"2441",2000,249,0.437766215293408
"2442",2000,250,0.396996091422036
"2443",2000,251,0.401262790628414
"2444",2000,252,0.432743678090194
"2445",2000,253,0.381664628270998
"2446",2000,254,0.351185742976859
"2447",2000,255,0.333077163126114
"2448",2000,256,0.357827551529208
"2449",2000,257,0.363129952966992
"2450",2000,258,0.36717432543359
"2451",2000,259,0.430109975792249
"2452",2000,260,0.391981052817732
"2453",2000,261,0.418322149006577
"2454",2000,262,0.344830951895069
"2455",2000,263,0.304035941351438
"2456",2000,264,0.278081941160842
"2457",2000,265,0.222709371641179
"2458",2000,266,0.217004174342571
"2459",2000,267,0.229110443799705
"2460",2000,268,0.270675591985953
"2461",2000,269,0.293206679245204
"2462",2000,270,0.272633658535847
"2463",2000,271,0.278622764281803
"2464",2000,272,0.294822311695619
"2465",2000,273,0.278778586810675
"2466",2000,274,0.280327182846934
"2467",2000,275,0.216090086890892
"2468",2000,276,0.191282346643141
"2469",2000,277,0.167927867780878
"2470",2000,278,0.147619949689318
"2471",2000,279,0.138141330402099
"2472",2000,280,0.133505726542623
"2473",2000,281,0.158313624790816
"2474",2000,282,0.204363761823039
"2475",2000,283,0.223587163357756
"2476",2000,284,0.203304520108216
"2477",2000,285,0.186217228439835
"2478",2000,286,0.168991746835509
"2479",2000,287,0.163781292286255
"2480",2000,288,0.165612505825417
"2481",2000,289,0.160690319980743
"2482",2000,290,0.162324144558432
"2483",2000,291,0.169648399902024
"2484",2000,292,0.192153590458756
"2485",2000,293,0.155583778184376
"2486",2000,294,0.144105193840861
"2487",2000,295,0.158881615657676
"2488",2000,296,0.128140511303102
"2489",2000,297,0.149669096252131
"2490",2000,298,0.140110476699416
"2491",2000,299,0.127628502544292
"2492",2000,300,0.123633265628485
"2493",2000,301,0.113586848678829
"2494",2000,302,0.142393046508147
"2495",2000,303,0.128626932428257
"2496",2000,304,0.109499210737013
"2497",2000,305,0.0975429149553382
"2498",2000,306,0.086369936613346
"2499",2000,307,0.0928546899732252
"2500",2000,308,0.0972586755218887
"2501",2000,309,0.118006979462184
"2502",2000,310,0.0687520272606744
"2503",2000,311,0.0511917398121566
"2504",2000,312,0.0407204790760584
"2505",2000,313,0.0370251444358971
"2506",2000,314,0.043559434547065
"2507",2000,315,0.0497192948110709
"2508",2000,316,0.0438377642079917
"2509",2000,317,0.0399284696768392
"2510",2000,318,0.0449634773230042
"2511",2000,319,0.0512964807333358
"2512",2000,320,0.041496318891047
"2513",2000,321,0.0435969539225516
"2514",2000,322,0.0530106535765222
"2515",2000,323,0.0564985979655891
"2516",2000,324,0.0480699859629495
"2517",2000,325,0.0407719060374128
"2518",2000,326,0.0443223172333745
"2519",2000,327,0.0514294410944171
"2520",2000,328,0.0637205281407448
"2521",2000,329,0.0630907297846647
"2522",2000,330,0.0595766809649818
"2523",2000,331,0.0620662804901283
"2524",2000,332,0.0517270338243537
"2525",2000,333,0.0416386761185543
"2526",2000,334,0.0354803014013794
"2527",2000,335,0.0351715069011393
"2528",2000,336,0.0342752226742919
"2529",2000,337,0.0481192600177774
"2530",2000,338,0.0475049472641469
"2531",2000,339,0.0273269012532326
"2532",2000,340,0.0344877377398137
"2533",2000,341,0.0458722579867179
"2534",2000,342,0.0445049264613613
"2535",2000,343,0.0338929954985896
"2536",2000,344,0.0129621821381857
"2537",2000,345,0.0101581303725451
"2538",2000,346,0.0123028386942415
"2539",2000,347,0.0110336896148981
"2540",2000,348,0.012136654666307
"2541",2000,349,0.0112943525800951
"2542",2000,350,0.0127867240271975
"2543",2000,351,0.0124229890454984
"2544",2000,352,0.0174364489475442
"2545",2000,353,0.0204140679976726
"2546",2000,354,0.0306115470497842
"2547",2000,355,0.0119264960969989
"2548",2000,356,0.0119454702304266
"2549",2000,357,0.0145513902567104
"2550",2000,358,0.0115316215512316
"2551",2000,359,0.0144052272326652
"2552",2000,360,0.0207475375665058
"2553",2000,361,0.0287008324486815
"2554",2000,362,0.0319904410055872
"2555",2000,363,0.0349555844878416
"2556",2000,364,0.0278917997877891
"2557",2000,365,0.0195306504586764
"2558",2001,1,0.0335083902007743
"2559",2001,2,0.0388354079400621
"2560",2001,3,0.0493458641571725
"2561",2001,4,0.0564510192982279
"2562",2001,5,0.050955511830712
"2563",2001,6,0.0580120262411839
"2564",2001,7,0.0456409360624279
"2565",2001,8,0.0483087876188034
"2566",2001,9,0.0560743441216396
"2567",2001,10,0.0447923961816828
"2568",2001,11,0.039673508158113
"2569",2001,12,0.0378477206277074
"2570",2001,13,0.035054996783467
"2571",2001,14,0.0356056674593703
"2572",2001,15,0.0366773428217294
"2573",2001,16,0.0415397752116237
"2574",2001,17,0.0540187042318528
"2575",2001,18,0.046758855550145
"2576",2001,19,0.0451546342597145
"2577",2001,20,0.0492825212512737
"2578",2001,21,0.0544300068689112
"2579",2001,22,0.0556227187214035
"2580",2001,23,0.0442901621948222
"2581",2001,24,0.0486782256458579
"2582",2001,25,0.0497381795570368
"2583",2001,26,0.0455409214775511
"2584",2001,27,0.0556022948613379
"2585",2001,28,0.0621913054920965
"2586",2001,29,0.065850202093977
"2587",2001,30,0.0720784002114442
"2588",2001,31,0.0460860988826632
"2589",2001,32,0.0408055620509744
"2590",2001,33,0.0839776110548837
"2591",2001,34,0.089248812380479
"2592",2001,35,0.0757192294864168
"2593",2001,36,0.0642595009122374
"2594",2001,37,0.0482559309305514
"2595",2001,38,0.0349886868131877
"2596",2001,39,0.0307101135383577
"2597",2001,40,0.0267663473488937
"2598",2001,41,0.0362521381803637
"2599",2001,42,0.0350382790402193
"2600",2001,43,0.0415403719520769
"2601",2001,44,0.0471460385177194
"2602",2001,45,0.0602233501747065
"2603",2001,46,0.0467117856676011
"2604",2001,47,0.0354985702112251
"2605",2001,48,0.0409782232531671
"2606",2001,49,0.0532985697881556
"2607",2001,50,0.0542900734161165
"2608",2001,51,0.0485768483948048
"2609",2001,52,0.0642884022205652
"2610",2001,53,0.0602277422303906
"2611",2001,54,0.0760042608442665
"2612",2001,55,0.0680559545252943
"2613",2001,56,0.0410513392121882
"2614",2001,57,0.0317893451072832
"2615",2001,58,0.0607231671540993
"2616",2001,59,0.130664722922802
"2617",2001,60,0.142562722028564
"2618",2001,61,0.143501047158508
"2619",2001,62,0.134760275024786
"2620",2001,63,0.116266416576162
"2621",2001,64,0.138798310307234
"2622",2001,65,0.151465755661929
"2623",2001,66,0.150101749348808
"2624",2001,67,0.1776922283954
"2625",2001,68,0.158736789536503
"2626",2001,69,0.14794691679831
"2627",2001,70,0.172409501499314
"2628",2001,71,0.191135146606423
"2629",2001,72,0.191603011522026
"2630",2001,73,0.178846026703578
"2631",2001,74,0.178528186483205
"2632",2001,75,0.199743883271564
"2633",2001,76,0.209715230988539
"2634",2001,77,0.207007914686787
"2635",2001,78,0.249438766529842
"2636",2001,79,0.208532363921125
"2637",2001,80,0.152124857385583
"2638",2001,81,0.13949509528371
"2639",2001,82,0.100171266616671
"2640",2001,83,0.112446237655248
"2641",2001,84,0.159300710942063
"2642",2001,85,0.221178011446613
"2643",2001,86,0.247554709331079
"2644",2001,87,0.249498717105458
"2645",2001,88,0.241899122907569
"2646",2001,89,0.223230840873282
"2647",2001,90,0.215052653522384
"2648",2001,91,0.254316648657008
"2649",2001,92,0.253755255495449
"2650",2001,93,0.222825185913875
"2651",2001,94,0.255032849505791
"2652",2001,95,0.277262293905415
"2653",2001,96,0.312552727569793
"2654",2001,97,0.310495107131867
"2655",2001,98,0.288467485168567
"2656",2001,99,0.276123382307665
"2657",2001,100,0.293856044041767
"2658",2001,101,0.269859267919112
"2659",2001,102,0.272980814942971
"2660",2001,103,0.311607410048389
"2661",2001,104,0.269221381296995
"2662",2001,105,0.212320658501547
"2663",2001,106,0.247493029408346
"2664",2001,107,0.344146528805726
"2665",2001,108,0.384507826253746
"2666",2001,109,0.370588042622827
"2667",2001,110,0.292259087020642
"2668",2001,111,0.246092939668127
"2669",2001,112,0.339629829197376
"2670",2001,113,0.35516527854305
"2671",2001,114,0.416115614205685
"2672",2001,115,0.441819586520925
"2673",2001,116,0.438526220914112
"2674",2001,117,0.502701492655972
"2675",2001,118,0.533378807619118
"2676",2001,119,0.44051358834241
"2677",2001,120,0.432398460663024
"2678",2001,121,0.428496180196558
"2679",2001,122,0.401558721547792
"2680",2001,123,0.407192141324059
"2681",2001,124,0.483951172529143
"2682",2001,125,0.48938422907151
"2683",2001,126,0.40371769670559
"2684",2001,127,0.411950215835345
"2685",2001,128,0.451559295049009
"2686",2001,129,0.445943094389952
"2687",2001,130,0.415854445310098
"2688",2001,131,0.442681739072102
"2689",2001,132,0.515040046276954
"2690",2001,133,0.596072896862526
"2691",2001,134,0.550797396629964
"2692",2001,135,0.515652756375371
"2693",2001,136,0.465869875131864
"2694",2001,137,0.489523372431239
"2695",2001,138,0.486081298649978
"2696",2001,139,0.459574192979073
"2697",2001,140,0.412742646098115
"2698",2001,141,0.440638031099986
"2699",2001,142,0.4911103448095
"2700",2001,143,0.50737040743957
"2701",2001,144,0.545397816046508
"2702",2001,145,0.565163429864347
"2703",2001,146,0.532932930988857
"2704",2001,147,0.544003963703422
"2705",2001,148,0.586649054936897
"2706",2001,149,0.527398503646549
"2707",2001,150,0.492100105706319
"2708",2001,151,0.484489962267847
"2709",2001,152,0.508435617444966
"2710",2001,153,0.536035299166834
"2711",2001,154,0.53925685294806
"2712",2001,155,0.551527165070364
"2713",2001,156,0.525634144759744
"2714",2001,157,0.530039115575972
"2715",2001,158,0.550382156980315
"2716",2001,159,0.568992645873686
"2717",2001,160,0.587274903354992
"2718",2001,161,0.581976849098669
"2719",2001,162,0.540516863159392
"2720",2001,163,0.517082219633071
"2721",2001,164,0.525651477821948
"2722",2001,165,0.554834611412315
"2723",2001,166,0.555734904848155
"2724",2001,167,0.549248245806811
"2725",2001,168,0.559495302518904
"2726",2001,169,0.548343973793264
"2727",2001,170,0.56174739086467
"2728",2001,171,0.567463407362942
"2729",2001,172,0.645040713124593
"2730",2001,173,0.687924231246264
"2731",2001,174,0.635841148824468
"2732",2001,175,0.655710077245799
"2733",2001,176,0.607210598220459
"2734",2001,177,0.522342236078242
"2735",2001,178,0.588169361016266
"2736",2001,179,0.672071265915234
"2737",2001,180,0.615300964747851
"2738",2001,181,0.571428420423557
"2739",2001,182,0.623364032418156
"2740",2001,183,0.626680962799916
"2741",2001,184,0.637935123665202
"2742",2001,185,0.648108315619658
"2743",2001,186,0.73363239266557
"2744",2001,187,0.628401368822358
"2745",2001,188,0.669187983640741
"2746",2001,189,0.682032750744132
"2747",2001,190,0.688661718081745
"2748",2001,191,0.651005152844599
"2749",2001,192,0.627220012895017
"2750",2001,193,0.641962866392029
"2751",2001,194,0.652150747255071
"2752",2001,195,0.683334417303017
"2753",2001,196,0.684080244661997
"2754",2001,197,0.670287636895815
"2755",2001,198,0.665432867266811
"2756",2001,199,0.664476920315224
"2757",2001,200,0.613678388836498
"2758",2001,201,0.619239959989672
"2759",2001,202,0.67454177468995
"2760",2001,203,0.633452449033939
"2761",2001,204,0.583053527306601
"2762",2001,205,0.626920461655974
"2763",2001,206,0.597601342364347
"2764",2001,207,0.590196523529142
"2765",2001,208,0.632932422668891
"2766",2001,209,0.698687552382227
"2767",2001,210,0.601650999947723
"2768",2001,211,0.599061941656537
"2769",2001,212,0.550937185007936
"2770",2001,213,0.596695255536271
"2771",2001,214,0.655204038929202
"2772",2001,215,0.688645762551887
"2773",2001,216,0.718284065316193
"2774",2001,217,0.642347821315674
"2775",2001,218,0.661803611114909
"2776",2001,219,0.686024304028049
"2777",2001,220,0.56360164068239
"2778",2001,221,0.52349388857131
"2779",2001,222,0.578460976089627
"2780",2001,223,0.593055364800727
"2781",2001,224,0.588263509227021
"2782",2001,225,0.638122793769835
"2783",2001,226,0.632593708836607
"2784",2001,227,0.562512988338319
"2785",2001,228,0.610212372540099
"2786",2001,229,0.568200520870661
"2787",2001,230,0.6105912180785
"2788",2001,231,0.588897932042507
"2789",2001,232,0.552337252539614
"2790",2001,233,0.531938907982345
"2791",2001,234,0.578126136978029
"2792",2001,235,0.608352402364783
"2793",2001,236,0.540227963282343
"2794",2001,237,0.49071590192078
"2795",2001,238,0.500936365579097
"2796",2001,239,0.533503677215159
"2797",2001,240,0.52467244030671
"2798",2001,241,0.47886651562681
"2799",2001,242,0.456639599161051
"2800",2001,243,0.519846279650534
"2801",2001,244,0.511735140128664
"2802",2001,245,0.452966999530744
"2803",2001,246,0.498029506383966
"2804",2001,247,0.470284471310228
"2805",2001,248,0.44021881268106
"2806",2001,249,0.403388511600445
"2807",2001,250,0.366176912000922
"2808",2001,251,0.380128713783067
"2809",2001,252,0.366742166882362
"2810",2001,253,0.344923913553925
"2811",2001,254,0.354281695272944
"2812",2001,255,0.348468363435332
"2813",2001,256,0.373912133377343
"2814",2001,257,0.363519319256875
"2815",2001,258,0.373621728437204
"2816",2001,259,0.368092120287714
"2817",2001,260,0.359081273700084
"2818",2001,261,0.365665526741914
"2819",2001,262,0.351780231166273
"2820",2001,263,0.325381267614214
"2821",2001,264,0.336384290476187
"2822",2001,265,0.296732077219319
"2823",2001,266,0.317110593384029
"2824",2001,267,0.362482499346308
"2825",2001,268,0.3782119293056
"2826",2001,269,0.352621887790577
"2827",2001,270,0.331301025925485
"2828",2001,271,0.305684411358336
"2829",2001,272,0.279377456816804
"2830",2001,273,0.284154302787596
"2831",2001,274,0.2615950856273
"2832",2001,275,0.225643645444285
"2833",2001,276,0.212510873232006
"2834",2001,277,0.177898248798089
"2835",2001,278,0.170831112211426
"2836",2001,279,0.207159273526451
"2837",2001,280,0.216976250129783
"2838",2001,281,0.203632586088383
"2839",2001,282,0.193306560076696
"2840",2001,283,0.181182991851126
"2841",2001,284,0.183811436107412
"2842",2001,285,0.168051065063599
"2843",2001,286,0.165505137348075
"2844",2001,287,0.142558427660141
"2845",2001,288,0.134981942456215
"2846",2001,289,0.154844207432877
"2847",2001,290,0.159981346861314
"2848",2001,291,0.138206483269991
"2849",2001,292,0.150772220810163
"2850",2001,293,0.12980710146281
"2851",2001,294,0.119312605508235
"2852",2001,295,0.106967275559736
"2853",2001,296,0.0963416119117805
"2854",2001,297,0.0818521355225909
"2855",2001,298,0.0795395857508534
"2856",2001,299,0.0862693750509577
"2857",2001,300,0.13490125157865
"2858",2001,301,0.108189510462696
"2859",2001,302,0.105697136624102
"2860",2001,303,0.122532396384878
"2861",2001,304,0.129825778249715
"2862",2001,305,0.109721535466528
"2863",2001,306,0.104491473049413
"2864",2001,307,0.104981408902223
"2865",2001,308,0.126537558074685
"2866",2001,309,0.106708982402429
"2867",2001,310,0.0845710426939857
"2868",2001,311,0.0828593576418203
"2869",2001,312,0.0891579258714588
"2870",2001,313,0.0992450221358862
"2871",2001,314,0.091603335188971
"2872",2001,315,0.0861122569994206
"2873",2001,316,0.0903596432487604
"2874",2001,317,0.100041462127901
"2875",2001,318,0.100366802443652
"2876",2001,319,0.0955197121142701
"2877",2001,320,0.105670658999096
"2878",2001,321,0.0827431635475
"2879",2001,322,0.0591834106539873
"2880",2001,323,0.0701566210503612
"2881",2001,324,0.0854050417013
"2882",2001,325,0.0660777126511765
"2883",2001,326,0.0544181988595914
"2884",2001,327,0.0492024637124739
"2885",2001,328,0.04996813398645
"2886",2001,329,0.0387635356064987
"2887",2001,330,0.036057727241359
"2888",2001,331,0.0288950770561021
"2889",2001,332,0.0273445431677675
"2890",2001,333,0.0310825462564297
"2891",2001,334,0.0312971271098344
"2892",2001,335,0.0314257706489369
"2893",2001,336,0.0440755173300232
"2894",2001,337,0.0327780281469657
"2895",2001,338,0.0235597608645176
"2896",2001,339,0.0249777238036834
"2897",2001,340,0.0236129567108469
"2898",2001,341,0.0285392780939143
"2899",2001,342,0.0401947933287789
"2900",2001,343,0.0438350991082538
"2901",2001,344,0.031582204253265
"2902",2001,345,0.0227058879461416
"2903",2001,346,0.0253821038273171
"2904",2001,347,0.0331275471848567
"2905",2001,348,0.0426921020122206
"2906",2001,349,0.0355162944714413
"2907",2001,350,0.04042761305403
"2908",2001,351,0.0550929713202176
"2909",2001,352,0.0362198086526651
"2910",2001,353,0.0371826922896598
"2911",2001,354,0.0294519267482909
"2912",2001,355,0.0300881405651669
"2913",2001,356,0.0238290266333288
"2914",2001,357,0.0216866988615675
"2915",2001,358,0.0269701731085449
"2916",2001,359,0.0307548139301641
"2917",2001,360,0.0332779139121207
"2918",2001,361,0.0262462332484645
"2919",2001,362,0.0203591595561484
"2920",2001,363,0.0210885056469002
"2921",2001,364,0.0178176880224309
"2922",2001,365,0.0138165847258586
"2923",2002,1,0.0185399177424555
"2924",2002,2,0.0301251585402176
"2925",2002,3,0.0329702259391267
"2926",2002,4,0.0446009496923176
"2927",2002,5,0.0408441504133858
"2928",2002,6,0.0445447110892373
"2929",2002,7,0.0677283250607486
"2930",2002,8,0.0776543752413567
"2931",2002,9,0.062915750732503
"2932",2002,10,0.0604532795845021
"2933",2002,11,0.0570285688902624
"2934",2002,12,0.0574962697835581
"2935",2002,13,0.0571217618566286
"2936",2002,14,0.0457243965265211
"2937",2002,15,0.0422068662491942
"2938",2002,16,0.0347521673262638
"2939",2002,17,0.030195146244233
"2940",2002,18,0.0396853251322053
"2941",2002,19,0.0458934062317473
"2942",2002,20,0.0492174553303303
"2943",2002,21,0.0309486875871097
"2944",2002,22,0.0207639864567049
"2945",2002,23,0.0208557708868323
"2946",2002,24,0.0423442646743178
"2947",2002,25,0.0385321873974435
"2948",2002,26,0.0262558607520633
"2949",2002,27,0.0185887135835534
"2950",2002,28,0.0146888254058832
"2951",2002,29,0.023799014296436
"2952",2002,30,0.0239522692040785
"2953",2002,31,0.0285109663408177
"2954",2002,32,0.0461887878512863
"2955",2002,33,0.0531355981396904
"2956",2002,34,0.0591732144097033
"2957",2002,35,0.0808733317243913
"2958",2002,36,0.0896309120241121
"2959",2002,37,0.105229902926686
"2960",2002,38,0.0956499624680383
"2961",2002,39,0.0722086951495892
"2962",2002,40,0.0839750754128844
"2963",2002,41,0.105013056920287
"2964",2002,42,0.110384523749374
"2965",2002,43,0.101169654347462
"2966",2002,44,0.115936278584529
"2967",2002,45,0.098595604871113
"2968",2002,46,0.125775581635999
"2969",2002,47,0.134504895978982
"2970",2002,48,0.153119709247908
"2971",2002,49,0.120996447282008
"2972",2002,50,0.127595632189758
"2973",2002,51,0.14230981595526
"2974",2002,52,0.131799337752314
"2975",2002,53,0.151239728599675
"2976",2002,54,0.0730536528858533
"2977",2002,55,0.0578076747482491
"2978",2002,56,0.0460490033772318
"2979",2002,57,0.0666731138310263
"2980",2002,58,0.0959459020080573
"2981",2002,59,0.0533653364511574
"2982",2002,60,0.0507399193889505
"2983",2002,61,0.0533741482197417
"2984",2002,62,0.0867050406494488
"2985",2002,63,0.110493584723018
"2986",2002,64,0.0611477054073686
"2987",2002,65,0.0354814929804422
"2988",2002,66,0.0536799325239086
"2989",2002,67,0.0407691962073494
"2990",2002,68,0.0358296862453802
"2991",2002,69,0.054367074717598
"2992",2002,70,0.0821760162801354
"2993",2002,71,0.101521742725034
"2994",2002,72,0.0817228004278578
"2995",2002,73,0.110695364115197
"2996",2002,74,0.101678582236926
"2997",2002,75,0.0933158913898717
"2998",2002,76,0.0861742492680666
"2999",2002,77,0.074108745764566
"3000",2002,78,0.061752416887978
"3001",2002,79,0.055084901551197
"3002",2002,80,0.0629420447013194
"3003",2002,81,0.079077647104961
"3004",2002,82,0.0989130589813577
"3005",2002,83,0.124019135299626
"3006",2002,84,0.150268631407783
"3007",2002,85,0.195894676928419
"3008",2002,86,0.215962227476832
"3009",2002,87,0.209415752074452
"3010",2002,88,0.207417979918759
"3011",2002,89,0.176657676286914
"3012",2002,90,0.16952547101525
"3013",2002,91,0.151105241114756
"3014",2002,92,0.11585248208925
"3015",2002,93,0.121932324876911
"3016",2002,94,0.15256630209226
"3017",2002,95,0.188174724795266
"3018",2002,96,0.219954101260311
"3019",2002,97,0.193657399795239
"3020",2002,98,0.181717188236881
"3021",2002,99,0.228658985921668
"3022",2002,100,0.283199443398802
"3023",2002,101,0.324906082830945
"3024",2002,102,0.3400912416118
"3025",2002,103,0.376042292174192
"3026",2002,104,0.392358739354954
"3027",2002,105,0.343329295291124
"3028",2002,106,0.319174084331187
"3029",2002,107,0.301619401238191
"3030",2002,108,0.278265821348519
"3031",2002,109,0.278638135654094
"3032",2002,110,0.307284724818822
"3033",2002,111,0.351416197761187
"3034",2002,112,0.393219303107163
"3035",2002,113,0.293295310876216
"3036",2002,114,0.261565761189782
"3037",2002,115,0.247825062841679
"3038",2002,116,0.313656561286928
"3039",2002,117,0.314674806224013
"3040",2002,118,0.376485566931176
"3041",2002,119,0.365803825888182
"3042",2002,120,0.325227420987911
"3043",2002,121,0.288587702675615
"3044",2002,122,0.421829123153847
"3045",2002,123,0.320437817785573
"3046",2002,124,0.31309008143244
"3047",2002,125,0.336238381557878
"3048",2002,126,0.3325017321611
"3049",2002,127,0.32184682741565
"3050",2002,128,0.360701738213053
"3051",2002,129,0.374508161001523
"3052",2002,130,0.389084624515561
"3053",2002,131,0.426327812425128
"3054",2002,132,0.44031264652468
"3055",2002,133,0.490563841704947
"3056",2002,134,0.538521945677248
"3057",2002,135,0.382257623983983
"3058",2002,136,0.372701854180273
"3059",2002,137,0.42081650036663
"3060",2002,138,0.476282528465475
"3061",2002,139,0.510044186802176
"3062",2002,140,0.538542982677251
"3063",2002,141,0.563097085362281
"3064",2002,142,0.372694352545535
"3065",2002,143,0.370304593161426
"3066",2002,144,0.440327641320869
"3067",2002,145,0.456027181149864
"3068",2002,146,0.500710847901977
"3069",2002,147,0.559336336496024
"3070",2002,148,0.589913359588882
"3071",2002,149,0.594466630794092
"3072",2002,150,0.590344921264066
"3073",2002,151,0.5664952485528
"3074",2002,152,0.560791178616976
"3075",2002,153,0.51678400071497
"3076",2002,154,0.491887179331707
"3077",2002,155,0.525525793216557
"3078",2002,156,0.601856704197531
"3079",2002,157,0.549283756681524
"3080",2002,158,0.524006642227024
"3081",2002,159,0.514938047222868
"3082",2002,160,0.479797683017128
"3083",2002,161,0.457011251485161
"3084",2002,162,0.46003847143694
"3085",2002,163,0.516086742877236
"3086",2002,164,0.56583976333374
"3087",2002,165,0.579305761277564
"3088",2002,166,0.587465144935062
"3089",2002,167,0.637919947555403
"3090",2002,168,0.645156851237122
"3091",2002,169,0.553335471407466
"3092",2002,170,0.545104873116033
"3093",2002,171,0.581215792924567
"3094",2002,172,0.629626070988572
"3095",2002,173,0.660406239978269
"3096",2002,174,0.645003701467649
"3097",2002,175,0.655741265612547
"3098",2002,176,0.648582912004034
"3099",2002,177,0.705074811693908
"3100",2002,178,0.740712127844853
"3101",2002,179,0.724894776179456
"3102",2002,180,0.65362316178033
"3103",2002,181,0.629338969118477
"3104",2002,182,0.593634986708445
"3105",2002,183,0.599417713885161
"3106",2002,184,0.598051932736677
"3107",2002,185,0.6656655077696
"3108",2002,186,0.619773513859585
"3109",2002,187,0.618676497891445
"3110",2002,188,0.672423218030837
"3111",2002,189,0.660103107690028
"3112",2002,190,0.60277868583511
"3113",2002,191,0.634001056552031
"3114",2002,192,0.67896448010651
"3115",2002,193,0.715516905863323
"3116",2002,194,0.718460216536939
"3117",2002,195,0.74778214971801
"3118",2002,196,0.691201556957372
"3119",2002,197,0.703229862763303
"3120",2002,198,0.709533383646167
"3121",2002,199,0.736489516946371
"3122",2002,200,0.706864438081069
"3123",2002,201,0.658890181153409
"3124",2002,202,0.596646002623705
"3125",2002,203,0.579950269596785
"3126",2002,204,0.620736938624287
"3127",2002,205,0.664825456344839
"3128",2002,206,0.675101135161227
"3129",2002,207,0.700702016854
"3130",2002,208,0.62018984285566
"3131",2002,209,0.597810298395506
"3132",2002,210,0.567146390346914
"3133",2002,211,0.563527139551306
"3134",2002,212,0.511323958313574
"3135",2002,213,0.508086877379494
"3136",2002,214,0.483983759248368
"3137",2002,215,0.485178549407403
"3138",2002,216,0.469730688338085
"3139",2002,217,0.553843846697098
"3140",2002,218,0.595590970995529
"3141",2002,219,0.599997070155468
"3142",2002,220,0.572237632015322
"3143",2002,221,0.584344889149486
"3144",2002,222,0.573993474547517
"3145",2002,223,0.511505991452079
"3146",2002,224,0.529466806393898
"3147",2002,225,0.56632124972206
"3148",2002,226,0.526110011375888
"3149",2002,227,0.515770854856027
"3150",2002,228,0.452157597368538
"3151",2002,229,0.462986465742507
"3152",2002,230,0.500267603066422
"3153",2002,231,0.530772625819736
"3154",2002,232,0.490549992218732
"3155",2002,233,0.518253930636503
"3156",2002,234,0.563586000987278
"3157",2002,235,0.547419472896949
"3158",2002,236,0.55687333415937
"3159",2002,237,0.548208504167098
"3160",2002,238,0.511789644265215
"3161",2002,239,0.512952643240151
"3162",2002,240,0.511757534472461
"3163",2002,241,0.526307133856477
"3164",2002,242,0.50840478486292
"3165",2002,243,0.47929932625622
"3166",2002,244,0.463117909951462
"3167",2002,245,0.43688935196004
"3168",2002,246,0.485054476770489
"3169",2002,247,0.462859270887838
"3170",2002,248,0.409567969326695
"3171",2002,249,0.386935099875697
"3172",2002,250,0.394475659940799
"3173",2002,251,0.39742577654892
"3174",2002,252,0.393431261512867
"3175",2002,253,0.410708421557592
"3176",2002,254,0.419979102032457
"3177",2002,255,0.405954634790394
"3178",2002,256,0.392571612454298
"3179",2002,257,0.349474861848382
"3180",2002,258,0.426157155228225
"3181",2002,259,0.439626519873119
"3182",2002,260,0.3630002209802
"3183",2002,261,0.342096445237055
"3184",2002,262,0.364432075867415
"3185",2002,263,0.293435375556875
"3186",2002,264,0.277854235951425
"3187",2002,265,0.258484755244536
"3188",2002,266,0.246759914077503
"3189",2002,267,0.25275837711455
"3190",2002,268,0.248086422315061
"3191",2002,269,0.240589549965414
"3192",2002,270,0.211569398053358
"3193",2002,271,0.242778922457798
"3194",2002,272,0.278844897460029
"3195",2002,273,0.217416365885154
"3196",2002,274,0.208504863544984
"3197",2002,275,0.217082291503462
"3198",2002,276,0.219489204059426
"3199",2002,277,0.186374027858935
"3200",2002,278,0.163482353121039
"3201",2002,279,0.175554209549392
"3202",2002,280,0.208247108692635
"3203",2002,281,0.183057455041193
"3204",2002,282,0.202540988893756
"3205",2002,283,0.183540894385617
"3206",2002,284,0.145900667521325
"3207",2002,285,0.133502306622123
"3208",2002,286,0.159670509215874
"3209",2002,287,0.160632989560427
"3210",2002,288,0.138420710381285
"3211",2002,289,0.143527270047299
"3212",2002,290,0.159257994313559
"3213",2002,291,0.120006984886246
"3214",2002,292,0.124964167575638
"3215",2002,293,0.1062420109095
"3216",2002,294,0.0985440600532437
"3217",2002,295,0.0859968572757514
"3218",2002,296,0.0841663571543358
"3219",2002,297,0.101627182835437
"3220",2002,298,0.0924938321061404
"3221",2002,299,0.0915402980490545
"3222",2002,300,0.0918003991982246
"3223",2002,301,0.0776240143947248
"3224",2002,302,0.0587672162253255
"3225",2002,303,0.0573168561735181
"3226",2002,304,0.0578397024792765
"3227",2002,305,0.072493593511666
"3228",2002,306,0.0757916633252754
"3229",2002,307,0.0798771188287832
"3230",2002,308,0.0765064428618223
"3231",2002,309,0.0859642870077071
"3232",2002,310,0.0869028964819009
"3233",2002,311,0.096119196966089
"3234",2002,312,0.0743953164712319
"3235",2002,313,0.0527402003492064
"3236",2002,314,0.0527757995438766
"3237",2002,315,0.0541040702360077
"3238",2002,316,0.0533177899884749
"3239",2002,317,0.0561117025063793
"3240",2002,318,0.0566305423492733
"3241",2002,319,0.0637927504749989
"3242",2002,320,0.0624877617087449
"3243",2002,321,0.0740039625857264
"3244",2002,322,0.0702147286803603
"3245",2002,323,0.0711941782694267
"3246",2002,324,0.0780806184711904
"3247",2002,325,0.0730712123460743
"3248",2002,326,0.0730528303385897
"3249",2002,327,0.0457480292013358
"3250",2002,328,0.0376194683609459
"3251",2002,329,0.0389354250365378
"3252",2002,330,0.0415460408443193
"3253",2002,331,0.0524896593804949
"3254",2002,332,0.0699274428038969
"3255",2002,333,0.0587520292881056
"3256",2002,334,0.0519390213424564
"3257",2002,335,0.059612235132921
"3258",2002,336,0.0405813866098842
"3259",2002,337,0.0184716028806625
"3260",2002,338,0.0226419114972532
"3261",2002,339,0.0347543314307326
"3262",2002,340,0.0403539487246425
"3263",2002,341,0.0352530261679803
"3264",2002,342,0.0392223116386804
"3265",2002,343,0.0517466592217199
"3266",2002,344,0.0554632812209886
"3267",2002,345,0.054769416666744
"3268",2002,346,0.0453444363353805
"3269",2002,347,0.0589124236909091
"3270",2002,348,0.057300667833131
"3271",2002,349,0.0628119174861711
"3272",2002,350,0.0549404906734679
"3273",2002,351,0.052861084145868
"3274",2002,352,0.0422125442369622
"3275",2002,353,0.0356747767343906
"3276",2002,354,0.0286550919562347
"3277",2002,355,0.0289496775002869
"3278",2002,356,0.025645436475256
"3279",2002,357,0.0216892077258511
"3280",2002,358,0.0248785392870088
"3281",2002,359,0.0331426260734442
"3282",2002,360,0.0434921003414548
"3283",2002,361,0.0360450911685854
"3284",2002,362,0.0384872211596342
"3285",2002,363,0.0383248204024033
"3286",2002,364,0.025116726468851
"3287",2002,365,0.0296124879309276
"3288",2002,366,0.0242598162181279
"3289",2003,1,0.0346059579510354
"3290",2003,2,0.0481713954275724
"3291",2003,3,0.0586792807602839
"3292",2003,4,0.049039364209201
"3293",2003,5,0.0436163404187686
"3294",2003,6,0.0496029567108419
"3295",2003,7,0.0694725416942515
"3296",2003,8,0.059399218379007
"3297",2003,9,0.0310607775098633
"3298",2003,10,0.0235527081778634
"3299",2003,11,0.0267280746461683
"3300",2003,12,0.0200286875404522
"3301",2003,13,0.0196271170134395
"3302",2003,14,0.0152427440907237
"3303",2003,15,0.0237165905037718
"3304",2003,16,0.0271754709454728
"3305",2003,17,0.0388127139808217
"3306",2003,18,0.0438564214868597
"3307",2003,19,0.0436134531136716
"3308",2003,20,0.0243803092073863
"3309",2003,21,0.0166122716290415
"3310",2003,22,0.0120984354758255
"3311",2003,23,0.0197175492342127
"3312",2003,24,0.02343398691981
"3313",2003,25,0.0217577979174143
"3314",2003,26,0.041199732928637
"3315",2003,27,0.0730595197801701
"3316",2003,28,0.0326429534819434
"3317",2003,29,0.0412274205292103
"3318",2003,30,0.0716164407351281
"3319",2003,31,0.0835209056843661
"3320",2003,32,0.0700846766213085
"3321",2003,33,0.0667779697909774
"3322",2003,34,0.0621447789152207
"3323",2003,35,0.060193241303567
"3324",2003,36,0.0599744683001495
"3325",2003,37,0.0569220791321624
"3326",2003,38,0.0754329619165691
"3327",2003,39,0.0501912520297292
"3328",2003,40,0.0543241930487357
"3329",2003,41,0.0654274717059008
"3330",2003,42,0.0578611416585725
"3331",2003,43,0.0817183269717901
"3332",2003,44,0.0758887823697484
"3333",2003,45,0.0632719632854037
"3334",2003,46,0.0775873731251252
"3335",2003,47,0.0974032852152291
"3336",2003,48,0.0718339772360025
"3337",2003,49,0.0658233205012721
"3338",2003,50,0.0910990604584663
"3339",2003,51,0.0452614817442347
"3340",2003,52,0.0280511428233926
"3341",2003,53,0.0318335616647146
"3342",2003,54,0.0231461938720326
"3343",2003,55,0.034304125660161
"3344",2003,56,0.0605036257433174
"3345",2003,57,0.090563069304702
"3346",2003,58,0.0828351152113295
"3347",2003,59,0.07566558993174
"3348",2003,60,0.0468021533053291
"3349",2003,61,0.0627206776612247
"3350",2003,62,0.054409000760194
"3351",2003,63,0.0347119050010816
"3352",2003,64,0.0635909455909257
"3353",2003,65,0.0482473677405426
"3354",2003,66,0.033686559965612
"3355",2003,67,0.0269423729870224
"3356",2003,68,0.0391779335727273
"3357",2003,69,0.0696792120948911
"3358",2003,70,0.074490942585172
"3359",2003,71,0.104852093307034
"3360",2003,72,0.160117011559571
"3361",2003,73,0.202479985337182
"3362",2003,74,0.212058193347408
"3363",2003,75,0.200177684509361
"3364",2003,76,0.220499175314994
"3365",2003,77,0.200143760924818
"3366",2003,78,0.222498598635002
"3367",2003,79,0.219812330088958
"3368",2003,80,0.246147447352147
"3369",2003,81,0.256651692454015
"3370",2003,82,0.248708678126865
"3371",2003,83,0.233943504653771
"3372",2003,84,0.214725331107124
"3373",2003,85,0.220972143282893
"3374",2003,86,0.217411192028868
"3375",2003,87,0.192986229959852
"3376",2003,88,0.237793790993488
"3377",2003,89,0.30206465090629
"3378",2003,90,0.293877474580781
"3379",2003,91,0.217888061585406
"3380",2003,92,0.159798953513273
"3381",2003,93,0.15833733083655
"3382",2003,94,0.171130264119642
"3383",2003,95,0.203627985278918
"3384",2003,96,0.232080426172955
"3385",2003,97,0.248434619743456
"3386",2003,98,0.336058521268489
"3387",2003,99,0.368322068142548
"3388",2003,100,0.329820518870164
"3389",2003,101,0.378533368978901
"3390",2003,102,0.384397174495449
"3391",2003,103,0.315109649933785
"3392",2003,104,0.300105176561439
"3393",2003,105,0.306632718174665
"3394",2003,106,0.331607377108333
"3395",2003,107,0.362948787087368
"3396",2003,108,0.371690766317377
"3397",2003,109,0.390356154019884
"3398",2003,110,0.408979334803129
"3399",2003,111,0.431796220077171
"3400",2003,112,0.450687366513447
"3401",2003,113,0.460306405609765
"3402",2003,114,0.438359138320244
"3403",2003,115,0.45093178762478
"3404",2003,116,0.401061815297236
"3405",2003,117,0.350973496627969
"3406",2003,118,0.3577222475179
"3407",2003,119,0.367685424405616
"3408",2003,120,0.401678292629305
"3409",2003,121,0.435802771323886
"3410",2003,122,0.457168466553603
"3411",2003,123,0.407487100915742
"3412",2003,124,0.400156871514562
"3413",2003,125,0.401829369251399
"3414",2003,126,0.390564650441205
"3415",2003,127,0.380788149435002
"3416",2003,128,0.401517564280402
"3417",2003,129,0.411007061782999
"3418",2003,130,0.38337563987876
"3419",2003,131,0.406042659093337
"3420",2003,132,0.469904396333394
"3421",2003,133,0.461832189672408
"3422",2003,134,0.496954653877886
"3423",2003,135,0.513917444256972
"3424",2003,136,0.436689587001972
"3425",2003,137,0.419776377661207
"3426",2003,138,0.400116834988778
"3427",2003,139,0.403463840796215
"3428",2003,140,0.451805207147519
"3429",2003,141,0.470980763547794
"3430",2003,142,0.486797569066517
"3431",2003,143,0.547721810563895
"3432",2003,144,0.565892093177771
"3433",2003,145,0.601531443287293
"3434",2003,146,0.59495581994514
"3435",2003,147,0.564590055617732
"3436",2003,148,0.580657380092994
"3437",2003,149,0.604248201503073
"3438",2003,150,0.51957818873422
"3439",2003,151,0.537382968168724
"3440",2003,152,0.54035649314745
"3441",2003,153,0.554561784470369
"3442",2003,154,0.513208671319046
"3443",2003,155,0.50837331970998
"3444",2003,156,0.543632335234158
"3445",2003,157,0.493392426394925
"3446",2003,158,0.507514312541199
"3447",2003,159,0.549461296977811
"3448",2003,160,0.53085993668879
"3449",2003,161,0.528266688303261
"3450",2003,162,0.541452124491392
"3451",2003,163,0.566029744822422
"3452",2003,164,0.61022363465566
"3453",2003,165,0.629041256506658
"3454",2003,166,0.602302195287582
"3455",2003,167,0.607432879104628
"3456",2003,168,0.619941775885992
"3457",2003,169,0.632656601657313
"3458",2003,170,0.710838846797958
"3459",2003,171,0.6387695007197
"3460",2003,172,0.560239677539633
"3461",2003,173,0.540433586753123
"3462",2003,174,0.524446406922853
"3463",2003,175,0.515719202315551
"3464",2003,176,0.548852897934149
"3465",2003,177,0.60245685523045
"3466",2003,178,0.611144482767784
"3467",2003,179,0.593169569552118
"3468",2003,180,0.638231418690505
"3469",2003,181,0.69772881938176
"3470",2003,182,0.675359548372721
"3471",2003,183,0.653015998818802
"3472",2003,184,0.59208286209419
"3473",2003,185,0.611683507904794
"3474",2003,186,0.636969964477852
"3475",2003,187,0.569664435894801
"3476",2003,188,0.561706031167818
"3477",2003,189,0.603871666227607
"3478",2003,190,0.627423362247991
"3479",2003,191,0.621485906842797
"3480",2003,192,0.627287821065576
"3481",2003,193,0.70435530953434
"3482",2003,194,0.690165297171297
"3483",2003,195,0.631892338802512
"3484",2003,196,0.663173948089373
"3485",2003,197,0.638369391999316
"3486",2003,198,0.734785082205097
"3487",2003,199,0.664001598085664
"3488",2003,200,0.661638703207655
"3489",2003,201,0.651325124896411
"3490",2003,202,0.652857245707717
"3491",2003,203,0.678888168239781
"3492",2003,204,0.716475824762274
"3493",2003,205,0.675824226958036
"3494",2003,206,0.633445358758066
"3495",2003,207,0.603274514180804
"3496",2003,208,0.670104334726402
"3497",2003,209,0.689913366902131
"3498",2003,210,0.626974343283745
"3499",2003,211,0.627831579590704
"3500",2003,212,0.62045171161099
"3501",2003,213,0.625686438807559
"3502",2003,214,0.670161996792226
"3503",2003,215,0.642031950222991
"3504",2003,216,0.65360923199915
"3505",2003,217,0.610215412477803
"3506",2003,218,0.656964876277694
"3507",2003,219,0.662371343643524
"3508",2003,220,0.619617494870482
"3509",2003,221,0.632061389689911
"3510",2003,222,0.661282129460931
"3511",2003,223,0.676072608718106
"3512",2003,224,0.645221717084737
"3513",2003,225,0.67259770059564
"3514",2003,226,0.630622832004709
"3515",2003,227,0.628219537440274
"3516",2003,228,0.714821243548047
"3517",2003,229,0.625896656870432
"3518",2003,230,0.599857880277014
"3519",2003,231,0.639903778965096
"3520",2003,232,0.540737807964458
"3521",2003,233,0.552330201380519
"3522",2003,234,0.602666129099268
"3523",2003,235,0.588358107338728
"3524",2003,236,0.524089975191079
"3525",2003,237,0.512910531134763
"3526",2003,238,0.502402566343798
"3527",2003,239,0.517050733414539
"3528",2003,240,0.426327686572218
"3529",2003,241,0.446909106186916
"3530",2003,242,0.480466797278987
"3531",2003,243,0.485766208255043
"3532",2003,244,0.491934089944548
"3533",2003,245,0.434604959689573
"3534",2003,246,0.456067471439726
"3535",2003,247,0.515177747595958
"3536",2003,248,0.491466348107568
"3537",2003,249,0.485628307445013
"3538",2003,250,0.507982976176699
"3539",2003,251,0.478194691947557
"3540",2003,252,0.377895666418875
"3541",2003,253,0.384698415024105
"3542",2003,254,0.381107287805875
"3543",2003,255,0.355736033795863
"3544",2003,256,0.348467819074109
"3545",2003,257,0.344749333291002
"3546",2003,258,0.328804393910394
"3547",2003,259,0.259881628593641
"3548",2003,260,0.257616507254989
"3549",2003,261,0.287330983298034
"3550",2003,262,0.331981633381173
"3551",2003,263,0.315218393206692
"3552",2003,264,0.290903457978609
"3553",2003,265,0.285313700867217
"3554",2003,266,0.272737965469885
"3555",2003,267,0.250245665021197
"3556",2003,268,0.292100097286546
"3557",2003,269,0.279370262552689
"3558",2003,270,0.264609021243154
"3559",2003,271,0.233139009476698
"3560",2003,272,0.224354914719118
"3561",2003,273,0.213496088839282
"3562",2003,274,0.242153406020622
"3563",2003,275,0.248071037745977
"3564",2003,276,0.244574882513033
"3565",2003,277,0.258850354441871
"3566",2003,278,0.257383026121204
"3567",2003,279,0.25620515969645
"3568",2003,280,0.261352949977359
"3569",2003,281,0.234934555200255
"3570",2003,282,0.229864892332695
"3571",2003,283,0.196982846608719
"3572",2003,284,0.183610855693565
"3573",2003,285,0.180019630565433
"3574",2003,286,0.162234629783195
"3575",2003,287,0.149396249635609
"3576",2003,288,0.138591006247523
"3577",2003,289,0.137883622387348
"3578",2003,290,0.196448667327638
"3579",2003,291,0.196908825681948
"3580",2003,292,0.19285036920277
"3581",2003,293,0.157943337549776
"3582",2003,294,0.195806954267543
"3583",2003,295,0.154519619097017
"3584",2003,296,0.166917156475385
"3585",2003,297,0.124820066058565
"3586",2003,298,0.119702145295329
"3587",2003,299,0.144623864440592
"3588",2003,300,0.140394028004458
"3589",2003,301,0.104491831682039
"3590",2003,302,0.0871264193841411
"3591",2003,303,0.0713572657859518
"3592",2003,304,0.0496980732327157
"3593",2003,305,0.0594892005150419
"3594",2003,306,0.0511629283137001
"3595",2003,307,0.0442256050930739
"3596",2003,308,0.0437274196671265
"3597",2003,309,0.035428608753562
"3598",2003,310,0.0493007104291623
"3599",2003,311,0.0438280422889578
"3600",2003,312,0.0471339379807721
"3601",2003,313,0.0472314848029933
"3602",2003,314,0.0615555200228968
"3603",2003,315,0.0546037034958914
"3604",2003,316,0.049786486159682
"3605",2003,317,0.0616521006340857
"3606",2003,318,0.0585419782578156
"3607",2003,319,0.0481719308554062
"3608",2003,320,0.05592742705119
"3609",2003,321,0.0592309060041381
"3610",2003,322,0.0596222801685929
"3611",2003,323,0.0625151498752433
"3612",2003,324,0.0340600994927631
"3613",2003,325,0.0229748080117285
"3614",2003,326,0.0218530330910756
"3615",2003,327,0.026209590975488
"3616",2003,328,0.0383724581291825
"3617",2003,329,0.0339517538308812
"3618",2003,330,0.0372401272290545
"3619",2003,331,0.0342540530727478
"3620",2003,332,0.0433041253081082
"3621",2003,333,0.0482793988013892
"3622",2003,334,0.0423641507409161
"3623",2003,335,0.0350615308270672
"3624",2003,336,0.0396748074274061
"3625",2003,337,0.0481078988197123
"3626",2003,338,0.0335296596752295
"3627",2003,339,0.0310333831022164
"3628",2003,340,0.0484212645107725
"3629",2003,341,0.0418055895369519
"3630",2003,342,0.0238966295476936
"3631",2003,343,0.025642150803528
"3632",2003,344,0.0236930248473959
"3633",2003,345,0.0218309612864776
"3634",2003,346,0.027439190827176
"3635",2003,347,0.0363219881474972
"3636",2003,348,0.0365562232442971
"3637",2003,349,0.0301065450804693
"3638",2003,350,0.0346906700792747
"3639",2003,351,0.0427046504049179
"3640",2003,352,0.035264163168392
"3641",2003,353,0.0390319160416506
"3642",2003,354,0.0516897099507682
"3643",2003,355,0.0462360524943657
"3644",2003,356,0.0375441476016373
"3645",2003,357,0.0409496030789221
"3646",2003,358,0.0454068146609244
"3647",2003,359,0.0522685070649048
"3648",2003,360,0.0363387148020362
"3649",2003,361,0.0392842433779672
"3650",2003,362,0.0303705482339292
"3651",2003,363,0.0228490342717283
"3652",2003,364,0.0200216084387329
"3653",2003,365,0.0209319020044404
"3654",2004,1,0.0231771235141924
"3655",2004,2,0.0176662431524171
"3656",2004,3,0.0107427933016638
"3657",2004,4,0.01
"3658",2004,5,0.0141748809447223
"3659",2004,6,0.0218738795637848
"3660",2004,7,0.0197128672487684
"3661",2004,8,0.028695179544421
"3662",2004,9,0.0311599011183801
"3663",2004,10,0.041908507629505
"3664",2004,11,0.04558133280727
"3665",2004,12,0.0428630561433991
"3666",2004,13,0.0499085426901197
"3667",2004,14,0.0554036576109044
"3668",2004,15,0.0643235150935831
"3669",2004,16,0.0511281036300541
"3670",2004,17,0.0337033639593045
"3671",2004,18,0.0372996774194136
"3672",2004,19,0.0496246209548734
"3673",2004,20,0.0535736444472402
"3674",2004,21,0.0404900296400443
"3675",2004,22,0.047995276718552
"3676",2004,23,0.0363159692708418
"3677",2004,24,0.0284792029679977
"3678",2004,25,0.0241626197899255
"3679",2004,26,0.0142121682112591
"3680",2004,27,0.01
"3681",2004,28,0.01
"3682",2004,29,0.0138535298456376
"3683",2004,30,0.0260166135626736
"3684",2004,31,0.0252931782887431
"3685",2004,32,0.0242671578483422
"3686",2004,33,0.0190820934976004
"3687",2004,34,0.027218719371714
"3688",2004,35,0.0445926704841641
"3689",2004,36,0.0476510325715201
"3690",2004,37,0.0478904375821528
"3691",2004,38,0.0846234558011289
"3692",2004,39,0.075992531048088
"3693",2004,40,0.0806012832079279
"3694",2004,41,0.083052056155142
"3695",2004,42,0.0507780649287836
"3696",2004,43,0.0802402078878038
"3697",2004,44,0.086616998220173
"3698",2004,45,0.0658353591066115
"3699",2004,46,0.0782462108623917
"3700",2004,47,0.0950674351783897
"3701",2004,48,0.112416159118961
"3702",2004,49,0.117649816532097
"3703",2004,50,0.119452438201312
"3704",2004,51,0.11914613739588
"3705",2004,52,0.12284185016496
"3706",2004,53,0.120476811610147
"3707",2004,54,0.118975407563228
"3708",2004,55,0.123370588998614
"3709",2004,56,0.121855339816926
"3710",2004,57,0.133416622903724
"3711",2004,58,0.139981901634691
"3712",2004,59,0.127941825064372
"3713",2004,60,0.122687621620001
"3714",2004,61,0.129274407971514
"3715",2004,62,0.113472089919124
"3716",2004,63,0.0725274183144048
"3717",2004,64,0.0900082452485145
"3718",2004,65,0.110990882095743
"3719",2004,66,0.147046392919564
"3720",2004,67,0.14772872661246
"3721",2004,68,0.184298612234137
"3722",2004,69,0.201447203591767
"3723",2004,70,0.146176530699398
"3724",2004,71,0.146452305912665
"3725",2004,72,0.166047154955661
"3726",2004,73,0.165748828017746
"3727",2004,74,0.144634355937529
"3728",2004,75,0.183124804955982
"3729",2004,76,0.192084179174244
"3730",2004,77,0.196715031935952
"3731",2004,78,0.192337281169487
"3732",2004,79,0.219696552858196
"3733",2004,80,0.164829468035032
"3734",2004,81,0.180739375617685
"3735",2004,82,0.196891739057327
"3736",2004,83,0.233617074927986
"3737",2004,84,0.260438293633568
"3738",2004,85,0.214735299033521
"3739",2004,86,0.198550442247327
"3740",2004,87,0.268186203471105
"3741",2004,88,0.26921884124836
"3742",2004,89,0.25634610805142
"3743",2004,90,0.333932939150235
"3744",2004,91,0.333910476113942
"3745",2004,92,0.250074976362226
"3746",2004,93,0.2749047737211
"3747",2004,94,0.296141552016721
"3748",2004,95,0.354509306743882
"3749",2004,96,0.322811152269915
"3750",2004,97,0.338176638532069
"3751",2004,98,0.302064355764152
"3752",2004,99,0.292716150460866
"3753",2004,100,0.255824827108767
"3754",2004,101,0.280587994670875
"3755",2004,102,0.297320170309293
"3756",2004,103,0.370429444973433
"3757",2004,104,0.336724579668815
"3758",2004,105,0.321713280819082
"3759",2004,106,0.339636865357975
"3760",2004,107,0.303497460518984
"3761",2004,108,0.330636618885804
"3762",2004,109,0.34273991419397
"3763",2004,110,0.3808907747139
"3764",2004,111,0.358023760707411
"3765",2004,112,0.358348106201784
"3766",2004,113,0.377781683538209
"3767",2004,114,0.390960030844405
"3768",2004,115,0.393505806736141
"3769",2004,116,0.378127249590514
"3770",2004,117,0.424259891586186
"3771",2004,118,0.492747491178451
"3772",2004,119,0.341383004127879
"3773",2004,120,0.366796664546422
"3774",2004,121,0.35444141021723
"3775",2004,122,0.354993204261171
"3776",2004,123,0.463937146021477
"3777",2004,124,0.433339139638218
"3778",2004,125,0.446820728231948
"3779",2004,126,0.333624513384162
"3780",2004,127,0.364781224102498
"3781",2004,128,0.446377530888118
"3782",2004,129,0.4899251584295
"3783",2004,130,0.366190705709625
"3784",2004,131,0.346139392280447
"3785",2004,132,0.36799198749768
"3786",2004,133,0.355543303936131
"3787",2004,134,0.366414522201056
"3788",2004,135,0.396520636820919
"3789",2004,136,0.410522116430583
"3790",2004,137,0.434659688403632
"3791",2004,138,0.483328333201132
"3792",2004,139,0.502094488860936
"3793",2004,140,0.515212808357735
"3794",2004,141,0.450020222992565
"3795",2004,142,0.405718029359593
"3796",2004,143,0.394482141896273
"3797",2004,144,0.406524747089293
"3798",2004,145,0.448898158768892
"3799",2004,146,0.483944322121195
"3800",2004,147,0.52333260540117
"3801",2004,148,0.512341725953699
"3802",2004,149,0.552726446184587
"3803",2004,150,0.537821112197014
"3804",2004,151,0.511603209110029
"3805",2004,152,0.503667333310606
"3806",2004,153,0.501472064148675
"3807",2004,154,0.54837774583284
"3808",2004,155,0.588662258793152
"3809",2004,156,0.617549947086913
"3810",2004,157,0.592670632285431
"3811",2004,158,0.550647155313076
"3812",2004,159,0.500775890810299
"3813",2004,160,0.47332707062013
"3814",2004,161,0.517060270975165
"3815",2004,162,0.515588809497102
"3816",2004,163,0.502802212331315
"3817",2004,164,0.49468262923268
"3818",2004,165,0.512081759374198
"3819",2004,166,0.526044465404604
"3820",2004,167,0.525575923146994
"3821",2004,168,0.540452826245545
"3822",2004,169,0.487757368753755
"3823",2004,170,0.508266288743982
"3824",2004,171,0.557025564935447
"3825",2004,172,0.573334595759307
"3826",2004,173,0.556132588252755
"3827",2004,174,0.566573670450315
"3828",2004,175,0.515787555691293
"3829",2004,176,0.519295660615608
"3830",2004,177,0.546389570157279
"3831",2004,178,0.551507451932553
"3832",2004,179,0.584039134425553
"3833",2004,180,0.61161413633874
"3834",2004,181,0.64313362547119
"3835",2004,182,0.634928120945762
"3836",2004,183,0.659772863519828
"3837",2004,184,0.644790284545222
"3838",2004,185,0.585737402244307
"3839",2004,186,0.511331812852689
"3840",2004,187,0.550634097316004
"3841",2004,188,0.608842416873136
"3842",2004,189,0.64155957797218
"3843",2004,190,0.567879803947447
"3844",2004,191,0.596538369395429
"3845",2004,192,0.608455335029623
"3846",2004,193,0.628808016434997
"3847",2004,194,0.603838497475212
"3848",2004,195,0.636555540761651
"3849",2004,196,0.684492315219304
"3850",2004,197,0.641945715924107
"3851",2004,198,0.664345393330215
"3852",2004,199,0.712871267139709
"3853",2004,200,0.694589102976227
"3854",2004,201,0.677645998332025
"3855",2004,202,0.673656121018036
"3856",2004,203,0.620625454041999
"3857",2004,204,0.585178181537986
"3858",2004,205,0.592387936931341
"3859",2004,206,0.618808447886892
"3860",2004,207,0.65438439914465
"3861",2004,208,0.654449095109185
"3862",2004,209,0.581372910522082
"3863",2004,210,0.55718337974181
"3864",2004,211,0.522016029181272
"3865",2004,212,0.585318468753104
"3866",2004,213,0.598328356137229
"3867",2004,214,0.562520094391215
"3868",2004,215,0.562103611250211
"3869",2004,216,0.601455587684704
"3870",2004,217,0.575358048806428
"3871",2004,218,0.61586127977579
"3872",2004,219,0.619496727065112
"3873",2004,220,0.53354644590962
"3874",2004,221,0.519171626897314
"3875",2004,222,0.519280740165526
"3876",2004,223,0.515483845861568
"3877",2004,224,0.551334799349361
"3878",2004,225,0.539988901843092
"3879",2004,226,0.547085831983418
"3880",2004,227,0.579861403019545
"3881",2004,228,0.560291151683688
"3882",2004,229,0.537050520694893
"3883",2004,230,0.549630077667159
"3884",2004,231,0.466295293090784
"3885",2004,232,0.501603646945134
"3886",2004,233,0.473466868943183
"3887",2004,234,0.531743693008314
"3888",2004,235,0.424415846146869
"3889",2004,236,0.429647502587486
"3890",2004,237,0.436614451301893
"3891",2004,238,0.458029321428786
"3892",2004,239,0.440059410576449
"3893",2004,240,0.436743517496471
"3894",2004,241,0.460894927750961
"3895",2004,242,0.441864716208929
"3896",2004,243,0.46648277673167
"3897",2004,244,0.483184987587605
"3898",2004,245,0.488882500556357
"3899",2004,246,0.453692187057361
"3900",2004,247,0.395302068709672
"3901",2004,248,0.411661381656628
"3902",2004,249,0.402182617246159
"3903",2004,250,0.375793077964811
"3904",2004,251,0.351868574081077
"3905",2004,252,0.383173435407059
"3906",2004,253,0.366251034396674
"3907",2004,254,0.29789995663183
"3908",2004,255,0.352609646152547
"3909",2004,256,0.358460618853452
"3910",2004,257,0.34872784737345
"3911",2004,258,0.352211487098281
"3912",2004,259,0.34809710617022
"3913",2004,260,0.339012680346025
"3914",2004,261,0.347285127661587
"3915",2004,262,0.365940794136762
"3916",2004,263,0.317205993210699
"3917",2004,264,0.275938815884458
"3918",2004,265,0.277762876402125
"3919",2004,266,0.298061825933097
"3920",2004,267,0.288016702763733
"3921",2004,268,0.302434705400854
"3922",2004,269,0.323522189944491
"3923",2004,270,0.285252782819785
"3924",2004,271,0.265392179268155
"3925",2004,272,0.298944649812051
"3926",2004,273,0.267478771108106
"3927",2004,274,0.228957883105947
"3928",2004,275,0.186655924704422
"3929",2004,276,0.229729689034408
"3930",2004,277,0.192019001052438
"3931",2004,278,0.225849603929391
"3932",2004,279,0.243639922231032
"3933",2004,280,0.260042047574048
"3934",2004,281,0.21275770736671
"3935",2004,282,0.214433657133886
"3936",2004,283,0.246680217647024
"3937",2004,284,0.20086589938132
"3938",2004,285,0.191334212836388
"3939",2004,286,0.181822146260268
"3940",2004,287,0.15274499920653
"3941",2004,288,0.176509314184936
"3942",2004,289,0.134221098160228
"3943",2004,290,0.116673911061645
"3944",2004,291,0.111594120637864
"3945",2004,292,0.109549997668944
"3946",2004,293,0.100517431361238
"3947",2004,294,0.0982127529453899
"3948",2004,295,0.105471996602579
"3949",2004,296,0.108007447335425
"3950",2004,297,0.1085305680538
"3951",2004,298,0.107829938513626
"3952",2004,299,0.103642021105422
"3953",2004,300,0.103882984728165
"3954",2004,301,0.114811696613719
"3955",2004,302,0.097907035748403
"3956",2004,303,0.0980031856279327
"3957",2004,304,0.107651983567173
"3958",2004,305,0.0965170454297046
"3959",2004,306,0.0850495179982744
"3960",2004,307,0.105879175263504
"3961",2004,308,0.0946538542558693
"3962",2004,309,0.0921941753105284
"3963",2004,310,0.10593277156604
"3964",2004,311,0.0931610537937247
"3965",2004,312,0.0687061320567052
"3966",2004,313,0.0870665646552057
"3967",2004,314,0.082893837574992
"3968",2004,315,0.0639741176668342
"3969",2004,316,0.0670610178036063
"3970",2004,317,0.0691628564403066
"3971",2004,318,0.0793841571518155
"3972",2004,319,0.064007638343985
"3973",2004,320,0.0929003819383968
"3974",2004,321,0.0805298644822647
"3975",2004,322,0.0760750209268998
"3976",2004,323,0.06861270010871
"3977",2004,324,0.0579760202584722
"3978",2004,325,0.0492514400260247
"3979",2004,326,0.0584265685885915
"3980",2004,327,0.0542656611166102
"3981",2004,328,0.0419119248871321
"3982",2004,329,0.0438003135896059
"3983",2004,330,0.0544696967804299
"3984",2004,331,0.0425501316761498
"3985",2004,332,0.0407747430575109
"3986",2004,333,0.0427970150350235
"3987",2004,334,0.0484978063015937
"3988",2004,335,0.0493830526739355
"3989",2004,336,0.0478633824021525
"3990",2004,337,0.0472506627312766
"3991",2004,338,0.0619642051268713
"3992",2004,339,0.0381012424409465
"3993",2004,340,0.0299860990470351
"3994",2004,341,0.0223142759565666
"3995",2004,342,0.0166236567392986
"3996",2004,343,0.0237497559896797
"3997",2004,344,0.0267535221003666
"3998",2004,345,0.0376748350970774
"3999",2004,346,0.0570693459612056
"4000",2004,347,0.0360610214000009
"4001",2004,348,0.035437434891919
"4002",2004,349,0.0504333232411248
"4003",2004,350,0.0532662726217649
"4004",2004,351,0.0424485651608518
"4005",2004,352,0.0549845307558481
"4006",2004,353,0.03698039505954
"4007",2004,354,0.0527438457881803
"4008",2004,355,0.0289229752067901
"4009",2004,356,0.0178645864082528
"4010",2004,357,0.0143647584038379
"4011",2004,358,0.0187431242140459
"4012",2004,359,0.0370462528493612
"4013",2004,360,0.0403886110493908
"4014",2004,361,0.0209388901453966
"4015",2004,362,0.0225024824313819
"4016",2004,363,0.0312653881209962
"4017",2004,364,0.0260836608632363
"4018",2004,365,0.0236610130603768
"4019",2005,1,0.0173839215505707
"4020",2005,2,0.011786381020829
"4021",2005,3,0.0134495827966953
"4022",2005,4,0.0112409427176525
"4023",2005,5,0.0135342846238333
"4024",2005,6,0.0266139633857232
"4025",2005,7,0.0234480721423025
"4026",2005,8,0.0217210874440142
"4027",2005,9,0.0135766199369625
"4028",2005,10,0.0150245300906103
"4029",2005,11,0.0199323987684239
"4030",2005,12,0.0151847072872616
"4031",2005,13,0.01
"4032",2005,14,0.01
"4033",2005,15,0.0115170161293733
"4034",2005,16,0.0154552265216772
"4035",2005,17,0.0396861740218765
"4036",2005,18,0.0631092169584247
"4037",2005,19,0.050913497903537
"4038",2005,20,0.0456008109476193
"4039",2005,21,0.0262650973677324
"4040",2005,22,0.0284464673235018
"4041",2005,23,0.064863917295591
"4042",2005,24,0.0851626884091968
"4043",2005,25,0.0732991039564131
"4044",2005,26,0.0617975393057938
"4045",2005,27,0.0757381521330557
"4046",2005,28,0.0676509624370396
"4047",2005,29,0.0758770171649768
"4048",2005,30,0.0792988057724161
"4049",2005,31,0.087180254713559
"4050",2005,32,0.0959948819327813
"4051",2005,33,0.105350388212227
"4052",2005,34,0.105622511854813
"4053",2005,35,0.0659769448094819
"4054",2005,36,0.0418443078559098
"4055",2005,37,0.0336592927920376
"4056",2005,38,0.0395848268103379
"4057",2005,39,0.0591081111536294
"4058",2005,40,0.0878750017409846
"4059",2005,41,0.105445576224397
"4060",2005,42,0.12330404666576
"4061",2005,43,0.121918834434049
"4062",2005,44,0.115083259349189
"4063",2005,45,0.0833790041908797
"4064",2005,46,0.0655726018243559
"4065",2005,47,0.0752819363700976
"4066",2005,48,0.0895877838393537
"4067",2005,49,0.0678365180816996
"4068",2005,50,0.0774105782252245
"4069",2005,51,0.0779686996377437
"4070",2005,52,0.0825747972646006
"4071",2005,53,0.0995077609202393
"4072",2005,54,0.107730973206486
"4073",2005,55,0.124041023901262
"4074",2005,56,0.112374445661573
"4075",2005,57,0.119476576595873
"4076",2005,58,0.10385860025483
"4077",2005,59,0.118309580676843
"4078",2005,60,0.125052362569291
"4079",2005,61,0.135607703754855
"4080",2005,62,0.159922446549965
"4081",2005,63,0.175767568325047
"4082",2005,64,0.183009115505011
"4083",2005,65,0.172611599393185
"4084",2005,66,0.168049697269071
"4085",2005,67,0.175257032507514
"4086",2005,68,0.192095524350463
"4087",2005,69,0.188986166575734
"4088",2005,70,0.206785138512964
"4089",2005,71,0.164188107758988
"4090",2005,72,0.1244781240054
"4091",2005,73,0.148806046576079
"4092",2005,74,0.113300586263035
"4093",2005,75,0.130047873363627
"4094",2005,76,0.134312960234214
"4095",2005,77,0.148882869330845
"4096",2005,78,0.138765331674862
"4097",2005,79,0.153677710526113
"4098",2005,80,0.183969480757521
"4099",2005,81,0.185627591230725
"4100",2005,82,0.145597213665155
"4101",2005,83,0.116233027801362
"4102",2005,84,0.151573782026232
"4103",2005,85,0.200923782485711
"4104",2005,86,0.259784688603668
"4105",2005,87,0.26827343136413
"4106",2005,88,0.245280047320346
"4107",2005,89,0.254225864534911
"4108",2005,90,0.258594202293568
"4109",2005,91,0.297065226618764
"4110",2005,92,0.289308750699885
"4111",2005,93,0.287847129361111
"4112",2005,94,0.314450167026091
"4113",2005,95,0.30749493823234
"4114",2005,96,0.321490404986235
"4115",2005,97,0.388356125931528
"4116",2005,98,0.394340315633387
"4117",2005,99,0.318280795279102
"4118",2005,100,0.298547670401924
"4119",2005,101,0.310317425675422
"4120",2005,102,0.326809302402805
"4121",2005,103,0.391828313587506
"4122",2005,104,0.355130690319413
"4123",2005,105,0.343354092067748
"4124",2005,106,0.37115901851425
"4125",2005,107,0.407936484895276
"4126",2005,108,0.374482994452339
"4127",2005,109,0.349760188832055
"4128",2005,110,0.364518988806553
"4129",2005,111,0.390992361055901
"4130",2005,112,0.372753830708109
"4131",2005,113,0.410675480302232
"4132",2005,114,0.389208607522965
"4133",2005,115,0.376704390703742
"4134",2005,116,0.363368427387728
"4135",2005,117,0.284414391296179
"4136",2005,118,0.289110767277339
"4137",2005,119,0.278842886274945
"4138",2005,120,0.263007019840618
"4139",2005,121,0.311727338447634
"4140",2005,122,0.32191032957843
"4141",2005,123,0.370223205167493
"4142",2005,124,0.435827235299751
"4143",2005,125,0.421353445420254
"4144",2005,126,0.491406981743303
"4145",2005,127,0.452347448175546
"4146",2005,128,0.443002968441885
"4147",2005,129,0.466148512577954
"4148",2005,130,0.384652109027036
"4149",2005,131,0.360105498267785
"4150",2005,132,0.386668822961282
"4151",2005,133,0.398623889892938
"4152",2005,134,0.388261781035304
"4153",2005,135,0.491439444526327
"4154",2005,136,0.5394344601927
"4155",2005,137,0.497627295392059
"4156",2005,138,0.514985137486779
"4157",2005,139,0.532935710464321
"4158",2005,140,0.521513447263167
"4159",2005,141,0.472056429336902
"4160",2005,142,0.516152381329073
"4161",2005,143,0.519644233590297
"4162",2005,144,0.478567920002113
"4163",2005,145,0.464179701653715
"4164",2005,146,0.473013116889484
"4165",2005,147,0.479597230320608
"4166",2005,148,0.440374339295523
"4167",2005,149,0.469715631735634
"4168",2005,150,0.506916002639576
"4169",2005,151,0.514793828900311
"4170",2005,152,0.523451561296907
"4171",2005,153,0.520068082774855
"4172",2005,154,0.542865436506909
"4173",2005,155,0.519823640802361
"4174",2005,156,0.537039622012717
"4175",2005,157,0.515298059739607
"4176",2005,158,0.491985171259059
"4177",2005,159,0.472271189987729
"4178",2005,160,0.511955233079264
"4179",2005,161,0.528533431593734
"4180",2005,162,0.572197737803312
"4181",2005,163,0.58716201398926
"4182",2005,164,0.567377964131666
"4183",2005,165,0.566127912561905
"4184",2005,166,0.58958009588318
"4185",2005,167,0.55154060188659
"4186",2005,168,0.61258235635556
"4187",2005,169,0.613659870415225
"4188",2005,170,0.588844061700062
"4189",2005,171,0.60921934158743
"4190",2005,172,0.642904486561487
"4191",2005,173,0.694156540228855
"4192",2005,174,0.589618459556725
"4193",2005,175,0.532788187816964
"4194",2005,176,0.559887766744726
"4195",2005,177,0.569287583149107
"4196",2005,178,0.573251891983797
"4197",2005,179,0.549130018684073
"4198",2005,180,0.56805273768051
"4199",2005,181,0.596714399267112
"4200",2005,182,0.63417449949296
"4201",2005,183,0.599186165556898
"4202",2005,184,0.590039444761653
"4203",2005,185,0.602692113843757
"4204",2005,186,0.642716925489799
"4205",2005,187,0.681937673186598
"4206",2005,188,0.647895079606404
"4207",2005,189,0.67780853366724
"4208",2005,190,0.677439231468137
"4209",2005,191,0.634931559030132
"4210",2005,192,0.632646880129371
"4211",2005,193,0.667726360197679
"4212",2005,194,0.699038739940294
"4213",2005,195,0.614819100907407
"4214",2005,196,0.633656380231726
"4215",2005,197,0.645390011981409
"4216",2005,198,0.615847160110721
"4217",2005,199,0.630254850089841
"4218",2005,200,0.591201405627338
"4219",2005,201,0.594455064390999
"4220",2005,202,0.611248279982221
"4221",2005,203,0.628370424250471
"4222",2005,204,0.664065352285201
"4223",2005,205,0.557717913047678
"4224",2005,206,0.533640394828282
"4225",2005,207,0.556798699894753
"4226",2005,208,0.585603787162316
"4227",2005,209,0.580255945559497
"4228",2005,210,0.630154304718111
"4229",2005,211,0.651713058727932
"4230",2005,212,0.69140691970792
"4231",2005,213,0.677964710360927
"4232",2005,214,0.6144884624026
"4233",2005,215,0.564951560335705
"4234",2005,216,0.58076327005533
"4235",2005,217,0.647199061655218
"4236",2005,218,0.620958477741142
"4237",2005,219,0.617668677864066
"4238",2005,220,0.555936045767024
"4239",2005,221,0.527116638889859
"4240",2005,222,0.504579055972875
"4241",2005,223,0.522365643861039
"4242",2005,224,0.480993915781648
"4243",2005,225,0.485038079686585
"4244",2005,226,0.524859578089257
"4245",2005,227,0.517265279380396
"4246",2005,228,0.506631108574352
"4247",2005,229,0.492807609430928
"4248",2005,230,0.476297274722382
"4249",2005,231,0.474335458319969
"4250",2005,232,0.484931348273262
"4251",2005,233,0.568464326811173
"4252",2005,234,0.566456285090057
"4253",2005,235,0.511760991489585
"4254",2005,236,0.47909162148101
"4255",2005,237,0.44382111331188
"4256",2005,238,0.479552522211457
"4257",2005,239,0.484030169785762
"4258",2005,240,0.512245199694433
"4259",2005,241,0.551554982954668
"4260",2005,242,0.428683488145822
"4261",2005,243,0.443573984255293
"4262",2005,244,0.433515191122209
"4263",2005,245,0.476604778631698
"4264",2005,246,0.499999036834516
"4265",2005,247,0.457276408996755
"4266",2005,248,0.419796492841478
"4267",2005,249,0.393245426156473
"4268",2005,250,0.436672037100949
"4269",2005,251,0.431628414708207
"4270",2005,252,0.417416152797802
"4271",2005,253,0.389720996203455
"4272",2005,254,0.350155141619331
"4273",2005,255,0.329901456623596
"4274",2005,256,0.334529134775807
"4275",2005,257,0.360651260738694
"4276",2005,258,0.313042653997796
"4277",2005,259,0.316914704645561
"4278",2005,260,0.325305411130712
"4279",2005,261,0.331464930410451
"4280",2005,262,0.345938385325185
"4281",2005,263,0.32332995426892
"4282",2005,264,0.293632122245008
"4283",2005,265,0.282470170232988
"4284",2005,266,0.266828821070743
"4285",2005,267,0.256502295878769
"4286",2005,268,0.272631770083944
"4287",2005,269,0.288737438438301
"4288",2005,270,0.248548575181321
"4289",2005,271,0.229615251464247
"4290",2005,272,0.294018280984756
"4291",2005,273,0.273154945361266
"4292",2005,274,0.259404792630875
"4293",2005,275,0.216328977752631
"4294",2005,276,0.17430249447517
"4295",2005,277,0.169192187864743
"4296",2005,278,0.167791599784451
"4297",2005,279,0.188987751738197
"4298",2005,280,0.232000250873797
"4299",2005,281,0.194111351078389
"4300",2005,282,0.192467547831459
"4301",2005,283,0.189802574842633
"4302",2005,284,0.195123007321947
"4303",2005,285,0.172928008207311
"4304",2005,286,0.201185270043418
"4305",2005,287,0.175734257137264
"4306",2005,288,0.190595234419763
"4307",2005,289,0.163770028059841
"4308",2005,290,0.156275727526416
"4309",2005,291,0.164279519629255
"4310",2005,292,0.154573827426475
"4311",2005,293,0.153197066638538
"4312",2005,294,0.124931764879011
"4313",2005,295,0.101328960693159
"4314",2005,296,0.125760917129044
"4315",2005,297,0.160991424601939
"4316",2005,298,0.141328385405679
"4317",2005,299,0.162656852537266
"4318",2005,300,0.127463959984251
"4319",2005,301,0.121523567286691
"4320",2005,302,0.120605620793005
"4321",2005,303,0.10267819144303
"4322",2005,304,0.101547102640968
"4323",2005,305,0.102666193475008
"4324",2005,306,0.0937930941700781
"4325",2005,307,0.0905939506046724
"4326",2005,308,0.0998693818858874
"4327",2005,309,0.0845224961090498
"4328",2005,310,0.0733229656930737
"4329",2005,311,0.0755850440373842
"4330",2005,312,0.0737687172328692
"4331",2005,313,0.0663804238871001
"4332",2005,314,0.0977911413681162
"4333",2005,315,0.0829682208126089
"4334",2005,316,0.0747715225106963
"4335",2005,317,0.0605786152156701
"4336",2005,318,0.0590009085263183
"4337",2005,319,0.0362932331645905
"4338",2005,320,0.0393306159374318
"4339",2005,321,0.0682516594445282
"4340",2005,322,0.075565697348835
"4341",2005,323,0.0761201123052207
"4342",2005,324,0.0823170353341097
"4343",2005,325,0.0721149750199399
"4344",2005,326,0.0824609996050883
"4345",2005,327,0.0756764704140542
"4346",2005,328,0.0674828112515465
"4347",2005,329,0.0511317879978801
"4348",2005,330,0.0457973192616471
"4349",2005,331,0.0456382673626765
"4350",2005,332,0.039476707892153
"4351",2005,333,0.0340151011172365
"4352",2005,334,0.0272652061371402
"4353",2005,335,0.0247508208515874
"4354",2005,336,0.0252146363985032
"4355",2005,337,0.0226735512538085
"4356",2005,338,0.0162225799875685
"4357",2005,339,0.0137404248646747
"4358",2005,340,0.0162194077508061
"4359",2005,341,0.0167277538227531
"4360",2005,342,0.0302951830275404
"4361",2005,343,0.0451956781074082
"4362",2005,344,0.0544245309707587
"4363",2005,345,0.0594873693502869
"4364",2005,346,0.044967784591838
"4365",2005,347,0.0412421472837236
"4366",2005,348,0.037442564886456
"4367",2005,349,0.0274648573551515
"4368",2005,350,0.0181754802344009
"4369",2005,351,0.014478962647157
"4370",2005,352,0.0177528009099685
"4371",2005,353,0.0241594966992068
"4372",2005,354,0.0273179793448939
"4373",2005,355,0.0417506311564329
"4374",2005,356,0.0583683291203014
"4375",2005,357,0.0559893054837784
"4376",2005,358,0.0552428143269732
"4377",2005,359,0.0636759356292727
"4378",2005,360,0.0579835200866409
"4379",2005,361,0.0533956249281816
"4380",2005,362,0.0456969939666592
"4381",2005,363,0.0447025759146356
"4382",2005,364,0.0428246603892276
"4383",2005,365,0.0448338730198963
"4384",2006,1,0.0455589002807234
"4385",2006,2,0.0456900786453629
"4386",2006,3,0.0378649260457597
"4387",2006,4,0.0384855116849119
"4388",2006,5,0.0461691085129811
"4389",2006,6,0.0604117854384743
"4390",2006,7,0.0489258967890219
"4391",2006,8,0.0468557161217496
"4392",2006,9,0.0530011813395783
"4393",2006,10,0.0490505829548741
"4394",2006,11,0.0515394264009096
"4395",2006,12,0.0483456148840596
"4396",2006,13,0.0455683846043799
"4397",2006,14,0.0571261182472969
"4398",2006,15,0.0474380998449867
"4399",2006,16,0.043452737812854
"4400",2006,17,0.0417190775661784
"4401",2006,18,0.0460325225885627
"4402",2006,19,0.036729414034228
"4403",2006,20,0.0421527633093151
"4404",2006,21,0.0375490329827221
"4405",2006,22,0.0457704681576988
"4406",2006,23,0.0685903481864003
"4407",2006,24,0.0699784137244028
"4408",2006,25,0.0844028519144105
"4409",2006,26,0.0868924400944962
"4410",2006,27,0.071095990519389
"4411",2006,28,0.0685303176413978
"4412",2006,29,0.0655480537411421
"4413",2006,30,0.0779603562653437
"4414",2006,31,0.072088323783361
"4415",2006,32,0.0747714582792613
"4416",2006,33,0.0670613342657541
"4417",2006,34,0.0742045659171302
"4418",2006,35,0.0792879676217587
"4419",2006,36,0.0903299386367562
"4420",2006,37,0.0734353517554431
"4421",2006,38,0.0631942730236544
"4422",2006,39,0.0890743944174265
"4423",2006,40,0.0954218224116861
"4424",2006,41,0.0713870411818062
"4425",2006,42,0.0771769937567379
"4426",2006,43,0.103841113400465
"4427",2006,44,0.120469088076291
"4428",2006,45,0.0734372455872893
"4429",2006,46,0.0506857307216469
"4430",2006,47,0.023717749886863
"4431",2006,48,0.0303317147857869
"4432",2006,49,0.0570963945472644
"4433",2006,50,0.0894415444960175
"4434",2006,51,0.0978930202054871
"4435",2006,52,0.110130532761144
"4436",2006,53,0.0770223881035529
"4437",2006,54,0.0698791637900941
"4438",2006,55,0.0679562004210907
"4439",2006,56,0.0641141529140882
"4440",2006,57,0.0697031643069445
"4441",2006,58,0.106064195716169
"4442",2006,59,0.115372791310507
"4443",2006,60,0.0878910109066027
"4444",2006,61,0.066368008007839
"4445",2006,62,0.0696714626406715
"4446",2006,63,0.0949704042855225
"4447",2006,64,0.109084804151437
"4448",2006,65,0.128328422952758
"4449",2006,66,0.172861327620241
"4450",2006,67,0.165032396192367
"4451",2006,68,0.178893627751016
"4452",2006,69,0.149957411542577
"4453",2006,70,0.117061574327002
"4454",2006,71,0.0806654791127216
"4455",2006,72,0.0826211424570977
"4456",2006,73,0.0940391000250399
"4457",2006,74,0.127191177768021
"4458",2006,75,0.148244353527652
"4459",2006,76,0.149053549705668
"4460",2006,77,0.150088854920702
"4461",2006,78,0.153882933389037
"4462",2006,79,0.156774277193506
"4463",2006,80,0.161372473389533
"4464",2006,81,0.159072993417878
"4465",2006,82,0.169603343718062
"4466",2006,83,0.189041774444408
"4467",2006,84,0.219205887133535
"4468",2006,85,0.216347185800874
"4469",2006,86,0.235542834473272
"4470",2006,87,0.242848618446273
"4471",2006,88,0.231651698690753
"4472",2006,89,0.240816707549654
"4473",2006,90,0.266631171140531
"4474",2006,91,0.278944777940985
"4475",2006,92,0.256152231158138
"4476",2006,93,0.295531668838699
"4477",2006,94,0.310131222262629
"4478",2006,95,0.326085102841364
"4479",2006,96,0.300673039391971
"4480",2006,97,0.287986824837257
"4481",2006,98,0.329750206545586
"4482",2006,99,0.355392864879383
"4483",2006,100,0.336120134851843
"4484",2006,101,0.319384763816759
"4485",2006,102,0.344188235653557
"4486",2006,103,0.361369607352325
"4487",2006,104,0.3942763554356
"4488",2006,105,0.391603875688947
"4489",2006,106,0.386739942739853
"4490",2006,107,0.349308838415224
"4491",2006,108,0.352877682492038
"4492",2006,109,0.358592167080628
"4493",2006,110,0.369415708871491
"4494",2006,111,0.421715993548591
"4495",2006,112,0.403392276361982
"4496",2006,113,0.339832466443347
"4497",2006,114,0.330191344665246
"4498",2006,115,0.373321103888062
"4499",2006,116,0.423912267102335
"4500",2006,117,0.420088164770474
"4501",2006,118,0.429488832646196
"4502",2006,119,0.463662647617909
"4503",2006,120,0.46105873091537
"4504",2006,121,0.38017123645428
"4505",2006,122,0.340794712778303
"4506",2006,123,0.316434773733895
"4507",2006,124,0.367431836507157
"4508",2006,125,0.464085780738055
"4509",2006,126,0.486418883247353
"4510",2006,127,0.461482211358796
"4511",2006,128,0.441119345965998
"4512",2006,129,0.381879937129602
"4513",2006,130,0.393518250502154
"4514",2006,131,0.415654148869253
"4515",2006,132,0.473332607240542
"4516",2006,133,0.458413111305666
"4517",2006,134,0.462803148453294
"4518",2006,135,0.504272949934735
"4519",2006,136,0.572939634381114
"4520",2006,137,0.56006694897614
"4521",2006,138,0.59500590345474
"4522",2006,139,0.560337340683718
"4523",2006,140,0.51562434472083
"4524",2006,141,0.558840674536801
"4525",2006,142,0.620657304075783
"4526",2006,143,0.587324538228181
"4527",2006,144,0.54488278909324
"4528",2006,145,0.525241397702143
"4529",2006,146,0.499877378740781
"4530",2006,147,0.459002894248513
"4531",2006,148,0.446101697449874
"4532",2006,149,0.465030827268565
"4533",2006,150,0.5273359619738
"4534",2006,151,0.544294437325487
"4535",2006,152,0.57052847475569
"4536",2006,153,0.642448090613685
"4537",2006,154,0.615569606162542
"4538",2006,155,0.59026788301102
"4539",2006,156,0.596142905416651
"4540",2006,157,0.566322198670411
"4541",2006,158,0.547817014100013
"4542",2006,159,0.504916748113498
"4543",2006,160,0.505445410313125
"4544",2006,161,0.500329961209545
"4545",2006,162,0.510253862778174
"4546",2006,163,0.516153654671195
"4547",2006,164,0.562555922095063
"4548",2006,165,0.574263798027857
"4549",2006,166,0.600569231575539
"4550",2006,167,0.561669212468731
"4551",2006,168,0.567960421276052
"4552",2006,169,0.576980442606407
"4553",2006,170,0.584611185752293
"4554",2006,171,0.560221477843655
"4555",2006,172,0.577414557715984
"4556",2006,173,0.580196400806873
"4557",2006,174,0.588220793497598
"4558",2006,175,0.590279590626758
"4559",2006,176,0.611694686995606
"4560",2006,177,0.624371808622918
"4561",2006,178,0.645895010707315
"4562",2006,179,0.694422548618431
"4563",2006,180,0.683312224980444
"4564",2006,181,0.632900255063421
"4565",2006,182,0.629729964897929
"4566",2006,183,0.635461514905589
"4567",2006,184,0.621020346056237
"4568",2006,185,0.65745301072459
"4569",2006,186,0.687145706935621
"4570",2006,187,0.693784846359161
"4571",2006,188,0.67394479820894
"4572",2006,189,0.623561277396811
"4573",2006,190,0.637634052060689
"4574",2006,191,0.700186874918553
"4575",2006,192,0.653375275669591
"4576",2006,193,0.680249256425529
"4577",2006,194,0.669366958691477
"4578",2006,195,0.656657386822483
"4579",2006,196,0.676555577020395
"4580",2006,197,0.631628932202876
"4581",2006,198,0.621488569070462
"4582",2006,199,0.628172473460475
"4583",2006,200,0.618833948914751
"4584",2006,201,0.618036117535798
"4585",2006,202,0.646661408766513
"4586",2006,203,0.682991321849135
"4587",2006,204,0.711073809089899
"4588",2006,205,0.684637921022762
"4589",2006,206,0.655881445809128
"4590",2006,207,0.666997410016764
"4591",2006,208,0.667462041790614
"4592",2006,209,0.622353405134592
"4593",2006,210,0.647857210859461
"4594",2006,211,0.640368709009698
"4595",2006,212,0.568090694431724
"4596",2006,213,0.588864203872822
"4597",2006,214,0.577061473312187
"4598",2006,215,0.572981002633885
"4599",2006,216,0.599569542206146
"4600",2006,217,0.567751173015241
"4601",2006,218,0.56652194536573
"4602",2006,219,0.672324400260088
"4603",2006,220,0.660733173574022
"4604",2006,221,0.652409167400594
"4605",2006,222,0.628526230284975
"4606",2006,223,0.596970870091792
"4607",2006,224,0.526886212072875
"4608",2006,225,0.538355653064461
"4609",2006,226,0.563304753675262
"4610",2006,227,0.594549578021966
"4611",2006,228,0.547596918504225
"4612",2006,229,0.536030556073913
"4613",2006,230,0.546168726510389
"4614",2006,231,0.592111748262491
"4615",2006,232,0.532800904450397
"4616",2006,233,0.539927123716346
"4617",2006,234,0.613124788938461
"4618",2006,235,0.561914327958817
"4619",2006,236,0.502792695817742
"4620",2006,237,0.499044492898167
"4621",2006,238,0.502419332293967
"4622",2006,239,0.517979450982609
"4623",2006,240,0.532551183951039
"4624",2006,241,0.588639705207101
"4625",2006,242,0.523146714472265
"4626",2006,243,0.425707188985846
"4627",2006,244,0.425021354927928
"4628",2006,245,0.445907546114234
"4629",2006,246,0.470529890221125
"4630",2006,247,0.486497637390923
"4631",2006,248,0.484937371552395
"4632",2006,249,0.478068558065534
"4633",2006,250,0.432741654750699
"4634",2006,251,0.409651183394015
"4635",2006,252,0.424775276004594
"4636",2006,253,0.425901929025574
"4637",2006,254,0.413715200820827
"4638",2006,255,0.414795988271448
"4639",2006,256,0.376554781401552
"4640",2006,257,0.335061446510621
"4641",2006,258,0.296885425088681
"4642",2006,259,0.27229854185321
"4643",2006,260,0.24980118193303
"4644",2006,261,0.260212560845172
"4645",2006,262,0.279365728236624
"4646",2006,263,0.286554036440841
"4647",2006,264,0.310434324971371
"4648",2006,265,0.282744734628484
"4649",2006,266,0.294851430279229
"4650",2006,267,0.306485773198069
"4651",2006,268,0.311542483273942
"4652",2006,269,0.286609096262547
"4653",2006,270,0.247634726558622
"4654",2006,271,0.270943718673859
"4655",2006,272,0.295347622549689
"4656",2006,273,0.297891657423446
"4657",2006,274,0.246835378274741
"4658",2006,275,0.217564100750177
"4659",2006,276,0.209006635455454
"4660",2006,277,0.227601562576329
"4661",2006,278,0.245388997455237
"4662",2006,279,0.253195900914585
"4663",2006,280,0.202006918391951
"4664",2006,281,0.179950253367217
"4665",2006,282,0.169643500860475
"4666",2006,283,0.162083773668064
"4667",2006,284,0.121625058494228
"4668",2006,285,0.121263122950667
"4669",2006,286,0.129347383879936
"4670",2006,287,0.149705054290458
"4671",2006,288,0.159300814187384
"4672",2006,289,0.120220400335499
"4673",2006,290,0.112362178373673
"4674",2006,291,0.131748689652202
"4675",2006,292,0.126063717822235
"4676",2006,293,0.119091118553813
"4677",2006,294,0.10864972232385
"4678",2006,295,0.105405100000797
"4679",2006,296,0.114414044632211
"4680",2006,297,0.125133945572902
"4681",2006,298,0.126075766871143
"4682",2006,299,0.128300898660982
"4683",2006,300,0.117660104772944
"4684",2006,301,0.107514680841156
"4685",2006,302,0.0830135362913118
"4686",2006,303,0.0696541799024107
"4687",2006,304,0.0635843758768433
"4688",2006,305,0.0641507772005893
"4689",2006,306,0.0551739588435391
"4690",2006,307,0.0692296227792678
"4691",2006,308,0.0861976536792289
"4692",2006,309,0.102631003539384
"4693",2006,310,0.0829505139689103
"4694",2006,311,0.0979269551763465
"4695",2006,312,0.0803006645456925
"4696",2006,313,0.0517139444147492
"4697",2006,314,0.061035242033524
"4698",2006,315,0.0758667265640008
"4699",2006,316,0.0657079651680309
"4700",2006,317,0.0698131170263777
"4701",2006,318,0.0493674841431083
"4702",2006,319,0.060166201075595
"4703",2006,320,0.0798022847823807
"4704",2006,321,0.062690076084648
"4705",2006,322,0.0626694567050584
"4706",2006,323,0.0664784669382537
"4707",2006,324,0.0760790251568499
"4708",2006,325,0.0763914306820348
"4709",2006,326,0.0487891384483016
"4710",2006,327,0.0419864770939818
"4711",2006,328,0.0279249832622928
"4712",2006,329,0.0209883374928549
"4713",2006,330,0.0214429525239602
"4714",2006,331,0.025714164326436
"4715",2006,332,0.0189104428712822
"4716",2006,333,0.0197706652684261
"4717",2006,334,0.0266102997363253
"4718",2006,335,0.025208650294008
"4719",2006,336,0.0177036373769757
"4720",2006,337,0.0225298850467153
"4721",2006,338,0.0283902154674579
"4722",2006,339,0.0408909760733022
"4723",2006,340,0.0223535603627238
"4724",2006,341,0.0276829442708411
"4725",2006,342,0.0466850242828672
"4726",2006,343,0.0398627777219462
"4727",2006,344,0.0361826487184548
"4728",2006,345,0.0423781150670908
"4729",2006,346,0.0531391705240483
"4730",2006,347,0.0413219213746883
"4731",2006,348,0.0414765588762177
"4732",2006,349,0.0436801646991394
"4733",2006,350,0.0354970512697413
"4734",2006,351,0.0231612348136278
"4735",2006,352,0.0277787818641035
"4736",2006,353,0.04344219452932
"4737",2006,354,0.0374621344184689
"4738",2006,355,0.0450017796776468
"4739",2006,356,0.0393912820548706
"4740",2006,357,0.0346615197018476
"4741",2006,358,0.0380938487272022
"4742",2006,359,0.0416113067109048
"4743",2006,360,0.0373319123298434
"4744",2006,361,0.0345346317636827
"4745",2006,362,0.0329790468050347
"4746",2006,363,0.0221161400634613
"4747",2006,364,0.0320180536562789
"4748",2006,365,0.030643188487997
"4749",2006,366,0.0170080591922874
"4750",2007,1,0.0335353303057694
"4751",2007,2,0.057438315935917
"4752",2007,3,0.0615319555834396
"4753",2007,4,0.0458063784753746
"4754",2007,5,0.040532915729678
"4755",2007,6,0.0450434995349097
"4756",2007,7,0.0419634786818336
"4757",2007,8,0.0438448381784323
"4758",2007,9,0.0399498321725516
"4759",2007,10,0.0356179277195114
"4760",2007,11,0.013037169428315
"4761",2007,12,0.017892326956791
"4762",2007,13,0.0243067772430973
"4763",2007,14,0.0174811623556919
"4764",2007,15,0.0277238887210444
"4765",2007,16,0.0453319964000898
"4766",2007,17,0.0441299926820708
"4767",2007,18,0.0365241328985524
"4768",2007,19,0.0403474429850613
"4769",2007,20,0.0420694650908053
"4770",2007,21,0.043392959153847
"4771",2007,22,0.059579664064088
"4772",2007,23,0.0719497119414559
"4773",2007,24,0.0649344639273524
"4774",2007,25,0.0834116764069232
"4775",2007,26,0.0553949269812511
"4776",2007,27,0.0394339375450352
"4777",2007,28,0.0600178348995788
"4778",2007,29,0.0414851254772594
"4779",2007,30,0.0465137113517466
"4780",2007,31,0.0442277741439663
"4781",2007,32,0.03268389969662
"4782",2007,33,0.0250233018470853
"4783",2007,34,0.0243181692216574
"4784",2007,35,0.0351563810297111
"4785",2007,36,0.0535045588677454
"4786",2007,37,0.0464460727890579
"4787",2007,38,0.0323381417580241
"4788",2007,39,0.0311434945783269
"4789",2007,40,0.0365011350316007
"4790",2007,41,0.0489054396228429
"4791",2007,42,0.04773108820936
"4792",2007,43,0.0333197586686452
"4793",2007,44,0.0294473507281437
"4794",2007,45,0.0294956316567468
"4795",2007,46,0.0761050875333462
"4796",2007,47,0.105717005777385
"4797",2007,48,0.103855501179073
"4798",2007,49,0.125296069860665
"4799",2007,50,0.110742562954004
"4800",2007,51,0.120261323284783
"4801",2007,52,0.0960747205315765
"4802",2007,53,0.0929489388683861
"4803",2007,54,0.106777099483478
"4804",2007,55,0.090616793061935
"4805",2007,56,0.0693926412158725
"4806",2007,57,0.0556623719287592
"4807",2007,58,0.0570540547737719
"4808",2007,59,0.0814293876831143
"4809",2007,60,0.0791986601168618
"4810",2007,61,0.0755761388379925
"4811",2007,62,0.0934648197903224
"4812",2007,63,0.103079272048264
"4813",2007,64,0.0917012115582571
"4814",2007,65,0.10560255637881
"4815",2007,66,0.146978738599216
"4816",2007,67,0.182624991115516
"4817",2007,68,0.181118456800269
"4818",2007,69,0.186676001611037
"4819",2007,70,0.213339275183658
"4820",2007,71,0.23944043764002
"4821",2007,72,0.176220631996958
"4822",2007,73,0.147591859515778
"4823",2007,74,0.127766906898757
"4824",2007,75,0.1724280449594
"4825",2007,76,0.227818899806865
"4826",2007,77,0.188884461811444
"4827",2007,78,0.149338234212299
"4828",2007,79,0.245393628838717
"4829",2007,80,0.192477944959869
"4830",2007,81,0.235110746719377
"4831",2007,82,0.260691682465881
"4832",2007,83,0.304360903502733
"4833",2007,84,0.294718816412734
"4834",2007,85,0.24667701350328
"4835",2007,86,0.2344644366361
"4836",2007,87,0.223702205184653
"4837",2007,88,0.210174334147927
"4838",2007,89,0.234336759815704
"4839",2007,90,0.266530945500047
"4840",2007,91,0.238106938251946
"4841",2007,92,0.215199019097254
"4842",2007,93,0.175276946545445
"4843",2007,94,0.187517085173323
"4844",2007,95,0.193211985268625
"4845",2007,96,0.177547118236779
"4846",2007,97,0.20926359732213
"4847",2007,98,0.250241332445689
"4848",2007,99,0.281125741001392
"4849",2007,100,0.235508207746406
"4850",2007,101,0.248364397905699
"4851",2007,102,0.293002140139853
"4852",2007,103,0.33540809020763
"4853",2007,104,0.389625238763842
"4854",2007,105,0.366051008856079
"4855",2007,106,0.350056187848509
"4856",2007,107,0.408756311490055
"4857",2007,108,0.42321293172511
"4858",2007,109,0.41225235985751
"4859",2007,110,0.375301870118749
"4860",2007,111,0.342001538135311
"4861",2007,112,0.376889272814853
"4862",2007,113,0.392450669331636
"4863",2007,114,0.407407138971772
"4864",2007,115,0.428507140224232
"4865",2007,116,0.410423405286756
"4866",2007,117,0.427530868431894
"4867",2007,118,0.451867591136021
"4868",2007,119,0.419776726371386
"4869",2007,120,0.39411598027701
"4870",2007,121,0.408681108511488
"4871",2007,122,0.485105581007223
"4872",2007,123,0.496390243593266
"4873",2007,124,0.435471797794875
"4874",2007,125,0.412722800280043
"4875",2007,126,0.43665671866607
"4876",2007,127,0.47820801861615
"4877",2007,128,0.520463002875137
"4878",2007,129,0.494163263625767
"4879",2007,130,0.390792903926708
"4880",2007,131,0.47707784758302
"4881",2007,132,0.545693234773213
"4882",2007,133,0.473938092512147
"4883",2007,134,0.462353638042753
"4884",2007,135,0.464013934868716
"4885",2007,136,0.476932378288836
"4886",2007,137,0.565141734867856
"4887",2007,138,0.501532801242105
"4888",2007,139,0.410584477443755
"4889",2007,140,0.498900276908193
"4890",2007,141,0.450083596005597
"4891",2007,142,0.437301572662313
"4892",2007,143,0.439777146446973
"4893",2007,144,0.431335527842885
"4894",2007,145,0.433986264940091
"4895",2007,146,0.477451052447339
"4896",2007,147,0.552643614568826
"4897",2007,148,0.537779226642781
"4898",2007,149,0.446441859130559
"4899",2007,150,0.450024478215732
"4900",2007,151,0.519937098629839
"4901",2007,152,0.563747744877325
"4902",2007,153,0.588254531272274
"4903",2007,154,0.60926096799712
"4904",2007,155,0.572276372802131
"4905",2007,156,0.589226255009411
"4906",2007,157,0.515099676631047
"4907",2007,158,0.492117989045262
"4908",2007,159,0.5511875436063
"4909",2007,160,0.56439740748649
"4910",2007,161,0.590545640002937
"4911",2007,162,0.593647683199079
"4912",2007,163,0.564488852823157
"4913",2007,164,0.549866362075586
"4914",2007,165,0.569759799970112
"4915",2007,166,0.559842117110034
"4916",2007,167,0.556260314088301
"4917",2007,168,0.564154982864045
"4918",2007,169,0.549020187753789
"4919",2007,170,0.559513304702366
"4920",2007,171,0.596431018404448
"4921",2007,172,0.650563080332151
"4922",2007,173,0.655829226426354
"4923",2007,174,0.633438309213509
"4924",2007,175,0.544715651373784
"4925",2007,176,0.560772907816495
"4926",2007,177,0.544956926445664
"4927",2007,178,0.535733525834288
"4928",2007,179,0.586764451566425
"4929",2007,180,0.635006698908001
"4930",2007,181,0.642240469493803
"4931",2007,182,0.630476905095212
"4932",2007,183,0.642019246671247
"4933",2007,184,0.655513572928834
"4934",2007,185,0.665665144248146
"4935",2007,186,0.682996998679271
"4936",2007,187,0.760894699318956
"4937",2007,188,0.669256961209606
"4938",2007,189,0.619973130778963
"4939",2007,190,0.600607860598759
"4940",2007,191,0.58453849186879
"4941",2007,192,0.618274271626303
"4942",2007,193,0.658704388236798
"4943",2007,194,0.691064315851469
"4944",2007,195,0.685673741913943
"4945",2007,196,0.689857855219865
"4946",2007,197,0.689811329598339
"4947",2007,198,0.693985816438211
"4948",2007,199,0.692382280809872
"4949",2007,200,0.719540237036315
"4950",2007,201,0.699860455620836
"4951",2007,202,0.713619789900535
"4952",2007,203,0.707655006097121
"4953",2007,204,0.741465993539918
"4954",2007,205,0.717617829444052
"4955",2007,206,0.628182251182364
"4956",2007,207,0.610351463710612
"4957",2007,208,0.678537139989507
"4958",2007,209,0.735989656011006
"4959",2007,210,0.709523440515396
"4960",2007,211,0.710908099152833
"4961",2007,212,0.654514822553394
"4962",2007,213,0.582998031877788
"4963",2007,214,0.60610986109651
"4964",2007,215,0.660067823641018
"4965",2007,216,0.63592354006136
"4966",2007,217,0.594231782434642
"4967",2007,218,0.600772572129222
"4968",2007,219,0.632019189645491
"4969",2007,220,0.613558357859313
"4970",2007,221,0.565929957647163
"4971",2007,222,0.527199306906677
"4972",2007,223,0.519840227034528
"4973",2007,224,0.568792596482443
"4974",2007,225,0.56644768731467
"4975",2007,226,0.528486254989681
"4976",2007,227,0.524428625992385
"4977",2007,228,0.523957806842338
"4978",2007,229,0.572463728359305
"4979",2007,230,0.557314203816816
"4980",2007,231,0.582579552788532
"4981",2007,232,0.524406855518064
"4982",2007,233,0.513086447558738
"4983",2007,234,0.489345810553101
"4984",2007,235,0.43716974114184
"4985",2007,236,0.44521122253374
"4986",2007,237,0.523079144522603
"4987",2007,238,0.45389276759053
"4988",2007,239,0.447567650237
"4989",2007,240,0.421663263669736
"4990",2007,241,0.468094993350928
"4991",2007,242,0.504852573142787
"4992",2007,243,0.554274708930086
"4993",2007,244,0.483754520559613
"4994",2007,245,0.438106181610948
"4995",2007,246,0.484318975889885
"4996",2007,247,0.48053158391792
"4997",2007,248,0.44021881268106
"4998",2007,249,0.404595358781666
"4999",2007,250,0.360774644856298
"5000",2007,251,0.352522325993402
"5001",2007,252,0.346838907617261
"5002",2007,253,0.380957812404199
"5003",2007,254,0.392617684359779
"5004",2007,255,0.330622674295259
"5005",2007,256,0.28345511385614
"5006",2007,257,0.325891529961283
"5007",2007,258,0.36659057931247
"5008",2007,259,0.392699062301906
"5009",2007,260,0.31353877330733
"5010",2007,261,0.296812293664993
"5011",2007,262,0.280774581103119
"5012",2007,263,0.277685396854441
"5013",2007,264,0.297910914024481
"5014",2007,265,0.315819739587551
"5015",2007,266,0.268089207718601
"5016",2007,267,0.251312074759897
"5017",2007,268,0.256988158943545
"5018",2007,269,0.269023129342626
"5019",2007,270,0.258014385035832
"5020",2007,271,0.314526878976634
"5021",2007,272,0.24229843409763
"5022",2007,273,0.228419231425243
"5023",2007,274,0.257814209590713
"5024",2007,275,0.239824718235261
"5025",2007,276,0.223492076086549
"5026",2007,277,0.198355822785933
"5027",2007,278,0.186356723301479
"5028",2007,279,0.181120278898429
"5029",2007,280,0.192378639307568
"5030",2007,281,0.1981419330524
"5031",2007,282,0.17915783883111
"5032",2007,283,0.179800907928281
"5033",2007,284,0.174936241782367
"5034",2007,285,0.173120993305655
"5035",2007,286,0.182828725362916
"5036",2007,287,0.174622701195711
"5037",2007,288,0.180614224688993
"5038",2007,289,0.168291245018658
"5039",2007,290,0.162554340836994
"5040",2007,291,0.156459217589842
"5041",2007,292,0.147984658946335
"5042",2007,293,0.137269086932347
"5043",2007,294,0.130392684778792
"5044",2007,295,0.141699121072265
"5045",2007,296,0.150732539850748
"5046",2007,297,0.180210953014486
"5047",2007,298,0.134658497436973
"5048",2007,299,0.108016547505041
"5049",2007,300,0.0965527536890874
"5050",2007,301,0.121690033755016
"5051",2007,302,0.141071613206951
"5052",2007,303,0.113041216730168
"5053",2007,304,0.10141732915362
"5054",2007,305,0.0990468999022869
"5055",2007,306,0.0960919328425945
"5056",2007,307,0.0969858065595148
"5057",2007,308,0.0877947563596447
"5058",2007,309,0.0660620486318891
"5059",2007,310,0.0770957566500235
"5060",2007,311,0.0861009260940072
"5061",2007,312,0.0896394372183696
"5062",2007,313,0.0716994974978417
"5063",2007,314,0.0914020069540274
"5064",2007,315,0.087501846897288
"5065",2007,316,0.0869549834128146
"5066",2007,317,0.088704376749221
"5067",2007,318,0.072621911057635
"5068",2007,319,0.076000540439153
"5069",2007,320,0.0598096015569797
"5070",2007,321,0.0704083503360727
"5071",2007,322,0.0720810874639094
"5072",2007,323,0.0539841000509957
"5073",2007,324,0.0472893350654828
"5074",2007,325,0.0409647069736995
"5075",2007,326,0.0392581031566306
"5076",2007,327,0.0429055235009852
"5077",2007,328,0.0507477761036411
"5078",2007,329,0.0521410989367163
"5079",2007,330,0.0242520080267458
"5080",2007,331,0.0227251525615018
"5081",2007,332,0.0207357935039167
"5082",2007,333,0.0173802663618125
"5083",2007,334,0.0213683906246339
"5084",2007,335,0.0185006054740535
"5085",2007,336,0.0188794194602709
"5086",2007,337,0.0295280924348975
"5087",2007,338,0.0283508443641396
"5088",2007,339,0.0242339969145728
"5089",2007,340,0.0202115358757428
"5090",2007,341,0.0165476237480267
"5091",2007,342,0.0166943840927008
"5092",2007,343,0.0243934144035877
"5093",2007,344,0.0305965652734885
"5094",2007,345,0.0261709185260151
"5095",2007,346,0.0336651444294942
"5096",2007,347,0.0262423704586915
"5097",2007,348,0.0281477198572483
"5098",2007,349,0.0270963855174022
"5099",2007,350,0.0355697322566229
"5100",2007,351,0.0306325618379846
"5101",2007,352,0.0307547110897733
"5102",2007,353,0.0356585689681949
"5103",2007,354,0.0314806914681699
"5104",2007,355,0.022648644905164
"5105",2007,356,0.0158806904914499
"5106",2007,357,0.0272727302390216
"5107",2007,358,0.039224347972014
"5108",2007,359,0.0369624758615556
"5109",2007,360,0.0297043064263828
"5110",2007,361,0.0271071643516522
"5111",2007,362,0.024666685417483
"5112",2007,363,0.020717856618764
"5113",2007,364,0.0198443442723699
"5114",2007,365,0.0183868800199364
"5115",2008,1,0.0212757405755857
"5116",2008,2,0.0365109155607422
"5117",2008,3,0.0445508265499494
"5118",2008,4,0.056521500502364
"5119",2008,5,0.0599324665304307
"5120",2008,6,0.0462552899939258
"5121",2008,7,0.0363937126989307
"5122",2008,8,0.0307295558883598
"5123",2008,9,0.0287236959198947
"5124",2008,10,0.0286013917315617
"5125",2008,11,0.0333915403004091
"5126",2008,12,0.0394431747397842
"5127",2008,13,0.0358279583489209
"5128",2008,14,0.0470619390949052
"5129",2008,15,0.0475951221952656
"5130",2008,16,0.029462415552472
"5131",2008,17,0.0353613564783174
"5132",2008,18,0.0202001182434076
"5133",2008,19,0.0225295549115121
"5134",2008,20,0.0236683442815804
"5135",2008,21,0.0299471246328644
"5136",2008,22,0.0389258190158008
"5137",2008,23,0.0280576346835388
"5138",2008,24,0.0330324888601253
"5139",2008,25,0.0380946944852097
"5140",2008,26,0.0486668555876383
"5141",2008,27,0.0608852048895886
"5142",2008,28,0.0196110114989379
"5143",2008,29,0.01
"5144",2008,30,0.0145823045582593
"5145",2008,31,0.0305889086321536
"5146",2008,32,0.0239952796968873
"5147",2008,33,0.0296398289509436
"5148",2008,34,0.0261887594095275
"5149",2008,35,0.0275455919914062
"5150",2008,36,0.0455785682094299
"5151",2008,37,0.0734159480123764
"5152",2008,38,0.0566316677881732
"5153",2008,39,0.0443430107245102
"5154",2008,40,0.0190039655925289
"5155",2008,41,0.0250277711033799
"5156",2008,42,0.0541186851453559
"5157",2008,43,0.073719439526679
"5158",2008,44,0.0507493495011814
"5159",2008,45,0.0503316653457787
"5160",2008,46,0.0951821920241356
"5161",2008,47,0.119437125028444
"5162",2008,48,0.0797499291622402
"5163",2008,49,0.0735682794735875
"5164",2008,50,0.0628506045894928
"5165",2008,51,0.0687675188270221
"5166",2008,52,0.0826929793973374
"5167",2008,53,0.0879348224440606
"5168",2008,54,0.0905868415813127
"5169",2008,55,0.0920407540031818
"5170",2008,56,0.0971685145915405
"5171",2008,57,0.0949541649366354
"5172",2008,58,0.116149384717897
"5173",2008,59,0.12989765999308
"5174",2008,60,0.116413476715565
"5175",2008,61,0.150955767133408
"5176",2008,62,0.0845943664967917
"5177",2008,63,0.0912927054171878
"5178",2008,64,0.0896610692614497
"5179",2008,65,0.0904687356601256
"5180",2008,66,0.0611446049980076
"5181",2008,67,0.121817171895517
"5182",2008,68,0.137509730217022
"5183",2008,69,0.153740978366816
"5184",2008,70,0.173980809724757
"5185",2008,71,0.185996221880653
"5186",2008,72,0.193104444122582
"5187",2008,73,0.154385769371693
"5188",2008,74,0.139326943232522
"5189",2008,75,0.16363617184819
"5190",2008,76,0.15070692087709
"5191",2008,77,0.16181031630059
"5192",2008,78,0.194780807521933
"5193",2008,79,0.191220400042226
"5194",2008,80,0.191066594587606
"5195",2008,81,0.197791928563118
"5196",2008,82,0.196550265828688
"5197",2008,83,0.219510541512032
"5198",2008,84,0.225430489031328
"5199",2008,85,0.205987933474475
"5200",2008,86,0.20711549178472
"5201",2008,87,0.199810585607256
"5202",2008,88,0.206028654613148
"5203",2008,89,0.18707838234665
"5204",2008,90,0.183892537969886
"5205",2008,91,0.193461185611599
"5206",2008,92,0.19583683827936
"5207",2008,93,0.224007101113995
"5208",2008,94,0.263513192370785
"5209",2008,95,0.259605574467439
"5210",2008,96,0.220393424291975
"5211",2008,97,0.297233920867925
"5212",2008,98,0.289207082161981
"5213",2008,99,0.29216752040786
"5214",2008,100,0.308565431089106
"5215",2008,101,0.303360473012768
"5216",2008,102,0.307064946415913
"5217",2008,103,0.307483331313283
"5218",2008,104,0.414074375774845
"5219",2008,105,0.41862063060285
"5220",2008,106,0.340715676428447
"5221",2008,107,0.309992976226218
"5222",2008,108,0.356812475706273
"5223",2008,109,0.340547931856414
"5224",2008,110,0.275620547005908
"5225",2008,111,0.244360014476936
"5226",2008,112,0.205023488849388
"5227",2008,113,0.217942246139289
"5228",2008,114,0.221883701518703
"5229",2008,115,0.28769827946359
"5230",2008,116,0.303032851727793
"5231",2008,117,0.296262472022142
"5232",2008,118,0.353529896684695
"5233",2008,119,0.410568887851139
"5234",2008,120,0.437810311850073
"5235",2008,121,0.392783611819525
"5236",2008,122,0.351952416428194
"5237",2008,123,0.357102094561803
"5238",2008,124,0.389550808641659
"5239",2008,125,0.417663243129461
"5240",2008,126,0.42613776918996
"5241",2008,127,0.431944162826425
"5242",2008,128,0.400069982519007
"5243",2008,129,0.39113935730068
"5244",2008,130,0.38544236721277
"5245",2008,131,0.37826032058422
"5246",2008,132,0.431131578887955
"5247",2008,133,0.422273324261335
"5248",2008,134,0.452478667721946
"5249",2008,135,0.460730971881255
"5250",2008,136,0.494823655811144
"5251",2008,137,0.547159233592799
"5252",2008,138,0.528136424473514
"5253",2008,139,0.546159366450205
"5254",2008,140,0.516535757767764
"5255",2008,141,0.52287747731366
"5256",2008,142,0.501191675936377
"5257",2008,143,0.513856883571614
"5258",2008,144,0.511438780766386
"5259",2008,145,0.530142968817389
"5260",2008,146,0.462651582082522
"5261",2008,147,0.457906365678395
"5262",2008,148,0.454125862478586
"5263",2008,149,0.466792592592
"5264",2008,150,0.56955677462785
"5265",2008,151,0.556405094109094
"5266",2008,152,0.534024910489186
"5267",2008,153,0.530342287018667
"5268",2008,154,0.515440309154946
"5269",2008,155,0.5067274942509
"5270",2008,156,0.539544774710549
"5271",2008,157,0.550327245927593
"5272",2008,158,0.539121693660972
"5273",2008,159,0.499245988663794
"5274",2008,160,0.500094116781041
"5275",2008,161,0.504843857052387
"5276",2008,162,0.510037044095689
"5277",2008,163,0.475869325823241
"5278",2008,164,0.480817107706779
"5279",2008,165,0.55013068040318
"5280",2008,166,0.516342530823057
"5281",2008,167,0.533469209649565
"5282",2008,168,0.567397014749234
"5283",2008,169,0.619250549808797
"5284",2008,170,0.592846584151421
"5285",2008,171,0.577971133001139
"5286",2008,172,0.57679542822495
"5287",2008,173,0.618160435901369
"5288",2008,174,0.622614034703149
"5289",2008,175,0.581390323809964
"5290",2008,176,0.583301596345955
"5291",2008,177,0.590668917600755
"5292",2008,178,0.61653942380209
"5293",2008,179,0.548105776586724
"5294",2008,180,0.596609408427917
"5295",2008,181,0.643958301958417
"5296",2008,182,0.697357581850968
"5297",2008,183,0.66025619359015
"5298",2008,184,0.590516245196761
"5299",2008,185,0.653672849954195
"5300",2008,186,0.683832591405694
"5301",2008,187,0.665880088667703
"5302",2008,188,0.625850465796292
"5303",2008,189,0.609033324536071
"5304",2008,190,0.597419137147855
"5305",2008,191,0.620468291589785
"5306",2008,192,0.622813780163399
"5307",2008,193,0.581323208086583
"5308",2008,194,0.594048039883904
"5309",2008,195,0.624060346412041
"5310",2008,196,0.612636343687646
"5311",2008,197,0.570893989629118
"5312",2008,198,0.599270346058173
"5313",2008,199,0.592843003443363
"5314",2008,200,0.613209844076117
"5315",2008,201,0.591317038489169
"5316",2008,202,0.610380992922188
"5317",2008,203,0.657572904987475
"5318",2008,204,0.659468248172647
"5319",2008,205,0.612221027012192
"5320",2008,206,0.588406138272206
"5321",2008,207,0.592705152127865
"5322",2008,208,0.627882043810528
"5323",2008,209,0.636885868377676
"5324",2008,210,0.599810728464404
"5325",2008,211,0.600373799781341
"5326",2008,212,0.61327990760107
"5327",2008,213,0.568935815147727
"5328",2008,214,0.624933952837472
"5329",2008,215,0.57427668789763
"5330",2008,216,0.556859751122405
"5331",2008,217,0.547666615792984
"5332",2008,218,0.579066377954373
"5333",2008,219,0.564219826295122
"5334",2008,220,0.616161901723655
"5335",2008,221,0.665792833473806
"5336",2008,222,0.638133271555875
"5337",2008,223,0.634266958762607
"5338",2008,224,0.570187814484464
"5339",2008,225,0.507806722856565
"5340",2008,226,0.528736420278085
"5341",2008,227,0.551657682182613
"5342",2008,228,0.551233160499449
"5343",2008,229,0.591915401886635
"5344",2008,230,0.587324215844254
"5345",2008,231,0.610459583167207
"5346",2008,232,0.644115306953483
"5347",2008,233,0.584124110678195
"5348",2008,234,0.542182326822154
"5349",2008,235,0.442438299118612
"5350",2008,236,0.459060424010152
"5351",2008,237,0.534950843764105
"5352",2008,238,0.597362797482878
"5353",2008,239,0.453380768900217
"5354",2008,240,0.428802445371681
"5355",2008,241,0.441798393654052
"5356",2008,242,0.457370079587706
"5357",2008,243,0.469582416199024
"5358",2008,244,0.380872471781988
"5359",2008,245,0.364763229379335
"5360",2008,246,0.392823350656639
"5361",2008,247,0.380593114456099
"5362",2008,248,0.384512523487648
"5363",2008,249,0.369932535346277
"5364",2008,250,0.360367468021764
"5365",2008,251,0.340834450528815
"5366",2008,252,0.359014980586805
"5367",2008,253,0.38839984690292
"5368",2008,254,0.353593161211623
"5369",2008,255,0.365456233471283
"5370",2008,256,0.385645853057248
"5371",2008,257,0.34843979143779
"5372",2008,258,0.339784428042768
"5373",2008,259,0.375484819248483
"5374",2008,260,0.372809511753547
"5375",2008,261,0.369255455963498
"5376",2008,262,0.375045007749418
"5377",2008,263,0.338756577885058
"5378",2008,264,0.320407245695208
"5379",2008,265,0.335195127816202
"5380",2008,266,0.291108036143111
"5381",2008,267,0.262758836224512
"5382",2008,268,0.259464676275498
"5383",2008,269,0.28792819918662
"5384",2008,270,0.24934583012233
"5385",2008,271,0.289153002421259
"5386",2008,272,0.25456967479112
"5387",2008,273,0.260139172301984
"5388",2008,274,0.282538341503007
"5389",2008,275,0.285983885949762
"5390",2008,276,0.284942569068947
"5391",2008,277,0.287751249243035
"5392",2008,278,0.279774967650512
"5393",2008,279,0.251530604449959
"5394",2008,280,0.201107715860442
"5395",2008,281,0.203508472449577
"5396",2008,282,0.188473575542943
"5397",2008,283,0.158056379188063
"5398",2008,284,0.137616304731028
"5399",2008,285,0.132903759155126
"5400",2008,286,0.125552316904385
"5401",2008,287,0.150788113044114
"5402",2008,288,0.14796397896456
"5403",2008,289,0.134694683994769
"5404",2008,290,0.140295214420979
"5405",2008,291,0.155189177666184
"5406",2008,292,0.14668502899966
"5407",2008,293,0.128166353932171
"5408",2008,294,0.12809360170406
"5409",2008,295,0.141211344205294
"5410",2008,296,0.124308942791161
"5411",2008,297,0.136341723945301
"5412",2008,298,0.127340363026665
"5413",2008,299,0.120081465570064
"5414",2008,300,0.087583942654735
"5415",2008,301,0.0966365594358821
"5416",2008,302,0.123495972642367
"5417",2008,303,0.145447087902065
"5418",2008,304,0.114914627762692
"5419",2008,305,0.115605897294035
"5420",2008,306,0.125557259716048
"5421",2008,307,0.110848524515765
"5422",2008,308,0.114292932868937
"5423",2008,309,0.0924340211997194
"5424",2008,310,0.0791434855110452
"5425",2008,311,0.0714550243804571
"5426",2008,312,0.066637958436222
"5427",2008,313,0.0729607667558982
"5428",2008,314,0.0782231005282529
"5429",2008,315,0.0821237093576269
"5430",2008,316,0.0695062819326953
"5431",2008,317,0.0824070497811558
"5432",2008,318,0.0766334171481249
"5433",2008,319,0.0614886926261282
"5434",2008,320,0.0592274682017571
"5435",2008,321,0.060909621122358
"5436",2008,322,0.0562753269873592
"5437",2008,323,0.0732442285375927
"5438",2008,324,0.0489665293971985
"5439",2008,325,0.0379652816861
"5440",2008,326,0.0463614846924436
"5441",2008,327,0.0577765144552473
"5442",2008,328,0.0536484782799776
"5443",2008,329,0.0561670024352771
"5444",2008,330,0.0614757821815441
"5445",2008,331,0.0528457090878871
"5446",2008,332,0.0488389508531833
"5447",2008,333,0.0413292440944263
"5448",2008,334,0.0503252787081909
"5449",2008,335,0.047765590815431
"5450",2008,336,0.058795278302407
"5451",2008,337,0.0425260408328728
"5452",2008,338,0.0300100699106744
"5453",2008,339,0.0314751907037041
"5454",2008,340,0.0400091291204976
"5455",2008,341,0.0365957980268629
"5456",2008,342,0.0375530484825872
"5457",2008,343,0.025433619115374
"5458",2008,344,0.0313195047703973
"5459",2008,345,0.0366346735935008
"5460",2008,346,0.0385762209417749
"5461",2008,347,0.0349168633237364
"5462",2008,348,0.0134841687811903
"5463",2008,349,0.01
"5464",2008,350,0.01
"5465",2008,351,0.0128624720104342
"5466",2008,352,0.012453381375565
"5467",2008,353,0.01
"5468",2008,354,0.0115099637863639
"5469",2008,355,0.01
"5470",2008,356,0.01
"5471",2008,357,0.01
"5472",2008,358,0.0104403859557293
"5473",2008,359,0.0149654117323095
"5474",2008,360,0.0215416435603678
"5475",2008,361,0.0171328772264689
"5476",2008,362,0.0217300994107576
"5477",2008,363,0.0279702999399767
"5478",2008,364,0.0210091561005669
"5479",2008,365,0.0185378547623578
"5480",2009,1,0.0165143269915995
"5481",2009,2,0.0183201867842577
"5482",2009,3,0.01
"5483",2009,4,0.0117286202944546
"5484",2009,5,0.0238388223845819
"5485",2009,6,0.0253306628869072
"5486",2009,7,0.0212259204964433
"5487",2009,8,0.0272146034177486
"5488",2009,9,0.0248752237395335
"5489",2009,10,0.036073211566242
"5490",2009,11,0.0370988314359475
"5491",2009,12,0.0278096957371497
"5492",2009,13,0.0310274816897888
"5493",2009,14,0.0155345785425599
"5494",2009,15,0.0262152434965428
"5495",2009,16,0.0549874267534331
"5496",2009,17,0.0549786126527079
"5497",2009,18,0.0652676459574994
"5498",2009,19,0.057269736783501
"5499",2009,20,0.05479467112781
"5500",2009,21,0.0464136855044827
"5501",2009,22,0.0348465340555431
"5502",2009,23,0.0160129300700379
"5503",2009,24,0.0145290617818978
"5504",2009,25,0.0166261751445525
"5505",2009,26,0.0179896101306162
"5506",2009,27,0.0397785015441164
"5507",2009,28,0.059685890094441
"5508",2009,29,0.0608124230264077
"5509",2009,30,0.0933901691037775
"5510",2009,31,0.0830375744807115
"5511",2009,32,0.0584397206000445
"5512",2009,33,0.0393234218356203
"5513",2009,34,0.0589055505981205
"5514",2009,35,0.0920941817714757
"5515",2009,36,0.0935608776173547
"5516",2009,37,0.0816891137152505
"5517",2009,38,0.0749168409298402
"5518",2009,39,0.0949593964674233
"5519",2009,40,0.0774400064594386
"5520",2009,41,0.0850025043994318
"5521",2009,42,0.07369270173262
"5522",2009,43,0.0582505496045662
"5523",2009,44,0.0420642746155903
"5524",2009,45,0.0423484206848774
"5525",2009,46,0.049893546125448
"5526",2009,47,0.0687617436708994
"5527",2009,48,0.0678131896768931
"5528",2009,49,0.0641266859286978
"5529",2009,50,0.0763346284740134
"5530",2009,51,0.0703225317528028
"5531",2009,52,0.0745318331897953
"5532",2009,53,0.0879594173265803
"5533",2009,54,0.0852150403549773
"5534",2009,55,0.0676475080149579
"5535",2009,56,0.0414512146923949
"5536",2009,57,0.0318653821805412
"5537",2009,58,0.0432863157260035
"5538",2009,59,0.0452409538397335
"5539",2009,60,0.0724574141376211
"5540",2009,61,0.108864869761708
"5541",2009,62,0.145957496478003
"5542",2009,63,0.146942935316345
"5543",2009,64,0.104283188610707
"5544",2009,65,0.0652425224505747
"5545",2009,66,0.103806175095873
"5546",2009,67,0.0896298489408395
"5547",2009,68,0.0375222713122335
"5548",2009,69,0.0305484311244373
"5549",2009,70,0.0405833119107415
"5550",2009,71,0.0822252151990747
"5551",2009,72,0.151745944337279
"5552",2009,73,0.176609803861316
"5553",2009,74,0.179952031973152
"5554",2009,75,0.162960022305328
"5555",2009,76,0.124399081652186
"5556",2009,77,0.126647970870677
"5557",2009,78,0.190749772544622
"5558",2009,79,0.196832600287597
"5559",2009,80,0.221685345020326
"5560",2009,81,0.199929937579249
"5561",2009,82,0.15654028985864
"5562",2009,83,0.120619155458744
"5563",2009,84,0.121296760893882
"5564",2009,85,0.146282893197981
"5565",2009,86,0.19193748662138
"5566",2009,87,0.213143215104075
"5567",2009,88,0.201950449089914
"5568",2009,89,0.211518580820156
"5569",2009,90,0.237202209194319
"5570",2009,91,0.21875254514893
"5571",2009,92,0.231661648861677
"5572",2009,93,0.233713009940585
"5573",2009,94,0.219050220248335
"5574",2009,95,0.232125067179377
"5575",2009,96,0.28185626895631
"5576",2009,97,0.290726330368937
"5577",2009,98,0.287284662461597
"5578",2009,99,0.301311333262804
"5579",2009,100,0.307855904813721
"5580",2009,101,0.350998994850677
"5581",2009,102,0.346600511539359
"5582",2009,103,0.368895962553466
"5583",2009,104,0.325268163312994
"5584",2009,105,0.296610823980782
"5585",2009,106,0.294358235589584
"5586",2009,107,0.32206016653809
"5587",2009,108,0.356867127747688
"5588",2009,109,0.345206990359459
"5589",2009,110,0.392518498959382
"5590",2009,111,0.406474288966007
"5591",2009,112,0.411971293321198
"5592",2009,113,0.291053476297604
"5593",2009,114,0.261998780784943
"5594",2009,115,0.299876003659981
"5595",2009,116,0.348692465422571
"5596",2009,117,0.319173521782239
"5597",2009,118,0.340571937258675
"5598",2009,119,0.332763584667759
"5599",2009,120,0.346795084889249
"5600",2009,121,0.365747230833414
"5601",2009,122,0.397272285319897
"5602",2009,123,0.415273933345571
"5603",2009,124,0.427888720295193
"5604",2009,125,0.438491526354708
"5605",2009,126,0.426376866801583
"5606",2009,127,0.378808255897988
"5607",2009,128,0.355807382059454
"5608",2009,129,0.36603399326453
"5609",2009,130,0.416036931260922
"5610",2009,131,0.445061512963942
"5611",2009,132,0.476636951132802
"5612",2009,133,0.364799418011154
"5613",2009,134,0.388879710643356
"5614",2009,135,0.385291005705528
"5615",2009,136,0.449575002310113
"5616",2009,137,0.507103749368783
"5617",2009,138,0.39120520820423
"5618",2009,139,0.463723669865565
"5619",2009,140,0.402877185696075
"5620",2009,141,0.420716986766086
"5621",2009,142,0.417881769253098
"5622",2009,143,0.47695618752313
"5623",2009,144,0.517945561061469
"5624",2009,145,0.509217170569444
"5625",2009,146,0.52169936954903
"5626",2009,147,0.556967287728634
"5627",2009,148,0.522154487566869
"5628",2009,149,0.524873711735666
"5629",2009,150,0.596638544044896
"5630",2009,151,0.547672215189676
"5631",2009,152,0.483857601383259
"5632",2009,153,0.474251487510701
"5633",2009,154,0.533418085361299
"5634",2009,155,0.505410695732895
"5635",2009,156,0.42996134812031
"5636",2009,157,0.414933891763498
"5637",2009,158,0.449335785951834
"5638",2009,159,0.453450999200542
"5639",2009,160,0.450917995561469
"5640",2009,161,0.484722394807108
"5641",2009,162,0.531898434374035
"5642",2009,163,0.583668821032509
"5643",2009,164,0.600351700008497
"5644",2009,165,0.644193892145236
"5645",2009,166,0.635219057752451
"5646",2009,167,0.634452765163093
"5647",2009,168,0.633552894606022
"5648",2009,169,0.599652023783795
"5649",2009,170,0.591964476683174
"5650",2009,171,0.644897207103723
"5651",2009,172,0.604110202193291
"5652",2009,173,0.576303384707816
"5653",2009,174,0.588122214854072
"5654",2009,175,0.598812903732209
"5655",2009,176,0.660156468895703
"5656",2009,177,0.601025278041312
"5657",2009,178,0.582856240305991
"5658",2009,179,0.618617306429125
"5659",2009,180,0.603154438726613
"5660",2009,181,0.644095769303478
"5661",2009,182,0.59232607923826
"5662",2009,183,0.580312255458351
"5663",2009,184,0.611091594566437
"5664",2009,185,0.588733589525155
"5665",2009,186,0.612549295234618
"5666",2009,187,0.599469444226253
"5667",2009,188,0.629937837363149
"5668",2009,189,0.603192558674244
"5669",2009,190,0.572230984556456
"5670",2009,191,0.553760057140277
"5671",2009,192,0.592207512915038
"5672",2009,193,0.571774013381154
"5673",2009,194,0.65609613449292
"5674",2009,195,0.561565858852627
"5675",2009,196,0.540756992871655
"5676",2009,197,0.580589427846785
"5677",2009,198,0.628209595239
"5678",2009,199,0.669848364973897
"5679",2009,200,0.646905957255628
"5680",2009,201,0.597860175719247
"5681",2009,202,0.597579122978705
"5682",2009,203,0.646661709159998
"5683",2009,204,0.643723589924219
"5684",2009,205,0.638533919761587
"5685",2009,206,0.672924373801731
"5686",2009,207,0.619692367187484
"5687",2009,208,0.590082851952654
"5688",2009,209,0.555880705125403
"5689",2009,210,0.552855879334573
"5690",2009,211,0.561957996152215
"5691",2009,212,0.553089916758243
"5692",2009,213,0.590951318021645
"5693",2009,214,0.6144884624026
"5694",2009,215,0.536218106670409
"5695",2009,216,0.509587385570003
"5696",2009,217,0.531386955618806
"5697",2009,218,0.572951404776656
"5698",2009,219,0.527938266434415
"5699",2009,220,0.546363952709216
"5700",2009,221,0.564335440321691
"5701",2009,222,0.604201384058896
"5702",2009,223,0.623188276765593
"5703",2009,224,0.57539394326991
"5704",2009,225,0.532830362351772
"5705",2009,226,0.520984070919254
"5706",2009,227,0.531285836292051
"5707",2009,228,0.468429247806684
"5708",2009,229,0.514982564625293
"5709",2009,230,0.534339057785547
"5710",2009,231,0.515118556072313
"5711",2009,232,0.500156935104397
"5712",2009,233,0.52007746980424
"5713",2009,234,0.55380070614989
"5714",2009,235,0.533357978422069
"5715",2009,236,0.500256523201347
"5716",2009,237,0.516648512192051
"5717",2009,238,0.527563951984951
"5718",2009,239,0.467736147105028
"5719",2009,240,0.474326111187655
"5720",2009,241,0.47972457906065
"5721",2009,242,0.478584984943341
"5722",2009,243,0.491211379720174
"5723",2009,244,0.51621192340922
"5724",2009,245,0.51155150498642
"5725",2009,246,0.544839698819412
"5726",2009,247,0.469613009413878
"5727",2009,248,0.454737084225712
"5728",2009,249,0.506047004122243
"5729",2009,250,0.430137921972967
"5730",2009,251,0.407810419738984
"5731",2009,252,0.40989841357408
"5732",2009,253,0.390789191842151
"5733",2009,254,0.378398754573991
"5734",2009,255,0.387858708219619
"5735",2009,256,0.396725064208424
"5736",2009,257,0.398312420267567
"5737",2009,258,0.392679418520243
"5738",2009,259,0.417018028277258
"5739",2009,260,0.461942946917273
"5740",2009,261,0.382346861727981
"5741",2009,262,0.437561681473638
"5742",2009,263,0.335718457115284
"5743",2009,264,0.30488404899941
"5744",2009,265,0.341710494892604
"5745",2009,266,0.388075941084201
"5746",2009,267,0.408683442128591
"5747",2009,268,0.320929970647305
"5748",2009,269,0.315356187384373
"5749",2009,270,0.254527984833812
"5750",2009,271,0.229725145387231
"5751",2009,272,0.275258550965343
"5752",2009,273,0.237093090212541
"5753",2009,274,0.209165192648413
"5754",2009,275,0.20080227667945
"5755",2009,276,0.201812783228225
"5756",2009,277,0.192435258604472
"5757",2009,278,0.189490535692997
"5758",2009,279,0.204131044943825
"5759",2009,280,0.162415087148524
"5760",2009,281,0.137762380421944
"5761",2009,282,0.110091912943584
"5762",2009,283,0.121934624525737
"5763",2009,284,0.114809507349561
"5764",2009,285,0.106992768121583
"5765",2009,286,0.122759736706224
"5766",2009,287,0.126967551427452
"5767",2009,288,0.128193907045735
"5768",2009,289,0.144541341680193
"5769",2009,290,0.18291986680759
"5770",2009,291,0.154172195409644
"5771",2009,292,0.124866468739619
"5772",2009,293,0.129874720152252
"5773",2009,294,0.142250231810313
"5774",2009,295,0.139453940019313
"5775",2009,296,0.132119030275054
"5776",2009,297,0.131471502434194
"5777",2009,298,0.121974231370504
"5778",2009,299,0.126381313600142
"5779",2009,300,0.107225881394799
"5780",2009,301,0.105453761359014
"5781",2009,302,0.102029469111613
"5782",2009,303,0.0959052495012031
"5783",2009,304,0.120250286804515
"5784",2009,305,0.102017969820838
"5785",2009,306,0.0906233246767774
"5786",2009,307,0.0902684929224545
"5787",2009,308,0.0863597332347591
"5788",2009,309,0.104304425072686
"5789",2009,310,0.119956464993469
"5790",2009,311,0.0970056977262825
"5791",2009,312,0.0885954414256221
"5792",2009,313,0.0849663501878933
"5793",2009,314,0.0985148602600991
"5794",2009,315,0.0830466921841852
"5795",2009,316,0.0651310769669016
"5796",2009,317,0.063759201523236
"5797",2009,318,0.0592381502860014
"5798",2009,319,0.0649889616271437
"5799",2009,320,0.0905928486233557
"5800",2009,321,0.100557345093993
"5801",2009,322,0.0781817270119726
"5802",2009,323,0.0705289474428053
"5803",2009,324,0.0813445337190075
"5804",2009,325,0.0731560372807856
"5805",2009,326,0.0530292415897108
"5806",2009,327,0.0464879198722999
"5807",2009,328,0.0526526503228459
"5808",2009,329,0.0490717958790666
"5809",2009,330,0.0679314498692389
"5810",2009,331,0.0535508462868171
"5811",2009,332,0.0415894839302404
"5812",2009,333,0.0411853657388655
"5813",2009,334,0.0484175200704605
"5814",2009,335,0.0417777511473436
"5815",2009,336,0.0295044420354089
"5816",2009,337,0.0235691905126185
"5817",2009,338,0.0227169248112166
"5818",2009,339,0.0250789474802001
"5819",2009,340,0.019579995316867
"5820",2009,341,0.0102338753662251
"5821",2009,342,0.01
"5822",2009,343,0.0113989464581323
"5823",2009,344,0.0136300415693333
"5824",2009,345,0.0165689092542086
"5825",2009,346,0.01
"5826",2009,347,0.01
"5827",2009,348,0.01
"5828",2009,349,0.0114241172567801
"5829",2009,350,0.0249255089087795
"5830",2009,351,0.0325174859768761
"5831",2009,352,0.0293086433488975
"5832",2009,353,0.0284272508632297
"5833",2009,354,0.0260256875313414
"5834",2009,355,0.0234861772599502
"5835",2009,356,0.0258756486092466
"5836",2009,357,0.0165886436455963
"5837",2009,358,0.01
"5838",2009,359,0.0117100861549884
"5839",2009,360,0.0158786229045581
"5840",2009,361,0.0234077122554638
"5841",2009,362,0.0241436561756249
"5842",2009,363,0.0223899063078387
"5843",2009,364,0.0210682461920163
"5844",2009,365,0.0117740515654483
"5845",2010,1,0.0134137513141498
"5846",2010,2,0.027580211222938
"5847",2010,3,0.0217731769127632
"5848",2010,4,0.0208183714392805
"5849",2010,5,0.0225747223431032
"5850",2010,6,0.0127921518353782
"5851",2010,7,0.0103182851784104
"5852",2010,8,0.0210554403480312
"5853",2010,9,0.0368553426158947
"5854",2010,10,0.0471950571236243
"5855",2010,11,0.0529386641880528
"5856",2010,12,0.0715240502217532
"5857",2010,13,0.0637885369518542
"5858",2010,14,0.0540354205279644
"5859",2010,15,0.0684386128292737
"5860",2010,16,0.0670086500794091
"5861",2010,17,0.0497530936920065
"5862",2010,18,0.0617996564173442
"5863",2010,19,0.0601212238632126
"5864",2010,20,0.0542852152965569
"5865",2010,21,0.0517150961026886
"5866",2010,22,0.0587706374650021
"5867",2010,23,0.0584957057784618
"5868",2010,24,0.0480458852297068
"5869",2010,25,0.0343762570494091
"5870",2010,26,0.0298674656646965
"5871",2010,27,0.0251304094108304
"5872",2010,28,0.027147077998207
"5873",2010,29,0.0292516191457174
"5874",2010,30,0.0393981223519955
"5875",2010,31,0.0394581256566054
"5876",2010,32,0.0397513483757292
"5877",2010,33,0.0476970308580481
"5878",2010,34,0.053490667110668
"5879",2010,35,0.0509344510387383
"5880",2010,36,0.0627835245133554
"5881",2010,37,0.0678821168866098
"5882",2010,38,0.0423492307694405
"5883",2010,39,0.0252416808339386
"5884",2010,40,0.0346705548076137
"5885",2010,41,0.0438791212630592
"5886",2010,42,0.0642157119562808
"5887",2010,43,0.0550522935805463
"5888",2010,44,0.0405397168784601
"5889",2010,45,0.0440837384044034
"5890",2010,46,0.068519836163341
"5891",2010,47,0.0909480176720412
"5892",2010,48,0.0808030411859584
"5893",2010,49,0.0899051293707242
"5894",2010,50,0.0911488376532789
"5895",2010,51,0.0810934232714812
"5896",2010,52,0.0676057332929457
"5897",2010,53,0.0697912794494004
"5898",2010,54,0.0732324665775746
"5899",2010,55,0.0957017831305949
"5900",2010,56,0.0886213990054337
"5901",2010,57,0.0881366456946307
"5902",2010,58,0.10188714675745
"5903",2010,59,0.12178211092584
"5904",2010,60,0.114056691505323
"5905",2010,61,0.116006848538416
"5906",2010,62,0.131254697239959
"5907",2010,63,0.142270463765899
"5908",2010,64,0.144276466866142
"5909",2010,65,0.162307937391687
"5910",2010,66,0.158904263927192
"5911",2010,67,0.17409495911086
"5912",2010,68,0.158973711326187
"5913",2010,69,0.163550454487192
"5914",2010,70,0.172214487115001
"5915",2010,71,0.192670275583553
"5916",2010,72,0.203265334939522
"5917",2010,73,0.182246008783041
"5918",2010,74,0.185578530923138
"5919",2010,75,0.216819998345902
"5920",2010,76,0.243028706064689
"5921",2010,77,0.187950352203297
"5922",2010,78,0.164165100054841
"5923",2010,79,0.211637296572203
"5924",2010,80,0.233709290830685
"5925",2010,81,0.213894866785207
"5926",2010,82,0.206344996943223
"5927",2010,83,0.156814495965735
"5928",2010,84,0.175770386304438
"5929",2010,85,0.208340983793871
"5930",2010,86,0.256224101623297
"5931",2010,87,0.28501606009858
"5932",2010,88,0.303862223311072
"5933",2010,89,0.283957293969027
"5934",2010,90,0.271825341205048
"5935",2010,91,0.256931233395585
"5936",2010,92,0.259965543736135
"5937",2010,93,0.276158956010739
"5938",2010,94,0.278357606640559
"5939",2010,95,0.277070775538329
"5940",2010,96,0.286270140392501
"5941",2010,97,0.321601410828528
"5942",2010,98,0.350891965318216
"5943",2010,99,0.261538983927862
"5944",2010,100,0.265288641664557
"5945",2010,101,0.238757067385824
"5946",2010,102,0.271769012010912
"5947",2010,103,0.299094620830884
"5948",2010,104,0.298920643808298
"5949",2010,105,0.33170070657382
"5950",2010,106,0.353410143578638
"5951",2010,107,0.391294736660218
"5952",2010,108,0.400739495973712
"5953",2010,109,0.418522571033172
"5954",2010,110,0.413007912157791
"5955",2010,111,0.429072843455185
"5956",2010,112,0.438995226877792
"5957",2010,113,0.3681515555235
"5958",2010,114,0.370261892685897
"5959",2010,115,0.300472050049509
"5960",2010,116,0.314162010162694
"5961",2010,117,0.364323432808451
"5962",2010,118,0.412620780965417
"5963",2010,119,0.383941317393851
"5964",2010,120,0.352046732725524
"5965",2010,121,0.351746025042502
"5966",2010,122,0.353335364134871
"5967",2010,123,0.40339337919769
"5968",2010,124,0.340973358498424
"5969",2010,125,0.316460209154415
"5970",2010,126,0.336521952280767
"5971",2010,127,0.357810786611989
"5972",2010,128,0.361662243379454
"5973",2010,129,0.369073896371362
"5974",2010,130,0.390906550771088
"5975",2010,131,0.393387572158901
"5976",2010,132,0.416801814090721
"5977",2010,133,0.461543479660794
"5978",2010,134,0.488792884798183
"5979",2010,135,0.526616428481284
"5980",2010,136,0.515484049686795
"5981",2010,137,0.563022957760334
"5982",2010,138,0.585047370046346
"5983",2010,139,0.587837811480405
"5984",2010,140,0.528588226557728
"5985",2010,141,0.467415527236378
"5986",2010,142,0.446092416930116
"5987",2010,143,0.418424295356228
"5988",2010,144,0.439239934081026
"5989",2010,145,0.422134414318562
"5990",2010,146,0.450871808945518
"5991",2010,147,0.447190729247717
"5992",2010,148,0.426397877565306
"5993",2010,149,0.424681337354217
"5994",2010,150,0.418481038603597
"5995",2010,151,0.43274611108033
"5996",2010,152,0.456613274456761
"5997",2010,153,0.540112058624721
"5998",2010,154,0.566752049116611
"5999",2010,155,0.540629845606449
"6000",2010,156,0.550500277874106
"6001",2010,157,0.546247941862339
"6002",2010,158,0.565155888064446
"6003",2010,159,0.501131794855041
"6004",2010,160,0.510168863232379
"6005",2010,161,0.537574952279362
"6006",2010,162,0.493875551691738
"6007",2010,163,0.531870385347349
"6008",2010,164,0.561751837143922
"6009",2010,165,0.604450211591727
"6010",2010,166,0.557239202560353
"6011",2010,167,0.564229167041021
"6012",2010,168,0.570322359968427
"6013",2010,169,0.558670666754456
"6014",2010,170,0.578314471595266
"6015",2010,171,0.590911398064039
"6016",2010,172,0.600358622383583
"6017",2010,173,0.600101512076309
"6018",2010,174,0.623038227798251
"6019",2010,175,0.654841186246826
"6020",2010,176,0.633104158452421
"6021",2010,177,0.625056138629581
"6022",2010,178,0.611907982701876
"6023",2010,179,0.658496614098541
"6024",2010,180,0.676526225572242
"6025",2010,181,0.670279115494303
"6026",2010,182,0.610126878627284
"6027",2010,183,0.62547287316876
"6028",2010,184,0.586409231440865
"6029",2010,185,0.607515685528478
"6030",2010,186,0.571107768977002
"6031",2010,187,0.585823259028264
"6032",2010,188,0.60364429940905
"6033",2010,189,0.626078614648159
"6034",2010,190,0.679340323852425
"6035",2010,191,0.621910413433367
"6036",2010,192,0.5849943603611
"6037",2010,193,0.638084596706996
"6038",2010,194,0.5571111000637
"6039",2010,195,0.57713047557536
"6040",2010,196,0.644240494586954
"6041",2010,197,0.648161239955929
"6042",2010,198,0.60987286380754
"6043",2010,199,0.590564922746751
"6044",2010,200,0.591268292367593
"6045",2010,201,0.585708177082103
"6046",2010,202,0.602378564207324
"6047",2010,203,0.61122636420652
"6048",2010,204,0.601713525052712
"6049",2010,205,0.61806862607427
"6050",2010,206,0.660666637559734
"6051",2010,207,0.629987011629082
"6052",2010,208,0.593509109301765
"6053",2010,209,0.590706032260967
"6054",2010,210,0.635662695664378
"6055",2010,211,0.636115236779213
"6056",2010,212,0.632868459939953
"6057",2010,213,0.608206825013696
"6058",2010,214,0.606763584404057
"6059",2010,215,0.576220607076012
"6060",2010,216,0.55853774762503
"6061",2010,217,0.569233208902745
"6062",2010,218,0.621940284551476
"6063",2010,219,0.613627231229598
"6064",2010,220,0.615380445287092
"6065",2010,221,0.59442986851005
"6066",2010,222,0.587480425874793
"6067",2010,223,0.584350940168404
"6068",2010,224,0.577491831983462
"6069",2010,225,0.51940585847541
"6070",2010,226,0.537184113528121
"6071",2010,227,0.526173530649604
"6072",2010,228,0.50378094929844
"6073",2010,229,0.510401499873873
"6074",2010,230,0.52220364931726
"6075",2010,231,0.58255746891789
"6076",2010,232,0.528775823724857
"6077",2010,233,0.542003591336698
"6078",2010,234,0.518543020365612
"6079",2010,235,0.475038900072944
"6080",2010,236,0.472174582653229
"6081",2010,237,0.51465364080176
"6082",2010,238,0.554312033268002
"6083",2010,239,0.49302874343608
"6084",2010,240,0.443551528882242
"6085",2010,241,0.401849149856198
"6086",2010,242,0.402055390641434
"6087",2010,243,0.432782305612472
"6088",2010,244,0.421405746346971
"6089",2010,245,0.414322413515385
"6090",2010,246,0.42550228822682
"6091",2010,247,0.469606901073268
"6092",2010,248,0.410045744829164
"6093",2010,249,0.371987827737623
"6094",2010,250,0.372785579751842
"6095",2010,251,0.383462037213136
"6096",2010,252,0.369906914790201
"6097",2010,253,0.352443645690856
"6098",2010,254,0.364017856416126
"6099",2010,255,0.354225483647353
"6100",2010,256,0.325123351166818
"6101",2010,257,0.306997038207778
"6102",2010,258,0.324707290237249
"6103",2010,259,0.304619742036419
"6104",2010,260,0.263714773199852
"6105",2010,261,0.259996000176819
"6106",2010,262,0.280451427627117
"6107",2010,263,0.275089623927055
"6108",2010,264,0.258800951480574
"6109",2010,265,0.260705508908951
"6110",2010,266,0.282260385337347
"6111",2010,267,0.296459603900894
"6112",2010,268,0.311967478166529
"6113",2010,269,0.344383531179926
"6114",2010,270,0.301142083891113
"6115",2010,271,0.319429674871174
"6116",2010,272,0.280687959716664
"6117",2010,273,0.272693210839265
"6118",2010,274,0.241611883812606
"6119",2010,275,0.274478949145198
"6120",2010,276,0.278919157454266
"6121",2010,277,0.273564389927313
"6122",2010,278,0.23273362341903
"6123",2010,279,0.242453343469586
"6124",2010,280,0.258029711597583
"6125",2010,281,0.25405564637296
"6126",2010,282,0.232217848076666
"6127",2010,283,0.238951653219414
"6128",2010,284,0.200959563632337
"6129",2010,285,0.179960843807971
"6130",2010,286,0.182678237307657
"6131",2010,287,0.188105181715381
"6132",2010,288,0.173608443369158
"6133",2010,289,0.144135166281795
"6134",2010,290,0.139176974197535
"6135",2010,291,0.144285187589453
"6136",2010,292,0.157628941785422
"6137",2010,293,0.14532452899368
"6138",2010,294,0.15732474035119
"6139",2010,295,0.139920054864203
"6140",2010,296,0.142075093406342
"6141",2010,297,0.129416070343252
"6142",2010,298,0.117746789610129
"6143",2010,299,0.0924398948245176
"6144",2010,300,0.077620908637357
"6145",2010,301,0.0807090432226169
"6146",2010,302,0.0988137871431229
"6147",2010,303,0.105206291091929
"6148",2010,304,0.124101660473214
"6149",2010,305,0.12305537829555
"6150",2010,306,0.120693291740583
"6151",2010,307,0.103360324398404
"6152",2010,308,0.0983681041102624
"6153",2010,309,0.122900196536018
"6154",2010,310,0.102858540135311
"6155",2010,311,0.120946191786692
"6156",2010,312,0.100004748948119
"6157",2010,313,0.0745574141411042
"6158",2010,314,0.0641855578579734
"6159",2010,315,0.0639288029751563
"6160",2010,316,0.0573728391085736
"6161",2010,317,0.0648522569455658
"6162",2010,318,0.0733796924446372
"6163",2010,319,0.0716057135254886
"6164",2010,320,0.0539860187886403
"6165",2010,321,0.041595934630023
"6166",2010,322,0.0341122756418488
"6167",2010,323,0.0187435519477725
"6168",2010,324,0.0216507556675397
"6169",2010,325,0.0221421683189082
"6170",2010,326,0.0200647288935359
"6171",2010,327,0.015959496894007
"6172",2010,328,0.0180112090202937
"6173",2010,329,0.0261545350673282
"6174",2010,330,0.0444268939992339
"6175",2010,331,0.0424126466456586
"6176",2010,332,0.0400615302796259
"6177",2010,333,0.0369332806772278
"6178",2010,334,0.0314172449243401
"6179",2010,335,0.0286055948417783
"6180",2010,336,0.0236729781266506
"6181",2010,337,0.0281680609551452
"6182",2010,338,0.0286113371846313
"6183",2010,339,0.0225727039619422
"6184",2010,340,0.0196106415329837
"6185",2010,341,0.0202842625504166
"6186",2010,342,0.0313390492343532
"6187",2010,343,0.0288726823841789
"6188",2010,344,0.0194334910160735
"6189",2010,345,0.0165260654519822
"6190",2010,346,0.0214408003545028
"6191",2010,347,0.02727324283605
"6192",2010,348,0.0377942349276187
"6193",2010,349,0.0337869197215644
"6194",2010,350,0.0258026059257156
"6195",2010,351,0.0226160112300177
"6196",2010,352,0.0195599602267666
"6197",2010,353,0.0203142351574769
"6198",2010,354,0.0175204094016945
"6199",2010,355,0.0194256731942046
"6200",2010,356,0.0245273257910411
"6201",2010,357,0.0229126624390067
"6202",2010,358,0.0268053117549627
"6203",2010,359,0.0363492924262249
"6204",2010,360,0.0439984041489368
"6205",2010,361,0.0391534188342615
"6206",2010,362,0.0345751333542569
"6207",2010,363,0.0217347486735705
"6208",2010,364,0.0150810753141108
"6209",2010,365,0.0137448608038385
"6210",2010,366,0.0395983070049347
"6211",2011,1,0.0196909455265905
"6212",2011,2,0.0298306626879675
"6213",2011,3,0.026750692623893
"6214",2011,4,0.035626165290447
"6215",2011,5,0.0440406755289748
"6216",2011,6,0.0438742561639547
"6217",2011,7,0.0354995198016442
"6218",2011,8,0.033616312277649
"6219",2011,9,0.0234585790218431
"6220",2011,10,0.0210990138611945
"6221",2011,11,0.0138296170446353
"6222",2011,12,0.0176530316151542
"6223",2011,13,0.0191282105929075
"6224",2011,14,0.0200496397354264
"6225",2011,15,0.0198737953784393
"6226",2011,16,0.0228392970400587
"6227",2011,17,0.0200783228807847
"6228",2011,18,0.0232933627273058
"6229",2011,19,0.0312647916232638
"6230",2011,20,0.0323057462719066
"6231",2011,21,0.0511087329448261
"6232",2011,22,0.0479821681402497
"6233",2011,23,0.0643495720464043
"6234",2011,24,0.0553301639179914
"6235",2011,25,0.0570198356022752
"6236",2011,26,0.0685882635604865
"6237",2011,27,0.0794236584928498
"6238",2011,28,0.068938142794501
"6239",2011,29,0.0364171724051431
"6240",2011,30,0.021879617029303
"6241",2011,31,0.0136799697315966
"6242",2011,32,0.0167809050816767
"6243",2011,33,0.0460772351266049
"6244",2011,34,0.0809762921539376
"6245",2011,35,0.0958363454668802
"6246",2011,36,0.0941441759333791
"6247",2011,37,0.0502191908033769
"6248",2011,38,0.0231963427619098
"6249",2011,39,0.021879358408361
"6250",2011,40,0.0397440946875487
"6251",2011,41,0.0768368227180089
"6252",2011,42,0.10322076920386
"6253",2011,43,0.119429035664081
"6254",2011,44,0.127095430495673
"6255",2011,45,0.115275803406792
"6256",2011,46,0.130181235736073
"6257",2011,47,0.0791999872246128
"6258",2011,48,0.0437152541601568
"6259",2011,49,0.0300436499503477
"6260",2011,50,0.0281410570615194
"6261",2011,51,0.0280367950032141
"6262",2011,52,0.0601258966082189
"6263",2011,53,0.0738429873480986
"6264",2011,54,0.0452753129580487
"6265",2011,55,0.0296977637113877
"6266",2011,56,0.0287417732202722
"6267",2011,57,0.0570498168527327
"6268",2011,58,0.0894996720729473
"6269",2011,59,0.0609794379341276
"6270",2011,60,0.0286319936475303
"6271",2011,61,0.0411027783959058
"6272",2011,62,0.0522641177925096
"6273",2011,63,0.0476832250311918
"6274",2011,64,0.0531519716485582
"6275",2011,65,0.048015339507464
"6276",2011,66,0.0532085088897323
"6277",2011,67,0.0560087858267757
"6278",2011,68,0.0830849473868321
"6279",2011,69,0.156630297317487
"6280",2011,70,0.107100926310683
"6281",2011,71,0.0859879778660997
"6282",2011,72,0.14276122433581
"6283",2011,73,0.183342518664613
"6284",2011,74,0.180821820063899
"6285",2011,75,0.192835702829293
"6286",2011,76,0.164849710013013
"6287",2011,77,0.170721863768122
"6288",2011,78,0.157561866787383
"6289",2011,79,0.170019232016671
"6290",2011,80,0.178004876605273
"6291",2011,81,0.177570557672618
"6292",2011,82,0.142951848817077
"6293",2011,83,0.134395478710104
"6294",2011,84,0.11655112461672
"6295",2011,85,0.151624362643005
"6296",2011,86,0.166210193355799
"6297",2011,87,0.179252162537489
"6298",2011,88,0.216151909717316
"6299",2011,89,0.210024927521144
"6300",2011,90,0.241875823178893
"6301",2011,91,0.242072374091107
"6302",2011,92,0.228047772503741
"6303",2011,93,0.224746559394508
"6304",2011,94,0.23587495269334
"6305",2011,95,0.254343859070261
"6306",2011,96,0.26860751595879
"6307",2011,97,0.259134839714247
"6308",2011,98,0.272462261372219
"6309",2011,99,0.290921136938579
"6310",2011,100,0.312876874011335
"6311",2011,101,0.351050718942697
"6312",2011,102,0.301955768637338
"6313",2011,103,0.274355673707798
"6314",2011,104,0.273827893872583
"6315",2011,105,0.308440177330073
"6316",2011,106,0.262242648108301
"6317",2011,107,0.260897120354582
"6318",2011,108,0.256106211948711
"6319",2011,109,0.283452761418679
"6320",2011,110,0.322384292973295
"6321",2011,111,0.340506988901626
"6322",2011,112,0.344247853319815
"6323",2011,113,0.343015276983303
"6324",2011,114,0.375711267257086
"6325",2011,115,0.382832882869184
"6326",2011,116,0.410137955795758
"6327",2011,117,0.412440972885021
"6328",2011,118,0.389371955968744
"6329",2011,119,0.344721109167722
"6330",2011,120,0.347894721239333
"6331",2011,121,0.364172620025338
"6332",2011,122,0.415299585397452
"6333",2011,123,0.426481349600371
"6334",2011,124,0.40608284382986
"6335",2011,125,0.429268638540582
"6336",2011,126,0.42918615774759
"6337",2011,127,0.400659729007292
"6338",2011,128,0.42021514024478
"6339",2011,129,0.403071476299904
"6340",2011,130,0.41372539648236
"6341",2011,131,0.411540661302618
"6342",2011,132,0.453619120827394
"6343",2011,133,0.431569861643902
"6344",2011,134,0.423441388571055
"6345",2011,135,0.452490031491539
"6346",2011,136,0.491655618082282
"6347",2011,137,0.483289080220078
"6348",2011,138,0.486394120409704
"6349",2011,139,0.4956293850462
"6350",2011,140,0.537911536030821
"6351",2011,141,0.542431534724439
"6352",2011,142,0.551833839411153
"6353",2011,143,0.460069523962493
"6354",2011,144,0.434476094239626
"6355",2011,145,0.457568495435902
"6356",2011,146,0.487350400694309
"6357",2011,147,0.446464631683825
"6358",2011,148,0.478932188323194
"6359",2011,149,0.460164326870506
"6360",2011,150,0.45035069884995
"6361",2011,151,0.504503896031996
"6362",2011,152,0.511831387224164
"6363",2011,153,0.538980142966659
"6364",2011,154,0.512749183125153
"6365",2011,155,0.444942281606855
"6366",2011,156,0.525304466608231
"6367",2011,157,0.5384975592257
"6368",2011,158,0.531306096505248
"6369",2011,159,0.538176046465148
"6370",2011,160,0.527200212145975
"6371",2011,161,0.52286444337776
"6372",2011,162,0.559625585159255
"6373",2011,163,0.569447279247588
"6374",2011,164,0.58969744977224
"6375",2011,165,0.58497659451551
"6376",2011,166,0.550618511713447
"6377",2011,167,0.560103881952356
"6378",2011,168,0.511925806148504
"6379",2011,169,0.538063450075075
"6380",2011,170,0.575086562953648
"6381",2011,171,0.582311566997033
"6382",2011,172,0.586095436283543
"6383",2011,173,0.602408846938808
"6384",2011,174,0.635223085089969
"6385",2011,175,0.60739951298965
"6386",2011,176,0.567308092504186
"6387",2011,177,0.541681456077592
"6388",2011,178,0.573183769819745
"6389",2011,179,0.650522636215038
"6390",2011,180,0.691676755555465
"6391",2011,181,0.632773648925836
"6392",2011,182,0.570583789124119
"6393",2011,183,0.596801264701925
"6394",2011,184,0.645476545949878
"6395",2011,185,0.617477007039257
"6396",2011,186,0.643196228794374
"6397",2011,187,0.648767010820792
"6398",2011,188,0.681085479272049
"6399",2011,189,0.674974387132817
"6400",2011,190,0.588597932102556
"6401",2011,191,0.592064698467542
"6402",2011,192,0.580014089352274
"6403",2011,193,0.616287423715502
"6404",2011,194,0.666803135379617
"6405",2011,195,0.667717589833477
"6406",2011,196,0.62448797839446
"6407",2011,197,0.631022704275363
"6408",2011,198,0.6691069109529
"6409",2011,199,0.703039837925948
"6410",2011,200,0.691898749333767
"6411",2011,201,0.606675011864639
"6412",2011,202,0.596179451382181
"6413",2011,203,0.565904316099823
"6414",2011,204,0.565916557897413
"6415",2011,205,0.586490074354239
"6416",2011,206,0.617082340883397
"6417",2011,207,0.625666072704515
"6418",2011,208,0.599244337726877
"6419",2011,209,0.587287472544836
"6420",2011,210,0.619238598127779
"6421",2011,211,0.575950149581727
"6422",2011,212,0.664265248167879
"6423",2011,213,0.622062566866979
"6424",2011,214,0.602516741087905
"6425",2011,215,0.611281145782243
"6426",2011,216,0.585424494112821
"6427",2011,217,0.57748708392369
"6428",2011,218,0.628828175155735
"6429",2011,219,0.557494228133264
"6430",2011,220,0.56679844457294
"6431",2011,221,0.567014535459482
"6432",2011,222,0.58229545870617
"6433",2011,223,0.55852685409214
"6434",2011,224,0.567905052270309
"6435",2011,225,0.57201637834782
"6436",2011,226,0.609927285323264
"6437",2011,227,0.55962281291417
"6438",2011,228,0.52309059082106
"6439",2011,229,0.535320220379395
"6440",2011,230,0.512399375775199
"6441",2011,231,0.483891258174097
"6442",2011,232,0.496662625243932
"6443",2011,233,0.555098091834339
"6444",2011,234,0.579005105146257
"6445",2011,235,0.541838355689979
"6446",2011,236,0.520084221639648
"6447",2011,237,0.536820046597257
"6448",2011,238,0.482568075060976
"6449",2011,239,0.505976327328628
"6450",2011,240,0.520039472168778
"6451",2011,241,0.538628187946149
"6452",2011,242,0.518294933291585
"6453",2011,243,0.420444179962521
"6454",2011,244,0.425022193878856
"6455",2011,245,0.409634588409837
"6456",2011,246,0.398363980168721
"6457",2011,247,0.41437858200744
"6458",2011,248,0.45429736907282
"6459",2011,249,0.453476748730766
"6460",2011,250,0.470655605888263
"6461",2011,251,0.479501280491277
"6462",2011,252,0.459105795418887
"6463",2011,253,0.460061957609455
"6464",2011,254,0.445610443460277
"6465",2011,255,0.359016875341888
"6466",2011,256,0.301541549907243
"6467",2011,257,0.28103381043552
"6468",2011,258,0.342438831402975
"6469",2011,259,0.378521162439139
"6470",2011,260,0.345167443154252
"6471",2011,261,0.328088379069393
"6472",2011,262,0.310600176168357
"6473",2011,263,0.298384270190715
"6474",2011,264,0.295512462086317
"6475",2011,265,0.369652007614641
"6476",2011,266,0.37840004479362
"6477",2011,267,0.380353685904515
"6478",2011,268,0.362021766055737
"6479",2011,269,0.326766200401742
"6480",2011,270,0.339393324244136
"6481",2011,271,0.277368964966639
"6482",2011,272,0.244396459640294
"6483",2011,273,0.312729338205952
"6484",2011,274,0.274140155048931
"6485",2011,275,0.265155490626414
"6486",2011,276,0.267114614195262
"6487",2011,277,0.300020581658935
"6488",2011,278,0.247790113468099
"6489",2011,279,0.240839284897584
"6490",2011,280,0.212478217254838
"6491",2011,281,0.199862293554988
"6492",2011,282,0.201083378242724
"6493",2011,283,0.197432147452918
"6494",2011,284,0.197967972090391
"6495",2011,285,0.184026273002162
"6496",2011,286,0.171559931964927
"6497",2011,287,0.15443014279476
"6498",2011,288,0.146011561802167
"6499",2011,289,0.143035030984811
"6500",2011,290,0.14348302145427
"6501",2011,291,0.152887437212798
"6502",2011,292,0.16011346222768
"6503",2011,293,0.161563481565516
"6504",2011,294,0.137818217375964
"6505",2011,295,0.144858000178855
"6506",2011,296,0.125413444199589
"6507",2011,297,0.1235325286037
"6508",2011,298,0.116333596314819
"6509",2011,299,0.10762089495027
"6510",2011,300,0.116009352591309
"6511",2011,301,0.10244743614236
"6512",2011,302,0.116884961791609
"6513",2011,303,0.104715514593543
"6514",2011,304,0.107556268924454
"6515",2011,305,0.0932081554822594
"6516",2011,306,0.0926546083332165
"6517",2011,307,0.104292676342749
"6518",2011,308,0.0789864655693117
"6519",2011,309,0.0709203283170349
"6520",2011,310,0.0681917287493777
"6521",2011,311,0.0547087038097401
"6522",2011,312,0.0609053818553684
"6523",2011,313,0.0570700753726346
"6524",2011,314,0.0686152329058725
"6525",2011,315,0.0782377330058543
"6526",2011,316,0.0666207920343221
"6527",2011,317,0.0688083952653821
"6528",2011,318,0.0617992223694397
"6529",2011,319,0.0482212398831482
"6530",2011,320,0.0393306159374318
"6531",2011,321,0.0417969303173216
"6532",2011,322,0.0269796777843544
"6533",2011,323,0.0205813795254389
"6534",2011,324,0.0231038271044278
"6535",2011,325,0.036867960714536
"6536",2011,326,0.0637220013564916
"6537",2011,327,0.0732094118506624
"6538",2011,328,0.0649271566692579
"6539",2011,329,0.0629391728944922
"6540",2011,330,0.0483437874569175
"6541",2011,331,0.0719592710535267
"6542",2011,332,0.0607712479309406
"6543",2011,333,0.0532158779213644
"6544",2011,334,0.0462758171990251
"6545",2011,335,0.0417983149078825
"6546",2011,336,0.0472660035270007
"6547",2011,337,0.0313406225228477
"6548",2011,338,0.0274703104853752
"6549",2011,339,0.0281453701616971
"6550",2011,340,0.04656886946005
"6551",2011,341,0.0339968144418724
"6552",2011,342,0.0213349583379691
"6553",2011,343,0.0276671214194891
"6554",2011,344,0.044248138954333
"6555",2011,345,0.0352068764007816
"6556",2011,346,0.0316220699709572
"6557",2011,347,0.0326738480265533
"6558",2011,348,0.0342577283923909
"6559",2011,349,0.0304622136393516
"6560",2011,350,0.0330725428666927
"6561",2011,351,0.0405932341028149
"6562",2011,352,0.0420434387353241
"6563",2011,353,0.0326211454499517
"6564",2011,354,0.0520138964664183
"6565",2011,355,0.0359708176028893
"6566",2011,356,0.0334756808219052
"6567",2011,357,0.0374163581009871
"6568",2011,358,0.04665890533348
"6569",2011,359,0.0460282188641938
"6570",2011,360,0.0469090502139543
"6571",2011,361,0.0435985269140305
"6572",2011,362,0.038883974306787
"6573",2011,363,0.0433585260475282
"6574",2011,364,0.045077328705797
"6575",2011,365,0.042229473947755
"6576",2012,1,0.0307641751475613
"6577",2012,2,0.0428960603941005
"6578",2012,3,0.0627236473087993
"6579",2012,4,0.0664057531865044
"6580",2012,5,0.069178481932943
"6581",2012,6,0.0515978099811125
"6582",2012,7,0.0442791800156184
"6583",2012,8,0.05204936410568
"6584",2012,9,0.0675182624399666
"6585",2012,10,0.0532356660366323
"6586",2012,11,0.0297782077194352
"6587",2012,12,0.0423848216071062
"6588",2012,13,0.0518704557811094
"6589",2012,14,0.0420902569707284
"6590",2012,15,0.0320917773064542
"6591",2012,16,0.015548426028193
"6592",2012,17,0.0104742355443049
"6593",2012,18,0.01
"6594",2012,19,0.0144189248322552
"6595",2012,20,0.0188584500353032
"6596",2012,21,0.0393829761798429
"6597",2012,22,0.0392279350279043
"6598",2012,23,0.0503185299501235
"6599",2012,24,0.0599388411263274
"6600",2012,25,0.0829768222960316
"6601",2012,26,0.0674143365442798
"6602",2012,27,0.0602715595989899
"6603",2012,28,0.0585084253610535
"6604",2012,29,0.0752820612333232
"6605",2012,30,0.0930179809172452
"6606",2012,31,0.0916449655011445
"6607",2012,32,0.0844583157479734
"6608",2012,33,0.0810474120217264
"6609",2012,34,0.0826794588981976
"6610",2012,35,0.0922637178453217
"6611",2012,36,0.0912872523295917
"6612",2012,37,0.0699094858260967
"6613",2012,38,0.0714707983297876
"6614",2012,39,0.0818935104635015
"6615",2012,40,0.0561824715991253
"6616",2012,41,0.0381411856972411
"6617",2012,42,0.0507616200456996
"6618",2012,43,0.0784332702964197
"6619",2012,44,0.0984725104113764
"6620",2012,45,0.0979620219635441
"6621",2012,46,0.0966438600904303
"6622",2012,47,0.0952386484784074
"6623",2012,48,0.0941438738124779
"6624",2012,49,0.109115319806623
"6625",2012,50,0.129251208637084
"6626",2012,51,0.106763965859289
"6627",2012,52,0.103318036391562
"6628",2012,53,0.130662268859306
"6629",2012,54,0.118918460584665
"6630",2012,55,0.108555817796751
"6631",2012,56,0.102845941606787
"6632",2012,57,0.0697681326059932
"6633",2012,58,0.0675093818332239
"6634",2012,59,0.0877423290702501
"6635",2012,60,0.114353162231059
"6636",2012,61,0.0989787326375468
"6637",2012,62,0.0892577720496715
"6638",2012,63,0.106009147382027
"6639",2012,64,0.145348836888384
"6640",2012,65,0.139889783274245
"6641",2012,66,0.116755638927611
"6642",2012,67,0.101775767540534
"6643",2012,68,0.135637719618719
"6644",2012,69,0.1882719006134
"6645",2012,70,0.202585088435123
"6646",2012,71,0.213047211689121
"6647",2012,72,0.203804977630282
"6648",2012,73,0.233008504542239
"6649",2012,74,0.192162975080533
"6650",2012,75,0.231425206963455
"6651",2012,76,0.246944200622162
"6652",2012,77,0.208686009978503
"6653",2012,78,0.229759705384773
"6654",2012,79,0.191795094685399
"6655",2012,80,0.182084069622458
"6656",2012,81,0.21384496926549
"6657",2012,82,0.244140557047549
"6658",2012,83,0.179098978725986
"6659",2012,84,0.167592487702638
"6660",2012,85,0.207459674080555
"6661",2012,86,0.2484491690332
"6662",2012,87,0.226529577845663
"6663",2012,88,0.252984273476263
"6664",2012,89,0.294559013842665
"6665",2012,90,0.328000089753433
"6666",2012,91,0.2993255389481
"6667",2012,92,0.298658300584164
"6668",2012,93,0.274532239690602
"6669",2012,94,0.307856417640589
"6670",2012,95,0.343664598953319
"6671",2012,96,0.280555976246595
"6672",2012,97,0.260094624599709
"6673",2012,98,0.275152598990338
"6674",2012,99,0.262924926364026
"6675",2012,100,0.241702480993416
"6676",2012,101,0.259455514008608
"6677",2012,102,0.332998064867006
"6678",2012,103,0.352102834137687
"6679",2012,104,0.362913319506622
"6680",2012,105,0.318883187576695
"6681",2012,106,0.256581429894281
"6682",2012,107,0.282066517877355
"6683",2012,108,0.305499965128289
"6684",2012,109,0.27395964885661
"6685",2012,110,0.308824880184165
"6686",2012,111,0.357690722793141
"6687",2012,112,0.36258933856848
"6688",2012,113,0.40223612862912
"6689",2012,114,0.46082569054762
"6690",2012,115,0.451843568131296
"6691",2012,116,0.383887142197238
"6692",2012,117,0.352058729521658
"6693",2012,118,0.3404574324595
"6694",2012,119,0.332189729546781
"6695",2012,120,0.36987448349022
"6696",2012,121,0.398277160977166
"6697",2012,122,0.414536208312917
"6698",2012,123,0.374935627654839
"6699",2012,124,0.403475390552531
"6700",2012,125,0.455387548794402
"6701",2012,126,0.411430927161913
"6702",2012,127,0.39627590511521
"6703",2012,128,0.414726936735326
"6704",2012,129,0.453929573377083
"6705",2012,130,0.524873087822461
"6706",2012,131,0.404637613903746
"6707",2012,132,0.410525598138359
"6708",2012,133,0.467547730511356
"6709",2012,134,0.509110203485087
"6710",2012,135,0.499672375066074
"6711",2012,136,0.499110032897453
"6712",2012,137,0.576962722481291
"6713",2012,138,0.492212165567198
"6714",2012,139,0.43131481467568
"6715",2012,140,0.425959997854289
"6716",2012,141,0.45559595075607
"6717",2012,142,0.537594528112515
"6718",2012,143,0.515192365345013
"6719",2012,144,0.443830731609667
"6720",2012,145,0.424275053172768
"6721",2012,146,0.42926037229165
"6722",2012,147,0.431649224101318
"6723",2012,148,0.399867941913278
"6724",2012,149,0.429647202242004
"6725",2012,150,0.448915273654613
"6726",2012,151,0.490947420790608
"6727",2012,152,0.51946988660259
"6728",2012,153,0.547096434181747
"6729",2012,154,0.588581075972204
"6730",2012,155,0.563970451404718
"6731",2012,156,0.586308272480712
"6732",2012,157,0.628017434482653
"6733",2012,158,0.596216518117893
"6734",2012,159,0.5412295589437
"6735",2012,160,0.579728737119294
"6736",2012,161,0.519729108620841
"6737",2012,162,0.489278640161761
"6738",2012,163,0.519092258026613
"6739",2012,164,0.591920554360339
"6740",2012,165,0.562228181547329
"6741",2012,166,0.577496475133109
"6742",2012,167,0.553361024535394
"6743",2012,168,0.557807159372859
"6744",2012,169,0.5759357229366
"6745",2012,170,0.562424392567096
"6746",2012,171,0.53885370666049
"6747",2012,172,0.55915404966523
"6748",2012,173,0.575352539380966
"6749",2012,174,0.593427951106359
"6750",2012,175,0.617432821096032
"6751",2012,176,0.628123185707781
"6752",2012,177,0.660030115296124
"6753",2012,178,0.64974460717824
"6754",2012,179,0.571229097017034
"6755",2012,180,0.59940432270548
"6756",2012,181,0.625927925342906
"6757",2012,182,0.633010089395485
"6758",2012,183,0.641127427768712
"6759",2012,184,0.640538550488589
"6760",2012,185,0.65731972153527
"6761",2012,186,0.606421510752562
"6762",2012,187,0.594504485993671
"6763",2012,188,0.627485086345032
"6764",2012,189,0.64155957797218
"6765",2012,190,0.660787605098518
"6766",2012,191,0.695918709742103
"6767",2012,192,0.706891418136106
"6768",2012,193,0.709044833436258
"6769",2012,194,0.682438886819636
"6770",2012,195,0.664648181477733
"6771",2012,196,0.639866434984727
"6772",2012,197,0.63405449063489
"6773",2012,198,0.634668698737953
"6774",2012,199,0.631464348864496
"6775",2012,200,0.680362640702127
"6776",2012,201,0.659566788489283
"6777",2012,202,0.623133771409508
"6778",2012,203,0.673093190728341
"6779",2012,204,0.640372337327647
"6780",2012,205,0.664487110122371
"6781",2012,206,0.621731146567113
"6782",2012,207,0.590394556826837
"6783",2012,208,0.592652440936427
"6784",2012,209,0.642416069124249
"6785",2012,210,0.648258309635739
"6786",2012,211,0.612527406847455
"6787",2012,212,0.636845829723377
"6788",2012,213,0.631364581883808
"6789",2012,214,0.596319057613247
"6790",2012,215,0.601164744871098
"6791",2012,216,0.534338245800778
"6792",2012,217,0.552235070554001
"6793",2012,218,0.627317042883102
"6794",2012,219,0.628337676572512
"6795",2012,220,0.614469174189389
"6796",2012,221,0.621186557156632
"6797",2012,222,0.632597332805812
"6798",2012,223,0.60986550603069
"6799",2012,224,0.596329219758912
"6800",2012,225,0.550993723727014
"6801",2012,226,0.55380348430394
"6802",2012,227,0.600755911641282
"6803",2012,228,0.487532087443585
"6804",2012,229,0.493666847893141
"6805",2012,230,0.52108680207525
"6806",2012,231,0.544520491648661
"6807",2012,232,0.550736900289783
"6808",2012,233,0.56616472541597
"6809",2012,234,0.56695295417587
"6810",2012,235,0.568005023121034
"6811",2012,236,0.54162237420448
"6812",2012,237,0.481137838881114
"6813",2012,238,0.466491327489729
"6814",2012,239,0.473134014808497
"6815",2012,240,0.519565473311227
"6816",2012,241,0.571245913934996
"6817",2012,242,0.489975300928207
"6818",2012,243,0.471276135518354
"6819",2012,244,0.491187685358736
"6820",2012,245,0.464082763447469
"6821",2012,246,0.428988210287496
"6822",2012,247,0.434376628197055
"6823",2012,248,0.408112587084437
"6824",2012,249,0.38798863384334
"6825",2012,250,0.373487080039299
"6826",2012,251,0.403701002035035
"6827",2012,252,0.379365380552163
"6828",2012,253,0.455312720829177
"6829",2012,254,0.418407502660577
"6830",2012,255,0.346135080028221
"6831",2012,256,0.337257809540317
"6832",2012,257,0.364152363073242
"6833",2012,258,0.408908510680626
"6834",2012,259,0.359904391789565
"6835",2012,260,0.327600264110511
"6836",2012,261,0.306589974680666
"6837",2012,262,0.359552108506343
"6838",2012,263,0.303992345295711
"6839",2012,264,0.324291271728434
"6840",2012,265,0.309119043066705
"6841",2012,266,0.300927983743861
"6842",2012,267,0.323336237902655
"6843",2012,268,0.31955492937025
"6844",2012,269,0.306566144456025
"6845",2012,270,0.279921645316946
"6846",2012,271,0.283506987352119
"6847",2012,272,0.297647390562871
"6848",2012,273,0.299536623205115
"6849",2012,274,0.247894804447283
"6850",2012,275,0.264634385359902
"6851",2012,276,0.237118036513798
"6852",2012,277,0.192339175443954
"6853",2012,278,0.175204864291376
"6854",2012,279,0.164536227965269
"6855",2012,280,0.174410661513516
"6856",2012,281,0.195298682676183
"6857",2012,282,0.170815805880801
"6858",2012,283,0.157232901609784
"6859",2012,284,0.14797555864594
"6860",2012,285,0.132540163925273
"6861",2012,286,0.165318282124451
"6862",2012,287,0.167366590542924
"6863",2012,288,0.177509781988323
"6864",2012,289,0.185122339657811
"6865",2012,290,0.17848422262359
"6866",2012,291,0.145075965871622
"6867",2012,292,0.134083253015359
"6868",2012,293,0.160249999084794
"6869",2012,294,0.140896617771976
"6870",2012,295,0.106422485558723
"6871",2012,296,0.100420713103828
"6872",2012,297,0.107523444906936
"6873",2012,298,0.0909644255704562
"6874",2012,299,0.0883046605385997
"6875",2012,300,0.0762522488787295
"6876",2012,301,0.0625495401478407
"6877",2012,302,0.0835978498763869
"6878",2012,303,0.0915553940003321
"6879",2012,304,0.113585280747241
"6880",2012,305,0.0786757433823566
"6881",2012,306,0.0808643313461772
"6882",2012,307,0.0806300204458205
"6883",2012,308,0.0812317743978575
"6884",2012,309,0.0883544282968893
"6885",2012,310,0.101100435435233
"6886",2012,311,0.0874272762086264
"6887",2012,312,0.0965047842915354
"6888",2012,313,0.0634613773788645
"6889",2012,314,0.0482068268415059
"6890",2012,315,0.0385537939210702
"6891",2012,316,0.0289515729258627
"6892",2012,317,0.0359959847801091
"6893",2012,318,0.0455745343013354
"6894",2012,319,0.0517960596554336
"6895",2012,320,0.0515999555156304
"6896",2012,321,0.0539140930843521
"6897",2012,322,0.0543357882667363
"6898",2012,323,0.068355343651786
"6899",2012,324,0.0650888336855963
"6900",2012,325,0.0667775562239623
"6901",2012,326,0.0440324084567864
"6902",2012,327,0.0298525441513862
"6903",2012,328,0.0330134721864703
"6904",2012,329,0.0468294360508228
"6905",2012,330,0.0277865615634544
"6906",2012,331,0.0350447258000798
"6907",2012,332,0.0325100750196322
"6908",2012,333,0.0297027979533596
"6909",2012,334,0.031787985531582
"6910",2012,335,0.0398854278907982
"6911",2012,336,0.0359620395153135
"6912",2012,337,0.0370333083690509
"6913",2012,338,0.0274086415341214
"6914",2012,339,0.0346293813622566
"6915",2012,340,0.0472802105826466
"6916",2012,341,0.0285236998211468
"6917",2012,342,0.0205604779029943
"6918",2012,343,0.0222448966032051
"6919",2012,344,0.0200510710632683
"6920",2012,345,0.0314526919507575
"6921",2012,346,0.0282824367350365
"6922",2012,347,0.023242860314982
"6923",2012,348,0.0256034749001645
"6924",2012,349,0.0333622060535328
"6925",2012,350,0.027335530796155
"6926",2012,351,0.0281916420897549
"6927",2012,352,0.0245590752777336
"6928",2012,353,0.0271856171127745
"6929",2012,354,0.0177637094279565
"6930",2012,355,0.0220578954018479
"6931",2012,356,0.0263348749898038
"6932",2012,357,0.0197140166193648
"6933",2012,358,0.0165791988924686
"6934",2012,359,0.0126438718564194
"6935",2012,360,0.0100955308035942
"6936",2012,361,0.0110933973201983
"6937",2012,362,0.0161514526214593
"6938",2012,363,0.0182280240287621
"6939",2012,364,0.0286883760862792
"6940",2012,365,0.0304356722612296
"6941",2013,1,0.0326889019294682
"6942",2013,2,0.03390325435108
"6943",2013,3,0.0350223531068828
"6944",2013,4,0.0319019952910984
"6945",2013,5,0.0322321053070646
"6946",2013,6,0.0412461099073686
"6947",2013,7,0.0402954085851654
"6948",2013,8,0.0416273230961813
"6949",2013,9,0.0467252587397682
"6950",2013,10,0.0409369518987923
"6951",2013,11,0.0201438776503411
"6952",2013,12,0.0176530316151542
"6953",2013,13,0.0215913685976182
"6954",2013,14,0.0276278617660187
"6955",2013,15,0.0526872475263497
"6956",2013,16,0.060849606996341
"6957",2013,17,0.0557723356687204
"6958",2013,18,0.0627438585947291
"6959",2013,19,0.0364911648902559
"6960",2013,20,0.0189071027865822
"6961",2013,21,0.0235363398412024
"6962",2013,22,0.0306105965238378
"6963",2013,23,0.0308420720545269
"6964",2013,24,0.0417986261430362
"6965",2013,25,0.0386747510654805
"6966",2013,26,0.0478433137426992
"6967",2013,27,0.0616608670813165
"6968",2013,28,0.0468620723109123
"6969",2013,29,0.0276493657189128
"6970",2013,30,0.0166468457211913
"6971",2013,31,0.0242556172914709
"6972",2013,32,0.05355781429145
"6973",2013,33,0.0688824325763869
"6974",2013,34,0.0668132607946899
"6975",2013,35,0.0845567965072565
"6976",2013,36,0.0699919861893197
"6977",2013,37,0.0732801950965609
"6978",2013,38,0.0699322637502982
"6979",2013,39,0.0701801518412355
"6980",2013,40,0.0770903977889545
"6981",2013,41,0.0781481695038313
"6982",2013,42,0.0750514591184396
"6983",2013,43,0.0966992522530605
"6984",2013,44,0.105653041471161
"6985",2013,45,0.0865162522588491
"6986",2013,46,0.0776531227313773
"6987",2013,47,0.113108956778811
"6988",2013,48,0.111568265482773
"6989",2013,49,0.0615346161349179
"6990",2013,50,0.0455175830317451
"6991",2013,51,0.0597796138380305
"6992",2013,52,0.0763749563480389
"6993",2013,53,0.0916634118473157
"6994",2013,54,0.120231017203402
"6995",2013,55,0.104667069012889
"6996",2013,56,0.121475917937132
"6997",2013,57,0.108851504138724
"6998",2013,58,0.0997757689314457
"6999",2013,59,0.100494086906687
"7000",2013,60,0.119413888732308
"7001",2013,61,0.128963872538254
"7002",2013,62,0.125008743549566
"7003",2013,63,0.0901184247056754
"7004",2013,64,0.0753124853363515
"7005",2013,65,0.0686323638058246
"7006",2013,66,0.089480475220848
"7007",2013,67,0.0751856519180438
"7008",2013,68,0.0902535047698731
"7009",2013,69,0.109048670761186
"7010",2013,70,0.116187132238838
"7011",2013,71,0.105730702935135
"7012",2013,72,0.172450824182096
"7013",2013,73,0.13041921166751
"7014",2013,74,0.0910722802513509
"7015",2013,75,0.0694910326891793
"7016",2013,76,0.0882285891196944
"7017",2013,77,0.0736236337112634
"7018",2013,78,0.0823553240486756
"7019",2013,79,0.121626978408968
"7020",2013,80,0.152702765144938
"7021",2013,81,0.129804104067714
"7022",2013,82,0.109946120755743
"7023",2013,83,0.101221393813643
"7024",2013,84,0.107173374311365
"7025",2013,85,0.111679992948667
"7026",2013,86,0.133410222314419
"7027",2013,87,0.166593481200457
"7028",2013,88,0.195807902730997
"7029",2013,89,0.205282341699855
"7030",2013,90,0.17657635063522
"7031",2013,91,0.17646734931452
"7032",2013,92,0.204164411589776
"7033",2013,93,0.236324878203322
"7034",2013,94,0.199374789292513
"7035",2013,95,0.258899709344789
"7036",2013,96,0.236385035798424
"7037",2013,97,0.187021462604629
"7038",2013,98,0.138194584211448
"7039",2013,99,0.159147453717949
"7040",2013,100,0.215730941571713
"7041",2013,101,0.271818078637071
"7042",2013,102,0.263375413912029
"7043",2013,103,0.247453744071087
"7044",2013,104,0.229633810147821
"7045",2013,105,0.233710024228804
"7046",2013,106,0.220670992098541
"7047",2013,107,0.211577633045296
"7048",2013,108,0.255357693348807
"7049",2013,109,0.280375157803059
"7050",2013,110,0.317291571057501
"7051",2013,111,0.242803402591676
"7052",2013,112,0.256069799606793
"7053",2013,113,0.297586026953668
"7054",2013,114,0.297828204640685
"7055",2013,115,0.365079521526547
"7056",2013,116,0.422871376872989
"7057",2013,117,0.443778140653917
"7058",2013,118,0.376587124330093
"7059",2013,119,0.360059884822864
"7060",2013,120,0.29411644595655
"7061",2013,121,0.303536547854084
"7062",2013,122,0.383594198381608
"7063",2013,123,0.432792304014667
"7064",2013,124,0.428718161194009
"7065",2013,125,0.457648320166161
"7066",2013,126,0.496377588228059
"7067",2013,127,0.459486833545907
"7068",2013,128,0.400069982519007
"7069",2013,129,0.458950510904703
"7070",2013,130,0.421936887374731
"7071",2013,131,0.412273713247041
"7072",2013,132,0.533724465872991
"7073",2013,133,0.56035178138832
"7074",2013,134,0.505962355061565
"7075",2013,135,0.480174211083429
"7076",2013,136,0.512221955162276
"7077",2013,137,0.514962229629851
"7078",2013,138,0.505348851819045
"7079",2013,139,0.519862352009524
"7080",2013,140,0.498396438153247
"7081",2013,141,0.488625174358108
"7082",2013,142,0.525600581336516
"7083",2013,143,0.51875381801733
"7084",2013,144,0.491594979447226
"7085",2013,145,0.52118293987143
"7086",2013,146,0.533510810310841
"7087",2013,147,0.51065157767148
"7088",2013,148,0.525834143765823
"7089",2013,149,0.535167868251882
"7090",2013,150,0.525745451227062
"7091",2013,151,0.548193376655792
"7092",2013,152,0.54394723678355
"7093",2013,153,0.521180694082778
"7094",2013,154,0.502111592736835
"7095",2013,155,0.500669144982982
"7096",2013,156,0.533281927250691
"7097",2013,157,0.571100459390422
"7098",2013,158,0.539055461504679
"7099",2013,159,0.548067100029738
"7100",2013,160,0.535982881166607
"7101",2013,161,0.525465698360815
"7102",2013,162,0.500466149100921
"7103",2013,163,0.577225348789176
"7104",2013,164,0.591179403191047
"7105",2013,165,0.553960979377552
"7106",2013,166,0.558158745243969
"7107",2013,167,0.549652778612005
"7108",2013,168,0.577194828433936
"7109",2013,169,0.620342551352725
"7110",2013,170,0.60677474083591
"7111",2013,171,0.58115850086746
"7112",2013,172,0.56431061049338
"7113",2013,173,0.58228094661767
"7114",2013,174,0.569292353912971
"7115",2013,175,0.590983552991545
"7116",2013,176,0.623809626944517
"7117",2013,177,0.618975013796128
"7118",2013,178,0.619067931939783
"7119",2013,179,0.632990967473456
"7120",2013,180,0.624048992677818
"7121",2013,181,0.63462391969053
"7122",2013,182,0.671743305651245
"7123",2013,183,0.688343599593734
"7124",2013,184,0.682740924048327
"7125",2013,185,0.638307657749999
"7126",2013,186,0.647924305862373
"7127",2013,187,0.604366664217472
"7128",2013,188,0.596675871120133
"7129",2013,189,0.58444709899693
"7130",2013,190,0.620900568248646
"7131",2013,191,0.654351351986592
"7132",2013,192,0.688772889384573
"7133",2013,193,0.615678691458196
"7134",2013,194,0.546035570468869
"7135",2013,195,0.553842700813808
"7136",2013,196,0.633521458482544
"7137",2013,197,0.585029568104342
"7138",2013,198,0.58893527642786
"7139",2013,199,0.635901768807514
"7140",2013,200,0.629491879246101
"7141",2013,201,0.599996818978722
"7142",2013,202,0.598378962228265
"7143",2013,203,0.561040479341268
"7144",2013,204,0.607960455338944
"7145",2013,205,0.596497449483815
"7146",2013,206,0.549300342000857
"7147",2013,207,0.543643725670425
"7148",2013,208,0.588633587091946
"7149",2013,209,0.574211934876205
"7150",2013,210,0.543868264277975
"7151",2013,211,0.556661689359961
"7152",2013,212,0.556351257259656
"7153",2013,213,0.572775196571429
"7154",2013,214,0.565310413062787
"7155",2013,215,0.554144154223778
"7156",2013,216,0.583740763681099
"7157",2013,217,0.574584053797728
"7158",2013,218,0.537767859262051
"7159",2013,219,0.528833799948463
"7160",2013,220,0.516583729451978
"7161",2013,221,0.511987304662082
"7162",2013,222,0.557319368621009
"7163",2013,223,0.551180138155371
"7164",2013,224,0.571647131945196
"7165",2013,225,0.587075199459596
"7166",2013,226,0.589532120111095
"7167",2013,227,0.619084688911848
"7168",2013,228,0.648096233177225
"7169",2013,229,0.586015346112636
"7170",2013,230,0.592207820269151
"7171",2013,231,0.578238658959872
"7172",2013,232,0.535605778699011
"7173",2013,233,0.491794073107202
"7174",2013,234,0.525162327019929
"7175",2013,235,0.547135403974105
"7176",2013,236,0.562068151416935
"7177",2013,237,0.55550601837153
"7178",2013,238,0.566193695975579
"7179",2013,239,0.551333163209801
"7180",2013,240,0.552288038487676
"7181",2013,241,0.547385516300849
"7182",2013,242,0.537306254359009
"7183",2013,243,0.446517875764528
"7184",2013,244,0.458293063946974
"7185",2013,245,0.528503247567558
"7186",2013,246,0.498897802547494
"7187",2013,247,0.503580408236006
"7188",2013,248,0.521509346016033
"7189",2013,249,0.498489804925822
"7190",2013,250,0.433613781760393
"7191",2013,251,0.430455697729767
"7192",2013,252,0.44477861591127
"7193",2013,253,0.420426935426315
"7194",2013,254,0.391045237292457
"7195",2013,255,0.393360697403472
"7196",2013,256,0.441821372093322
"7197",2013,257,0.375668445749231
"7198",2013,258,0.350201876799159
"7199",2013,259,0.414987311357203
"7200",2013,260,0.382816264714519
"7201",2013,261,0.32754196138707
"7202",2013,262,0.30586791296639
"7203",2013,263,0.308536811014687
"7204",2013,264,0.357484826520186
"7205",2013,265,0.333454503532493
"7206",2013,266,0.314351505445559
"7207",2013,267,0.298208979441714
"7208",2013,268,0.262382305645767
"7209",2013,269,0.247805015944511
"7210",2013,270,0.244989248994369
"7211",2013,271,0.253817608838774
"7212",2013,272,0.280197234186455
"7213",2013,273,0.253668451759216
"7214",2013,274,0.237855686445383
"7215",2013,275,0.206197719068167
"7216",2013,276,0.188658936528643
"7217",2013,277,0.184761607788244
"7218",2013,278,0.208771145432212
"7219",2013,279,0.219258801013929
"7220",2013,280,0.236923130125433
"7221",2013,281,0.211460171547874
"7222",2013,282,0.174580038419197
"7223",2013,283,0.191748379374247
"7224",2013,284,0.171637610285666
"7225",2013,285,0.15285202908796
"7226",2013,286,0.151132519288159
"7227",2013,287,0.148185503894343
"7228",2013,288,0.153279947226872
"7229",2013,289,0.140450176784899
"7230",2013,290,0.12819850584809
"7231",2013,291,0.145027912942339
"7232",2013,292,0.144484130600111
"7233",2013,293,0.126645924801521
"7234",2013,294,0.142460896720559
"7235",2013,295,0.130174284216747
"7236",2013,296,0.116619795170258
"7237",2013,297,0.119098478702034
"7238",2013,298,0.121847437321728
"7239",2013,299,0.120144018133192
"7240",2013,300,0.0949437735804008
"7241",2013,301,0.0648703932821581
"7242",2013,302,0.0747922108214077
"7243",2013,303,0.0959960111671832
"7244",2013,304,0.104198724882782
"7245",2013,305,0.105000155675806
"7246",2013,306,0.0937755242981097
"7247",2013,307,0.090302722851714
"7248",2013,308,0.0601210939124495
"7249",2013,309,0.0510148358576371
"7250",2013,310,0.0575932654347938
"7251",2013,311,0.0708386041767816
"7252",2013,312,0.0795238306717112
"7253",2013,313,0.0738579851209521
"7254",2013,314,0.0436441945063421
"7255",2013,315,0.0473844408236631
"7256",2013,316,0.0778449771915449
"7257",2013,317,0.0820191945804017
"7258",2013,318,0.0749310861355025
"7259",2013,319,0.0665910911885488
"7260",2013,320,0.0538423740916359
"7261",2013,321,0.0370560427155111
"7262",2013,322,0.0373675028760209
"7263",2013,323,0.0357882083736462
"7264",2013,324,0.0202138495297674
"7265",2013,325,0.024577784568792
"7266",2013,326,0.0236185672484546
"7267",2013,327,0.0350635681809628
"7268",2013,328,0.0542396828317746
"7269",2013,329,0.0385116069833111
"7270",2013,330,0.0335514685035932
"7271",2013,331,0.0408366771422411
"7272",2013,332,0.0402136781084227
"7273",2013,333,0.0435918475736564
"7274",2013,334,0.042239262545048
"7275",2013,335,0.0436780767705101
"7276",2013,336,0.0355468956344868
"7277",2013,337,0.02310119472657
"7278",2013,338,0.0155107440147783
"7279",2013,339,0.0106034669637534
"7280",2013,340,0.01
"7281",2013,341,0.01
"7282",2013,342,0.0127352195082161
"7283",2013,343,0.0167405825542587
"7284",2013,344,0.0172836560440904
"7285",2013,345,0.0152102555436034
"7286",2013,346,0.0197352581730514
"7287",2013,347,0.0166312050063538
"7288",2013,348,0.0213825224020819
"7289",2013,349,0.0366900086097077
"7290",2013,350,0.0384015691310613
"7291",2013,351,0.0342570479611865
"7292",2013,352,0.0253703234906701
"7293",2013,353,0.0131612881702798
"7294",2013,354,0.0145408519678877
"7295",2013,355,0.0129645358012899
"7296",2013,356,0.0100936167376096
"7297",2013,357,0.0172243827971403
"7298",2013,358,0.0371730885584598
"7299",2013,359,0.0386158535212164
"7300",2013,360,0.042228206237013
"7301",2013,361,0.0414659976670728
"7302",2013,362,0.0182747155960155
"7303",2013,363,0.0149351213338384
"7304",2013,364,0.0150475453054791
"7305",2013,365,0.0153214482988111
"7306",2014,1,0.0155627847524551
"7307",2014,2,0.0265630842735592
"7308",2014,3,0.0328355810293321
"7309",2014,4,0.0136179619431707
"7310",2014,5,0.01
"7311",2014,6,0.0131784210844768
"7312",2014,7,0.0206019174511983
"7313",2014,8,0.0262072039815732
"7314",2014,9,0.0342730091123099
"7315",2014,10,0.0400107169800285
"7316",2014,11,0.0477741492534109
"7317",2014,12,0.0432995333224076
"7318",2014,13,0.0429593407705792
"7319",2014,14,0.0498903411754234
"7320",2014,15,0.0669151905439216
"7321",2014,16,0.0493016378791873
"7322",2014,17,0.0558128666665714
"7323",2014,18,0.0591288698876773
"7324",2014,19,0.0657258512526225
"7325",2014,20,0.0357425678337437
"7326",2014,21,0.045251527473178
"7327",2014,22,0.0280320718125375
"7328",2014,23,0.0443154721201548
"7329",2014,24,0.0806977298094293
"7330",2014,25,0.0839821166015024
"7331",2014,26,0.0366571536097249
"7332",2014,27,0.0199341634905368
"7333",2014,28,0.0363761264724807
"7334",2014,29,0.0460750412785662
"7335",2014,30,0.0277896095390293
"7336",2014,31,0.033439342053825
"7337",2014,32,0.0402306711429413
"7338",2014,33,0.0420178649170298
"7339",2014,34,0.0311924427294221
"7340",2014,35,0.0249114273444389
"7341",2014,36,0.0236699918565424
"7342",2014,37,0.0277279363909868
"7343",2014,38,0.0309893911280082
"7344",2014,39,0.0296241167222231
"7345",2014,40,0.0233835610551677
"7346",2014,41,0.0313507425454394
"7347",2014,42,0.040547125572223
"7348",2014,43,0.0433629354659241
"7349",2014,44,0.0408270592274034
"7350",2014,45,0.0697205663059719
"7351",2014,46,0.0732933688311765
"7352",2014,47,0.107150142455942
"7353",2014,48,0.115442478062016
"7354",2014,49,0.103918796772794
"7355",2014,50,0.0952606814764407
"7356",2014,51,0.0609721279405948
"7357",2014,52,0.0576126430752701
"7358",2014,53,0.0492667769882606
"7359",2014,54,0.0274684591213577
"7360",2014,55,0.028384694393256
"7361",2014,56,0.0323166940177791
"7362",2014,57,0.0498694187781467
"7363",2014,58,0.0536344483867116
"7364",2014,59,0.0317056196639302
"7365",2014,60,0.0173320641896865
"7366",2014,61,0.022453583252956
"7367",2014,62,0.0465497458258265
"7368",2014,63,0.0594789926396333
"7369",2014,64,0.078213818024384
"7370",2014,65,0.0646319991150288
"7371",2014,66,0.0651614293916884
"7372",2014,67,0.118976893374426
"7373",2014,68,0.175545644631663
"7374",2014,69,0.162835238335836
"7375",2014,70,0.148470652186482
"7376",2014,71,0.180852062908261
"7377",2014,72,0.178735609302564
"7378",2014,73,0.15555616452811
"7379",2014,74,0.161505046964255
"7380",2014,75,0.200616949635737
"7381",2014,76,0.187389060279312
"7382",2014,77,0.179934545129635
"7383",2014,78,0.186439999115585
"7384",2014,79,0.178859604998571
"7385",2014,80,0.10469917741929
"7386",2014,81,0.103632389100122
"7387",2014,82,0.119057851259556
"7388",2014,83,0.121878346904341
"7389",2014,84,0.13584195209466
"7390",2014,85,0.152241012581605
"7391",2014,86,0.126370926296911
"7392",2014,87,0.143875431268221
"7393",2014,88,0.216722705810954
"7394",2014,89,0.141935152837289
"7395",2014,90,0.120213438937757
"7396",2014,91,0.191189660362558
"7397",2014,92,0.214293197029276
"7398",2014,93,0.210704619041609
"7399",2014,94,0.261929956056513
"7400",2014,95,0.257027469548707
"7401",2014,96,0.28200047093504
"7402",2014,97,0.291533309212781
"7403",2014,98,0.343848932284782
"7404",2014,99,0.30767114713863
"7405",2014,100,0.30183588749664
"7406",2014,101,0.297140163150096
"7407",2014,102,0.237600782818464
"7408",2014,103,0.222920953586496
"7409",2014,104,0.230137198215536
"7410",2014,105,0.294355730892535
"7411",2014,106,0.243665710261533
"7412",2014,107,0.291051443451109
"7413",2014,108,0.322517740954388
"7414",2014,109,0.321880883449878
"7415",2014,110,0.337335246722565
"7416",2014,111,0.357124262507157
"7417",2014,112,0.416088338170864
"7418",2014,113,0.372918402956531
"7419",2014,114,0.354438071288112
"7420",2014,115,0.323985749397734
"7421",2014,116,0.31494848367405
"7422",2014,117,0.320494674258384
"7423",2014,118,0.329205673013029
"7424",2014,119,0.363091615142352
"7425",2014,120,0.385393445619517
"7426",2014,121,0.43165133624723
"7427",2014,122,0.391686769697015
"7428",2014,123,0.336632684769058
"7429",2014,124,0.344970536260418
"7430",2014,125,0.383322475862578
"7431",2014,126,0.344163106990288
"7432",2014,127,0.330662769562319
"7433",2014,128,0.397881495970905
"7434",2014,129,0.445377274313311
"7435",2014,130,0.388780987261694
"7436",2014,131,0.362201687273897
"7437",2014,132,0.382015082646058
"7438",2014,133,0.399098842530887
"7439",2014,134,0.409189195851942
"7440",2014,135,0.472625611914142
"7441",2014,136,0.428620702480956
"7442",2014,137,0.464681217625384
"7443",2014,138,0.508893315437077
"7444",2014,139,0.454789121595695
"7445",2014,140,0.472281760185709
"7446",2014,141,0.516905546990478
"7447",2014,142,0.581487874208989
"7448",2014,143,0.594615286481802
"7449",2014,144,0.576835590736606
"7450",2014,145,0.535980263640107
"7451",2014,146,0.577513642819002
"7452",2014,147,0.529600636421139
"7453",2014,148,0.557868164775255
"7454",2014,149,0.546635125798757
"7455",2014,150,0.536606138983438
"7456",2014,151,0.537597455561496
"7457",2014,152,0.51449854462157
"7458",2014,153,0.528219893704087
"7459",2014,154,0.56734303664021
"7460",2014,155,0.555608043826972
"7461",2014,156,0.488309615776135
"7462",2014,157,0.462953880330957
"7463",2014,158,0.482798477531986
"7464",2014,159,0.504651176757171
"7465",2014,160,0.553428394514572
"7466",2014,161,0.536310106202337
"7467",2014,162,0.511857044814469
"7468",2014,163,0.533742233596491
"7469",2014,164,0.515126078632444
"7470",2014,165,0.490579280393727
"7471",2014,166,0.502689432926326
"7472",2014,167,0.515394194184938
"7473",2014,168,0.526071318833534
"7474",2014,169,0.547527521385175
"7475",2014,170,0.538543200822322
"7476",2014,171,0.575795722193344
"7477",2014,172,0.566297228565903
"7478",2014,173,0.578906883178373
"7479",2014,174,0.58360048330958
"7480",2014,175,0.580150103223964
"7481",2014,176,0.594932453306748
"7482",2014,177,0.579516375783145
"7483",2014,178,0.617028808955918
"7484",2014,179,0.611679068721177
"7485",2014,180,0.585625339358807
"7486",2014,181,0.595485441393883
"7487",2014,182,0.60351395394109
"7488",2014,183,0.618028965858442
"7489",2014,184,0.637632589902417
"7490",2014,185,0.670233323304917
"7491",2014,186,0.658723198668741
"7492",2014,187,0.599490532970555
"7493",2014,188,0.621937332193128
"7494",2014,189,0.614315592426739
"7495",2014,190,0.653679136283368
"7496",2014,191,0.640873942715644
"7497",2014,192,0.59596341871796
"7498",2014,193,0.610722967574852
"7499",2014,194,0.58985690284377
"7500",2014,195,0.570510330598872
"7501",2014,196,0.603646784212625
"7502",2014,197,0.629541070393317
"7503",2014,198,0.645049014528552
"7504",2014,199,0.60349520683247
"7505",2014,200,0.648861239556265
"7506",2014,201,0.60400345689994
"7507",2014,202,0.593646821114124
"7508",2014,203,0.595450884644028
"7509",2014,204,0.633480780025271
"7510",2014,205,0.635192322804205
"7511",2014,206,0.562545457971164
"7512",2014,207,0.581682956117929
"7513",2014,208,0.587645542119222
"7514",2014,209,0.604460869879549
"7515",2014,210,0.620493445318932
"7516",2014,211,0.65990089951669
"7517",2014,212,0.63505506247256
"7518",2014,213,0.612402383054427
"7519",2014,214,0.581024996261677
"7520",2014,215,0.616779388463521
"7521",2014,216,0.618424083530483
"7522",2014,217,0.6012375848915
"7523",2014,218,0.617362905317504
"7524",2014,219,0.606996255245385
"7525",2014,220,0.615120035329919
"7526",2014,221,0.566185129695302
"7527",2014,222,0.548368705100084
"7528",2014,223,0.585756806290227
"7529",2014,224,0.596008521911922
"7530",2014,225,0.605785701471274
"7531",2014,226,0.640976593537766
"7532",2014,227,0.608147756242022
"7533",2014,228,0.602403966070885
"7534",2014,229,0.560025024189616
"7535",2014,230,0.57701733469504
"7536",2014,231,0.596184396153867
"7537",2014,232,0.551254253629557
"7538",2014,233,0.499282006241247
"7539",2014,234,0.483092810917051
"7540",2014,235,0.459071308498676
"7541",2014,236,0.413207355411236
"7542",2014,237,0.441024829612975
"7543",2014,238,0.485926036720061
"7544",2014,239,0.535596206487471
"7545",2014,240,0.496316900589601
"7546",2014,241,0.456513619611543
"7547",2014,242,0.479064417315707
"7548",2014,243,0.445327192019834
"7549",2014,244,0.429905928210441
"7550",2014,245,0.423449524445708
"7551",2014,246,0.395652832000237
"7552",2014,247,0.400956276811023
"7553",2014,248,0.409833383267476
"7554",2014,249,0.42577246434124
"7555",2014,250,0.456891081691883
"7556",2014,251,0.34152080992432
"7557",2014,252,0.295460620248446
"7558",2014,253,0.295860664100404
"7559",2014,254,0.286202342125096
"7560",2014,255,0.308597238475477
"7561",2014,256,0.314713327370634
"7562",2014,257,0.31238155198346
"7563",2014,258,0.348379159821393
"7564",2014,259,0.370265149689884
"7565",2014,260,0.364105293133377
"7566",2014,261,0.392286011762435
"7567",2014,262,0.370219741191348
"7568",2014,263,0.336479526876332
"7569",2014,264,0.336876623814664
"7570",2014,265,0.369230088265425
"7571",2014,266,0.361879585102746
"7572",2014,267,0.356288702938756
"7573",2014,268,0.366183983553172
"7574",2014,269,0.322703649114377
"7575",2014,270,0.254068362698562
"7576",2014,271,0.233873799028187
"7577",2014,272,0.24835076809827
"7578",2014,273,0.276358378359879
"7579",2014,274,0.257458396112289
"7580",2014,275,0.192337064579944
"7581",2014,276,0.175817576915423
"7582",2014,277,0.220370042776461
"7583",2014,278,0.228681428083739
"7584",2014,279,0.229460305458988
"7585",2014,280,0.210387535133748
"7586",2014,281,0.189843020007939
"7587",2014,282,0.190650063275078
"7588",2014,283,0.214335570587304
"7589",2014,284,0.214242943642414
"7590",2014,285,0.187923385650585
"7591",2014,286,0.183269978105623
"7592",2014,287,0.211916152615329
"7593",2014,288,0.173420298099246
"7594",2014,289,0.160196368430341
"7595",2014,290,0.152920742635847
"7596",2014,291,0.184671992855155
"7597",2014,292,0.169777101721576
"7598",2014,293,0.194037717108164
"7599",2014,294,0.173742104711543
"7600",2014,295,0.159513596194728
"7601",2014,296,0.153669531638439
"7602",2014,297,0.140849686229739
"7603",2014,298,0.124104759092462
"7604",2014,299,0.142901383495303
"7605",2014,300,0.109758864180904
"7606",2014,301,0.103520843675093
"7607",2014,302,0.106448577127977
"7608",2014,303,0.0983472177238285
"7609",2014,304,0.117030865325566
"7610",2014,305,0.10328463691734
"7611",2014,306,0.0982753971487129
"7612",2014,307,0.0993261711393333
"7613",2014,308,0.0920255779651443
"7614",2014,309,0.0945045442853484
"7615",2014,310,0.0961167766423806
"7616",2014,311,0.0962588033709937
"7617",2014,312,0.0727040487060506
"7618",2014,313,0.048002444736099
"7619",2014,314,0.0372977947237387
"7620",2014,315,0.0378948840752918
"7621",2014,316,0.0362382121766869
"7622",2014,317,0.0298672772751092
"7623",2014,318,0.0263872761077397
"7624",2014,319,0.0366866616092633
"7625",2014,320,0.0425021356833044
"7626",2014,321,0.0377157273462073
"7627",2014,322,0.0427872625391219
"7628",2014,323,0.0394818793736628
"7629",2014,324,0.0478207570713318
"7630",2014,325,0.0662489106121038
"7631",2014,326,0.0591931469064734
"7632",2014,327,0.0374208835835117
"7633",2014,328,0.0405922121505948
"7634",2014,329,0.0399560559331758
"7635",2014,330,0.0296359881378224
"7636",2014,331,0.0355717587865479
"7637",2014,332,0.030455132422328
"7638",2014,333,0.014550870764896
"7639",2014,334,0.0144198983127312
"7640",2014,335,0.0201965271993284
"7641",2014,336,0.02616377804727
"7642",2014,337,0.0268485024807442
"7643",2014,338,0.0297821086060211
"7644",2014,339,0.0293220952133391
"7645",2014,340,0.0369909691592696
"7646",2014,341,0.0392436388135285
"7647",2014,342,0.0355479192749936
"7648",2014,343,0.0465585427389223
"7649",2014,344,0.0622664187253255
"7650",2014,345,0.0650309186146176
"7651",2014,346,0.0617925768517182
"7652",2014,347,0.052052598704976
"7653",2014,348,0.0398909974627261
"7654",2014,349,0.0347089219087511
"7655",2014,350,0.032352551638251
"7656",2014,351,0.0321510684053871
"7657",2014,352,0.0339320537273346
"7658",2014,353,0.0332840970194827
"7659",2014,354,0.0377315119011011
"7660",2014,355,0.0364409248442438
"7661",2014,356,0.0376161574864121
"7662",2014,357,0.0369062018647454
"7663",2014,358,0.0406227941473721
"7664",2014,359,0.0267907839765867
"7665",2014,360,0.0245570868785521
"7666",2014,361,0.0270742209617307
"7667",2014,362,0.0171246786533983
"7668",2014,363,0.0122389766262752
"7669",2014,364,0.0186612038827722
"7670",2014,365,0.0357417791781663
"7671",2014,366,0.0250572303064415
"7672",2015,1,0.0464797522471845
"7673",2015,2,0.0287200549311146
"7674",2015,3,0.0141973746526997
"7675",2015,4,0.01
"7676",2015,5,0.0134354140574674
"7677",2015,6,0.0154177030932346
"7678",2015,7,0.0193012104510676
"7679",2015,8,0.0235782895930323
"7680",2015,9,0.0161389169400986
"7681",2015,10,0.0192732908119325
"7682",2015,11,0.0181184954526926
"7683",2015,12,0.0243297074958485
"7684",2015,13,0.0364883663211515
"7685",2015,14,0.0540612924913744
"7686",2015,15,0.0512759760854239
"7687",2015,16,0.0564442057803045
"7688",2015,17,0.0574753203923363
"7689",2015,18,0.0537853282741255
"7690",2015,19,0.0655293993602068
"7691",2015,20,0.0590652966917375
"7692",2015,21,0.0583560747865633
"7693",2015,22,0.0778942203934007
"7694",2015,23,0.0778697962814072
"7695",2015,24,0.08440964108689
"7696",2015,25,0.0865401559035484
"7697",2015,26,0.0916038634538483
"7698",2015,27,0.0863388648347912
"7699",2015,28,0.0746536221623117
"7700",2015,29,0.0628776858051335
"7701",2015,30,0.0658334774593563
"7702",2015,31,0.0360465268949151
"7703",2015,32,0.0340596980190626
"7704",2015,33,0.0365119485429078
"7705",2015,34,0.0353957783818615
"7706",2015,35,0.0349500089729949
"7707",2015,36,0.0540380560029097
"7708",2015,37,0.0729317057743038
"7709",2015,38,0.0654604316344384
"7710",2015,39,0.0509109799687328
"7711",2015,40,0.0571867772750348
"7712",2015,41,0.0552491693796528
"7713",2015,42,0.0491666902038903
"7714",2015,43,0.0726678874431947
"7715",2015,44,0.0934424422818654
"7716",2015,45,0.0679734991685677
"7717",2015,46,0.0795061793348066
"7718",2015,47,0.071115034697446
"7719",2015,48,0.041587181902328
"7720",2015,49,0.0621420467630205
"7721",2015,50,0.121560302292803
"7722",2015,51,0.107856088683535
"7723",2015,52,0.0468899222165066
"7724",2015,53,0.0468801779303421
"7725",2015,54,0.106722706106947
"7726",2015,55,0.121194345969008
"7727",2015,56,0.0546893870472492
"7728",2015,57,0.0444701303387578
"7729",2015,58,0.0565478957399264
"7730",2015,59,0.0808908097569563
"7731",2015,60,0.0887336412759904
"7732",2015,61,0.0910915057015978
"7733",2015,62,0.0568325516304325
"7734",2015,63,0.04824857286652
"7735",2015,64,0.107395721245137
"7736",2015,65,0.149469700154801
"7737",2015,66,0.155929380339263
"7738",2015,67,0.162576171497191
"7739",2015,68,0.194748257276385
"7740",2015,69,0.193835213453697
"7741",2015,70,0.196673793565411
"7742",2015,71,0.196938960215334
"7743",2015,72,0.212533718128086
"7744",2015,73,0.240673832335018
"7745",2015,74,0.214710288754703
"7746",2015,75,0.16412505613471
"7747",2015,76,0.17900281211941
"7748",2015,77,0.192935549701841
"7749",2015,78,0.222690039313856
"7750",2015,79,0.189621799693212
"7751",2015,80,0.180775776355613
"7752",2015,81,0.179749871254241
"7753",2015,82,0.171834630685476
"7754",2015,83,0.187428203282081
"7755",2015,84,0.208635300984721
"7756",2015,85,0.230984633825306
"7757",2015,86,0.290290117729808
"7758",2015,87,0.298355296141534
"7759",2015,88,0.288189133239114
"7760",2015,89,0.292979882934497
"7761",2015,90,0.330964351869346
"7762",2015,91,0.278698623473066
"7763",2015,92,0.230992321434709
"7764",2015,93,0.24788653456896
"7765",2015,94,0.237940855501927
"7766",2015,95,0.232226383245797
"7767",2015,96,0.229833012963962
"7768",2015,97,0.260959011614441
"7769",2015,98,0.297358653549383
"7770",2015,99,0.319338098870964
"7771",2015,100,0.348626224162903
"7772",2015,101,0.3733372172818
"7773",2015,102,0.317933183797588
"7774",2015,103,0.315841966294207
"7775",2015,104,0.395996377462021
"7776",2015,105,0.352488467964496
"7777",2015,106,0.352758413174924
"7778",2015,107,0.381956657384026
"7779",2015,108,0.361677987414444
"7780",2015,109,0.331243527074562
"7781",2015,110,0.343160439780923
"7782",2015,111,0.333096928135327
"7783",2015,112,0.382759269421048
"7784",2015,113,0.389808252754271
"7785",2015,114,0.387683293524996
"7786",2015,115,0.313259662141254
"7787",2015,116,0.333491357217295
"7788",2015,117,0.386921198565446
"7789",2015,118,0.456602377620475
"7790",2015,119,0.49204012349781
"7791",2015,120,0.438857840562725
"7792",2015,121,0.435978134950155
"7793",2015,122,0.406491297363809
"7794",2015,123,0.377351560441303
"7795",2015,124,0.428481179189885
"7796",2015,125,0.499230025355063
"7797",2015,126,0.425420467989598
"7798",2015,127,0.365679605239466
"7799",2015,128,0.333421214032083
"7800",2015,129,0.386234870572956
"7801",2015,130,0.424126314893588
"7802",2015,131,0.414778252756299
"7803",2015,132,0.39880974392931
"7804",2015,133,0.393205258602895
"7805",2015,134,0.406869997926758
"7806",2015,135,0.440028298239748
"7807",2015,136,0.479293395350837
"7808",2015,137,0.384631257421438
"7809",2015,138,0.383867275159845
"7810",2015,139,0.431503784964522
"7811",2015,140,0.476976110950892
"7812",2015,141,0.502212440823053
"7813",2015,142,0.527440087853912
"7814",2015,143,0.540073415448477
"7815",2015,144,0.545845319794014
"7816",2015,145,0.568832299859572
"7817",2015,146,0.567416636196187
"7818",2015,147,0.561487928852839
"7819",2015,148,0.489409100171086
"7820",2015,149,0.429191381289703
"7821",2015,150,0.503668116950991
"7822",2015,151,0.557252761254849
"7823",2015,152,0.595718340994153
"7824",2015,153,0.566820258044158
"7825",2015,154,0.527907427070116
"7826",2015,155,0.555212568278578
"7827",2015,156,0.587634362721012
"7828",2015,157,0.593602233009909
"7829",2015,158,0.615091621413481
"7830",2015,159,0.665667613332319
"7831",2015,160,0.594163942096571
"7832",2015,161,0.601280678702511
"7833",2015,162,0.607511204617309
"7834",2015,163,0.595098144361566
"7835",2015,164,0.547787217076289
"7836",2015,165,0.503128465004841
"7837",2015,166,0.525775045240787
"7838",2015,167,0.562059586766418
"7839",2015,168,0.550042055323856
"7840",2015,169,0.53556016409941
"7841",2015,170,0.597462683533562
"7842",2015,171,0.591676542441027
"7843",2015,172,0.576048933689805
"7844",2015,173,0.58357179992386
"7845",2015,174,0.597170845426835
"7846",2015,175,0.615246997225822
"7847",2015,176,0.641647245454727
"7848",2015,177,0.692693101307256
"7849",2015,178,0.670670867128387
"7850",2015,179,0.699177634099313
"7851",2015,180,0.674446179926141
"7852",2015,181,0.629280993720092
"7853",2015,182,0.618376970140519
"7854",2015,183,0.662328720691537
"7855",2015,184,0.68560335896819
"7856",2015,185,0.654910864284762
"7857",2015,186,0.587433053405244
"7858",2015,187,0.589675265463059
"7859",2015,188,0.611493954200878
"7860",2015,189,0.59198731407225
"7861",2015,190,0.714022724338423
"7862",2015,191,0.705146627713302
"7863",2015,192,0.683997951451115
"7864",2015,193,0.68760645299873
"7865",2015,194,0.660796551217739
"7866",2015,195,0.65872428982835
"7867",2015,196,0.654956763401474
"7868",2015,197,0.642013222553373
"7869",2015,198,0.556052411573882
"7870",2015,199,0.60751529178042
"7871",2015,200,0.617829373388548
"7872",2015,201,0.615829594552381
"7873",2015,202,0.68267049977763
"7874",2015,203,0.655481026148382
"7875",2015,204,0.581791978303849
"7876",2015,205,0.621859992819842
"7877",2015,206,0.645474028948353
"7878",2015,207,0.621682505200753
"7879",2015,208,0.594959030331174
"7880",2015,209,0.574211934876205
"7881",2015,210,0.603491929040968
"7882",2015,211,0.595390498426491
"7883",2015,212,0.602781525660759
"7884",2015,213,0.627335539558328
"7885",2015,214,0.592084073602444
"7886",2015,215,0.600513225363443
"7887",2015,216,0.63024772464694
"7888",2015,217,0.602082009057654
"7889",2015,218,0.557273399489851
"7890",2015,219,0.551669460355827
"7891",2015,220,0.567118229282391
"7892",2015,221,0.598810702712879
"7893",2015,222,0.646085072687877
"7894",2015,223,0.661450081364775
"7895",2015,224,0.643826654749642
"7896",2015,225,0.645946790656936
"7897",2015,226,0.644494787802352
"7898",2015,227,0.531410572599897
"7899",2015,228,0.510650677748859
"7900",2015,229,0.497779456221207
"7901",2015,230,0.479769148056608
"7902",2015,231,0.507097474135596
"7903",2015,232,0.527627093413514
"7904",2015,233,0.48653437715362
"7905",2015,234,0.444730164825129
"7906",2015,235,0.446303436736012
"7907",2015,236,0.496008812857419
"7908",2015,237,0.513029054468662
"7909",2015,238,0.49397519617063
"7910",2015,239,0.510853510524185
"7911",2015,240,0.515190998873119
"7912",2015,241,0.546713147300812
"7913",2015,242,0.522027615282319
"7914",2015,243,0.483025125060231
"7915",2015,244,0.480171599805115
"7916",2015,245,0.483292530510335
"7917",2015,246,0.422229332098216
"7918",2015,247,0.386434390512236
"7919",2015,248,0.370603316180043
"7920",2015,249,0.352939723962885
"7921",2015,250,0.351529272785633
"7922",2015,251,0.372691969318133
"7923",2015,252,0.368301928283097
"7924",2015,253,0.381008286060702
"7925",2015,254,0.39434514238532
"7926",2015,255,0.442347318526009
"7927",2015,256,0.363244246236934
"7928",2015,257,0.347959856851438
"7929",2015,258,0.32613315583851
"7930",2015,259,0.301915977072645
"7931",2015,260,0.311861037117316
"7932",2015,261,0.325586499007454
"7933",2015,262,0.34041744734372
"7934",2015,263,0.359426528366766
"7935",2015,264,0.299627800896197
"7936",2015,265,0.269978834955548
"7937",2015,266,0.310233741780184
"7938",2015,267,0.330938469612697
"7939",2015,268,0.367696614814036
"7940",2015,269,0.291699855296661
"7941",2015,270,0.263873399012764
"7942",2015,271,0.234869621877578
"7943",2015,272,0.263951818600868
"7944",2015,273,0.272198243728027
"7945",2015,274,0.249966715247262
"7946",2015,275,0.255278937996914
"7947",2015,276,0.221993909232137
"7948",2015,277,0.188093730645744
"7949",2015,278,0.189710498782752
"7950",2015,279,0.19499009266236
"7951",2015,280,0.222076157372487
"7952",2015,281,0.2155565431762
"7953",2015,282,0.24557414543048
"7954",2015,283,0.265243218721721
"7955",2015,284,0.208572976763023
"7956",2015,285,0.188938916419525
"7957",2015,286,0.184484943134455
"7958",2015,287,0.168747073577788
"7959",2015,288,0.153028633290456
"7960",2015,289,0.159670407367403
"7961",2015,290,0.168631698691252
"7962",2015,291,0.17329108850417
"7963",2015,292,0.161808585100468
"7964",2015,293,0.152024166188293
"7965",2015,294,0.151007559822118
"7966",2015,295,0.153637781841361
"7967",2015,296,0.136229488560784
"7968",2015,297,0.122998009326006
"7969",2015,298,0.119304637409444
"7970",2015,299,0.121713444941967
"7971",2015,300,0.110420082637865
"7972",2015,301,0.0933562699537376
"7973",2015,302,0.101916471197796
"7974",2015,303,0.118092067814493
"7975",2015,304,0.115074006833631
"7976",2015,305,0.10839543257856
"7977",2015,306,0.0996327754279161
"7978",2015,307,0.0988102392026355
"7979",2015,308,0.0940090068340839
"7980",2015,309,0.0905930059093308
"7981",2015,310,0.0782449003945879
"7982",2015,311,0.0957824856872627
"7983",2015,312,0.1030637447021
"7984",2015,313,0.0796332902403517
"7985",2015,314,0.0671436545946066
"7986",2015,315,0.0715577624392434
"7987",2015,316,0.0668179175029307
"7988",2015,317,0.0808322280903665
"7989",2015,318,0.0829139581351289
"7990",2015,319,0.0884293426650139
"7991",2015,320,0.0700696996471585
"7992",2015,321,0.0702281554224216
"7993",2015,322,0.0596222801685929
"7994",2015,323,0.0451352155800066
"7995",2015,324,0.0391687558453179
"7996",2015,325,0.0479783945606014
"7997",2015,326,0.0675906035465428
"7998",2015,327,0.0535342855879686
"7999",2015,328,0.0487022477116817
"8000",2015,329,0.0310790357284295
"8001",2015,330,0.028635310308591
"8002",2015,331,0.0425713088816864
"8003",2015,332,0.0419225046495822
"8004",2015,333,0.0434959424055351
"8005",2015,334,0.0425833120299231
"8006",2015,335,0.0448558123109739
"8007",2015,336,0.0488452333126307
"8008",2015,337,0.059417132077635
"8009",2015,338,0.0686233296469282
"8010",2015,339,0.057304297012575
"8011",2015,340,0.0601382746863135
"8012",2015,341,0.0626856686452296
"8013",2015,342,0.0569655801205456
"8014",2015,343,0.059908244791886
"8015",2015,344,0.0436279406021184
"8016",2015,345,0.0389081940360991
"8017",2015,346,0.0383497874031656
"8018",2015,347,0.0380483428377938
"8019",2015,348,0.0340682192919272
"8020",2015,349,0.034979441360191
"8021",2015,350,0.029434290883607
"8022",2015,351,0.0245976871558923
"8023",2015,352,0.024635266287648
"8024",2015,353,0.0271856171127745
"8025",2015,354,0.0276249463628553
"8026",2015,355,0.0330363014629326
"8027",2015,356,0.0258539119178584
"8028",2015,357,0.0259102971489944
"8029",2015,358,0.0245671278660842
"8030",2015,359,0.0137358764177863
"8031",2015,360,0.0155466851353869
"8032",2015,361,0.0238404208196047
"8033",2015,362,0.023768488439783
"8034",2015,363,0.023686748055497
"8035",2015,364,0.0269548151634851
"8036",2015,365,0.0306712541203372
"8037",2016,1,0.0378613494569452
"8038",2016,2,0.0332164988052559
"8039",2016,3,0.0335486075026507
"8040",2016,4,0.038625152455114
"8041",2016,5,0.0301581874614166
"8042",2016,6,0.0395229832662262
"8043",2016,7,0.0319317111381533
"8044",2016,8,0.0244495929179527
"8045",2016,9,0.0193867686642062
"8046",2016,10,0.0249668719169383
"8047",2016,11,0.0339576401815176
"8048",2016,12,0.0361096158323289
"8049",2016,13,0.0443213617433122
"8050",2016,14,0.0407817967741637
"8051",2016,15,0.0245280491257625
"8052",2016,16,0.0143862601839276
"8053",2016,17,0.0156976755924445
"8054",2016,18,0.0297936069193142
"8055",2016,19,0.0428722297323501
"8056",2016,20,0.0356456337890004
"8057",2016,21,0.037785220318626
"8058",2016,22,0.0671309210050032
"8059",2016,23,0.0658676937104421
"8060",2016,24,0.0620009555970932
"8061",2016,25,0.0521894298680848
"8062",2016,26,0.0616089694278238
"8063",2016,27,0.0871753927479803
"8064",2016,28,0.0910992182342543
"8065",2016,29,0.0955168101166193
"8066",2016,30,0.080554525784243
"8067",2016,31,0.0729004206540902
"8068",2016,32,0.0669639181779411
"8069",2016,33,0.0691523667550166
"8070",2016,34,0.0672792174819787
"8071",2016,35,0.0630489405130704
"8072",2016,36,0.0865896878677784
"8073",2016,37,0.119353019010745
"8074",2016,38,0.0946278117397379
"8075",2016,39,0.100324157183054
"8076",2016,40,0.123440436676726
"8077",2016,41,0.103195487971549
"8078",2016,42,0.0735698304828183
"8079",2016,43,0.0630090148923024
"8080",2016,44,0.0944813758637821
"8081",2016,45,0.106617990672208
"8082",2016,46,0.117763386729709
"8083",2016,47,0.116642732668173
"8084",2016,48,0.131491587842153
"8085",2016,49,0.141473313688386
"8086",2016,50,0.125227800044793
"8087",2016,51,0.092006470338054
"8088",2016,52,0.107123460451818
"8089",2016,53,0.117425776872109
"8090",2016,54,0.13244400319786
"8091",2016,55,0.12500542753616
"8092",2016,56,0.13505597513563
"8093",2016,57,0.163319558279649
"8094",2016,58,0.157390419572044
"8095",2016,59,0.138176011825149
"8096",2016,60,0.081278155053976
"8097",2016,61,0.119786555806462
"8098",2016,62,0.134315298095428
"8099",2016,63,0.149328832715452
"8100",2016,64,0.166344662379322
"8101",2016,65,0.20934364537055
"8102",2016,66,0.197106703248847
"8103",2016,67,0.178583186212702
"8104",2016,68,0.189216132153601
"8105",2016,69,0.184542721280138
"8106",2016,70,0.222339747726166
"8107",2016,71,0.226069328924873
"8108",2016,72,0.232639538532917
"8109",2016,73,0.219609887834521
"8110",2016,74,0.21151421920854
"8111",2016,75,0.182207203305382
"8112",2016,76,0.155198008093579
"8113",2016,77,0.132776397613839
"8114",2016,78,0.13811072277317
"8115",2016,79,0.151463102805227
"8116",2016,80,0.213860698133633
"8117",2016,81,0.208726472882559
"8118",2016,82,0.173601349164912
"8119",2016,83,0.215332663997813
"8120",2016,84,0.215859293940471
"8121",2016,85,0.203807359776422
"8122",2016,86,0.241522156774419
"8123",2016,87,0.255154524620992
"8124",2016,88,0.249235572740658
"8125",2016,89,0.277120712462389
"8126",2016,90,0.261862810702858
"8127",2016,91,0.231986550453244
"8128",2016,92,0.282264070363695
"8129",2016,93,0.33000295786337
"8130",2016,94,0.301230644170399
"8131",2016,95,0.287375401893157
"8132",2016,96,0.272485407690089
"8133",2016,97,0.316506798859769
"8134",2016,98,0.299982888336313
"8135",2016,99,0.30411606451698
"8136",2016,100,0.334412556288346
"8137",2016,101,0.246734016492791
"8138",2016,102,0.278065750094631
"8139",2016,103,0.371963260785466
"8140",2016,104,0.376258097903522
"8141",2016,105,0.341153230046477
"8142",2016,106,0.311046018928781
"8143",2016,107,0.314996838150045
"8144",2016,108,0.355938096869806
"8145",2016,109,0.37801803561759
"8146",2016,110,0.41330580532601
"8147",2016,111,0.412102841392681
"8148",2016,112,0.361919527334718
"8149",2016,113,0.412194941662781
"8150",2016,114,0.361156540383724
"8151",2016,115,0.327846828668641
"8152",2016,116,0.351988743003594
"8153",2016,117,0.358917350033564
"8154",2016,118,0.382805662051137
"8155",2016,119,0.394587945112738
"8156",2016,120,0.390335352206198
"8157",2016,121,0.409265622898184
"8158",2016,122,0.436203182884258
"8159",2016,123,0.485911555996132
"8160",2016,124,0.51454550023352
"8161",2016,125,0.548371076604623
"8162",2016,126,0.536946583443749
"8163",2016,127,0.465186354624866
"8164",2016,128,0.479091863624033
"8165",2016,129,0.552636849447419
"8166",2016,130,0.422180164395281
"8167",2016,131,0.377406348936408
"8168",2016,132,0.388630428548138
"8169",2016,133,0.363817756594302
"8170",2016,134,0.375417193440657
"8171",2016,135,0.42085505527784
"8172",2016,136,0.45374351507131
"8173",2016,137,0.485595868611876
"8174",2016,138,0.526131252934403
"8175",2016,139,0.529728436303083
"8176",2016,140,0.565643601344056
"8177",2016,141,0.543001821691871
"8178",2016,142,0.56311399217323
"8179",2016,143,0.505335391694622
"8180",2016,144,0.452603695879192
"8181",2016,145,0.484568826027473
"8182",2016,146,0.488635496907583
"8183",2016,147,0.527581194980012
"8184",2016,148,0.535648034917424
"8185",2016,149,0.510112188071354
"8186",2016,150,0.526459540600793
"8187",2016,151,0.511993921185643
"8188",2016,152,0.510002973834527
"8189",2016,153,0.525827112367144
"8190",2016,154,0.582112471337378
"8191",2016,155,0.56799029153335
"8192",2016,156,0.585512824268407
"8193",2016,157,0.583234037238764
"8194",2016,158,0.559593245442215
"8195",2016,159,0.641901346840405
"8196",2016,160,0.659949805367889
"8197",2016,161,0.657706116741105
"8198",2016,162,0.568183696936882
"8199",2016,163,0.551230114291322
"8200",2016,164,0.577386013737692
"8201",2016,165,0.591114081693831
"8202",2016,166,0.608067740941794
"8203",2016,167,0.545337716848724
"8204",2016,168,0.572599060878198
"8205",2016,169,0.554429570789738
"8206",2016,170,0.574544720585971
"8207",2016,171,0.579395187267639
"8208",2016,172,0.589015831634192
"8209",2016,173,0.597032255828639
"8210",2016,174,0.599417375899501
"8211",2016,175,0.639223048540174
"8212",2016,176,0.636972338143548
"8213",2016,177,0.57466703444525
"8214",2016,178,0.585172149602578
"8215",2016,179,0.598690330345582
"8216",2016,180,0.630346134566772
"8217",2016,181,0.637778320899969
"8218",2016,182,0.610800920268151
"8219",2016,183,0.629621140326603
"8220",2016,184,0.635881019642751
"8221",2016,185,0.658766089046142
"8222",2016,186,0.602405579943706
"8223",2016,187,0.599809513349516
"8224",2016,188,0.59028680686439
"8225",2016,189,0.603939577500126
"8226",2016,190,0.61818422622335
"8227",2016,191,0.644458912886813
"8228",2016,192,0.626677570653913
"8229",2016,193,0.583015263403491
"8230",2016,194,0.595938847916778
"8231",2016,195,0.615021395738635
"8232",2016,196,0.598771247043234
"8233",2016,197,0.594711597261657
"8234",2016,198,0.592358392885307
"8235",2016,199,0.609458587588496
"8236",2016,200,0.628150168684009
"8237",2016,201,0.678124119777574
"8238",2016,202,0.63987519491151
"8239",2016,203,0.625297574631602
"8240",2016,204,0.629072419808966
"8241",2016,205,0.609299474142619
"8242",2016,206,0.615489593792288
"8243",2016,207,0.622478858970021
"8244",2016,208,0.606568514046714
"8245",2016,209,0.605383359613861
"8246",2016,210,0.60467575057326
"8247",2016,211,0.627236282268564
"8248",2016,212,0.622758538545123
"8249",2016,213,0.586125997553223
"8250",2016,214,0.571476641384632
"8251",2016,215,0.595240431994245
"8252",2016,216,0.556408004710127
"8253",2016,217,0.576067636094156
"8254",2016,218,0.564979809539513
"8255",2016,219,0.577115293419968
"8256",2016,220,0.596330755694016
"8257",2016,221,0.562295200596189
"8258",2016,222,0.576992392215116
"8259",2016,223,0.555992321372858
"8260",2016,224,0.55777775526138
"8261",2016,225,0.560510553625294
"8262",2016,226,0.558833856527461
"8263",2016,227,0.58226956085777
"8264",2016,228,0.578325425119565
"8265",2016,229,0.583864399701484
"8266",2016,230,0.561292020313322
"8267",2016,231,0.506004828710968
"8268",2016,232,0.478562922818565
"8269",2016,233,0.502573297141194
"8270",2016,234,0.554783738895395
"8271",2016,235,0.534566349139135
"8272",2016,236,0.453121104588163
"8273",2016,237,0.457279972198748
"8274",2016,238,0.448958043979066
"8275",2016,239,0.453494859394992
"8276",2016,240,0.482706265964556
"8277",2016,241,0.443762837922662
"8278",2016,242,0.428128772890788
"8279",2016,243,0.479607915568724
"8280",2016,244,0.495559594521393
"8281",2016,245,0.523644563869459
"8282",2016,246,0.485685658206915
"8283",2016,247,0.419621391341038
"8284",2016,248,0.360285869358998
"8285",2016,249,0.357189972103755
"8286",2016,250,0.377742552381255
"8287",2016,251,0.388524075937043
"8288",2016,252,0.378047636645721
"8289",2016,253,0.368549680808371
"8290",2016,254,0.384779202820859
"8291",2016,255,0.34085025274583
"8292",2016,256,0.293453417877755
"8293",2016,257,0.322452237432419
"8294",2016,258,0.350632175980746
"8295",2016,259,0.360431760303378
"8296",2016,260,0.358320558916895
"8297",2016,261,0.365140603777554
"8298",2016,262,0.331074837700493
"8299",2016,263,0.31147601172764
"8300",2016,264,0.293247950776636
"8301",2016,265,0.30098263976902
"8302",2016,266,0.276752089773826
"8303",2016,267,0.27272660724025
"8304",2016,268,0.268485341271822
"8305",2016,269,0.267174884391173
"8306",2016,270,0.278022901905082
"8307",2016,271,0.313223034353086
"8308",2016,272,0.25715580310539
"8309",2016,273,0.27653693893244
"8310",2016,274,0.271893580599901
"8311",2016,275,0.274298698424851
"8312",2016,276,0.238166771598986
"8313",2016,277,0.222719468187246
"8314",2016,278,0.185825549955247
"8315",2016,279,0.156144395048647
"8316",2016,280,0.148343304308582
"8317",2016,281,0.142265727931329
"8318",2016,282,0.15143492905183
"8319",2016,283,0.174171751600798
"8320",2016,284,0.136638285117287
"8321",2016,285,0.126468057955759
"8322",2016,286,0.132329505876368
"8323",2016,287,0.132696946708372
"8324",2016,288,0.167468012772343
"8325",2016,289,0.150557255359712
"8326",2016,290,0.154850882508081
"8327",2016,291,0.12947995683773
"8328",2016,292,0.123081361637716
"8329",2016,293,0.124534420042644
"8330",2016,294,0.132733050293818
"8331",2016,295,0.13922361055586
"8332",2016,296,0.125826119813385
"8333",2016,297,0.122677844569906
"8334",2016,298,0.128706868984737
"8335",2016,299,0.129578057113062
"8336",2016,300,0.12492361155684
"8337",2016,301,0.137778083230893
"8338",2016,302,0.114049751381793
"8339",2016,303,0.108989256578794
"8340",2016,304,0.115273427846754
"8341",2016,305,0.0995935157779789
"8342",2016,306,0.100597523942442
"8343",2016,307,0.107253941439134
"8344",2016,308,0.116401784770719
"8345",2016,309,0.123297570902198
"8346",2016,310,0.122244544544536
"8347",2016,311,0.120249120978905
"8348",2016,312,0.0996471231721455
"8349",2016,313,0.114156154650391
"8350",2016,314,0.124113114406348
"8351",2016,315,0.0917794225228758
"8352",2016,316,0.101449727372966
"8353",2016,317,0.107779965517568
"8354",2016,318,0.0972779883688224
"8355",2016,319,0.0962521689085863
"8356",2016,320,0.0746578557266346
"8357",2016,321,0.0701727701707647
"8358",2016,322,0.0534972101354097
"8359",2016,323,0.0484786355671408
"8360",2016,324,0.0522539326112421
"8361",2016,325,0.0673357184161933
"8362",2016,326,0.0690015024925796
"8363",2016,327,0.0514172276767837
"8364",2016,328,0.0510861419889271
"8365",2016,329,0.0558573570991613
"8366",2016,330,0.0643606976690826
"8367",2016,331,0.0538998421830776
"8368",2016,332,0.0503979360109865
"8369",2016,333,0.0442887969362173
"8370",2016,334,0.0439360756872703
"8371",2016,335,0.0434346420590729
"8372",2016,336,0.0426033913941358
"8373",2016,337,0.0418063540138313
"8374",2016,338,0.0420680127179639
"8375",2016,339,0.0377504242054721
"8376",2016,340,0.0267750516912007
"8377",2016,341,0.0182350497885838
"8378",2016,342,0.0166943840927008
"8379",2016,343,0.0146472583977385
"8380",2016,344,0.0140663778585442
"8381",2016,345,0.0169198433119697
"8382",2016,346,0.0163819908217313
"8383",2016,347,0.0175783824775868
"8384",2016,348,0.0186753195734856
"8385",2016,349,0.0157729257744373
"8386",2016,350,0.0160138559679917
"8387",2016,351,0.011847119128378
"8388",2016,352,0.0114398943093041
"8389",2016,353,0.0235334055524937
"8390",2016,354,0.0373743082183205
"8391",2016,355,0.039601419041364
"8392",2016,356,0.0371535944114235
"8393",2016,357,0.0462029334130943
"8394",2016,358,0.0331716628329223
"8395",2016,359,0.0236112589108094
"8396",2016,360,0.0213526286014449
"8397",2016,361,0.0217152442183687
"8398",2016,362,0.0300580068008571
"8399",2016,363,0.0378103936183177
"8400",2016,364,0.0346843251795313
"8401",2016,365,0.0362938607948514
"8402",2017,1,0.0206331523149089
"8403",2017,2,0.0144933957980093
"8404",2017,3,0.0135034023215224
"8405",2017,4,0.0189523407897313
"8406",2017,5,0.0240837393585516
"8407",2017,6,0.0176869119993553
"8408",2017,7,0.0169814616081429
"8409",2017,8,0.0184896599462934
"8410",2017,9,0.0173964313759954
"8411",2017,10,0.0143751393339613
"8412",2017,11,0.0174359639054575
"8413",2017,12,0.0121937762598777
"8414",2017,13,0.0236885916732698
"8415",2017,14,0.0333976933173782
"8416",2017,15,0.044954155512395
"8417",2017,16,0.0458806919787691
"8418",2017,17,0.0620701110298012
"8419",2017,18,0.0802629549909357
"8420",2017,19,0.0805809452756712
"8421",2017,20,0.0745792784762934
"8422",2017,21,0.0607213731238443
"8423",2017,22,0.0566807519177062
"8424",2017,23,0.0499247044173546
"8425",2017,24,0.0424314628913078
"8426",2017,25,0.0443219785524141
"8427",2017,26,0.0503241116212928
"8428",2017,27,0.071971005257341
"8429",2017,28,0.0880407081238678
"8430",2017,29,0.098373860152154
"8431",2017,30,0.0904697031224576
"8432",2017,31,0.0569762097134132
"8433",2017,32,0.04347174827937
"8434",2017,33,0.0448710774968256
"8435",2017,34,0.0493229945812567
"8436",2017,35,0.0456274793460709
"8437",2017,36,0.0366278047948232
"8438",2017,37,0.0366832215960943
"8439",2017,38,0.0215061959288217
"8440",2017,39,0.0258140457259564
"8441",2017,40,0.0527689473251182
"8442",2017,41,0.0695652931307328
"8443",2017,42,0.0764023930398011
"8444",2017,43,0.0954958591023533
"8445",2017,44,0.107777389188702
"8446",2017,45,0.11840070173139
"8447",2017,46,0.147043681185753
"8448",2017,47,0.159485395094726
"8449",2017,48,0.154716846426992
"8450",2017,49,0.126472059885694
"8451",2017,50,0.143215016022959
"8452",2017,51,0.142852124418516
"8453",2017,52,0.128599566250258
"8454",2017,53,0.131571769336286
"8455",2017,54,0.108359843669314
"8456",2017,55,0.111806969017138
"8457",2017,56,0.0848603522870384
"8458",2017,57,0.0844649355163745
"8459",2017,58,0.0856425359009375
"8460",2017,59,0.0951372254279312
"8461",2017,60,0.114030851836031
"8462",2017,61,0.121721258042884
"8463",2017,62,0.169371619596719
"8464",2017,63,0.180418770639003
"8465",2017,64,0.113420653983114
"8466",2017,65,0.0873178796846662
"8467",2017,66,0.0845727528816585
"8468",2017,67,0.0694218085797438
"8469",2017,68,0.0586734740413197
"8470",2017,69,0.0608554167001367
"8471",2017,70,0.0596372943381608
"8472",2017,71,0.0703359528383937
"8473",2017,72,0.0807960449252602
"8474",2017,73,0.132394856461813
"8475",2017,74,0.209703396245106
"8476",2017,75,0.201951464770572
"8477",2017,76,0.190458468108006
"8478",2017,77,0.244766086110658
"8479",2017,78,0.224146160480152
"8480",2017,79,0.169781272781878
"8481",2017,80,0.169451314118114
"8482",2017,81,0.252103785538257
"8483",2017,82,0.226918230268243
"8484",2017,83,0.235086726008126
"8485",2017,84,0.266592712055541
"8486",2017,85,0.245414403505044
"8487",2017,86,0.242327708247778
"8488",2017,87,0.282505657113004
"8489",2017,88,0.289882505396111
"8490",2017,89,0.293746741685174
"8491",2017,90,0.270220675724203
"8492",2017,91,0.303344079572348
"8493",2017,92,0.29214221847556
"8494",2017,93,0.280921879537751
"8495",2017,94,0.268896193201763
"8496",2017,95,0.292210269956886
"8497",2017,96,0.366091532547778
"8498",2017,97,0.381309097850147
"8499",2017,98,0.318770012230579
"8500",2017,99,0.260622779668027
"8501",2017,100,0.292646857679409
"8502",2017,101,0.318728187406033
"8503",2017,102,0.313115332757702
"8504",2017,103,0.387214207445446
"8505",2017,104,0.331363828949358
"8506",2017,105,0.304507993523249
"8507",2017,106,0.22434218852188
"8508",2017,107,0.286310435554806
"8509",2017,108,0.335153120228391
"8510",2017,109,0.353492997099445
"8511",2017,110,0.364187388500862
"8512",2017,111,0.361077258333527
"8513",2017,112,0.323369275269184
"8514",2017,113,0.313269167577924
"8515",2017,114,0.296005625365459
"8516",2017,115,0.290344644710502
"8517",2017,116,0.333038486687357
"8518",2017,117,0.348974949074398
"8519",2017,118,0.344237772275379
"8520",2017,119,0.354461486586288
"8521",2017,120,0.391789387085684
"8522",2017,121,0.383668826687915
"8523",2017,122,0.375204248306425
"8524",2017,123,0.417810464189878
"8525",2017,124,0.470012199995796
"8526",2017,125,0.527696490368034
"8527",2017,126,0.55458618714767
"8528",2017,127,0.492441407354563
"8529",2017,128,0.438603459819757
"8530",2017,129,0.450299593735969
"8531",2017,130,0.467392088944333
"8532",2017,131,0.512469071536035
"8533",2017,132,0.531754101523322
"8534",2017,133,0.476395686427452
"8535",2017,134,0.44568662987691
"8536",2017,135,0.43767136258149
"8537",2017,136,0.428654983401192
"8538",2017,137,0.416273419223715
"8539",2017,138,0.412422546578598
"8540",2017,139,0.482257331836402
"8541",2017,140,0.494869454302968
"8542",2017,141,0.501706943528936
"8543",2017,142,0.498972787013784
"8544",2017,143,0.525559941349422
"8545",2017,144,0.562876387094117
"8546",2017,145,0.465463020660833
"8547",2017,146,0.497949238591468
"8548",2017,147,0.538720930602374
"8549",2017,148,0.51918496278756
"8550",2017,149,0.4898968924676
"8551",2017,150,0.497235383214791
"8552",2017,151,0.577501007261673
"8553",2017,152,0.639666271013243
"8554",2017,153,0.595777924127613
"8555",2017,154,0.584487454304107
"8556",2017,155,0.633444566979047
"8557",2017,156,0.576904495835296
"8558",2017,157,0.562891839287835
"8559",2017,158,0.575649348497909
"8560",2017,159,0.617584961790897
"8561",2017,160,0.604151776814388
"8562",2017,161,0.558670836994219
"8563",2017,162,0.549535565910571
"8564",2017,163,0.575145978149174
"8565",2017,164,0.566639531672831
"8566",2017,165,0.542806574910613
"8567",2017,166,0.57655231108211
"8568",2017,167,0.551742869618958
"8569",2017,168,0.562601674760077
"8570",2017,169,0.560176830145719
"8571",2017,170,0.55152445966426
"8572",2017,171,0.597246409659849
"8573",2017,172,0.576456109453418
"8574",2017,173,0.508623316465783
"8575",2017,174,0.525946589611188
"8576",2017,175,0.534220312367971
"8577",2017,176,0.562270737396167
"8578",2017,177,0.619795353396171
"8579",2017,178,0.619956620328013
"8580",2017,179,0.589558023222814
"8581",2017,180,0.549764702608538
"8582",2017,181,0.599509185679385
"8583",2017,182,0.610528040953723
"8584",2017,183,0.647650113029249
"8585",2017,184,0.673764228709085
"8586",2017,185,0.658008367498494
"8587",2017,186,0.664911357205243
"8588",2017,187,0.642605460037018
"8589",2017,188,0.65556903357119
"8590",2017,189,0.689187488501502
"8591",2017,190,0.661267641037056
"8592",2017,191,0.695849013552285
"8593",2017,192,0.612449971646618
"8594",2017,193,0.613176373139089
"8595",2017,194,0.671043852662737
"8596",2017,195,0.65879230798558
"8597",2017,196,0.669507009217465
"8598",2017,197,0.696436758253789
"8599",2017,198,0.585511440570576
"8600",2017,199,0.582455444298893
"8601",2017,200,0.605715554498293
"8602",2017,201,0.662275245722754
"8603",2017,202,0.627011847184945
"8604",2017,203,0.60623181423575
"8605",2017,204,0.672205787113732
"8606",2017,205,0.618002138661303
"8607",2017,206,0.60216851398331
"8608",2017,207,0.625533212752048
"8609",2017,208,0.670714748916914
"8610",2017,209,0.671262123171754
"8611",2017,210,0.644651487701791
"8612",2017,211,0.682558160374969
"8613",2017,212,0.626651962199364
"8614",2017,213,0.564706859747994
"8615",2017,214,0.57517785408292
"8616",2017,215,0.580953034870219
"8617",2017,216,0.566930466267203
"8618",2017,217,0.569684321555669
"8619",2017,218,0.573401730058676
"8620",2017,219,0.604985049843956
"8621",2017,220,0.566670536193697
"8622",2017,221,0.550577309083125
"8623",2017,222,0.569914073305697
"8624",2017,223,0.581222520723456
"8625",2017,224,0.564040675624453
"8626",2017,225,0.574995206883624
"8627",2017,226,0.545204270756617
"8628",2017,227,0.526983788038136
"8629",2017,228,0.54649704823876
"8630",2017,229,0.54633621608824
"8631",2017,230,0.563720265323402
"8632",2017,231,0.501333427097285
"8633",2017,232,0.499855596807945
"8634",2017,233,0.490418804868698
"8635",2017,234,0.521910565970759
"8636",2017,235,0.540805806492065
"8637",2017,236,0.565970126332869
"8638",2017,237,0.509891246223806
"8639",2017,238,0.525174639229139
"8640",2017,239,0.517642615897161
"8641",2017,240,0.552226631451422
"8642",2017,241,0.504792426053363
"8643",2017,242,0.551038734279679
"8644",2017,243,0.555517847411609
"8645",2017,244,0.479206839360174
"8646",2017,245,0.472939743676916
"8647",2017,246,0.438009276590989
"8648",2017,247,0.419942932233291
"8649",2017,248,0.395829089350734
"8650",2017,249,0.439547368806164
"8651",2017,250,0.449825227245347
"8652",2017,251,0.473670420583218
"8653",2017,252,0.489946846335162
"8654",2017,253,0.423317745793436
"8655",2017,254,0.422442192780352
"8656",2017,255,0.411524737518326
"8657",2017,256,0.352387333336246
"8658",2017,257,0.304675252817928
"8659",2017,258,0.314480684790294
"8660",2017,259,0.294160843440321
"8661",2017,260,0.307383272801377
"8662",2017,261,0.32604090683613
"8663",2017,262,0.299663760419968
"8664",2017,263,0.284813927708383
"8665",2017,264,0.254437986731595
"8666",2017,265,0.24732009835754
"8667",2017,266,0.257445262637177
"8668",2017,267,0.257734492709426
"8669",2017,268,0.272991574321111
"8670",2017,269,0.289872081647837
"8671",2017,270,0.292408074861498
"8672",2017,271,0.283309231157605
"8673",2017,272,0.306312544540887
"8674",2017,273,0.300633360172136
"8675",2017,274,0.243808810194478
"8676",2017,275,0.20384683452237
"8677",2017,276,0.185884739967829
"8678",2017,277,0.188411972448723
"8679",2017,278,0.197586661835161
"8680",2017,279,0.222512916894711
"8681",2017,280,0.199424710453343
"8682",2017,281,0.160048678849506
"8683",2017,282,0.171761423637521
"8684",2017,283,0.188921093804969
"8685",2017,284,0.188946169774002
"8686",2017,285,0.139970216160446
"8687",2017,286,0.118138768142476
"8688",2017,287,0.130470881240897
"8689",2017,288,0.160954851686254
"8690",2017,289,0.171741213412042
"8691",2017,290,0.197946474959469
"8692",2017,291,0.151559159884637
"8693",2017,292,0.179164613015878
"8694",2017,293,0.166554523596937
"8695",2017,294,0.14178268790259
"8696",2017,295,0.143191611658818
"8697",2017,296,0.13169611926388
"8698",2017,297,0.144853724731544
"8699",2017,298,0.13463615839492
"8700",2017,299,0.100778437772414
"8701",2017,300,0.108305293199893
"8702",2017,301,0.13000006629932
"8703",2017,302,0.113173132001286
"8704",2017,303,0.0861278358855895
"8705",2017,304,0.0791161045391809
"8706",2017,305,0.0801351571319249
"8707",2017,306,0.0688732012561567
"8708",2017,307,0.0610844672769486
"8709",2017,308,0.0483338696848334
"8710",2017,309,0.0414460560556439
"8711",2017,310,0.0383932752265398
"8712",2017,311,0.0397927317080215
"8713",2017,312,0.0376338401666113
"8714",2017,313,0.0347427471924082
"8715",2017,314,0.0558459518191069
"8716",2017,315,0.0480034832663834
"8717",2017,316,0.0479319930333189
"8718",2017,317,0.0602942150703995
"8719",2017,318,0.0568225694639558
"8720",2017,319,0.0426006941377307
"8721",2017,320,0.049537062655499
"8722",2017,321,0.030517614979088
"8723",2017,322,0.0402780536684341
"8724",2017,323,0.0553952501861573
"8725",2017,324,0.043411072588264
"8726",2017,325,0.0273436420893804
"8727",2017,326,0.0451086316642159
"8728",2017,327,0.0679681882572708
"8729",2017,328,0.0638481303521098
"8730",2017,329,0.0631539554925822
"8731",2017,330,0.0657165613649163
"8732",2017,331,0.0667944252392403
"8733",2017,332,0.0536274286543012
"8734",2017,333,0.0624410066222723
"8735",2017,334,0.0573918362247946
"8736",2017,335,0.0497676765060747
"8737",2017,336,0.0471315512567663
"8738",2017,337,0.0387997522383728
"8739",2017,338,0.0307669231744778
"8740",2017,339,0.0382059753086479
"8741",2017,340,0.0356066490370417
"8742",2017,341,0.0433359507625736
"8743",2017,342,0.0446539792827474
"8744",2017,343,0.0531380273159168
"8745",2017,344,0.0580277067786692
"8746",2017,345,0.0468706155853379
"8747",2017,346,0.0572213579046917
"8748",2017,347,0.0516434763171523
"8749",2017,348,0.0420907594922754
"8750",2017,349,0.0523031715802095
"8751",2017,350,0.0398138901636051
"8752",2017,351,0.0411874364113327
"8753",2017,352,0.0411288023264386
"8754",2017,353,0.0299741278072464
"8755",2017,354,0.0225673090271966
"8756",2017,355,0.0250018046340627
"8757",2017,356,0.0289365419924204
"8758",2017,357,0.0253966747261027
"8759",2017,358,0.0149859390482299
"8760",2017,359,0.01
"8761",2017,360,0.01
"8762",2017,361,0.0108534887013571
"8763",2017,362,0.011644506118385
"8764",2017,363,0.01
"8765",2017,364,0.01
"8766",2017,365,0.01
"8767",2018,1,0.013433078297462
"8768",2018,2,0.0259599443746913
"8769",2018,3,0.0357175017621711
"8770",2018,4,0.0348813178226049
"8771",2018,5,0.0344862448229079
"8772",2018,6,0.0451882608738561
"8773",2018,7,0.0469372326368543
"8774",2018,8,0.0441769416263389
"8775",2018,9,0.0472234553043516
"8776",2018,10,0.0180172058172638
"8777",2018,11,0.0125623390662485
"8778",2018,12,0.0119213935794669
"8779",2018,13,0.0243225674210422
"8780",2018,14,0.0279142895342482
"8781",2018,15,0.0173204781389377
"8782",2018,16,0.0389538777519748
"8783",2018,17,0.057971201285187
"8784",2018,18,0.0718229979729406
"8785",2018,19,0.0663324533451838
"8786",2018,20,0.05867759474565
"8787",2018,21,0.0557878748841458
"8788",2018,22,0.0648528782352985
"8789",2018,23,0.0590587278273416
"8790",2018,24,0.0639120819688555
"8791",2018,25,0.067486602539449
"8792",2018,26,0.0507892842414661
"8793",2018,27,0.0365699811654511
"8794",2018,28,0.0340407627929824
"8795",2018,29,0.0488930977996504
"8796",2018,30,0.0767067130082951
"8797",2018,31,0.033336917259986
"8798",2018,32,0.0304459405217593
"8799",2018,33,0.0324717561567634
"8800",2018,34,0.0226905653793613
"8801",2018,35,0.0247321836656666
"8802",2018,36,0.0273578165251632
"8803",2018,37,0.0254940367988515
"8804",2018,38,0.0338136133032515
"8805",2018,39,0.0298678808857185
"8806",2018,40,0.0269417559450615
"8807",2018,41,0.0456056065618614
"8808",2018,42,0.0316969383953236
"8809",2018,43,0.0287560719681663
"8810",2018,44,0.0783944791952777
"8811",2018,45,0.0929609177935002
"8812",2018,46,0.041580554576485
"8813",2018,47,0.0678124067319806
"8814",2018,48,0.0550710345305221
"8815",2018,49,0.0437950330467181
"8816",2018,50,0.039396284971135
"8817",2018,51,0.0450877748368868
"8818",2018,52,0.0446109004849664
"8819",2018,53,0.052652888714716
"8820",2018,54,0.0678097389482227
"8821",2018,55,0.0909733932299627
"8822",2018,56,0.0923141989481832
"8823",2018,57,0.0870527207154994
"8824",2018,58,0.101503892094408
"8825",2018,59,0.106224314621895
"8826",2018,60,0.0903026874904483
"8827",2018,61,0.106219356230638
"8828",2018,62,0.118878066389856
"8829",2018,63,0.105825078319337
"8830",2018,64,0.0854999180777855
"8831",2018,65,0.0792194150863029
"8832",2018,66,0.0766363408406751
"8833",2018,67,0.0704234818421365
"8834",2018,68,0.137385530350053
"8835",2018,69,0.125424316806124
"8836",2018,70,0.128991491364504
"8837",2018,71,0.116706893687067
"8838",2018,72,0.127040222251007
"8839",2018,73,0.125040101291639
"8840",2018,74,0.142380171318834
"8841",2018,75,0.165544358566238
"8842",2018,76,0.172801448525008
"8843",2018,77,0.174570623556248
"8844",2018,78,0.15608000345853
"8845",2018,79,0.158814970066545
"8846",2018,80,0.163021601167685
"8847",2018,81,0.172250804970468
"8848",2018,82,0.190482497453349
"8849",2018,83,0.182364994787677
"8850",2018,84,0.195480587873281
"8851",2018,85,0.207452054465693
"8852",2018,86,0.202298422782141
"8853",2018,87,0.177974045781334
"8854",2018,88,0.140367653419373
"8855",2018,89,0.0902663815450117
"8856",2018,90,0.0945056279997322
"8857",2018,91,0.118177611341297
"8858",2018,92,0.120780056439296
"8859",2018,93,0.137876396151311
"8860",2018,94,0.14354479083472
"8861",2018,95,0.127488711387007
"8862",2018,96,0.102224763995185
"8863",2018,97,0.136359534688589
"8864",2018,98,0.184307540983643
"8865",2018,99,0.233520664956872
"8866",2018,100,0.25791033097907
"8867",2018,101,0.270700501608099
"8868",2018,102,0.245579878240288
"8869",2018,103,0.263567102052349
"8870",2018,104,0.30283946263535
"8871",2018,105,0.318191630612195
"8872",2018,106,0.306070557354395
"8873",2018,107,0.287807778858582
"8874",2018,108,0.312451308519674
"8875",2018,109,0.345650421300066
"8876",2018,110,0.39152752467937
"8877",2018,111,0.40200896514324
"8878",2018,112,0.371606763804447
"8879",2018,113,0.349780336244979
"8880",2018,114,0.393782108199912
"8881",2018,115,0.40314469144697
"8882",2018,116,0.412848564786668
"8883",2018,117,0.394424358430668
"8884",2018,118,0.470307223504991
"8885",2018,119,0.459142768044661
"8886",2018,120,0.373898106501325
"8887",2018,121,0.389156566062054
"8888",2018,122,0.415319873361825
"8889",2018,123,0.468546245232826
"8890",2018,124,0.477179749989767
"8891",2018,125,0.49150304540755
"8892",2018,126,0.495804053780829
"8893",2018,127,0.531440485764188
"8894",2018,128,0.475772849533272
"8895",2018,129,0.424219261984517
"8896",2018,130,0.404635350295179
"8897",2018,131,0.398267404471217
"8898",2018,132,0.448266226594475
"8899",2018,133,0.510760090143214
"8900",2018,134,0.500432676309269
"8901",2018,135,0.592286582953017
"8902",2018,136,0.562186278914252
"8903",2018,137,0.470599875962483
"8904",2018,138,0.467530527253732
"8905",2018,139,0.468726603315449
"8906",2018,140,0.504052060828542
"8907",2018,141,0.587674252264432
"8908",2018,142,0.55448734410941
"8909",2018,143,0.570565728303339
"8910",2018,144,0.584627204642604
"8911",2018,145,0.589179736538081
"8912",2018,146,0.602569952652379
"8913",2018,147,0.567920564935323
"8914",2018,148,0.607441414976183
"8915",2018,149,0.606533308024854
"8916",2018,150,0.561722203268819
"8917",2018,151,0.48654199528409
"8918",2018,152,0.493819838923046
"8919",2018,153,0.521162754848801
"8920",2018,154,0.561501025758044
"8921",2018,155,0.619981031704002
"8922",2018,156,0.562820688973366
"8923",2018,157,0.580282965677992
"8924",2018,158,0.594832396330523
"8925",2018,159,0.61589210746788
"8926",2018,160,0.654172227847837
"8927",2018,161,0.602369484046176
"8928",2018,162,0.515864150326112
"8929",2018,163,0.558742562561925
"8930",2018,164,0.590005195028374
"8931",2018,165,0.570837052697125
"8932",2018,166,0.579510944513033
"8933",2018,167,0.551095762486428
"8934",2018,168,0.577816358413887
"8935",2018,169,0.59390029424398
"8936",2018,170,0.612106331926933
"8937",2018,171,0.621259294706377
"8938",2018,172,0.644606379488137
"8939",2018,173,0.656173484219673
"8940",2018,174,0.626733409805891
"8941",2018,175,0.643036064472578
"8942",2018,176,0.666947573274267
"8943",2018,177,0.618969638739495
"8944",2018,178,0.588125420767895
"8945",2018,179,0.584489725234104
"8946",2018,180,0.60326980937918
"8947",2018,181,0.619423822139747
"8948",2018,182,0.596223449625538
"8949",2018,183,0.576398158740999
"8950",2018,184,0.553150848330995
"8951",2018,185,0.57878919723857
"8952",2018,186,0.596423027209618
"8953",2018,187,0.715811416078267
"8954",2018,188,0.681917821575179
"8955",2018,189,0.624037456301871
"8956",2018,190,0.656144150500825
"8957",2018,191,0.6687811962081
"8958",2018,192,0.645739262684156
"8959",2018,193,0.658094409418782
"8960",2018,194,0.689532518197003
"8961",2018,195,0.598314166134255
"8962",2018,196,0.607955205039604
"8963",2018,197,0.609564465388018
"8964",2018,198,0.690055560888912
"8965",2018,199,0.691899676531552
"8966",2018,200,0.658522897335206
"8967",2018,201,0.665461994471626
"8968",2018,202,0.649757496870738
"8969",2018,203,0.597779516630981
"8970",2018,204,0.585443760000921
"8971",2018,205,0.577213114576322
"8972",2018,206,0.569757146969032
"8973",2018,207,0.564260662365278
"8974",2018,208,0.581257548291492
"8975",2018,209,0.591692370983183
"8976",2018,210,0.607439190996071
"8977",2018,211,0.634190714407476
"8978",2018,212,0.603109148982961
"8979",2018,213,0.607027821202316
"8980",2018,214,0.651122326046845
"8981",2018,215,0.628606198973685
"8982",2018,216,0.58516541923909
"8983",2018,217,0.578842365800453
"8984",2018,218,0.605834503223049
"8985",2018,219,0.625647701871569
"8986",2018,220,0.616096767307738
"8987",2018,221,0.641431821323895
"8988",2018,222,0.681932553873183
"8989",2018,223,0.669515150399004
"8990",2018,224,0.580418981519381
"8991",2018,225,0.504609124005439
"8992",2018,226,0.538499131499141
"8993",2018,227,0.587667322418157
"8994",2018,228,0.583474695572294
"8995",2018,229,0.605376455081502
"8996",2018,230,0.540545637527209
"8997",2018,231,0.492015094846096
"8998",2018,232,0.491515226728094
"8999",2018,233,0.506375925236207
"9000",2018,234,0.548932712416411
"9001",2018,235,0.548152390943683
"9002",2018,236,0.479975980928132
"9003",2018,237,0.460434725924851
"9004",2018,238,0.458415662926593
"9005",2018,239,0.417889135418749
"9006",2018,240,0.440606825071872
"9007",2018,241,0.483640828285808
"9008",2018,242,0.469619878979469
"9009",2018,243,0.436272137650814
"9010",2018,244,0.424034735359353
"9011",2018,245,0.407716765922906
"9012",2018,246,0.420361982912292
"9013",2018,247,0.362699126582692
"9014",2018,248,0.380545310587644
"9015",2018,249,0.412114930563974
"9016",2018,250,0.440865408981271
"9017",2018,251,0.464769454510276
"9018",2018,252,0.408728467459214
"9019",2018,253,0.398521428964669
"9020",2018,254,0.367946109643604
"9021",2018,255,0.345922691695173
"9022",2018,256,0.30941400829506
"9023",2018,257,0.29182879508275
"9024",2018,258,0.317456759993086
"9025",2018,259,0.317516278465711
"9026",2018,260,0.312704078702527
"9027",2018,261,0.293771510996806
"9028",2018,262,0.295971626167927
"9029",2018,263,0.266870060162055
"9030",2018,264,0.264057658812584
"9031",2018,265,0.218512623469729
"9032",2018,266,0.237969090728774
"9033",2018,267,0.255750229149532
"9034",2018,268,0.259505183382024
"9035",2018,269,0.27219381511779
"9036",2018,270,0.22377606007393
"9037",2018,271,0.206449228853068
"9038",2018,272,0.200999828974775
"9039",2018,273,0.174320522297995
"9040",2018,274,0.188477172130631
"9041",2018,275,0.175632630785459
"9042",2018,276,0.172665233098763
"9043",2018,277,0.16062657687759
"9044",2018,278,0.18113929308605
"9045",2018,279,0.185787238022105
"9046",2018,280,0.188640705514029
"9047",2018,281,0.158859081170272
"9048",2018,282,0.144722430691447
"9049",2018,283,0.144915221222461
"9050",2018,284,0.133741590880274
"9051",2018,285,0.156327502865101
"9052",2018,286,0.120699694824604
"9053",2018,287,0.121678594577147
"9054",2018,288,0.166010029510069
"9055",2018,289,0.16057920290827
"9056",2018,290,0.173311659366783
"9057",2018,291,0.173482961221953
"9058",2018,292,0.142627411793138
"9059",2018,293,0.14670743722909
"9060",2018,294,0.144918928596855
"9061",2018,295,0.125105571503457
"9062",2018,296,0.142307332763578
"9063",2018,297,0.149326237236953
"9064",2018,298,0.141407606963484
"9065",2018,299,0.129755260627263
"9066",2018,300,0.126603440482516
"9067",2018,301,0.107475741731838
"9068",2018,302,0.11583934441302
"9069",2018,303,0.107001431202736
"9070",2018,304,0.106156527103758
"9071",2018,305,0.0924891584978095
"9072",2018,306,0.0851439595965524
"9073",2018,307,0.0811628136856869
"9074",2018,308,0.092335293906073
"9075",2018,309,0.0661115430597015
"9076",2018,310,0.0474115666599326
"9077",2018,311,0.0458054024674576
"9078",2018,312,0.0382405882676084
"9079",2018,313,0.040384914542567
"9080",2018,314,0.0600480219012487
"9081",2018,315,0.0474023383572778
"9082",2018,316,0.0423150389213869
"9083",2018,317,0.0646597147180016
"9084",2018,318,0.0821815928027524
"9085",2018,319,0.0754662337886592
"9086",2018,320,0.0410042295719798
"9087",2018,321,0.0349072623481476
"9088",2018,322,0.043408614540024
"9089",2018,323,0.0513416000937132
"9090",2018,324,0.0613907403437344
"9091",2018,325,0.0597633200340986
"9092",2018,326,0.071012521630788
"9093",2018,327,0.0551063359943991
"9094",2018,328,0.0444311114217695
"9095",2018,329,0.0433008392510413
"9096",2018,330,0.0451086855345067
"9097",2018,331,0.055135159350241
"9098",2018,332,0.0488853172716363
"9099",2018,333,0.0474705772335897
"9100",2018,334,0.0424475495258419
"9101",2018,335,0.0399252848430831
"9102",2018,336,0.0382491928593101
"9103",2018,337,0.0327519975329498
"9104",2018,338,0.0309164154762111
"9105",2018,339,0.0322262112077074
"9106",2018,340,0.0264085664077879
"9107",2018,341,0.025012628459253
"9108",2018,342,0.0254212746171586
"9109",2018,343,0.0308297746537314
"9110",2018,344,0.03787523356811
"9111",2018,345,0.0394447237563607
"9112",2018,346,0.0435611494756631
"9113",2018,347,0.0421165597399214
"9114",2018,348,0.044360165760444
"9115",2018,349,0.0514413943450343
"9116",2018,350,0.0351623995470421
"9117",2018,351,0.0447432378271711
"9118",2018,352,0.0524497560946431
"9119",2018,353,0.0508726854997752
"9120",2018,354,0.0429496005712975
"9121",2018,355,0.0459573181036159
"9122",2018,356,0.0331326155047957
"9123",2018,357,0.0294390812350209
"9124",2018,358,0.0284147999200008
"9125",2018,359,0.0265001957441809
"9126",2018,360,0.0307216314510219
"9127",2018,361,0.0274482376983208
"9128",2018,362,0.028497841861945
"9129",2018,363,0.0353229492319959
"9130",2018,364,0.0273162301209374
"9131",2018,365,0.0176879203424024
"9132",2018,366,0.0466901768654948
"9133",2019,1,0.0275128197213763
"9134",2019,2,0.0455353174861302
"9135",2019,3,0.0579125652567242
"9136",2019,4,0.0521604965764408
"9137",2019,5,0.0448090285752746
"9138",2019,6,0.052925149563652
"9139",2019,7,0.0399419056606011
"9140",2019,8,0.0239545337367866
"9141",2019,9,0.0304523821778207
"9142",2019,10,0.0363420730610729
"9143",2019,11,0.0314974488965577
"9144",2019,12,0.0491522005540299
"9145",2019,13,0.0448615732912353
"9146",2019,14,0.0461953240232793
"9147",2019,15,0.0410424238625565
"9148",2019,16,0.0328724054122196
"9149",2019,17,0.0248254241452239
"9150",2019,18,0.0225994946790544
"9151",2019,19,0.0301406138274312
"9152",2019,20,0.0350355190061029
"9153",2019,21,0.0415557773176491
"9154",2019,22,0.0512812253449849
"9155",2019,23,0.0405420249262345
"9156",2019,24,0.0310705772299775
"9157",2019,25,0.0508785284313676
"9158",2019,26,0.0698230195258769
"9159",2019,27,0.0787189188088285
"9160",2019,28,0.0402784182694826
"9161",2019,29,0.0240727690103729
"9162",2019,30,0.0433507454003489
"9163",2019,31,0.0735715679330173
"9164",2019,32,0.0496880181002077
"9165",2019,33,0.0336191860645817
"9166",2019,34,0.0254165233297594
"9167",2019,35,0.0224119057586062
"9168",2019,36,0.0171426608181565
"9169",2019,37,0.0136146018029899
"9170",2019,38,0.0134159389625917
"9171",2019,39,0.015453525737357
"9172",2019,40,0.0181400043230952
"9173",2019,41,0.0240599682285908
"9174",2019,42,0.0272234169247638
"9175",2019,43,0.0232559242285468
"9176",2019,44,0.0278184953821699
"9177",2019,45,0.0234551822675046
"9178",2019,46,0.0291710404742567
"9179",2019,47,0.0450035826003838
"9180",2019,48,0.0418265734000183
"9181",2019,49,0.0320832113584969
"9182",2019,50,0.0479069064442371
"9183",2019,51,0.0568200061002656
"9184",2019,52,0.0475895697462652
"9185",2019,53,0.0488908754782267
"9186",2019,54,0.0490533079809961
"9187",2019,55,0.0306879155029858
"9188",2019,56,0.0255482144756987
"9189",2019,57,0.0366920193520615
"9190",2019,58,0.0585510729419894
"9191",2019,59,0.0725788733539082
"9192",2019,60,0.0424328776627576
"9193",2019,61,0.0263536597399094
"9194",2019,62,0.041042380391883
"9195",2019,63,0.0537093024495935
"9196",2019,64,0.069441316184269
"9197",2019,65,0.0493288900623234
"9198",2019,66,0.0751958108494528
"9199",2019,67,0.0989189057967456
"9200",2019,68,0.096620028869056
"9201",2019,69,0.0820349510200312
"9202",2019,70,0.119241276603518
"9203",2019,71,0.17617428973056
"9204",2019,72,0.160444698214086
"9205",2019,73,0.146239113497294
"9206",2019,74,0.145990948162539
"9207",2019,75,0.162322260820425
"9208",2019,76,0.164164778058297
"9209",2019,77,0.198077342508596
"9210",2019,78,0.220051355755031
"9211",2019,79,0.241923130404338
"9212",2019,80,0.241046758394375
"9213",2019,81,0.251657955918421
"9214",2019,82,0.249403439699061
"9215",2019,83,0.219269010481637
"9216",2019,84,0.207711547933388
"9217",2019,85,0.283936513416526
"9218",2019,86,0.235349636362982
"9219",2019,87,0.220883078924897
"9220",2019,88,0.219064574225354
"9221",2019,89,0.259133475603783
"9222",2019,90,0.233073962121988
"9223",2019,91,0.248292140086106
"9224",2019,92,0.235821527708625
"9225",2019,93,0.261173808208395
"9226",2019,94,0.310004875174039
"9227",2019,95,0.27288993230337
"9228",2019,96,0.320267957536349
"9229",2019,97,0.331582900492328
"9230",2019,98,0.318271552746396
"9231",2019,99,0.295361398936303
"9232",2019,100,0.284352461633786
"9233",2019,101,0.260705100876249
"9234",2019,102,0.265588862670187
"9235",2019,103,0.31667910597516
"9236",2019,104,0.374388490800501
"9237",2019,105,0.334341945755796
"9238",2019,106,0.320371198962403
"9239",2019,107,0.363438491815631
"9240",2019,108,0.368625644868887
"9241",2019,109,0.426175443622979
"9242",2019,110,0.394955947814622
"9243",2019,111,0.351476825366402
"9244",2019,112,0.396464087897387
"9245",2019,113,0.431905050191933
"9246",2019,114,0.39310712760949
"9247",2019,115,0.348152637414804
"9248",2019,116,0.338249902068817
"9249",2019,117,0.33967832044105
"9250",2019,118,0.290476117447045
"9251",2019,119,0.27254842712062
"9252",2019,120,0.322112683229837
"9253",2019,121,0.324451332344799
"9254",2019,122,0.355227184526531
"9255",2019,123,0.353400314427295
"9256",2019,124,0.334341525127514
"9257",2019,125,0.320130464211217
"9258",2019,126,0.345718689138251
"9259",2019,127,0.401740718115008
"9260",2019,128,0.371319552375417
"9261",2019,129,0.417972925642207
"9262",2019,130,0.45214710947689
"9263",2019,131,0.420458823948454
"9264",2019,132,0.497021053401776
"9265",2019,133,0.466195772699231
"9266",2019,134,0.480488471806736
"9267",2019,135,0.500291475183009
"9268",2019,136,0.420617680417213
"9269",2019,137,0.428094599023359
"9270",2019,138,0.417947921621172
"9271",2019,139,0.406677447194587
"9272",2019,140,0.438666160459252
"9273",2019,141,0.454899107646089
"9274",2019,142,0.500367530536538
"9275",2019,143,0.508324305655646
"9276",2019,144,0.49753046637476
"9277",2019,145,0.487835852402301
"9278",2019,146,0.477193824626914
"9279",2019,147,0.484304652016642
"9280",2019,148,0.536745888729187
"9281",2019,149,0.586291381615878
"9282",2019,150,0.616098791668333
"9283",2019,151,0.522215533074874
"9284",2019,152,0.557469732606665
"9285",2019,153,0.639533796682118
"9286",2019,154,0.633550094674197
"9287",2019,155,0.596747799169359
"9288",2019,156,0.586175687183855
"9289",2019,157,0.615710044966029
"9290",2019,158,0.545546413698711
"9291",2019,159,0.484534794717534
"9292",2019,160,0.518880421586927
"9293",2019,161,0.532667616866296
"9294",2019,162,0.555615761246579
"9295",2019,163,0.578768504517677
"9296",2019,164,0.625570431481218
"9297",2019,165,0.611139134604091
"9298",2019,166,0.567587798456543
"9299",2019,167,0.547832377649217
"9300",2019,168,0.552945516599611
"9301",2019,169,0.606038045125271
"9302",2019,170,0.58680969931818
"9303",2019,171,0.52174531101307
"9304",2019,172,0.51239797811006
"9305",2019,173,0.548319139449967
"9306",2019,174,0.577652305903891
"9307",2019,175,0.571528034682196
"9308",2019,176,0.58098758045236
"9309",2019,177,0.58903436954635
"9310",2019,178,0.630497498980639
"9311",2019,179,0.622993014374219
"9312",2019,180,0.631168182868527
"9313",2019,181,0.587513925474364
"9314",2019,182,0.618376970140519
"9315",2019,183,0.550905024001457
"9316",2019,184,0.568505467620414
"9317",2019,185,0.577087006414561
"9318",2019,186,0.595327742748559
"9319",2019,187,0.624243201660071
"9320",2019,188,0.650633618632623
"9321",2019,189,0.634399946809458
"9322",2019,190,0.607528269980929
"9323",2019,191,0.618229906773671
"9324",2019,192,0.641409048963073
"9325",2019,193,0.61689618220759
"9326",2019,194,0.66113746611403
"9327",2019,195,0.665807288678324
"9328",2019,196,0.637840589468792
"9329",2019,197,0.595047679417064
"9330",2019,198,0.61168504891246
"9331",2019,199,0.620520848887092
"9332",2019,200,0.564622899123946
"9333",2019,201,0.584172216868769
"9334",2019,202,0.600511988012416
"9335",2019,203,0.621492799024234
"9336",2019,204,0.678336787008386
"9337",2019,205,0.694335248067761
"9338",2019,206,0.596873437483123
"9339",2019,207,0.632715685124685
"9340",2019,208,0.672547496594208
"9341",2019,209,0.588602174472361
"9342",2019,210,0.574093461653285
"9343",2019,211,0.656070211113493
"9344",2019,212,0.625001452639918
"9345",2019,213,0.679534394096397
"9346",2019,214,0.699270768774832
"9347",2019,215,0.655972900087137
"9348",2019,216,0.591192918510158
"9349",2019,217,0.613868090957143
"9350",2019,218,0.570250210458724
"9351",2019,219,0.543608450368544
"9352",2019,220,0.572173604429382
"9353",2019,221,0.601456261742577
"9354",2019,222,0.54107617610508
"9355",2019,223,0.557069335492257
"9356",2019,224,0.501842201041405
"9357",2019,225,0.516019941824249
"9358",2019,226,0.548340642053696
"9359",2019,227,0.555167428666245
"9360",2019,228,0.522409287594694
"9361",2019,229,0.476792264330565
"9362",2019,230,0.501651629181569
"9363",2019,231,0.510133966481919
"9364",2019,232,0.490162424337353
"9365",2019,233,0.518689744408641
"9366",2019,234,0.546756803729112
"9367",2019,235,0.495659781649739
"9368",2019,236,0.543261354143126
"9369",2019,237,0.500102009844438
"9370",2019,238,0.467586835835354
"9371",2019,239,0.452069035181961
"9372",2019,240,0.459608625620859
"9373",2019,241,0.425014926376784
"9374",2019,242,0.451926560519586
"9375",2019,243,0.449132463554909
"9376",2019,244,0.456064528221162
"9377",2019,245,0.454184913725033
"9378",2019,246,0.447637407718994
"9379",2019,247,0.47381790982625
"9380",2019,248,0.429804458434569
"9381",2019,249,0.399459678076487
"9382",2019,250,0.409411230089368
"9383",2019,251,0.394027664306696
"9384",2019,252,0.357313557995479
"9385",2019,253,0.345564793934308
"9386",2019,254,0.362223177329896
"9387",2019,255,0.355198168676962
"9388",2019,256,0.388854043482705
"9389",2019,257,0.388786839424127
"9390",2019,258,0.420032264041781
"9391",2019,259,0.414519719957188
"9392",2019,260,0.393080006707539
"9393",2019,261,0.355523237269283
"9394",2019,262,0.339134938864301
"9395",2019,263,0.330083303349454
"9396",2019,264,0.30873806021497
"9397",2019,265,0.326054276929935
"9398",2019,266,0.329631201004329
"9399",2019,267,0.28637218873566
"9400",2019,268,0.27351157174513
"9401",2019,269,0.261226940212075
"9402",2019,270,0.225966660805949
"9403",2019,271,0.19826420148096
"9404",2019,272,0.191389920513744
"9405",2019,273,0.183385591571121
"9406",2019,274,0.182654905989188
"9407",2019,275,0.180694598871057
"9408",2019,276,0.198623330443211
"9409",2019,277,0.210694711909199
"9410",2019,278,0.205212531191977
"9411",2019,279,0.218179098984098
"9412",2019,280,0.226082393720543
"9413",2019,281,0.169621981439671
"9414",2019,282,0.130724916780472
"9415",2019,283,0.130829724146452
"9416",2019,284,0.131812919749074
"9417",2019,285,0.133407776646167
"9418",2019,286,0.140367255016039
"9419",2019,287,0.143851924836383
"9420",2019,288,0.142405275059481
"9421",2019,289,0.168134201018088
"9422",2019,290,0.179109199309407
"9423",2019,291,0.158865332487449
"9424",2019,292,0.146540985342477
"9425",2019,293,0.127338119076647
"9426",2019,294,0.121521239030972
"9427",2019,295,0.112284567378943
"9428",2019,296,0.107578277496835
"9429",2019,297,0.122976652280275
"9430",2019,298,0.1468875033765
"9431",2019,299,0.0947674140925315
"9432",2019,300,0.078720057097297
"9433",2019,301,0.0704505880034309
"9434",2019,302,0.0613404639884116
"9435",2019,303,0.0619755862096644
"9436",2019,304,0.0978913674437579
"9437",2019,305,0.098447473594506
"9438",2019,306,0.0906578552936335
"9439",2019,307,0.0841550982051266
"9440",2019,308,0.0626607803035917
"9441",2019,309,0.0605770829974524
"9442",2019,310,0.0414008305032607
"9443",2019,311,0.0472149272030555
"9444",2019,312,0.0808012002349442
"9445",2019,313,0.0619548188412923
"9446",2019,314,0.0321167491231384
"9447",2019,315,0.0346570070082136
"9448",2019,316,0.0471812838725729
"9449",2019,317,0.0632029121535249
"9450",2019,318,0.0645437127387592
"9451",2019,319,0.0737214496060179
"9452",2019,320,0.0734503840673564
"9453",2019,321,0.0775434628543451
"9454",2019,322,0.0756237824505639
"9455",2019,323,0.0591828441328062
"9456",2019,324,0.0540758998401172
"9457",2019,325,0.0540077570333683
"9458",2019,326,0.059653871831529
"9459",2019,327,0.0737203463102002
"9460",2019,328,0.0670584362906655
"9461",2019,329,0.0511559461734189
"9462",2019,330,0.0418296318859226
"9463",2019,331,0.0396720560404824
"9464",2019,332,0.0381661397445094
"9465",2019,333,0.0294614218618373
"9466",2019,334,0.0347341027035451
"9467",2019,335,0.0350432229203416
"9468",2019,336,0.0396056494049213
"9469",2019,337,0.0463944435425092
"9470",2019,338,0.0406224615495316
"9471",2019,339,0.0365447227025521
"9472",2019,340,0.0338191285309744
"9473",2019,341,0.0351009969684696
"9474",2019,342,0.022572153267763
"9475",2019,343,0.0196365776112627
"9476",2019,344,0.0176461006515048
"9477",2019,345,0.0176984758395619
"9478",2019,346,0.0235762583937697
"9479",2019,347,0.0204270005714676
"9480",2019,348,0.0200620308251149
"9481",2019,349,0.0257826548631746
"9482",2019,350,0.0266029730976383
"9483",2019,351,0.0325091570057465
"9484",2019,352,0.0399476271352344
"9485",2019,353,0.0377852693097232
"9486",2019,354,0.0434830888936072
"9487",2019,355,0.0428855056227213
"9488",2019,356,0.0437764973568393
"9489",2019,357,0.0394628367006956
"9490",2019,358,0.0368204173532222
"9491",2019,359,0.0349466153422489
"9492",2019,360,0.0295835766972846
"9493",2019,361,0.0329174435058521
"9494",2019,362,0.0292938212508866
"9495",2019,363,0.0291258548001848
"9496",2019,364,0.0306508259334472
"9497",2019,365,0.041639188022507
"9498",2020,1,0.0465915985450198
"9499",2020,2,0.0421481755680043
"9500",2020,3,0.0360207813170478
"9501",2020,4,0.0518920048662489
"9502",2020,5,0.0451853732533732
"9503",2020,6,0.0401715437318773
"9504",2020,7,0.0268033487929487
"9505",2020,8,0.0374714577908094
"9506",2020,9,0.0202154181270956
"9507",2020,10,0.0189519639166086
"9508",2020,11,0.0334679585968842
"9509",2020,12,0.0211621010665749
"9510",2020,13,0.0119204175707937
"9511",2020,14,0.01
"9512",2020,15,0.01
"9513",2020,16,0.0122640769996407
"9514",2020,17,0.0178497615385014
"9515",2020,18,0.0130525974371008
"9516",2020,19,0.0193758261701184
"9517",2020,20,0.0452278869251895
"9518",2020,21,0.061759280932719
"9519",2020,22,0.0547728069973311
"9520",2020,23,0.0542520859534013
"9521",2020,24,0.0710842576261167
"9522",2020,25,0.0747704691538133
"9523",2020,26,0.0687378244559783
"9524",2020,27,0.0738945173130885
"9525",2020,28,0.0664263542290723
"9526",2020,29,0.0614589547641731
"9527",2020,30,0.0731860435245357
"9528",2020,31,0.0829217812560357
"9529",2020,32,0.105093012762837
"9530",2020,33,0.0789358989183237
"9531",2020,34,0.0561850898494414
"9532",2020,35,0.059562941793081
"9533",2020,36,0.0729450205474441
"9534",2020,37,0.0678448710678926
"9535",2020,38,0.0778988213998299
"9536",2020,39,0.0714835091087709
"9537",2020,40,0.0766186769751261
"9538",2020,41,0.0804435748851777
"9539",2020,42,0.0839983574020046
"9540",2020,43,0.0356377321262943
"9541",2020,44,0.0524034954117776
"9542",2020,45,0.0882221986179036
"9543",2020,46,0.0653138629270991
"9544",2020,47,0.0811085853949047
"9545",2020,48,0.0609117485636319
"9546",2020,49,0.0326312092288905
"9547",2020,50,0.0457430041514915
"9548",2020,51,0.0924286024120718
"9549",2020,52,0.115300008624748
"9550",2020,53,0.1271061201501
"9551",2020,54,0.120746198123075
"9552",2020,55,0.102504608199896
"9553",2020,56,0.0877682420150527
"9554",2020,57,0.117875066174791
"9555",2020,58,0.143276577508981
"9556",2020,59,0.155763445932501
"9557",2020,60,0.157005766689252
"9558",2020,61,0.122146185058883
"9559",2020,62,0.146874527662272
"9560",2020,63,0.15763678098182
"9561",2020,64,0.166407941630579
"9562",2020,65,0.159121381807608
"9563",2020,66,0.205180328027777
"9564",2020,67,0.140251331250856
"9565",2020,68,0.108051692388514
"9566",2020,69,0.120764300962898
"9567",2020,70,0.154004235398063
"9568",2020,71,0.180998230293712
"9569",2020,72,0.148894895222307
"9570",2020,73,0.0937823839140063
"9571",2020,74,0.0988685416134047
"9572",2020,75,0.113839788715733
"9573",2020,76,0.110529515910965
"9574",2020,77,0.138960872985969
"9575",2020,78,0.111889138918601
"9576",2020,79,0.11717989081442
"9577",2020,80,0.128622194006436
"9578",2020,81,0.164475681018461
"9579",2020,82,0.186758425447729
"9580",2020,83,0.216054426205241
"9581",2020,84,0.1770070440747
"9582",2020,85,0.156640321880939
"9583",2020,86,0.193750777437044
"9584",2020,87,0.236891439177392
"9585",2020,88,0.25858168379569
"9586",2020,89,0.27533165716316
"9587",2020,90,0.235355726819305
"9588",2020,91,0.195646065143723
"9589",2020,92,0.12294053829557
"9590",2020,93,0.125113091629806
"9591",2020,94,0.15490275209859
"9592",2020,95,0.18186378453843
"9593",2020,96,0.18806757123457
"9594",2020,97,0.228211706659398
"9595",2020,98,0.236183060288778
"9596",2020,99,0.24638220867373
"9597",2020,100,0.241327594779131
"9598",2020,101,0.290367964777715
"9599",2020,102,0.212803030140948
"9600",2020,103,0.189859147878194
"9601",2020,104,0.198359695180184
"9602",2020,105,0.231939472840658
"9603",2020,106,0.240114533041643
"9604",2020,107,0.27008148136291
"9605",2020,108,0.344035947722684
"9606",2020,109,0.284791509129618
"9607",2020,110,0.327924518177886
"9608",2020,111,0.356136739292661
"9609",2020,112,0.412307344245777
"9610",2020,113,0.39436241778631
"9611",2020,114,0.382825685587471
"9612",2020,115,0.362926118093702
"9613",2020,116,0.386967434239348
"9614",2020,117,0.412785166643883
"9615",2020,118,0.413055971703637
"9616",2020,119,0.426321225510384
"9617",2020,120,0.439672605039259
"9618",2020,121,0.51755919672754
"9619",2020,122,0.44148774883305
"9620",2020,123,0.410023749329269
"9621",2020,124,0.427473995749178
"9622",2020,125,0.39998406377206
"9623",2020,126,0.405272310279732
"9624",2020,127,0.438126288132856
"9625",2020,128,0.435529455898687
"9626",2020,129,0.433717124832953
"9627",2020,130,0.356313614639007
"9628",2020,131,0.364973891009802
"9629",2020,132,0.3530309349567
"9630",2020,133,0.371368854599473
"9631",2020,134,0.39023925466089
"9632",2020,135,0.425261912649169
"9633",2020,136,0.409338016860984
"9634",2020,137,0.488899977027082
"9635",2020,138,0.546840420821029
"9636",2020,139,0.540425284923275
"9637",2020,140,0.543722653055056
"9638",2020,141,0.507077784370727
"9639",2020,142,0.504107782338343
"9640",2020,143,0.486823700940301
"9641",2020,144,0.453819948505918
"9642",2020,145,0.478032470551105
"9643",2020,146,0.530043816913535
"9644",2020,147,0.554450168613579
"9645",2020,148,0.505045069169206
"9646",2020,149,0.493397621436263
"9647",2020,150,0.528796576084329
"9648",2020,151,0.569784570101822
"9649",2020,152,0.639329321912075
"9650",2020,153,0.578839770007753
"9651",2020,154,0.554351533852653
"9652",2020,155,0.555475852631476
"9653",2020,156,0.524974784905146
"9654",2020,157,0.521777366231756
"9655",2020,158,0.570536983841368
"9656",2020,159,0.532068782113176
"9657",2020,160,0.50362701151902
"9658",2020,161,0.527399752202691
"9659",2020,162,0.550136851131047
"9660",2020,163,0.57682284315477
"9661",2020,164,0.626864917916717
"9662",2020,165,0.676171538618893
"9663",2020,166,0.596477861276603
"9664",2020,167,0.563610788279797
"9665",2020,168,0.56084586439196
"9666",2020,169,0.539281134755323
"9667",2020,170,0.509421186874517
"9668",2020,171,0.527043683649071
"9669",2020,172,0.547752457195831
"9670",2020,173,0.539141500641944
"9671",2020,174,0.574797601300021
"9672",2020,175,0.64348938763259
"9673",2020,176,0.657107256151529
"9674",2020,177,0.641047088710651
"9675",2020,178,0.658173931068069
"9676",2020,179,0.617660604873326
"9677",2020,180,0.593951216102457
"9678",2020,181,0.593511037896509
"9679",2020,182,0.607799669753488
"9680",2020,183,0.610774424962447
"9681",2020,184,0.608160635662227
"9682",2020,185,0.620750373142421
"9683",2020,186,0.651354717375067
"9684",2020,187,0.62328924582303
"9685",2020,188,0.61761488781762
"9686",2020,189,0.650031314873353
"9687",2020,190,0.581537938512798
"9688",2020,191,0.604942411157067
"9689",2020,192,0.597082327132556
"9690",2020,193,0.600127138601187
"9691",2020,194,0.637021410119333
"9692",2020,195,0.56927845582891
"9693",2020,196,0.591298423495342
"9694",2020,197,0.593367216914774
"9695",2020,198,0.613833079615551
"9696",2020,199,0.631397146941995
"9697",2020,200,0.599628660686165
"9698",2020,201,0.590449054259542
"9699",2020,202,0.595579607357468
"9700",2020,203,0.609494597082667
"9701",2020,204,0.675949744395912
"9702",2020,205,0.674258173217101
"9703",2020,206,0.647350398507359
"9704",2020,207,0.581287034965
"9705",2020,208,0.593904520010846
"9706",2020,209,0.599455792298622
"9707",2020,210,0.6375904170623
"9708",2020,211,0.681600446668667
"9709",2020,212,0.67258981233095
"9710",2020,213,0.626279975693054
"9711",2020,214,0.597362171253422
"9712",2020,215,0.615010764763304
"9713",2020,216,0.653542335456226
"9714",2020,217,0.598576047838724
"9715",2020,218,0.604081128385048
"9716",2020,219,0.651771728381129
"9717",2020,220,0.57435107844767
"9718",2020,221,0.564080365707577
"9719",2020,222,0.543802309177865
"9720",2020,223,0.547636844899161
"9721",2020,224,0.563597499614831
"9722",2020,225,0.587457763839625
"9723",2020,226,0.561477834747958
"9724",2020,227,0.534529775596813
"9725",2020,228,0.551482635065637
"9726",2020,229,0.576359892508761
"9727",2020,230,0.611366655102598
"9728",2020,231,0.618772524366056
"9729",2020,232,0.622089431899399
"9730",2020,233,0.600794627558141
"9731",2020,234,0.564347880000208
"9732",2020,235,0.558599331540437
"9733",2020,236,0.512162280436207
"9734",2020,237,0.53302445119506
"9735",2020,238,0.544496404740539
"9736",2020,239,0.513092686351767
"9737",2020,240,0.48714329105061
"9738",2020,241,0.454623912012569
"9739",2020,242,0.511109913689729
"9740",2020,243,0.430462372508991
"9741",2020,244,0.400211448014624
"9742",2020,245,0.452579718684591
"9743",2020,246,0.420826868592849
"9744",2020,247,0.407448559936252
"9745",2020,248,0.432978391416909
"9746",2020,249,0.476883950722462
"9747",2020,250,0.39326159314568
"9748",2020,251,0.310114150864547
"9749",2020,252,0.312494279685062
"9750",2020,253,0.372054688593441
"9751",2020,254,0.412160162303327
"9752",2020,255,0.425575435653733
"9753",2020,256,0.364957647831795
"9754",2020,257,0.330521826763343
"9755",2020,258,0.335248255610628
"9756",2020,259,0.317834827303093
"9757",2020,260,0.291097243319046
"9758",2020,261,0.322909745643772
"9759",2020,262,0.339592735648468
"9760",2020,263,0.361540394763104
"9761",2020,264,0.341218546597568
"9762",2020,265,0.331807588854085
"9763",2020,266,0.315126351969228
"9764",2020,267,0.328787044927486
"9765",2020,268,0.333250620373326
"9766",2020,269,0.305066365605675
"9767",2020,270,0.272398621240765
"9768",2020,271,0.258363629799467
"9769",2020,272,0.269022176938843
"9770",2020,273,0.262875509248307
"9771",2020,274,0.22278784035854
"9772",2020,275,0.202540426936352
"9773",2020,276,0.234435644837661
"9774",2020,277,0.220367979014935
"9775",2020,278,0.262290432545541
"9776",2020,279,0.244821626897014
"9777",2020,280,0.227040522252825
"9778",2020,281,0.20490673906325
"9779",2020,282,0.246060957522339
"9780",2020,283,0.189596731187628
"9781",2020,284,0.231982462695747
"9782",2020,285,0.188421619279442
"9783",2020,286,0.155043006413353
"9784",2020,287,0.155249818249683
"9785",2020,288,0.136782225920747
"9786",2020,289,0.133629976376481
"9787",2020,290,0.115214687640553
"9788",2020,291,0.0886206351823433
"9789",2020,292,0.0919027792756998
"9790",2020,293,0.085852920591808
"9791",2020,294,0.0909548023865854
"9792",2020,295,0.0793428086464043
"9793",2020,296,0.0710700243567331
"9794",2020,297,0.0723612447154455
"9795",2020,298,0.0710819862445743
"9796",2020,299,0.0672378557442197
"9797",2020,300,0.0756040880467756
"9798",2020,301,0.120320734403152
"9799",2020,302,0.100808554893214
"9800",2020,303,0.103166769771669
"9801",2020,304,0.117845688939257
"9802",2020,305,0.0888928301937384
"9803",2020,306,0.104174521128596
"9804",2020,307,0.125317278482013
"9805",2020,308,0.129355014836996
"9806",2020,309,0.119762467983539
"9807",2020,310,0.125063034046461
"9808",2020,311,0.0921389894668549
"9809",2020,312,0.0796324359741905
"9810",2020,313,0.0593331780425435
"9811",2020,314,0.0391692431348539
"9812",2020,315,0.0437528493115498
"9813",2020,316,0.0418218990855664
"9814",2020,317,0.0340755046187943
"9815",2020,318,0.0548785152325418
"9816",2020,319,0.0533768415681656
"9817",2020,320,0.0435681054335441
"9818",2020,321,0.0408637847507734
"9819",2020,322,0.0530872983071351
"9820",2020,323,0.0682201488315404
"9821",2020,324,0.0405935239024055
"9822",2020,325,0.0282571195749655
"9823",2020,326,0.0356169548913162
"9824",2020,327,0.034517333944181
"9825",2020,328,0.0397714977456063
"9826",2020,329,0.0436805427911739
"9827",2020,330,0.0521976322551591
"9828",2020,331,0.0430922967995956
"9829",2020,332,0.0462810370545307
"9830",2020,333,0.0445372339420306
"9831",2020,334,0.0370317410035584
"9832",2020,335,0.0473592036188588
"9833",2020,336,0.0445135274351557
"9834",2020,337,0.0381152417154665
"9835",2020,338,0.0447178092914423
"9836",2020,339,0.0441649057383122
"9837",2020,340,0.0450325792229632
"9838",2020,341,0.0426322258384258
"9839",2020,342,0.0438497094975793
"9840",2020,343,0.0532479682123877
"9841",2020,344,0.0445556801105653
"9842",2020,345,0.0325374372273993
"9843",2020,346,0.0305770636417277
"9844",2020,347,0.031249385619172
"9845",2020,348,0.0184858571038581
"9846",2020,349,0.0182641883059024
"9847",2020,350,0.0259619594190232
"9848",2020,351,0.0323345936651644
"9849",2020,352,0.0369010318955056
"9850",2020,353,0.0260378276274639
"9851",2020,354,0.0417065034370886
"9852",2020,355,0.0449302370562564
"9853",2020,356,0.0367292675624834
"9854",2020,357,0.0332957866653747
"9855",2020,358,0.0270904086666314
"9856",2020,359,0.0382524178180873
"9857",2020,360,0.0342690811338514
"9858",2020,361,0.0341178125849902
"9859",2020,362,0.0303540465592354
"9860",2020,363,0.0271136298115544
"9861",2020,364,0.0257298583672323
"9862",2020,365,0.0261084742091048
"9863",2021,1,0.0342952681951565
"9864",2021,2,0.050928878105131
"9865",2021,3,0.0581633617567284
"9866",2021,4,0.0445352195056847
"9867",2021,5,0.0459555225895436
"9868",2021,6,0.0473271464337134
"9869",2021,7,0.0462179841543251
"9870",2021,8,0.0390257437245872
"9871",2021,9,0.0362881356424785
"9872",2021,10,0.0401271269351916
"9873",2021,11,0.0475143433256069
"9874",2021,12,0.054264500220093
"9875",2021,13,0.0686287811158384
"9876",2021,14,0.0492018410407295
"9877",2021,15,0.0406437364024459
"9878",2021,16,0.0506584643190873
"9879",2021,17,0.0517640620313976
"9880",2021,18,0.0563323920176603
"9881",2021,19,0.0550958346749257
"9882",2021,20,0.0646871516426437
"9883",2021,21,0.0476959642212485
"9884",2021,22,0.0529142834805961
"9885",2021,23,0.0314715014431835
"9886",2021,24,0.0206833928148902
"9887",2021,25,0.021124613764141
"9888",2021,26,0.0250378049438697
"9889",2021,27,0.0341121191093571
"9890",2021,28,0.0420086601305001
"9891",2021,29,0.0413561465660538
"9892",2021,30,0.0359945248618701
"9893",2021,31,0.046058015858495
"9894",2021,32,0.0716178677754284
"9895",2021,33,0.0872205607651117
"9896",2021,34,0.0424614266014175
"9897",2021,35,0.0328283917488747
"9898",2021,36,0.0274601105638014
"9899",2021,37,0.015390578264396
"9900",2021,38,0.01405444383524
"9901",2021,39,0.0143507958881396
"9902",2021,40,0.0179816146392687
"9903",2021,41,0.0162955587741575
"9904",2021,42,0.0133483876846207
"9905",2021,43,0.0203561196818371
"9906",2021,44,0.0164761098248855
"9907",2021,45,0.0202113508616728
"9908",2021,46,0.0329348388128459
"9909",2021,47,0.0441918453613051
"9910",2021,48,0.0453927221179609
"9911",2021,49,0.0513632241185482
"9912",2021,50,0.0801137867204713
"9913",2021,51,0.0990779316376438
"9914",2021,52,0.113204598331937
"9915",2021,53,0.138865088067964
"9916",2021,54,0.125363722801754
"9917",2021,55,0.107426493487925
"9918",2021,56,0.115242213725336
"9919",2021,57,0.0961941228544564
"9920",2021,58,0.0550096082264613
"9921",2021,59,0.0690800731534616
"9922",2021,60,0.117419903969039
"9923",2021,61,0.150463625679583
"9924",2021,62,0.148582697217742
"9925",2021,63,0.150526560732
"9926",2021,64,0.170027178415035
"9927",2021,65,0.184329090054488
"9928",2021,66,0.173582788136975
"9929",2021,67,0.170970569145758
"9930",2021,68,0.15208976093804
"9931",2021,69,0.153354726069792
"9932",2021,70,0.114642584436745
"9933",2021,71,0.17597129194033
"9934",2021,72,0.179398295957768
"9935",2021,73,0.209635934253834
"9936",2021,74,0.199454648718275
"9937",2021,75,0.158550069510491
"9938",2021,76,0.188800472736678
"9939",2021,77,0.239942241340461
"9940",2021,78,0.267785263666543
"9941",2021,79,0.236383636810267
"9942",2021,80,0.20077712283988
"9943",2021,81,0.220450881608277
"9944",2021,82,0.180143006834493
"9945",2021,83,0.220436966055993
"9946",2021,84,0.202754465380046
"9947",2021,85,0.17504020574745
"9948",2021,86,0.209870050568069
"9949",2021,87,0.29136327202397
"9950",2021,88,0.201265297957555
"9951",2021,89,0.141715122038915
"9952",2021,90,0.196974313713271
"9953",2021,91,0.283779590744511
"9954",2021,92,0.292002785476083
"9955",2021,93,0.294841000007655
"9956",2021,94,0.319716817645643
"9957",2021,95,0.292593661603177
"9958",2021,96,0.304564957465197
"9959",2021,97,0.353889362698496
"9960",2021,98,0.321413038362828
"9961",2021,99,0.285048055895292
"9962",2021,100,0.309427228943507
"9963",2021,101,0.277255816458094
"9964",2021,102,0.258441184680843
"9965",2021,103,0.26573998417103
"9966",2021,104,0.279631709232155
"9967",2021,105,0.322247529656874
"9968",2021,106,0.329077649802126
"9969",2021,107,0.373891681764399
"9970",2021,108,0.294528607336677
"9971",2021,109,0.274194599943796
"9972",2021,110,0.281373040012093
"9973",2021,111,0.352586037889704
"9974",2021,112,0.296386521143302
"9975",2021,113,0.246627748820605
"9976",2021,114,0.278265737078672
"9977",2021,115,0.314770624299733
"9978",2021,116,0.340517930484494
"9979",2021,117,0.382679620240573
"9980",2021,118,0.382172184782978
"9981",2021,119,0.386599754688743
"9982",2021,120,0.472702926890842
"9983",2021,121,0.445331620849642
"9984",2021,122,0.404142431540294
"9985",2021,123,0.340380087753187
"9986",2021,124,0.375634337961847
"9987",2021,125,0.382012154429116
"9988",2021,126,0.41250716182594
"9989",2021,127,0.432304317258674
"9990",2021,128,0.398924003007227
"9991",2021,129,0.382481867909277
"9992",2021,130,0.399429599846642
"9993",2021,131,0.432427515088992
"9994",2021,132,0.451965536441598
"9995",2021,133,0.4567301120513
"9996",2021,134,0.475493083577355
"9997",2021,135,0.492986876126396
"9998",2021,136,0.554192433553365
"9999",2021,137,0.5722779100805
"10000",2021,138,0.571767980509461
"10001",2021,139,0.441390668568028
"10002",2021,140,0.356900501966888
"10003",2021,141,0.336293766652447
"10004",2021,142,0.39139654125305
"10005",2021,143,0.44801244655998
"10006",2021,144,0.457979961333382
"10007",2021,145,0.416298873668381
"10008",2021,146,0.439194539803557
"10009",2021,147,0.475275128842863
"10010",2021,148,0.523058254351265
"10011",2021,149,0.510306456551983
"10012",2021,150,0.514384153478871
"10013",2021,151,0.569327207673611
"10014",2021,152,0.572193536909512
"10015",2021,153,0.638521808681673
"10016",2021,154,0.674450574990633
"10017",2021,155,0.654829083956267
"10018",2021,156,0.614001380717471
"10019",2021,157,0.554095398108425
"10020",2021,158,0.562908168629792
"10021",2021,159,0.550789168412008
"10022",2021,160,0.560602065941042
"10023",2021,161,0.57455689107225
"10024",2021,162,0.562633616827325
"10025",2021,163,0.556117404062821
"10026",2021,164,0.585994493442877
"10027",2021,165,0.668391621557451
"10028",2021,166,0.717644587505386
"10029",2021,167,0.629108426002634
"10030",2021,168,0.58578413993276
"10031",2021,169,0.558351214141922
"10032",2021,170,0.550915089251831
"10033",2021,171,0.543940869807052
"10034",2021,172,0.543610909059101
"10035",2021,173,0.654028724138809
"10036",2021,174,0.628980974767716
"10037",2021,175,0.577309233076629
"10038",2021,176,0.620321113252053
"10039",2021,177,0.657328588918626
"10040",2021,178,0.651469512732318
"10041",2021,179,0.649970996327311
"10042",2021,180,0.691113483793411
"10043",2021,181,0.704598078601489
"10044",2021,182,0.735375421741925
"10045",2021,183,0.785581910220732
"10046",2021,184,0.685673234134072
"10047",2021,185,0.671199362750335
"10048",2021,186,0.638542712738592
"10049",2021,187,0.600081569727621
"10050",2021,188,0.654814482840211
"10051",2021,189,0.659005230055597
"10052",2021,190,0.652844727928534
"10053",2021,191,0.684873731707302
"10054",2021,192,0.692866235690294
"10055",2021,193,0.6407408422555
"10056",2021,194,0.644884223054302
"10057",2021,195,0.65872428982835
"10058",2021,196,0.72026905619186
"10059",2021,197,0.693258641678312
"10060",2021,198,0.724137667138045
"10061",2021,199,0.656476948539289
"10062",2021,200,0.61120202477363
"10063",2021,201,0.676553642661181
"10064",2021,202,0.683218428969059
"10065",2021,203,0.686556332938548
"10066",2021,204,0.601182046402236
"10067",2021,205,0.622325823957864
"10068",2021,206,0.642127080296403
"10069",2021,207,0.6443939712938
"10070",2021,208,0.685032825527042
"10071",2021,209,0.647893825204237
"10072",2021,210,0.672911019244445
"10073",2021,211,0.644364615064243
"10074",2021,212,0.6541797264023
"10075",2021,213,0.661568987182673
"10076",2021,214,0.69489436735608
"10077",2021,215,0.66228843591053
"10078",2021,216,0.639497257006972
"10079",2021,217,0.627688823580868
"10080",2021,218,0.668151627871993
"10081",2021,219,0.636171613821731
"10082",2021,220,0.594202652806055
"10083",2021,221,0.553122998517693
"10084",2021,222,0.534358371775856
"10085",2021,223,0.582371292750896
"10086",2021,224,0.548873552792064
"10087",2021,225,0.57366382083908
"10088",2021,226,0.677107708888747
"10089",2021,227,0.642729645866816
"10090",2021,228,0.598970774575518
"10091",2021,229,0.510125364678477
"10092",2021,230,0.486348608701879
"10093",2021,231,0.47687502854713
"10094",2021,232,0.485231874762653
"10095",2021,233,0.481638227915606
"10096",2021,234,0.47742021215472
"10097",2021,235,0.470415786921605
"10098",2021,236,0.434755135958469
"10099",2021,237,0.440014967222495
"10100",2021,238,0.464762444709787
"10101",2021,239,0.50117534814429
"10102",2021,240,0.486624020202116
"10103",2021,241,0.472987418510634
"10104",2021,242,0.496607380808599
"10105",2021,243,0.490234959708942
"10106",2021,244,0.436482608191511
"10107",2021,245,0.424850306815864
"10108",2021,246,0.425848659037364
"10109",2021,247,0.420103727248502
"10110",2021,248,0.4668006540858
"10111",2021,249,0.440574301649448
"10112",2021,250,0.417614367079154
"10113",2021,251,0.416966790802915
"10114",2021,252,0.451742203371098
"10115",2021,253,0.405082177072577
"10116",2021,254,0.355708951534371
"10117",2021,255,0.349782506078437
"10118",2021,256,0.370951543592751
"10119",2021,257,0.361962756615861
"10120",2021,258,0.363192992667705
"10121",2021,259,0.314525488567815
"10122",2021,260,0.311045682456738
"10123",2021,261,0.430843892502001
"10124",2021,262,0.345476753608742
"10125",2021,263,0.308055131115304
"10126",2021,264,0.31501078657414
"10127",2021,265,0.354641990704948
"10128",2021,266,0.297515079157356
"10129",2021,267,0.273899330364461
"10130",2021,268,0.336256655062439
"10131",2021,269,0.317821903900106
"10132",2021,270,0.345692787181801
"10133",2021,271,0.309500669067182
"10134",2021,272,0.27785835461312
"10135",2021,273,0.269681005066764
"10136",2021,274,0.277780631531388
"10137",2021,275,0.24577388055981
"10138",2021,276,0.277070005104377
"10139",2021,277,0.245466375714484
"10140",2021,278,0.271221479847617
"10141",2021,279,0.266266679125119
"10142",2021,280,0.207264798279853
"10143",2021,281,0.203043350897251
"10144",2021,282,0.198526074782943
"10145",2021,283,0.198632806240455
"10146",2021,284,0.164427002628747
"10147",2021,285,0.142403446269254
"10148",2021,286,0.137088507769949
"10149",2021,287,0.139244209475163
"10150",2021,288,0.150026329681713
"10151",2021,289,0.172669983787339
"10152",2021,290,0.199157915755302
"10153",2021,291,0.152961405419609
"10154",2021,292,0.124665145093987
"10155",2021,293,0.123164216931588
"10156",2021,294,0.139410898064242
"10157",2021,295,0.123300161213255
"10158",2021,296,0.127177311108597
"10159",2021,297,0.132224465976553
"10160",2021,298,0.131596835145055
"10161",2021,299,0.135357080957163
"10162",2021,300,0.129862029091405
"10163",2021,301,0.117711278507341
"10164",2021,302,0.117615355507996
"10165",2021,303,0.0928394061977276
"10166",2021,304,0.0816213832803305
"10167",2021,305,0.0728678922824919
"10168",2021,306,0.0832082363957541
"10169",2021,307,0.0954095920531138
"10170",2021,308,0.117104638333357
"10171",2021,309,0.115552833106541
"10172",2021,310,0.0955292178175632
"10173",2021,311,0.089630922965101
"10174",2021,312,0.086432244571354
"10175",2021,313,0.0741530486342485
"10176",2021,314,0.0830355270595083
"10177",2021,315,0.0583627754710615
"10178",2021,316,0.0580738036446932
"10179",2021,317,0.0731449791363402
"10180",2021,318,0.0679693277614254
"10181",2021,319,0.0774608886276859
"10182",2021,320,0.0743115488752645
"10183",2021,321,0.042043359271883
"10184",2021,322,0.0453041774414883
"10185",2021,323,0.0474868003352836
"10186",2021,324,0.0501899263703193
"10187",2021,325,0.0411688088930861
"10188",2021,326,0.0575479048767338
"10189",2021,327,0.0510031210815057
"10190",2021,328,0.0326095381852861
"10191",2021,329,0.0520065348546508
"10192",2021,330,0.0688579469527751
"10193",2021,331,0.0507361101435449
"10194",2021,332,0.0629567202171722
"10195",2021,333,0.060234027051347
"10196",2021,334,0.0595062505977117
"10197",2021,335,0.0665312746516233
"10198",2021,336,0.0567496099610974
"10199",2021,337,0.0425467335884727
"10200",2021,338,0.0386411853001526
"10201",2021,339,0.0241632467672057
"10202",2021,340,0.0182924723167655
"10203",2021,341,0.0240584134984581
"10204",2021,342,0.0386472767665434
"10205",2021,343,0.0336682689224216
"10206",2021,344,0.0288494193114718
"10207",2021,345,0.0413382579429426
"10208",2021,346,0.0395597694768264
"10209",2021,347,0.0313955630019163
"10210",2021,348,0.0347609973877554
"10211",2021,349,0.0186576670783516
"10212",2021,350,0.0150047730344638
"10213",2021,351,0.0131495594954334
"10214",2021,352,0.0197024339771239
"10215",2021,353,0.0246291768025628
"10216",2021,354,0.0179892631604933
"10217",2021,355,0.022266766987332
"10218",2021,356,0.0309054490348229
"10219",2021,357,0.036656729509861
"10220",2021,358,0.0165846268708675
"10221",2021,359,0.0114285660378145
"10222",2021,360,0.0102408357189251
"10223",2021,361,0.01
"10224",2021,362,0.01
"10225",2021,363,0.01
"10226",2021,364,0.01
"10227",2021,365,0.01
"10228",2022,1,0.01
"10229",2022,2,0.0265630842735592
"10230",2022,3,0.0311772691426348
"10231",2022,4,0.018920898670943
"10232",2022,5,0.0109332086812518
"10233",2022,6,0.01
"10234",2022,7,0.0230502247810843
"10235",2022,8,0.0201070238624648
"10236",2022,9,0.0180699170497944
"10237",2022,10,0.0347178498101444
"10238",2022,11,0.0538505980714455
"10239",2022,12,0.0673170920040433
"10240",2022,13,0.0638798540314428
"10241",2022,14,0.0577701800609716
"10242",2022,15,0.0645350344557634
"10243",2022,16,0.0665863707967792
"10244",2022,17,0.0690062122431111
"10245",2022,18,0.0441670330826819
"10246",2022,19,0.0213215068256245
"10247",2022,20,0.0359693831238307
"10248",2022,21,0.0617741777798665
"10249",2022,22,0.0696447981095108
"10250",2022,23,0.0772531989991691
"10251",2022,24,0.0676168288892946
"10252",2022,25,0.0398028998928923
"10253",2022,26,0.0688209870780727
"10254",2022,27,0.0704646264428167
"10255",2022,28,0.0729268360247886
"10256",2022,29,0.0790347114617194
"10257",2022,30,0.0946610719997701
"10258",2022,31,0.0768990287532086
"10259",2022,32,0.0324921790450729
"10260",2022,33,0.0191125370455252
"10261",2022,34,0.0240882183361658
"10262",2022,35,0.0407803365718163
"10263",2022,36,0.0758235574453849
"10264",2022,37,0.0834163411301623
"10265",2022,38,0.112014384394333
"10266",2022,39,0.103499280891789
"10267",2022,40,0.0999509384687937
"10268",2022,41,0.113487070155013
"10269",2022,42,0.064386694484586
"10270",2022,43,0.0726062855093503
"10271",2022,44,0.0960020063049277
"10272",2022,45,0.0731216725957503
"10273",2022,46,0.0778505506129261
"10274",2022,47,0.048251893115323
"10275",2022,48,0.0701752506565675
"10276",2022,49,0.0705491185160112
"10277",2022,50,0.104183196792366
"10278",2022,51,0.0540687820006915
"10279",2022,52,0.0304891016528863
"10280",2022,53,0.0273558651124561
"10281",2022,54,0.0309713472117939
"10282",2022,55,0.0412425985735788
"10283",2022,56,0.0613174478574784
"10284",2022,57,0.0996008173177172
"10285",2022,58,0.11046066375743
"10286",2022,59,0.0917387167659643
"10287",2022,60,0.0933863534583873
"10288",2022,61,0.0916782169877925
"10289",2022,62,0.0896548132672105
"10290",2022,63,0.0972816057435854
"10291",2022,64,0.0739991558381084
"10292",2022,65,0.0873124037642139
"10293",2022,66,0.1173433897847
"10294",2022,67,0.0850231585468821
"10295",2022,68,0.0629384839765147
"10296",2022,69,0.0643265981308102
"10297",2022,70,0.0551593038392396
"10298",2022,71,0.139018722692683
"10299",2022,72,0.144748598192895
"10300",2022,73,0.149537746488016
"10301",2022,74,0.193467926721614
"10302",2022,75,0.193915855662015
"10303",2022,76,0.191259840867132
"10304",2022,77,0.209256227244379
"10305",2022,78,0.21325364092901
"10306",2022,79,0.211447005250483
"10307",2022,80,0.215197341641071
"10308",2022,81,0.228582535438968
"10309",2022,82,0.260064760530047
"10310",2022,83,0.244989466625592
"10311",2022,84,0.201088480372495
"10312",2022,85,0.180959378569727
"10313",2022,86,0.24332919923975
"10314",2022,87,0.260229584775397
"10315",2022,88,0.210861185400298
"10316",2022,89,0.241381928551894
"10317",2022,90,0.245227797445756
"10318",2022,91,0.239752028209232
"10319",2022,92,0.246843921931601
"10320",2022,93,0.270697089780183
"10321",2022,94,0.299368283648762
"10322",2022,95,0.275509632963447
"10323",2022,96,0.275923461746461
"10324",2022,97,0.277817566465859
"10325",2022,98,0.343599406373277
"10326",2022,99,0.311716156053653
"10327",2022,100,0.277422843195483
"10328",2022,101,0.22023038372171
"10329",2022,102,0.179380248733699
"10330",2022,103,0.181347855974472
"10331",2022,104,0.195184059179238
"10332",2022,105,0.196131859169391
"10333",2022,106,0.221463944207961
"10334",2022,107,0.259798356093081
"10335",2022,108,0.285870743864119
"10336",2022,109,0.301313592732318
"10337",2022,110,0.265769686926909
"10338",2022,111,0.267707885159016
"10339",2022,112,0.287764715818137
"10340",2022,113,0.336483901922035
"10341",2022,114,0.342130642272603
"10342",2022,115,0.363637628843585
"10343",2022,116,0.39546120141839
"10344",2022,117,0.397917942631041
"10345",2022,118,0.391671342223245
"10346",2022,119,0.385155115648757
"10347",2022,120,0.399335000982901
"10348",2022,121,0.402289238735576
"10349",2022,122,0.41303276109273
"10350",2022,123,0.449162105813358
"10351",2022,124,0.462321673886585
"10352",2022,125,0.5212518577219
"10353",2022,126,0.505382296879953
"10354",2022,127,0.433140245367013
"10355",2022,128,0.425226854139651
"10356",2022,129,0.388953784269513
"10357",2022,130,0.422920373901027
"10358",2022,131,0.424620280457767
"10359",2022,132,0.452914564218611
"10360",2022,133,0.421917125581313
"10361",2022,134,0.444557161093201
"10362",2022,135,0.468977779717376
"10363",2022,136,0.506173443478588
"10364",2022,137,0.496376064688498
"10365",2022,138,0.478532379804476
"10366",2022,139,0.409317443190209
"10367",2022,140,0.389622833232829
"10368",2022,141,0.412583912546509
"10369",2022,142,0.433891145990852
"10370",2022,143,0.479784774298758
"10371",2022,144,0.5108473336257
"10372",2022,145,0.532399841376542
"10373",2022,146,0.532885905108602
"10374",2022,147,0.517452380491681
"10375",2022,148,0.532569626637639
"10376",2022,149,0.537320670042839
"10377",2022,150,0.506589591970306
"10378",2022,151,0.488691353421931
"10379",2022,152,0.496561345019609
"10380",2022,153,0.505604162544568
"10381",2022,154,0.516022543748813
"10382",2022,155,0.547920353663728
"10383",2022,156,0.540690204784172
"10384",2022,157,0.522888269599733
"10385",2022,158,0.533796041267764
"10386",2022,159,0.549148017021325
"10387",2022,160,0.604696803304887
"10388",2022,161,0.618184598909264
"10389",2022,162,0.576199739119346
"10390",2022,163,0.590826743488358
"10391",2022,164,0.566711133233927
"10392",2022,165,0.528890433062484
"10393",2022,166,0.504777811250148
"10394",2022,167,0.583785873369158
"10395",2022,168,0.647295990086207
"10396",2022,169,0.684243080566909
"10397",2022,170,0.619263946054643
"10398",2022,171,0.596069385775789
"10399",2022,172,0.604031251337649
"10400",2022,173,0.629239705164631
"10401",2022,174,0.618937018599112
"10402",2022,175,0.540720839142747
"10403",2022,176,0.569426574464268
"10404",2022,177,0.590812252351648
"10405",2022,178,0.599975291463577
"10406",2022,179,0.604858064447927
"10407",2022,180,0.634842747518459
"10408",2022,181,0.593714267413452
"10409",2022,182,0.5994254048574
"10410",2022,183,0.606571828870959
"10411",2022,184,0.612698958010798
"10412",2022,185,0.578380681155415
"10413",2022,186,0.610373561809909
"10414",2022,187,0.623512934765215
"10415",2022,188,0.651021025201964
"10416",2022,189,0.708780098073582
"10417",2022,190,0.680170997970856
"10418",2022,191,0.642099982077323
"10419",2022,192,0.631802294990077
"10420",2022,193,0.653387296669894
"10421",2022,194,0.71078537493917
"10422",2022,195,0.675915423938135
"10423",2022,196,0.714794481505076
"10424",2022,197,0.710684150813275
"10425",2022,198,0.699865558174485
"10426",2022,199,0.664205295500939
"10427",2022,200,0.659538470769569
"10428",2022,201,0.631024011144822
"10429",2022,202,0.640814959405476
"10430",2022,203,0.611692673688655
"10431",2022,204,0.588564302084437
"10432",2022,205,0.617004936499147
"10433",2022,206,0.586951203851251
"10434",2022,207,0.602150873456473
"10435",2022,208,0.593047817170673
"10436",2022,209,0.608283740196839
"10437",2022,210,0.674950049844189
"10438",2022,211,0.642232434679447
"10439",2022,212,0.638438970658556
"10440",2022,213,0.64789847670788
"10441",2022,214,0.615275252407224
"10442",2022,215,0.594524958620112
"10443",2022,216,0.660585127829269
"10444",2022,217,0.547216229614729
"10445",2022,218,0.524549783860746
"10446",2022,219,0.618647761119045
"10447",2022,220,0.622557011367765
"10448",2022,221,0.583447395994735
"10449",2022,222,0.599428919129476
"10450",2022,223,0.625802112867359
"10451",2022,224,0.622578185732584
"10452",2022,225,0.655374332906213
"10453",2022,226,0.631739238439172
"10454",2022,227,0.597617646276534
"10455",2022,228,0.642046599013009
"10456",2022,229,0.617713448607499
"10457",2022,230,0.581929018746423
"10458",2022,231,0.569884061575157
"10459",2022,232,0.60323132051882
"10460",2022,233,0.593353671514152
"10461",2022,234,0.581688914677358
"10462",2022,235,0.561049457800978
"10463",2022,236,0.528377650770795
"10464",2022,237,0.526940507899676
"10465",2022,238,0.550026261157074
"10466",2022,239,0.546554809904746
"10467",2022,240,0.495212527429637
"10468",2022,241,0.488994078900306
"10469",2022,242,0.520061238510711
"10470",2022,243,0.564856096479612
"10471",2022,244,0.537815742484443
"10472",2022,245,0.467978157094183
"10473",2022,246,0.554383244708656
"10474",2022,247,0.548510292419657
"10475",2022,248,0.504217529192005
"10476",2022,249,0.433006901002944
"10477",2022,250,0.509489647967067
"10478",2022,251,0.392102835702612
"10479",2022,252,0.359328794198949
"10480",2022,253,0.371568486546017
"10481",2022,254,0.452270836703316
"10482",2022,255,0.399703951080262
"10483",2022,256,0.376703695525855
"10484",2022,257,0.35710959443866
"10485",2022,258,0.3393764566012
"10486",2022,259,0.376087101950256
"10487",2022,260,0.370963472600692
"10488",2022,261,0.341910500518028
"10489",2022,262,0.352491254758859
"10490",2022,263,0.287762818466419
"10491",2022,264,0.279039757014675
"10492",2022,265,0.289745019157695
"10493",2022,266,0.307293018788579
"10494",2022,267,0.317437179965042
"10495",2022,268,0.293451553581794
"10496",2022,269,0.30404203563149
"10497",2022,270,0.325824557277094
"10498",2022,271,0.349342083599264
"10499",2022,272,0.337764043530391
"10500",2022,273,0.3045488773544
"10501",2022,274,0.272511363876569
"10502",2022,275,0.264025795858803
"10503",2022,276,0.269938866633964
"10504",2022,277,0.281493056917396
"10505",2022,278,0.22258099338252
"10506",2022,279,0.19217563090823
"10507",2022,280,0.212505410749714
"10508",2022,281,0.228738450965434
"10509",2022,282,0.228434399781706
"10510",2022,283,0.230718446715777
"10511",2022,284,0.189847549240048
"10512",2022,285,0.174853182081072
"10513",2022,286,0.174357773235543
"10514",2022,287,0.175687088724233
"10515",2022,288,0.153653428661615
"10516",2022,289,0.150618598942665
"10517",2022,290,0.169823433843016
"10518",2022,291,0.183143633505518
"10519",2022,292,0.174702609533454
"10520",2022,293,0.158537026725884
"10521",2022,294,0.138103818564298
"10522",2022,295,0.126375408508442
"10523",2022,296,0.115813778652646
"10524",2022,297,0.103444270716432
"10525",2022,298,0.106873559736007
"10526",2022,299,0.105608502837973
"10527",2022,300,0.119452446497817
"10528",2022,301,0.11768106115716
"10529",2022,302,0.121832653474901
"10530",2022,303,0.124414119252758
"10531",2022,304,0.107912661049817
"10532",2022,305,0.110927883887112
"10533",2022,306,0.0854593288055377
"10534",2022,307,0.0688007623028429
"10535",2022,308,0.0786960459832393
"10536",2022,309,0.0807848281547298
"10537",2022,310,0.052318557098136
"10538",2022,311,0.0470285809313886
"10539",2022,312,0.0367545534809077
"10540",2022,313,0.024867423841764
"10541",2022,314,0.0282857724822567
"10542",2022,315,0.0307613545580508
"10543",2022,316,0.0327997305151325
"10544",2022,317,0.0461604872198455
"10545",2022,318,0.0462189449984493
"10546",2022,319,0.0515099617162528
"10547",2022,320,0.0478631465819366
"10548",2022,321,0.0317060983187637
"10549",2022,322,0.0324754168917217
"10550",2022,323,0.0431899603855599
"10551",2022,324,0.0487144793635409
"10552",2022,325,0.0495518742429667
"10553",2022,326,0.0558316444419553
"10554",2022,327,0.056228468564164
"10555",2022,328,0.0556801742828043
"10556",2022,329,0.0689303496205977
"10557",2022,330,0.0602946199780964
"10558",2022,331,0.0526981586063833
"10559",2022,332,0.0356941620899372
"10560",2022,333,0.0264198691127084
"10561",2022,334,0.0241858966852516
"10562",2022,335,0.0205972947527387
"10563",2022,336,0.012701947427451
"10564",2022,337,0.0203057376596607
"10565",2022,338,0.033555961380974
"10566",2022,339,0.0201918557330298
"10567",2022,340,0.0107237762029514
"10568",2022,341,0.0153449533168617
"10569",2022,342,0.032381105374104
"10570",2022,343,0.0372239437446621
"10571",2022,344,0.0283560006205227
"10572",2022,345,0.0331019959843967
"10573",2022,346,0.0274019355620201
"10574",2022,347,0.0214614587824496
"10575",2022,348,0.0224646570772121
"10576",2022,349,0.0235617673293936
"10577",2022,350,0.0204920595308524
"10578",2022,351,0.0198657015918624
"10579",2022,352,0.012456209094678
"10580",2022,353,0.01
"10581",2022,354,0.01
"10582",2022,355,0.01
"10583",2022,356,0.01
"10584",2022,357,0.01
"10585",2022,358,0.0226416757642236
"10586",2022,359,0.0293647308694922
"10587",2022,360,0.0375102980550807
"10588",2022,361,0.0427396050708887
"10589",2022,362,0.029827818491177
"10590",2022,363,0.0283875080762142
"10591",2022,364,0.0297669597267491
"10592",2022,365,0.0285318996109768
"10593",2022,366,0.0328952326831905
"10594",2023,1,0.0306707275615986
"10595",2023,2,0.0337488656394319
"10596",2023,3,0.0327549602061387
"10597",2023,4,0.028185524841365
"10598",2023,5,0.0274509212820297
"10599",2023,6,0.0345483327479185
"10600",2023,7,0.0416328944333197
"10601",2023,8,0.0391801967534732
"10602",2023,9,0.0416399203796818
"10603",2023,10,0.0337267356623636
"10604",2023,11,0.0310300325624103
"10605",2023,12,0.0377751870053694
"10606",2023,13,0.0510205949521443
"10607",2023,14,0.0479378473843249
"10608",2023,15,0.0417455589517175
"10609",2023,16,0.0437084408692778
"10610",2023,17,0.0457563317399897
"10611",2023,18,0.0500105083894901
"10612",2023,19,0.0433017238613415
"10613",2023,20,0.0439608508776443
"10614",2023,21,0.0546806005243234
"10615",2023,22,0.0641900946747491
"10616",2023,23,0.053869761113451
"10617",2023,24,0.0631626130080617
"10618",2023,25,0.0625506770107662
"10619",2023,26,0.0709846760898195
"10620",2023,27,0.0485805579597119
"10621",2023,28,0.0255848149827924
"10622",2023,29,0.0239665232211641
"10623",2023,30,0.0265117733129584
"10624",2023,31,0.0367464935463953
"10625",2023,32,0.0398288212855295
"10626",2023,33,0.0299596651957676
"10627",2023,34,0.0626276482187364
"10628",2023,35,0.0885263509968458
"10629",2023,36,0.0837414290750378
"10630",2023,37,0.0948389567991776
"10631",2023,38,0.107371902125727
"10632",2023,39,0.0855549123894645
"10633",2023,40,0.0758221781919452
"10634",2023,41,0.105493682093754
"10635",2023,42,0.101086439061896
"10636",2023,43,0.100855965642413
"10637",2023,44,0.122677748692462
"10638",2023,45,0.0739648589132658
"10639",2023,46,0.0685607339070821
"10640",2023,47,0.0823107457327413
"10641",2023,48,0.105167317638299
"10642",2023,49,0.0908921354418527
"10643",2023,50,0.0959126370753764
"10644",2023,51,0.0687463604811476
"10645",2023,52,0.0424412980362497
"10646",2023,53,0.0257516555975346
"10647",2023,54,0.0285114352160022
"10648",2023,55,0.0291769169709093
"10649",2023,56,0.047984970492351
"10650",2023,57,0.0992079163826886
"10651",2023,58,0.0900397277523233
"10652",2023,59,0.0691690204164002
"10653",2023,60,0.0829890736707136
"10654",2023,61,0.124432872886718
"10655",2023,62,0.119893613740861
"10656",2023,63,0.0962095808887519
"10657",2023,64,0.0711014413668223
"10658",2023,65,0.0590074755500476
"10659",2023,66,0.0770818288336897
"10660",2023,67,0.0704713063333087
"10661",2023,68,0.0802695481248024
"10662",2023,69,0.100013105855256
"10663",2023,70,0.104414143681591
"10664",2023,71,0.0822515414933543
"10665",2023,72,0.112778986918932
"10666",2023,73,0.144749321057809
"10667",2023,74,0.120612596766434
"10668",2023,75,0.123106577721677
"10669",2023,76,0.0940755423759287
"10670",2023,77,0.121604626432519
"10671",2023,78,0.126808426521174
"10672",2023,79,0.111626091136539
"10673",2023,80,0.114607222318925
"10674",2023,81,0.121499264306401
"10675",2023,82,0.154523147309773
"10676",2023,83,0.136009191530459
"10677",2023,84,0.122517051146115
"10678",2023,85,0.13994054033464
"10679",2023,86,0.10676968505412
"10680",2023,87,0.109772164084176
"10681",2023,88,0.13892980002415
"10682",2023,89,0.153508207005183
"10683",2023,90,0.167011959899075
"10684",2023,91,0.222266891353013
"10685",2023,92,0.187529928230143
"10686",2023,93,0.137801536701446
"10687",2023,94,0.115892101137788
"10688",2023,95,0.109260774131336
"10689",2023,96,0.136675784087602
"10690",2023,97,0.210518398092248
"10691",2023,98,0.283445159647855
"10692",2023,99,0.308328477740169
"10693",2023,100,0.327934134537257
"10694",2023,101,0.333185170306876
"10695",2023,102,0.302935532106963
"10696",2023,103,0.286452123153021
"10697",2023,104,0.304151352893241
"10698",2023,105,0.321873546695324
"10699",2023,106,0.35800371051818
"10700",2023,107,0.380593911041579
"10701",2023,108,0.321999455331909
"10702",2023,109,0.263137486969541
"10703",2023,110,0.24475355516296
"10704",2023,111,0.26025054569122
"10705",2023,112,0.287002562880717
"10706",2023,113,0.317096387436796
"10707",2023,114,0.358732963285781
"10708",2023,115,0.40969393172892
"10709",2023,116,0.387480860453293
"10710",2023,117,0.365610935646936
"10711",2023,118,0.399109133393956
"10712",2023,119,0.38943587754194
"10713",2023,120,0.393592483187042
"10714",2023,121,0.429782117859392
"10715",2023,122,0.475391473806205
"10716",2023,123,0.496271723272353
"10717",2023,124,0.508099567811075
"10718",2023,125,0.461991646106177
"10719",2023,126,0.436178643572644
"10720",2023,127,0.463806443434362
"10721",2023,128,0.469090110979185
"10722",2023,129,0.46197494826654
"10723",2023,130,0.48348583034791
"10724",2023,131,0.471042131377113
"10725",2023,132,0.472964718265439
"10726",2023,133,0.488744685246272
"10727",2023,134,0.504789830603344
"10728",2023,135,0.542671356753279
"10729",2023,136,0.57703628221265
"10730",2023,137,0.482665598606498
"10731",2023,138,0.448068062583261
"10732",2023,139,0.503412625319233
"10733",2023,140,0.564182370782745
"10734",2023,141,0.547756430061838
"10735",2023,142,0.615794753000548
"10736",2023,143,0.571634045173055
"10737",2023,144,0.559862876567031
"10738",2023,145,0.52035106649815
"10739",2023,146,0.536400535727851
"10740",2023,147,0.497579746687585
"10741",2023,148,0.550638552925055
"10742",2023,149,0.57943959639145
"10743",2023,150,0.602689818342834
"10744",2023,151,0.616294096951325
"10745",2023,152,0.594531660303993
"10746",2023,153,0.57069242249687
"10747",2023,154,0.617058399112886
"10748",2023,155,0.636414434739237
"10749",2023,156,0.671509977296538
"10750",2023,157,0.626871080270823
"10751",2023,158,0.628091370860297
"10752",2023,159,0.632790023262532
"10753",2023,160,0.607510218309595
"10754",2023,161,0.588669912118378
"10755",2023,162,0.611357550543735
"10756",2023,163,0.627231268095448
"10757",2023,164,0.647962489032774
"10758",2023,165,0.62405956185658
"10759",2023,166,0.527660904333012
"10760",2023,167,0.566241386547147
"10761",2023,168,0.58368668661663
"10762",2023,169,0.578101205058441
"10763",2023,170,0.566554251776989
"10764",2023,171,0.559940075656286
"10765",2023,172,0.55257167553369
"10766",2023,173,0.5826885734122
"10767",2023,174,0.596490201526419
"10768",2023,175,0.602627905385019
"10769",2023,176,0.633951316333139
"10770",2023,177,0.620957746757293
"10771",2023,178,0.639074968539799
"10772",2023,179,0.624977047590818
"10773",2023,180,0.630140648449285
"10774",2023,181,0.69215867468324
"10775",2023,182,0.695242601602325
"10776",2023,183,0.61261593631401
"10777",2023,184,0.597395794662711
"10778",2023,185,0.565294212224735
"10779",2023,186,0.59287778640643
"10780",2023,187,0.625810710356812
"10781",2023,188,0.608774434121848
"10782",2023,189,0.635899131035431
"10783",2023,190,0.666141665840562
"10784",2023,191,0.634115828548597
"10785",2023,192,0.590650052121138
"10786",2023,193,0.611553430437264
"10787",2023,194,0.633365507995817
"10788",2023,195,0.607942126557272
"10789",2023,196,0.600117438226964
"10790",2023,197,0.598744308082601
"10791",2023,198,0.638440376013454
"10792",2023,199,0.594048976284106
"10793",2023,200,0.623791914278045
"10794",2023,201,0.626066141477248
"10795",2023,202,0.649959540305013
"10796",2023,203,0.662980789226264
"10797",2023,204,0.6815480186014
"10798",2023,205,0.72213599181014
"10799",2023,206,0.712729426201022
"10800",2023,207,0.622744349186058
"10801",2023,208,0.571710514772476
"10802",2023,209,0.553842841666631
"10803",2023,210,0.568588216226171
"10804",2023,211,0.637975049154122
"10805",2023,212,0.675036359776197
"10806",2023,213,0.660155823066265
"10807",2023,214,0.647984987582553
"10808",2023,215,0.691683508088244
"10809",2023,216,0.627613988653605
"10810",2023,217,0.599938966622757
"10811",2023,218,0.575396488948671
"10812",2023,219,0.596375802464125
"10813",2023,220,0.582174378923337
"10814",2023,221,0.569567515846862
"10815",2023,222,0.579930268046078
"10816",2023,223,0.565885239583892
"10817",2023,224,0.537967524307985
"10818",2023,225,0.563161977733665
"10819",2023,226,0.631542145307459
"10820",2023,227,0.622404112928183
"10821",2023,228,0.559415208464487
"10822",2023,229,0.589501617391943
"10823",2023,230,0.569774696314191
"10824",2023,231,0.492425664891998
"10825",2023,232,0.477361860845176
"10826",2023,233,0.502333412597517
"10827",2023,234,0.515842781297632
"10828",2023,235,0.544149331179093
"10829",2023,236,0.504098623653415
"10830",2023,237,0.482362132107018
"10831",2023,238,0.533559158131841
"10832",2023,239,0.52262647183401
"10833",2023,240,0.527295365042388
"10834",2023,241,0.545065223007494
"10835",2023,242,0.519359813215696
"10836",2023,243,0.470372549699623
"10837",2023,244,0.498215721269113
"10838",2023,245,0.510493827613715
"10839",2023,246,0.493529678947014
"10840",2023,247,0.424827851183394
"10841",2023,248,0.375386941031509
"10842",2023,249,0.437496613310903
"10843",2023,250,0.41608516485293
"10844",2023,251,0.393563903266444
"10845",2023,252,0.399340942519374
"10846",2023,253,0.395889921889959
"10847",2023,254,0.391045237292457
"10848",2023,255,0.435886670483515
"10849",2023,256,0.406674030817237
"10850",2023,257,0.366005122200903
"10851",2023,258,0.352498898165303
"10852",2023,259,0.409864706340115
"10853",2023,260,0.405305815507913
"10854",2023,261,0.385885478654976
"10855",2023,262,0.327773201025194
"10856",2023,263,0.320395601873025
"10857",2023,264,0.308911675039148
"10858",2023,265,0.317036629418114
"10859",2023,266,0.325590120998981
"10860",2023,267,0.341783777132431
"10861",2023,268,0.328077291102757
"10862",2023,269,0.365812956256683
"10863",2023,270,0.315299110185591
"10864",2023,271,0.276899474115998
"10865",2023,272,0.25670530659411
"10866",2023,273,0.223766314730537
"10867",2023,274,0.234012409850264
"10868",2023,275,0.24951181446401
"10869",2023,276,0.239954426450504
"10870",2023,277,0.223359456596852
"10871",2023,278,0.183736527536773
"10872",2023,279,0.179443613691854
"10873",2023,280,0.236211042297783
"10874",2023,281,0.234430506168688
"10875",2023,282,0.238467185225268
"10876",2023,283,0.226475232363274
"10877",2023,284,0.204060722506529
"10878",2023,285,0.165092587150388
"10879",2023,286,0.156189413153793
"10880",2023,287,0.162995193884531
"10881",2023,288,0.172594116607043
"10882",2023,289,0.179341002062891
"10883",2023,290,0.190155387865451
"10884",2023,291,0.169858142634088
"10885",2023,292,0.186124519367406
"10886",2023,293,0.157594208666434
"10887",2023,294,0.134888002847336
"10888",2023,295,0.136248060536595
"10889",2023,296,0.105891679576316
"10890",2023,297,0.0735244641214409
"10891",2023,298,0.0603597482018587
"10892",2023,299,0.0620667341012445
"10893",2023,300,0.0717702596747601
"10894",2023,301,0.0721936567257272
"10895",2023,302,0.0757677450900034
"10896",2023,303,0.0599618495780748
"10897",2023,304,0.0739039762532278
"10898",2023,305,0.0763968004865682
"10899",2023,306,0.084716502461247
"10900",2023,307,0.078835926886202
"10901",2023,308,0.086525963489685
"10902",2023,309,0.0926570574141605
"10903",2023,310,0.0895672047135545
"10904",2023,311,0.0889149053936538
"10905",2023,312,0.0845094399809344
"10906",2023,313,0.0680858503256543
"10907",2023,314,0.0686464131256292
"10908",2023,315,0.0854389812698412
"10909",2023,316,0.0837504728310929
"10910",2023,317,0.086258439848456
"10911",2023,318,0.0791424416286919
"10912",2023,319,0.0725912432370989
"10913",2023,320,0.0556342792342522
"10914",2023,321,0.0794850900164342
"10915",2023,322,0.0823704196667697
"10916",2023,323,0.0837140141610412
"10917",2023,324,0.0656127530614334
"10918",2023,325,0.0663148356597913
"10919",2023,326,0.0548524342009052
"10920",2023,327,0.0371211303162275
"10921",2023,328,0.0425977365552796
"10922",2023,329,0.0480575368044862
"10923",2023,330,0.0374951647141116
"10924",2023,331,0.0451190717442586
"10925",2023,332,0.0579767593459981
"10926",2023,333,0.0479934652355833
"10927",2023,334,0.0378379996816137
"10928",2023,335,0.0371131742003998
"10929",2023,336,0.0431250256589865
"10930",2023,337,0.0409744106495453
"10931",2023,338,0.0462926405103638
"10932",2023,339,0.059149359847594
"10933",2023,340,0.0628787135455365
"10934",2023,341,0.0565968314332524
"10935",2023,342,0.0409957320485881
"10936",2023,343,0.0384981414478144
"10937",2023,344,0.0424908294572942
"10938",2023,345,0.0357319010711944
"10939",2023,346,0.0366926348058635
"10940",2023,347,0.0550948347277325
"10941",2023,348,0.0521403402621913
"10942",2023,349,0.0455993587083388
"10943",2023,350,0.0517310749913743
"10944",2023,351,0.0379387918282178
"10945",2023,352,0.0414485399631931
"10946",2023,353,0.0444474610158923
"10947",2023,354,0.0567199875647531
"10948",2023,355,0.0509738765914634
"10949",2023,356,0.0605893487933517
"10950",2023,357,0.0433080231124193
"10951",2023,358,0.0358492215331621
"10952",2023,359,0.0446070627528004
"10953",2023,360,0.0474362948792318
"10954",2023,361,0.0474144808612782
"10955",2023,362,0.0572596294082538
"10956",2023,363,0.0467995407702329
"10957",2023,364,0.0398611297787328
"10958",2023,365,0.0476661629639435
"10959",2024,1,0.0453609399342104
"10960",2024,2,0.0360740525409716
"10961",2024,3,0.0364979059767422
"10962",2024,4,0.0358639309138622
"10963",2024,5,0.0359938815549185
"10964",2024,6,0.034051023105231
"10965",2024,7,0.0240533862927926
"10966",2024,8,0.0180192524433192
"10967",2024,9,0.026032330655987
"10968",2024,10,0.017359662740783
"10969",2024,11,0.0104240841169793
"10970",2024,12,0.01
"10971",2024,13,0.01
"10972",2024,14,0.01
"10973",2024,15,0.01
"10974",2024,16,0.0144800193820624
"10975",2024,17,0.0184239452215457
"10976",2024,18,0.0175398959193033
"10977",2024,19,0.0210586908275751
"10978",2024,20,0.0331829065765896
"10979",2024,21,0.034646951934167
"10980",2024,22,0.0423758445063567
"10981",2024,23,0.0580679817097438
"10982",2024,24,0.0485432911278709
"10983",2024,25,0.0589594481887445
"10984",2024,26,0.0663488644382829
"10985",2024,27,0.0720743106607727
"10986",2024,28,0.0889295774878211
"10987",2024,29,0.0908919804326607
"10988",2024,30,0.117325615254827
"10989",2024,31,0.111079168696752
"10990",2024,32,0.114957456546426
"10991",2024,33,0.111623282669668
"10992",2024,34,0.105149958803656
"10993",2024,35,0.0936679999197126
"10994",2024,36,0.0813420843484446
"10995",2024,37,0.0842864541279707
"10996",2024,38,0.093875543025051
"10997",2024,39,0.0830070082596094
"10998",2024,40,0.0724800163527115
"10999",2024,41,0.0595613481389
"11000",2024,42,0.0861139491021191
"11001",2024,43,0.0760992189002741
"11002",2024,44,0.078805420625231
"11003",2024,45,0.0613369219491142
"11004",2024,46,0.0454567613202267
"11005",2024,47,0.0566617679745685
"11006",2024,48,0.0834942560628309
"11007",2024,49,0.0735465567140015
"11008",2024,50,0.0693363178063694
"11009",2024,51,0.0896896006370381
"11010",2024,52,0.0959471717867174
"11011",2024,53,0.111943356356696
"11012",2024,54,0.127639110580372
"11013",2024,55,0.127797819595629
"11014",2024,56,0.115613551618127
"11015",2024,57,0.0857809290877698
"11016",2024,58,0.0332206010599526
"11017",2024,59,0.0556650640787682
"11018",2024,60,0.144676709705118
"11019",2024,61,0.115748564927161
"11020",2024,62,0.0920686961804418
"11021",2024,63,0.0715486166443005
"11022",2024,64,0.0466428149047621
"11023",2024,65,0.0516196185437076
"11024",2024,66,0.0508765627603623
"11025",2024,67,0.0511896884958098
"11026",2024,68,0.0886999399629474
"11027",2024,69,0.141445223821439
"11028",2024,70,0.185947100182988
"11029",2024,71,0.185755733440459
"11030",2024,72,0.18614769087333
"11031",2024,73,0.162828748151736
"11032",2024,74,0.182774452185166
"11033",2024,75,0.204274034509693
"11034",2024,76,0.176160472635224
"11035",2024,77,0.17185122960053
"11036",2024,78,0.228526792749232
"11037",2024,79,0.180065909468682
"11038",2024,80,0.137564020817756
"11039",2024,81,0.13484874599006
"11040",2024,82,0.132110040827911
"11041",2024,83,0.149196683825773
"11042",2024,84,0.152690769421801
"11043",2024,85,0.148544729706372
"11044",2024,86,0.140050581925124
"11045",2024,87,0.183060925510516
"11046",2024,88,0.221864041146087
"11047",2024,89,0.185772816141847
"11048",2024,90,0.178853813366391
"11049",2024,91,0.20597312003418
"11050",2024,92,0.271374357678291
"11051",2024,93,0.291317962799661
"11052",2024,94,0.342373932981105
"11053",2024,95,0.280834271957775
"11054",2024,96,0.291319849726981
"11055",2024,97,0.29273052867169
"11056",2024,98,0.308268519031706
"11057",2024,99,0.3249822941886
"11058",2024,100,0.345708458543165
"11059",2024,101,0.308576578312292
"11060",2024,102,0.304483299180725
"11061",2024,103,0.385305925773451
"11062",2024,104,0.373800989189404
"11063",2024,105,0.369337408388245
"11064",2024,106,0.404697075120969
"11065",2024,107,0.337476429733787
"11066",2024,108,0.26954680865998
"11067",2024,109,0.240379855102361
"11068",2024,110,0.25620358879391
"11069",2024,111,0.297075511258668
"11070",2024,112,0.367446931757305
"11071",2024,113,0.369470020339903
"11072",2024,114,0.38610160899405
"11073",2024,115,0.430895590297698
"11074",2024,116,0.435268398880198
"11075",2024,117,0.407966681374668
"11076",2024,118,0.369680995079103
"11077",2024,119,0.436805637071811
"11078",2024,120,0.430594622334105
"11079",2024,121,0.368080551634047
"11080",2024,122,0.339868183606763
"11081",2024,123,0.340731413638084
"11082",2024,124,0.35140539401013
"11083",2024,125,0.385998082382088
"11084",2024,126,0.432174548136892
"11085",2024,127,0.461046680424807
"11086",2024,128,0.439025357512903
"11087",2024,129,0.479577217250661
"11088",2024,130,0.474922344058255
"11089",2024,131,0.499887864664727
"11090",2024,132,0.528677310429182
"11091",2024,133,0.486594281040241
"11092",2024,134,0.474074545029548
"11093",2024,135,0.46878258697963
"11094",2024,136,0.487120982909021
"11095",2024,137,0.48042096311839
"11096",2024,138,0.463045696560851
"11097",2024,139,0.453976809765486
"11098",2024,140,0.443215549872982
"11099",2024,141,0.440955089234153
"11100",2024,142,0.441565354764899
"11101",2024,143,0.430835223900924
"11102",2024,144,0.424860970526527
"11103",2024,145,0.46212611208558
"11104",2024,146,0.469088370044238
"11105",2024,147,0.510909084161377
"11106",2024,148,0.510469321624036
"11107",2024,149,0.559148998532427
"11108",2024,150,0.565907742831342
"11109",2024,151,0.495380851940954
"11110",2024,152,0.503471345100096
"11111",2024,153,0.52772482054261
"11112",2024,154,0.548902813036629
"11113",2024,155,0.545079799139621
"11114",2024,156,0.542313727445083
"11115",2024,157,0.532814631192516
"11116",2024,158,0.538922997215643
"11117",2024,159,0.549527688966454
"11118",2024,160,0.482946842497752
"11119",2024,161,0.501169909486501
"11120",2024,162,0.530695704552254
"11121",2024,163,0.586422877667428
"11122",2024,164,0.568989263265593
"11123",2024,165,0.565522707732574
"11124",2024,166,0.596071821081008
"11125",2024,167,0.58325345784131
"11126",2024,168,0.511249012801534
"11127",2024,169,0.493193671747852
"11128",2024,170,0.494055464109001
"11129",2024,171,0.523647620260858
"11130",2024,172,0.554404041181155
"11131",2024,173,0.597032255828639
"11132",2024,174,0.600574936792457
"11133",2024,175,0.658065275052048
"11134",2024,176,0.622714877295663
"11135",2024,177,0.569015182166868
"11136",2024,178,0.567392725746133
"11137",2024,179,0.595418554126662
"11138",2024,180,0.526984007537079
"11139",2024,181,0.550613920144218
"11140",2024,182,0.578151286191653
"11141",2024,183,0.604297508373781
"11142",2024,184,0.611091594566437
"11143",2024,185,0.602147326855959
"11144",2024,186,0.60846382049787
"11145",2024,187,0.611101889783865
"11146",2024,188,0.627689443789386
"11147",2024,189,0.625141410632812
"11148",2024,190,0.657429734850436
"11149",2024,191,0.677548120590309
"11150",2024,192,0.688980788187844
"11151",2024,193,0.734181290324692
"11152",2024,194,0.658615689292217
"11153",2024,195,0.62628758330592
"11154",2024,196,0.616271575556073
"11155",2024,197,0.596526386424698
"11156",2024,198,0.651940414672146
"11157",2024,199,0.661016079434968
"11158",2024,200,0.687631646011145
"11159",2024,201,0.695570291704503
"11160",2024,202,0.683492465408187
"11161",2024,203,0.677454573495546
"11162",2024,204,0.66021116974197
"11163",2024,205,0.695302027713884
"11164",2024,206,0.718850904985517
"11165",2024,207,0.691573400415706
"11166",2024,208,0.603268249471324
"11167",2024,209,0.583475606537391
"11168",2024,210,0.609677563189101
"11169",2024,211,0.644231283342784
"11170",2024,212,0.633994605985554
"11171",2024,213,0.64403350385369
"11172",2024,214,0.645586198113927
"11173",2024,215,0.662625227131738
"11174",2024,216,0.617965662171062
"11175",2024,217,0.615435360644416
"11176",2024,218,0.598245327914414
"11177",2024,219,0.560824266103594
"11178",2024,220,0.525831433548834
"11179",2024,221,0.504863303109944
"11180",2024,222,0.522448206674197
"11181",2024,223,0.546498331086346
"11182",2024,224,0.556387323217898
"11183",2024,225,0.591031902681727
"11184",2024,226,0.618801723731826
"11185",2024,227,0.606022667177012
"11186",2024,228,0.568126678118317
"11187",2024,229,0.552979089600957
"11188",2024,230,0.579812510032044
"11189",2024,231,0.581382749855063
"11190",2024,232,0.618225619089171
"11191",2024,233,0.61405355019557
"11192",2024,234,0.565835757868527
"11193",2024,235,0.519109711870827
"11194",2024,236,0.534243709162608
"11195",2024,237,0.554891962441069
"11196",2024,238,0.489078100649709
"11197",2024,239,0.485997071361698
"11198",2024,240,0.535568621545576
"11199",2024,241,0.436417518395418
"11200",2024,242,0.447169083414182
"11201",2024,243,0.48908737311082
"11202",2024,244,0.463040831989151
"11203",2024,245,0.49508307180144
"11204",2024,246,0.520106406016595
"11205",2024,247,0.477139939746193
"11206",2024,248,0.394621050141755
"11207",2024,249,0.404805343686196
"11208",2024,250,0.4522829974356
"11209",2024,251,0.495981360336473
"11210",2024,252,0.482849520915777
"11211",2024,253,0.476862581665476
"11212",2024,254,0.388514113546303
"11213",2024,255,0.385345522710227
"11214",2024,256,0.37425810471024
"11215",2024,257,0.351323605151342
"11216",2024,258,0.37987260186646
"11217",2024,259,0.365723736714252
"11218",2024,260,0.379480358797169
"11219",2024,261,0.381906005156321
"11220",2024,262,0.36162738216825
"11221",2024,263,0.333188713037572
"11222",2024,264,0.30104660502778
"11223",2024,265,0.288039639173352
"11224",2024,266,0.308183922253643
"11225",2024,267,0.318668172474608
"11226",2024,268,0.345616527623893
"11227",2024,269,0.381339779975761
"11228",2024,270,0.297568449638784
"11229",2024,271,0.311295284722329
"11230",2024,272,0.29205416548004
"11231",2024,273,0.309099246642936
"11232",2024,274,0.231568746752554
"11233",2024,275,0.235482465952205
"11234",2024,276,0.214120688713308
"11235",2024,277,0.2048866184011
"11236",2024,278,0.231616831439605
"11237",2024,279,0.205818339874273
"11238",2024,280,0.216782540066099
"11239",2024,281,0.235877436099999
"11240",2024,282,0.236404064844399
"11241",2024,283,0.223522568864242
"11242",2024,284,0.189556422715809
"11243",2024,285,0.177139683178053
"11244",2024,286,0.162102249389177
"11245",2024,287,0.156739932318438
"11246",2024,288,0.182951234688941
"11247",2024,289,0.190013399552614
"11248",2024,290,0.189586532615353
"11249",2024,291,0.149066165279443
"11250",2024,292,0.143556087802087
"11251",2024,293,0.174209871020854
"11252",2024,294,0.169543416255441
"11253",2024,295,0.152175612676192
"11254",2024,296,0.109983888397818
"11255",2024,297,0.119983310049696
"11256",2024,298,0.119576545755553
"11257",2024,299,0.114235398498606
"11258",2024,300,0.129970715919677
"11259",2024,301,0.141550718658174
"11260",2024,302,0.118941005405606
"11261",2024,303,0.0901633252363899
"11262",2024,304,0.100087553936826
"11263",2024,305,0.103577564569399
"11264",2024,306,0.0935648196443274
"11265",2024,307,0.0936206924355564
"11266",2024,308,0.0814278776500062
"11267",2024,309,0.0871554245314069
"11268",2024,310,0.0845872704131769
"11269",2024,311,0.0717154536379632
"11270",2024,312,0.0992548734753639
"11271",2024,313,0.105010141515924
"11272",2024,314,0.0955227541209184
"11273",2024,315,0.0780411244531746
"11274",2024,316,0.0843500907911497
"11275",2024,317,0.0839236416770469
"11276",2024,318,0.0818748852254182
"11277",2024,319,0.0824035611277346
"11278",2024,320,0.0708914822041281
"11279",2024,321,0.0600457054549814
"11280",2024,322,0.0762355993142931
"11281",2024,323,0.0695253478191136
"11282",2024,324,0.0461791873847118
"11283",2024,325,0.0350330500648304
"11284",2024,326,0.0367437584131088
"11285",2024,327,0.0340613898270541
"11286",2024,328,0.0333740587046657
"11287",2024,329,0.0263288591058045
"11288",2024,330,0.0195071583797676
"11289",2024,331,0.025269129886288
"11290",2024,332,0.0246442834696781
"11291",2024,333,0.0166135173139546
"11292",2024,334,0.0144965009765088
"11293",2024,335,0.0227154782909795
"11294",2024,336,0.018594180663551
"11295",2024,337,0.0246101718089433
"11296",2024,338,0.0421294688463264
"11297",2024,339,0.0302678338762307
"11298",2024,340,0.0367130410496652
"11299",2024,341,0.0476449963289552
"11300",2024,342,0.0550848336606299
"11301",2024,343,0.0521783301618003
"11302",2024,344,0.038733590308358
"11303",2024,345,0.0249499137166929
"11304",2024,346,0.0185168474330427
"11305",2024,347,0.0216328934367219
"11306",2024,348,0.0277200909050297
"11307",2024,349,0.0358448972888645
"11308",2024,350,0.0373316458024662
"11309",2024,351,0.0251335762158714
"11310",2024,352,0.0175027290579928
"11311",2024,353,0.0172227878865509
"11312",2024,354,0.0150304288246584
"11313",2024,355,0.02379256959376
"11314",2024,356,0.0316445258742115
"11315",2024,357,0.0305562876453594
"11316",2024,358,0.0367834335972896
"11317",2024,359,0.0413421897349742
"11318",2024,360,0.042827496398611
"11319",2024,361,0.0392647084795632
"11320",2024,362,0.0429578699912182
"11321",2024,363,0.0359275857563927
"11322",2024,364,0.0299350898212511
"11323",2024,365,0.0340925067601098
